4.300739999999999782e+03 -8.000000000000000000e+00 2.828427076339721680e+00
4.302219999999999345e+03 -8.000000000000000000e+00 2.828427076339721680e+00
4.303699999999998909e+03 -8.000000000000000000e+00 2.828427076339721680e+00
4.305179999999998472e+03 -8.000000000000000000e+00 2.828427076339721680e+00
4.306659999999998035e+03 -8.000000000000000000e+00 2.828427076339721680e+00
4.308139999999997599e+03 -8.000000000000000000e+00 2.828427076339721680e+00
4.309619999999997162e+03 -8.000000000000000000e+00 2.828427076339721680e+00
4.311099999999996726e+03 -8.000000000000000000e+00 2.828427076339721680e+00
4.312579999999996289e+03 -8.000000000000000000e+00 2.828427076339721680e+00
4.314059999999995853e+03 -8.000000000000000000e+00 2.828427076339721680e+00
4.315539999999995416e+03 -8.000000000000000000e+00 2.828427076339721680e+00
4.317019999999994980e+03 -8.000000000000000000e+00 2.828427076339721680e+00
4.318499999999994543e+03 -8.000000000000000000e+00 2.828427076339721680e+00
4.319979999999994106e+03 -8.000000000000000000e+00 2.828427076339721680e+00
4.321459999999993670e+03 -8.000000000000000000e+00 2.828427076339721680e+00
4.322939999999993233e+03 -8.000000000000000000e+00 2.828427076339721680e+00
4.324419999999992797e+03 -8.000000000000000000e+00 2.828427076339721680e+00
4.325899999999992360e+03 -8.000000000000000000e+00 2.828427076339721680e+00
4.327379999999991924e+03 -8.000000000000000000e+00 2.828427076339721680e+00
4.328859999999991487e+03 -8.000000000000000000e+00 2.828427076339721680e+00
4.330339999999991051e+03 -8.000000000000000000e+00 2.828427076339721680e+00
4.331819999999990614e+03 -8.000000000000000000e+00 2.828427076339721680e+00
4.333299999999990177e+03 -8.000000000000000000e+00 2.828427076339721680e+00
4.334779999999989741e+03 -8.000000000000000000e+00 2.828427076339721680e+00
4.336259999999989304e+03 -8.000000000000000000e+00 2.828427076339721680e+00
4.337739999999988868e+03 -8.000000000000000000e+00 2.828427076339721680e+00
4.339219999999988431e+03 -8.000000000000000000e+00 2.828427076339721680e+00
4.340699999999987995e+03 -8.000000000000000000e+00 2.828427076339721680e+00
4.342179999999987558e+03 -8.000000000000000000e+00 2.828427076339721680e+00
4.343659999999987122e+03 -8.000000000000000000e+00 2.828427076339721680e+00
4.345139999999986685e+03 -8.000000000000000000e+00 2.828427076339721680e+00
4.346619999999986248e+03 -8.000000000000000000e+00 2.828427076339721680e+00
4.348099999999985812e+03 -8.000000000000000000e+00 2.828427076339721680e+00
4.349579999999985375e+03 -8.000000000000000000e+00 2.828427076339721680e+00
4.351059999999984939e+03 -8.000000000000000000e+00 2.828427076339721680e+00
4.352539999999984502e+03 -8.000000000000000000e+00 2.828427076339721680e+00
4.354019999999984066e+03 -8.000000000000000000e+00 2.828427076339721680e+00
4.355499999999983629e+03 -8.000000000000000000e+00 2.828427076339721680e+00
4.356979999999983193e+03 -8.000000000000000000e+00 2.828427076339721680e+00
4.358459999999982756e+03 -8.000000000000000000e+00 2.828427076339721680e+00
4.359939999999982319e+03 -8.000000000000000000e+00 2.828427076339721680e+00
4.361419999999981883e+03 -8.000000000000000000e+00 2.828427076339721680e+00
4.362899999999981446e+03 -8.000000000000000000e+00 2.828427076339721680e+00
4.364379999999981010e+03 -8.000000000000000000e+00 2.828427076339721680e+00
4.365859999999980573e+03 -8.000000000000000000e+00 2.828427076339721680e+00
4.367339999999980137e+03 -8.000000000000000000e+00 2.828427076339721680e+00
4.368819999999979700e+03 -8.000000000000000000e+00 2.828427076339721680e+00
4.370299999999979264e+03 -8.000000000000000000e+00 2.828427076339721680e+00
4.371779999999978827e+03 -8.000000000000000000e+00 2.828427076339721680e+00
4.373259999999978390e+03 -8.000000000000000000e+00 2.828427076339721680e+00
4.374739999999977954e+03 -8.000000000000000000e+00 2.828427076339721680e+00
4.376219999999977517e+03 -8.000000000000000000e+00 2.828427076339721680e+00
4.377699999999977081e+03 -8.000000000000000000e+00 2.828427076339721680e+00
4.379179999999976644e+03 -8.000000000000000000e+00 2.828427076339721680e+00
4.380659999999976208e+03 -8.000000000000000000e+00 2.828427076339721680e+00
4.382139999999975771e+03 -8.000000000000000000e+00 2.828427076339721680e+00
4.383619999999975335e+03 -8.000000000000000000e+00 2.828427076339721680e+00
4.385099999999974898e+03 -8.000000000000000000e+00 2.828427076339721680e+00
4.386579999999974461e+03 -8.000000000000000000e+00 2.828427076339721680e+00
4.388059999999974025e+03 -8.000000000000000000e+00 2.828427076339721680e+00
4.389539999999973588e+03 -8.000000000000000000e+00 2.828427076339721680e+00
4.391019999999973152e+03 -8.000000000000000000e+00 2.828427076339721680e+00
4.392499999999972715e+03 -8.000000000000000000e+00 2.828427076339721680e+00
4.393979999999972279e+03 -8.000000000000000000e+00 2.828427076339721680e+00
4.395459999999971842e+03 -8.000000000000000000e+00 2.828427076339721680e+00
4.396939999999971405e+03 -8.000000000000000000e+00 2.828427076339721680e+00
4.398419999999970969e+03 -8.000000000000000000e+00 2.828427076339721680e+00
4.399899999999970532e+03 -8.000000000000000000e+00 2.828427076339721680e+00
4.401379999999970096e+03 -8.000000000000000000e+00 2.828427076339721680e+00
4.402859999999969659e+03 -8.000000000000000000e+00 2.828427076339721680e+00
4.404339999999969223e+03 -8.000000000000000000e+00 2.828427076339721680e+00
4.405819999999968786e+03 -8.000000000000000000e+00 2.828427076339721680e+00
4.407299999999968350e+03 -8.000000000000000000e+00 2.828427076339721680e+00
4.408779999999967913e+03 -8.000000000000000000e+00 2.828427076339721680e+00
4.410259999999967476e+03 -8.000000000000000000e+00 2.828427076339721680e+00
4.411739999999967040e+03 -8.000000000000000000e+00 2.828427076339721680e+00
4.413219999999966603e+03 -8.000000000000000000e+00 2.828427076339721680e+00
4.414699999999966167e+03 -8.000000000000000000e+00 2.828427076339721680e+00
4.416179999999965730e+03 -8.000000000000000000e+00 2.828427076339721680e+00
4.417659999999965294e+03 -8.000000000000000000e+00 2.828427076339721680e+00
4.419139999999964857e+03 -8.000000000000000000e+00 2.828427076339721680e+00
4.420619999999964421e+03 -8.000000000000000000e+00 2.828427076339721680e+00
4.422099999999963984e+03 -8.000000000000000000e+00 2.828427076339721680e+00
4.423579999999963547e+03 -8.000000000000000000e+00 2.828427076339721680e+00
4.425059999999963111e+03 -8.000000000000000000e+00 2.828427076339721680e+00
4.426539999999962674e+03 -8.000000000000000000e+00 2.828427076339721680e+00
4.428019999999962238e+03 -8.000000000000000000e+00 2.828427076339721680e+00
4.429499999999961801e+03 -8.000000000000000000e+00 2.828427076339721680e+00
4.430979999999961365e+03 -8.000000000000000000e+00 2.828427076339721680e+00
4.432459999999960928e+03 -8.000000000000000000e+00 2.828427076339721680e+00
4.433939999999960492e+03 -8.000000000000000000e+00 2.828427076339721680e+00
4.435419999999960055e+03 -8.000000000000000000e+00 2.828427076339721680e+00
4.436899999999959618e+03 -8.000000000000000000e+00 2.828427076339721680e+00
4.438379999999959182e+03 -8.000000000000000000e+00 2.828427076339721680e+00
4.439859999999958745e+03 -8.000000000000000000e+00 2.828427076339721680e+00
4.441339999999958309e+03 -8.000000000000000000e+00 2.828427076339721680e+00
4.442819999999957872e+03 -8.000000000000000000e+00 2.828427076339721680e+00
4.444299999999957436e+03 -8.000000000000000000e+00 2.828427076339721680e+00
4.445779999999956999e+03 -8.000000000000000000e+00 2.828427076339721680e+00
4.447259999999956563e+03 -8.000000000000000000e+00 2.828427076339721680e+00
4.448739999999956126e+03 -8.000000000000000000e+00 2.828427076339721680e+00
4.450219999999955689e+03 -8.000000000000000000e+00 2.828427076339721680e+00
4.451699999999955253e+03 1.173170059919357300e-01 1.012680679559707642e-02
4.453179999999954816e+03 1.320510953664779663e-01 1.033952925354242325e-02
4.454659999999954380e+03 1.224153265357017517e-01 1.000191178172826767e-02
4.456139999999953943e+03 1.186532676219940186e-01 9.995850734412670135e-03
4.457619999999953507e+03 1.089541167020797729e-01 9.799211286008358002e-03
4.459099999999953070e+03 1.322719752788543701e-01 1.026304718106985092e-02
4.460579999999952634e+03 1.101805418729782104e-01 9.730905294418334961e-03
4.462059999999952197e+03 1.353877633810043335e-01 1.027166750282049179e-02
4.463539999999951760e+03 1.157605051994323730e-01 9.843296371400356293e-03
4.465019999999951324e+03 1.080184355378150940e-01 9.765846654772758484e-03
4.466499999999950887e+03 1.059199124574661255e-01 9.637448936700820923e-03
4.467979999999950451e+03 1.354307085275650024e-01 1.036022510379552841e-02
4.469459999999950014e+03 1.326403319835662842e-01 1.017306186258792877e-02
4.470939999999949578e+03 1.283884197473526001e-01 1.004704833030700684e-02
4.472419999999949141e+03 1.275700330734252930e-01 1.019605249166488647e-02
4.473899999999948704e+03 1.308418810367584229e-01 1.033283025026321411e-02
4.475379999999948268e+03 1.268463879823684692e-01 1.019350532442331314e-02
4.476859999999947831e+03 1.386339068412780762e-01 1.044120732694864273e-02
4.478339999999947395e+03 1.317453086376190186e-01 1.028253883123397827e-02
4.479819999999946958e+03 1.220182925462722778e-01 9.793115779757499695e-03
4.481299999999946522e+03 1.224858760833740234e-01 9.881791658699512482e-03
4.482779999999946085e+03 1.291850805282592773e-01 1.006817538291215897e-02
4.484259999999945649e+03 1.227460652589797974e-01 1.005188655108213425e-02
4.485739999999945212e+03 1.305090188980102539e-01 1.028332021087408066e-02
4.487219999999944775e+03 1.277293562889099121e-01 1.000598538666963577e-02
4.488699999999944339e+03 1.323188990354537964e-01 1.004470232874155045e-02
4.490179999999943902e+03 1.171911805868148804e-01 9.730023331940174103e-03
4.491659999999943466e+03 1.352727413177490234e-01 1.016169041395187378e-02
4.493139999999943029e+03 1.296861320734024048e-01 1.007604040205478668e-02
4.494619999999942593e+03 1.283945888280868530e-01 1.003878656774759293e-02
4.496099999999942156e+03 1.312403976917266846e-01 1.010068040341138840e-02
4.497579999999941720e+03 1.269460022449493408e-01 9.978110902011394501e-03
4.499059999999941283e+03 1.183290481567382812e-01 9.807592257857322693e-03
4.500539999999940846e+03 1.137323677539825439e-01 9.650727733969688416e-03
4.502019999999940410e+03 1.221240311861038208e-01 9.824049659073352814e-03
4.503499999999939973e+03 1.412137895822525024e-01 1.031809579581022263e-02
4.504979999999939537e+03 1.132421642541885376e-01 9.684710763394832611e-03
4.506459999999939100e+03 1.302736997604370117e-01 1.008244510740041733e-02
4.507939999999938664e+03 1.306813508272171021e-01 1.002983562648296356e-02
4.509419999999938227e+03 1.311337649822235107e-01 9.944862686097621918e-03
4.510899999999937791e+03 1.407909095287322998e-01 1.017758902162313461e-02
4.512379999999937354e+03 1.264763176441192627e-01 9.857805445790290833e-03
4.513859999999936917e+03 1.492037475109100342e-01 1.018937584012746811e-02
4.515339999999936481e+03 1.374707520008087158e-01 1.002922374755144119e-02
4.516819999999936044e+03 1.308396011590957642e-01 9.947691112756729126e-03
4.518299999999935608e+03 1.343609839677810669e-01 9.951387532055377960e-03
4.519779999999935171e+03 1.405476331710815430e-01 1.008482556790113449e-02
4.521259999999934735e+03 1.566226780414581299e-01 1.043058745563030243e-02
4.522739999999934298e+03 1.476757228374481201e-01 1.010688953101634979e-02
4.524219999999933862e+03 1.247168183326721191e-01 9.653891436755657196e-03
4.525699999999933425e+03 1.245606765151023865e-01 9.569213725626468658e-03
4.527179999999932988e+03 1.231227219104766846e-01 9.592230431735515594e-03
4.528659999999932552e+03 1.200679466128349304e-01 9.543510153889656067e-03
4.530139999999932115e+03 1.269345283508300781e-01 9.680511429905891418e-03
4.531619999999931679e+03 1.364261955022811890e-01 9.870104491710662842e-03
4.533099999999931242e+03 1.281925439834594727e-01 9.712094441056251526e-03
4.534579999999930806e+03 1.187144666910171509e-01 9.558252990245819092e-03
4.536059999999930369e+03 1.175086945295333862e-01 9.479995816946029663e-03
4.537539999999929933e+03 1.114706099033355713e-01 9.455006569623947144e-03
4.539019999999929496e+03 1.230291575193405151e-01 9.697890840470790863e-03
4.540499999999929059e+03 1.325334906578063965e-01 9.735079482197761536e-03
4.541979999999928623e+03 1.266300529241561890e-01 9.611188434064388275e-03
4.543459999999928186e+03 1.162601783871650696e-01 9.486299008131027222e-03
4.544939999999927750e+03 1.361033469438552856e-01 9.812164120376110077e-03
4.546419999999927313e+03 1.271936595439910889e-01 9.607935324311256409e-03
4.547899999999926877e+03 1.376682221889495850e-01 9.817220270633697510e-03
4.549379999999926440e+03 1.171380877494812012e-01 9.224288165569305420e-03
4.550859999999926004e+03 1.313689649105072021e-01 9.581285528838634491e-03
4.552339999999925567e+03 1.239820048213005066e-01 9.446008130908012390e-03
4.553819999999925130e+03 1.406689137220382690e-01 9.741915389895439148e-03
4.555299999999924694e+03 1.591769009828567505e-01 1.003906689584255219e-02
4.556779999999924257e+03 1.146988868713378906e-01 9.279314428567886353e-03
4.558259999999923821e+03 1.369675099849700928e-01 9.730928577482700348e-03
4.559739999999923384e+03 1.409267336130142212e-01 9.795693680644035339e-03
4.561219999999922948e+03 1.433241069316864014e-01 9.878934361040592194e-03
4.562699999999922511e+03 1.510141789913177490e-01 9.954786859452724457e-03
4.564179999999922074e+03 1.301624476909637451e-01 9.367632679641246796e-03
4.565659999999921638e+03 1.107856556773185730e-01 9.010870940983295441e-03
4.567139999999921201e+03 1.186039000749588013e-01 9.283209219574928284e-03
4.568619999999920765e+03 1.434944868087768555e-01 9.675889275968074799e-03
4.570099999999920328e+03 1.345095932483673096e-01 9.497842751443386078e-03
4.571579999999919892e+03 1.429228484630584717e-01 9.612745605409145355e-03
4.573059999999919455e+03 1.340067088603973389e-01 9.420992806553840637e-03
4.574539999999919019e+03 1.195164099335670471e-01 9.098081849515438080e-03
4.576019999999918582e+03 1.253186017274856567e-01 9.352985769510269165e-03
4.577499999999918145e+03 1.087117642164230347e-01 9.002844803035259247e-03
4.578979999999917709e+03 1.184469759464263916e-01 9.055157192051410675e-03
4.580459999999917272e+03 1.416055560111999512e-01 9.591305628418922424e-03
4.581939999999916836e+03 1.354686319828033447e-01 9.450678713619709015e-03
4.583419999999916399e+03 1.233704984188079834e-01 9.136964567005634308e-03
4.584899999999915963e+03 1.311747580766677856e-01 9.195418097078800201e-03
4.586379999999915526e+03 1.289553046226501465e-01 9.197339415550231934e-03
4.587859999999915090e+03 1.473313421010971069e-01 9.614610113203525543e-03
4.589339999999914653e+03 1.401311010122299194e-01 9.513042867183685303e-03
4.590819999999914216e+03 1.263568252325057983e-01 9.193104691803455353e-03
4.592299999999913780e+03 1.325870007276535034e-01 9.170141071081161499e-03
4.593779999999913343e+03 1.421509534120559692e-01 9.302443824708461761e-03
4.595259999999912907e+03 1.329924166202545166e-01 9.198734536767005920e-03
4.596739999999912470e+03 1.360043287277221680e-01 9.230207651853561401e-03
4.598219999999912034e+03 1.166110262274742126e-01 8.848991245031356812e-03
4.599699999999911597e+03 1.279749274253845215e-01 9.039817377924919128e-03
4.601179999999911161e+03 1.219046562910079956e-01 8.975932374596595764e-03
4.602659999999910724e+03 1.238570064306259155e-01 8.945469744503498077e-03
4.604139999999910287e+03 1.357350349426269531e-01 9.194492362439632416e-03
4.605619999999909851e+03 1.353655606508255005e-01 9.179851040244102478e-03
4.607099999999909414e+03 1.291160881519317627e-01 9.045615792274475098e-03
4.608579999999908978e+03 1.241647005081176758e-01 8.963089436292648315e-03
4.610059999999908541e+03 1.256058216094970703e-01 9.025666862726211548e-03
4.611539999999908105e+03 1.231611073017120361e-01 8.982310071587562561e-03
4.613019999999907668e+03 1.246292963624000549e-01 8.926236070692539215e-03
4.614499999999907232e+03 1.130972057580947876e-01 8.674034848809242249e-03
4.615979999999906795e+03 1.322558224201202393e-01 9.091948159039020538e-03
4.617459999999906358e+03 1.366772055625915527e-01 9.157652035355567932e-03
4.618939999999905922e+03 1.228059679269790649e-01 8.820956572890281677e-03
4.620419999999905485e+03 1.217549294233322144e-01 1.511433906853199005e-02
4.621899999999905049e+03 1.359477192163467407e-01 2.125383913516998291e-02
4.623379999999904612e+03 1.224693879485130310e-01 8.739830926060676575e-03
4.624859999999904176e+03 1.158289983868598938e-01 8.622277528047561646e-03
4.626339999999903739e+03 1.203817576169967651e-01 8.757336065173149109e-03
4.627819999999903303e+03 1.345369815826416016e-01 9.003481827676296234e-03
4.629299999999902866e+03 1.283889263868331909e-01 8.856926113367080688e-03
4.630779999999902429e+03 1.318334490060806274e-01 8.980753831565380096e-03
4.632259999999901993e+03 1.231108978390693665e-01 8.769106119871139526e-03
4.633739999999901556e+03 1.088046804070472717e-01 8.386532776057720184e-03
4.635219999999901120e+03 1.235796064138412476e-01 8.712445385754108429e-03
4.636699999999900683e+03 1.512504816055297852e-01 9.212072007358074188e-03
4.638179999999900247e+03 1.156773269176483154e-01 8.432437665760517120e-03
4.639659999999899810e+03 1.212841197848320007e-01 8.569859899580478668e-03
4.641139999999899374e+03 1.251537501811981201e-01 8.743934333324432373e-03
4.642619999999898937e+03 1.298369318246841431e-01 8.799312636256217957e-03
4.644099999999898500e+03 1.357226818799972534e-01 8.843943476676940918e-03
4.645579999999898064e+03 1.151650622487068176e-01 8.391743525862693787e-03
4.647059999999897627e+03 1.305932700634002686e-01 8.652239106595516205e-03
4.648539999999897191e+03 1.272293925285339355e-01 8.538731373846530914e-03
4.650019999999896754e+03 1.283217817544937134e-01 8.602794259786605835e-03
4.651499999999896318e+03 1.393522620201110840e-01 8.889852091670036316e-03
4.652979999999895881e+03 1.321729868650436401e-01 8.738898672163486481e-03
4.654459999999895444e+03 1.456151604652404785e-01 8.975068107247352600e-03
4.655939999999895008e+03 1.323287487030029297e-01 8.743570186197757721e-03
4.657419999999894571e+03 1.177629902958869934e-01 8.494946174323558807e-03
4.658899999999894135e+03 1.273013353347778320e-01 8.708953857421875000e-03
4.660379999999893698e+03 1.374548524618148804e-01 8.916193619370460510e-03
4.661859999999893262e+03 1.100330650806427002e-01 8.362487889826297760e-03
4.663339999999892825e+03 1.186118945479393005e-01 8.480097167193889618e-03
4.664819999999892389e+03 1.174032837152481079e-01 8.321502245962619781e-03
4.666299999999891952e+03 1.199797689914703369e-01 8.338578976690769196e-03
4.667779999999891515e+03 1.085424497723579407e-01 8.042698726058006287e-03
4.669259999999891079e+03 1.396884024143218994e-01 8.705414831638336182e-03
4.670739999999890642e+03 1.348875164985656738e-01 8.632193319499492645e-03
4.672219999999890206e+03 1.126605272293090820e-01 8.266917429864406586e-03
4.673699999999889769e+03 1.278590559959411621e-01 8.531644009053707123e-03
4.675179999999889333e+03 1.097114160656929016e-01 8.164218626916408539e-03
4.676659999999888896e+03 1.155425012111663818e-01 8.249253965914249420e-03
4.678139999999888460e+03 1.217872425913810730e-01 8.337914012372493744e-03
4.679619999999888023e+03 1.294672042131423950e-01 8.477384224534034729e-03
4.681099999999887586e+03 1.062616482377052307e-01 7.954224012792110443e-03
4.682579999999887150e+03 1.375753134489059448e-01 8.668510243296623230e-03
4.684059999999886713e+03 1.303439587354660034e-01 8.559916168451309204e-03
4.685539999999886277e+03 1.214994862675666809e-01 8.426850661635398865e-03
4.687019999999885840e+03 1.231049299240112305e-01 8.392711170017719269e-03
4.688499999999885404e+03 1.207337379455566406e-01 8.268814533948898315e-03
4.689979999999884967e+03 1.210578680038452148e-01 8.274512365460395813e-03
4.691459999999884531e+03 1.241235136985778809e-01 8.302729576826095581e-03
4.692939999999884094e+03 1.175716221332550049e-01 8.119150064885616302e-03
4.694419999999883657e+03 1.136402115225791931e-01 8.116660639643669128e-03
4.695899999999883221e+03 1.156305894255638123e-01 8.174018934369087219e-03
4.697379999999882784e+03 1.201589778065681458e-01 8.165949955582618713e-03
4.698859999999882348e+03 1.296441853046417236e-01 8.264131844043731689e-03
4.700339999999881911e+03 1.227651387453079224e-01 8.130434900522232056e-03
4.701819999999881475e+03 1.322157531976699829e-01 8.318259380757808685e-03
4.703299999999881038e+03 1.308478116989135742e-01 8.210119791328907013e-03
4.704779999999880602e+03 1.236042827367782593e-01 8.226615376770496368e-03
4.706259999999880165e+03 1.246128082275390625e-01 8.200800977647304535e-03
4.707739999999879728e+03 1.229062825441360474e-01 8.144777268171310425e-03
4.709219999999879292e+03 1.277121454477310181e-01 8.233352564275264740e-03
4.710699999999878855e+03 1.260813474655151367e-01 8.263627067208290100e-03
4.712179999999878419e+03 1.223890930414199829e-01 8.109900169074535370e-03
4.713659999999877982e+03 1.198144108057022095e-01 8.090996183454990387e-03
4.715139999999877546e+03 1.243943274021148682e-01 8.107868023216724396e-03
4.716619999999877109e+03 1.177895218133926392e-01 8.061716333031654358e-03
4.718099999999876673e+03 1.173570901155471802e-01 8.151274174451828003e-03
4.719579999999876236e+03 1.386434435844421387e-01 8.483623154461383820e-03
4.721059999999875799e+03 1.115365624427795410e-01 7.897601462900638580e-03
4.722539999999875363e+03 1.261087357997894287e-01 8.204717189073562622e-03
4.724019999999874926e+03 1.261807978153228760e-01 8.271702565252780914e-03
4.725499999999874490e+03 1.175637319684028625e-01 8.084001019597053528e-03
4.726979999999874053e+03 1.197214424610137939e-01 7.985498756170272827e-03
4.728459999999873617e+03 1.314678639173507690e-01 8.144819177687168121e-03
4.729939999999873180e+03 1.168783456087112427e-01 7.976765744388103485e-03
4.731419999999872744e+03 1.165588051080703735e-01 7.960658520460128784e-03
4.732899999999872307e+03 1.285573840141296387e-01 8.113383315503597260e-03
4.734379999999871870e+03 1.239835321903228760e-01 8.049232885241508484e-03
4.735859999999871434e+03 1.149938255548477173e-01 7.859296165406703949e-03
4.737339999999870997e+03 1.249573826789855957e-01 8.103836327791213989e-03
4.738819999999870561e+03 1.332202553749084473e-01 8.204187266528606415e-03
4.740299999999870124e+03 1.155063882470130920e-01 7.915196940302848816e-03
4.741779999999869688e+03 1.188350990414619446e-01 7.965372875332832336e-03
4.743259999999869251e+03 1.170703917741775513e-01 7.986747659742832184e-03
4.744739999999868814e+03 1.124627292156219482e-01 7.795519195497035980e-03
4.746219999999868378e+03 1.152666732668876648e-01 7.843166589736938477e-03
4.747699999999867941e+03 1.252122521400451660e-01 8.114707656204700470e-03
4.749179999999867505e+03 1.164793148636817932e-01 7.882706820964813232e-03
4.750659999999867068e+03 1.207726523280143738e-01 7.972976192831993103e-03
4.752139999999866632e+03 1.081710383296012878e-01 7.661965675652027130e-03
4.753619999999866195e+03 1.254564821720123291e-01 8.013220503926277161e-03
4.755099999999865759e+03 1.210097745060920715e-01 7.904541678726673126e-03
4.756579999999865322e+03 1.028651595115661621e-01 7.481402251869440079e-03
4.758059999999864885e+03 1.219289749860763550e-01 7.957027293741703033e-03
4.759539999999864449e+03 1.376004517078399658e-01 8.250902406871318817e-03
4.761019999999864012e+03 1.170925572514533997e-01 7.839571684598922729e-03
4.762499999999863576e+03 1.215051412582397461e-01 7.856531068682670593e-03
4.763979999999863139e+03 1.156345531344413757e-01 7.772838231176137924e-03
4.765459999999862703e+03 1.157147884368896484e-01 7.730711717158555984e-03
4.766939999999862266e+03 1.228926703333854675e-01 7.911559194326400757e-03
4.768419999999861830e+03 1.209974512457847595e-01 7.864168845117092133e-03
4.769899999999861393e+03 1.043325290083885193e-01 7.583878468722105026e-03
4.771379999999860956e+03 1.262847632169723511e-01 7.974390871822834015e-03
4.772859999999860520e+03 1.240075826644897461e-01 7.964618504047393799e-03
4.774339999999860083e+03 1.162929087877273560e-01 7.853222079575061798e-03
4.775819999999859647e+03 1.232934147119522095e-01 7.908151485025882721e-03
4.777299999999859210e+03 1.166932806372642517e-01 7.859821431338787079e-03
4.778779999999858774e+03 1.237324178218841553e-01 7.948348298668861389e-03
4.780259999999858337e+03 1.266350746154785156e-01 7.970246486365795135e-03
4.781739999999857901e+03 1.277315020561218262e-01 7.929738610982894897e-03
4.783219999999857464e+03 1.126382946968078613e-01 7.683824282139539719e-03
4.784699999999857027e+03 1.251732409000396729e-01 7.911309599876403809e-03
4.786179999999856591e+03 1.194240599870681763e-01 7.803088519722223282e-03
4.787659999999856154e+03 1.276153773069381714e-01 7.891259156167507172e-03
4.789139999999855718e+03 1.143045350909233093e-01 7.678545080125331879e-03
4.790619999999855281e+03 1.135877370834350586e-01 7.703902665525674820e-03
4.792099999999854845e+03 1.151182800531387329e-01 7.772472687065601349e-03
4.793579999999854408e+03 1.096898615360260010e-01 7.638914976269006729e-03
4.795059999999853972e+03 1.136391088366508484e-01 7.715621963143348694e-03
4.796539999999853535e+03 1.230584830045700073e-01 7.916198112070560455e-03
4.798019999999853098e+03 1.139102876186370850e-01 7.683699950575828552e-03
4.799499999999852662e+03 1.028580963611602783e-01 7.396447937935590744e-03
4.800979999999852225e+03 1.211241111159324646e-01 7.741763722151517868e-03
4.802459999999851789e+03 1.162820681929588318e-01 7.678167428821325302e-03
4.803939999999851352e+03 1.357678323984146118e-01 8.075351826846599579e-03
4.805419999999850916e+03 1.095269620418548584e-01 7.579524070024490356e-03
4.806899999999850479e+03 1.173187494277954102e-01 7.611098233610391617e-03
4.808379999999850043e+03 1.163370162248611450e-01 7.598039694130420685e-03
4.809859999999849606e+03 1.258881837129592896e-01 7.837358862161636353e-03
4.811339999999849169e+03 1.223887875676155090e-01 7.839388214051723480e-03
4.812819999999848733e+03 1.183412969112396240e-01 7.779595442116260529e-03
4.814299999999848296e+03 1.219636052846908569e-01 7.773939985781908035e-03
4.815779999999847860e+03 1.249905228614807129e-01 7.936399430036544800e-03
4.817259999999847423e+03 1.075347885489463806e-01 7.658150047063827515e-03
4.818739999999846987e+03 1.199642866849899292e-01 7.903354242444038391e-03
4.820219999999846550e+03 1.065409928560256958e-01 7.616996765136718750e-03
4.821699999999846113e+03 1.218173205852508545e-01 7.772945333272218704e-03
4.823179999999845677e+03 1.250731796026229858e-01 7.811924908310174942e-03
4.824659999999845240e+03 1.201227679848670959e-01 7.789100054651498795e-03
4.826139999999844804e+03 1.368176490068435669e-01 8.068187162280082703e-03
4.827619999999844367e+03 1.188658475875854492e-01 7.712868042290210724e-03
4.829099999999843931e+03 1.038880646228790283e-01 7.440361194312572479e-03
4.830579999999843494e+03 1.210917234420776367e-01 7.749646902084350586e-03
4.832059999999843058e+03 1.107027828693389893e-01 7.618905510753393173e-03
4.833539999999842621e+03 1.158019229769706726e-01 7.691460661590099335e-03
4.835019999999842184e+03 1.255684792995452881e-01 7.887600921094417572e-03
4.836499999999841748e+03 1.221311166882514954e-01 7.820681668817996979e-03
4.837979999999841311e+03 1.237061917781829834e-01 7.841896265745162964e-03
4.839459999999840875e+03 1.238539516925811768e-01 7.784028071910142899e-03
4.840939999999840438e+03 1.176526620984077454e-01 7.647432852536439896e-03
4.842419999999840002e+03 1.113707721233367920e-01 7.469997275620698929e-03
4.843899999999839565e+03 1.320926845073699951e-01 7.872199639678001404e-03
4.845379999999839129e+03 1.191660910844802856e-01 7.647166028618812561e-03
4.846859999999838692e+03 1.156201511621475220e-01 7.586015388369560242e-03
4.848339999999838255e+03 1.158942729234695435e-01 7.526622619479894638e-03
4.849819999999837819e+03 1.180594563484191895e-01 7.499838247895240784e-03
4.851299999999837382e+03 1.128724217414855957e-01 7.443287409842014313e-03
4.852779999999836946e+03 1.104029193520545959e-01 7.388452999293804169e-03
4.854259999999836509e+03 1.133337616920471191e-01 7.376895751804113388e-03
4.855739999999836073e+03 1.231103539466857910e-01 7.463378366082906723e-03
4.857219999999835636e+03 1.214327588677406311e-01 7.426794152706861496e-03
4.858699999999835200e+03 1.034386381506919861e-01 7.212614174932241440e-03
4.860179999999834763e+03 1.170786842703819275e-01 7.781240623444318771e-03
4.861659999999834326e+03 1.146768629550933838e-01 7.735168095678091049e-03
4.863139999999833890e+03 1.209744140505790710e-01 7.515111938118934631e-03
4.864619999999833453e+03 1.244100630283355713e-01 7.439590524882078171e-03
4.866099999999833017e+03 1.230025589466094971e-01 7.520910818129777908e-03
4.867579999999832580e+03 1.064219549298286438e-01 7.240192033350467682e-03
4.869059999999832144e+03 1.301153004169464111e-01 7.615047041326761246e-03
4.870539999999831707e+03 1.241721808910369873e-01 7.435269188135862350e-03
4.872019999999831271e+03 1.229355409741401672e-01 7.370510604232549667e-03
4.873499999999830834e+03 1.086924076080322266e-01 7.201711181551218033e-03
4.874979999999830397e+03 1.095980480313301086e-01 7.271991111338138580e-03
4.876459999999829961e+03 1.231899410486221313e-01 7.507993374019861221e-03
4.877939999999829524e+03 1.153935417532920837e-01 7.383502554148435593e-03
4.879419999999829088e+03 1.155526414513587952e-01 7.475620601326227188e-03
4.880899999999828651e+03 1.141686290502548218e-01 7.471369113773107529e-03
4.882379999999828215e+03 1.062737628817558289e-01 7.272672373801469803e-03
4.883859999999827778e+03 1.197976469993591309e-01 7.477106526494026184e-03
4.885339999999827342e+03 1.322264373302459717e-01 7.682114839553833008e-03
4.886819999999826905e+03 1.266576796770095825e-01 7.563574239611625671e-03
4.888299999999826468e+03 1.218451857566833496e-01 7.487349212169647217e-03
4.889779999999826032e+03 1.301681101322174072e-01 7.568714208900928497e-03
4.891259999999825595e+03 1.222927272319793701e-01 7.446427363902330399e-03
4.892739999999825159e+03 1.156019791960716248e-01 7.369146682322025299e-03
4.894219999999824722e+03 1.137666553258895874e-01 7.365135010331869125e-03
4.895699999999824286e+03 1.188578233122825623e-01 7.502542342990636826e-03
4.897179999999823849e+03 1.137427836656570435e-01 7.409676909446716309e-03
4.898659999999823413e+03 1.046647876501083374e-01 7.170305121690034866e-03
4.900139999999822976e+03 1.110200136899948120e-01 7.266470231115818024e-03
4.901619999999822539e+03 1.332875192165374756e-01 7.677570916712284088e-03
4.903099999999822103e+03 1.218629032373428345e-01 7.475741673260927200e-03
4.904579999999821666e+03 1.232878565788269043e-01 7.560062222182750702e-03
4.906059999999821230e+03 1.208398416638374329e-01 7.507412694394588470e-03
4.907539999999820793e+03 1.187405884265899658e-01 7.364587858319282532e-03
4.909019999999820357e+03 1.280991286039352417e-01 7.497122511267662048e-03
4.910499999999819920e+03 1.160124763846397400e-01 7.326093036681413651e-03
4.911979999999819483e+03 1.219215765595436096e-01 7.452553603798151016e-03
4.913459999999819047e+03 1.067346334457397461e-01 7.176174782216548920e-03
4.914939999999818610e+03 1.122733652591705322e-01 7.314297836273908615e-03
4.916419999999818174e+03 1.099398583173751831e-01 7.181195542216300964e-03
4.917899999999817737e+03 1.256124824285507202e-01 7.377370260655879974e-03
4.919379999999817301e+03 1.201085224747657776e-01 7.274219766259193420e-03
4.920859999999816864e+03 1.339735388755798340e-01 7.514069322496652603e-03
4.922339999999816428e+03 1.296151280403137207e-01 7.492597214877605438e-03
4.923819999999815991e+03 1.279661655426025391e-01 7.483650930225849152e-03
4.925299999999815554e+03 1.137851625680923462e-01 7.273358758538961411e-03
4.926779999999815118e+03 1.220652386546134949e-01 7.504898123443126678e-03
4.928259999999814681e+03 1.199016645550727844e-01 7.395878434181213379e-03
4.929739999999814245e+03 1.332464218139648438e-01 7.608945481479167938e-03
4.931219999999813808e+03 1.181490644812583923e-01 7.351255975663661957e-03
4.932699999999813372e+03 1.199955865740776062e-01 7.322724908590316772e-03
4.934179999999812935e+03 1.144062280654907227e-01 7.241541519761085510e-03
4.935659999999812499e+03 1.060520038008689880e-01 7.130027282983064651e-03
4.937139999999812062e+03 1.175443679094314575e-01 7.303663529455661774e-03
4.938619999999811625e+03 1.024164855480194092e-01 6.943699438124895096e-03
4.940099999999811189e+03 1.127911359071731567e-01 7.141607347875833511e-03
4.941579999999810752e+03 1.196804344654083252e-01 7.374020293354988098e-03
4.943059999999810316e+03 1.117331534624099731e-01 7.238595746457576752e-03
4.944539999999809879e+03 1.071771755814552307e-01 7.115642540156841278e-03
4.946019999999809443e+03 1.024245545268058777e-01 6.976556498557329178e-03
4.947499999999809006e+03 1.027581989765167236e-01 7.002768106758594513e-03
4.948979999999808570e+03 1.655450463294982910e-01 8.147857151925563812e-03
4.950459999999808133e+03 6.920275092124938965e-01 1.437311433255672455e-02
4.951939999999807696e+03 9.018319845199584961e-01 1.623825542628765106e-02
4.953419999999807260e+03 3.598418533802032471e-01 1.079199463129043579e-02
4.954899999999806823e+03 9.838213771581649780e-02 7.386180572211742401e-03
4.956379999999806387e+03 1.054165437817573547e-01 7.754614111036062241e-03
4.957859999999805950e+03 1.140578761696815491e-01 7.256208453327417374e-03
4.959339999999805514e+03 1.116695776581764221e-01 7.252758368849754333e-03
4.960819999999805077e+03 1.043415442109107971e-01 7.086623925715684891e-03
4.962299999999804641e+03 1.062893196940422058e-01 7.112631574273109436e-03
4.963779999999804204e+03 1.035627871751785278e-01 7.041051518172025681e-03
4.965259999999803767e+03 1.075886413455009460e-01 7.055354304611682892e-03
4.966739999999803331e+03 1.106463372707366943e-01 7.131406571716070175e-03
4.968219999999802894e+03 1.135917603969573975e-01 7.211913820356130600e-03
4.969699999999802458e+03 1.013605669140815735e-01 7.009170483797788620e-03
4.971179999999802021e+03 1.151877045631408691e-01 7.270701229572296143e-03
4.972659999999801585e+03 1.209248900413513184e-01 7.316255010664463043e-03
4.974139999999801148e+03 1.221969127655029297e-01 7.335687521845102310e-03
4.975619999999800712e+03 1.146184355020523071e-01 7.209875620901584625e-03
4.977099999999800275e+03 1.150937601923942566e-01 7.188402116298675537e-03
4.978579999999799838e+03 1.138124316930770874e-01 7.165403105318546295e-03
4.980059999999799402e+03 1.039960011839866638e-01 6.921708118170499802e-03
4.981539999999798965e+03 1.170956566929817200e-01 7.106516044586896896e-03
4.983019999999798529e+03 1.041242480278015137e-01 6.791075225919485092e-03
4.984499999999798092e+03 1.216597333550453186e-01 7.183698005974292755e-03
4.985979999999797656e+03 1.252931654453277588e-01 7.340627256780862808e-03
4.987459999999797219e+03 1.359465420246124268e-01 7.578930817544460297e-03
4.988939999999796783e+03 1.305492222309112549e-01 7.460106164216995239e-03
4.990419999999796346e+03 1.062302365899085999e-01 6.988152861595153809e-03
4.991899999999795909e+03 1.220164448022842407e-01 7.334801368415355682e-03
4.993379999999795473e+03 1.293542832136154175e-01 7.492769043892621994e-03
4.994859999999795036e+03 1.206553429365158081e-01 7.277011871337890625e-03
4.996339999999794600e+03 1.258347332477569580e-01 7.383543532341718674e-03
4.997819999999794163e+03 1.127648949623107910e-01 7.123558316379785538e-03
4.999299999999793727e+03 1.233329847455024719e-01 7.205981761217117310e-03
5.000779999999793290e+03 1.210065931081771851e-01 7.200181949883699417e-03
5.002259999999792853e+03 1.217163652181625366e-01 7.213234435766935349e-03
5.003739999999792417e+03 1.193544119596481323e-01 7.304569706320762634e-03
5.005219999999791980e+03 1.230016499757766724e-01 7.698832545429468155e-03
5.006699999999791544e+03 1.178862527012825012e-01 7.626271340996026993e-03
5.008179999999791107e+03 1.093155965209007263e-01 7.120550610125064850e-03
5.009659999999790671e+03 1.137814521789550781e-01 7.071677129715681076e-03
5.011139999999790234e+03 1.047473624348640442e-01 6.877901498228311539e-03
5.012619999999789798e+03 1.180973052978515625e-01 7.110261358320713043e-03
5.014099999999789361e+03 1.303437054157257080e-01 7.336075417697429657e-03
5.015579999999788924e+03 1.009300798177719116e-01 6.828689016401767731e-03
5.017059999999788488e+03 1.105833500623703003e-01 6.956066936254501343e-03
5.018539999999788051e+03 1.121286302804946899e-01 6.951095536351203918e-03
5.020019999999787615e+03 1.225602999329566956e-01 7.225739769637584686e-03
5.021499999999787178e+03 1.313612908124923706e-01 7.344666868448257446e-03
5.022979999999786742e+03 1.238413229584693909e-01 7.229354698210954666e-03
5.024459999999786305e+03 1.155262589454650879e-01 7.079277187585830688e-03
5.025939999999785869e+03 1.159991174936294556e-01 7.025308441370725632e-03
5.027419999999785432e+03 1.258898377418518066e-01 7.182393223047256470e-03
5.028899999999784995e+03 1.225340887904167175e-01 7.167158182710409164e-03
5.030379999999784559e+03 9.830398857593536377e-02 6.773151922971010208e-03
5.031859999999784122e+03 1.286784261465072632e-01 7.392068393528461456e-03
5.033339999999783686e+03 1.268853545188903809e-01 7.306846790015697479e-03
5.034819999999783249e+03 1.176222190260887146e-01 7.107553072273731232e-03
5.036299999999782813e+03 1.253758072853088379e-01 7.222030777484178543e-03
5.037779999999782376e+03 1.355527043342590332e-01 7.358413189649581909e-03
5.039259999999781940e+03 1.228432133793830872e-01 7.064794655889272690e-03
5.040739999999781503e+03 1.117993593215942383e-01 6.834933999925851822e-03
5.042219999999781066e+03 1.238862127065658569e-01 7.147125899791717529e-03
5.043699999999780630e+03 1.293726265430450439e-01 7.312949746847152710e-03
5.045179999999780193e+03 1.176306530833244324e-01 7.121645379811525345e-03
5.046659999999779757e+03 1.195602118968963623e-01 7.081659045070409775e-03
5.048139999999779320e+03 1.218755394220352173e-01 7.100722752511501312e-03
5.049619999999778884e+03 3.142389655113220215e-01 9.954609908163547516e-03
5.051099999999778447e+03 3.771339654922485352e-01 1.074883155524730682e-02
5.052579999999778011e+03 2.345147430896759033e-01 8.950986899435520172e-03
5.054059999999777574e+03 1.265224963426589966e-01 7.261961232870817184e-03
5.055539999999777137e+03 1.253724545240402222e-01 7.218309678137302399e-03
5.057019999999776701e+03 1.161150634288787842e-01 7.012196816504001617e-03
5.058499999999776264e+03 1.204230114817619324e-01 7.186875678598880768e-03
5.059979999999775828e+03 1.076833456754684448e-01 6.898829247802495956e-03
5.061459999999775391e+03 1.289942860603332520e-01 7.298246491700410843e-03
5.062939999999774955e+03 1.174082010984420776e-01 7.022571284323930740e-03
5.064419999999774518e+03 1.181703582406044006e-01 6.984951905906200409e-03
5.065899999999774082e+03 1.179972961544990540e-01 7.008592598140239716e-03
5.067379999999773645e+03 1.206249669194221497e-01 7.055422291159629822e-03
5.068859999999773208e+03 1.208162307739257812e-01 7.079215254634618759e-03
5.070339999999772772e+03 1.282764524221420288e-01 7.218950893729925156e-03
5.071819999999772335e+03 1.207745075225830078e-01 7.048932835459709167e-03
5.073299999999771899e+03 1.094289794564247131e-01 6.871205288916826248e-03
5.074779999999771462e+03 1.187241449952125549e-01 7.035715505480766296e-03
5.076259999999771026e+03 1.268869191408157349e-01 7.176831830292940140e-03
5.077739999999770589e+03 1.129805147647857666e-01 6.870891433209180832e-03
5.079219999999770152e+03 1.098699271678924561e-01 6.800470873713493347e-03
5.080699999999769716e+03 1.330265998840332031e-01 7.217372301965951920e-03
5.082179999999769279e+03 1.093712374567985535e-01 6.850526202470064163e-03
5.083659999999768843e+03 1.242515668272972107e-01 7.155372761189937592e-03
5.085139999999768406e+03 1.208806037902832031e-01 7.093688473105430603e-03
5.086619999999767970e+03 1.194024980068206787e-01 7.014869246631860733e-03
5.088099999999767533e+03 1.130687594413757324e-01 6.889216136187314987e-03
5.089579999999767097e+03 1.219489499926567078e-01 7.095965556800365448e-03
5.091059999999766660e+03 1.186738163232803345e-01 7.065666839480400085e-03
5.092539999999766223e+03 1.092732697725296021e-01 6.903637200593948364e-03
5.094019999999765787e+03 1.269083023071289062e-01 7.202343549579381943e-03
5.095499999999765350e+03 1.251303851604461670e-01 7.138893473893404007e-03
5.096979999999764914e+03 1.473010480403900146e-01 7.473133038729429245e-03
5.098459999999764477e+03 7.079151868820190430e-01 1.397181022912263870e-02
5.099939999999764041e+03 9.373401403427124023e-01 1.601863279938697815e-02
5.101419999999763604e+03 3.977357745170593262e-01 1.093527581542730331e-02
5.102899999999763168e+03 1.196243986487388611e-01 7.064701989293098450e-03
5.104379999999762731e+03 1.129753887653350830e-01 6.918568164110183716e-03
5.105859999999762294e+03 1.121501997113227844e-01 6.866280455142259598e-03
5.107339999999761858e+03 1.213720068335533142e-01 7.013132330030202866e-03
5.108819999999761421e+03 1.400382369756698608e-01 7.307695224881172180e-03
5.110299999999760985e+03 1.131597384810447693e-01 6.813337095081806183e-03
5.111779999999760548e+03 1.057250201702117920e-01 6.736922543495893478e-03
5.113259999999760112e+03 1.133507043123245239e-01 6.931808777153491974e-03
5.114739999999759675e+03 1.256876587867736816e-01 7.172818761318922043e-03
5.116219999999759239e+03 1.261631399393081665e-01 7.146200165152549744e-03
5.117699999999758802e+03 1.094240397214889526e-01 6.854351609945297241e-03
5.119179999999758365e+03 1.149385422468185425e-01 6.914220750331878662e-03
5.120659999999757929e+03 1.386596113443374634e-01 7.296819239854812622e-03
5.122139999999757492e+03 1.237284839153289795e-01 6.993775255978107452e-03
5.123619999999757056e+03 1.141383722424507141e-01 6.865800824016332626e-03
5.125099999999756619e+03 1.224517598748207092e-01 6.989012472331523895e-03
5.126579999999756183e+03 1.220373660326004028e-01 7.001038640737533569e-03
5.128059999999755746e+03 1.350105404853820801e-01 7.244571577757596970e-03
5.129539999999755310e+03 1.127390787005424500e-01 6.862579379230737686e-03
5.131019999999754873e+03 1.128633096814155579e-01 6.878711748868227005e-03
5.132499999999754436e+03 1.174329370260238647e-01 6.926981266587972641e-03
5.133979999999754000e+03 1.069452762603759766e-01 6.737446412444114685e-03
5.135459999999753563e+03 1.061122938990592957e-01 6.787762511521577835e-03
5.136939999999753127e+03 1.160497963428497314e-01 6.946738809347152710e-03
5.138419999999752690e+03 1.126167997717857361e-01 6.844752933830022812e-03
5.139899999999752254e+03 1.270419657230377197e-01 7.109661120921373367e-03
5.141379999999751817e+03 1.322291791439056396e-01 7.189429830759763718e-03
5.142859999999751381e+03 1.110422164201736450e-01 6.828740239143371582e-03
5.144339999999750944e+03 1.093735992908477783e-01 6.807257886976003647e-03
5.145819999999750507e+03 1.207491979002952576e-01 7.003056351095438004e-03
5.147299999999750071e+03 1.237617358565330505e-01 7.101871538907289505e-03
5.148779999999749634e+03 1.175273135304450989e-01 6.912336219102144241e-03
5.150259999999749198e+03 1.170099303126335144e-01 6.957041099667549133e-03
5.151739999999748761e+03 1.146286427974700928e-01 6.902845576405525208e-03
5.153219999999748325e+03 1.136931031942367554e-01 6.864492781460285187e-03
5.154699999999747888e+03 1.154046505689620972e-01 6.866145879030227661e-03
5.156179999999747452e+03 1.185309737920761108e-01 6.958532147109508514e-03
5.157659999999747015e+03 1.241470500826835632e-01 7.045142818242311478e-03
5.159139999999746578e+03 1.264388561248779297e-01 7.074275985360145569e-03
5.160619999999746142e+03 1.211134269833564758e-01 6.991400383412837982e-03
5.162099999999745705e+03 1.083417758345603943e-01 6.693019066005945206e-03
5.163579999999745269e+03 1.253747045993804932e-01 7.020239252597093582e-03
5.165059999999744832e+03 1.255191713571548462e-01 6.900426000356674194e-03
5.166539999999744396e+03 9.806123375892639160e-02 6.278093438595533371e-03
5.168019999999743959e+03 1.202612891793251038e-01 6.754342000931501389e-03
5.169499999999743522e+03 1.175270676612854004e-01 6.716312374919652939e-03
5.170979999999743086e+03 1.030748486518859863e-01 6.359402090311050415e-03
5.172459999999742649e+03 1.117017194628715515e-01 6.534853018820285797e-03
5.173939999999742213e+03 1.057500019669532776e-01 6.574846338480710983e-03
5.175419999999741776e+03 1.079765260219573975e-01 6.702207494527101517e-03
5.176899999999741340e+03 1.099697500467300415e-01 6.775433197617530823e-03
5.178379999999740903e+03 1.208340004086494446e-01 6.924151442945003510e-03
5.179859999999740467e+03 1.095931455492973328e-01 6.645242217928171158e-03
5.181339999999740030e+03 1.112413629889488220e-01 6.493189837783575058e-03
5.182819999999739593e+03 1.148676052689552307e-01 6.376668810844421387e-03
5.184299999999739157e+03 1.083592176437377930e-01 1.247329358011484146e-02
5.185779999999738720e+03 1.178478151559829712e-01 1.086568646132946014e-02
5.187259999999738284e+03 1.170620098710060120e-01 6.901644635945558548e-03
5.188739999999737847e+03 1.275040507316589355e-01 7.103272248059511185e-03
5.190219999999737411e+03 1.284940987825393677e-01 7.039403542876243591e-03
5.191699999999736974e+03 1.146552935242652893e-01 6.722581572830677032e-03
5.193179999999736538e+03 1.249181926250457764e-01 6.935145705938339233e-03
5.194659999999736101e+03 1.169246137142181396e-01 6.797019857913255692e-03
5.196139999999735664e+03 1.185756176710128784e-01 7.111486978828907013e-03
5.197619999999735228e+03 1.124734207987785339e-01 7.216291502118110657e-03
5.199099999999734791e+03 1.136044561862945557e-01 7.219927851110696793e-03
5.200579999999734355e+03 1.230114176869392395e-01 7.248376496136188507e-03
5.202059999999733918e+03 1.188350468873977661e-01 7.043415680527687073e-03
5.203539999999733482e+03 1.105154752731323242e-01 6.725701037794351578e-03
5.205019999999733045e+03 1.075651869177818298e-01 6.570788566023111343e-03
5.206499999999732609e+03 1.160179078578948975e-01 6.710214540362358093e-03
5.207979999999732172e+03 1.159242391586303711e-01 6.725748069584369659e-03
5.209459999999731735e+03 1.270842552185058594e-01 6.979518570005893707e-03
5.210939999999731299e+03 1.321607381105422974e-01 7.103689480572938919e-03
5.212419999999730862e+03 1.174112483859062195e-01 6.848858203738927841e-03
5.213899999999730426e+03 1.092658787965774536e-01 6.658674217760562897e-03
5.215379999999729989e+03 1.097864881157875061e-01 6.641694344580173492e-03
5.216859999999729553e+03 1.124375164508819580e-01 6.748677697032690048e-03
5.218339999999729116e+03 1.178092882037162781e-01 6.855801213532686234e-03
5.219819999999728680e+03 1.104441881179809570e-01 6.709723733365535736e-03
5.221299999999728243e+03 1.112002432346343994e-01 6.737393327057361603e-03
5.222779999999727806e+03 1.218180283904075623e-01 7.002412341535091400e-03
5.224259999999727370e+03 1.119426712393760681e-01 6.723043043166399002e-03
5.225739999999726933e+03 1.209473907947540283e-01 6.782463751733303070e-03
5.227219999999726497e+03 1.097254604101181030e-01 6.538042332977056503e-03
5.228699999999726060e+03 1.188542619347572327e-01 6.810215301811695099e-03
5.230179999999725624e+03 1.138299629092216492e-01 6.774402223527431488e-03
5.231659999999725187e+03 1.226491183042526245e-01 6.863574963063001633e-03
5.233139999999724751e+03 1.183165460824966431e-01 6.781893782317638397e-03
5.234619999999724314e+03 1.153717786073684692e-01 6.722536403685808182e-03
5.236099999999723877e+03 1.274230182170867920e-01 7.025506347417831421e-03
5.237579999999723441e+03 1.156537830829620361e-01 6.932460237294435501e-03
5.239059999999723004e+03 1.053449884057044983e-01 6.728733889758586884e-03
5.240539999999722568e+03 1.034426391124725342e-01 6.518836133182048798e-03
5.242019999999722131e+03 1.075273081660270691e-01 1.583689078688621521e-02
5.243499999999721695e+03 1.243665516376495361e-01 1.413740403950214386e-02
5.244979999999721258e+03 1.081168502569198608e-01 6.792836356908082962e-03
5.246459999999720822e+03 1.167141348123550415e-01 6.697914097458124161e-03
5.247939999999720385e+03 1.011664345860481262e-01 6.463634315878152847e-03
5.249419999999719948e+03 1.201822906732559204e-01 6.819914560765028000e-03
5.250899999999719512e+03 1.112073063850402832e-01 6.653835996985435486e-03
5.252379999999719075e+03 1.278720647096633911e-01 6.895983591675758362e-03
5.253859999999718639e+03 1.209610030055046082e-01 6.887270137667655945e-03
5.255339999999718202e+03 1.178859844803810120e-01 6.958779413253068924e-03
5.256819999999717766e+03 1.149412393569946289e-01 6.892919074743986130e-03
5.258299999999717329e+03 1.148818358778953552e-01 6.794963032007217407e-03
5.259779999999716892e+03 1.197540387511253357e-01 6.814123596996068954e-03
5.261259999999716456e+03 1.115443781018257141e-01 6.590294651687145233e-03
5.262739999999716019e+03 9.415439516305923462e-02 6.205467041581869125e-03
5.264219999999715583e+03 9.712348133325576782e-02 6.215776316821575165e-03
5.265699999999715146e+03 1.095667853951454163e-01 6.413269322365522385e-03
5.267179999999714710e+03 9.867892414331436157e-02 6.221837829798460007e-03
5.268659999999714273e+03 1.070083603262901306e-01 6.359660066664218903e-03
5.270139999999713837e+03 1.208873167634010315e-01 6.666088011115789413e-03
5.271619999999713400e+03 1.123544573783874512e-01 6.590513978153467178e-03
5.273099999999712963e+03 1.058225110173225403e-01 6.550042424350976944e-03
5.274579999999712527e+03 1.184197068214416504e-01 6.837339140474796295e-03
5.276059999999712090e+03 1.185797676444053650e-01 6.880866363644599915e-03
5.277539999999711654e+03 1.096828952431678772e-01 6.687186658382415771e-03
5.279019999999711217e+03 1.142189204692840576e-01 6.675258744508028030e-03
5.280499999999710781e+03 1.062855869531631470e-01 6.476446520537137985e-03
5.281979999999710344e+03 1.154422163963317871e-01 6.600492168217897415e-03
5.283459999999709908e+03 1.220110207796096802e-01 6.723402999341487885e-03
5.284939999999709471e+03 1.167770847678184509e-01 6.705646868795156479e-03
5.286419999999709034e+03 1.161530539393424988e-01 6.752143148332834244e-03
5.287899999999708598e+03 1.081551462411880493e-01 6.602084729820489883e-03
5.289379999999708161e+03 1.066280305385589600e-01 6.590049713850021362e-03
5.290859999999707725e+03 1.090685874223709106e-01 6.621859502047300339e-03
5.292339999999707288e+03 1.221135184168815613e-01 6.896903272718191147e-03
5.293819999999706852e+03 1.307703852653503418e-01 6.999241188168525696e-03
5.295299999999706415e+03 1.318778991699218750e-01 6.968449801206588745e-03
5.296779999999705979e+03 1.181376874446868896e-01 6.717272568494081497e-03
5.298259999999705542e+03 1.187661141157150269e-01 6.803074851632118225e-03
5.299739999999705105e+03 1.136009171605110168e-01 6.651183124631643295e-03
5.301219999999704669e+03 1.090701296925544739e-01 6.540373433381319046e-03
5.302699999999704232e+03 1.074560955166816711e-01 6.581428460776805878e-03
5.304179999999703796e+03 1.003745421767234802e-01 6.478610914200544357e-03
5.305659999999703359e+03 1.040303260087966919e-01 6.545200012624263763e-03
5.307139999999702923e+03 1.110380440950393677e-01 6.666671484708786011e-03
5.308619999999702486e+03 1.121109277009963989e-01 6.713091861456632614e-03
5.310099999999702050e+03 1.176786422729492188e-01 6.824380718171596527e-03
5.311579999999701613e+03 1.209088116884231567e-01 6.875455379486083984e-03
5.313059999999701176e+03 1.068607270717620850e-01 6.570207886397838593e-03
5.314539999999700740e+03 1.262726634740829468e-01 6.855936255306005478e-03
5.316019999999700303e+03 1.157064959406852722e-01 6.684599444270133972e-03
5.317499999999699867e+03 1.033722534775733948e-01 6.489592138677835464e-03
5.318979999999699430e+03 1.319673061370849609e-01 6.984936073422431946e-03
5.320459999999698994e+03 1.047263368964195251e-01 6.562885828316211700e-03
5.321939999999698557e+03 1.090595200657844543e-01 6.530348211526870728e-03
5.323419999999698121e+03 1.073627993464469910e-01 6.538526155054569244e-03
5.324899999999697684e+03 1.001939475536346436e-01 6.457312032580375671e-03
5.326379999999697247e+03 1.073210835456848145e-01 6.496453192085027695e-03
5.327859999999696811e+03 1.129556298255920410e-01 6.578255910426378250e-03
5.329339999999696374e+03 1.074173972010612488e-01 6.607200019061565399e-03
5.330819999999695938e+03 1.085523813962936401e-01 6.685762200504541397e-03
5.332299999999695501e+03 1.086022034287452698e-01 6.587591487914323807e-03
5.333779999999695065e+03 1.100107952952384949e-01 6.605872884392738342e-03
5.335259999999694628e+03 1.144129633903503418e-01 6.689986214041709900e-03
5.336739999999694192e+03 1.179944500327110291e-01 6.706371903419494629e-03
5.338219999999693755e+03 1.107146218419075012e-01 6.521932315081357956e-03
5.339699999999693318e+03 1.132913827896118164e-01 6.568499375134706497e-03
5.341179999999692882e+03 1.191836893558502197e-01 6.706004962325096130e-03
5.342659999999692445e+03 1.129447817802429199e-01 6.680127233266830444e-03
5.344139999999692009e+03 1.106708198785781860e-01 6.617620587348937988e-03
5.345619999999691572e+03 1.168305724859237671e-01 6.692925468087196350e-03
5.347099999999691136e+03 1.175659894943237305e-01 6.692227441817522049e-03
5.348579999999690699e+03 1.139833182096481323e-01 6.696589756757020950e-03
5.350059999999690262e+03 1.165409311652183533e-01 6.745244376361370087e-03
5.351539999999689826e+03 1.023622304201126099e-01 6.485688965767621994e-03
5.353019999999689389e+03 1.119013130664825439e-01 6.631018593907356262e-03
5.354499999999688953e+03 1.210717111825942993e-01 6.827961653470993042e-03
5.355979999999688516e+03 1.251155138015747070e-01 6.837076041847467422e-03
5.357459999999688080e+03 1.204050257802009583e-01 6.747159175574779510e-03
5.358939999999687643e+03 1.090287417173385620e-01 6.577438674867153168e-03
5.360419999999687207e+03 1.089431568980216980e-01 6.504593417048454285e-03
5.361899999999686770e+03 9.894676506519317627e-02 6.332223303616046906e-03
5.363379999999686333e+03 9.668781608343124390e-02 6.267457269132137299e-03
5.364859999999685897e+03 1.176850795745849609e-01 6.630581337958574295e-03
5.366339999999685460e+03 1.069048047065734863e-01 6.493243854492902756e-03
5.367819999999685024e+03 1.047580689191818237e-01 6.421562284231185913e-03
5.369299999999684587e+03 1.008166521787643433e-01 6.303866393864154816e-03
5.370779999999684151e+03 1.140811219811439514e-01 6.564430426806211472e-03
5.372259999999683714e+03 1.087949872016906738e-01 6.494654342532157898e-03
5.373739999999683278e+03 1.179965212941169739e-01 6.716885603964328766e-03
5.375219999999682841e+03 1.145402193069458008e-01 6.648051086813211441e-03
5.376699999999682404e+03 1.154816672205924988e-01 6.648232229053974152e-03
5.378179999999681968e+03 1.195857673883438110e-01 6.681457161903381348e-03
5.379659999999681531e+03 1.104300767183303833e-01 6.535736378282308578e-03
5.381139999999681095e+03 9.802873432636260986e-02 6.296675652265548706e-03
5.382619999999680658e+03 9.958834946155548096e-02 6.295371800661087036e-03
5.384099999999680222e+03 1.136269792914390564e-01 6.579024251550436020e-03
5.385579999999679785e+03 1.179701834917068481e-01 6.687991786748170853e-03
5.387059999999679349e+03 1.161298230290412903e-01 6.624260451644659042e-03
5.388539999999678912e+03 1.094353571534156799e-01 6.499432493001222610e-03
5.390019999999678475e+03 1.165032759308815002e-01 6.636928766965866089e-03
5.391499999999678039e+03 1.133602634072303772e-01 6.558742839843034744e-03
5.392979999999677602e+03 1.188426464796066284e-01 6.640314590185880661e-03
5.394459999999677166e+03 1.114859953522682190e-01 6.516882218420505524e-03
5.395939999999676729e+03 1.072793528437614441e-01 6.407860666513442993e-03
5.397419999999676293e+03 1.027277782559394836e-01 6.282615475356578827e-03
5.398899999999675856e+03 1.117938682436943054e-01 6.470774300396442413e-03
5.400379999999675420e+03 1.134885400533676147e-01 6.490362808108329773e-03
5.401859999999674983e+03 1.158933490514755249e-01 6.511086598038673401e-03
5.403339999999674546e+03 1.199596375226974487e-01 6.603894755244255066e-03
5.404819999999674110e+03 1.162522211670875549e-01 6.424771156162023544e-03
5.406299999999673673e+03 1.249759644269943237e-01 6.719060242176055908e-03
5.407779999999673237e+03 1.190201640129089355e-01 6.639034952968358994e-03
5.409259999999672800e+03 1.173109039664268494e-01 6.586899049580097198e-03
5.410739999999672364e+03 1.191547960042953491e-01 6.662953644990921021e-03
5.412219999999671927e+03 1.130103617906570435e-01 6.532635539770126343e-03
5.413699999999671491e+03 1.090088114142417908e-01 6.470832042396068573e-03
5.415179999999671054e+03 1.005854681134223938e-01 6.341509521007537842e-03
5.416659999999670617e+03 1.033568978309631348e-01 6.383511237800121307e-03
5.418139999999670181e+03 1.191188991069793701e-01 6.651693489402532578e-03
5.419619999999669744e+03 1.227020397782325745e-01 6.700407713651657104e-03
5.421099999999669308e+03 1.317268013954162598e-01 6.842518690973520279e-03
5.422579999999668871e+03 1.245427727699279785e-01 6.695546675473451614e-03
5.424059999999668435e+03 1.181216761469841003e-01 6.517530418932437897e-03
5.425539999999667998e+03 1.092516481876373291e-01 6.426376756280660629e-03
5.427019999999667561e+03 1.009331569075584412e-01 6.301049608737230301e-03
5.428499999999667125e+03 1.008867323398590088e-01 6.274712737649679184e-03
5.429979999999666688e+03 1.174606904387474060e-01 6.566685158759355545e-03
5.431459999999666252e+03 1.136306747794151306e-01 6.529314443469047546e-03
5.432939999999665815e+03 1.213104799389839172e-01 6.632409989833831787e-03
5.434419999999665379e+03 1.206609085202217102e-01 6.645426154136657715e-03
5.435899999999664942e+03 1.176004037261009216e-01 6.629371549934148788e-03
5.437379999999664506e+03 1.081003919243812561e-01 6.490819621831178665e-03
5.438859999999664069e+03 1.067679598927497864e-01 6.472978275269269943e-03
5.440339999999663632e+03 1.041376963257789612e-01 6.426756735891103745e-03
5.441819999999663196e+03 1.054655313491821289e-01 6.435237824916839600e-03
5.443299999999662759e+03 1.051840931177139282e-01 6.385899614542722702e-03
5.444779999999662323e+03 1.171965077519416809e-01 6.496604532003402710e-03
5.446259999999661886e+03 1.191792637109756470e-01 6.538015324622392654e-03
5.447739999999661450e+03 1.143733114004135132e-01 6.507560145109891891e-03
5.449219999999661013e+03 1.210926100611686707e-01 6.647268775850534439e-03
5.450699999999660577e+03 1.198277994990348816e-01 6.593946367502212524e-03
5.452179999999660140e+03 1.155576333403587341e-01 6.565037183463573456e-03
5.453659999999659703e+03 1.126559898257255554e-01 6.396231241524219513e-03
5.455139999999659267e+03 1.095088720321655273e-01 6.395921576768159866e-03
5.456619999999658830e+03 1.191979050636291504e-01 6.613491103053092957e-03
5.458099999999658394e+03 1.129693835973739624e-01 6.631462834775447845e-03
5.459579999999657957e+03 1.181508675217628479e-01 6.741229910403490067e-03
5.461059999999657521e+03 1.178917214274406433e-01 6.684517022222280502e-03
5.462539999999657084e+03 1.046111732721328735e-01 6.356188561767339706e-03
5.464019999999656648e+03 1.146786957979202271e-01 6.526081822812557220e-03
5.465499999999656211e+03 1.064923629164695740e-01 6.396527402102947235e-03
5.466979999999655774e+03 1.067547127604484558e-01 6.408116780221462250e-03
5.468459999999655338e+03 1.089540198445320129e-01 6.469453219324350357e-03
5.469939999999654901e+03 1.002558916807174683e-01 6.265182048082351685e-03
5.471419999999654465e+03 1.125750467181205750e-01 6.455146707594394684e-03
5.472899999999654028e+03 1.203557997941970825e-01 6.588236894458532333e-03
5.474379999999653592e+03 1.252365112304687500e-01 6.640571635216474533e-03
5.475859999999653155e+03 1.257348209619522095e-01 6.606100127100944519e-03
5.477339999999652719e+03 1.208453476428985596e-01 6.539912894368171692e-03
5.478819999999652282e+03 1.178566217422485352e-01 6.479416973888874054e-03
5.480299999999651845e+03 1.098067164421081543e-01 7.070216350257396698e-03
5.481779999999651409e+03 1.186863854527473450e-01 1.752807199954986572e-02
5.483259999999650972e+03 1.217529624700546265e-01 1.506197638809680939e-02
5.484739999999650536e+03 1.018173322081565857e-01 6.326226983219385147e-03
5.486219999999650099e+03 1.066725999116897583e-01 6.357580889016389847e-03
5.487699999999649663e+03 1.236615777015686035e-01 6.639476399868726730e-03
5.489179999999649226e+03 1.171988695859909058e-01 6.588855292648077011e-03
5.490659999999648790e+03 1.155966222286224365e-01 6.584768649190664291e-03
5.492139999999648353e+03 1.154384911060333252e-01 6.541799288243055344e-03
5.493619999999647916e+03 1.111027374863624573e-01 6.446869578212499619e-03
5.495099999999647480e+03 1.061148121953010559e-01 6.357972510159015656e-03
5.496579999999647043e+03 9.686517715454101562e-02 6.218341179192066193e-03
5.498059999999646607e+03 1.059261038899421692e-01 6.386459339410066605e-03
5.499539999999646170e+03 1.131734177470207214e-01 6.502348929643630981e-03
5.501019999999645734e+03 1.097279936075210571e-01 6.432326044887304306e-03
5.502499999999645297e+03 1.210621669888496399e-01 6.599193904548883438e-03
5.503979999999644861e+03 1.133679151535034180e-01 3.725387156009674072e-02
5.505459999999644424e+03 1.092837303876876831e-01 2.009202167391777039e-02
5.506939999999643987e+03 1.182880476117134094e-01 6.559084635227918625e-03
5.508419999999643551e+03 1.141850948333740234e-01 6.467535626143217087e-03
5.509899999999643114e+03 1.205277293920516968e-01 6.565073970705270767e-03
5.511379999999642678e+03 1.144969314336776733e-01 6.455437745898962021e-03
5.512859999999642241e+03 1.190293282270431519e-01 6.531497463583946228e-03
5.514339999999641805e+03 1.096482872962951660e-01 6.393587682396173477e-03
5.515819999999641368e+03 1.123358458280563354e-01 6.481283809989690781e-03
5.517299999999640931e+03 1.228843927383422852e-01 6.655704695731401443e-03
5.518779999999640495e+03 1.098280772566795349e-01 6.436402909457683563e-03
5.520259999999640058e+03 1.111933067440986633e-01 6.500490941107273102e-03
5.521739999999639622e+03 1.087846979498863220e-01 6.438589654862880707e-03
5.523219999999639185e+03 1.190290525555610657e-01 6.576960906386375427e-03
5.524699999999638749e+03 1.170435100793838501e-01 6.574389059096574783e-03
5.526179999999638312e+03 1.083145812153816223e-01 6.347665097564458847e-03
5.527659999999637876e+03 1.065024137496948242e-01 6.275699008256196976e-03
5.529139999999637439e+03 1.187472864985466003e-01 6.541726179420948029e-03
5.530619999999637002e+03 1.120828166604042053e-01 6.475543603301048279e-03
5.532099999999636566e+03 1.150127798318862915e-01 6.497106514871120453e-03
5.533579999999636129e+03 1.151737049221992493e-01 6.503087934106588364e-03
5.535059999999635693e+03 1.140725389122962952e-01 6.464389618486166000e-03
5.536539999999635256e+03 1.094960570335388184e-01 6.410861387848854065e-03
5.538019999999634820e+03 1.075756773352622986e-01 6.388251669704914093e-03
5.539499999999634383e+03 1.090064570307731628e-01 6.446680519729852676e-03
5.540979999999633947e+03 1.067257896065711975e-01 6.500334478914737701e-03
5.542459999999633510e+03 1.185948923230171204e-01 6.700853817164897919e-03
5.543939999999633073e+03 1.191192790865898132e-01 6.721245124936103821e-03
5.545419999999632637e+03 1.087368056178092957e-01 6.492641288787126541e-03
5.546899999999632200e+03 1.085630953311920166e-01 6.424808874726295471e-03
5.548379999999631764e+03 1.117207109928131104e-01 6.475574336946010590e-03
5.549859999999631327e+03 1.168651729822158813e-01 6.540553644299507141e-03
5.551339999999630891e+03 1.144007667899131775e-01 6.478936411440372467e-03
5.552819999999630454e+03 1.108512058854103088e-01 6.388807203620672226e-03
5.554299999999630018e+03 1.125007644295692444e-01 6.436908617615699768e-03
5.555779999999629581e+03 1.105743423104286194e-01 6.434674374759197235e-03
5.557259999999629144e+03 1.138928681612014771e-01 6.485680583864450455e-03
5.558739999999628708e+03 1.175417602062225342e-01 6.549284327775239944e-03
5.560219999999628271e+03 1.080285757780075073e-01 6.383006926625967026e-03
5.561699999999627835e+03 1.170206740498542786e-01 6.672958377748727798e-03
5.563179999999627398e+03 1.262568533420562744e-01 6.922962609678506851e-03
5.564659999999626962e+03 1.148642227053642273e-01 6.688749883323907852e-03
5.566139999999626525e+03 1.062880009412765503e-01 6.425813306123018265e-03
5.567619999999626089e+03 1.128825396299362183e-01 6.531983148306608200e-03
5.569099999999625652e+03 1.142375916242599487e-01 6.553983315825462341e-03
5.570579999999625215e+03 1.062922775745391846e-01 6.364471744745969772e-03
5.572059999999624779e+03 1.131699532270431519e-01 6.392545532435178757e-03
5.573539999999624342e+03 8.861621469259262085e-02 6.434012670069932938e-03
5.575019999999623906e+03 6.293831765651702881e-02 1.601567119359970093e-02
5.576499999999623469e+03 6.068576499819755554e-02 2.344016917049884796e-02
5.577979999999623033e+03 1.005427725613117218e-02 2.004897408187389374e-02
5.579459999999622596e+03 2.641498111188411713e-02 8.718380704522132874e-03
5.580939999999622160e+03 1.010316684842109680e-01 6.357521750032901764e-03
5.582419999999621723e+03 1.109572425484657288e-01 6.397651508450508118e-03
5.583899999999621286e+03 1.109293997287750244e-01 6.431025918573141098e-03
5.585379999999620850e+03 1.094301789999008179e-01 6.321407854557037354e-03
5.586859999999620413e+03 1.234151422977447510e-01 6.659149657934904099e-03
5.588339999999619977e+03 1.095359921455383301e-01 6.547948811203241348e-03
5.589819999999619540e+03 1.225062608718872070e-01 6.654547993093729019e-03
5.591299999999619104e+03 1.148733794689178467e-01 6.429933942854404449e-03
5.592779999999618667e+03 1.063018888235092163e-01 6.277032196521759033e-03
5.594259999999618231e+03 1.154388636350631714e-01 6.415534298866987228e-03
5.595739999999617794e+03 1.129997968673706055e-01 6.445562466979026794e-03
5.597219999999617357e+03 1.077491790056228638e-01 6.349076051265001297e-03
5.598699999999616921e+03 1.020832434296607971e-01 6.219285074621438980e-03
5.600179999999616484e+03 1.137948408722877502e-01 6.366577465087175369e-03
5.601659999999616048e+03 1.159010678529739380e-01 6.402675993740558624e-03
5.603139999999615611e+03 1.061180382966995239e-01 6.382764317095279694e-03
5.604619999999615175e+03 1.211107522249221802e-01 6.834180094301700592e-03
5.606099999999614738e+03 1.067514717578887939e-01 6.492994260042905807e-03
5.607579999999614301e+03 1.112178936600685120e-01 6.453057285398244858e-03
5.609059999999613865e+03 1.099117845296859741e-01 6.376118864864110947e-03
5.610539999999613428e+03 1.098024621605873108e-01 6.387357134371995926e-03
5.612019999999612992e+03 1.227329298853874207e-01 6.598500534892082214e-03
5.613499999999612555e+03 1.218949556350708008e-01 6.509893573820590973e-03
5.614979999999612119e+03 1.193260550498962402e-01 6.446877960115671158e-03
5.616459999999611682e+03 1.130967512726783752e-01 6.444931495934724808e-03
5.617939999999611246e+03 1.088949963450431824e-01 6.386687979102134705e-03
5.619419999999610809e+03 1.124877706170082092e-01 6.393709685653448105e-03
5.620899999999610372e+03 1.159046962857246399e-01 6.484288722276687622e-03
5.622379999999609936e+03 1.080573350191116333e-01 6.486719008535146713e-03
5.623859999999609499e+03 1.129011586308479309e-01 6.577696651220321655e-03
5.625339999999609063e+03 1.145445406436920166e-01 6.514852866530418396e-03
5.626819999999608626e+03 1.157801523804664612e-01 6.441087462007999420e-03
5.628299999999608190e+03 1.109069436788558960e-01 6.403548642992973328e-03
5.629779999999607753e+03 1.074729263782501221e-01 6.369631271809339523e-03
5.631259999999607317e+03 1.076873540878295898e-01 6.347802001982927322e-03
5.632739999999606880e+03 1.046182364225387573e-01 6.288605742156505585e-03
5.634219999999606443e+03 1.037823930382728577e-01 6.222914438694715500e-03
5.635699999999606007e+03 1.168935075402259827e-01 6.452185567468404770e-03
5.637179999999605570e+03 1.035352498292922974e-01 6.252239458262920380e-03
5.638659999999605134e+03 1.079429611563682556e-01 6.356272380799055099e-03
5.640139999999604697e+03 1.127290725708007812e-01 6.359653081744909286e-03
5.641619999999604261e+03 1.169566959142684937e-01 6.436142604798078537e-03
5.643099999999603824e+03 1.135736703872680664e-01 6.459586787968873978e-03
5.644579999999603388e+03 1.094885542988777161e-01 6.448955740779638290e-03
5.646059999999602951e+03 1.064618453383445740e-01 6.345905829221010208e-03
5.647539999999602514e+03 1.060261130332946777e-01 6.270420271903276443e-03
5.649019999999602078e+03 1.186154633760452271e-01 6.446032319217920303e-03
5.650499999999601641e+03 1.159622818231582642e-01 6.423885002732276917e-03
5.651979999999601205e+03 1.125511974096298218e-01 6.386263296008110046e-03
5.653459999999600768e+03 1.162634715437889099e-01 6.406183354556560516e-03
5.654939999999600332e+03 1.187621727585792542e-01 6.455778609961271286e-03
5.656419999999599895e+03 1.087519377470016479e-01 6.254127714782953262e-03
5.657899999999599459e+03 1.030466705560684204e-01 6.132090464234352112e-03
5.659379999999599022e+03 1.133515238761901855e-01 6.326692178845405579e-03
5.660859999999598585e+03 1.165120154619216919e-01 6.387494504451751709e-03
5.662339999999598149e+03 1.065301969647407532e-01 6.243699695914983749e-03
5.663819999999597712e+03 9.772109985351562500e-02 6.130541674792766571e-03
5.665299999999597276e+03 1.088247001171112061e-01 6.289984565228223801e-03
5.666779999999596839e+03 1.141030937433242798e-01 6.386891938745975494e-03
5.668259999999596403e+03 1.066273748874664307e-01 6.307671312242746353e-03
5.669739999999595966e+03 1.065820157527923584e-01 6.291858386248350143e-03
5.671219999999595530e+03 1.175126060843467712e-01 6.433478090912103653e-03
5.672699999999595093e+03 1.172193512320518494e-01 6.424496881663799286e-03
5.674179999999594656e+03 1.195553243160247803e-01 6.452535279095172882e-03
5.675659999999594220e+03 1.174261271953582764e-01 6.426280830055475235e-03
5.677139999999593783e+03 1.114967837929725647e-01 6.340963765978813171e-03
5.678619999999593347e+03 1.172912567853927612e-01 6.454916205257177353e-03
5.680099999999592910e+03 1.144325584173202515e-01 6.365180481225252151e-03
5.681579999999592474e+03 1.116909161210060120e-01 6.320666056126356125e-03
5.683059999999592037e+03 1.128798276185989380e-01 6.368941627442836761e-03
5.684539999999591600e+03 1.129441559314727783e-01 6.360730156302452087e-03
5.686019999999591164e+03 1.114632785320281982e-01 6.305742543190717697e-03
5.687499999999590727e+03 1.146306917071342468e-01 6.385645829141139984e-03
5.688979999999590291e+03 1.177771016955375671e-01 6.497651804238557816e-03
5.690459999999589854e+03 1.110947877168655396e-01 6.384719163179397583e-03
5.691939999999589418e+03 1.069815456867218018e-01 6.300176028162240982e-03
5.693419999999588981e+03 1.068106293678283691e-01 6.306512746959924698e-03
5.694899999999588545e+03 9.840901941061019897e-02 6.182217970490455627e-03
5.696379999999588108e+03 1.057004183530807495e-01 6.310585886240005493e-03
5.697859999999587671e+03 1.132682487368583679e-01 6.385650951415300369e-03
5.699339999999587235e+03 1.107964366674423218e-01 3.499226272106170654e-02
5.700819999999586798e+03 1.051702797412872314e-01 3.035320900380611420e-02
5.702299999999586362e+03 1.069134622812271118e-01 6.311826407909393311e-03
5.703779999999585925e+03 1.138511076569557190e-01 6.355409510433673859e-03
5.705259999999585489e+03 1.080820560455322266e-01 6.301016081124544144e-03
5.706739999999585052e+03 1.000559329986572266e-01 6.130034569650888443e-03
5.708219999999584616e+03 1.074006855487823486e-01 6.258653942495584488e-03
5.709699999999584179e+03 1.143698841333389282e-01 6.381260696798563004e-03
5.711179999999583742e+03 1.115071326494216919e-01 6.341300439089536667e-03
5.712659999999583306e+03 9.895629435777664185e-02 6.169451866298913956e-03
5.714139999999582869e+03 1.033338829874992371e-01 6.268573924899101257e-03
5.715619999999582433e+03 1.086118668317794800e-01 6.350757088512182236e-03
5.717099999999581996e+03 1.064455881714820862e-01 6.298287305980920792e-03
5.718579999999581560e+03 1.046951785683631897e-01 6.277963984757661819e-03
5.720059999999581123e+03 1.062233299016952515e-01 6.360331084579229355e-03
5.721539999999580687e+03 1.108898967504501343e-01 6.386911962181329727e-03
5.723019999999580250e+03 1.038891002535820007e-01 6.288475356996059418e-03
5.724499999999579813e+03 1.038107126951217651e-01 6.292120087891817093e-03
5.725979999999579377e+03 1.100978702306747437e-01 6.379150319844484329e-03
5.727459999999578940e+03 1.089600026607513428e-01 6.305494811385869980e-03
5.728939999999578504e+03 1.172569468617439270e-01 7.091586478054523468e-03
5.730419999999578067e+03 1.092845350503921509e-01 1.119069848209619522e-02
5.731899999999577631e+03 9.502734988927841187e-02 8.730217814445495605e-03
5.733379999999577194e+03 1.072927266359329224e-01 6.272926460951566696e-03
5.734859999999576758e+03 1.116606593132019043e-01 6.399911362677812576e-03
5.736339999999576321e+03 1.063928306102752686e-01 6.290419027209281921e-03
5.737819999999575884e+03 1.044464334845542908e-01 6.256006658077239990e-03
5.739299999999575448e+03 1.084545701742172241e-01 6.304179783910512924e-03
5.740779999999575011e+03 1.148863285779953003e-01 6.430748384445905685e-03
5.742259999999574575e+03 1.094476878643035889e-01 6.351773161441087723e-03
5.743739999999574138e+03 1.057763099670410156e-01 6.283924914896488190e-03
5.745219999999573702e+03 1.055781915783882141e-01 6.277049425989389420e-03
5.746699999999573265e+03 1.128682568669319153e-01 6.386785767972469330e-03
5.748179999999572829e+03 1.136965006589889526e-01 6.400814279913902283e-03
5.749659999999572392e+03 1.026858612895011902e-01 6.192402914166450500e-03
5.751139999999571955e+03 1.058523803949356079e-01 6.249965168535709381e-03
5.752619999999571519e+03 1.113624200224876404e-01 6.285923067480325699e-03
5.754099999999571082e+03 1.023151874542236328e-01 6.180349737405776978e-03
5.755579999999570646e+03 1.005478799343109131e-01 6.199866067618131638e-03
5.757059999999570209e+03 1.096554324030876160e-01 6.339719053357839584e-03
5.758539999999569773e+03 1.110837832093238831e-01 6.351219490170478821e-03
5.760019999999569336e+03 1.017399281263351440e-01 6.189121864736080170e-03
5.761499999999568900e+03 1.095045208930969238e-01 6.274554412811994553e-03
5.762979999999568463e+03 1.011540517210960388e-01 6.113960873335599899e-03
5.764459999999568026e+03 1.010381653904914856e-01 6.182344164699316025e-03
5.765939999999567590e+03 1.039937138557434082e-01 6.276778411120176315e-03
5.767419999999567153e+03 1.099314838647842407e-01 6.371731404215097427e-03
5.768899999999566717e+03 1.084413528442382812e-01 6.325922906398773193e-03
5.770379999999566280e+03 1.081536635756492615e-01 6.320956628769636154e-03
5.771859999999565844e+03 1.066271886229515076e-01 6.262824870645999908e-03
5.773339999999565407e+03 1.060006469488143921e-01 6.245226599276065826e-03
5.774819999999564970e+03 1.138913482427597046e-01 6.383449304848909378e-03
5.776299999999564534e+03 1.110094711184501648e-01 6.340640597045421600e-03
5.777779999999564097e+03 1.105517074465751648e-01 6.343096960335969925e-03
5.779259999999563661e+03 1.096833571791648865e-01 6.314978934824466705e-03
5.780739999999563224e+03 1.071740314364433289e-01 6.258037406951189041e-03
5.782219999999562788e+03 1.253214776515960693e-01 6.513974629342556000e-03
5.783699999999562351e+03 1.199898198246955872e-01 6.453828886151313782e-03
5.785179999999561915e+03 1.127706244587898254e-01 6.306624971330165863e-03
5.786659999999561478e+03 1.078189015388488770e-01 6.280675530433654785e-03
5.788139999999561041e+03 1.076617538928985596e-01 6.277978420257568359e-03
5.789619999999560605e+03 9.673121571540832520e-02 6.097861565649509430e-03
5.791099999999560168e+03 1.007923334836959839e-01 6.171627901494503021e-03
5.792579999999559732e+03 1.155447214841842651e-01 6.367651280015707016e-03
5.794059999999559295e+03 1.129131540656089783e-01 6.318044848740100861e-03
5.795539999999558859e+03 1.019401997327804565e-01 6.152885966002941132e-03
5.797019999999558422e+03 1.035492420196533203e-01 6.182197481393814087e-03
5.798499999999557986e+03 1.026811078190803528e-01 6.154998205602169037e-03
5.799979999999557549e+03 1.040051579475402832e-01 6.196923553943634033e-03
5.801459999999557112e+03 1.067366674542427063e-01 6.280756089836359024e-03
5.802939999999556676e+03 1.052167788147926331e-01 6.222477182745933533e-03
5.804419999999556239e+03 9.867064654827117920e-02 6.069293711334466934e-03
5.805899999999555803e+03 1.095382273197174072e-01 6.252661347389221191e-03
5.807379999999555366e+03 1.106652691960334778e-01 6.283529568463563919e-03
5.808859999999554930e+03 1.030688509345054626e-01 6.184749770909547806e-03
5.810339999999554493e+03 1.058321967720985413e-01 6.221251562237739563e-03
5.811819999999554057e+03 1.143602356314659119e-01 6.336268037557601929e-03
5.813299999999553620e+03 9.990087151527404785e-02 6.117213517427444458e-03
5.814779999999553183e+03 9.390442818403244019e-02 6.005188450217247009e-03
5.816259999999552747e+03 1.019325256347656250e-01 6.091823335736989975e-03
5.817739999999552310e+03 1.004964411258697510e-01 6.113202776759862900e-03
5.819219999999551874e+03 1.088630855083465576e-01 6.286690011620521545e-03
5.820699999999551437e+03 1.146570071578025818e-01 6.345564499497413635e-03
5.822179999999551001e+03 1.055834665894508362e-01 6.211145780980587006e-03
5.823659999999550564e+03 1.110271066427230835e-01 6.304467562586069107e-03
5.825139999999550128e+03 1.210205778479576111e-01 6.450586020946502686e-03
5.826619999999549691e+03 1.140303686261177063e-01 6.338725797832012177e-03
5.828099999999549254e+03 1.166214793920516968e-01 6.386559456586837769e-03
5.829579999999548818e+03 1.109594628214836121e-01 6.283307448029518127e-03
5.831059999999548381e+03 1.073377951979637146e-01 6.224261596798896790e-03
5.832539999999547945e+03 1.175484061241149902e-01 6.368708331137895584e-03
5.834019999999547508e+03 1.080708354711532593e-01 6.233514286577701569e-03
5.835499999999547072e+03 1.064322367310523987e-01 6.221597082912921906e-03
5.836979999999546635e+03 1.131515949964523315e-01 6.299612112343311310e-03
5.838459999999546199e+03 1.098212748765945435e-01 6.246533710509538651e-03
5.839939999999545762e+03 1.103377789258956909e-01 6.250686477869749069e-03
5.841419999999545325e+03 1.044679582118988037e-01 6.161984987556934357e-03
5.842899999999544889e+03 1.094515845179557800e-01 6.253430154174566269e-03
5.844379999999544452e+03 1.143366619944572449e-01 6.322091910988092422e-03
5.845859999999544016e+03 1.118583232164382935e-01 6.270862650126218796e-03
5.847339999999543579e+03 1.180242374539375305e-01 6.363124120980501175e-03
5.848819999999543143e+03 1.193745732307434082e-01 6.383415311574935913e-03
5.850299999999542706e+03 1.175647154450416565e-01 6.319748237729072571e-03
5.851779999999542270e+03 1.149955391883850098e-01 6.280687637627124786e-03
5.853259999999541833e+03 1.036103665828704834e-01 6.134464871138334274e-03
5.854739999999541396e+03 1.080688908696174622e-01 6.204606499522924423e-03
5.856219999999540960e+03 1.099880635738372803e-01 6.216855254024267197e-03
5.857699999999540523e+03 1.086851060390472412e-01 6.216698326170444489e-03
5.859179999999540087e+03 1.154509261250495911e-01 6.351899355649948120e-03
5.860659999999539650e+03 1.091908439993858337e-01 6.237306632101535797e-03
5.862139999999539214e+03 1.153034269809722900e-01 6.357576698064804077e-03
5.863619999999538777e+03 1.124364584684371948e-01 6.506711710244417191e-03
5.865099999999538340e+03 1.135809421539306641e-01 6.857460830360651016e-03
5.866579999999537904e+03 1.276872605085372925e-01 7.249295711517333984e-03
5.868059999999537467e+03 1.169854253530502319e-01 6.958462763577699661e-03
5.869539999999537031e+03 1.105731055140495300e-01 6.548991892486810684e-03
5.871019999999536594e+03 1.121494099497795105e-01 6.425194442272186279e-03
5.872499999999536158e+03 1.075858548283576965e-01 6.385858170688152313e-03
5.873979999999535721e+03 1.087152287364006042e-01 6.426338572055101395e-03
5.875459999999535285e+03 1.008905023336410522e-01 6.246564444154500961e-03
5.876939999999534848e+03 9.750772267580032349e-02 6.157776340842247009e-03
5.878419999999534411e+03 1.004593372344970703e-01 6.149655207991600037e-03
5.879899999999533975e+03 1.058901026844978333e-01 6.239949725568294525e-03
5.881379999999533538e+03 1.101440712809562683e-01 6.315736100077629089e-03
5.882859999999533102e+03 1.008725464344024658e-01 6.173755042254924774e-03
5.884339999999532665e+03 1.122845485806465149e-01 6.361302454024553299e-03
5.885819999999532229e+03 8.431676775217056274e-02 6.579095963388681412e-03
5.887299999999531792e+03 5.349066480994224548e-02 1.198213454335927963e-02
5.888779999999531356e+03 1.125405877828598022e-01 1.878252252936363220e-02
5.890259999999530919e+03 1.000880226492881775e-01 1.844051107764244080e-02
5.891739999999530482e+03 4.307554662227630615e-02 1.297299936413764954e-02
5.893219999999530046e+03 6.124551221728324890e-02 6.813287734985351562e-03
5.894699999999529609e+03 1.086734384298324585e-01 7.791873533278703690e-03
5.896179999999529173e+03 1.098601222038269043e-01 7.742469664663076401e-03
5.897659999999528736e+03 8.825375884771347046e-02 6.548560224473476410e-03
5.899139999999528300e+03 1.148510351777076721e-01 6.388957612216472626e-03
5.900619999999527863e+03 1.216729357838630676e-01 6.519390270113945007e-03
5.902099999999527427e+03 1.087670996785163879e-01 6.336089223623275757e-03
5.903579999999526990e+03 1.116682440042495728e-01 6.447511725127696991e-03
5.905059999999526553e+03 1.118378937244415283e-01 6.504309363663196564e-03
5.906539999999526117e+03 9.943795949220657349e-02 6.352659780532121658e-03
5.908019999999525680e+03 1.003855615854263306e-01 6.296811625361442566e-03
5.909499999999525244e+03 9.996317327022552490e-02 6.148680113255977631e-03
5.910979999999524807e+03 9.631542116403579712e-02 6.072282325476408005e-03
5.912459999999524371e+03 1.028248965740203857e-01 6.291507277637720108e-03
5.913939999999523934e+03 1.072795316576957703e-01 6.785153876990079880e-03
5.915419999999523498e+03 1.112702712416648865e-01 6.996588315814733505e-03
5.916899999999523061e+03 1.026166751980781555e-01 6.483449134975671768e-03
5.918379999999522624e+03 1.207216531038284302e-01 6.447035353630781174e-03
5.919859999999522188e+03 1.055400073528289795e-01 6.185262929648160934e-03
5.921339999999521751e+03 1.098174750804901123e-01 6.271870806813240051e-03
5.922819999999521315e+03 1.176314353942871094e-01 6.512852851301431656e-03
5.924299999999520878e+03 1.131446212530136108e-01 6.553745828568935394e-03
5.925779999999520442e+03 1.028436720371246338e-01 6.352615077048540115e-03
5.927259999999520005e+03 1.089671179652214050e-01 6.218984723091125488e-03
5.928739999999519569e+03 1.034084483981132507e-01 6.105471868067979813e-03
5.930219999999519132e+03 1.000779867172241211e-01 6.213302724063396454e-03
5.931699999999518695e+03 1.257276237010955811e-01 7.131892256438732147e-03
5.933179999999518259e+03 1.196720823645591736e-01 7.113034836947917938e-03
5.934659999999517822e+03 1.096989214420318604e-01 6.458240561187267303e-03
5.936139999999517386e+03 1.061671748757362366e-01 6.159816402941942215e-03
5.937619999999516949e+03 1.130795404314994812e-01 6.266616750508546829e-03
5.939099999999516513e+03 1.251088082790374756e-01 6.464765872806310654e-03
5.940579999999516076e+03 1.146455928683280945e-01 6.275015417486429214e-03
5.942059999999515640e+03 9.346762299537658691e-02 5.916167050600051880e-03
5.943539999999515203e+03 1.041177511215209961e-01 6.167578976601362228e-03
5.945019999999514766e+03 1.058287695050239563e-01 6.370003800839185715e-03
5.946499999999514330e+03 1.050122529268264771e-01 6.352331954985857010e-03
5.947979999999513893e+03 1.089427471160888672e-01 6.243524607270956039e-03
5.949459999999513457e+03 1.157236248254776001e-01 6.283275783061981201e-03
5.950939999999513020e+03 1.047311052680015564e-01 6.351473741233348846e-03
5.952419999999512584e+03 1.089201942086219788e-01 6.785224657505750656e-03
5.953899999999512147e+03 1.092127859592437744e-01 6.823433563113212585e-03
5.955379999999511710e+03 9.830599278211593628e-02 6.219100672751665115e-03
5.956859999999511274e+03 1.077419966459274292e-01 6.138672586530447006e-03
5.958339999999510837e+03 1.017048135399818420e-01 6.073454394936561584e-03
5.959819999999510401e+03 9.735719859600067139e-02 6.022009067237377167e-03
5.961299999999509964e+03 1.055209040641784668e-01 6.168568972498178482e-03
5.962779999999509528e+03 1.064203754067420959e-01 6.178301293402910233e-03
5.964259999999509091e+03 1.004358753561973572e-01 6.070488132536411285e-03
5.965739999999508655e+03 9.903599321842193604e-02 6.040218751877546310e-03
5.967219999999508218e+03 8.889281004667282104e-02 5.890137050300836563e-03
5.968699999999507781e+03 9.372586011886596680e-02 6.072074174880981445e-03
5.970179999999507345e+03 1.078953221440315247e-01 6.365057080984115601e-03
5.971659999999506908e+03 1.111951395869255066e-01 6.344079971313476562e-03
5.973139999999506472e+03 1.037031635642051697e-01 6.094989366829395294e-03
5.974619999999506035e+03 1.089605316519737244e-01 6.263954564929008484e-03
5.976099999999505599e+03 1.098740473389625549e-01 6.496565416455268860e-03
5.977579999999505162e+03 1.017464250326156616e-01 6.396591197699308395e-03
5.979059999999504726e+03 1.088196113705635071e-01 6.294016726315021515e-03
5.980539999999504289e+03 1.036530956625938416e-01 6.052510812878608704e-03
5.982019999999503852e+03 1.058712229132652283e-01 6.086234934628009796e-03
5.983499999999503416e+03 1.807146519422531128e-01 7.207079790532588959e-03
5.984979999999502979e+03 2.245122790336608887e-01 7.799290586262941360e-03
5.986459999999502543e+03 1.634857654571533203e-01 6.955145858228206635e-03
5.987939999999502106e+03 1.006141901016235352e-01 5.987820681184530258e-03
5.989419999999501670e+03 9.902561455965042114e-02 5.970292259007692337e-03
5.990899999999501233e+03 1.101934090256690979e-01 6.145860999822616577e-03
5.992379999999500797e+03 1.157205775380134583e-01 6.227636244148015976e-03
5.993859999999500360e+03 1.059384495019912720e-01 6.058487109839916229e-03
5.995339999999499923e+03 1.102130189538002014e-01 6.163042038679122925e-03
5.996819999999499487e+03 1.146107539534568787e-01 6.270284298807382584e-03
5.998299999999499050e+03 9.344112128019332886e-02 5.934526212513446808e-03
5.999779999999498614e+03 8.983472734689712524e-02 5.810449365526437759e-03
6.001259999999498177e+03 9.868265688419342041e-02 5.978394765406847000e-03
6.002739999999497741e+03 9.202092885971069336e-02 5.993429571390151978e-03
6.004219999999497304e+03 9.519642591476440430e-02 6.047621369361877441e-03
6.005699999999496868e+03 1.036879196763038635e-01 6.085313856601715088e-03
6.007179999999496431e+03 9.225186705589294434e-02 5.789283197373151779e-03
6.008659999999495994e+03 9.546725451946258545e-02 5.871810019016265869e-03
6.010139999999495558e+03 1.055691093206405640e-01 6.068022921681404114e-03
6.011619999999495121e+03 9.814921021461486816e-02 5.939190741628408432e-03
6.013099999999494685e+03 9.812586009502410889e-02 5.908773280680179596e-03
6.014579999999494248e+03 1.092259585857391357e-01 6.117518059909343719e-03
6.016059999999493812e+03 1.078334227204322815e-01 6.080218590795993805e-03
6.017539999999493375e+03 1.097272187471389771e-01 6.079382728785276413e-03
6.019019999999492939e+03 1.078027635812759399e-01 6.032155361026525497e-03
6.020499999999492502e+03 1.068675816059112549e-01 6.001857109367847443e-03
6.021979999999492065e+03 1.120046526193618774e-01 6.076171528548002243e-03
6.023459999999491629e+03 1.026535332202911377e-01 5.933080799877643585e-03
6.024939999999491192e+03 1.046408936381340027e-01 5.972793791443109512e-03
6.026419999999490756e+03 1.015506908297538757e-01 5.956142209470272064e-03
6.027899999999490319e+03 9.930380433797836304e-02 5.930378567427396774e-03
6.029379999999489883e+03 1.036261022090911865e-01 6.008577998727560043e-03
6.030859999999489446e+03 1.031951159238815308e-01 5.968180950731039047e-03
6.032339999999489009e+03 1.015469655394554138e-01 6.016267929226160049e-03
6.033819999999488573e+03 1.077471077442169189e-01 6.168884690850973129e-03
6.035299999999488136e+03 9.584402292966842651e-02 5.878389813005924225e-03
6.036779999999487700e+03 1.022936776280403137e-01 5.954668857157230377e-03
6.038259999999487263e+03 1.137839481234550476e-01 6.125719752162694931e-03
6.039739999999486827e+03 9.846785664558410645e-02 5.870332010090351105e-03
6.041219999999486390e+03 1.022009626030921936e-01 5.949281621724367142e-03
6.042699999999485954e+03 1.053079813718795776e-01 5.987156648188829422e-03
6.044179999999485517e+03 1.011262461543083191e-01 5.929102189838886261e-03
6.045659999999485080e+03 1.006886661052703857e-01 5.906137172132730484e-03
6.047139999999484644e+03 9.747807681560516357e-02 5.861456971615552902e-03
6.048619999999484207e+03 9.870518743991851807e-02 5.880035925656557083e-03
6.050099999999483771e+03 9.275744110345840454e-02 5.809589754790067673e-03
6.051579999999483334e+03 1.019153669476509094e-01 5.932558793574571609e-03
6.053059999999482898e+03 1.053017973899841309e-01 5.975726060569286346e-03
6.054539999999482461e+03 9.706859290599822998e-02 5.862710997462272644e-03
6.056019999999482025e+03 9.980327636003494263e-02 5.892952438443899155e-03
6.057499999999481588e+03 1.069378331303596497e-01 6.035623140633106232e-03
6.058979999999481151e+03 1.039629355072975159e-01 5.980107001960277557e-03
6.060459999999480715e+03 1.151126325130462646e-01 6.153498310595750809e-03
6.061939999999480278e+03 1.153949275612831116e-01 6.187658756971359253e-03
6.063419999999479842e+03 1.030864343047142029e-01 5.971172824501991272e-03
6.064899999999479405e+03 1.046876907348632812e-01 5.944147240370512009e-03
6.066379999999478969e+03 1.131628528237342834e-01 6.114366464316844940e-03
6.067859999999478532e+03 1.160743162035942078e-01 6.191308144479990005e-03
6.069339999999478096e+03 1.024407446384429932e-01 5.915741901844739914e-03
6.070819999999477659e+03 1.027762964367866516e-01 5.889910273253917694e-03
6.072299999999477222e+03 1.172813326120376587e-01 6.146905943751335144e-03
6.073779999999476786e+03 1.122572869062423706e-01 6.072360556572675705e-03
6.075259999999476349e+03 1.064162328839302063e-01 5.965952761471271515e-03
6.076739999999475913e+03 1.096431016921997070e-01 6.001055240631103516e-03
6.078219999999475476e+03 1.052657589316368103e-01 5.921389441937208176e-03
6.079699999999475040e+03 9.868957102298736572e-02 5.834747571498155594e-03
6.081179999999474603e+03 9.980267286300659180e-02 5.859769415110349655e-03
6.082659999999474167e+03 9.727532416582107544e-02 5.815729498863220215e-03
6.084139999999473730e+03 1.018879413604736328e-01 5.898954346776008606e-03
6.085619999999473293e+03 1.057398319244384766e-01 5.967353936284780502e-03
6.087099999999472857e+03 1.055719852447509766e-01 5.963167175650596619e-03
6.088579999999472420e+03 1.057712286710739136e-01 5.964879412204027176e-03
6.090059999999471984e+03 9.657822549343109131e-02 5.790153052657842636e-03
6.091539999999471547e+03 1.096926629543304443e-01 5.984091199934482574e-03
6.093019999999471111e+03 1.138954758644104004e-01 6.072803866118192673e-03
6.094499999999470674e+03 9.894208610057830811e-02 5.851776339113712311e-03
6.095979999999470238e+03 1.051071733236312866e-01 5.909543018788099289e-03
6.097459999999469801e+03 9.942442178726196289e-02 5.827672779560089111e-03
6.098939999999469364e+03 1.066207289695739746e-01 5.971855949610471725e-03
6.100419999999468928e+03 1.057232394814491272e-01 5.934984423220157623e-03
6.101899999999468491e+03 1.083156690001487732e-01 5.929015111178159714e-03
6.103379999999468055e+03 1.057521328330039978e-01 5.887772422283887863e-03
6.104859999999467618e+03 9.944213926792144775e-02 5.839798599481582642e-03
6.106339999999467182e+03 1.032197326421737671e-01 5.892702378332614899e-03
6.107819999999466745e+03 1.041081622242927551e-01 5.890332628041505814e-03
6.109299999999466309e+03 9.787097573280334473e-02 5.799433216452598572e-03
6.110779999999465872e+03 1.116589382290840149e-01 6.004730239510536194e-03
6.112259999999465435e+03 1.127827018499374390e-01 6.025395356118679047e-03
6.113739999999464999e+03 1.014897227287292480e-01 5.852555390447378159e-03
6.115219999999464562e+03 9.802211076021194458e-02 5.791688337922096252e-03
6.116699999999464126e+03 1.047050505876541138e-01 5.877716932445764542e-03
6.118179999999463689e+03 1.026184335350990295e-01 5.868741311132907867e-03
6.119659999999463253e+03 1.010634452104568481e-01 5.819627083837985992e-03
6.121139999999462816e+03 1.111339405179023743e-01 5.979730281978845596e-03
6.122619999999462379e+03 9.873851388692855835e-02 5.791241303086280823e-03
6.124099999999461943e+03 1.011386364698410034e-01 5.834707058966159821e-03
6.125579999999461506e+03 1.090056374669075012e-01 5.993411410599946976e-03
6.127059999999461070e+03 1.076227873563766479e-01 5.959733389317989349e-03
6.128539999999460633e+03 1.079286634922027588e-01 5.920025054365396500e-03
6.130019999999460197e+03 9.984008967876434326e-02 5.787326954305171967e-03
6.131499999999459760e+03 1.111694425344467163e-01 5.971121601760387421e-03
6.132979999999459324e+03 1.124839633703231812e-01 6.000251509249210358e-03
6.134459999999458887e+03 1.032182350754737854e-01 5.867620930075645447e-03
6.135939999999458450e+03 1.017619520425796509e-01 5.855582188814878464e-03
6.137419999999458014e+03 1.029473915696144104e-01 5.888391751796007156e-03
6.138899999999457577e+03 1.013562157750129700e-01 5.948143545538187027e-03
6.140379999999457141e+03 9.288220852613449097e-02 5.784071981906890869e-03
6.141859999999456704e+03 9.769137203693389893e-02 5.852765403687953949e-03
6.143339999999456268e+03 1.056609600782394409e-01 6.110740825533866882e-03
6.144819999999455831e+03 1.037103608250617981e-01 6.081209518015384674e-03
6.146299999999455395e+03 1.025894358754158020e-01 5.912435706704854965e-03
6.147779999999454958e+03 9.877604991197586060e-02 5.768336821347475052e-03
6.149259999999454521e+03 1.043969690799713135e-01 5.912744905799627304e-03
6.150739999999454085e+03 1.114284545183181763e-01 6.078300997614860535e-03
6.152219999999453648e+03 1.078179478645324707e-01 5.984361749142408371e-03
6.153699999999453212e+03 1.021174937486648560e-01 5.850512534379959106e-03
6.155179999999452775e+03 1.066310554742813110e-01 5.919944494962692261e-03
6.156659999999452339e+03 9.985838085412979126e-02 5.774856079369783401e-03
6.158139999999451902e+03 1.034801155328750610e-01 5.862945690751075745e-03
6.159619999999451466e+03 9.941241890192031860e-02 5.796810146421194077e-03
6.161099999999451029e+03 1.070762723684310913e-01 5.835435353219509125e-03
6.162579999999450592e+03 9.534367173910140991e-02 5.581920035183429718e-03
6.164059999999450156e+03 1.105247884988784790e-01 5.896036513149738312e-03
6.165539999999449719e+03 9.754165261983871460e-02 5.698573775589466095e-03
6.167019999999449283e+03 9.874057769775390625e-02 5.703655537217855453e-03
6.168499999999448846e+03 1.084066778421401978e-01 6.039302330464124680e-03
6.169979999999448410e+03 9.581617265939712524e-02 6.053187884390354156e-03
6.171459999999447973e+03 1.018289253115653992e-01 6.091026589274406433e-03
6.172939999999447537e+03 9.231695532798767090e-02 5.700941197574138641e-03
6.174419999999447100e+03 1.069414019584655762e-01 5.970411468297243118e-03
6.175899999999446663e+03 1.045109480619430542e-01 5.977819673717021942e-03
6.177379999999446227e+03 1.040551289916038513e-01 5.922277458012104034e-03
6.178859999999445790e+03 1.006800085306167603e-01 5.822590086609125137e-03
6.180339999999445354e+03 9.399690479040145874e-02 5.711847450584173203e-03
6.181819999999444917e+03 1.046455428004264832e-01 5.888871848583221436e-03
6.183299999999444481e+03 9.889195859432220459e-02 5.809462163597345352e-03
6.184779999999444044e+03 1.070855110883712769e-01 5.966580007225275040e-03
6.186259999999443608e+03 1.091245785355567932e-01 5.962715484201908112e-03
6.187739999999443171e+03 9.781061857938766479e-02 5.783388856798410416e-03
6.189219999999442734e+03 9.466800093650817871e-02 5.684663541615009308e-03
6.190699999999442298e+03 9.770268201828002930e-02 5.731659010052680969e-03
6.192179999999441861e+03 1.053730621933937073e-01 5.904329475015401840e-03
6.193659999999441425e+03 1.070555076003074646e-01 5.902592092752456665e-03
6.195139999999440988e+03 1.055485159158706665e-01 5.848738830536603928e-03
6.196619999999440552e+03 9.947220981121063232e-02 5.717053543776273727e-03
6.198099999999440115e+03 9.786778688430786133e-02 5.676896777004003525e-03
6.199579999999439679e+03 1.107576563954353333e-01 5.960376933217048645e-03
6.201059999999439242e+03 1.119126528501510620e-01 6.189982406795024872e-03
6.202539999999438805e+03 1.139394789934158325e-01 6.328005809336900711e-03
6.204019999999438369e+03 1.101910546422004700e-01 6.159970536828041077e-03
6.205499999999437932e+03 9.632799029350280762e-02 5.743961781263351440e-03
6.206979999999437496e+03 1.074340641498565674e-01 5.935803987085819244e-03
6.208459999999437059e+03 1.014993637800216675e-01 5.859509576112031937e-03
6.209939999999436623e+03 9.686841815710067749e-02 5.763031076639890671e-03
6.211419999999436186e+03 9.677176177501678467e-02 5.787873640656471252e-03
6.212899999999435749e+03 9.774720668792724609e-02 5.857360083609819412e-03
6.214379999999435313e+03 1.018104404211044312e-01 5.842364393174648285e-03
6.215859999999434876e+03 9.941184520721435547e-02 5.744891241192817688e-03
6.217339999999434440e+03 9.919590502977371216e-02 5.748724564909934998e-03
6.218819999999434003e+03 1.015897989273071289e-01 5.828759633004665375e-03
6.220299999999433567e+03 1.054022014141082764e-01 6.112287752330303192e-03
6.221779999999433130e+03 1.066261827945709229e-01 6.198475603014230728e-03
6.223259999999432694e+03 9.460192918777465820e-02 5.821552593261003494e-03
6.224739999999432257e+03 1.005416736006736755e-01 5.781013052910566330e-03
6.226219999999431820e+03 1.123322471976280212e-01 5.974070634692907333e-03
6.227699999999431384e+03 1.017853170633316040e-01 5.799764301627874374e-03
6.229179999999430947e+03 9.668736159801483154e-02 5.686752032488584518e-03
6.230659999999430511e+03 9.936013817787170410e-02 5.743421614170074463e-03
6.232139999999430074e+03 9.019296616315841675e-02 5.884802434593439102e-03
6.233619999999429638e+03 1.034429445862770081e-01 6.770791951566934586e-03
6.235099999999429201e+03 9.964844584465026855e-02 7.184985559433698654e-03
6.236579999999428765e+03 8.969634026288986206e-02 6.885411217808723450e-03
6.238059999999428328e+03 9.546618163585662842e-02 6.297801155596971512e-03
6.239539999999427891e+03 1.057876199483871460e-01 6.199793890118598938e-03
6.241019999999427455e+03 1.024806052446365356e-01 6.254038307815790176e-03
6.242499999999427018e+03 1.007880121469497681e-01 6.211726926267147064e-03
6.243979999999426582e+03 9.716518968343734741e-02 5.956652108579874039e-03
6.245459999999426145e+03 9.825231134891510010e-02 5.800165235996246338e-03
6.246939999999425709e+03 1.005838364362716675e-01 5.788534879684448242e-03
6.248419999999425272e+03 1.079074293375015259e-01 5.940738599747419357e-03
6.249899999999424836e+03 1.068227738142013550e-01 5.876930430531501770e-03
6.251379999999424399e+03 9.449969977140426636e-02 5.604725796729326248e-03
6.252859999999423962e+03 1.000032275915145874e-01 5.689096171408891678e-03
6.254339999999423526e+03 9.994418919086456299e-02 5.798935890197753906e-03
6.255819999999423089e+03 9.440677613019943237e-02 6.469945888966321945e-03
6.257299999999422653e+03 1.071319133043289185e-01 7.346144877374172211e-03
6.258779999999422216e+03 1.077493876218795776e-01 7.026250008493661880e-03
6.260259999999421780e+03 9.855502843856811523e-02 6.023052148520946503e-03
6.261739999999421343e+03 1.007691919803619385e-01 5.866919644176959991e-03
6.263219999999420907e+03 1.012577116489410400e-01 6.106124725192785263e-03
6.264699999999420470e+03 1.051732748746871948e-01 6.390297319740056992e-03
6.266179999999420033e+03 1.015059500932693481e-01 6.216783542186021805e-03
6.267659999999419597e+03 1.081801056861877441e-01 6.056493613868951797e-03
6.269139999999419160e+03 9.382756054401397705e-02 5.751807242631912231e-03
6.270619999999418724e+03 1.082627102732658386e-01 5.905829835683107376e-03
6.272099999999418287e+03 1.069924458861351013e-01 5.901988130062818527e-03
6.273579999999417851e+03 9.898865222930908203e-02 5.835192278027534485e-03
6.275059999999417414e+03 9.951478242874145508e-02 5.900936666876077652e-03
6.276539999999416978e+03 9.230155497789382935e-02 5.848251748830080032e-03
6.278019999999416541e+03 9.255901724100112915e-02 5.785519257187843323e-03
6.279499999999416104e+03 9.668042510747909546e-02 5.757378879934549332e-03
6.280979999999415668e+03 9.263374656438827515e-02 5.628285929560661316e-03
6.282459999999415231e+03 9.921938180923461914e-02 5.714828148484230042e-03
6.283939999999414795e+03 8.403100073337554932e-02 5.513948388397693634e-03
6.285419999999414358e+03 7.235219329595565796e-02 5.993505939841270447e-03
6.286899999999413922e+03 1.061819940805435181e-01 7.138835266232490540e-03
6.288379999999413485e+03 1.041719987988471985e-01 6.863017100840806961e-03
6.289859999999413048e+03 9.077341854572296143e-02 5.872389301657676697e-03
6.291339999999412612e+03 9.316127747297286987e-02 5.608914420008659363e-03
6.292819999999412175e+03 9.592149406671524048e-02 5.659964866936206818e-03
6.294299999999411739e+03 9.605664014816284180e-02 5.653571337461471558e-03
6.295779999999411302e+03 9.174513816833496094e-02 5.694729741662740707e-03
6.297259999999410866e+03 2.341052889823913574e-02 7.232801523059606552e-03
6.298739999999410429e+03 5.740967020392417908e-02 1.359958387911319733e-02
6.300219999999409993e+03 1.942913383245468140e-01 1.587093248963356018e-02
6.301699999999409556e+03 1.434477418661117554e-01 1.239050086587667465e-02
6.303179999999409119e+03 5.454657226800918579e-02 5.857385229319334030e-03
6.304659999999408683e+03 9.334567189216613770e-02 6.130922585725784302e-03
6.306139999999408246e+03 9.914536029100418091e-02 7.123248185962438583e-03
6.307619999999407810e+03 9.658242017030715942e-02 6.894265767186880112e-03
6.309099999999407373e+03 1.105496287345886230e-01 6.213533692061901093e-03
6.310579999999406937e+03 1.044962406158447266e-01 5.817911121994256973e-03
6.312059999999406500e+03 1.022276729345321655e-01 5.779856350272893906e-03
6.313539999999406064e+03 1.026934832334518433e-01 5.740499589592218399e-03
6.315019999999405627e+03 9.542761743068695068e-02 5.605179350823163986e-03
6.316499999999405190e+03 9.435465931892395020e-02 5.573565606027841568e-03
6.317979999999404754e+03 9.601683169603347778e-02 5.649390630424022675e-03
6.319459999999404317e+03 9.628829360008239746e-02 5.879009608179330826e-03
6.320939999999403881e+03 1.029317080974578857e-01 6.178764160722494125e-03
6.322419999999403444e+03 1.070002540946006775e-01 6.136313080787658691e-03
6.323899999999403008e+03 1.061035394668579102e-01 5.871502682566642761e-03
6.325379999999402571e+03 1.016933843493461609e-01 5.759024526923894882e-03
6.326859999999402135e+03 9.023284167051315308e-02 5.815598648041486740e-03
6.328339999999401698e+03 9.481211006641387939e-02 6.604040972888469696e-03
6.329819999999401261e+03 1.088085845112800598e-01 7.032148074358701706e-03
6.331299999999400825e+03 1.017627716064453125e-01 6.374041084200143814e-03
6.332779999999400388e+03 9.623184800148010254e-02 5.698001012206077576e-03
6.334259999999399952e+03 9.426720440387725830e-02 5.604530218988656998e-03
6.335739999999399515e+03 9.544883668422698975e-02 5.594991147518157959e-03
6.337219999999399079e+03 9.380811452865600586e-02 5.581714212894439697e-03
6.338699999999398642e+03 9.997818619012832642e-02 5.725237075239419937e-03
6.340179999999398206e+03 1.119877919554710388e-01 5.920513067394495010e-03
6.341659999999397769e+03 9.973341226577758789e-02 5.734398961067199707e-03
6.343139999999397332e+03 9.986805170774459839e-02 5.710552912205457687e-03
6.344619999999396896e+03 1.020288020372390747e-01 5.742628592997789383e-03
6.346099999999396459e+03 8.936927467584609985e-02 5.668844562023878098e-03
6.347579999999396023e+03 9.651533514261245728e-02 5.968089215457439423e-03
6.349059999999395586e+03 1.081084311008453369e-01 6.120309233665466309e-03
6.350539999999395150e+03 1.055957078933715820e-01 5.927665159106254578e-03
6.352019999999394713e+03 9.183876216411590576e-02 5.595972295850515366e-03
6.353499999999394277e+03 9.191052615642547607e-02 5.785037763416767120e-03
6.354979999999393840e+03 9.340815246105194092e-02 6.283719092607498169e-03
6.356459999999393403e+03 9.919849783182144165e-02 6.440685130655765533e-03
6.357939999999392967e+03 1.045589819550514221e-01 6.092984694987535477e-03
6.359419999999392530e+03 8.635218441486358643e-02 5.569817963987588882e-03
6.360899999999392094e+03 6.792143732309341431e-02 6.135284435003995895e-03
6.362379999999391657e+03 8.859407156705856323e-02 9.419932030141353607e-03
6.363859999999391221e+03 1.042110770940780640e-01 1.047538034617900848e-02
6.365339999999390784e+03 9.651966392993927002e-02 7.821054197847843170e-03
6.366819999999390348e+03 9.751652926206588745e-02 5.850649438798427582e-03
6.368299999999389911e+03 9.704538434743881226e-02 5.617642309516668320e-03
6.369779999999389474e+03 9.850753843784332275e-02 5.676915869116783142e-03
6.371259999999389038e+03 1.026849746704101562e-01 5.732334684580564499e-03
6.372739999999388601e+03 9.607207775115966797e-02 5.659566726535558701e-03
6.374219999999388165e+03 8.938627690076828003e-02 5.541009362787008286e-03
6.375699999999387728e+03 9.482859820127487183e-02 5.643995944410562515e-03
6.377179999999387292e+03 9.376826137304306030e-02 5.723984912037849426e-03
6.378659999999386855e+03 1.045084670186042786e-01 5.980302114039659500e-03
6.380139999999386418e+03 9.711916744709014893e-02 5.821814294904470444e-03
6.381619999999385982e+03 8.831655979156494141e-02 5.542355589568614960e-03
6.383099999999385545e+03 9.113624691963195801e-02 5.553013645112514496e-03
6.384579999999385109e+03 9.671733528375625610e-02 5.861957091838121414e-03
6.386059999999384672e+03 1.090630143880844116e-01 6.217078305780887604e-03
6.387539999999384236e+03 1.040622740983963013e-01 5.981045309454202652e-03
6.389019999999383799e+03 9.598177671432495117e-02 5.639018956571817398e-03
6.390499999999383363e+03 9.849970042705535889e-02 5.698015447705984116e-03
6.391979999999382926e+03 9.395885467529296875e-02 5.598664283752441406e-03
6.393459999999382489e+03 9.957546740770339966e-02 5.689573474228382111e-03
6.394939999999382053e+03 1.020134538412094116e-01 5.727526731789112091e-03
6.396419999999381616e+03 9.453593194484710693e-02 5.590148735791444778e-03
6.397899999999381180e+03 9.246892482042312622e-02 5.524924956262111664e-03
6.399379999999380743e+03 9.161633253097534180e-02 5.504273809492588043e-03
6.400859999999380307e+03 9.595014154911041260e-02 5.575893912464380264e-03
6.402339999999379870e+03 1.145908012986183167e-01 5.916184280067682266e-03
6.403819999999379434e+03 1.142455562949180603e-01 5.892290733754634857e-03
6.405299999999378997e+03 1.030174121260643005e-01 5.654148291796445847e-03
6.406779999999378560e+03 1.005757823586463928e-01 5.659853108227252960e-03
6.408259999999378124e+03 1.068699806928634644e-01 5.795747973024845123e-03
6.409739999999377687e+03 9.901813417673110962e-02 5.617322865873575211e-03
6.411219999999377251e+03 9.034217894077301025e-02 5.525094456970691681e-03
6.412699999999376814e+03 9.633213281631469727e-02 5.679992027580738068e-03
6.414179999999376378e+03 1.031124517321586609e-01 5.786641966551542282e-03
6.415659999999375941e+03 1.293418705463409424e-01 6.191945169121026993e-03
6.417139999999375505e+03 1.519633978605270386e-01 6.507250480353832245e-03
6.418619999999375068e+03 1.329997777938842773e-01 6.260956171900033951e-03
6.420099999999374631e+03 1.091549098491668701e-01 7.706985808908939362e-03
6.421579999999374195e+03 9.511870145797729492e-02 8.231614716351032257e-03
6.423059999999373758e+03 1.006651222705841064e-01 6.768431980162858963e-03
6.424539999999373322e+03 1.015662848949432373e-01 5.637493915855884552e-03
6.426019999999372885e+03 9.722440689802169800e-02 5.578477401286363602e-03
6.427499999999372449e+03 1.044211611151695251e-01 5.687193013727664948e-03
6.428979999999372012e+03 1.108828485012054443e-01 5.762465298175811768e-03
6.430459999999371576e+03 1.062607690691947937e-01 5.710792262107133865e-03
6.431939999999371139e+03 9.336984157562255859e-02 5.531274247914552689e-03
6.433419999999370702e+03 8.156657963991165161e-02 5.347088910639286041e-03
6.434899999999370266e+03 9.042046964168548584e-02 5.500212311744689941e-03
6.436379999999369829e+03 1.054777801036834717e-01 5.752129480242729187e-03
6.437859999999369393e+03 9.685776382684707642e-02 5.592460744082927704e-03
6.439339999999368956e+03 9.107850492000579834e-02 5.459975916892290115e-03
6.440819999999368520e+03 8.973643183708190918e-02 5.460194312036037445e-03
6.442299999999368083e+03 1.040916591882705688e-01 5.711178760975599289e-03
6.443779999999367647e+03 1.000307872891426086e-01 5.644848570227622986e-03
6.445259999999367210e+03 1.001020371913909912e-01 5.638376809656620026e-03
6.446739999999366773e+03 9.909688681364059448e-02 5.619942676275968552e-03
6.448219999999366337e+03 9.803731739521026611e-02 5.607680417597293854e-03
6.449699999999365900e+03 9.323052316904067993e-02 5.594749003648757935e-03
6.451179999999365464e+03 9.588498622179031372e-02 5.671923980116844177e-03
6.452659999999365027e+03 9.503027796745300293e-02 5.654170177876949310e-03
6.454139999999364591e+03 9.748319536447525024e-02 5.675518885254859924e-03
6.455619999999364154e+03 8.955091238021850586e-02 5.547495093196630478e-03
6.457099999999363718e+03 1.004326716065406799e-01 5.790084600448608398e-03
6.458579999999363281e+03 1.067206710577011108e-01 5.883426871150732040e-03
6.460059999999362844e+03 9.450536966323852539e-02 5.592681933194398880e-03
6.461539999999362408e+03 8.477819710969924927e-02 5.556600168347358704e-03
6.463019999999361971e+03 1.021926030516624451e-01 6.171141285449266434e-03
6.464499999999361535e+03 1.040540784597396851e-01 6.413421127945184708e-03
6.465979999999361098e+03 1.005227044224739075e-01 6.259901449084281921e-03
6.467459999999360662e+03 1.037714630365371704e-01 6.081763654947280884e-03
6.468939999999360225e+03 9.675879776477813721e-02 6.154158618301153183e-03
6.470419999999359788e+03 1.024663299322128296e-01 6.401024758815765381e-03
6.471899999999359352e+03 1.016393452882766724e-01 6.129030603915452957e-03
6.473379999999358915e+03 9.039425849914550781e-02 5.575771443545818329e-03
6.474859999999358479e+03 8.993781358003616333e-02 5.532273091375827789e-03
6.476339999999358042e+03 9.578488767147064209e-02 5.759032908827066422e-03
6.477819999999357606e+03 9.495707601308822632e-02 5.771989468485116959e-03
6.479299999999357169e+03 9.830097109079360962e-02 5.719109904021024704e-03
6.480779999999356733e+03 1.106396988034248352e-01 5.849880632013082504e-03
6.482259999999356296e+03 1.207331568002700806e-01 5.990238394588232040e-03
6.483739999999355859e+03 1.066677048802375793e-01 5.723251029849052429e-03
6.485219999999355423e+03 1.017088294029235840e-01 5.620565265417098999e-03
6.486699999999354986e+03 9.101983904838562012e-02 5.431062541902065277e-03
6.488179999999354550e+03 1.001136451959609985e-01 5.624399986118078232e-03
6.489659999999354113e+03 9.737521409988403320e-02 5.592266097664833069e-03
6.491139999999353677e+03 1.010027453303337097e-01 5.653863772749900818e-03
6.492619999999353240e+03 9.714142978191375732e-02 5.558268167078495026e-03
6.494099999999352804e+03 8.368565142154693604e-02 5.325207021087408066e-03
6.495579999999352367e+03 8.624151349067687988e-02 5.711410194635391235e-03
6.497059999999351930e+03 9.977998584508895874e-02 6.829994730651378632e-03
6.498539999999351494e+03 1.126038059592247009e-01 7.253277581185102463e-03
6.500019999999351057e+03 1.058755218982696533e-01 6.508352234959602356e-03
6.501499999999350621e+03 9.973175078630447388e-02 5.812876857817173004e-03
6.502979999999350184e+03 9.735205769538879395e-02 5.893780384212732315e-03
6.504459999999349748e+03 1.042085736989974976e-01 6.146604195237159729e-03
6.505939999999349311e+03 1.088327243924140930e-01 6.065138150006532669e-03
6.507419999999348875e+03 9.793709963560104370e-02 5.667759105563163757e-03
6.508899999999348438e+03 1.002496406435966492e-01 5.637707188725471497e-03
6.510379999999348001e+03 1.028105393052101135e-01 5.693627521395683289e-03
6.511859999999347565e+03 9.880210459232330322e-02 5.712044890969991684e-03
6.513339999999347128e+03 9.937573969364166260e-02 5.775978323072195053e-03
6.514819999999346692e+03 1.000052914023399353e-01 5.707674194127321243e-03
6.516299999999346255e+03 9.222377836704254150e-02 5.461758468300104141e-03
6.517779999999345819e+03 9.574043750762939453e-02 5.497377365827560425e-03
6.519259999999345382e+03 9.501253068447113037e-02 5.571637768298387527e-03
6.520739999999344946e+03 9.123994410037994385e-02 5.750913172960281372e-03
6.522219999999344509e+03 9.644000977277755737e-02 5.879115313291549683e-03
6.523699999999344072e+03 1.162740960717201233e-01 6.059333682060241699e-03
6.525179999999343636e+03 1.118238046765327454e-01 5.876454059034585953e-03
6.526659999999343199e+03 9.900638461112976074e-02 5.646281410008668900e-03
6.528139999999342763e+03 8.850198984146118164e-02 5.422959569841623306e-03
6.529619999999342326e+03 8.550611883401870728e-02 5.519310012459754944e-03
6.531099999999341890e+03 9.325823187828063965e-02 6.400331389158964157e-03
6.532579999999341453e+03 1.138359159231185913e-01 7.057833019644021988e-03
6.534059999999341017e+03 1.041258275508880615e-01 6.484092678874731064e-03
6.535539999999340580e+03 9.877729415893554688e-02 5.754005163908004761e-03
6.537019999999340143e+03 1.010633930563926697e-01 5.626068916171789169e-03
6.538499999999339707e+03 9.182130545377731323e-02 5.507984664291143417e-03
6.539979999999339270e+03 8.892631530761718750e-02 5.494183860719203949e-03
6.541459999999338834e+03 8.876902610063552856e-02 5.733062978833913803e-03
6.542939999999338397e+03 1.005124822258949280e-01 6.142537575215101242e-03
6.544419999999337961e+03 1.059115678071975708e-01 6.169723346829414368e-03
6.545899999999337524e+03 9.349226206541061401e-02 5.789169110357761383e-03
6.547379999999337088e+03 9.200438112020492554e-02 5.669125821441411972e-03
6.548859999999336651e+03 9.228403866291046143e-02 5.564977414906024933e-03
6.550339999999336214e+03 9.034220129251480103e-02 5.703459493815898895e-03
6.551819999999335778e+03 9.195290505886077881e-02 6.567788310348987579e-03
6.553299999999335341e+03 1.165288686752319336e-01 7.164056412875652313e-03
6.554779999999334905e+03 9.654065966606140137e-02 6.301652640104293823e-03
6.556259999999334468e+03 8.490844070911407471e-02 5.388698074966669083e-03
6.557739999999334032e+03 9.487334638833999634e-02 5.467763636261224747e-03
6.559219999999333595e+03 7.258304953575134277e-02 5.438943393528461456e-03
6.560699999999333158e+03 8.371055126190185547e-02 7.084392476826906204e-03
6.562179999999332722e+03 1.233084946870803833e-01 8.180951699614524841e-03
6.563659999999332285e+03 1.188663691282272339e-01 7.247893139719963074e-03
6.565139999999331849e+03 9.854345768690109253e-02 5.791819654405117035e-03
6.566619999999331412e+03 9.731575846672058105e-02 5.733965430408716202e-03
6.568099999999330976e+03 1.052130013704299927e-01 6.043874192982912064e-03
6.569579999999330539e+03 1.104317680001258850e-01 6.037960760295391083e-03
6.571059999999330103e+03 1.028072088956832886e-01 5.739440675824880600e-03
6.572539999999329666e+03 9.336224943399429321e-02 5.472659599035978317e-03
6.574019999999329229e+03 9.442720562219619751e-02 5.668769124895334244e-03
6.575499999999328793e+03 9.899508208036422729e-02 6.332977674901485443e-03
6.576979999999328356e+03 1.062680557370185852e-01 6.664777640253305435e-03
6.578459999999327920e+03 1.101207956671714783e-01 6.292417645454406738e-03
6.579939999999327483e+03 9.516413509845733643e-02 5.775567609816789627e-03
6.581419999999327047e+03 8.950642496347427368e-02 5.903949961066246033e-03
6.582899999999326610e+03 9.756802767515182495e-02 6.061316467821598053e-03
6.584379999999326174e+03 9.059479087591171265e-02 5.649097729474306107e-03
6.585859999999325737e+03 9.740262478590011597e-02 5.610609427094459534e-03
6.587339999999325300e+03 9.353683888912200928e-02 5.490837153047323227e-03
6.588819999999324864e+03 9.226531535387039185e-02 5.475138314068317413e-03
6.590299999999324427e+03 1.086554825305938721e-01 5.769734270870685577e-03
6.591779999999323991e+03 1.011422500014305115e-01 5.593783222138881683e-03
6.593259999999323554e+03 9.573456645011901855e-02 5.526508670300245285e-03
6.594739999999323118e+03 9.834490716457366943e-02 5.756662692874670029e-03
6.596219999999322681e+03 9.532727301120758057e-02 5.751793272793292999e-03
6.597699999999322245e+03 9.043516963720321655e-02 5.573385395109653473e-03
6.599179999999321808e+03 1.019327491521835327e-01 5.695291794836521149e-03
6.600659999999321371e+03 1.016643866896629333e-01 5.720983259379863739e-03
6.602139999999320935e+03 9.322177618741989136e-02 5.867536179721355438e-03
6.603619999999320498e+03 1.045631766319274902e-01 6.181858014315366745e-03
6.605099999999320062e+03 9.893190860748291016e-02 5.873330868780612946e-03
6.606579999999319625e+03 9.435205161571502686e-02 5.537446122616529465e-03
6.608059999999319189e+03 9.582933038473129272e-02 5.482655018568038940e-03
6.609539999999318752e+03 9.713815897703170776e-02 5.510085728019475937e-03
6.611019999999318316e+03 1.025803387165069580e-01 5.628463812172412872e-03
6.612499999999317879e+03 9.550964832305908203e-02 5.509919021278619766e-03
6.613979999999317442e+03 9.450889378786087036e-02 5.502438638359308243e-03
6.615459999999317006e+03 9.439350664615631104e-02 5.523906555026769638e-03
6.616939999999316569e+03 8.184766024351119995e-02 5.294363480061292648e-03
6.618419999999316133e+03 8.545581251382827759e-02 5.351439584046602249e-03
6.619899999999315696e+03 8.919370919466018677e-02 5.417591892182826996e-03
6.621379999999315260e+03 9.971183538436889648e-02 5.599603056907653809e-03
6.622859999999314823e+03 9.567674994468688965e-02 5.485676229000091553e-03
6.624339999999314387e+03 1.028137356042861938e-01 5.623213481158018112e-03
6.625819999999313950e+03 1.101576238870620728e-01 5.827197339385747910e-03
6.627299999999313513e+03 1.006609201431274414e-01 5.674730520695447922e-03
6.628779999999313077e+03 1.007756590843200684e-01 5.654301028698682785e-03
6.630259999999312640e+03 9.410923719406127930e-02 5.496403668075799942e-03
6.631739999999312204e+03 8.506470918655395508e-02 5.425714887678623199e-03
6.633219999999311767e+03 9.846002608537673950e-02 5.756113678216934204e-03
6.634699999999311331e+03 1.053019315004348755e-01 5.848025437444448471e-03
6.636179999999310894e+03 1.059444323182106018e-01 5.764521192759275436e-03
6.637659999999310457e+03 1.000076383352279663e-01 5.599447991698980331e-03
6.639139999999310021e+03 9.702149778604507446e-02 5.535996984690427780e-03
6.640619999999309584e+03 1.011781990528106689e-01 5.595494061708450317e-03
6.642099999999309148e+03 1.002218350768089294e-01 5.560750607401132584e-03
6.643579999999308711e+03 9.695930778980255127e-02 5.491951946169137955e-03
6.645059999999308275e+03 9.455024451017379761e-02 5.472908262163400650e-03
6.646539999999307838e+03 9.613130986690521240e-02 5.524053238332271576e-03
6.648019999999307402e+03 9.659061580896377563e-02 5.560076329857110977e-03
6.649499999999306965e+03 9.614151716232299805e-02 5.561965983361005783e-03
6.650979999999306528e+03 1.016859710216522217e-01 5.638333503156900406e-03
6.652459999999306092e+03 9.724128246307373047e-02 5.560074001550674438e-03
6.653939999999305655e+03 8.073751628398895264e-02 5.240735597908496857e-03
6.655419999999305219e+03 9.410929679870605469e-02 5.481605883687734604e-03
6.656899999999304782e+03 1.044354513287544250e-01 5.616279318928718567e-03
6.658379999999304346e+03 1.044533774256706238e-01 5.629663355648517609e-03
6.659859999999303909e+03 1.029409617185592651e-01 5.645454395562410355e-03
6.661339999999303473e+03 9.903682768344879150e-02 5.578926298767328262e-03
6.662819999999303036e+03 1.011520028114318848e-01 5.634935572743415833e-03
6.664299999999302599e+03 9.311488270759582520e-02 5.481225438416004181e-03
6.665779999999302163e+03 8.904781937599182129e-02 5.440188106149435043e-03
6.667259999999301726e+03 1.554258465766906738e-01 6.555518135428428650e-03
6.668739999999301290e+03 3.078671693801879883e-01 8.451965637505054474e-03
6.670219999999300853e+03 3.080330193042755127e-01 8.406315930187702179e-03
6.671699999999300417e+03 1.620516180992126465e-01 6.541569717228412628e-03
6.673179999999299980e+03 9.743669629096984863e-02 5.517041310667991638e-03
6.674659999999299544e+03 9.053864330053329468e-02 5.372372455894947052e-03
6.676139999999299107e+03 9.612066298723220825e-02 5.449994932860136032e-03
6.677619999999298670e+03 1.025327220559120178e-01 5.565519910305738449e-03
6.679099999999298234e+03 9.315983951091766357e-02 5.434688646346330643e-03
6.680579999999297797e+03 9.959308803081512451e-02 5.557928234338760376e-03
6.682059999999297361e+03 8.908650875091552734e-01 1.353832054883241653e-02
6.683539999999296924e+03 2.978217601776123047e+00 2.425741218030452728e-02
6.685019999999296488e+03 3.052670955657958984e+00 2.452828921377658844e-02
6.686499999999296051e+03 1.069483518600463867e+00 1.474213227629661560e-02
6.687979999999295615e+03 1.650587916374206543e-01 6.580558605492115021e-03
6.689459999999295178e+03 1.152430847287178040e-01 5.780581850558519363e-03
6.690939999999294741e+03 9.993530064821243286e-02 5.534563213586807251e-03
6.692419999999294305e+03 9.659993648529052734e-02 5.473517812788486481e-03
6.693899999999293868e+03 9.306760877370834351e-02 5.404796916991472244e-03
6.695379999999293432e+03 9.889377653598785400e-02 5.533198826014995575e-03
6.696859999999292995e+03 9.358505904674530029e-02 5.526302382349967957e-03
6.698339999999292559e+03 9.984666109085083008e-02 5.636114627122879028e-03
6.699819999999292122e+03 9.686672687530517578e-02 5.579112563282251358e-03
6.701299999999291686e+03 9.416004270315170288e-02 5.534639116376638412e-03
6.702779999999291249e+03 1.989015936851501465e-01 7.071520201861858368e-03
6.704259999999290812e+03 6.476889252662658691e-01 1.163198612630367279e-02
6.705739999999290376e+03 7.944715023040771484e-01 1.279157958924770355e-02
6.707219999999289939e+03 4.295732676982879639e-01 9.685040451586246490e-03
6.708699999999289503e+03 1.160316839814186096e-01 5.827486049383878708e-03
6.710179999999289066e+03 1.014248877763748169e-01 5.586566403508186340e-03
6.711659999999288630e+03 9.925210475921630859e-02 5.545561201870441437e-03
6.713139999999288193e+03 9.583579003810882568e-02 5.629044491797685623e-03
6.714619999999287757e+03 9.016533941030502319e-02 5.714459810405969620e-03
6.716099999999287320e+03 9.505803883075714111e-02 5.711389705538749695e-03
6.717579999999286883e+03 1.010609343647956848e-01 5.611528176814317703e-03
6.719059999999286447e+03 9.695902466773986816e-02 5.485336761921644211e-03
6.720539999999286010e+03 9.518101811408996582e-02 5.456223618239164352e-03
6.722019999999285574e+03 9.486691653728485107e-02 5.415546242147684097e-03
6.723499999999285137e+03 1.001262813806533813e-01 5.515689030289649963e-03
6.724979999999284701e+03 9.579598903656005859e-02 5.444199312478303909e-03
6.726459999999284264e+03 9.095568209886550903e-02 5.443464964628219604e-03
6.727939999999283827e+03 1.009231209754943848e-01 5.698687396943569183e-03
6.729419999999283391e+03 1.089286282658576965e-01 5.916141439229249954e-03
6.730899999999282954e+03 9.985188394784927368e-02 5.676400382071733475e-03
6.732379999999282518e+03 9.596645832061767578e-02 5.489359144121408463e-03
6.733859999999282081e+03 9.711936116218566895e-02 5.486928392201662064e-03
6.735339999999281645e+03 9.423018246889114380e-02 5.408267956227064133e-03
6.736819999999281208e+03 9.069723635911941528e-02 5.342426709830760956e-03
6.738299999999280772e+03 9.471667557954788208e-02 5.449347663670778275e-03
6.739779999999280335e+03 1.005604788661003113e-01 5.584386177361011505e-03
6.741259999999279898e+03 9.984896332025527954e-02 5.571095272898674011e-03
6.742739999999279462e+03 9.779325127601623535e-02 5.564208142459392548e-03
6.744219999999279025e+03 9.750710427761077881e-02 5.582512822002172470e-03
6.745699999999278589e+03 9.336614608764648438e-02 5.483683198690414429e-03
6.747179999999278152e+03 9.268817305564880371e-02 5.426744930446147919e-03
6.748659999999277716e+03 9.216238558292388916e-02 5.395184736698865891e-03
6.750139999999277279e+03 9.291833639144897461e-02 5.391320213675498962e-03
6.751619999999276843e+03 9.478267282247543335e-02 5.410875193774700165e-03
6.753099999999276406e+03 9.815154224634170532e-02 5.453215446323156357e-03
6.754579999999275969e+03 9.708960354328155518e-02 5.444084759801626205e-03
6.756059999999275533e+03 1.040994748473167419e-01 5.608567502349615097e-03
6.757539999999275096e+03 1.023163348436355591e-01 5.559323821216821671e-03
6.759019999999274660e+03 8.460844308137893677e-02 5.261729005724191666e-03
6.760499999999274223e+03 9.184379875659942627e-02 5.411945283412933350e-03
6.761979999999273787e+03 1.013736501336097717e-01 5.568269174546003342e-03
6.763459999999273350e+03 9.452057629823684692e-02 5.426169373095035553e-03
6.764939999999272914e+03 9.688628464937210083e-02 5.433894228190183640e-03
6.766419999999272477e+03 1.067913547158241272e-01 5.586368963122367859e-03
6.767899999999272040e+03 1.019798889756202698e-01 5.497253965586423874e-03
6.769379999999271604e+03 9.537018090486526489e-02 5.393992643803358078e-03
6.770859999999271167e+03 9.710287302732467651e-02 5.436673760414123535e-03
6.772339999999270731e+03 9.384055435657501221e-02 5.401916801929473877e-03
6.773819999999270294e+03 9.510567039251327515e-02 5.420211702585220337e-03
6.775299999999269858e+03 1.024460941553115845e-01 5.549205467104911804e-03
6.776779999999269421e+03 9.875249117612838745e-02 5.504004191607236862e-03
6.778259999999268985e+03 9.358125180006027222e-02 5.375295411795377731e-03
6.779739999999268548e+03 9.818990528583526611e-02 5.458573345094919205e-03
6.781219999999268111e+03 9.170676767826080322e-02 5.357942078262567520e-03
6.782699999999267675e+03 9.292923659086227417e-02 5.385403055697679520e-03
6.784179999999267238e+03 8.302085846662521362e-02 5.205224268138408661e-03
6.785659999999266802e+03 8.527968078851699829e-02 5.265778861939907074e-03
6.787139999999266365e+03 8.687485009431838989e-02 5.318106152117252350e-03
6.788619999999265929e+03 8.788825571537017822e-02 5.315246526151895523e-03
6.790099999999265492e+03 9.606570005416870117e-02 5.451829172670841217e-03
6.791579999999265056e+03 8.927386999130249023e-02 5.337703973054885864e-03
6.793059999999264619e+03 9.334148466587066650e-02 5.368071142584085464e-03
6.794539999999264182e+03 9.370500594377517700e-02 5.354692693799734116e-03
6.796019999999263746e+03 9.586136043071746826e-02 5.384985823184251785e-03
6.797499999999263309e+03 1.024615317583084106e-01 5.491862073540687561e-03
6.798979999999262873e+03 1.020358279347419739e-01 5.498845595866441727e-03
6.800459999999262436e+03 1.159283816814422607e-01 5.745586939156055450e-03
6.801939999999262000e+03 1.226275935769081116e-01 5.868208128958940506e-03
6.803419999999261563e+03 1.085325032472610474e-01 5.647032056003808975e-03
6.804899999999261127e+03 9.578180313110351562e-02 5.431705620139837265e-03
6.806379999999260690e+03 9.585271775722503662e-02 5.414043087512254715e-03
6.807859999999260253e+03 9.523982554674148560e-02 5.409523844718933105e-03
6.809339999999259817e+03 9.870447963476181030e-02 5.449318327009677887e-03
6.810819999999259380e+03 1.010611802339553833e-01 5.489501636475324631e-03
6.812299999999258944e+03 9.538641571998596191e-02 5.384076852351427078e-03
6.813779999999258507e+03 9.822941571474075317e-02 5.431446246802806854e-03
6.815259999999258071e+03 9.420485049486160278e-02 5.383420735597610474e-03
6.816739999999257634e+03 9.090288728475570679e-02 5.331258289515972137e-03
6.818219999999257197e+03 9.306352585554122925e-02 5.377309862524271011e-03
6.819699999999256761e+03 9.820319712162017822e-02 5.456937942653894424e-03
6.821179999999256324e+03 1.002181023359298706e-01 5.465244874358177185e-03
6.822659999999255888e+03 1.034899502992630005e-01 5.509202368557453156e-03
6.824139999999255451e+03 9.593419730663299561e-02 5.567891523241996765e-03
6.825619999999255015e+03 9.088919311761856079e-02 6.087896879762411118e-03
6.827099999999254578e+03 1.000778228044509888e-01 7.102407049387693405e-03
6.828579999999254142e+03 1.098777204751968384e-01 7.366898003965616226e-03
6.830059999999253705e+03 1.007155403494834900e-01 6.704811006784439087e-03
6.831539999999253268e+03 9.056749194860458374e-02 6.603055633604526520e-03
6.833019999999252832e+03 1.016803681850433350e-01 7.277079857885837555e-03
6.834499999999252395e+03 9.924865514039993286e-02 6.889629643410444260e-03
6.835979999999251959e+03 9.234087169170379639e-02 5.751044489443302155e-03
6.837459999999251522e+03 1.068272143602371216e-01 5.712526850402355194e-03
6.838939999999251086e+03 3.118989765644073486e-01 8.509004488587379456e-03
6.840419999999250649e+03 6.030697822570800781e-01 1.138339471071958542e-02
6.841899999999250213e+03 4.684455692768096924e-01 1.013454515486955643e-02
6.843379999999249776e+03 1.891221255064010620e-01 6.915195379406213760e-03
6.844859999999249339e+03 9.681313484907150269e-02 5.431910511106252670e-03
6.846339999999248903e+03 9.497766941785812378e-02 5.367778241634368896e-03
6.847819999999248466e+03 9.925916045904159546e-02 5.522440187633037567e-03
6.849299999999248030e+03 8.878143876791000366e-02 5.391226150095462799e-03
6.850779999999247593e+03 8.772370219230651855e-02 5.333438981324434280e-03
6.852259999999247157e+03 1.111570671200752258e-01 5.694136023521423340e-03
6.853739999999246720e+03 2.962330579757690430e-01 8.142289705574512482e-03
6.855219999999246284e+03 4.353528022766113281e-01 9.604789316654205322e-03
6.856699999999245847e+03 3.429265916347503662e-01 8.662012405693531036e-03
6.858179999999245410e+03 1.290630698204040527e-01 5.868422798812389374e-03
6.859659999999244974e+03 7.619214802980422974e-02 5.582778714597225189e-03
6.861139999999244537e+03 7.444365322589874268e-02 7.053180597722530365e-03
6.862619999999244101e+03 1.029419898986816406e-01 8.487005718052387238e-03
6.864099999999243664e+03 1.055925488471984863e-01 8.057833649218082428e-03
6.865579999999243228e+03 7.315371930599212646e-02 5.656912922859191895e-03
6.867059999999242791e+03 5.907099321484565735e-02 4.678088240325450897e-03
6.868539999999242355e+03 5.736352503299713135e-02 4.782038740813732147e-03
6.870019999999241918e+03 7.758171111345291138e-02 5.330161657184362411e-03
6.871499999999241481e+03 7.800538837909698486e-02 5.173003766685724258e-03
6.872979999999241045e+03 7.304044067859649658e-02 4.858798347413539886e-03
6.874459999999240608e+03 7.260821014642715454e-02 4.796043038368225098e-03
6.875939999999240172e+03 7.344841212034225464e-02 4.855942912399768829e-03
6.877419999999239735e+03 7.426728308200836182e-02 5.011731758713722229e-03
6.878899999999239299e+03 8.266709744930267334e-02 5.435047205537557602e-03
6.880379999999238862e+03 9.397856146097183228e-02 5.777515936642885208e-03
6.881859999999238426e+03 9.195390343666076660e-02 5.587540101259946823e-03
6.883339999999237989e+03 9.260842949151992798e-02 5.321729462593793869e-03
6.884819999999237552e+03 8.442799746990203857e-02 5.152427125722169876e-03
6.886299999999237116e+03 7.599826157093048096e-02 5.361628718674182892e-03
6.887779999999236679e+03 8.799855411052703857e-02 5.940501112490892410e-03
6.889259999999236243e+03 8.953889459371566772e-02 5.855055060237646103e-03
6.890739999999235806e+03 8.247622847557067871e-02 5.295604467391967773e-03
6.892219999999235370e+03 8.292427659034729004e-02 5.184445995837450027e-03
6.893699999999234933e+03 8.719930052757263184e-02 5.256156437098979950e-03
6.895179999999234496e+03 7.820483297109603882e-02 5.015362985432147980e-03
6.896659999999234060e+03 8.864529430866241455e-02 5.207675974816083908e-03
6.898139999999233623e+03 7.437735795974731445e-02 5.493307020515203476e-03
6.899619999999233187e+03 9.040393680334091187e-02 6.104190833866596222e-03
6.901099999999232750e+03 8.546070009469985962e-02 5.836468655616044998e-03
6.902579999999232314e+03 8.470904082059860229e-02 5.332028958946466446e-03
6.904059999999231877e+03 8.206543326377868652e-02 5.150178913027048111e-03
6.905539999999231441e+03 9.628774225711822510e-02 5.341105163097381592e-03
6.907019999999231004e+03 9.628850966691970825e-02 5.306961946189403534e-03
6.908499999999230567e+03 8.418619632720947266e-02 5.201647989451885223e-03
6.909979999999230131e+03 8.497720956802368164e-02 5.738607607781887054e-03
6.911459999999229694e+03 9.631598740816116333e-02 6.359361577779054642e-03
6.912939999999229258e+03 1.009258553385734558e-01 6.151803303509950638e-03
6.914419999999228821e+03 9.165427088737487793e-02 5.409160628914833069e-03
6.915899999999228385e+03 8.529401570558547974e-02 5.166130140423774719e-03
6.917379999999227948e+03 8.495228737592697144e-02 5.123017355799674988e-03
6.918859999999227512e+03 8.132944256067276001e-02 5.240364000201225281e-03
6.920339999999227075e+03 7.925459742546081543e-02 6.158874370157718658e-03
6.921819999999226638e+03 9.731119126081466675e-02 7.206955458968877792e-03
6.923299999999226202e+03 9.311108291149139404e-02 6.924359593540430069e-03
6.924779999999225765e+03 9.407979249954223633e-02 5.802184808999300003e-03
6.926259999999225329e+03 9.223779290914535522e-02 5.373734515160322189e-03
6.927739999999224892e+03 8.938465267419815063e-02 5.281813442707061768e-03
6.929219999999224456e+03 8.861523121595382690e-02 5.252975039184093475e-03
6.930699999999224019e+03 9.649670869112014771e-02 5.367813166230916977e-03
6.932179999999223583e+03 8.878877758979797363e-02 5.234058946371078491e-03
6.933659999999223146e+03 8.774143457412719727e-02 5.217177327722311020e-03
6.935139999999222709e+03 9.300389140844345093e-02 5.336594302207231522e-03
6.936619999999222273e+03 8.617641031742095947e-02 5.646867677569389343e-03
6.938099999999221836e+03 8.579212427139282227e-02 6.082715000957250595e-03
6.939579999999221400e+03 9.405615925788879395e-02 6.052199751138687134e-03
6.941059999999220963e+03 9.933480620384216309e-02 5.662020295858383179e-03
6.942539999999220527e+03 9.007072448730468750e-02 5.270229186862707138e-03
6.944019999999220090e+03 7.918246090412139893e-02 5.089008249342441559e-03
6.945499999999219654e+03 8.605642616748809814e-02 5.741242785006761551e-03
6.946979999999219217e+03 9.026915580034255981e-02 7.118233945220708847e-03
6.948459999999218780e+03 9.175057709217071533e-02 7.376647088676691055e-03
6.949939999999218344e+03 7.582765817642211914e-02 6.250498350709676743e-03
6.951419999999217907e+03 8.854294568300247192e-02 5.480707623064517975e-03
6.952899999999217471e+03 9.283636510372161865e-02 5.383616778999567032e-03
6.954379999999217034e+03 9.516751766204833984e-02 5.423063877969980240e-03
6.955859999999216598e+03 9.082269668579101562e-02 5.387070123106241226e-03
6.957339999999216161e+03 9.399558603763580322e-02 5.473917815834283829e-03
6.958819999999215725e+03 8.990947902202606201e-02 5.361303687095642090e-03
6.960299999999215288e+03 9.179812669754028320e-02 5.379359703510999680e-03
6.961779999999214851e+03 8.831497281789779663e-02 5.327205639332532883e-03
6.963259999999214415e+03 9.489759057760238647e-02 5.411943886429071426e-03
6.964739999999213978e+03 9.740888327360153198e-02 5.449392832815647125e-03
6.966219999999213542e+03 9.302234649658203125e-02 5.508433561772108078e-03
6.967699999999213105e+03 9.862122684717178345e-02 5.890909116715192795e-03
6.969179999999212669e+03 1.015079841017723083e-01 6.075741257518529892e-03
6.970659999999212232e+03 9.886667877435684204e-02 5.815573967993259430e-03
6.972139999999211796e+03 9.442626684904098511e-02 5.417670123279094696e-03
6.973619999999211359e+03 9.260611981153488159e-02 5.366430152207612991e-03
6.975099999999210922e+03 9.248518943786621094e-02 5.688174627721309662e-03
6.976579999999210486e+03 9.979020059108734131e-02 6.560634355992078781e-03
6.978059999999210049e+03 1.039533689618110657e-01 6.646373774856328964e-03
6.979539999999209613e+03 8.902869373559951782e-02 5.738076753914356232e-03
6.981019999999209176e+03 8.815427124500274658e-02 5.353260785341262817e-03
6.982499999999208740e+03 9.441965073347091675e-02 5.431544501334428787e-03
6.983979999999208303e+03 8.768525719642639160e-02 5.326105747371912003e-03
6.985459999999207866e+03 8.831073343753814697e-02 5.352537613362073898e-03
6.986939999999207430e+03 8.486965298652648926e-02 5.284815095365047455e-03
6.988419999999206993e+03 8.768002688884735107e-02 5.295861046761274338e-03
6.989899999999206557e+03 8.959605544805526733e-02 5.308259744197130203e-03
6.991379999999206120e+03 9.167353808879852295e-02 5.302479956299066544e-03
6.992859999999205684e+03 9.399044513702392578e-02 5.345705430954694748e-03
6.994339999999205247e+03 9.304535388946533203e-02 5.396002437919378281e-03
6.995819999999204811e+03 9.735165536403656006e-02 5.490397568792104721e-03
6.997299999999204374e+03 9.600432962179183960e-02 5.462399218231439590e-03
6.998779999999203937e+03 9.155791997909545898e-02 5.367799662053585052e-03
7.000259999999203501e+03 9.568311274051666260e-02 5.493793170899152756e-03
7.001739999999203064e+03 9.705445915460586548e-02 5.664678290486335754e-03
7.003219999999202628e+03 9.525389969348907471e-02 5.671202205121517181e-03
7.004699999999202191e+03 9.384994953870773315e-02 5.501943640410900116e-03
7.006179999999201755e+03 8.836781233549118042e-02 5.231881048530340195e-03
7.007659999999201318e+03 8.341475576162338257e-02 5.272506736218929291e-03
7.009139999999200882e+03 8.748241513967514038e-02 5.744287278503179550e-03
7.010619999999200445e+03 9.274608641862869263e-02 5.975469015538692474e-03
7.012099999999200008e+03 9.267606586217880249e-02 5.709408316761255264e-03
7.013579999999199572e+03 9.303411096334457397e-02 5.387252662330865860e-03
7.015059999999199135e+03 9.371361881494522095e-02 5.320604424923658371e-03
7.016539999999198699e+03 9.813112020492553711e-02 5.391038488596677780e-03
7.018019999999198262e+03 9.423609822988510132e-02 5.325255915522575378e-03
7.019499999999197826e+03 9.387930482625961304e-02 5.333923269063234329e-03
7.020979999999197389e+03 9.648660570383071899e-02 5.351811181753873825e-03
7.022459999999196953e+03 9.243340790271759033e-02 5.283439997583627701e-03
7.023939999999196516e+03 9.789881110191345215e-02 5.420083645731210709e-03
7.025419999999196079e+03 9.437354654073715210e-02 5.351684987545013428e-03
7.026899999999195643e+03 9.210655838251113892e-02 5.340419709682464600e-03
7.028379999999195206e+03 8.423896133899688721e-02 5.212922114878892899e-03
7.029859999999194770e+03 9.890800714492797852e-02 5.447823088616132736e-03
7.031339999999194333e+03 9.586424380540847778e-02 5.385409574955701828e-03
7.032819999999193897e+03 9.200125187635421753e-02 5.274712573736906052e-03
7.034299999999193460e+03 9.799276292324066162e-02 5.407907534390687943e-03
7.035779999999193024e+03 9.387131035327911377e-02 5.333601031452417374e-03
7.037259999999192587e+03 9.302784502506256104e-02 5.331017076969146729e-03
7.038739999999192150e+03 8.702532202005386353e-02 5.356332752853631973e-03
7.040219999999191714e+03 8.730468153953552246e-02 5.438141990453004837e-03
7.041699999999191277e+03 8.675186336040496826e-02 5.361807998269796371e-03
7.043179999999190841e+03 9.278375655412673950e-02 5.425357725471258163e-03
7.044659999999190404e+03 1.006183624267578125e-01 5.729693919420242310e-03
7.046139999999189968e+03 1.028893142938613892e-01 6.055923644453287125e-03
7.047619999999189531e+03 9.981692582368850708e-02 6.081647239625453949e-03
7.049099999999189095e+03 8.249862492084503174e-02 5.663438234478235245e-03
7.050579999999188658e+03 8.547729998826980591e-02 5.575115326792001724e-03
7.052059999999188221e+03 9.262288361787796021e-02 5.598526913672685623e-03
7.053539999999187785e+03 9.324238449335098267e-02 5.583018530160188675e-03
7.055019999999187348e+03 9.103807806968688965e-02 5.415941588580608368e-03
7.056499999999186912e+03 9.460950642824172974e-02 5.420226603746414185e-03
7.057979999999186475e+03 9.210365265607833862e-02 5.401528440415859222e-03
7.059459999999186039e+03 8.641077578067779541e-02 5.343291442841291428e-03
7.060939999999185602e+03 9.227134287357330322e-02 5.507197231054306030e-03
7.062419999999185166e+03 9.009306132793426514e-02 5.528655368834733963e-03
7.063899999999184729e+03 8.934629708528518677e-02 5.542449653148651123e-03
7.065379999999184292e+03 8.820986002683639526e-02 5.527378525584936142e-03
7.066859999999183856e+03 9.649470448493957520e-02 5.615728907287120819e-03
7.068339999999183419e+03 9.109444171190261841e-02 5.507322493940591812e-03
7.069819999999182983e+03 8.982508629560470581e-02 5.483067128807306290e-03
7.071299999999182546e+03 1.017286702990531921e-01 5.682868883013725281e-03
7.072779999999182110e+03 8.910845220088958740e-02 5.478783976286649704e-03
7.074259999999181673e+03 8.509421348571777344e-02 5.379205569624900818e-03
7.075739999999181236e+03 9.911118447780609131e-02 5.619190633296966553e-03
7.077219999999180800e+03 9.245655685663223267e-02 5.546864587813615799e-03
7.078699999999180363e+03 8.681704103946685791e-02 5.423143506050109863e-03
7.080179999999179927e+03 9.254428744316101074e-02 5.543662235140800476e-03
7.081659999999179490e+03 8.896401524543762207e-02 5.516003817319869995e-03
7.083139999999179054e+03 9.490644931793212891e-02 5.573898088186979294e-03
7.084619999999178617e+03 9.763266891241073608e-02 5.530396476387977600e-03
7.086099999999178181e+03 9.713608026504516602e-02 5.663315299898386002e-03
7.087579999999177744e+03 8.708502352237701416e-02 5.596314091235399246e-03
7.089059999999177307e+03 8.873106539249420166e-02 5.623214878141880035e-03
7.090539999999176871e+03 8.359248191118240356e-02 5.405670031905174255e-03
7.092019999999176434e+03 7.835556566715240479e-02 5.215838085860013962e-03
7.093499999999175998e+03 8.703244477510452271e-02 5.323461722582578659e-03
7.094979999999175561e+03 9.821572899818420410e-02 5.470385309308767319e-03
7.096459999999175125e+03 9.426497668027877808e-02 5.432374309748411179e-03
