4.300739999999999782e+03 2.458742618560791016e+00 1.431475728750228882e-01
4.302219999999999345e+03 1.052914023399353027e+00 1.380770653486251831e-01
4.303699999999998909e+03 1.359364271163940430e+00 1.421967893838882446e-01
4.305179999999998472e+03 1.400532007217407227e+00 1.394687294960021973e-01
4.306659999999998035e+03 1.462390184402465820e+00 1.335290819406509399e-01
4.308139999999997599e+03 1.405516386032104492e+00 1.306538730859756470e-01
4.309619999999997162e+03 1.405476450920104980e+00 1.326294988393783569e-01
4.311099999999996726e+03 1.397723555564880371e+00 1.370912641286849976e-01
4.312579999999996289e+03 1.398459911346435547e+00 1.447629481554031372e-01
4.314059999999995853e+03 1.390550494194030762e+00 1.518567055463790894e-01
4.315539999999995416e+03 1.447119474411010742e+00 1.600403785705566406e-01
4.317019999999994980e+03 1.884029150009155273e+00 1.642006188631057739e-01
4.318499999999994543e+03 1.962924361228942871e+00 1.632005423307418823e-01
4.319979999999994106e+03 1.982667326927185059e+00 1.601304411888122559e-01
4.321459999999993670e+03 1.961699128150939941e+00 1.542952209711074829e-01
4.322939999999993233e+03 1.893532752990722656e+00 1.434041261672973633e-01
4.324419999999992797e+03 1.130701541900634766e+00 1.298568099737167358e-01
4.325899999999992360e+03 1.248756051063537598e+00 1.391176879405975342e-01
4.327379999999991924e+03 1.790562272071838379e+00 1.531807035207748413e-01
4.328859999999991487e+03 1.873947143554687500e+00 1.563619673252105713e-01
4.330339999999991051e+03 1.816520690917968750e+00 1.535351872444152832e-01
4.331819999999990614e+03 1.623176097869873047e+00 1.525858640670776367e-01
4.333299999999990177e+03 1.899038791656494141e+00 1.547752618789672852e-01
4.334779999999989741e+03 1.973706960678100586e+00 1.530071347951889038e-01
4.336259999999989304e+03 1.563449859619140625e+00 1.430047452449798584e-01
4.337739999999988868e+03 2.016447067260742188e+00 1.367768943309783936e-01
4.339219999999988431e+03 1.570517301559448242e+00 1.278370022773742676e-01
4.340699999999987995e+03 1.228969573974609375e+00 1.277096718549728394e-01
4.342179999999987558e+03 1.766671657562255859e+00 1.393702775239944458e-01
4.343659999999987122e+03 1.950552940368652344e+00 1.442750841379165649e-01
4.345139999999986685e+03 1.910292863845825195e+00 1.459762454032897949e-01
4.346619999999986248e+03 1.724916338920593262e+00 1.453463435173034668e-01
4.348099999999985812e+03 1.992188572883605957e+00 1.484789550304412842e-01
4.349579999999985375e+03 1.933279156684875488e+00 1.447622925043106079e-01
4.351059999999984939e+03 1.640921115875244141e+00 1.352492272853851318e-01
4.352539999999984502e+03 1.563735365867614746e+00 1.353922039270401001e-01
4.354019999999984066e+03 2.063283205032348633e+00 1.429760605096817017e-01
4.355499999999983629e+03 1.817295193672180176e+00 1.418327540159225464e-01
4.356979999999983193e+03 1.838044166564941406e+00 1.415922492742538452e-01
4.358459999999982756e+03 1.587148666381835938e+00 1.378287822008132935e-01
4.359939999999982319e+03 1.789105176925659180e+00 1.407010555267333984e-01
4.361419999999981883e+03 1.300644159317016602e+00 1.390432864427566528e-01
4.362899999999981446e+03 1.680980801582336426e+00 1.403353363275527954e-01
4.364379999999981010e+03 1.938548803329467773e+00 1.427217423915863037e-01
4.365859999999980573e+03 1.859520077705383301e+00 1.394654810428619385e-01
4.367339999999980137e+03 1.772656440734863281e+00 1.354649960994720459e-01
4.368819999999979700e+03 1.773388862609863281e+00 1.350281238555908203e-01
4.370299999999979264e+03 1.812110304832458496e+00 1.338910162448883057e-01
4.371779999999978827e+03 1.736416697502136230e+00 1.323488056659698486e-01
4.373259999999978390e+03 1.395745038986206055e+00 1.263543367385864258e-01
4.374739999999977954e+03 1.335354447364807129e+00 1.236389949917793274e-01
4.376219999999977517e+03 1.713937520980834961e+00 1.296795308589935303e-01
4.377699999999977081e+03 1.617037653923034668e+00 1.306207031011581421e-01
4.379179999999976644e+03 1.576182126998901367e+00 1.300928294658660889e-01
4.380659999999976208e+03 2.158061504364013672e+00 1.296527832746505737e-01
4.382139999999975771e+03 1.804242014884948730e+00 1.172200664877891541e-01
4.383619999999975335e+03 1.439835667610168457e+00 1.089918166399002075e-01
4.385099999999974898e+03 1.462583184242248535e+00 1.165589690208435059e-01
4.386579999999974461e+03 2.031814336776733398e+00 1.260836422443389893e-01
4.388059999999974025e+03 1.674081325531005859e+00 1.225825473666191101e-01
4.389539999999973588e+03 1.522971034049987793e+00 1.202818751335144043e-01
4.391019999999973152e+03 1.371085643768310547e+00 1.197645738720893860e-01
4.392499999999972715e+03 1.558280467987060547e+00 1.216404810547828674e-01
4.393979999999972279e+03 1.734254479408264160e+00 1.216293126344680786e-01
4.395459999999971842e+03 1.538338541984558105e+00 1.209425553679466248e-01
4.396939999999971405e+03 1.510958194732666016e+00 1.228948608040809631e-01
4.398419999999970969e+03 1.612259149551391602e+00 1.218121647834777832e-01
4.399899999999970532e+03 1.296151161193847656e+00 1.158627867698669434e-01
4.401379999999970096e+03 1.399989008903503418e+00 1.168972849845886230e-01
4.402859999999969659e+03 1.455066919326782227e+00 1.146001368761062622e-01
4.404339999999969223e+03 1.275575399398803711e+00 1.089829802513122559e-01
4.405819999999968786e+03 1.370751500129699707e+00 1.120033264160156250e-01
4.407299999999968350e+03 1.271544814109802246e+00 1.133416667580604553e-01
4.408779999999967913e+03 1.128712654113769531e+00 1.132597178220748901e-01
4.410259999999967476e+03 1.270233392715454102e+00 1.165659949183464050e-01
4.411739999999967040e+03 1.561961054801940918e+00 1.195347234606742859e-01
4.413219999999966603e+03 1.311265707015991211e+00 1.143506243824958801e-01
4.414699999999966167e+03 1.378580331802368164e+00 1.102990508079528809e-01
4.416179999999965730e+03 1.346414208412170410e+00 1.104891970753669739e-01
4.417659999999965294e+03 1.341630101203918457e+00 1.137346401810646057e-01
4.419139999999964857e+03 1.658349633216857910e+00 1.176989898085594177e-01
4.420619999999964421e+03 1.553906083106994629e+00 1.150482222437858582e-01
4.422099999999963984e+03 1.408091783523559570e+00 1.112491115927696228e-01
4.423579999999963547e+03 1.523397564888000488e+00 1.112120971083641052e-01
4.425059999999963111e+03 1.511312246322631836e+00 1.112067028880119324e-01
4.426539999999962674e+03 1.265152096748352051e+00 1.095347627997398376e-01
4.428019999999962238e+03 1.293161392211914062e+00 1.099204197525978088e-01
4.429499999999961801e+03 1.261050343513488770e+00 1.084577068686485291e-01
4.430979999999961365e+03 1.307772278785705566e+00 1.070651337504386902e-01
4.432459999999960928e+03 1.377861738204956055e+00 1.422146260738372803e-01
4.433939999999960492e+03 1.170627713203430176e+00 1.701834201812744141e-01
4.435419999999960055e+03 1.222056627273559570e+00 1.114832758903503418e-01
4.436899999999959618e+03 1.249051213264465332e+00 1.058183088898658752e-01
4.438379999999959182e+03 1.355054497718811035e+00 1.085504591464996338e-01
4.439859999999958745e+03 1.374990940093994141e+00 1.063037440180778503e-01
4.441339999999958309e+03 1.213798284530639648e+00 1.018113717436790466e-01
4.442819999999957872e+03 1.439079046249389648e+00 1.023641526699066162e-01
4.444299999999957436e+03 1.745646595954895020e+00 1.062576249241828918e-01
4.445779999999956999e+03 1.191958665847778320e+00 1.038186401128768921e-01
4.447259999999956563e+03 9.970185756683349609e-01 1.016514152288436890e-01
4.448739999999956126e+03 1.155266284942626953e+00 1.023962870240211487e-01
4.450219999999955689e+03 1.288177609443664551e+00 1.024629920721054077e-01
4.451699999999955253e+03 1.417857527732849121e+00 1.021798476576805115e-01
4.453179999999954816e+03 1.416123270988464355e+00 9.963266551494598389e-02
4.454659999999954380e+03 1.168443799018859863e+00 9.407621622085571289e-02
4.456139999999953943e+03 1.087859749794006348e+00 9.358745068311691284e-02
4.457619999999953507e+03 1.275008678436279297e+00 9.544420242309570312e-02
4.459099999999953070e+03 1.449761390686035156e+00 9.634128212928771973e-02
4.460579999999952634e+03 1.252294778823852539e+00 9.448384493589401245e-02
4.462059999999952197e+03 1.359198212623596191e+00 9.561704844236373901e-02
4.463539999999951760e+03 1.503749132156372070e+00 9.862549602985382080e-02
4.465019999999951324e+03 1.357737660408020020e+00 9.744676202535629272e-02
4.466499999999950887e+03 1.354695796966552734e+00 9.724737703800201416e-02
4.467979999999950451e+03 1.574222683906555176e+00 9.743856638669967651e-02
4.469459999999950014e+03 1.429203748703002930e+00 9.576386958360671997e-02
4.470939999999949578e+03 1.183481454849243164e+00 9.558038413524627686e-02
4.472419999999949141e+03 1.336328506469726562e+00 9.789150208234786987e-02
4.473899999999948704e+03 1.314356684684753418e+00 9.807425737380981445e-02
4.475379999999948268e+03 1.279554128646850586e+00 9.733666479587554932e-02
4.476859999999947831e+03 1.155588746070861816e+00 9.742645919322967529e-02
4.478339999999947395e+03 1.383656144142150879e+00 9.755588322877883911e-02
4.479819999999946958e+03 1.299765944480895996e+00 9.331560134887695312e-02
4.481299999999946522e+03 1.267238020896911621e+00 9.114426374435424805e-02
4.482779999999946085e+03 1.535371780395507812e+00 1.149649024009704590e-01
4.484259999999945649e+03 1.545125126838684082e+00 1.261477172374725342e-01
4.485739999999945212e+03 1.823038220405578613e+00 1.124595701694488525e-01
4.487219999999944775e+03 1.066886186599731445e+00 1.219269707798957825e-01
4.488699999999944339e+03 1.106354594230651855e+00 1.030585989356040955e-01
4.490179999999943902e+03 1.104403376579284668e+00 9.327589720487594604e-02
4.491659999999943466e+03 1.292456984519958496e+00 9.378740191459655762e-02
4.493139999999943029e+03 1.274130463600158691e+00 9.338386356830596924e-02
4.494619999999942593e+03 1.367978692054748535e+00 9.260504692792892456e-02
4.496099999999942156e+03 1.228376865386962891e+00 9.214486926794052124e-02
4.497579999999941720e+03 1.341403245925903320e+00 9.419506043195724487e-02
4.499059999999941283e+03 1.175528645515441895e+00 9.348236769437789917e-02
4.500539999999940846e+03 1.060119986534118652e+00 9.184287488460540771e-02
4.502019999999940410e+03 1.454530477523803711e+00 9.450259059667587280e-02
4.503499999999939973e+03 1.289121389389038086e+00 9.518988430500030518e-02
4.504979999999939537e+03 1.175508022308349609e+00 9.470480680465698242e-02
4.506459999999939100e+03 1.256781578063964844e+00 9.429313242435455322e-02
4.507939999999938664e+03 1.424253106117248535e+00 9.442020952701568604e-02
4.509419999999938227e+03 1.164647936820983887e+00 9.303200244903564453e-02
4.510899999999937791e+03 1.232096672058105469e+00 9.356045722961425781e-02
4.512379999999937354e+03 1.331580400466918945e+00 9.242425113916397095e-02
4.513859999999936917e+03 1.310949802398681641e+00 9.168751537799835205e-02
4.515339999999936481e+03 1.290111541748046875e+00 9.126606583595275879e-02
4.516819999999936044e+03 1.403418302536010742e+00 9.167068451642990112e-02
4.518299999999935608e+03 1.418790221214294434e+00 9.183903783559799194e-02
4.519779999999935171e+03 1.179695606231689453e+00 9.116850048303604126e-02
4.521259999999934735e+03 1.154633879661560059e+00 9.075599163770675659e-02
4.522739999999934298e+03 1.306858062744140625e+00 9.090440720319747925e-02
4.524219999999933862e+03 1.473414778709411621e+00 9.063531458377838135e-02
4.525699999999933425e+03 1.330369472503662109e+00 8.802925050258636475e-02
4.527179999999932988e+03 1.371796250343322754e+00 8.645723015069961548e-02
4.528659999999932552e+03 1.346757531166076660e+00 8.590726554393768311e-02
4.530139999999932115e+03 1.237968564033508301e+00 8.612868934869766235e-02
4.531619999999931679e+03 1.394463300704956055e+00 8.826272189617156982e-02
4.533099999999931242e+03 1.359926581382751465e+00 8.742293715476989746e-02
4.534579999999930806e+03 1.272348999977111816e+00 8.603260666131973267e-02
4.536059999999930369e+03 1.188346266746520996e+00 8.740924298763275146e-02
4.537539999999929933e+03 1.358665943145751953e+00 9.113921970129013062e-02
4.539019999999929496e+03 1.254982471466064453e+00 9.032276272773742676e-02
4.540499999999929059e+03 1.436547160148620605e+00 8.988827466964721680e-02
4.541979999999928623e+03 1.457893729209899902e+00 9.033659100532531738e-02
4.543459999999928186e+03 1.391028523445129395e+00 9.027235954999923706e-02
4.544939999999927750e+03 1.344657897949218750e+00 8.913204073905944824e-02
4.546419999999927313e+03 1.330809831619262695e+00 8.853202313184738159e-02
4.547899999999926877e+03 1.356983542442321777e+00 8.784566819667816162e-02
4.549379999999926440e+03 1.364676117897033691e+00 8.686506748199462891e-02
4.550859999999926004e+03 1.438673019409179688e+00 8.818857371807098389e-02
4.552339999999925567e+03 1.451717972755432129e+00 8.900655806064605713e-02
4.553819999999925130e+03 1.367387771606445312e+00 8.774622529745101929e-02
4.555299999999924694e+03 1.419147014617919922e+00 8.811796456575393677e-02
4.556779999999924257e+03 1.276549935340881348e+00 8.865872025489807129e-02
4.558259999999923821e+03 1.340448021888732910e+00 9.058805555105209351e-02
4.559739999999923384e+03 1.189561843872070312e+00 8.977092802524566650e-02
4.561219999999922948e+03 1.236499547958374023e+00 9.039251506328582764e-02
4.562699999999922511e+03 1.311480760574340820e+00 8.986309915781021118e-02
4.564179999999922074e+03 1.114075064659118652e+00 8.668880164623260498e-02
4.565659999999921638e+03 1.368709206581115723e+00 8.813606947660446167e-02
4.567139999999921201e+03 1.290474295616149902e+00 8.928620815277099609e-02
4.568619999999920765e+03 1.300242066383361816e+00 9.019269049167633057e-02
4.570099999999920328e+03 1.364532113075256348e+00 8.941872417926788330e-02
4.571579999999919892e+03 1.338109970092773438e+00 8.856406062841415405e-02
4.573059999999919455e+03 1.333505868911743164e+00 8.965371549129486084e-02
4.574539999999919019e+03 1.440986275672912598e+00 9.042423963546752930e-02
4.576019999999918582e+03 1.467728853225708008e+00 1.125698387622833252e-01
4.577499999999918145e+03 1.611895680427551270e+00 9.537256509065628052e-02
4.578979999999917709e+03 1.419260859489440918e+00 8.845584839582443237e-02
4.580459999999917272e+03 1.309862375259399414e+00 8.663836866617202759e-02
4.581939999999916836e+03 1.489625811576843262e+00 8.771029114723205566e-02
4.583419999999916399e+03 1.482710123062133789e+00 8.812726289033889771e-02
4.584899999999915963e+03 1.482940912246704102e+00 8.768764883279800415e-02
4.586379999999915526e+03 1.417739868164062500e+00 8.821250498294830322e-02
4.587859999999915090e+03 1.209020376205444336e+00 8.844556659460067749e-02
4.589339999999914653e+03 1.445503354072570801e+00 9.008600562810897827e-02
4.590819999999914216e+03 1.571066975593566895e+00 8.977977186441421509e-02
4.592299999999913780e+03 1.457460165023803711e+00 8.845871686935424805e-02
4.593779999999913343e+03 1.407396197319030762e+00 8.831148594617843628e-02
4.595259999999912907e+03 1.370726585388183594e+00 8.802192658185958862e-02
4.596739999999912470e+03 1.297148823738098145e+00 8.725591748952865601e-02
4.598219999999912034e+03 1.537440061569213867e+00 8.882415294647216797e-02
4.599699999999911597e+03 1.507539510726928711e+00 8.873550593852996826e-02
4.601179999999911161e+03 1.353448033332824707e+00 8.801791071891784668e-02
4.602659999999910724e+03 1.411622762680053711e+00 8.862417936325073242e-02
4.604139999999910287e+03 1.492775201797485352e+00 8.926644921302795410e-02
4.605619999999909851e+03 1.413712382316589355e+00 8.897134661674499512e-02
4.607099999999909414e+03 1.323375344276428223e+00 8.944208174943923950e-02
4.608579999999908978e+03 1.305223822593688965e+00 9.039102494716644287e-02
4.610059999999908541e+03 1.412916064262390137e+00 9.071172773838043213e-02
4.611539999999908105e+03 1.485328078269958496e+00 8.981274813413619995e-02
4.613019999999907668e+03 1.623766303062438965e+00 9.018959105014801025e-02
4.614499999999907232e+03 1.665012598037719727e+00 9.090416878461837769e-02
4.615979999999906795e+03 1.441977739334106445e+00 9.019137918949127197e-02
4.617459999999906358e+03 1.354851245880126953e+00 8.922547847032546997e-02
4.618939999999905922e+03 1.347741961479187012e+00 8.904249221086502075e-02
4.620419999999905485e+03 1.655165433883666992e+00 9.085468202829360962e-02
4.621899999999905049e+03 1.554704785346984863e+00 9.071097522974014282e-02
4.623379999999904612e+03 1.431165456771850586e+00 8.981514722108840942e-02
4.624859999999904176e+03 1.453576087951660156e+00 8.955151587724685669e-02
4.626339999999903739e+03 1.287898302078247070e+00 8.903545886278152466e-02
4.627819999999903303e+03 1.539923429489135742e+00 9.046693891286849976e-02
4.629299999999902866e+03 1.478204727172851562e+00 8.987440913915634155e-02
4.630779999999902429e+03 1.301805973052978516e+00 8.903110027313232422e-02
4.632259999999901993e+03 1.653652667999267578e+00 9.065088629722595215e-02
4.633739999999901556e+03 1.455151319503784180e+00 8.901877701282501221e-02
4.635219999999901120e+03 1.241435050964355469e+00 8.760444819927215576e-02
4.636699999999900683e+03 1.320323944091796875e+00 8.749169856309890747e-02
4.638179999999900247e+03 1.115793585777282715e+00 8.571872860193252563e-02
4.639659999999899810e+03 1.270298123359680176e+00 8.671094477176666260e-02
4.641139999999899374e+03 1.210239410400390625e+00 8.742184191942214966e-02
4.642619999999898937e+03 1.236039161682128906e+00 8.767109364271163940e-02
4.644099999999898500e+03 1.291962623596191406e+00 8.682604879140853882e-02
4.645579999999898064e+03 1.582032084465026855e+00 8.702167868614196777e-02
4.647059999999897627e+03 1.559640407562255859e+00 8.563696593046188354e-02
4.648539999999897191e+03 1.327045559883117676e+00 8.523390442132949829e-02
4.650019999999896754e+03 1.521469712257385254e+00 8.757793158292770386e-02
4.651499999999896318e+03 1.550593733787536621e+00 8.851327002048492432e-02
4.652979999999895881e+03 1.587634563446044922e+00 8.824760466814041138e-02
4.654459999999895444e+03 1.512923359870910645e+00 8.710605651140213013e-02
4.655939999999895008e+03 1.443504929542541504e+00 8.599741756916046143e-02
4.657419999999894571e+03 1.206633329391479492e+00 8.644420653581619263e-02
4.658899999999894135e+03 1.254101157188415527e+00 8.798006176948547363e-02
4.660379999999893698e+03 1.654972553253173828e+00 8.953759074211120605e-02
4.661859999999893262e+03 1.450564384460449219e+00 8.713108301162719727e-02
4.663339999999892825e+03 1.347339987754821777e+00 8.595910668373107910e-02
4.664819999999892389e+03 1.455842852592468262e+00 8.527064323425292969e-02
4.666299999999891952e+03 1.541447162628173828e+00 8.310676366090774536e-02
4.667779999999891515e+03 1.517101526260375977e+00 8.240436017513275146e-02
4.669259999999891079e+03 1.683938264846801758e+00 8.546712994575500488e-02
4.670739999999890642e+03 1.639599800109863281e+00 8.684065192937850952e-02
4.672219999999890206e+03 1.397628903388977051e+00 1.256655603647232056e-01
4.673699999999889769e+03 1.360431432723999023e+00 1.223855093121528625e-01
4.675179999999889333e+03 1.504697918891906738e+00 8.668848127126693726e-02
4.676659999999888896e+03 1.579860448837280273e+00 8.700896799564361572e-02
4.678139999999888460e+03 1.436500549316406250e+00 8.470670133829116821e-02
4.679619999999888023e+03 1.544277310371398926e+00 8.459651470184326172e-02
4.681099999999887586e+03 1.438600897789001465e+00 8.418654650449752808e-02
4.682579999999887150e+03 1.495933651924133301e+00 8.528612554073333740e-02
4.684059999999886713e+03 1.528439998626708984e+00 8.617465943098068237e-02
4.685539999999886277e+03 1.638726711273193359e+00 8.678933233022689819e-02
4.687019999999885840e+03 1.599313974380493164e+00 8.611270785331726074e-02
4.688499999999885404e+03 1.246462464332580566e+00 8.409295231103897095e-02
4.689979999999884967e+03 1.425534844398498535e+00 8.465873450040817261e-02
4.691459999999884531e+03 1.272264003753662109e+00 8.365679532289505005e-02
4.692939999999884094e+03 1.326304912567138672e+00 8.432679623365402222e-02
4.694419999999883657e+03 1.515354633331298828e+00 8.597084134817123413e-02
4.695899999999883221e+03 1.487944960594177246e+00 8.562139421701431274e-02
4.697379999999882784e+03 1.415911674499511719e+00 8.391474187374114990e-02
4.698859999999882348e+03 1.409845709800720215e+00 8.297888934612274170e-02
4.700339999999881911e+03 1.462638378143310547e+00 8.264758437871932983e-02
4.701819999999881475e+03 1.407671451568603516e+00 8.142156898975372314e-02
4.703299999999881038e+03 1.305837750434875488e+00 8.069974184036254883e-02
4.704779999999880602e+03 1.499916911125183105e+00 8.316395431756973267e-02
4.706259999999880165e+03 1.508820295333862305e+00 8.332508802413940430e-02
4.707739999999879728e+03 1.393914103507995605e+00 8.168762177228927612e-02
4.709219999999879292e+03 1.292383313179016113e+00 8.113359659910202026e-02
4.710699999999878855e+03 1.520808100700378418e+00 8.358607441186904907e-02
4.712179999999878419e+03 1.288748502731323242e+00 8.269266039133071899e-02
4.713659999999877982e+03 1.503400087356567383e+00 8.284007012844085693e-02
4.715139999999877546e+03 1.244285464286804199e+00 8.176779001951217651e-02
4.716619999999877109e+03 1.389738917350769043e+00 8.380082994699478149e-02
4.718099999999876673e+03 1.361218690872192383e+00 8.440177142620086670e-02
4.719579999999876236e+03 1.548681855201721191e+00 8.548478782176971436e-02
4.721059999999875799e+03 1.549898266792297363e+00 8.511961996555328369e-02
4.722539999999875363e+03 1.457370996475219727e+00 8.441586792469024658e-02
4.724019999999874926e+03 1.515456438064575195e+00 8.514761179685592651e-02
4.725499999999874490e+03 1.463751673698425293e+00 8.423426747322082520e-02
4.726979999999874053e+03 1.443605542182922363e+00 8.207833766937255859e-02
4.728459999999873617e+03 1.427060842514038086e+00 8.081826567649841309e-02
4.729939999999873180e+03 1.467899322509765625e+00 8.108107745647430420e-02
4.731419999999872744e+03 1.532101273536682129e+00 8.202920109033584595e-02
4.732899999999872307e+03 1.633976578712463379e+00 8.327171206474304199e-02
4.734379999999871870e+03 1.616292119026184082e+00 8.300645649433135986e-02
4.735859999999871434e+03 1.472518682479858398e+00 8.157535642385482788e-02
4.737339999999870997e+03 1.531931638717651367e+00 8.199888467788696289e-02
4.738819999999870561e+03 1.474264740943908691e+00 8.275187760591506958e-02
4.740299999999870124e+03 1.446509361267089844e+00 8.207414299249649048e-02
4.741779999999869688e+03 1.518695116043090820e+00 8.276727050542831421e-02
4.743259999999869251e+03 1.431112647056579590e+00 8.326136320829391479e-02
4.744739999999868814e+03 1.350650429725646973e+00 8.160437643527984619e-02
4.746219999999868378e+03 1.567057609558105469e+00 8.268064260482788086e-02
4.747699999999867941e+03 1.321233987808227539e+00 8.198355883359909058e-02
4.749179999999867505e+03 1.420858263969421387e+00 8.220188319683074951e-02
4.750659999999867068e+03 1.502802848815917969e+00 8.229907602071762085e-02
4.752139999999866632e+03 1.433311343193054199e+00 8.120401203632354736e-02
4.753619999999866195e+03 1.435206532478332520e+00 8.040763437747955322e-02
4.755099999999865759e+03 1.403533339500427246e+00 7.978732883930206299e-02
4.756579999999865322e+03 1.406991481781005859e+00 8.021637797355651855e-02
4.758059999999864885e+03 1.405332922935485840e+00 8.105379343032836914e-02
4.759539999999864449e+03 1.298758745193481445e+00 8.062274008989334106e-02
4.761019999999864012e+03 1.253480553627014160e+00 7.956465333700180054e-02
4.762499999999863576e+03 1.467791438102722168e+00 7.924551516771316528e-02
4.763979999999863139e+03 1.451530098915100098e+00 7.877652347087860107e-02
4.765459999999862703e+03 1.431415796279907227e+00 7.832669466733932495e-02
4.766939999999862266e+03 1.367393970489501953e+00 7.848232239484786987e-02
4.768419999999861830e+03 1.428323626518249512e+00 8.015048503875732422e-02
4.769899999999861393e+03 1.694096207618713379e+00 8.185459673404693604e-02
4.771379999999860956e+03 1.550661563873291016e+00 8.020621538162231445e-02
4.772859999999860520e+03 1.670560717582702637e+00 8.124183118343353271e-02
4.774339999999860083e+03 1.513180613517761230e+00 8.139083534479141235e-02
4.775819999999859647e+03 1.533770680427551270e+00 8.137965947389602661e-02
4.777299999999859210e+03 1.378921031951904297e+00 8.062470704317092896e-02
4.778779999999858774e+03 1.347303152084350586e+00 8.027230203151702881e-02
4.780259999999858337e+03 1.344360351562500000e+00 8.002506196498870850e-02
4.781739999999857901e+03 1.359061479568481445e+00 7.929029315710067749e-02
4.783219999999857464e+03 1.307362675666809082e+00 7.836418598890304565e-02
4.784699999999857027e+03 1.623636245727539062e+00 7.979194074869155884e-02
4.786179999999856591e+03 1.384491086006164551e+00 7.814505696296691895e-02
4.787659999999856154e+03 1.504734396934509277e+00 7.854634523391723633e-02
4.789139999999855718e+03 1.367843747138977051e+00 7.782850414514541626e-02
4.790619999999855281e+03 1.456507682800292969e+00 7.835846394300460815e-02
4.792099999999854845e+03 1.515781760215759277e+00 7.941349595785140991e-02
4.793579999999854408e+03 1.475870728492736816e+00 8.005840331315994263e-02
4.795059999999853972e+03 1.491603255271911621e+00 8.032303303480148315e-02
4.796539999999853535e+03 1.318235039710998535e+00 7.871738821268081665e-02
4.798019999999853098e+03 1.379972100257873535e+00 7.802919298410415649e-02
4.799499999999852662e+03 1.512016415596008301e+00 7.784835249185562134e-02
4.800979999999852225e+03 1.363193511962890625e+00 7.780844718217849731e-02
4.802459999999851789e+03 1.439411640167236328e+00 7.852527499198913574e-02
4.803939999999851352e+03 1.568265914916992188e+00 7.853671163320541382e-02
4.805419999999850916e+03 1.405077457427978516e+00 7.743770629167556763e-02
4.806899999999850479e+03 1.372755646705627441e+00 7.649717479944229126e-02
4.808379999999850043e+03 1.519645333290100098e+00 7.733368873596191406e-02
4.809859999999849606e+03 1.396077513694763184e+00 7.695646584033966064e-02
4.811339999999849169e+03 1.312023282051086426e+00 7.682663947343826294e-02
4.812819999999848733e+03 1.451024770736694336e+00 7.750636339187622070e-02
4.814299999999848296e+03 1.221962094306945801e+00 7.637276500463485718e-02
4.815779999999847860e+03 1.298724174499511719e+00 7.699169218540191650e-02
4.817259999999847423e+03 1.408048152923583984e+00 7.778883725404739380e-02
4.818739999999846987e+03 1.422707200050354004e+00 7.766082137823104858e-02
4.820219999999846550e+03 1.402391672134399414e+00 7.728657871484756470e-02
4.821699999999846113e+03 1.364493131637573242e+00 7.588006556034088135e-02
4.823179999999845677e+03 1.396237373352050781e+00 7.486401498317718506e-02
4.824659999999845240e+03 1.217330336570739746e+00 7.470146566629409790e-02
4.826139999999844804e+03 1.445906639099121094e+00 7.665945589542388916e-02
4.827619999999844367e+03 1.445112109184265137e+00 7.586187124252319336e-02
4.829099999999843931e+03 1.441355109214782715e+00 7.531405985355377197e-02
4.830579999999843494e+03 1.423085689544677734e+00 7.492002099752426147e-02
4.832059999999843058e+03 1.503962159156799316e+00 7.559501379728317261e-02
4.833539999999842621e+03 1.356039881706237793e+00 7.489501684904098511e-02
4.835019999999842184e+03 1.521050691604614258e+00 7.579991966485977173e-02
4.836499999999841748e+03 1.593234181404113770e+00 7.612989842891693115e-02
4.837979999999841311e+03 1.676193118095397949e+00 7.552018016576766968e-02
4.839459999999840875e+03 1.323786735534667969e+00 7.284440845251083374e-02
4.840939999999840438e+03 1.520779132843017578e+00 7.411902397871017456e-02
4.842419999999840002e+03 1.425510406494140625e+00 7.346579432487487793e-02
4.843899999999839565e+03 1.335630536079406738e+00 7.337927073240280151e-02
4.845379999999839129e+03 1.517593622207641602e+00 7.477165758609771729e-02
4.846859999999838692e+03 1.407881498336791992e+00 7.366397976875305176e-02
4.848339999999838255e+03 1.501996994018554688e+00 7.338729500770568848e-02
4.849819999999837819e+03 1.414679765701293945e+00 7.315634936094284058e-02
4.851299999999837382e+03 1.539749860763549805e+00 7.373295724391937256e-02
4.852779999999836946e+03 1.468420505523681641e+00 7.251081615686416626e-02
4.854259999999836509e+03 1.474564552307128906e+00 7.095047086477279663e-02
4.855739999999836073e+03 1.481932163238525391e+00 6.995136290788650513e-02
4.857219999999835636e+03 1.660792469978332520e+00 7.036442309617996216e-02
4.858699999999835200e+03 1.609665513038635254e+00 6.739734858274459839e-02
4.860179999999834763e+03 1.469375967979431152e+00 6.243120506405830383e-02
4.861659999999834326e+03 1.493732094764709473e+00 6.299417465925216675e-02
4.863139999999833890e+03 1.477162003517150879e+00 6.697318702936172485e-02
4.864619999999833453e+03 1.450235843658447266e+00 6.883267313241958618e-02
4.866099999999833017e+03 1.531816244125366211e+00 7.056736201047897339e-02
4.867579999999832580e+03 1.479308724403381348e+00 7.065140455961227417e-02
4.869059999999832144e+03 1.381484270095825195e+00 6.929301470518112183e-02
4.870539999999831707e+03 1.464082121849060059e+00 6.762249767780303955e-02
4.872019999999831271e+03 1.342463135719299316e+00 6.722380965948104858e-02
4.873499999999830834e+03 1.529711842536926270e+00 6.994891166687011719e-02
4.874979999999830397e+03 1.539494395256042480e+00 7.082629203796386719e-02
4.876459999999829961e+03 1.402812361717224121e+00 6.982441991567611694e-02
4.877939999999829524e+03 1.289733409881591797e+00 6.975686550140380859e-02
4.879419999999829088e+03 1.364784002304077148e+00 7.083018869161605835e-02
4.880899999999828651e+03 1.269466161727905273e+00 7.030724734067916870e-02
4.882379999999828215e+03 1.395691871643066406e+00 6.993353366851806641e-02
4.883859999999827778e+03 1.524865865707397461e+00 7.043145596981048584e-02
4.885339999999827342e+03 1.512378931045532227e+00 6.898363679647445679e-02
4.886819999999826905e+03 1.417537689208984375e+00 6.830918043851852417e-02
4.888299999999826468e+03 1.576601505279541016e+00 6.888985633850097656e-02
4.889779999999826032e+03 1.474418878555297852e+00 6.703834235668182373e-02
4.891259999999825595e+03 1.447341799736022949e+00 6.693235039710998535e-02
4.892739999999825159e+03 1.433099746704101562e+00 6.983396410942077637e-02
4.894219999999824722e+03 1.512920141220092773e+00 7.170679420232772827e-02
4.895699999999824286e+03 1.528919458389282227e+00 7.163941860198974609e-02
4.897179999999823849e+03 1.334783315658569336e+00 7.046942412853240967e-02
4.898659999999823413e+03 1.404937505722045898e+00 6.998009234666824341e-02
4.900139999999822976e+03 1.451272130012512207e+00 6.993668526411056519e-02
4.901619999999822539e+03 1.406990647315979004e+00 6.931072473526000977e-02
4.903099999999822103e+03 1.347678422927856445e+00 6.855142116546630859e-02
4.904579999999821666e+03 1.323776483535766602e+00 6.906589120626449585e-02
4.906059999999821230e+03 1.530171990394592285e+00 7.038699090480804443e-02
4.907539999999820793e+03 1.527589917182922363e+00 6.948199123144149780e-02
4.909019999999820357e+03 1.531650185585021973e+00 6.791835278272628784e-02
4.910499999999819920e+03 1.437185645103454590e+00 6.727568060159683228e-02
4.911979999999819483e+03 1.497493028640747070e+00 6.868295371532440186e-02
4.913459999999819047e+03 1.412152290344238281e+00 6.924051791429519653e-02
4.914939999999818610e+03 1.551285147666931152e+00 7.003097236156463623e-02
4.916419999999818174e+03 1.500144362449645996e+00 6.819041818380355835e-02
4.917899999999817737e+03 1.516301393508911133e+00 6.520123779773712158e-02
4.919379999999817301e+03 1.459189295768737793e+00 6.369452178478240967e-02
4.920859999999816864e+03 1.498269557952880859e+00 6.528919190168380737e-02
4.922339999999816428e+03 1.597953200340270996e+00 6.744452565908432007e-02
4.923819999999815991e+03 1.381807088851928711e+00 6.678836792707443237e-02
4.925299999999815554e+03 1.411492109298706055e+00 6.758166849613189697e-02
4.926779999999815118e+03 1.556711196899414062e+00 6.925225257873535156e-02
4.928259999999814681e+03 1.508584976196289062e+00 6.853377819061279297e-02
4.929739999999814245e+03 1.467734456062316895e+00 6.866374611854553223e-02
4.931219999999813808e+03 1.593966007232666016e+00 6.857666373252868652e-02
4.932699999999813372e+03 1.515591382980346680e+00 6.691382825374603271e-02
4.934179999999812935e+03 1.525628805160522461e+00 6.687813997268676758e-02
4.935659999999812499e+03 1.535037279129028320e+00 6.714561581611633301e-02
4.937139999999812062e+03 1.454041242599487305e+00 6.555686891078948975e-02
4.938619999999811625e+03 1.404145121574401855e+00 6.493797898292541504e-02
4.940099999999811189e+03 1.441129684448242188e+00 6.668976694345474243e-02
4.941579999999810752e+03 1.507501125335693359e+00 6.837148964405059814e-02
4.943059999999810316e+03 1.552532792091369629e+00 6.850226968526840210e-02
4.944539999999809879e+03 1.509701490402221680e+00 6.765389442443847656e-02
4.946019999999809443e+03 1.518041849136352539e+00 6.753733009099960327e-02
4.947499999999809006e+03 1.418050646781921387e+00 6.773249804973602295e-02
4.948979999999808570e+03 1.473407387733459473e+00 6.802070140838623047e-02
4.950459999999808133e+03 1.481361627578735352e+00 6.749948114156723022e-02
4.951939999999807696e+03 1.495751857757568359e+00 6.749548017978668213e-02
4.953419999999807260e+03 1.399705648422241211e+00 6.703663617372512817e-02
4.954899999999806823e+03 1.461880922317504883e+00 6.584379822015762329e-02
4.956379999999806387e+03 1.385653734207153320e+00 6.295305490493774414e-02
4.957859999999805950e+03 1.437625885009765625e+00 6.385868042707443237e-02
4.959339999999805514e+03 1.465062379837036133e+00 6.690384447574615479e-02
4.960819999999805077e+03 1.430136919021606445e+00 6.726372241973876953e-02
4.962299999999804641e+03 1.368569612503051758e+00 6.702941656112670898e-02
4.963779999999804204e+03 1.458138585090637207e+00 6.686732172966003418e-02
4.965259999999803767e+03 1.448636412620544434e+00 6.585315614938735962e-02
4.966739999999803331e+03 1.452606678009033203e+00 6.561614573001861572e-02
4.968219999999802894e+03 1.357340574264526367e+00 6.505426019430160522e-02
4.969699999999802458e+03 1.228776335716247559e+00 6.459894776344299316e-02
4.971179999999802021e+03 1.200904130935668945e+00 6.483929604291915894e-02
4.972659999999801585e+03 1.216719627380371094e+00 6.563074141740798950e-02
4.974139999999801148e+03 1.545004129409790039e+00 6.698935478925704956e-02
4.975619999999800712e+03 2.507344245910644531e+00 7.129642367362976074e-02
4.977099999999800275e+03 3.035804986953735352e+00 7.293770462274551392e-02
4.978579999999799838e+03 1.928164482116699219e+00 6.735208630561828613e-02
4.980059999999799402e+03 1.285136938095092773e+00 6.339924037456512451e-02
4.981539999999798965e+03 1.172361254692077637e+00 6.113544479012489319e-02
4.983019999999798529e+03 1.227656245231628418e+00 6.071604043245315552e-02
4.984499999999798092e+03 1.271390557289123535e+00 6.203918531537055969e-02
4.985979999999797656e+03 1.287154436111450195e+00 6.381491571664810181e-02
4.987459999999797219e+03 1.345659971237182617e+00 6.511844694614410400e-02
4.988939999999796783e+03 1.389127850532531738e+00 6.472951918840408325e-02
4.990419999999796346e+03 1.341939091682434082e+00 6.412266939878463745e-02
4.991899999999795909e+03 1.309081912040710449e+00 6.395876407623291016e-02
4.993379999999795473e+03 1.429514288902282715e+00 6.482584774494171143e-02
4.994859999999795036e+03 1.631352186203002930e+00 6.599887460470199585e-02
4.996339999999794600e+03 1.473924994468688965e+00 6.532803922891616821e-02
4.997819999999794163e+03 1.460323095321655273e+00 6.462413072586059570e-02
4.999299999999793727e+03 1.396651387214660645e+00 6.352018564939498901e-02
5.000779999999793290e+03 1.451917886734008789e+00 6.332592666149139404e-02
5.002259999999792853e+03 1.433935880661010742e+00 6.336428970098495483e-02
5.003739999999792417e+03 1.440548300743103027e+00 6.290044635534286499e-02
5.005219999999791980e+03 1.457328915596008301e+00 6.180958449840545654e-02
5.006699999999791544e+03 1.443531274795532227e+00 6.253487616777420044e-02
5.008179999999791107e+03 1.447580575942993164e+00 6.432753801345825195e-02
5.009659999999790671e+03 1.557548284530639648e+00 6.470614671707153320e-02
5.011139999999790234e+03 1.536263942718505859e+00 6.301774829626083374e-02
5.012619999999789798e+03 1.581721663475036621e+00 6.232503056526184082e-02
5.014099999999789361e+03 1.640365839004516602e+00 6.304337084293365479e-02
5.015579999999788924e+03 1.530543565750122070e+00 6.284088641405105591e-02
5.017059999999788488e+03 1.556876420974731445e+00 6.269385665655136108e-02
5.018539999999788051e+03 1.571513891220092773e+00 6.323496997356414795e-02
5.020019999999787615e+03 1.591437339782714844e+00 6.379224359989166260e-02
5.021499999999787178e+03 1.577597022056579590e+00 6.335770338773727417e-02
5.022979999999786742e+03 1.672613501548767090e+00 6.427767872810363770e-02
5.024459999999786305e+03 1.707024216651916504e+00 6.473992764949798584e-02
5.025939999999785869e+03 1.552862524986267090e+00 6.344582140445709229e-02
5.027419999999785432e+03 1.439227223396301270e+00 6.264220923185348511e-02
5.028899999999784995e+03 1.558030605316162109e+00 6.410366296768188477e-02
5.030379999999784559e+03 1.445287704467773438e+00 6.410193443298339844e-02
5.031859999999784122e+03 1.582095980644226074e+00 6.507034599781036377e-02
5.033339999999783686e+03 1.569914817810058594e+00 6.438483297824859619e-02
5.034819999999783249e+03 1.437857627868652344e+00 6.271912902593612671e-02
5.036299999999782813e+03 1.351881027221679688e+00 6.204986572265625000e-02
5.037779999999782376e+03 1.392901539802551270e+00 6.191224232316017151e-02
5.039259999999781940e+03 1.434034824371337891e+00 6.041903048753738403e-02
5.040739999999781503e+03 1.399978756904602051e+00 5.975581333041191101e-02
5.042219999999781066e+03 1.523800253868103027e+00 6.235195696353912354e-02
5.043699999999780630e+03 1.536455035209655762e+00 6.429270654916763306e-02
5.045179999999780193e+03 1.641726851463317871e+00 6.530527025461196899e-02
5.046659999999779757e+03 1.702227115631103516e+00 6.469392776489257812e-02
5.048139999999779320e+03 1.506035685539245605e+00 6.221387535333633423e-02
5.049619999999778884e+03 1.711650490760803223e+00 6.321030855178833008e-02
5.051099999999778447e+03 1.434964060783386230e+00 6.224324554204940796e-02
5.052579999999778011e+03 1.582138895988464355e+00 6.357827782630920410e-02
5.054059999999777574e+03 1.589192748069763184e+00 6.441058218479156494e-02
5.055539999999777137e+03 1.481788396835327148e+00 6.376523524522781372e-02
5.057019999999776701e+03 1.492543697357177734e+00 6.390967965126037598e-02
5.058499999999776264e+03 1.624527573585510254e+00 6.469192355871200562e-02
5.059979999999775828e+03 1.631352066993713379e+00 6.503040343523025513e-02
5.061459999999775391e+03 1.628565907478332520e+00 6.481246650218963623e-02
5.062939999999774955e+03 1.595894455909729004e+00 6.374810636043548584e-02
5.064419999999774518e+03 1.544701933860778809e+00 6.254164129495620728e-02
5.065899999999774082e+03 1.719631195068359375e+00 6.359194964170455933e-02
5.067379999999773645e+03 1.571902155876159668e+00 6.311473250389099121e-02
5.068859999999773208e+03 1.602549791336059570e+00 6.345179677009582520e-02
5.070339999999772772e+03 1.654435157775878906e+00 6.360699236392974854e-02
5.071819999999772335e+03 1.638477325439453125e+00 6.310189515352249146e-02
5.073299999999771899e+03 1.657999515533447266e+00 6.304525583982467651e-02
5.074779999999771462e+03 1.612136840820312500e+00 6.341333687305450439e-02
5.076259999999771026e+03 1.989487290382385254e+00 6.540691852569580078e-02
5.077739999999770589e+03 2.032885074615478516e+00 6.420276314020156860e-02
5.079219999999770152e+03 1.719715595245361328e+00 6.143397465348243713e-02
5.080699999999769716e+03 1.691557288169860840e+00 6.185796111822128296e-02
5.082179999999769279e+03 1.597571969032287598e+00 6.231738254427909851e-02
5.083659999999768843e+03 1.649949789047241211e+00 6.315795332193374634e-02
5.085139999999768406e+03 1.633241772651672363e+00 6.367110460996627808e-02
5.086619999999767970e+03 1.560077190399169922e+00 6.334974616765975952e-02
5.088099999999767533e+03 1.593509316444396973e+00 6.332319974899291992e-02
5.089579999999767097e+03 1.740493774414062500e+00 6.411817669868469238e-02
5.091059999999766660e+03 1.602729320526123047e+00 6.354182213544845581e-02
5.092539999999766223e+03 1.626488566398620605e+00 6.404529511928558350e-02
5.094019999999765787e+03 1.731912851333618164e+00 6.451330333948135376e-02
5.095499999999765350e+03 1.674710512161254883e+00 6.307613849639892578e-02
5.096979999999764914e+03 1.594410538673400879e+00 6.131741777062416077e-02
5.098459999999764477e+03 1.524736762046813965e+00 6.063038110733032227e-02
5.099939999999764041e+03 1.528681039810180664e+00 6.207369267940521240e-02
5.101419999999763604e+03 1.389614939689636230e+00 6.237271428108215332e-02
5.102899999999763168e+03 1.584466695785522461e+00 6.295825541019439697e-02
5.104379999999762731e+03 1.707267880439758301e+00 6.307890266180038452e-02
5.105859999999762294e+03 1.633208513259887695e+00 6.243519484996795654e-02
5.107339999999761858e+03 1.608230113983154297e+00 6.201977282762527466e-02
5.108819999999761421e+03 1.536517262458801270e+00 6.165805831551551819e-02
5.110299999999760985e+03 1.581330895423889160e+00 6.225155666470527649e-02
5.111779999999760548e+03 1.647150635719299316e+00 6.356046348810195923e-02
5.113259999999760112e+03 1.654864072799682617e+00 6.365946680307388306e-02
5.114739999999759675e+03 1.521365761756896973e+00 6.285805255174636841e-02
5.116219999999759239e+03 1.707087516784667969e+00 6.372303515672683716e-02
5.117699999999758802e+03 1.663925409317016602e+00 6.413153558969497681e-02
5.119179999999758365e+03 1.524617671966552734e+00 6.288670748472213745e-02
5.120659999999757929e+03 1.514884948730468750e+00 6.210881844162940979e-02
5.122139999999757492e+03 1.636145234107971191e+00 6.195128709077835083e-02
5.123619999999757056e+03 2.093077659606933594e+00 6.378639489412307739e-02
5.125099999999756619e+03 2.696439266204833984e+00 6.678257882595062256e-02
5.126579999999756183e+03 2.603794336318969727e+00 6.645415723323822021e-02
5.128059999999755746e+03 1.840324759483337402e+00 6.273864954710006714e-02
5.129539999999755310e+03 1.545223474502563477e+00 6.147370487451553345e-02
5.131019999999754873e+03 1.496653556823730469e+00 6.131656840443611145e-02
5.132499999999754436e+03 1.537098050117492676e+00 6.169629096984863281e-02
5.133979999999754000e+03 1.551207900047302246e+00 6.184405088424682617e-02
5.135459999999753563e+03 1.603767395019531250e+00 6.192659586668014526e-02
5.136939999999753127e+03 1.507460594177246094e+00 6.003680080175399780e-02
5.138419999999752690e+03 1.476942777633666992e+00 5.967595055699348450e-02
5.139899999999752254e+03 1.534283161163330078e+00 6.070417910814285278e-02
5.141379999999751817e+03 1.478814601898193359e+00 6.018345057964324951e-02
5.142859999999751381e+03 1.667507529258728027e+00 6.148716434836387634e-02
5.144339999999750944e+03 1.733453869819641113e+00 6.223538890480995178e-02
5.145819999999750507e+03 1.598149418830871582e+00 6.102317571640014648e-02
5.147299999999750071e+03 1.536055445671081543e+00 6.070806458592414856e-02
5.148779999999749634e+03 1.574239492416381836e+00 6.129331514239311218e-02
5.150259999999749198e+03 1.657127261161804199e+00 6.166524812579154968e-02
5.151739999999748761e+03 1.739315748214721680e+00 6.183657422661781311e-02
5.153219999999748325e+03 1.623297214508056641e+00 6.125364825129508972e-02
5.154699999999747888e+03 1.589454531669616699e+00 6.134737282991409302e-02
5.156179999999747452e+03 1.629965901374816895e+00 6.208280846476554871e-02
5.157659999999747015e+03 1.643905997276306152e+00 6.242660805583000183e-02
5.159139999999746578e+03 1.505129933357238770e+00 6.157713383436203003e-02
5.160619999999746142e+03 1.543036222457885742e+00 6.110068038105964661e-02
5.162099999999745705e+03 1.662603855133056641e+00 6.086688861250877380e-02
5.163579999999745269e+03 1.674635767936706543e+00 6.015029922127723694e-02
5.165059999999744832e+03 1.708231687545776367e+00 5.813303217291831970e-02
5.166539999999744396e+03 1.618926525115966797e+00 5.559510365128517151e-02
5.168019999999743959e+03 1.700904607772827148e+00 5.739802122116088867e-02
5.169499999999743522e+03 1.611421465873718262e+00 5.800019577145576477e-02
5.170979999999743086e+03 1.611933469772338867e+00 5.560796707868576050e-02
5.172459999999742649e+03 1.488152980804443359e+00 5.507969856262207031e-02
5.173939999999742213e+03 1.567474603652954102e+00 5.944136530160903931e-02
5.175419999999741776e+03 1.741873264312744141e+00 6.226886063814163208e-02
5.176899999999741340e+03 1.756174325942993164e+00 6.252128630876541138e-02
5.178379999999740903e+03 1.698278784751892090e+00 6.220962107181549072e-02
5.179859999999740467e+03 1.661719918251037598e+00 6.106276437640190125e-02
5.181339999999740030e+03 1.827225804328918457e+00 5.788913741707801819e-02
5.182819999999739593e+03 1.617874264717102051e+00 5.399008095264434814e-02
5.184299999999739157e+03 1.523182511329650879e+00 5.646733939647674561e-02
5.185779999999738720e+03 1.695967555046081543e+00 6.039138883352279663e-02
5.187259999999738284e+03 1.602473378181457520e+00 8.873147517442703247e-02
5.188739999999737847e+03 1.636085271835327148e+00 8.016191422939300537e-02
5.190219999999737411e+03 1.699262976646423340e+00 5.995378643274307251e-02
5.191699999999736974e+03 1.503466367721557617e+00 5.872993171215057373e-02
5.193179999999736538e+03 1.557448506355285645e+00 5.970962345600128174e-02
5.194659999999736101e+03 1.630507588386535645e+00 6.019565090537071228e-02
5.196139999999735664e+03 1.572111010551452637e+00 6.024202331900596619e-02
5.197619999999735228e+03 1.630051612854003906e+00 6.143564730882644653e-02
5.199099999999734791e+03 1.546841740608215332e+00 6.126947700977325439e-02
5.200579999999734355e+03 1.571202754974365234e+00 6.142308190464973450e-02
5.202059999999733918e+03 1.560875773429870605e+00 6.069009006023406982e-02
5.203539999999733482e+03 1.549707174301147461e+00 5.960393324494361877e-02
5.205019999999733045e+03 1.608945846557617188e+00 5.950904637575149536e-02
5.206499999999732609e+03 1.570172429084777832e+00 5.915302038192749023e-02
5.207979999999732172e+03 1.674718141555786133e+00 5.974975973367691040e-02
5.209459999999731735e+03 1.692165017127990723e+00 6.142545863986015320e-02
5.210939999999731299e+03 1.691696286201477051e+00 6.188324093818664551e-02
5.212419999999730862e+03 1.684618115425109863e+00 6.196781992912292480e-02
5.213899999999730426e+03 1.794744253158569336e+00 6.128652021288871765e-02
5.215379999999729989e+03 1.688721656799316406e+00 6.003350391983985901e-02
5.216859999999729553e+03 1.554810166358947754e+00 5.992856994271278381e-02
5.218339999999729116e+03 1.610533714294433594e+00 6.129174306988716125e-02
5.219819999999728680e+03 1.564051747322082520e+00 6.150667741894721985e-02
5.221299999999728243e+03 1.653898477554321289e+00 6.173915788531303406e-02
5.222779999999727806e+03 1.741984248161315918e+00 6.152174994349479675e-02
5.224259999999727370e+03 1.685646295547485352e+00 5.964043736457824707e-02
5.225739999999726933e+03 1.653971433639526367e+00 5.771788582205772400e-02
5.227219999999726497e+03 1.644670486450195312e+00 5.870398879051208496e-02
5.228699999999726060e+03 1.601056098937988281e+00 6.022194772958755493e-02
5.230179999999725624e+03 1.630618572235107422e+00 6.042750552296638489e-02
5.231659999999725187e+03 1.645835041999816895e+00 5.966693907976150513e-02
5.233139999999724751e+03 1.596220254898071289e+00 5.934204161167144775e-02
5.234619999999724314e+03 1.705399751663208008e+00 6.067038327455520630e-02
5.236099999999723877e+03 1.727183341979980469e+00 6.182430684566497803e-02
5.237579999999723441e+03 1.715537548065185547e+00 6.224253028631210327e-02
5.239059999999723004e+03 1.734989523887634277e+00 6.225365027785301208e-02
5.240539999999722568e+03 1.706019878387451172e+00 6.165168806910514832e-02
5.242019999999722131e+03 1.588526129722595215e+00 6.069333106279373169e-02
5.243499999999721695e+03 1.639944314956665039e+00 6.120580062270164490e-02
5.244979999999721258e+03 1.642961502075195312e+00 6.103735417127609253e-02
5.246459999999720822e+03 1.524943590164184570e+00 6.014323979616165161e-02
5.247939999999720385e+03 1.565233349800109863e+00 6.011695414781570435e-02
5.249419999999719948e+03 1.520950555801391602e+00 5.977745354175567627e-02
5.250899999999719512e+03 1.571447491645812988e+00 6.012711301445960999e-02
5.252379999999719075e+03 1.630594730377197266e+00 6.069853901863098145e-02
5.253859999999718639e+03 1.564839482307434082e+00 5.984291806817054749e-02
5.255339999999718202e+03 1.690517663955688477e+00 6.106181442737579346e-02
5.256819999999717766e+03 1.733135104179382324e+00 6.213816255331039429e-02
5.258299999999717329e+03 1.694776058197021484e+00 6.154695898294448853e-02
5.259779999999716892e+03 1.780972480773925781e+00 6.088291481137275696e-02
5.261259999999716456e+03 1.613566994667053223e+00 5.879585072398185730e-02
5.262739999999716019e+03 1.516650557518005371e+00 5.700531601905822754e-02
5.264219999999715583e+03 1.569760560989379883e+00 5.664046108722686768e-02
5.265699999999715146e+03 1.543037414550781250e+00 5.708692967891693115e-02
5.267179999999714710e+03 1.592571854591369629e+00 5.740714073181152344e-02
5.268659999999714273e+03 1.553745865821838379e+00 5.602654442191123962e-02
5.270139999999713837e+03 1.545257449150085449e+00 5.699540674686431885e-02
5.271619999999713400e+03 1.714667916297912598e+00 5.954973772168159485e-02
5.273099999999712963e+03 1.641793012619018555e+00 5.894257873296737671e-02
5.274579999999712527e+03 1.563187956809997559e+00 5.868700146675109863e-02
5.276059999999712090e+03 1.633423924446105957e+00 5.992109701037406921e-02
5.277539999999711654e+03 1.669294118881225586e+00 6.094777956604957581e-02
5.279019999999711217e+03 1.767519593238830566e+00 6.092879176139831543e-02
5.280499999999710781e+03 1.751019835472106934e+00 5.996435135602951050e-02
5.281979999999710344e+03 1.617163538932800293e+00 5.867262557148933411e-02
5.283459999999709908e+03 1.679350256919860840e+00 5.935518071055412292e-02
5.284939999999709471e+03 1.657800197601318359e+00 6.063757464289665222e-02
5.286419999999709034e+03 1.570405483245849609e+00 6.070226803421974182e-02
5.287899999999708598e+03 1.548421978950500488e+00 6.049513816833496094e-02
5.289379999999708161e+03 1.447213888168334961e+00 6.020213663578033447e-02
5.290859999999707725e+03 1.289620995521545410e+00 5.926430225372314453e-02
5.292339999999707288e+03 1.334871888160705566e+00 5.901033431291580200e-02
5.293819999999706852e+03 1.381351470947265625e+00 5.917198210954666138e-02
5.295299999999706415e+03 1.444070100784301758e+00 5.837934464216232300e-02
5.296779999999705979e+03 1.465101361274719238e+00 5.954793840646743774e-02
5.298259999999705542e+03 1.660464406013488770e+00 8.629126101732254028e-02
5.299739999999705105e+03 1.696308016777038574e+00 1.039108783006668091e-01
5.301219999999704669e+03 1.600482225418090820e+00 7.367730140686035156e-02
5.302699999999704232e+03 1.683126688003540039e+00 6.041012704372406006e-02
5.304179999999703796e+03 1.524686098098754883e+00 5.996832624077796936e-02
5.305659999999703359e+03 1.294865369796752930e+00 5.866683647036552429e-02
5.307139999999702923e+03 1.387773275375366211e+00 5.894150584936141968e-02
5.308619999999702486e+03 1.609803199768066406e+00 6.042532250285148621e-02
5.310099999999702050e+03 1.695619583129882812e+00 6.103008612990379333e-02
5.311579999999701613e+03 1.667578339576721191e+00 6.076837331056594849e-02
5.313059999999701176e+03 1.539699554443359375e+00 5.985157191753387451e-02
5.314539999999700740e+03 1.557049989700317383e+00 5.936516448855400085e-02
5.316019999999700303e+03 1.551609992980957031e+00 5.917212367057800293e-02
5.317499999999699867e+03 1.554862856864929199e+00 5.955615267157554626e-02
5.318979999999699430e+03 1.588241338729858398e+00 5.996601656079292297e-02
5.320459999999698994e+03 1.599067926406860352e+00 5.961699783802032471e-02
5.321939999999698557e+03 1.677634954452514648e+00 5.928952991962432861e-02
5.323419999999698121e+03 1.686819672584533691e+00 5.884410440921783447e-02
5.324899999999697684e+03 1.668688058853149414e+00 5.844783037900924683e-02
5.326379999999697247e+03 1.573619604110717773e+00 5.660456046462059021e-02
5.327859999999696811e+03 1.393585443496704102e+00 5.501329526305198669e-02
5.329339999999696374e+03 1.559666633605957031e+00 5.774590373039245605e-02
5.330819999999695938e+03 1.602902889251708984e+00 5.921386554837226868e-02
5.332299999999695501e+03 1.604521155357360840e+00 5.932669714093208313e-02
5.333779999999695065e+03 1.618900656700134277e+00 5.979531258344650269e-02
5.335259999999694628e+03 1.591572046279907227e+00 5.974844470620155334e-02
5.336739999999694192e+03 1.468936562538146973e+00 5.868473649024963379e-02
5.338219999999693755e+03 1.574345588684082031e+00 5.815055221319198608e-02
5.339699999999693318e+03 1.482992649078369141e+00 5.711812153458595276e-02
5.341179999999692882e+03 1.769889950752258301e+00 5.937326326966285706e-02
5.342659999999692445e+03 1.713860988616943359e+00 5.989347398281097412e-02
5.344139999999692009e+03 1.701242208480834961e+00 5.952979996800422668e-02
5.345619999999691572e+03 1.600912570953369141e+00 5.859859287738800049e-02
5.347099999999691136e+03 1.640961050987243652e+00 5.836522579193115234e-02
5.348579999999690699e+03 1.484437108039855957e+00 5.761331319808959961e-02
5.350059999999690262e+03 1.446888208389282227e+00 5.788873508572578430e-02
5.351539999999689826e+03 1.536367058753967285e+00 5.850219726562500000e-02
5.353019999999689389e+03 1.579433441162109375e+00 5.918118357658386230e-02
5.354499999999688953e+03 1.617229223251342773e+00 5.981932207942008972e-02
5.355979999999688516e+03 1.565373897552490234e+00 5.943148955702781677e-02
5.357459999999688080e+03 1.608053445816040039e+00 5.981601774692535400e-02
5.358939999999687643e+03 1.646685123443603516e+00 5.982037261128425598e-02
5.360419999999687207e+03 1.660400867462158203e+00 5.936441197991371155e-02
5.361899999999686770e+03 1.652999043464660645e+00 5.852396041154861450e-02
5.363379999999686333e+03 1.635245203971862793e+00 5.799697339534759521e-02
5.364859999999685897e+03 1.603383421897888184e+00 5.766350775957107544e-02
5.366339999999685460e+03 1.749821901321411133e+00 5.846325680613517761e-02
5.367819999999685024e+03 1.799617886543273926e+00 5.830916017293930054e-02
5.369299999999684587e+03 1.684043049812316895e+00 5.655908212065696716e-02
5.370779999999684151e+03 1.568817138671875000e+00 5.619047209620475769e-02
5.372259999999683714e+03 1.566892266273498535e+00 5.765173584222793579e-02
5.373739999999683278e+03 1.625581026077270508e+00 5.876936018466949463e-02
5.375219999999682841e+03 1.608863234519958496e+00 5.885950103402137756e-02
5.376699999999682404e+03 1.694638133049011230e+00 5.898104235529899597e-02
5.378179999999681968e+03 1.658419489860534668e+00 5.868760123848915100e-02
5.379659999999681531e+03 1.635000944137573242e+00 5.839667096734046936e-02
5.381139999999681095e+03 1.727102518081665039e+00 5.829363316297531128e-02
5.382619999999680658e+03 1.649549841880798340e+00 5.795834958553314209e-02
5.384099999999680222e+03 1.661567926406860352e+00 5.850291997194290161e-02
5.385579999999679785e+03 1.640383481979370117e+00 5.854973196983337402e-02
5.387059999999679349e+03 1.428877592086791992e+00 5.720428749918937683e-02
5.388539999999678912e+03 1.524173021316528320e+00 5.710360035300254822e-02
5.390019999999678475e+03 1.524593830108642578e+00 5.661554262042045593e-02
5.391499999999678039e+03 1.559912443161010742e+00 5.670207738876342773e-02
5.392979999999677602e+03 1.491330146789550781e+00 5.648250505328178406e-02
5.394459999999677166e+03 1.500814437866210938e+00 5.652293935418128967e-02
5.395939999999676729e+03 1.526440858840942383e+00 5.606047436594963074e-02
5.397419999999676293e+03 1.668557167053222656e+00 5.696724355220794678e-02
5.398899999999675856e+03 1.650828361511230469e+00 5.732365325093269348e-02
5.400379999999675420e+03 1.616202592849731445e+00 5.747793242335319519e-02
5.401859999999674983e+03 1.646221041679382324e+00 5.715432018041610718e-02
5.403339999999674546e+03 1.722575068473815918e+00 5.629013478755950928e-02
5.404819999999674110e+03 1.705740928649902344e+00 5.577154830098152161e-02
5.406299999999673673e+03 1.573270440101623535e+00 5.625536292791366577e-02
5.407779999999673237e+03 1.623628020286560059e+00 5.662470683455467224e-02
5.409259999999672800e+03 1.624893307685852051e+00 5.631862208247184753e-02
5.410739999999672364e+03 1.592968344688415527e+00 5.672556534409523010e-02
5.412219999999671927e+03 1.669050097465515137e+00 5.742739886045455933e-02
5.413699999999671491e+03 1.773699879646301270e+00 5.749575793743133545e-02
5.415179999999671054e+03 1.766652822494506836e+00 5.765871703624725342e-02
5.416659999999670617e+03 1.759279847145080566e+00 5.806276574730873108e-02
5.418139999999670181e+03 1.718400955200195312e+00 5.802063271403312683e-02
5.419619999999669744e+03 1.646148562431335449e+00 5.734515935182571411e-02
5.421099999999669308e+03 1.707921385765075684e+00 5.741791054606437683e-02
5.422579999999668871e+03 1.648037672042846680e+00 5.659540742635726929e-02
5.424059999999668435e+03 1.650807857513427734e+00 5.659417062997817993e-02
5.425539999999667998e+03 1.619020938873291016e+00 5.755556002259254456e-02
5.427019999999667561e+03 1.577085852622985840e+00 5.696700140833854675e-02
5.428499999999667125e+03 1.627805113792419434e+00 5.608197301626205444e-02
5.429979999999666688e+03 1.738951325416564941e+00 5.675889551639556885e-02
5.431459999999666252e+03 1.807069063186645508e+00 5.771731585264205933e-02
5.432939999999665815e+03 1.590103983879089355e+00 5.620404332876205444e-02
5.434419999999665379e+03 1.608355283737182617e+00 5.574217438697814941e-02
5.435899999999664942e+03 1.821727037429809570e+00 5.763145536184310913e-02
5.437379999999664506e+03 1.760848760604858398e+00 5.799393728375434875e-02
5.438859999999664069e+03 1.775436162948608398e+00 5.819626897573471069e-02
5.440339999999663632e+03 1.811698794364929199e+00 5.849753320217132568e-02
5.441819999999663196e+03 1.695874452590942383e+00 5.767969042062759399e-02
5.443299999999662759e+03 1.653972029685974121e+00 5.680774152278900146e-02
5.444779999999662323e+03 1.655977725982666016e+00 5.564378201961517334e-02
5.446259999999661886e+03 1.673352360725402832e+00 5.575220286846160889e-02
5.447739999999661450e+03 1.760813593864440918e+00 5.737948417663574219e-02
5.449219999999661013e+03 1.670304417610168457e+00 5.749245360493659973e-02
5.450699999999660577e+03 1.542703866958618164e+00 5.705781653523445129e-02
5.452179999999660140e+03 1.546730279922485352e+00 5.667982622981071472e-02
5.453659999999659703e+03 1.473641514778137207e+00 5.469891428947448730e-02
5.455139999999659267e+03 1.531922221183776855e+00 5.518333241343498230e-02
5.456619999999658830e+03 1.571098566055297852e+00 5.640177428722381592e-02
5.458099999999658394e+03 1.598718523979187012e+00 5.717758089303970337e-02
5.459579999999657957e+03 1.663762927055358887e+00 5.699994415044784546e-02
5.461059999999657521e+03 1.677644968032836914e+00 5.623106285929679871e-02
5.462539999999657084e+03 1.697023868560791016e+00 5.577613785862922668e-02
5.464019999999656648e+03 1.702524781227111816e+00 5.618105828762054443e-02
5.465499999999656211e+03 1.643931150436401367e+00 5.632698535919189453e-02
5.466979999999655774e+03 1.617328763008117676e+00 5.625436455011367798e-02
5.468459999999655338e+03 1.563705325126647949e+00 5.604152008891105652e-02
5.469939999999654901e+03 1.654758930206298828e+00 5.647597834467887878e-02
5.471419999999654465e+03 1.729758024215698242e+00 5.666717514395713806e-02
5.472899999999654028e+03 1.719664931297302246e+00 5.640788748860359192e-02
5.474379999999653592e+03 1.587056636810302734e+00 5.495383590459823608e-02
5.475859999999653155e+03 1.614872932434082031e+00 5.443637445569038391e-02
5.477339999999652719e+03 1.665719509124755859e+00 5.539856851100921631e-02
5.478819999999652282e+03 1.702592849731445312e+00 5.619207024574279785e-02
5.480299999999651845e+03 1.650287866592407227e+00 5.546170845627784729e-02
5.481779999999651409e+03 1.633293867111206055e+00 5.549144744873046875e-02
5.483259999999650972e+03 1.775366187095642090e+00 5.687291175127029419e-02
5.484739999999650536e+03 1.800675630569458008e+00 5.717237293720245361e-02
5.486219999999650099e+03 1.698444843292236328e+00 5.620451644062995911e-02
5.487699999999649663e+03 1.736213445663452148e+00 5.621655285358428955e-02
5.489179999999649226e+03 1.630147933959960938e+00 5.615340545773506165e-02
5.490659999999648790e+03 1.632511734962463379e+00 5.610750243067741394e-02
5.492139999999648353e+03 1.729563832283020020e+00 5.626010522246360779e-02
5.493619999999647916e+03 1.658942103385925293e+00 5.578049644827842712e-02
5.495099999999647480e+03 1.645444869995117188e+00 5.576411262154579163e-02
5.496579999999647043e+03 1.549784660339355469e+00 5.510956048965454102e-02
5.498059999999646607e+03 1.492734074592590332e+00 5.497777834534645081e-02
5.499539999999646170e+03 1.594013690948486328e+00 5.522804707288742065e-02
5.501019999999645734e+03 1.716262698173522949e+00 5.566759034991264343e-02
5.502499999999645297e+03 1.813429951667785645e+00 5.609603598713874817e-02
5.503979999999644861e+03 1.780303359031677246e+00 5.632215365767478943e-02
5.505459999999644424e+03 1.621971487998962402e+00 5.510566756129264832e-02
5.506939999999643987e+03 1.718704581260681152e+00 5.588955059647560120e-02
5.508419999999643551e+03 1.776176333427429199e+00 5.634033307433128357e-02
5.509899999999643114e+03 1.550648689270019531e+00 5.500775203108787537e-02
5.511379999999642678e+03 1.650180816650390625e+00 5.491881445050239563e-02
5.512859999999642241e+03 1.732008218765258789e+00 5.541159957647323608e-02
5.514339999999641805e+03 1.705075383186340332e+00 5.571594089269638062e-02
5.515819999999641368e+03 1.557187795639038086e+00 5.519583821296691895e-02
5.517299999999640931e+03 1.608023285865783691e+00 5.577249825000762939e-02
5.518779999999640495e+03 1.654977798461914062e+00 5.597447231411933899e-02
5.520259999999640058e+03 1.602450847625732422e+00 5.542030930519104004e-02
5.521739999999639622e+03 1.550293922424316406e+00 5.521110072731971741e-02
5.523219999999639185e+03 1.610437393188476562e+00 5.547324195504188538e-02
5.524699999999638749e+03 1.612104415893554688e+00 5.490584298968315125e-02
5.526179999999638312e+03 1.683857917785644531e+00 5.442459881305694580e-02
5.527659999999637876e+03 1.675292849540710449e+00 5.402730032801628113e-02
5.529139999999637439e+03 1.660516023635864258e+00 5.472511425614356995e-02
5.530619999999637002e+03 1.576439380645751953e+00 5.504813045263290405e-02
5.532099999999636566e+03 1.568251848220825195e+00 5.476407334208488464e-02
5.533579999999636129e+03 1.641951203346252441e+00 5.473857000470161438e-02
5.535059999999635693e+03 1.587003588676452637e+00 5.442584306001663208e-02
5.536539999999635256e+03 1.562673330307006836e+00 5.454891547560691833e-02
5.538019999999634820e+03 1.596356034278869629e+00 5.481048673391342163e-02
5.539499999999634383e+03 1.571777701377868652e+00 5.495416373014450073e-02
5.540979999999633947e+03 1.599508166313171387e+00 5.506667122244834900e-02
5.542459999999633510e+03 1.672325968742370605e+00 5.521449819207191467e-02
5.543939999999633073e+03 1.622884869575500488e+00 5.497353896498680115e-02
5.545419999999632637e+03 1.678621530532836914e+00 5.529051274061203003e-02
5.546899999999632200e+03 1.707978010177612305e+00 5.553704127669334412e-02
5.548379999999631764e+03 1.715084671974182129e+00 5.585038289427757263e-02
5.549859999999631327e+03 1.676380872726440430e+00 5.565537884831428528e-02
5.551339999999630891e+03 1.603020429611206055e+00 5.506062507629394531e-02
5.552819999999630454e+03 1.621916294097900391e+00 5.463014543056488037e-02
5.554299999999630018e+03 1.601621747016906738e+00 5.437888205051422119e-02
5.555779999999629581e+03 1.697677850723266602e+00 5.498103797435760498e-02
5.557259999999629144e+03 1.594728231430053711e+00 5.459970980882644653e-02
5.558739999999628708e+03 1.646159529685974121e+00 5.482841283082962036e-02
5.560219999999628271e+03 1.611082196235656738e+00 5.447337776422500610e-02
5.561699999999627835e+03 1.538558602333068848e+00 5.391248688101768494e-02
5.563179999999627398e+03 1.626057386398315430e+00 5.449857190251350403e-02
5.564659999999626962e+03 1.607151389122009277e+00 5.425133183598518372e-02
5.566139999999626525e+03 1.551202058792114258e+00 5.371915549039840698e-02
5.567619999999626089e+03 1.775103211402893066e+00 5.476868897676467896e-02
5.569099999999625652e+03 1.741200685501098633e+00 5.467268824577331543e-02
5.570579999999625215e+03 1.806651592254638672e+00 5.464003980159759521e-02
5.572059999999624779e+03 1.685610294342041016e+00 5.384829267859458923e-02
5.573539999999624342e+03 1.644649386405944824e+00 5.424065515398979187e-02
5.575019999999623906e+03 1.333757400512695312e+00 6.344617158174514771e-02
5.576499999999623469e+03 1.877223968505859375e+00 7.261527329683303833e-02
5.577979999999623033e+03 1.760167002677917480e+00 6.656038016080856323e-02
5.579459999999622596e+03 1.481860756874084473e+00 5.449838936328887939e-02
5.580939999999622160e+03 1.640987992286682129e+00 5.409231036901473999e-02
5.582419999999621723e+03 1.625661730766296387e+00 5.411602929234504700e-02
5.583899999999621286e+03 1.618991971015930176e+00 5.376198887825012207e-02
5.585379999999620850e+03 1.529148459434509277e+00 5.212178826332092285e-02
5.586859999999620413e+03 1.646198272705078125e+00 5.249737948179244995e-02
5.588339999999619977e+03 1.675728082656860352e+00 5.287682637572288513e-02
5.589819999999619540e+03 1.678017735481262207e+00 5.374367162585258484e-02
5.591299999999619104e+03 1.669597268104553223e+00 5.372804403305053711e-02
5.592779999999618667e+03 1.623824357986450195e+00 5.325479060411453247e-02
5.594259999999618231e+03 1.554686188697814941e+00 5.313430353999137878e-02
5.595739999999617794e+03 1.610051155090332031e+00 5.379694700241088867e-02
5.597219999999617357e+03 1.665342330932617188e+00 5.371111258864402771e-02
5.598699999999616921e+03 1.612560153007507324e+00 5.311412364244461060e-02
5.600179999999616484e+03 1.644063472747802734e+00 5.312114581465721130e-02
5.601659999999616048e+03 1.651562929153442383e+00 5.287619307637214661e-02
5.603139999999615611e+03 1.587574601173400879e+00 5.323960632085800171e-02
5.604619999999615175e+03 1.670879006385803223e+00 5.498829856514930725e-02
5.606099999999614738e+03 1.592597484588623047e+00 5.456884577870368958e-02
5.607579999999614301e+03 1.515303254127502441e+00 5.383022502064704895e-02
5.609059999999613865e+03 1.566922545433044434e+00 5.429514497518539429e-02
5.610539999999613428e+03 1.519725203514099121e+00 5.391751229763031006e-02
5.612019999999612992e+03 1.601881623268127441e+00 5.399326607584953308e-02
5.613499999999612555e+03 1.627502560615539551e+00 5.282071977853775024e-02
5.614979999999612119e+03 1.619136333465576172e+00 5.221643298864364624e-02
5.616459999999611682e+03 1.549329161643981934e+00 5.256332457065582275e-02
5.617939999999611246e+03 1.495271563529968262e+00 5.284284055233001709e-02
5.619419999999610809e+03 1.571276903152465820e+00 5.341909080743789673e-02
5.620899999999610372e+03 1.586970567703247070e+00 5.373303964734077454e-02
5.622379999999609936e+03 1.552773714065551758e+00 5.325493961572647095e-02
5.623859999999609499e+03 1.570778250694274902e+00 5.270492285490036011e-02
5.625339999999609063e+03 1.639299869537353516e+00 5.323557183146476746e-02
5.626819999999608626e+03 1.671635389328002930e+00 5.391456931829452515e-02
5.628299999999608190e+03 1.599959969520568848e+00 5.369316786527633667e-02
5.629779999999607753e+03 1.624729156494140625e+00 5.388392508029937744e-02
5.631259999999607317e+03 1.689513802528381348e+00 5.409850925207138062e-02
5.632739999999606880e+03 1.593170642852783203e+00 5.335598811507225037e-02
5.634219999999606443e+03 1.585080623626708984e+00 5.307724699378013611e-02
5.635699999999606007e+03 1.667904138565063477e+00 5.324318632483482361e-02
5.637179999999605570e+03 1.683323383331298828e+00 5.328686535358428955e-02
5.638659999999605134e+03 1.701093077659606934e+00 5.356442555785179138e-02
5.640139999999604697e+03 1.682223796844482422e+00 5.331790819764137268e-02
5.641619999999604261e+03 1.617297410964965820e+00 5.286540463566780090e-02
5.643099999999603824e+03 1.596684336662292480e+00 5.296590551733970642e-02
5.644579999999603388e+03 1.600687146186828613e+00 5.318301543593406677e-02
5.646059999999602951e+03 1.589391589164733887e+00 5.329568311572074890e-02
5.647539999999602514e+03 1.563960671424865723e+00 5.297579243779182434e-02
5.649019999999602078e+03 1.624305605888366699e+00 5.298404768109321594e-02
5.650499999999601641e+03 1.607448220252990723e+00 5.311914905905723572e-02
5.651979999999601205e+03 1.649090170860290527e+00 5.324526876211166382e-02
5.653459999999600768e+03 1.639650106430053711e+00 5.277758464217185974e-02
5.654939999999600332e+03 1.585833072662353516e+00 5.250322818756103516e-02
5.656419999999599895e+03 1.581090569496154785e+00 5.211328342556953430e-02
5.657899999999599459e+03 1.652824997901916504e+00 5.206924304366111755e-02
5.659379999999599022e+03 1.597585439682006836e+00 5.212600529193878174e-02
5.660859999999598585e+03 1.508043050765991211e+00 5.199649557471275330e-02
5.662339999999598149e+03 1.644868731498718262e+00 5.275827646255493164e-02
5.663819999999597712e+03 1.586462497711181641e+00 5.273553729057312012e-02
5.665299999999597276e+03 1.609267473220825195e+00 5.304627865552902222e-02
5.666779999999596839e+03 1.573888659477233887e+00 5.279166623950004578e-02
5.668259999999596403e+03 1.598751902580261230e+00 5.291789025068283081e-02
5.669739999999595966e+03 1.615029215812683105e+00 5.314902216196060181e-02
5.671219999999595530e+03 1.592500329017639160e+00 5.332475900650024414e-02
5.672699999999595093e+03 1.616693377494812012e+00 5.335914343595504761e-02
5.674179999999594656e+03 1.633190393447875977e+00 5.327164381742477417e-02
5.675659999999594220e+03 1.598203063011169434e+00 5.312953516840934753e-02
5.677139999999593783e+03 1.608262181282043457e+00 5.310947448015213013e-02
5.678619999999593347e+03 1.665935635566711426e+00 5.324101075530052185e-02
5.680099999999592910e+03 1.774072647094726562e+00 5.353678017854690552e-02
5.681579999999592474e+03 1.774512767791748047e+00 5.330288782715797424e-02
5.683059999999592037e+03 1.677549362182617188e+00 5.264812335371971130e-02
5.684539999999591600e+03 1.605676889419555664e+00 5.241259932518005371e-02
5.686019999999591164e+03 1.574451684951782227e+00 5.221720412373542786e-02
5.687499999999590727e+03 1.611072301864624023e+00 5.222456157207489014e-02
5.688979999999590291e+03 1.617268681526184082e+00 5.253141000866889954e-02
5.690459999999589854e+03 1.644852876663208008e+00 5.309497937560081482e-02
5.691939999999589418e+03 1.570101261138916016e+00 5.258354172110557556e-02
5.693419999999588981e+03 1.585383772850036621e+00 5.257914215326309204e-02
5.694899999999588545e+03 1.581185698509216309e+00 5.284667760133743286e-02
5.696379999999588108e+03 1.644797563552856445e+00 5.311110988259315491e-02
5.697859999999587671e+03 1.618174433708190918e+00 5.284939333796501160e-02
5.699339999999587235e+03 1.593714594841003418e+00 5.231290310621261597e-02
5.700819999999586798e+03 1.647399425506591797e+00 5.269220471382141113e-02
5.702299999999586362e+03 1.625967144966125488e+00 5.247617140412330627e-02
5.703779999999585925e+03 1.588677406311035156e+00 5.229275301098823547e-02
5.705259999999585489e+03 1.571958541870117188e+00 5.195535719394683838e-02
5.706739999999585052e+03 1.616168737411499023e+00 5.837311595678329468e-02
5.708219999999584616e+03 1.610862255096435547e+00 5.376915633678436279e-02
5.709699999999584179e+03 1.599963068962097168e+00 5.111799761652946472e-02
5.711179999999583742e+03 1.558809041976928711e+00 5.135598778724670410e-02
5.712659999999583306e+03 1.640788316726684570e+00 5.248725041747093201e-02
5.714139999999582869e+03 1.644814610481262207e+00 5.281267315149307251e-02
5.715619999999582433e+03 1.699915409088134766e+00 5.307656899094581604e-02
5.717099999999581996e+03 1.591751217842102051e+00 5.259188264608383179e-02
5.718579999999581560e+03 1.558683872222900391e+00 5.249711498618125916e-02
5.720059999999581123e+03 1.567165255546569824e+00 5.247721448540687561e-02
5.721539999999580687e+03 1.611763238906860352e+00 5.300779640674591064e-02
5.723019999999580250e+03 1.504059195518493652e+00 5.241774022579193115e-02
5.724499999999579813e+03 1.445902109146118164e+00 5.198036134243011475e-02
5.725979999999579377e+03 1.586495161056518555e+00 5.262412130832672119e-02
5.727459999999578940e+03 1.620599269866943359e+00 5.270118638873100281e-02
5.728939999999578504e+03 1.601877570152282715e+00 5.262353643774986267e-02
5.730419999999578067e+03 1.672022342681884766e+00 5.290069058537483215e-02
5.731899999999577631e+03 1.573273420333862305e+00 5.222027003765106201e-02
5.733379999999577194e+03 1.557508707046508789e+00 5.238629132509231567e-02
5.734859999999576758e+03 1.514497518539428711e+00 5.228869244456291199e-02
5.736339999999576321e+03 1.538935065269470215e+00 5.219898000359535217e-02
5.737819999999575884e+03 1.629379034042358398e+00 5.266541242599487305e-02
5.739299999999575448e+03 1.684381604194641113e+00 5.292939022183418274e-02
5.740779999999575011e+03 1.660890102386474609e+00 5.271760746836662292e-02
5.742259999999574575e+03 1.673872351646423340e+00 5.282088369131088257e-02
5.743739999999574138e+03 1.628039956092834473e+00 5.258916318416595459e-02
5.745219999999573702e+03 1.695648908615112305e+00 5.291785672307014465e-02
5.746699999999573265e+03 1.711050868034362793e+00 5.269046127796173096e-02
5.748179999999572829e+03 1.524276256561279297e+00 5.163389071822166443e-02
5.749659999999572392e+03 1.572481870651245117e+00 5.209324881434440613e-02
5.751139999999571955e+03 1.582997202873229980e+00 5.185200273990631104e-02
5.752619999999571519e+03 1.645371794700622559e+00 5.149748548865318298e-02
5.754099999999571082e+03 1.530510663986206055e+00 5.100931599736213684e-02
5.755579999999570646e+03 1.607429385185241699e+00 5.206880345940589905e-02
5.757059999999570209e+03 1.559695720672607422e+00 5.217042192816734314e-02
5.758539999999569773e+03 1.600147008895874023e+00 5.224480479955673218e-02
5.760019999999569336e+03 1.601068615913391113e+00 5.182247236371040344e-02
5.761499999999568900e+03 1.596524596214294434e+00 5.155658721923828125e-02
5.762979999999568463e+03 1.579444050788879395e+00 5.146914720535278320e-02
5.764459999999568026e+03 1.565775513648986816e+00 5.202190950512886047e-02
5.765939999999567590e+03 1.658499240875244141e+00 5.268241465091705322e-02
5.767419999999567153e+03 1.610977053642272949e+00 5.233784019947052002e-02
5.768899999999566717e+03 1.599121809005737305e+00 5.220612138509750366e-02
5.770379999999566280e+03 1.550729751586914062e+00 5.185630917549133301e-02
5.771859999999565844e+03 1.556192755699157715e+00 5.160432308912277222e-02
5.773339999999565407e+03 1.570600032806396484e+00 5.139115452766418457e-02
5.774819999999564970e+03 1.625705242156982422e+00 5.202578753232955933e-02
5.776299999999564534e+03 1.671677589416503906e+00 5.239434540271759033e-02
5.777779999999564097e+03 1.627324104309082031e+00 5.196108669042587280e-02
5.779259999999563661e+03 1.564675331115722656e+00 5.123100057244300842e-02
5.780739999999563224e+03 1.613213539123535156e+00 5.117499083280563354e-02
5.782219999999562788e+03 1.609373807907104492e+00 5.092658847570419312e-02
5.783699999999562351e+03 1.596958160400390625e+00 5.087780579924583435e-02
5.785179999999561915e+03 1.561854481697082520e+00 5.092025920748710632e-02
5.786659999999561478e+03 1.564046859741210938e+00 5.127930268645286560e-02
5.788139999999561041e+03 1.653134107589721680e+00 5.185776948928833008e-02
5.789619999999560605e+03 1.564111113548278809e+00 5.134918913245201111e-02
5.791099999999560168e+03 1.520195245742797852e+00 5.074472352862358093e-02
5.792579999999559732e+03 1.461233735084533691e+00 5.056304484605789185e-02
5.794059999999559295e+03 1.561090350151062012e+00 5.150251090526580811e-02
5.795539999999558859e+03 1.592933297157287598e+00 5.156110972166061401e-02
5.797019999999558422e+03 1.589001893997192383e+00 5.138826370239257812e-02
5.798499999999557986e+03 1.501738071441650391e+00 5.083850026130676270e-02
5.799979999999557549e+03 1.530754923820495605e+00 5.134447664022445679e-02
5.801459999999557112e+03 1.576729297637939453e+00 5.169390141963958740e-02
5.802939999999556676e+03 1.610875964164733887e+00 5.156321451067924500e-02
5.804419999999556239e+03 1.562675595283508301e+00 5.093105882406234741e-02
5.805899999999555803e+03 1.603217720985412598e+00 5.123606324195861816e-02
5.807379999999555366e+03 1.640938997268676758e+00 5.155922845005989075e-02
5.808859999999554930e+03 1.654159426689147949e+00 5.172391980886459351e-02
5.810339999999554493e+03 1.616519451141357422e+00 5.157900229096412659e-02
5.811819999999554057e+03 1.644079327583312988e+00 5.182898417115211487e-02
5.813299999999553620e+03 1.602355837821960449e+00 5.141013860702514648e-02
5.814779999999553183e+03 1.577722430229187012e+00 5.103015899658203125e-02
5.816259999999552747e+03 1.539823412895202637e+00 5.077397823333740234e-02
5.817739999999552310e+03 1.617160439491271973e+00 5.156448483467102051e-02
5.819219999999551874e+03 1.566456079483032227e+00 5.140390247106552124e-02
5.820699999999551437e+03 1.630852818489074707e+00 5.182132497429847717e-02
5.822179999999551001e+03 1.622872471809387207e+00 5.167557299137115479e-02
5.823659999999550564e+03 1.589135408401489258e+00 5.153685808181762695e-02
5.825139999999550128e+03 1.536109447479248047e+00 5.113601684570312500e-02
5.826619999999549691e+03 1.603765606880187988e+00 5.155443027615547180e-02
5.828099999999549254e+03 1.627159476280212402e+00 5.162984505295753479e-02
5.829579999999548818e+03 1.669232845306396484e+00 5.176991969347000122e-02
5.831059999999548381e+03 1.623853087425231934e+00 5.157471075654029846e-02
5.832539999999547945e+03 1.521365404129028320e+00 5.109987407922744751e-02
5.834019999999547508e+03 1.510019421577453613e+00 5.092547461390495300e-02
5.835499999999547072e+03 1.532964348793029785e+00 5.091410502791404724e-02
5.836979999999546635e+03 1.514567255973815918e+00 5.084335058927536011e-02
5.838459999999546199e+03 1.530256152153015137e+00 5.091935396194458008e-02
5.839939999999545762e+03 1.480494260787963867e+00 5.079446732997894287e-02
5.841419999999545325e+03 1.523148775100708008e+00 5.115285515785217285e-02
5.842899999999544889e+03 1.573126196861267090e+00 5.130499973893165588e-02
5.844379999999544452e+03 1.470459103584289551e+00 5.057492107152938843e-02
5.845859999999544016e+03 1.517905950546264648e+00 5.065600946545600891e-02
5.847339999999543579e+03 1.520063042640686035e+00 5.064433813095092773e-02
5.848819999999543143e+03 1.622217893600463867e+00 5.111112073063850403e-02
5.850299999999542706e+03 1.681499242782592773e+00 5.153194442391395569e-02
5.851779999999542270e+03 1.590192437171936035e+00 5.090915039181709290e-02
5.853259999999541833e+03 1.614171028137207031e+00 5.072899907827377319e-02
5.854739999999541396e+03 1.638316988945007324e+00 5.084793642163276672e-02
5.856219999999540960e+03 1.636227250099182129e+00 5.046717077493667603e-02
5.857699999999540523e+03 1.625171184539794922e+00 5.010171607136726379e-02
5.859179999999540087e+03 1.742202401161193848e+00 5.110593140125274658e-02
5.860659999999539650e+03 1.794107317924499512e+00 5.164027959108352661e-02
5.862139999999539214e+03 1.671252131462097168e+00 5.107036978006362915e-02
5.863619999999538777e+03 1.579054236412048340e+00 5.099593847990036011e-02
5.865099999999538340e+03 1.605769038200378418e+00 5.159632489085197449e-02
5.866579999999537904e+03 1.587022423744201660e+00 5.144571885466575623e-02
5.868059999999537467e+03 1.659455776214599609e+00 5.167787149548530579e-02
5.869539999999537031e+03 1.714566826820373535e+00 5.172946304082870483e-02
5.871019999999536594e+03 1.619166731834411621e+00 5.113147199153900146e-02
5.872499999999536158e+03 1.672499895095825195e+00 5.132931843400001526e-02
5.873979999999535721e+03 1.717431664466857910e+00 5.143245309591293335e-02
5.875459999999535285e+03 1.671347737312316895e+00 5.116948485374450684e-02
5.876939999999534848e+03 1.652312755584716797e+00 5.091143026947975159e-02
5.878419999999534411e+03 1.712727427482604980e+00 5.119767785072326660e-02
5.879899999999533975e+03 1.707388758659362793e+00 5.102334916591644287e-02
5.881379999999533538e+03 1.719841837882995605e+00 5.097928270697593689e-02
5.882859999999533102e+03 1.675255656242370605e+00 5.070039629936218262e-02
5.884339999999532665e+03 1.513732910156250000e+00 4.998416081070899963e-02
5.885819999999532229e+03 1.572297573089599609e+00 5.070056021213531494e-02
5.887299999999531792e+03 1.576199531555175781e+00 5.218750238418579102e-02
5.888779999999531356e+03 1.603885173797607422e+00 5.376309528946876526e-02
5.890259999999530919e+03 1.682896971702575684e+00 5.306228622794151306e-02
5.891739999999530482e+03 1.645059823989868164e+00 5.059260502457618713e-02
5.893219999999530046e+03 1.642490386962890625e+00 5.041285231709480286e-02
5.894699999999529609e+03 1.613087534904479980e+00 5.090929940342903137e-02
5.896179999999529173e+03 1.661084771156311035e+00 5.069020390510559082e-02
5.897659999999528736e+03 1.626463770866394043e+00 5.002089217305183411e-02
5.899139999999528300e+03 1.548884749412536621e+00 4.974058270454406738e-02
5.900619999999527863e+03 1.602848529815673828e+00 5.022552236914634705e-02
5.902099999999527427e+03 1.655439257621765137e+00 5.082578957080841064e-02
5.903579999999526990e+03 1.666316986083984375e+00 5.098780617117881775e-02
5.905059999999526553e+03 1.646233558654785156e+00 5.070118233561515808e-02
5.906539999999526117e+03 1.651549696922302246e+00 5.058034136891365051e-02
5.908019999999525680e+03 1.616681575775146484e+00 5.055286735296249390e-02
5.909499999999525244e+03 1.624139189720153809e+00 5.062320828437805176e-02
5.910979999999524807e+03 1.556518077850341797e+00 5.016362294554710388e-02
5.912459999999524371e+03 1.624044775962829590e+00 5.048158764839172363e-02
5.913939999999523934e+03 1.664492607116699219e+00 5.102656781673431396e-02
5.915419999999523498e+03 1.608630299568176270e+00 5.069485679268836975e-02
5.916899999999523061e+03 1.596238732337951660e+00 5.040811002254486084e-02
5.918379999999522624e+03 1.577763915061950684e+00 5.008745938539505005e-02
5.919859999999522188e+03 1.433254122734069824e+00 4.938426241278648376e-02
5.921339999999521751e+03 1.467921495437622070e+00 4.949958994984626770e-02
5.922819999999521315e+03 1.598094224929809570e+00 5.043140053749084473e-02
5.924299999999520878e+03 1.576150536537170410e+00 5.054157599806785583e-02
5.925779999999520442e+03 1.666474580764770508e+00 5.086508765816688538e-02
5.927259999999520005e+03 1.596597194671630859e+00 5.012900754809379578e-02
5.928739999999519569e+03 1.541432499885559082e+00 4.939631000161170959e-02
5.930219999999519132e+03 1.593750357627868652e+00 4.997649788856506348e-02
5.931699999999518695e+03 1.587526440620422363e+00 5.084273964166641235e-02
5.933179999999518259e+03 1.628251433372497559e+00 5.105922371149063110e-02
5.934659999999517822e+03 1.650094032287597656e+00 5.053057149052619934e-02
5.936139999999517386e+03 1.640263319015502930e+00 5.016344413161277771e-02
5.937619999999516949e+03 1.621518731117248535e+00 5.036925524473190308e-02
5.939099999999516513e+03 1.666411399841308594e+00 5.045393481850624084e-02
5.940579999999516076e+03 1.665451288223266602e+00 5.002705380320549011e-02
5.942059999999515640e+03 1.635385274887084961e+00 4.974789917469024658e-02
5.943539999999515203e+03 1.626147508621215820e+00 4.991772770881652832e-02
5.945019999999514766e+03 1.605791330337524414e+00 5.003922432661056519e-02
5.946499999999514330e+03 1.596834301948547363e+00 4.968192428350448608e-02
5.947979999999513893e+03 1.593590259552001953e+00 4.911419376730918884e-02
5.949459999999513457e+03 1.701519608497619629e+00 4.986778274178504944e-02
5.950939999999513020e+03 1.649153828620910645e+00 4.998108744621276855e-02
5.952419999999512584e+03 1.621155977249145508e+00 5.026337876915931702e-02
5.953899999999512147e+03 1.671072602272033691e+00 5.056903511285781860e-02
5.955379999999511710e+03 1.548702716827392578e+00 4.956612363457679749e-02
5.956859999999511274e+03 1.646761417388916016e+00 4.955311492085456848e-02
5.958339999999510837e+03 1.641312360763549805e+00 4.960944131016731262e-02
5.959819999999510401e+03 1.611033082008361816e+00 4.979706555604934692e-02
5.961299999999509964e+03 1.648487091064453125e+00 4.997570812702178955e-02
5.962779999999509528e+03 1.700696945190429688e+00 5.030641332268714905e-02
5.964259999999509091e+03 1.691951870918273926e+00 5.012652650475502014e-02
5.965739999999508655e+03 1.575456142425537109e+00 4.951458424329757690e-02
5.967219999999508218e+03 1.625077247619628906e+00 4.975462332367897034e-02
5.968699999999507781e+03 1.614879488945007324e+00 4.993604496121406555e-02
5.970179999999507345e+03 1.576107263565063477e+00 4.973451420664787292e-02
5.971659999999506908e+03 1.598010063171386719e+00 4.982968792319297791e-02
5.973139999999506472e+03 1.767461180686950684e+00 5.060791224241256714e-02
5.974619999999506035e+03 1.733428120613098145e+00 5.011527240276336670e-02
5.976099999999505599e+03 1.610288381576538086e+00 4.946662113070487976e-02
5.977579999999505162e+03 1.602827548980712891e+00 4.953673854470252991e-02
5.979059999999504726e+03 1.669623494148254395e+00 4.991619288921356201e-02
5.980539999999504289e+03 1.567549943923950195e+00 4.935011267662048340e-02
5.982019999999503852e+03 1.535130023956298828e+00 4.891079664230346680e-02
5.983499999999503416e+03 1.598988890647888184e+00 4.872803017497062683e-02
5.984979999999502979e+03 1.641915917396545410e+00 4.886844009160995483e-02
5.986459999999502543e+03 1.635266542434692383e+00 4.914800450205802917e-02
5.987939999999502106e+03 1.572107553482055664e+00 4.902995377779006958e-02
5.989419999999501670e+03 1.623219966888427734e+00 4.932671785354614258e-02
5.990899999999501233e+03 1.565811157226562500e+00 4.891634732484817505e-02
5.992379999999500797e+03 1.598064661026000977e+00 4.922552034258842468e-02
5.993859999999500360e+03 1.561642527580261230e+00 4.903177171945571899e-02
5.995339999999499923e+03 1.460250854492187500e+00 4.823148995637893677e-02
5.996819999999499487e+03 1.563486099243164062e+00 4.859161376953125000e-02
5.998299999999499050e+03 1.568192839622497559e+00 4.849764704704284668e-02
5.999779999999498614e+03 1.510972261428833008e+00 4.830041527748107910e-02
6.001259999999498177e+03 1.555458545684814453e+00 4.842074587941169739e-02
6.002739999999497741e+03 1.611755728721618652e+00 4.881167784333229065e-02
6.004219999999497304e+03 1.663185596466064453e+00 4.931534826755523682e-02
6.005699999999496868e+03 1.654330730438232422e+00 4.897597432136535645e-02
6.007179999999496431e+03 1.580728173255920410e+00 4.802480712532997131e-02
6.008659999999495994e+03 1.631779313087463379e+00 4.849120602011680603e-02
6.010139999999495558e+03 1.682794213294982910e+00 4.923589900135993958e-02
6.011619999999495121e+03 1.584728956222534180e+00 4.852569475769996643e-02
6.013099999999494685e+03 1.640285253524780273e+00 4.867254197597503662e-02
6.014579999999494248e+03 1.775000333786010742e+00 4.938829317688941956e-02
6.016059999999493812e+03 1.742227077484130859e+00 4.924755170941352844e-02
6.017539999999493375e+03 1.623263239860534668e+00 4.852678254246711731e-02
6.019019999999492939e+03 1.590449929237365723e+00 4.803755506873130798e-02
6.020499999999492502e+03 1.573037981986999512e+00 4.779196903109550476e-02
6.021979999999492065e+03 1.563938736915588379e+00 4.787351191043853760e-02
6.023459999999491629e+03 1.582451105117797852e+00 4.793721809983253479e-02
6.024939999999491192e+03 1.532882332801818848e+00 4.792992025613784790e-02
6.026419999999490756e+03 1.565703749656677246e+00 4.827692359685897827e-02
6.027899999999490319e+03 1.451063036918640137e+00 4.765724390745162964e-02
6.029379999999489883e+03 1.415545940399169922e+00 4.759619757533073425e-02
6.030859999999489446e+03 1.469228267669677734e+00 4.785002022981643677e-02
6.032339999999489009e+03 1.444743514060974121e+00 4.779976233839988708e-02
6.033819999999488573e+03 1.419812202453613281e+00 4.776374995708465576e-02
6.035299999999488136e+03 1.462497711181640625e+00 4.786883667111396790e-02
6.036779999999487700e+03 1.471877932548522949e+00 4.783058911561965942e-02
6.038259999999487263e+03 1.508936166763305664e+00 4.802202805876731873e-02
6.039739999999486827e+03 1.473987221717834473e+00 4.755592346191406250e-02
6.041219999999486390e+03 1.520360946655273438e+00 4.765981435775756836e-02
6.042699999999485954e+03 1.710947394371032715e+00 4.862543568015098572e-02
6.044179999999485517e+03 1.585117936134338379e+00 4.807518795132637024e-02
6.045659999999485080e+03 1.656553983688354492e+00 4.846623539924621582e-02
6.047139999999484644e+03 1.574832916259765625e+00 4.815727099776268005e-02
6.048619999999484207e+03 1.482812166213989258e+00 4.765910655260086060e-02
6.050099999999483771e+03 1.585688710212707520e+00 4.809777066111564636e-02
6.051579999999483334e+03 1.619972586631774902e+00 4.830725863575935364e-02
6.053059999999482898e+03 1.545887589454650879e+00 4.771066829562187195e-02
6.054539999999482461e+03 1.480676293373107910e+00 4.730869457125663757e-02
6.056019999999482025e+03 1.553852081298828125e+00 4.749852791428565979e-02
6.057499999999481588e+03 1.535466909408569336e+00 4.776352271437644958e-02
6.058979999999481151e+03 1.570733308792114258e+00 4.794758930802345276e-02
6.060459999999480715e+03 1.646019339561462402e+00 4.845788329839706421e-02
6.061939999999480278e+03 1.697086215019226074e+00 4.862260073423385620e-02
6.063419999999479842e+03 1.646463632583618164e+00 4.807939007878303528e-02
6.064899999999479405e+03 1.588266730308532715e+00 4.772745072841644287e-02
6.066379999999478969e+03 1.545142412185668945e+00 4.750593379139900208e-02
6.067859999999478532e+03 1.554445028305053711e+00 4.789535701274871826e-02
6.069339999999478096e+03 1.567834377288818359e+00 4.795950651168823242e-02
6.070819999999477659e+03 1.509001851081848145e+00 4.759101942181587219e-02
6.072299999999477222e+03 1.514732241630554199e+00 4.766011983156204224e-02
6.073779999999476786e+03 1.580436706542968750e+00 4.802092909812927246e-02
6.075259999999476349e+03 1.651704072952270508e+00 4.825653880834579468e-02
6.076739999999475913e+03 1.616914153099060059e+00 4.762595519423484802e-02
6.078219999999475476e+03 1.603150725364685059e+00 4.733659699559211731e-02
6.079699999999475040e+03 1.610947251319885254e+00 4.754921793937683105e-02
6.081179999999474603e+03 1.595770955085754395e+00 4.752690345048904419e-02
6.082659999999474167e+03 1.575302600860595703e+00 4.736856371164321899e-02
6.084139999999473730e+03 1.563977241516113281e+00 4.719969257712364197e-02
6.085619999999473293e+03 1.600020766258239746e+00 4.740892723202705383e-02
6.087099999999472857e+03 1.656600356101989746e+00 4.772096872329711914e-02
6.088579999999472420e+03 1.602526187896728516e+00 4.741429910063743591e-02
6.090059999999471984e+03 1.502347588539123535e+00 4.688708856701850891e-02
6.091539999999471547e+03 1.549637913703918457e+00 4.699208214879035950e-02
6.093019999999471111e+03 1.550084710121154785e+00 4.715564101934432983e-02
6.094499999999470674e+03 1.547675848007202148e+00 4.723603650927543640e-02
6.095979999999470238e+03 1.534429550170898438e+00 4.705360159277915955e-02
6.097459999999469801e+03 1.533944606781005859e+00 4.716364666819572449e-02
6.098939999999469364e+03 1.552569270133972168e+00 4.723772406578063965e-02
6.100419999999468928e+03 1.579069137573242188e+00 4.694517329335212708e-02
6.101899999999468491e+03 1.584757208824157715e+00 4.628628492355346680e-02
6.103379999999468055e+03 1.554362535476684570e+00 4.631575196981430054e-02
6.104859999999467618e+03 1.543532967567443848e+00 4.701444879174232483e-02
6.106339999999467182e+03 1.690417647361755371e+00 4.761261865496635437e-02
6.107819999999466745e+03 1.562481164932250977e+00 4.700102657079696655e-02
6.109299999999466309e+03 1.571950912475585938e+00 4.710099846124649048e-02
6.110779999999465872e+03 1.640659213066101074e+00 4.733908548951148987e-02
6.112259999999465435e+03 1.616966009140014648e+00 4.728038236498832703e-02
6.113739999999464999e+03 1.716389536857604980e+00 4.776682332158088684e-02
6.115219999999464562e+03 1.664993882179260254e+00 4.728471115231513977e-02
6.116699999999464126e+03 1.562973141670227051e+00 4.680634289979934692e-02
6.118179999999463689e+03 1.494090795516967773e+00 4.647681489586830139e-02
6.119659999999463253e+03 1.616668462753295898e+00 4.694958403706550598e-02
6.121139999999462816e+03 1.572600722312927246e+00 4.621099680662155151e-02
6.122619999999462379e+03 1.628592729568481445e+00 4.648490622639656067e-02
6.124099999999461943e+03 1.606789588928222656e+00 4.693644866347312927e-02
6.125579999999461506e+03 1.509668231010437012e+00 4.643715173006057739e-02
6.127059999999461070e+03 1.561717629432678223e+00 4.668433591723442078e-02
6.128539999999460633e+03 1.484733939170837402e+00 4.612204059958457947e-02
6.130019999999460197e+03 1.522667050361633301e+00 4.635793715715408325e-02
6.131499999999459760e+03 1.538870215415954590e+00 4.657201096415519714e-02
6.132979999999459324e+03 1.495134949684143066e+00 4.638766869902610779e-02
6.134459999999458887e+03 1.618557929992675781e+00 4.674925655126571655e-02
6.135939999999458450e+03 1.619998574256896973e+00 4.593540728092193604e-02
6.137419999999458014e+03 1.523260831832885742e+00 4.541790857911109924e-02
6.138899999999457577e+03 1.627946376800537109e+00 4.681071639060974121e-02
6.140379999999457141e+03 1.537173628807067871e+00 4.634389653801918030e-02
6.141859999999456704e+03 1.499659895896911621e+00 4.586594179272651672e-02
6.143339999999456268e+03 1.545283913612365723e+00 4.652251303195953369e-02
6.144819999999455831e+03 1.572458267211914062e+00 4.671360552310943604e-02
6.146299999999455395e+03 1.605239272117614746e+00 4.656805843114852905e-02
6.147779999999454958e+03 1.582953810691833496e+00 4.636828973889350891e-02
6.149259999999454521e+03 1.521262288093566895e+00 4.605872556567192078e-02
6.150739999999454085e+03 1.459389567375183105e+00 4.582998901605606079e-02
6.152219999999453648e+03 1.509160518646240234e+00 4.599163308739662170e-02
6.153699999999453212e+03 1.556348562240600586e+00 4.621801525354385376e-02
6.155179999999452775e+03 1.494804859161376953e+00 4.597346112132072449e-02
6.156659999999452339e+03 1.494176268577575684e+00 4.588986188173294067e-02
6.158139999999451902e+03 1.555165648460388184e+00 4.603258147835731506e-02
6.159619999999451466e+03 1.533148288726806641e+00 4.550443962216377258e-02
6.161099999999451029e+03 1.530090451240539551e+00 4.487128555774688721e-02
6.162579999999450592e+03 1.494555115699768066e+00 4.440310597419738770e-02
6.164059999999450156e+03 1.457935571670532227e+00 4.500999674201011658e-02
6.165539999999449719e+03 1.540695786476135254e+00 4.579397663474082947e-02
6.167019999999449283e+03 1.636930704116821289e+00 4.624405875802040100e-02
6.168499999999448846e+03 1.547938585281372070e+00 4.571474343538284302e-02
6.169979999999448410e+03 1.544993996620178223e+00 4.584239795804023743e-02
6.171459999999447973e+03 1.657311558723449707e+00 4.669091850519180298e-02
6.172939999999447537e+03 1.642339229583740234e+00 4.645106568932533264e-02
6.174419999999447100e+03 1.617261409759521484e+00 4.627141356468200684e-02
6.175899999999446663e+03 1.565395593643188477e+00 4.606908932328224182e-02
6.177379999999446227e+03 1.657055377960205078e+00 4.635299742221832275e-02
6.178859999999445790e+03 1.649068117141723633e+00 4.644032195210456848e-02
6.180339999999445354e+03 1.632537603378295898e+00 4.652076587080955505e-02
6.181819999999444917e+03 1.541738748550415039e+00 4.603424668312072754e-02
6.183299999999444481e+03 1.601312041282653809e+00 4.648957028985023499e-02
6.184779999999444044e+03 1.511073589324951172e+00 4.588982835412025452e-02
6.186259999999443608e+03 1.613945245742797852e+00 4.617935791611671448e-02
6.187739999999443171e+03 1.547307372093200684e+00 4.581781104207038879e-02
6.189219999999442734e+03 1.617044329643249512e+00 4.607103392481803894e-02
6.190699999999442298e+03 1.596595644950866699e+00 4.567692056298255920e-02
6.192179999999441861e+03 1.586545348167419434e+00 4.591093584895133972e-02
6.193659999999441425e+03 1.547596573829650879e+00 4.588391259312629700e-02
6.195139999999440988e+03 1.586196780204772949e+00 4.621391743421554565e-02
6.196619999999440552e+03 1.591894268989562988e+00 4.632896929979324341e-02
6.198099999999440115e+03 1.579268813133239746e+00 4.608987644314765930e-02
6.199579999999439679e+03 1.528561234474182129e+00 4.564158245921134949e-02
6.201059999999439242e+03 1.534105658531188965e+00 4.597653448581695557e-02
6.202539999999438805e+03 1.579779744148254395e+00 4.656808450818061829e-02
6.204019999999438369e+03 1.533816456794738770e+00 4.600455239415168762e-02
6.205499999999437932e+03 1.504899382591247559e+00 4.553928598761558533e-02
6.206979999999437496e+03 1.537185072898864746e+00 4.585093259811401367e-02
6.208459999999437059e+03 1.516431570053100586e+00 4.571082815527915955e-02
6.209939999999436623e+03 1.535766363143920898e+00 4.575636237859725952e-02
6.211419999999436186e+03 1.644290089607238770e+00 4.645743966102600098e-02
6.212899999999435749e+03 1.669829487800598145e+00 4.623524472117424011e-02
6.214379999999435313e+03 1.637892961502075195e+00 4.559432715177536011e-02
6.215859999999434876e+03 1.586577892303466797e+00 4.572702571749687195e-02
6.217339999999434440e+03 1.560574054718017578e+00 4.555752873420715332e-02
6.218819999999434003e+03 1.535101175308227539e+00 4.545057937502861023e-02
6.220299999999433567e+03 1.528380393981933594e+00 4.577911272644996643e-02
6.221779999999433130e+03 1.578373312950134277e+00 4.635787755250930786e-02
6.223259999999432694e+03 1.536964535713195801e+00 4.590451717376708984e-02
6.224739999999432257e+03 1.534931778907775879e+00 4.575137794017791748e-02
6.226219999999431820e+03 1.528046011924743652e+00 4.554446041584014893e-02
6.227699999999431384e+03 1.624862909317016602e+00 4.590625315904617310e-02
6.229179999999430947e+03 1.556834816932678223e+00 4.507026448845863342e-02
6.230659999999430511e+03 1.583575129508972168e+00 4.485858231782913208e-02
6.232139999999430074e+03 1.540638208389282227e+00 4.529537260532379150e-02
6.233619999999429638e+03 1.510812759399414062e+00 4.652811959385871887e-02
6.235099999999429201e+03 1.626484870910644531e+00 4.757220298051834106e-02
6.236579999999428765e+03 1.648916244506835938e+00 4.703415557742118835e-02
6.238059999999428328e+03 1.535504102706909180e+00 4.565025866031646729e-02
6.239539999999427891e+03 1.572210073471069336e+00 4.583821073174476624e-02
6.241019999999427455e+03 1.666357159614562988e+00 4.641115665435791016e-02
6.242499999999427018e+03 1.572872519493103027e+00 4.570912942290306091e-02
6.243979999999426582e+03 1.630028843879699707e+00 4.569174721837043762e-02
6.245459999999426145e+03 1.553944706916809082e+00 4.494587704539299011e-02
6.246939999999425709e+03 1.487421512603759766e+00 4.470775276422500610e-02
6.248419999999425272e+03 1.462314367294311523e+00 4.494763165712356567e-02
6.249899999999424836e+03 1.501739263534545898e+00 4.515532404184341431e-02
6.251379999999424399e+03 1.568512201309204102e+00 4.507522284984588623e-02
6.252859999999423962e+03 1.615082025527954102e+00 4.492315649986267090e-02
6.254339999999423526e+03 1.553982377052307129e+00 4.467086121439933777e-02
6.255819999999423089e+03 1.568719267845153809e+00 4.564949870109558105e-02
6.257299999999422653e+03 1.658902525901794434e+00 4.703931137919425964e-02
6.258779999999422216e+03 1.641383051872253418e+00 4.654756933450698853e-02
6.260259999999421780e+03 1.606972694396972656e+00 4.555145278573036194e-02
6.261739999999421343e+03 1.563436388969421387e+00 4.530877619981765747e-02
6.263219999999420907e+03 1.500612735748291016e+00 4.527075216174125671e-02
6.264699999999420470e+03 1.518349528312683105e+00 4.546055197715759277e-02
6.266179999999420033e+03 1.511509895324707031e+00 4.525858163833618164e-02
6.267659999999419597e+03 1.528518557548522949e+00 4.526255652308464050e-02
6.269139999999419160e+03 1.557110428810119629e+00 4.528646916151046753e-02
6.270619999999418724e+03 1.599980473518371582e+00 4.536278918385505676e-02
6.272099999999418287e+03 1.586087942123413086e+00 4.532750695943832397e-02
6.273579999999417851e+03 1.507559895515441895e+00 4.505369067192077637e-02
6.275059999999417414e+03 1.481295466423034668e+00 4.478436335921287537e-02
6.276539999999416978e+03 1.449687242507934570e+00 4.416264966130256653e-02
6.278019999999416541e+03 1.445215463638305664e+00 4.358161613345146179e-02
6.279499999999416104e+03 1.513455986976623535e+00 4.384604096412658691e-02
6.280979999999415668e+03 1.444601774215698242e+00 4.357440024614334106e-02
6.282459999999415231e+03 1.401243686676025391e+00 4.370501637458801270e-02
6.283939999999414795e+03 1.380397439002990723e+00 4.385474324226379395e-02
6.285419999999414358e+03 1.425072908401489258e+00 4.515308886766433716e-02
6.286899999999413922e+03 1.561412096023559570e+00 4.640662297606468201e-02
6.288379999999413485e+03 1.558824300765991211e+00 4.583624005317687988e-02
6.289859999999413048e+03 1.510958790779113770e+00 4.458716884255409241e-02
6.291339999999412612e+03 1.506942272186279297e+00 4.422877356410026550e-02
6.292819999999412175e+03 1.473467469215393066e+00 4.428512230515480042e-02
6.294299999999411739e+03 1.447327852249145508e+00 4.412439092993736267e-02
6.295779999999411302e+03 1.487664699554443359e+00 4.420639947056770325e-02
6.297259999999410866e+03 1.182384967803955078e+00 4.632904008030891418e-02
6.298739999999410429e+03 1.464705705642700195e+00 5.914533883333206177e-02
6.300219999999409993e+03 1.850728392601013184e+00 6.316210329532623291e-02
6.301699999999409556e+03 1.541886329650878906e+00 5.350553244352340698e-02
6.303179999999409119e+03 1.378784298896789551e+00 4.429290816187858582e-02
6.304659999999408683e+03 1.489893794059753418e+00 4.485374316573143005e-02
6.306139999999408246e+03 1.513480544090270996e+00 4.609453305602073669e-02
6.307619999999407810e+03 1.528250336647033691e+00 5.116021633148193359e-02
6.309099999999407373e+03 1.402795672416687012e+00 5.036995559930801392e-02
6.310579999999406937e+03 1.340524435043334961e+00 4.314602911472320557e-02
6.312059999999406500e+03 1.464950561523437500e+00 4.392381384968757629e-02
6.313539999999406064e+03 1.500806927680969238e+00 4.377600550651550293e-02
6.315019999999405627e+03 1.454556345939636230e+00 4.341384768486022949e-02
6.316499999999405190e+03 1.355772972106933594e+00 4.284333065152168274e-02
6.317979999999404754e+03 1.427208900451660156e+00 4.317151755094528198e-02
6.319459999999404317e+03 1.475912690162658691e+00 4.403495416045188904e-02
6.320939999999403881e+03 1.468315362930297852e+00 4.442146793007850647e-02
6.322419999999403444e+03 1.536193132400512695e+00 4.460864886641502380e-02
6.323899999999403008e+03 1.553746938705444336e+00 4.463550075888633728e-02
6.325379999999402571e+03 1.466323852539062500e+00 4.414703324437141418e-02
6.326859999999402135e+03 1.529217362403869629e+00 4.463921487331390381e-02
6.328339999999401698e+03 1.539027333259582520e+00 4.550787806510925293e-02
6.329819999999401261e+03 1.479704141616821289e+00 4.525958374142646790e-02
6.331299999999400825e+03 1.536921143531799316e+00 4.484475404024124146e-02
6.332779999999400388e+03 1.484717011451721191e+00 4.409500584006309509e-02
6.334259999999399952e+03 1.460396885871887207e+00 4.345497116446495056e-02
6.335739999999399515e+03 1.459016799926757812e+00 4.328102245926856995e-02
6.337219999999399079e+03 1.438444972038269043e+00 4.327697679400444031e-02
6.338699999999398642e+03 1.433578014373779297e+00 4.350281506776809692e-02
6.340179999999398206e+03 1.484762549400329590e+00 4.405758529901504517e-02
6.341659999999397769e+03 1.596075892448425293e+00 4.457459971308708191e-02
6.343139999999397332e+03 1.510333299636840820e+00 4.384484142065048218e-02
6.344619999999396896e+03 1.471319794654846191e+00 4.364014044404029846e-02
6.346099999999396459e+03 1.461404323577880859e+00 4.392019286751747131e-02
6.347579999999396023e+03 1.486607432365417480e+00 4.434762150049209595e-02
6.349059999999395586e+03 1.513115882873535156e+00 4.443193227052688599e-02
6.350539999999395150e+03 1.556869387626647949e+00 4.438228532671928406e-02
6.352019999999394713e+03 1.555996060371398926e+00 4.415977373719215393e-02
6.353499999999394277e+03 1.479807496070861816e+00 4.405705258250236511e-02
6.354979999999393840e+03 1.480569362640380859e+00 4.464767128229141235e-02
6.356459999999393403e+03 1.519966959953308105e+00 4.468109458684921265e-02
6.357939999999392967e+03 1.533357858657836914e+00 4.415277764201164246e-02
6.359419999999392530e+03 1.470195651054382324e+00 4.339035972952842712e-02
6.360899999999392094e+03 1.369244337081909180e+00 4.473671689629554749e-02
6.362379999999391657e+03 1.426493763923645020e+00 4.956861957907676697e-02
6.363859999999391221e+03 1.519934177398681641e+00 5.032534524798393250e-02
6.365339999999390784e+03 1.530167937278747559e+00 4.651709645986557007e-02
6.366819999999390348e+03 1.501116633415222168e+00 4.400230944156646729e-02
6.368299999999389911e+03 1.439204692840576172e+00 4.354044049978256226e-02
6.369779999999389474e+03 1.390335440635681152e+00 4.319715499877929688e-02
6.371259999999389038e+03 1.508349657058715820e+00 4.371980205178260803e-02
6.372739999999388601e+03 1.477922439575195312e+00 4.373569786548614502e-02
6.374219999999388165e+03 1.508317351341247559e+00 4.400887712836265564e-02
6.375699999999387728e+03 1.472873210906982422e+00 4.384151473641395569e-02
6.377179999999387292e+03 1.503567814826965332e+00 4.393464699387550354e-02
6.378659999999386855e+03 1.417950630187988281e+00 4.349659010767936707e-02
6.380139999999386418e+03 1.411000728607177734e+00 4.337625950574874878e-02
6.381619999999385982e+03 1.438544034957885742e+00 4.350724071264266968e-02
6.383099999999385545e+03 1.401857733726501465e+00 4.338358342647552490e-02
6.384579999999385109e+03 1.463082432746887207e+00 4.390509426593780518e-02
6.386059999999384672e+03 1.443045020103454590e+00 4.400159046053886414e-02
6.387539999999384236e+03 1.460417389869689941e+00 4.393343254923820496e-02
6.389019999999383799e+03 1.374831318855285645e+00 4.331146553158760071e-02
6.390499999999383363e+03 1.369783639907836914e+00 4.303830489516258240e-02
6.391979999999382926e+03 1.452005743980407715e+00 4.302562773227691650e-02
6.393459999999382489e+03 1.463922381401062012e+00 4.291892796754837036e-02
6.394939999999382053e+03 1.458045601844787598e+00 4.321155324578285217e-02
6.396419999999381616e+03 1.498956441879272461e+00 4.356379806995391846e-02
6.397899999999381180e+03 1.479004144668579102e+00 4.306641593575477600e-02
6.399379999999380743e+03 1.442275881767272949e+00 4.249708354473114014e-02
6.400859999999380307e+03 1.458288550376892090e+00 4.295127838850021362e-02
6.402339999999379870e+03 1.414370298385620117e+00 4.304722696542739868e-02
6.403819999999379434e+03 1.420675039291381836e+00 4.307965934276580811e-02
6.405299999999378997e+03 1.408801436424255371e+00 4.285649582743644714e-02
6.406779999999378560e+03 1.375869870185852051e+00 4.232684895396232605e-02
6.408259999999378124e+03 1.420484662055969238e+00 4.252352938055992126e-02
6.409739999999377687e+03 1.413105607032775879e+00 4.260312765836715698e-02
6.411219999999377251e+03 1.542232275009155273e+00 4.330414533615112305e-02
6.412699999999376814e+03 1.490793108940124512e+00 4.309606552124023438e-02
6.414179999999376378e+03 1.566380977630615234e+00 4.355500638484954834e-02
6.415659999999375941e+03 1.468510985374450684e+00 4.303641617298126221e-02
6.417139999999375505e+03 1.584229707717895508e+00 4.372731223702430725e-02
6.418619999999375068e+03 1.488086819648742676e+00 4.299430549144744873e-02
6.420099999999374631e+03 1.478713154792785645e+00 4.286869615316390991e-02
6.421579999999374195e+03 1.443063974380493164e+00 4.289456829428672791e-02
6.423059999999373758e+03 1.475615262985229492e+00 4.318467900156974792e-02
6.424539999999373322e+03 1.501606702804565430e+00 4.338008537888526917e-02
6.426019999999372885e+03 1.464771509170532227e+00 4.316003993153572083e-02
6.427499999999372449e+03 1.469764947891235352e+00 4.330796003341674805e-02
6.428979999999372012e+03 1.447414875030517578e+00 4.284179583191871643e-02
6.430459999999371576e+03 1.427711129188537598e+00 4.249991476535797119e-02
6.431939999999371139e+03 1.496741652488708496e+00 4.304938018321990967e-02
6.433419999999370702e+03 1.571676254272460938e+00 4.356151446700096130e-02
6.434899999999370266e+03 1.549191594123840332e+00 4.354322701692581177e-02
6.436379999999369829e+03 1.499594807624816895e+00 4.310052096843719482e-02
6.437859999999369393e+03 1.556710600852966309e+00 4.308875277638435364e-02
6.439339999999368956e+03 1.578623056411743164e+00 4.325234517455101013e-02
6.440819999999368520e+03 1.556456208229064941e+00 4.352299124002456665e-02
6.442299999999368083e+03 1.582893013954162598e+00 4.383679479360580444e-02
6.443779999999367647e+03 1.487904548645019531e+00 4.331827536225318909e-02
6.445259999999367210e+03 1.477623343467712402e+00 4.331007227301597595e-02
6.446739999999366773e+03 1.519634246826171875e+00 4.344759508967399597e-02
6.448219999999366337e+03 1.621631503105163574e+00 4.362283274531364441e-02
6.449699999999365900e+03 1.642657518386840820e+00 4.360168427228927612e-02
6.451179999999365464e+03 1.628317475318908691e+00 4.391621798276901245e-02
6.452659999999365027e+03 1.467501759529113770e+00 4.300573095679283142e-02
6.454139999999364591e+03 1.540299177169799805e+00 4.304763674736022949e-02
6.455619999999364154e+03 1.400763034820556641e+00 4.223834723234176636e-02
6.457099999999363718e+03 1.533970117568969727e+00 4.329276084899902344e-02
6.458579999999363281e+03 1.572827935218811035e+00 4.365989193320274353e-02
6.460059999999362844e+03 1.536880731582641602e+00 4.305950552225112915e-02
6.461539999999362408e+03 1.447340607643127441e+00 4.249079525470733643e-02
6.463019999999361971e+03 1.401598930358886719e+00 4.278495907783508301e-02
6.464499999999361535e+03 1.443204522132873535e+00 4.358217120170593262e-02
6.465979999999361098e+03 1.391406178474426270e+00 4.334289208054542542e-02
6.467459999999360662e+03 1.349126338958740234e+00 4.268734902143478394e-02
6.468939999999360225e+03 1.399530053138732910e+00 4.305543377995491028e-02
6.470419999999359788e+03 1.467845201492309570e+00 4.359436780214309692e-02
6.471899999999359352e+03 1.503673672676086426e+00 4.335797950625419617e-02
6.473379999999358915e+03 1.468178272247314453e+00 4.280872642993927002e-02
6.474859999999358479e+03 1.446436047554016113e+00 4.253612086176872253e-02
6.476339999999358042e+03 1.498985767364501953e+00 4.294334724545478821e-02
6.477819999999357606e+03 1.521049737930297852e+00 4.339996352791786194e-02
6.479299999999357169e+03 1.541755318641662598e+00 4.327730461955070496e-02
6.480779999999356733e+03 1.518378376960754395e+00 4.283017292618751526e-02
6.482259999999356296e+03 1.463054776191711426e+00 4.251710325479507446e-02
6.483739999999355859e+03 1.508332967758178711e+00 4.279321432113647461e-02
6.485219999999355423e+03 1.461278557777404785e+00 4.276752471923828125e-02
6.486699999999354986e+03 1.403636097908020020e+00 4.252623021602630615e-02
6.488179999999354550e+03 1.451958775520324707e+00 4.275935143232345581e-02
6.489659999999354113e+03 1.366475820541381836e+00 4.211607575416564941e-02
6.491139999999353677e+03 1.556362509727478027e+00 4.269538074731826782e-02
6.492619999999353240e+03 1.553603053092956543e+00 4.226456955075263977e-02
6.494099999999352804e+03 1.459264993667602539e+00 4.660644754767417908e-02
6.495579999999352367e+03 1.440002799034118652e+00 4.859693348407745361e-02
6.497059999999351930e+03 1.523794412612915039e+00 4.496993869543075562e-02
6.498539999999351494e+03 1.532087802886962891e+00 4.462576657533645630e-02
6.500019999999351057e+03 1.541001319885253906e+00 4.368915781378746033e-02
6.501499999999350621e+03 1.469554305076599121e+00 4.269096255302429199e-02
6.502979999999350184e+03 1.454350471496582031e+00 4.310549423098564148e-02
6.504459999999349748e+03 1.505073308944702148e+00 4.363118112087249756e-02
6.505939999999349311e+03 1.483100295066833496e+00 4.319939389824867249e-02
6.507419999999348875e+03 1.477344870567321777e+00 4.275890067219734192e-02
6.508899999999348438e+03 1.497218370437622070e+00 4.281562939286231995e-02
6.510379999999348001e+03 1.436162233352661133e+00 4.245718941092491150e-02
6.511859999999347565e+03 1.436109185218811035e+00 4.232518374919891357e-02
6.513339999999347128e+03 1.505914092063903809e+00 4.269439354538917542e-02
6.514819999999346692e+03 1.520296812057495117e+00 4.251974821090698242e-02
6.516299999999346255e+03 1.492640852928161621e+00 4.212806373834609985e-02
6.517779999999345819e+03 1.446427106857299805e+00 4.198725894093513489e-02
6.519259999999345382e+03 1.448184728622436523e+00 4.230390489101409912e-02
6.520739999999344946e+03 1.409586548805236816e+00 4.253306239843368530e-02
6.522219999999344509e+03 1.474615454673767090e+00 4.305406659841537476e-02
6.523699999999344072e+03 1.572160959243774414e+00 4.321430996060371399e-02
6.525179999999343636e+03 1.447327494621276855e+00 4.231595620512962341e-02
6.526659999999343199e+03 1.493156552314758301e+00 4.257213696837425232e-02
6.528139999999342763e+03 1.523183941841125488e+00 4.260335117578506470e-02
6.529619999999342326e+03 1.534651517868041992e+00 4.301169142127037048e-02
6.531099999999341890e+03 1.477142095565795898e+00 4.375043138861656189e-02
6.532579999999341453e+03 1.551620244979858398e+00 4.430895298719406128e-02
6.534059999999341017e+03 1.513716101646423340e+00 4.331408813595771790e-02
6.535539999999340580e+03 1.461892962455749512e+00 4.249345138669013977e-02
6.537019999999340143e+03 1.501250505447387695e+00 4.264490306377410889e-02
6.538499999999339707e+03 1.457970857620239258e+00 4.247446730732917786e-02
6.539979999999339270e+03 1.475578904151916504e+00 4.248933866620063782e-02
6.541459999999338834e+03 1.521673917770385742e+00 4.293026030063629150e-02
6.542939999999338397e+03 1.473230361938476562e+00 4.288659989833831787e-02
6.544419999999337961e+03 1.436517238616943359e+00 4.237031936645507812e-02
6.545899999999337524e+03 1.460312008857727051e+00 4.203918576240539551e-02
6.547379999999337088e+03 1.490118741989135742e+00 4.217344895005226135e-02
6.548859999999336651e+03 1.480606198310852051e+00 4.208021238446235657e-02
6.550339999999336214e+03 1.413846135139465332e+00 4.222152382135391235e-02
6.551819999999335778e+03 1.466170668601989746e+00 4.363045841455459595e-02
6.553299999999335341e+03 1.538768291473388672e+00 4.384346306324005127e-02
6.554779999999334905e+03 1.489990711212158203e+00 4.236474260687828064e-02
6.556259999999334468e+03 1.505091309547424316e+00 4.151006415486335754e-02
6.557739999999334032e+03 1.497627019882202148e+00 4.125862941145896912e-02
6.559219999999333595e+03 1.588735103607177734e+00 4.108012467622756958e-02
6.560699999999333158e+03 1.503461122512817383e+00 3.914268314838409424e-02
6.562179999999332722e+03 1.412562489509582520e+00 3.771164268255233765e-02
6.563659999999332285e+03 1.488380432128906250e+00 3.920780494809150696e-02
6.565139999999331849e+03 1.462212204933166504e+00 4.053128883242607117e-02
6.566619999999331412e+03 1.504064083099365234e+00 4.159634932875633240e-02
6.568099999999330976e+03 1.487113833427429199e+00 4.191604629158973694e-02
6.569579999999330539e+03 1.455972194671630859e+00 4.167760908603668213e-02
6.571059999999330103e+03 1.472411394119262695e+00 4.161062464118003845e-02
6.572539999999329666e+03 1.446772694587707520e+00 4.137039557099342346e-02
6.574019999999329229e+03 1.413479208946228027e+00 4.165445640683174133e-02
6.575499999999328793e+03 1.518444180488586426e+00 4.325905442237854004e-02
6.576979999999328356e+03 1.515683054924011230e+00 4.361893609166145325e-02
6.578459999999327920e+03 1.502957940101623535e+00 4.303628578782081604e-02
6.579939999999327483e+03 1.512869834899902344e+00 4.235389083623886108e-02
6.581419999999327047e+03 1.502473592758178711e+00 4.194875061511993408e-02
6.582899999999326610e+03 1.456091403961181641e+00 4.172594845294952393e-02
6.584379999999326174e+03 1.478449583053588867e+00 4.187475517392158508e-02
6.585859999999325737e+03 1.516863465309143066e+00 4.212591424584388733e-02
6.587339999999325300e+03 1.465214967727661133e+00 4.191491380333900452e-02
6.588819999999324864e+03 1.453785896301269531e+00 4.189050942659378052e-02
6.590299999999324427e+03 1.427000045776367188e+00 4.158228635787963867e-02
6.591779999999323991e+03 1.453639388084411621e+00 4.123903065919876099e-02
6.593259999999323554e+03 1.499084234237670898e+00 4.169203713536262512e-02
6.594739999999323118e+03 1.543289661407470703e+00 4.255378246307373047e-02
6.596219999999322681e+03 1.541686415672302246e+00 4.253211989998817444e-02
6.597699999999322245e+03 1.549892306327819824e+00 4.228819534182548523e-02
6.599179999999321808e+03 1.631441473960876465e+00 4.276023432612419128e-02
6.600659999999321371e+03 1.535611510276794434e+00 4.240544512867927551e-02
6.602139999999320935e+03 1.488753318786621094e+00 4.257133975625038147e-02
6.603619999999320498e+03 1.421182632446289062e+00 4.217258095741271973e-02
6.605099999999320062e+03 1.445129513740539551e+00 4.195678234100341797e-02
6.606579999999319625e+03 1.489742159843444824e+00 4.183365032076835632e-02
6.608059999999319189e+03 1.470103144645690918e+00 4.161868244409561157e-02
6.609539999999318752e+03 1.368364453315734863e+00 4.112877696752548218e-02
6.611019999999318316e+03 1.470236659049987793e+00 4.184409976005554199e-02
6.612499999999317879e+03 1.513763785362243652e+00 4.205911234021186829e-02
6.613979999999317442e+03 1.465999126434326172e+00 4.181096330285072327e-02
6.615459999999317006e+03 1.374503850936889648e+00 4.122106730937957764e-02
6.616939999999316569e+03 1.437930822372436523e+00 4.149996489286422729e-02
6.618419999999316133e+03 1.550563216209411621e+00 4.228547215461730957e-02
6.619899999999315696e+03 1.489238023757934570e+00 4.195297509431838989e-02
6.621379999999315260e+03 1.494661092758178711e+00 4.191965609788894653e-02
6.622859999999314823e+03 1.485433578491210938e+00 4.184063524007797241e-02
6.624339999999314387e+03 1.460862159729003906e+00 4.169615358114242554e-02
6.625819999999313950e+03 1.425234794616699219e+00 4.162276536226272583e-02
6.627299999999313513e+03 1.441686153411865234e+00 4.164770990610122681e-02
6.628779999999313077e+03 1.451945185661315918e+00 4.166087880730628967e-02
6.630259999999312640e+03 1.454510688781738281e+00 4.149743169546127319e-02
6.631739999999312204e+03 1.540299892425537109e+00 4.190757125616073608e-02
6.633219999999311767e+03 1.472098946571350098e+00 4.141105338931083679e-02
6.634699999999311331e+03 1.530178904533386230e+00 4.187167808413505554e-02
6.636179999999310894e+03 1.496821880340576172e+00 4.180962592363357544e-02
6.637659999999310457e+03 1.473569631576538086e+00 4.162536561489105225e-02
6.639139999999310021e+03 1.463383197784423828e+00 4.155747219920158386e-02
6.640619999999309584e+03 1.551091074943542480e+00 4.199756309390068054e-02
6.642099999999309148e+03 1.495205283164978027e+00 4.159646108746528625e-02
6.643579999999308711e+03 1.439630866050720215e+00 4.122922569513320923e-02
6.645059999999308275e+03 1.466117262840270996e+00 4.145453497767448425e-02
6.646539999999307838e+03 1.445848226547241211e+00 4.139290750026702881e-02
6.648019999999307402e+03 1.414633750915527344e+00 4.126281663775444031e-02
6.649499999999306965e+03 1.346422433853149414e+00 4.083467274904251099e-02
6.650979999999306528e+03 1.344667434692382812e+00 4.074111953377723694e-02
6.652459999999306092e+03 1.427177667617797852e+00 4.121329635381698608e-02
6.653939999999305655e+03 1.427218794822692871e+00 4.126540571451187134e-02
6.655419999999305219e+03 1.424602508544921875e+00 4.127076268196105957e-02
6.656899999999304782e+03 1.495796084403991699e+00 4.171192273497581482e-02
6.658379999999304346e+03 1.526198744773864746e+00 4.187458381056785583e-02
6.659859999999303909e+03 1.457379341125488281e+00 4.138287529349327087e-02
6.661339999999303473e+03 1.471019744873046875e+00 4.121710360050201416e-02
6.662819999999303036e+03 1.435647010803222656e+00 4.094231128692626953e-02
6.664299999999302599e+03 1.473867535591125488e+00 4.122384637594223022e-02
6.665779999999302163e+03 1.462415814399719238e+00 4.137357696890830994e-02
6.667259999999301726e+03 1.413449883460998535e+00 4.093746095895767212e-02
6.668739999999301290e+03 1.494011044502258301e+00 4.158584773540496826e-02
6.670219999999300853e+03 1.473799943923950195e+00 4.136644303798675537e-02
6.671699999999300417e+03 1.436724781990051270e+00 4.113383218646049500e-02
6.673179999999299980e+03 1.409988880157470703e+00 4.103118181228637695e-02
6.674659999999299544e+03 1.493893504142761230e+00 4.145387187600135803e-02
6.676139999999299107e+03 1.513726353645324707e+00 4.129895567893981934e-02
6.677619999999298670e+03 1.527731895446777344e+00 4.126700758934020996e-02
6.679099999999298234e+03 1.541870355606079102e+00 4.148934781551361084e-02
6.680579999999297797e+03 1.525252938270568848e+00 4.147252067923545837e-02
6.682059999999297361e+03 1.488362669944763184e+00 4.128904268145561218e-02
6.683539999999296924e+03 1.491583943367004395e+00 4.142487049102783203e-02
6.685019999999296488e+03 1.513098478317260742e+00 4.158656671643257141e-02
6.686499999999296051e+03 1.495502710342407227e+00 4.138888046145439148e-02
6.687979999999295615e+03 1.534926891326904297e+00 4.159212484955787659e-02
6.689459999999295178e+03 1.530288219451904297e+00 4.165957495570182800e-02
6.690939999999294741e+03 1.510554790496826172e+00 4.157954081892967224e-02
6.692419999999294305e+03 1.485072016716003418e+00 4.129956662654876709e-02
6.693899999999293868e+03 1.486983418464660645e+00 4.122167825698852539e-02
6.695379999999293432e+03 1.518740773200988770e+00 4.124164581298828125e-02
6.696859999999292995e+03 1.511412143707275391e+00 4.125696793198585510e-02
6.698339999999292559e+03 1.571188926696777344e+00 4.169221967458724976e-02
6.699819999999292122e+03 1.562732100486755371e+00 4.164476320147514343e-02
6.701299999999291686e+03 1.814797282218933105e+00 4.326312243938446045e-02
6.702779999999291249e+03 2.323664903640747070e+00 4.577710852026939392e-02
6.704259999999290812e+03 2.357928991317749023e+00 4.587527364492416382e-02
6.705739999999290376e+03 1.882355570793151855e+00 4.336345568299293518e-02
6.707219999999289939e+03 1.467676520347595215e+00 4.116477817296981812e-02
6.708699999999289503e+03 1.397298812866210938e+00 4.070099815726280212e-02
6.710179999999289066e+03 1.399758100509643555e+00 4.055452346801757812e-02
6.711659999999288630e+03 1.432196855545043945e+00 4.058400169014930725e-02
6.713139999999288193e+03 1.484195947647094727e+00 4.078662395477294922e-02
6.714619999999287757e+03 1.656216263771057129e+00 4.184061661362648010e-02
6.716099999999287320e+03 3.659973382949829102e+00 5.214853584766387939e-02
6.717579999999286883e+03 7.499951839447021484e+00 6.793396174907684326e-02
6.719059999999286447e+03 8.403833389282226562e+00 7.120707631111145020e-02
6.720539999999286010e+03 4.668374538421630859e+00 5.686352029442787170e-02
6.722019999999285574e+03 1.867457389831542969e+00 4.317729547619819641e-02
6.723499999999285137e+03 1.546060085296630859e+00 4.134899377822875977e-02
6.724979999999284701e+03 1.380427360534667969e+00 4.034902527928352356e-02
6.726459999999284264e+03 1.398564219474792480e+00 4.042898491024971008e-02
6.727939999999283827e+03 1.457663178443908691e+00 4.064778983592987061e-02
6.729419999999283391e+03 1.439726352691650391e+00 4.075335711240768433e-02
6.730899999999282954e+03 1.456547617912292480e+00 4.074473306536674500e-02
6.732379999999282518e+03 1.427537322044372559e+00 4.051547870039939880e-02
6.733859999999282081e+03 1.468738317489624023e+00 4.079790040850639343e-02
6.735339999999281645e+03 1.498634576797485352e+00 4.093449562788009644e-02
6.736819999999281208e+03 2.053130626678466797e+00 4.405014216899871826e-02
6.738299999999280772e+03 3.643532991409301758e+00 5.242399498820304871e-02
6.739779999999280335e+03 4.626917839050292969e+00 5.648870393633842468e-02
6.741259999999279898e+03 3.528636932373046875e+00 5.149856954813003540e-02
6.742739999999279462e+03 1.888219475746154785e+00 4.312889277935028076e-02
6.744219999999279025e+03 1.512650489807128906e+00 4.094457626342773438e-02
6.745699999999278589e+03 1.456538796424865723e+00 4.063693061470985413e-02
6.747179999999278152e+03 1.490698456764221191e+00 4.068333655595779419e-02
6.748659999999277716e+03 1.401308894157409668e+00 4.015552997589111328e-02
6.750139999999277279e+03 1.372847557067871094e+00 3.995769098401069641e-02
6.751619999999276843e+03 1.447124719619750977e+00 4.038696736097335815e-02
6.753099999999276406e+03 1.473065137863159180e+00 4.069402068853378296e-02
6.754579999999275969e+03 1.417683720588684082e+00 4.047509655356407166e-02
6.756059999999275533e+03 1.454850912094116211e+00 4.047366976737976074e-02
6.757539999999275096e+03 1.540945291519165039e+00 4.098844155669212341e-02
6.759019999999274660e+03 1.533349990844726562e+00 4.097776859998703003e-02
6.760499999999274223e+03 1.481651425361633301e+00 4.058703780174255371e-02
6.761979999999273787e+03 1.483676671981811523e+00 4.063470661640167236e-02
6.763459999999273350e+03 1.439664602279663086e+00 4.041662067174911499e-02
6.764939999999272914e+03 1.461162567138671875e+00 4.038291797041893005e-02
6.766419999999272477e+03 1.484838128089904785e+00 4.048456996679306030e-02
6.767899999999272040e+03 1.480836033821105957e+00 4.052558168768882751e-02
6.769379999999271604e+03 1.480673551559448242e+00 4.049732163548469543e-02
6.770859999999271167e+03 1.476424813270568848e+00 4.045967757701873779e-02
6.772339999999270731e+03 1.509748458862304688e+00 4.065576195716857910e-02
6.773819999999270294e+03 1.587150812149047852e+00 4.109846428036689758e-02
6.775299999999269858e+03 1.532606363296508789e+00 4.079205170273780823e-02
6.776779999999269421e+03 1.442194461822509766e+00 4.028837010264396667e-02
6.778259999999268985e+03 1.461260318756103516e+00 4.046123474836349487e-02
6.779739999999268548e+03 1.464159250259399414e+00 4.049508646130561829e-02
6.781219999999268111e+03 1.470981955528259277e+00 4.044321924448013306e-02
6.782699999999267675e+03 1.434650659561157227e+00 4.020047560334205627e-02
6.784179999999267238e+03 1.499469041824340820e+00 4.054147005081176758e-02
6.785659999999266802e+03 1.518506050109863281e+00 4.066104441881179810e-02
6.787139999999266365e+03 1.444944262504577637e+00 4.025365412235260010e-02
6.788619999999265929e+03 1.484115362167358398e+00 4.052792489528656006e-02
6.790099999999265492e+03 1.445277571678161621e+00 4.023932665586471558e-02
6.791579999999265056e+03 1.502261281013488770e+00 4.049662500619888306e-02
6.793059999999264619e+03 1.490791916847229004e+00 4.039921611547470093e-02
6.794539999999264182e+03 1.456931710243225098e+00 4.016895592212677002e-02
6.796019999999263746e+03 1.452516436576843262e+00 4.021459817886352539e-02
6.797499999999263309e+03 1.493306875228881836e+00 4.057615622878074646e-02
6.798979999999262873e+03 1.489677548408508301e+00 4.055029153823852539e-02
6.800459999999262436e+03 1.460724353790283203e+00 4.036699235439300537e-02
6.801939999999262000e+03 1.463456511497497559e+00 4.023750871419906616e-02
6.803419999999261563e+03 1.485740900039672852e+00 4.026817530393600464e-02
6.804899999999261127e+03 1.464053630828857422e+00 4.018739238381385803e-02
6.806379999999260690e+03 1.451439738273620605e+00 4.010109603404998779e-02
6.807859999999260253e+03 1.519904375076293945e+00 4.043321684002876282e-02
6.809339999999259817e+03 1.492863893508911133e+00 4.031348973512649536e-02
6.810819999999259380e+03 1.421731829643249512e+00 4.004099220037460327e-02
6.812299999999258944e+03 1.465133905410766602e+00 4.023151099681854248e-02
6.813779999999258507e+03 1.407582044601440430e+00 3.987905010581016541e-02
6.815259999999258071e+03 1.428060650825500488e+00 4.012817889451980591e-02
6.816739999999257634e+03 1.468650341033935547e+00 4.018507525324821472e-02
6.818219999999257197e+03 1.451257467269897461e+00 3.993729129433631897e-02
6.819699999999256761e+03 1.399466514587402344e+00 3.963621333241462708e-02
6.821179999999256324e+03 1.352675199508666992e+00 3.956113010644912720e-02
6.822659999999255888e+03 1.484663963317871094e+00 4.029842093586921692e-02
6.824139999999255451e+03 1.482158660888671875e+00 4.063528403639793396e-02
6.825619999999255015e+03 1.452065706253051758e+00 4.117007553577423096e-02
6.827099999999254578e+03 1.468186020851135254e+00 4.266146197915077209e-02
6.828579999999254142e+03 1.474942922592163086e+00 4.288437590003013611e-02
6.830059999999253705e+03 1.470069050788879395e+00 4.168463125824928284e-02
6.831539999999253268e+03 1.529276132583618164e+00 4.225668683648109436e-02
6.833019999999252832e+03 1.533961296081542969e+00 4.296952486038208008e-02
6.834499999999252395e+03 1.442368388175964355e+00 4.150875657796859741e-02
6.835979999999251959e+03 1.455209255218505859e+00 4.019741341471672058e-02
6.837459999999251522e+03 1.487895250320434570e+00 4.009360447525978088e-02
6.838939999999251086e+03 1.433929681777954102e+00 3.994544595479965210e-02
6.840419999999250649e+03 1.473738908767700195e+00 4.027554020285606384e-02
6.841899999999250213e+03 1.515174627304077148e+00 4.043801128864288330e-02
6.843379999999249776e+03 1.456295490264892578e+00 3.985092043876647949e-02
6.844859999999249339e+03 1.479381322860717773e+00 4.024435579776763916e-02
6.846339999999248903e+03 1.490748286247253418e+00 3.991673141717910767e-02
6.847819999999248466e+03 1.455690264701843262e+00 3.983213752508163452e-02
6.849299999999248030e+03 1.483069181442260742e+00 4.015958309173583984e-02
6.850779999999247593e+03 1.437631011009216309e+00 3.994638472795486450e-02
6.852259999999247157e+03 1.412184000015258789e+00 3.966270014643669128e-02
6.853739999999246720e+03 1.448922991752624512e+00 3.955561295151710510e-02
6.855219999999246284e+03 1.479802608489990234e+00 3.967203199863433838e-02
6.856699999999245847e+03 1.511217594146728516e+00 3.997322544455528259e-02
6.858179999999245410e+03 1.477919220924377441e+00 3.978523239493370056e-02
6.859659999999244974e+03 1.343404889106750488e+00 3.963789343833923340e-02
6.861139999999244537e+03 1.359289884567260742e+00 4.242751002311706543e-02
6.862619999999244101e+03 1.564923048019409180e+00 4.508518427610397339e-02
6.864099999999243664e+03 1.553311467170715332e+00 4.335319995880126953e-02
6.865579999999243228e+03 1.267347693443298340e+00 3.735261037945747375e-02
6.867059999999242791e+03 1.042204141616821289e+00 3.367526456713676453e-02
6.868539999999242355e+03 9.757233262062072754e-01 3.317920863628387451e-02
6.870019999999241918e+03 1.072623610496520996e+00 3.441042080521583557e-02
6.871499999999241481e+03 1.156661510467529297e+00 3.510696813464164734e-02
6.872979999999241045e+03 1.465632677078247070e+00 3.706764802336692810e-02
6.874459999999240608e+03 2.066654443740844727e+00 4.109518602490425110e-02
6.875939999999240172e+03 2.333138704299926758e+00 4.290118068456649780e-02
6.877419999999239735e+03 1.820989727973937988e+00 4.055572673678398132e-02
6.878899999999239299e+03 1.420403838157653809e+00 3.895050287246704102e-02
6.880379999999238862e+03 1.354603886604309082e+00 3.898790851235389709e-02
6.881859999999238426e+03 1.385115265846252441e+00 3.880216553807258606e-02
6.883339999999237989e+03 1.385024666786193848e+00 3.819816932082176208e-02
6.884819999999237552e+03 1.242045521736145020e+00 3.709119930863380432e-02
6.886299999999237116e+03 1.246364712715148926e+00 3.735041990876197815e-02
6.887779999999236679e+03 1.640998601913452148e+00 4.029576852917671204e-02
6.889259999999236243e+03 2.285287141799926758e+00 4.361996054649353027e-02
6.890739999999235806e+03 2.299786567687988281e+00 4.328546300530433655e-02
6.892219999999235370e+03 1.731531977653503418e+00 3.991157561540603638e-02
6.893699999999234933e+03 1.420832395553588867e+00 3.812536597251892090e-02
6.895179999999234496e+03 1.250708937644958496e+00 3.694429621100425720e-02
6.896659999999234060e+03 1.223804831504821777e+00 3.707816079258918762e-02
6.898139999999233623e+03 1.319307327270507812e+00 3.848658874630928040e-02
6.899619999999233187e+03 1.315117716789245605e+00 3.873413428664207458e-02
6.901099999999232750e+03 1.349385499954223633e+00 3.869163990020751953e-02
6.902579999999232314e+03 1.386698961257934570e+00 3.812649473547935486e-02
6.904059999999231877e+03 1.279448509216308594e+00 3.745431825518608093e-02
6.905539999999231441e+03 1.328764200210571289e+00 3.802223131060600281e-02
6.907019999999231004e+03 1.293063998222351074e+00 3.774452209472656250e-02
6.908499999999230567e+03 1.289498090744018555e+00 3.791057318449020386e-02
6.909979999999230131e+03 1.374553680419921875e+00 3.943848237395286560e-02
6.911459999999229694e+03 1.393002986907958984e+00 3.997392952442169189e-02
6.912939999999229258e+03 1.325633764266967773e+00 3.887747228145599365e-02
6.914419999999228821e+03 1.356235504150390625e+00 3.832494840025901794e-02
6.915899999999228385e+03 1.410045981407165527e+00 3.840005770325660706e-02
6.917379999999227948e+03 1.387512326240539551e+00 3.824280202388763428e-02
6.918859999999227512e+03 1.366129517555236816e+00 3.882513195276260376e-02
6.920339999999227075e+03 1.367063879966735840e+00 4.047686979174613953e-02
6.921819999999226638e+03 1.410601615905761719e+00 4.162799566984176636e-02
6.923299999999226202e+03 1.421261668205261230e+00 4.081854596734046936e-02
6.924779999999225765e+03 1.367819190025329590e+00 3.900255635380744934e-02
6.926259999999225329e+03 1.352458953857421875e+00 3.850653767585754395e-02
6.927739999999224892e+03 1.348212242126464844e+00 3.842635452747344971e-02
6.929219999999224456e+03 1.381594896316528320e+00 3.843250870704650879e-02
6.930699999999224019e+03 1.433562397956848145e+00 3.884944319725036621e-02
6.932179999999223583e+03 1.417291402816772461e+00 3.872822597622871399e-02
6.933659999999223146e+03 1.384370207786560059e+00 3.856416791677474976e-02
6.935139999999222709e+03 1.385887622833251953e+00 3.874096274375915527e-02
6.936619999999222273e+03 1.399172067642211914e+00 3.952392563223838806e-02
6.938099999999221836e+03 1.420407176017761230e+00 4.020881652832031250e-02
6.939579999999221400e+03 1.425899505615234375e+00 3.987741842865943909e-02
6.941059999999220963e+03 1.409850001335144043e+00 3.893970698118209839e-02
6.942539999999220527e+03 1.412257909774780273e+00 3.854648396372795105e-02
6.944019999999220090e+03 1.365370631217956543e+00 3.825245425105094910e-02
6.945499999999219654e+03 1.283256292343139648e+00 3.886817768216133118e-02
6.946979999999219217e+03 1.331269025802612305e+00 4.118351265788078308e-02
6.948459999999218780e+03 1.473434567451477051e+00 4.197687655687332153e-02
6.949939999999218344e+03 1.476996302604675293e+00 4.041457921266555786e-02
6.951419999999217907e+03 1.394507050514221191e+00 3.889390081167221069e-02
6.952899999999217471e+03 1.382174968719482422e+00 3.848072513937950134e-02
6.954379999999217034e+03 1.350197315216064453e+00 3.835705667734146118e-02
6.955859999999216598e+03 1.352823495864868164e+00 3.835346177220344543e-02
6.957339999999216161e+03 1.355283021926879883e+00 3.843882307410240173e-02
6.958819999999215725e+03 1.411677718162536621e+00 3.869529440999031067e-02
6.960299999999215288e+03 1.436119198799133301e+00 3.888833895325660706e-02
6.961779999999214851e+03 1.433491587638854980e+00 3.891193494200706482e-02
6.963259999999214415e+03 1.401276111602783203e+00 3.879648074507713318e-02
