4.300739999999999782e+03 -7.000000000000000000e+00 2.645751237869262695e+00
4.302219999999999345e+03 -7.000000000000000000e+00 2.645751237869262695e+00
4.303699999999998909e+03 -7.000000000000000000e+00 2.645751237869262695e+00
4.305179999999998472e+03 -7.000000000000000000e+00 2.645751237869262695e+00
4.306659999999998035e+03 -7.000000000000000000e+00 2.645751237869262695e+00
4.308139999999997599e+03 -7.000000000000000000e+00 2.645751237869262695e+00
4.309619999999997162e+03 -7.000000000000000000e+00 2.645751237869262695e+00
4.311099999999996726e+03 -7.000000000000000000e+00 2.645751237869262695e+00
4.312579999999996289e+03 -7.000000000000000000e+00 2.645751237869262695e+00
4.314059999999995853e+03 -7.000000000000000000e+00 2.645751237869262695e+00
4.315539999999995416e+03 -7.000000000000000000e+00 2.645751237869262695e+00
4.317019999999994980e+03 -7.000000000000000000e+00 2.645751237869262695e+00
4.318499999999994543e+03 -7.000000000000000000e+00 2.645751237869262695e+00
4.319979999999994106e+03 -7.000000000000000000e+00 2.645751237869262695e+00
4.321459999999993670e+03 -7.000000000000000000e+00 2.645751237869262695e+00
4.322939999999993233e+03 -7.000000000000000000e+00 2.645751237869262695e+00
4.324419999999992797e+03 -7.000000000000000000e+00 2.645751237869262695e+00
4.325899999999992360e+03 -7.000000000000000000e+00 2.645751237869262695e+00
4.327379999999991924e+03 -7.000000000000000000e+00 2.645751237869262695e+00
4.328859999999991487e+03 -7.000000000000000000e+00 2.645751237869262695e+00
4.330339999999991051e+03 -7.000000000000000000e+00 2.645751237869262695e+00
4.331819999999990614e+03 -7.000000000000000000e+00 2.645751237869262695e+00
4.333299999999990177e+03 -7.000000000000000000e+00 2.645751237869262695e+00
4.334779999999989741e+03 -7.000000000000000000e+00 2.645751237869262695e+00
4.336259999999989304e+03 -7.000000000000000000e+00 2.645751237869262695e+00
4.337739999999988868e+03 -7.000000000000000000e+00 2.645751237869262695e+00
4.339219999999988431e+03 -7.000000000000000000e+00 2.645751237869262695e+00
4.340699999999987995e+03 -7.000000000000000000e+00 2.645751237869262695e+00
4.342179999999987558e+03 -7.000000000000000000e+00 2.645751237869262695e+00
4.343659999999987122e+03 -7.000000000000000000e+00 2.645751237869262695e+00
4.345139999999986685e+03 -7.000000000000000000e+00 2.645751237869262695e+00
4.346619999999986248e+03 -7.000000000000000000e+00 2.645751237869262695e+00
4.348099999999985812e+03 -7.000000000000000000e+00 2.645751237869262695e+00
4.349579999999985375e+03 -7.000000000000000000e+00 2.645751237869262695e+00
4.351059999999984939e+03 -7.000000000000000000e+00 2.645751237869262695e+00
4.352539999999984502e+03 -7.000000000000000000e+00 2.645751237869262695e+00
4.354019999999984066e+03 -7.000000000000000000e+00 2.645751237869262695e+00
4.355499999999983629e+03 -7.000000000000000000e+00 2.645751237869262695e+00
4.356979999999983193e+03 -7.000000000000000000e+00 2.645751237869262695e+00
4.358459999999982756e+03 -7.000000000000000000e+00 2.645751237869262695e+00
4.359939999999982319e+03 -7.000000000000000000e+00 2.645751237869262695e+00
4.361419999999981883e+03 -7.000000000000000000e+00 2.645751237869262695e+00
4.362899999999981446e+03 -7.000000000000000000e+00 2.645751237869262695e+00
4.364379999999981010e+03 -7.000000000000000000e+00 2.645751237869262695e+00
4.365859999999980573e+03 -7.000000000000000000e+00 2.645751237869262695e+00
4.367339999999980137e+03 -7.000000000000000000e+00 2.645751237869262695e+00
4.368819999999979700e+03 -7.000000000000000000e+00 2.645751237869262695e+00
4.370299999999979264e+03 -7.000000000000000000e+00 2.645751237869262695e+00
4.371779999999978827e+03 -7.000000000000000000e+00 2.645751237869262695e+00
4.373259999999978390e+03 -7.000000000000000000e+00 2.645751237869262695e+00
4.374739999999977954e+03 -7.000000000000000000e+00 2.645751237869262695e+00
4.376219999999977517e+03 -7.000000000000000000e+00 2.645751237869262695e+00
4.377699999999977081e+03 -7.000000000000000000e+00 2.645751237869262695e+00
4.379179999999976644e+03 -7.000000000000000000e+00 2.645751237869262695e+00
4.380659999999976208e+03 -7.000000000000000000e+00 2.645751237869262695e+00
4.382139999999975771e+03 -7.000000000000000000e+00 2.645751237869262695e+00
4.383619999999975335e+03 -7.000000000000000000e+00 2.645751237869262695e+00
4.385099999999974898e+03 -7.000000000000000000e+00 2.645751237869262695e+00
4.386579999999974461e+03 -7.000000000000000000e+00 2.645751237869262695e+00
4.388059999999974025e+03 -7.000000000000000000e+00 2.645751237869262695e+00
4.389539999999973588e+03 -7.000000000000000000e+00 2.645751237869262695e+00
4.391019999999973152e+03 -7.000000000000000000e+00 2.645751237869262695e+00
4.392499999999972715e+03 -7.000000000000000000e+00 2.645751237869262695e+00
4.393979999999972279e+03 -7.000000000000000000e+00 2.645751237869262695e+00
4.395459999999971842e+03 -7.000000000000000000e+00 2.645751237869262695e+00
4.396939999999971405e+03 -7.000000000000000000e+00 2.645751237869262695e+00
4.398419999999970969e+03 -7.000000000000000000e+00 2.645751237869262695e+00
4.399899999999970532e+03 -7.000000000000000000e+00 2.645751237869262695e+00
4.401379999999970096e+03 -7.000000000000000000e+00 2.645751237869262695e+00
4.402859999999969659e+03 -7.000000000000000000e+00 2.645751237869262695e+00
4.404339999999969223e+03 -7.000000000000000000e+00 2.645751237869262695e+00
4.405819999999968786e+03 -7.000000000000000000e+00 2.645751237869262695e+00
4.407299999999968350e+03 -7.000000000000000000e+00 2.645751237869262695e+00
4.408779999999967913e+03 -7.000000000000000000e+00 2.645751237869262695e+00
4.410259999999967476e+03 -7.000000000000000000e+00 2.645751237869262695e+00
4.411739999999967040e+03 -7.000000000000000000e+00 2.645751237869262695e+00
4.413219999999966603e+03 -7.000000000000000000e+00 2.645751237869262695e+00
4.414699999999966167e+03 -7.000000000000000000e+00 2.645751237869262695e+00
4.416179999999965730e+03 -7.000000000000000000e+00 2.645751237869262695e+00
4.417659999999965294e+03 -7.000000000000000000e+00 2.645751237869262695e+00
4.419139999999964857e+03 -7.000000000000000000e+00 2.645751237869262695e+00
4.420619999999964421e+03 -7.000000000000000000e+00 2.645751237869262695e+00
4.422099999999963984e+03 -7.000000000000000000e+00 2.645751237869262695e+00
4.423579999999963547e+03 -7.000000000000000000e+00 2.645751237869262695e+00
4.425059999999963111e+03 -7.000000000000000000e+00 2.645751237869262695e+00
4.426539999999962674e+03 -7.000000000000000000e+00 2.645751237869262695e+00
4.428019999999962238e+03 -7.000000000000000000e+00 2.645751237869262695e+00
4.429499999999961801e+03 -7.000000000000000000e+00 2.645751237869262695e+00
4.430979999999961365e+03 -7.000000000000000000e+00 2.645751237869262695e+00
4.432459999999960928e+03 -7.000000000000000000e+00 2.645751237869262695e+00
4.433939999999960492e+03 -7.000000000000000000e+00 2.645751237869262695e+00
4.435419999999960055e+03 -7.000000000000000000e+00 2.645751237869262695e+00
4.436899999999959618e+03 -7.000000000000000000e+00 2.645751237869262695e+00
4.438379999999959182e+03 -7.000000000000000000e+00 2.645751237869262695e+00
4.439859999999958745e+03 -7.000000000000000000e+00 2.645751237869262695e+00
4.441339999999958309e+03 -7.000000000000000000e+00 2.645751237869262695e+00
4.442819999999957872e+03 -7.000000000000000000e+00 2.645751237869262695e+00
4.444299999999957436e+03 -7.000000000000000000e+00 2.645751237869262695e+00
4.445779999999956999e+03 -7.000000000000000000e+00 2.645751237869262695e+00
4.447259999999956563e+03 -7.000000000000000000e+00 2.645751237869262695e+00
4.448739999999956126e+03 -7.000000000000000000e+00 2.645751237869262695e+00
4.450219999999955689e+03 -7.000000000000000000e+00 2.645751237869262695e+00
4.451699999999955253e+03 5.357366800308227539e-02 1.111418940126895905e-02
4.453179999999954816e+03 5.098500102758407593e-02 1.091833785176277161e-02
4.454659999999954380e+03 8.242946118116378784e-02 1.158412266522645950e-02
4.456139999999953943e+03 4.784376174211502075e-02 1.069121435284614563e-02
4.457619999999953507e+03 6.017705053091049194e-02 1.098214183002710342e-02
4.459099999999953070e+03 9.248300641775131226e-02 1.174975559115409851e-02
4.460579999999952634e+03 8.146593719720840454e-02 1.160920970141887665e-02
4.462059999999952197e+03 6.331332027912139893e-02 1.105551049113273621e-02
4.463539999999951760e+03 7.820960134267807007e-02 1.155480835586786270e-02
4.465019999999951324e+03 7.015270739793777466e-02 1.142036076635122299e-02
4.466499999999950887e+03 5.484176427125930786e-02 1.085831504315137863e-02
4.467979999999950451e+03 5.701218917965888977e-02 1.063380297273397446e-02
4.469459999999950014e+03 3.984443098306655884e-02 1.003399491310119629e-02
4.470939999999949578e+03 6.835087388753890991e-02 1.113044749945402145e-02
4.472419999999949141e+03 6.476342678070068359e-02 1.109062880277633667e-02
4.473899999999948704e+03 5.121936649084091187e-02 1.078727748245000839e-02
4.475379999999948268e+03 7.345253974199295044e-02 1.145633682608604431e-02
4.476859999999947831e+03 6.847687065601348877e-02 1.122348103672266006e-02
4.478339999999947395e+03 5.563540756702423096e-02 1.077494118362665176e-02
4.479819999999946958e+03 6.307601928710937500e-02 1.072892360389232635e-02
4.481299999999946522e+03 4.944773763418197632e-02 1.022284384816884995e-02
4.482779999999946085e+03 7.283310592174530029e-02 1.119442842900753021e-02
4.484259999999945649e+03 8.277988433837890625e-02 1.160342898219823837e-02
4.485739999999945212e+03 6.381910294294357300e-02 1.119502913206815720e-02
4.487219999999944775e+03 5.027362704277038574e-02 1.050155051052570343e-02
4.488699999999944339e+03 7.662235945463180542e-02 1.110210642218589783e-02
4.490179999999943902e+03 7.068467140197753906e-02 1.108562853187322617e-02
4.491659999999943466e+03 6.101679056882858276e-02 1.091396156698465347e-02
4.493139999999943029e+03 6.479614973068237305e-02 1.107947714626789093e-02
4.494619999999942593e+03 6.049933284521102905e-02 1.099772285670042038e-02
4.496099999999942156e+03 5.531259998679161072e-02 1.068459078669548035e-02
4.497579999999941720e+03 4.128161072731018066e-02 1.018318440765142441e-02
4.499059999999941283e+03 6.015895307064056396e-02 1.098565384745597839e-02
4.500539999999940846e+03 5.642056092619895935e-02 1.056021358817815781e-02
4.502019999999940410e+03 5.502353236079216003e-02 1.059045456349849701e-02
4.503499999999939973e+03 3.968352079391479492e-02 1.033052802085876465e-02
4.504979999999939537e+03 3.724853694438934326e-02 1.009731460362672806e-02
4.506459999999939100e+03 6.595090776681900024e-02 1.101330015808343887e-02
4.507939999999938664e+03 6.782415509223937988e-02 1.106096431612968445e-02
4.509419999999938227e+03 5.378495901823043823e-02 1.062685251235961914e-02
4.510899999999937791e+03 5.518031492829322815e-02 1.076795998960733414e-02
4.512379999999937354e+03 5.268210917711257935e-02 1.060492079704999924e-02
4.513859999999936917e+03 4.994875565171241760e-02 1.025195885449647903e-02
4.515339999999936481e+03 7.215670496225357056e-02 1.099275518208742142e-02
4.516819999999936044e+03 8.338144421577453613e-02 1.132833864539861679e-02
4.518299999999935608e+03 6.245406717061996460e-02 1.069290842860937119e-02
4.519779999999935171e+03 7.015817612409591675e-02 1.102781575173139572e-02
4.521259999999934735e+03 6.859739869832992554e-02 1.107336301356554031e-02
4.522739999999934298e+03 7.401174306869506836e-02 1.108864974230527878e-02
4.524219999999933862e+03 6.962793320417404175e-02 1.090252958238124847e-02
4.525699999999933425e+03 4.421663656830787659e-02 1.021257136017084122e-02
4.527179999999932988e+03 4.518375545740127563e-02 1.025576423853635788e-02
4.528659999999932552e+03 5.902738869190216064e-02 1.064648386090993881e-02
4.530139999999932115e+03 7.344251126050949097e-02 1.146462652832269669e-02
4.531619999999931679e+03 5.868415534496307373e-02 1.092300377786159515e-02
4.533099999999931242e+03 5.479486286640167236e-02 1.075050421059131622e-02
4.534579999999930806e+03 7.130867242813110352e-02 1.116539258509874344e-02
4.536059999999930369e+03 7.545942813158035278e-02 1.130571123212575912e-02
4.537539999999929933e+03 6.421297043561935425e-02 1.101567316800355911e-02
4.539019999999929496e+03 7.309488952159881592e-02 1.117167714983224869e-02
4.540499999999929059e+03 5.904681980609893799e-02 1.055901683866977692e-02
4.541979999999928623e+03 4.866994544863700867e-02 1.039963401854038239e-02
4.543459999999928186e+03 5.135479196906089783e-02 1.071109622716903687e-02
4.544939999999927750e+03 4.192891716957092285e-02 1.017200294882059097e-02
4.546419999999927313e+03 5.702875927090644836e-02 1.055412739515304565e-02
4.547899999999926877e+03 4.457019641995429993e-02 1.031686086207628250e-02
4.549379999999926440e+03 6.591983139514923096e-02 1.064520142972469330e-02
4.550859999999926004e+03 6.602026522159576416e-02 1.075648330152034760e-02
4.552339999999925567e+03 6.063071265816688538e-02 1.073178369551897049e-02
4.553819999999925130e+03 5.512852966785430908e-02 1.040667202323675156e-02
4.555299999999924694e+03 7.745668292045593262e-02 1.074764039367437363e-02
4.556779999999924257e+03 6.529300659894943237e-02 1.052209641784429550e-02
4.558259999999923821e+03 5.229763686656951904e-02 1.030952204018831253e-02
4.559739999999923384e+03 8.557673543691635132e-02 1.100000459700822830e-02
4.561219999999922948e+03 5.811436474323272705e-02 1.022255606949329376e-02
4.562699999999922511e+03 6.924584507942199707e-02 1.049353089183568954e-02
4.564179999999922074e+03 6.411352008581161499e-02 1.026210188865661621e-02
4.565659999999921638e+03 7.390306890010833740e-02 1.036353502422571182e-02
4.567139999999921201e+03 5.236341431736946106e-02 1.006166078150272369e-02
4.568619999999920765e+03 4.755643010139465332e-02 9.864824824035167694e-03
4.570099999999920328e+03 8.476340025663375854e-02 1.088332477957010269e-02
4.571579999999919892e+03 6.275562196969985962e-02 1.023454964160919189e-02
4.573059999999919455e+03 5.244905874133110046e-02 9.828720241785049438e-03
4.574539999999919019e+03 7.592110335826873779e-02 1.049150247126817703e-02
4.576019999999918582e+03 8.893187344074249268e-02 1.088537275791168213e-02
4.577499999999918145e+03 5.622754991054534912e-02 1.013746857643127441e-02
4.578979999999917709e+03 6.853161007165908813e-02 1.034821569919586182e-02
4.580459999999917272e+03 7.446745038032531738e-02 1.060813944786787033e-02
4.581939999999916836e+03 9.189699590206146240e-02 1.105844508856534958e-02
4.583419999999916399e+03 6.136514246463775635e-02 1.000268012285232544e-02
4.584899999999915963e+03 4.312673583626747131e-02 9.465049020946025848e-03
4.586379999999915526e+03 6.898026168346405029e-02 1.032287627458572388e-02
4.587859999999915090e+03 6.733727455139160156e-02 1.024542655795812607e-02
4.589339999999914653e+03 3.925830870866775513e-02 9.491713717579841614e-03
4.590819999999914216e+03 6.385206431150436401e-02 1.015146728605031967e-02
4.592299999999913780e+03 6.906595826148986816e-02 1.007224712520837784e-02
4.593779999999913343e+03 6.571371853351593018e-02 9.979403577744960785e-03
4.595259999999912907e+03 6.861302256584167480e-02 9.964777156710624695e-03
4.596739999999912470e+03 7.032278180122375488e-02 1.007683295756578445e-02
4.598219999999912034e+03 6.986806541681289673e-02 1.007265597581863403e-02
4.599699999999911597e+03 5.310218781232833862e-02 9.501671418547630310e-03
4.601179999999911161e+03 6.170687079429626465e-02 9.808373637497425079e-03
4.602659999999910724e+03 4.588093981146812439e-02 9.298783726990222931e-03
4.604139999999910287e+03 5.013789981603622437e-02 9.359095245599746704e-03
4.605619999999909851e+03 5.778186023235321045e-02 9.687241166830062866e-03
4.607099999999909414e+03 4.602232202887535095e-02 9.383403696119785309e-03
4.608579999999908978e+03 7.962956279516220093e-02 1.029563508927822113e-02
4.610059999999908541e+03 6.140192598104476929e-02 9.906323626637458801e-03
4.611539999999908105e+03 5.913228169083595276e-02 9.804613888263702393e-03
4.613019999999907668e+03 6.303752958774566650e-02 9.680208750069141388e-03
4.614499999999907232e+03 5.457947775721549988e-02 9.462677873671054840e-03
4.615979999999906795e+03 5.241847038269042969e-02 9.480624459683895111e-03
4.617459999999906358e+03 6.455502659082412720e-02 9.639734402298927307e-03
4.618939999999905922e+03 6.116673722863197327e-02 9.509477764368057251e-03
4.620419999999905485e+03 6.306910514831542969e-02 9.701000526547431946e-03
4.621899999999905049e+03 5.271019041538238525e-02 9.406293742358684540e-03
4.623379999999904612e+03 5.677659809589385986e-02 9.478522464632987976e-03
4.624859999999904176e+03 6.621201336383819580e-02 9.689138270914554596e-03
4.626339999999903739e+03 6.187707930803298950e-02 9.725769050419330597e-03
4.627819999999903303e+03 6.876529008150100708e-02 9.803555905818939209e-03
4.629299999999902866e+03 5.554015189409255981e-02 9.406274184584617615e-03
4.630779999999902429e+03 5.476620793342590332e-02 9.414647705852985382e-03
4.632259999999901993e+03 6.954203546047210693e-02 9.832852520048618317e-03
4.633739999999901556e+03 7.567590475082397461e-02 9.741233661770820618e-03
4.635219999999901120e+03 6.990918517112731934e-02 9.642473421990871429e-03
4.636699999999900683e+03 5.648552998900413513e-02 9.261506609618663788e-03
4.638179999999900247e+03 5.923894047737121582e-02 9.156192652881145477e-03
4.639659999999899810e+03 6.708003580570220947e-02 9.391513653099536896e-03
4.641139999999899374e+03 7.198581099510192871e-02 9.668855927884578705e-03
4.642619999999898937e+03 6.487474590539932251e-02 9.378572925925254822e-03
4.644099999999898500e+03 6.962724030017852783e-02 9.415623731911182404e-03
4.645579999999898064e+03 5.583099275827407837e-02 9.046305902302265167e-03
4.647059999999897627e+03 5.471828207373619080e-02 9.008885361254215240e-03
4.648539999999897191e+03 4.670055583119392395e-02 8.742734789848327637e-03
4.650019999999896754e+03 7.813271135091781616e-02 1.113106124103069305e-02
4.651499999999896318e+03 5.763667449355125427e-02 2.602826058864593506e-02
4.652979999999895881e+03 7.076555490493774414e-02 3.409665450453758240e-02
4.654459999999895444e+03 7.271168380975723267e-02 3.605953976511955261e-02
4.655939999999895008e+03 5.102769285440444946e-02 1.115985866636037827e-02
4.657419999999894571e+03 4.553469270467758179e-02 8.949553593993186951e-03
4.658899999999894135e+03 7.203236222267150879e-02 9.875935502350330353e-03
4.660379999999893698e+03 6.458235532045364380e-02 9.545739740133285522e-03
4.661859999999893262e+03 5.271762982010841370e-02 9.226907044649124146e-03
4.663339999999892825e+03 4.286471381783485413e-02 9.000392630696296692e-03
4.664819999999892389e+03 6.868350505828857422e-02 9.435500018298625946e-03
4.666299999999891952e+03 6.595569103956222534e-02 9.195026941597461700e-03
4.667779999999891515e+03 5.292593687772750854e-02 8.928881958127021790e-03
4.669259999999891079e+03 4.473033174872398376e-02 8.894624188542366028e-03
4.670739999999890642e+03 7.320889830589294434e-02 9.640452452003955841e-03
4.672219999999890206e+03 5.702561140060424805e-02 9.206395596265792847e-03
4.673699999999889769e+03 5.667454004287719727e-02 9.218946099281311035e-03
4.675179999999889333e+03 8.137816935777664185e-02 9.846865199506282806e-03
4.676659999999888896e+03 7.397086173295974731e-02 9.616279974579811096e-03
4.678139999999888460e+03 7.821707427501678467e-02 9.568253532052040100e-03
4.679619999999888023e+03 5.777737125754356384e-02 9.098125621676445007e-03
4.681099999999887586e+03 5.516129732131958008e-02 8.898749947547912598e-03
4.682579999999887150e+03 6.606645137071609497e-02 9.311205707490444183e-03
4.684059999999886713e+03 5.825658142566680908e-02 9.063121862709522247e-03
4.685539999999886277e+03 5.748118460178375244e-02 9.242103435099124908e-03
4.687019999999885840e+03 6.063850596547126770e-02 9.124628268182277679e-03
4.688499999999885404e+03 5.625968426465988159e-02 9.047653526067733765e-03
4.689979999999884967e+03 5.835397168993949890e-02 9.120732545852661133e-03
4.691459999999884531e+03 3.557393327355384827e-02 8.535210043191909790e-03
4.692939999999884094e+03 7.050509005784988403e-02 9.291746653616428375e-03
4.694419999999883657e+03 7.401686906814575195e-02 9.339585900306701660e-03
4.695899999999883221e+03 5.686167627573013306e-02 9.116514585912227631e-03
4.697379999999882784e+03 5.735285580158233643e-02 8.794682100415229797e-03
4.698859999999882348e+03 8.077367395162582397e-02 9.297288954257965088e-03
4.700339999999881911e+03 6.677254289388656616e-02 8.980267681181430817e-03
4.701819999999881475e+03 5.832445621490478516e-02 8.760077878832817078e-03
4.703299999999881038e+03 5.605915188789367676e-02 8.645298890769481659e-03
4.704779999999880602e+03 7.207889109849929810e-02 9.197037667036056519e-03
4.706259999999880165e+03 5.291634052991867065e-02 8.731062524020671844e-03
4.707739999999879728e+03 5.341152846813201904e-02 8.830749429762363434e-03
4.709219999999879292e+03 4.320137202739715576e-02 8.507233113050460815e-03
4.710699999999878855e+03 6.832598149776458740e-02 9.169107303023338318e-03
4.712179999999878419e+03 5.200105160474777222e-02 8.778061717748641968e-03
4.713659999999877982e+03 4.739080369472503662e-02 8.637365885078907013e-03
4.715139999999877546e+03 6.632843613624572754e-02 8.927944116294384003e-03
4.716619999999877109e+03 4.102706164121627808e-02 8.263792842626571655e-03
4.718099999999876673e+03 6.333148479461669922e-02 9.058987721800804138e-03
4.719579999999876236e+03 5.272446945309638977e-02 8.660636842250823975e-03
4.721059999999875799e+03 4.412518441677093506e-02 8.321817964315414429e-03
4.722539999999875363e+03 5.110305920243263245e-02 8.496088907122612000e-03
4.724019999999874926e+03 5.232954770326614380e-02 8.641825057566165924e-03
4.725499999999874490e+03 4.956682026386260986e-02 8.592314086854457855e-03
4.726979999999874053e+03 6.041041016578674316e-02 8.660146035254001617e-03
4.728459999999873617e+03 5.482335016131401062e-02 8.477452211081981659e-03
4.729939999999873180e+03 4.222374036908149719e-02 8.236926980316638947e-03
4.731419999999872744e+03 5.100451037287712097e-02 8.527109399437904358e-03
4.732899999999872307e+03 5.435495451092720032e-02 8.478635922074317932e-03
4.734379999999871870e+03 4.263930395245552063e-02 8.167941123247146606e-03
4.735859999999871434e+03 4.740686342120170593e-02 8.346353657543659210e-03
4.737339999999870997e+03 5.170192569494247437e-02 8.533284999430179596e-03
4.738819999999870561e+03 6.012499704957008362e-02 8.577425032854080200e-03
4.740299999999870124e+03 5.734005197882652283e-02 8.467427454888820648e-03
4.741779999999869688e+03 4.189464449882507324e-02 8.152075111865997314e-03
4.743259999999869251e+03 3.915534168481826782e-02 8.110387250781059265e-03
4.744739999999868814e+03 4.344762116670608521e-02 8.136763237416744232e-03
4.746219999999868378e+03 5.900331586599349976e-02 8.514769375324249268e-03
4.747699999999867941e+03 5.489753559231758118e-02 8.491124026477336884e-03
4.749179999999867505e+03 5.253942310810089111e-02 8.400518447160720825e-03
4.750659999999867068e+03 3.538260236382484436e-02 7.849587127566337585e-03
4.752139999999866632e+03 4.665488004684448242e-02 8.261519484221935272e-03
4.753619999999866195e+03 4.661128669977188110e-02 8.227812126278877258e-03
4.755099999999865759e+03 5.797117203474044800e-02 8.477442897856235504e-03
4.756579999999865322e+03 7.485606521368026733e-02 8.865865878760814667e-03
4.758059999999864885e+03 6.433485448360443115e-02 8.606201969087123871e-03
4.759539999999864449e+03 5.174038931727409363e-02 8.373829536139965057e-03
4.761019999999864012e+03 3.975564613938331604e-02 8.012557402253150940e-03
4.762499999999863576e+03 5.255681648850440979e-02 8.228451013565063477e-03
4.763979999999863139e+03 7.322557270526885986e-02 8.761389181017875671e-03
4.765459999999862703e+03 6.487357616424560547e-02 8.563322946429252625e-03
4.766939999999862266e+03 5.129645019769668579e-02 8.323744870722293854e-03
4.768419999999861830e+03 5.185657367110252380e-02 8.305965922772884369e-03
4.769899999999861393e+03 4.674001410603523254e-02 8.075053803622722626e-03
4.771379999999860956e+03 5.445221439003944397e-02 8.460558019578456879e-03
4.772859999999860520e+03 6.082315742969512939e-02 8.682618848979473114e-03
4.774339999999860083e+03 6.095016747713088989e-02 8.695956319570541382e-03
4.775819999999859647e+03 7.911884784698486328e-02 9.018225595355033875e-03
4.777299999999859210e+03 5.311146378517150879e-02 8.407779037952423096e-03
4.778779999999858774e+03 5.267053097486495972e-02 8.372242562472820282e-03
4.780259999999858337e+03 4.766836017370223999e-02 8.199996314942836761e-03
4.781739999999857901e+03 4.352563992142677307e-02 7.985241711139678955e-03
4.783219999999857464e+03 5.296622216701507568e-02 8.214665576815605164e-03
4.784699999999857027e+03 4.955480992794036865e-02 8.184571750462055206e-03
4.786179999999856591e+03 4.366927221417427063e-02 8.027642965316772461e-03
4.787659999999856154e+03 4.234783723950386047e-02 7.952213287353515625e-03
4.789139999999855718e+03 4.368317499756813049e-02 7.982419803738594055e-03
4.790619999999855281e+03 5.657352134585380554e-02 8.462421596050262451e-03
4.792099999999854845e+03 6.272384524345397949e-02 8.648284710943698883e-03
4.793579999999854408e+03 4.375880211591720581e-02 8.145309053361415863e-03
4.795059999999853972e+03 4.450788348913192749e-02 8.141544647514820099e-03
4.796539999999853535e+03 4.821443185210227966e-02 8.280102163553237915e-03
4.798019999999853098e+03 4.872597381472587585e-02 8.157467469573020935e-03
4.799499999999852662e+03 5.335327982902526855e-02 8.275985717773437500e-03
4.800979999999852225e+03 5.948057025671005249e-02 8.353894576430320740e-03
4.802459999999851789e+03 4.536645859479904175e-02 8.070514537394046783e-03
4.803939999999851352e+03 5.776057764887809753e-02 8.439131081104278564e-03
4.805419999999850916e+03 5.063319951295852661e-02 8.286922238767147064e-03
4.806899999999850479e+03 6.075160205364227295e-02 8.450484834611415863e-03
4.808379999999850043e+03 5.555105954408645630e-02 8.223718032240867615e-03
4.809859999999849606e+03 5.856285244226455688e-02 8.410452865064144135e-03
4.811339999999849169e+03 4.956814646720886230e-02 8.307221345603466034e-03
4.812819999999848733e+03 4.783311858773231506e-02 8.163558319211006165e-03
4.814299999999848296e+03 5.668025463819503784e-02 8.514516986906528473e-03
4.815779999999847860e+03 7.269565761089324951e-02 8.970720693469047546e-03
4.817259999999847423e+03 4.536253958940505981e-02 8.516712114214897156e-03
4.818739999999846987e+03 5.103965103626251221e-02 8.676732890307903290e-03
4.820219999999846550e+03 4.285627976059913635e-02 8.402659557759761810e-03
4.821699999999846113e+03 5.536966770887374878e-02 8.636141195893287659e-03
4.823179999999845677e+03 5.075883865356445312e-02 8.551273494958877563e-03
4.824659999999845240e+03 5.136962234973907471e-02 8.499529212713241577e-03
4.826139999999844804e+03 4.867367446422576904e-02 8.418676443397998810e-03
4.827619999999844367e+03 5.062835291028022766e-02 8.472413755953311920e-03
4.829099999999843931e+03 6.282478570938110352e-02 8.833609521389007568e-03
4.830579999999843494e+03 3.178162500262260437e-02 7.974496111273765564e-03
4.832059999999843058e+03 3.416042402386665344e-02 8.184609934687614441e-03
4.833539999999842621e+03 6.973345577716827393e-02 8.986159227788448334e-03
4.835019999999842184e+03 6.559874862432479858e-02 8.822062052786350250e-03
4.836499999999841748e+03 5.725337192416191101e-02 8.628429844975471497e-03
4.837979999999841311e+03 5.743848532438278198e-02 8.704165928065776825e-03
4.839459999999840875e+03 6.427309662103652954e-02 8.792585693299770355e-03
4.840939999999840438e+03 5.935041606426239014e-02 8.607376366853713989e-03
4.842419999999840002e+03 5.558257177472114563e-02 8.453012444078922272e-03
4.843899999999839565e+03 4.473235458135604858e-02 8.162168785929679871e-03
4.845379999999839129e+03 4.427992552518844604e-02 8.187810890376567841e-03
4.846859999999838692e+03 5.756004154682159424e-02 8.530639111995697021e-03
4.848339999999838255e+03 5.833153426647186279e-02 8.284821175038814545e-03
4.849819999999837819e+03 5.615499988198280334e-02 8.248956874012947083e-03
4.851299999999837382e+03 5.342384427785873413e-02 8.361167274415493011e-03
4.852779999999836946e+03 7.086251676082611084e-02 8.743510581552982330e-03
4.854259999999836509e+03 5.413914099335670471e-02 8.221158757805824280e-03
4.855739999999836073e+03 4.349584877490997314e-02 7.679111324250698090e-03
4.857219999999835636e+03 3.363053873181343079e-02 7.401066832244396210e-03
4.858699999999835200e+03 3.860047459602355957e-02 7.587663829326629639e-03
4.860179999999834763e+03 5.056652799248695374e-02 8.105346933007240295e-03
4.861659999999834326e+03 4.821845889091491699e-02 8.001992478966712952e-03
4.863139999999833890e+03 3.712202981114387512e-02 7.461509201675653458e-03
4.864619999999833453e+03 4.487830400466918945e-02 7.654664106667041779e-03
4.866099999999833017e+03 6.299620866775512695e-02 8.295711129903793335e-03
4.867579999999832580e+03 5.023053660988807678e-02 8.044085465371608734e-03
4.869059999999832144e+03 4.151730984449386597e-02 7.829690352082252502e-03
4.870539999999831707e+03 4.636204615235328674e-02 7.769485004246234894e-03
4.872019999999831271e+03 4.005724191665649414e-02 7.501290645450353622e-03
4.873499999999830834e+03 2.706514298915863037e-01 1.240223553031682968e-02
4.874979999999830397e+03 6.291037797927856445e-01 1.739485375583171844e-02
4.876459999999829961e+03 4.920088350772857666e-01 1.568901352584362030e-02
4.877939999999829524e+03 8.373544365167617798e-02 8.837305940687656403e-03
4.879419999999829088e+03 3.090349957346916199e-02 7.670902181416749954e-03
4.880899999999828651e+03 5.913475900888442993e-02 8.386265486478805542e-03
4.882379999999828215e+03 5.916011333465576172e-02 8.368170820176601410e-03
4.883859999999827778e+03 4.891519248485565186e-02 8.057423867285251617e-03
4.885339999999827342e+03 6.734202802181243896e-02 8.446116931736469269e-03
4.886819999999826905e+03 4.600666090846061707e-02 7.914077490568161011e-03
4.888299999999826468e+03 3.673025220632553101e-02 7.659451570361852646e-03
4.889779999999826032e+03 3.937745839357376099e-02 7.759939879179000854e-03
4.891259999999825595e+03 4.354856908321380615e-02 7.769237272441387177e-03
4.892739999999825159e+03 5.016655102372169495e-02 7.942194119095802307e-03
4.894219999999824722e+03 4.567128419876098633e-02 7.945822551846504211e-03
4.895699999999824286e+03 4.352917894721031189e-02 7.922542281448841095e-03
4.897179999999823849e+03 5.674163252115249634e-02 8.205409161746501923e-03
4.898659999999823413e+03 4.173006862401962280e-02 7.735959719866514206e-03
4.900139999999822976e+03 6.647904962301254272e-02 8.264920674264431000e-03
4.901619999999822539e+03 5.366392806172370911e-02 8.034632541239261627e-03
4.903099999999822103e+03 5.041630938649177551e-02 7.904966361820697784e-03
4.904579999999821666e+03 5.208724737167358398e-02 8.032750338315963745e-03
4.906059999999821230e+03 5.716270580887794495e-02 8.145152591168880463e-03
4.907539999999820793e+03 5.559980496764183044e-02 7.968303747475147247e-03
4.909019999999820357e+03 4.504339024424552917e-02 7.659062277525663376e-03
4.910499999999819920e+03 5.078068003058433533e-02 7.870994508266448975e-03
4.911979999999819483e+03 4.801790416240692139e-02 7.890864275395870209e-03
4.913459999999819047e+03 3.922358155250549316e-02 7.759880274534225464e-03
4.914939999999818610e+03 6.114067137241363525e-02 8.184473961591720581e-03
4.916419999999818174e+03 4.749312996864318848e-02 7.743784692138433456e-03
4.917899999999817737e+03 6.774456053972244263e-02 8.130124770104885101e-03
4.919379999999817301e+03 6.105565279722213745e-02 7.849470712244510651e-03
4.920859999999816864e+03 6.036744266748428345e-02 7.939200848340988159e-03
4.922339999999816428e+03 6.062700226902961731e-02 7.979572750627994537e-03
4.923819999999815991e+03 6.713549047708511353e-02 8.113060146570205688e-03
4.925299999999815554e+03 6.759284436702728271e-02 8.225986734032630920e-03
4.926779999999815118e+03 4.360454529523849487e-02 7.746887858957052231e-03
4.928259999999814681e+03 5.118351429700851440e-02 7.884300313889980316e-03
4.929739999999814245e+03 4.994186013936996460e-02 7.798637729138135910e-03
4.931219999999813808e+03 6.415896862745285034e-02 8.067524991929531097e-03
4.932699999999813372e+03 4.042403399944305420e-02 7.482779212296009064e-03
4.934179999999812935e+03 5.383998528122901917e-02 7.854753173887729645e-03
4.935659999999812499e+03 4.896711185574531555e-02 7.856235839426517487e-03
4.937139999999812062e+03 5.494092404842376709e-02 7.974499836564064026e-03
4.938619999999811625e+03 4.764422401785850525e-02 7.645493838936090469e-03
4.940099999999811189e+03 5.776748806238174438e-02 7.897302508354187012e-03
4.941579999999810752e+03 7.090500742197036743e-02 8.316875435411930084e-03
4.943059999999810316e+03 6.577435880899429321e-02 8.223716169595718384e-03
4.944539999999809879e+03 6.467678397893905640e-02 8.117761462926864624e-03
4.946019999999809443e+03 5.052544176578521729e-02 7.797726429998874664e-03
4.947499999999809006e+03 5.645528435707092285e-02 7.847696542739868164e-03
4.948979999999808570e+03 6.080437451601028442e-02 8.059766143560409546e-03
4.950459999999808133e+03 4.347838461399078369e-02 7.665911223739385605e-03
4.951939999999807696e+03 4.521356523036956787e-02 7.785105612128973007e-03
4.953419999999807260e+03 4.900560155510902405e-02 7.879044860601425171e-03
4.954899999999806823e+03 5.267152190208435059e-02 7.796448655426502228e-03
4.956379999999806387e+03 4.806520044803619385e-02 7.479474879801273346e-03
4.957859999999805950e+03 5.836994200944900513e-02 7.849927991628646851e-03
4.959339999999805514e+03 5.133735015988349915e-02 7.824723608791828156e-03
4.960819999999805077e+03 4.454074054956436157e-02 7.667725440114736557e-03
4.962299999999804641e+03 6.191155314445495605e-02 8.226196281611919403e-03
4.963779999999804204e+03 5.387338623404502869e-02 7.888231426477432251e-03
4.965259999999803767e+03 6.302247941493988037e-02 8.168028667569160461e-03
4.966739999999803331e+03 5.131795629858970642e-02 7.843999192118644714e-03
4.968219999999802894e+03 6.457922607660293579e-02 8.233852684497833252e-03
4.969699999999802458e+03 5.445656180381774902e-02 7.972143590450286865e-03
4.971179999999802021e+03 2.584197521209716797e-01 1.193187572062015533e-02
4.972659999999801585e+03 6.646465063095092773e-01 1.738473027944564819e-02
4.974139999999801148e+03 5.479846000671386719e-01 1.599412038922309875e-02
4.975619999999800712e+03 1.271134465932846069e-01 9.512042626738548279e-03
4.977099999999800275e+03 4.680880904197692871e-02 7.754672318696975708e-03
4.978579999999799838e+03 6.092270463705062866e-02 8.116833865642547607e-03
4.980059999999799402e+03 5.691251158714294434e-02 7.964662276208400726e-03
4.981539999999798965e+03 6.897833198308944702e-02 7.923678494989871979e-03
4.983019999999798529e+03 6.071413308382034302e-02 7.729398552328348160e-03
4.984499999999798092e+03 6.400970369577407837e-02 7.948230952024459839e-03
4.985979999999797656e+03 6.481258571147918701e-02 8.058191277086734772e-03
4.987459999999797219e+03 5.701692402362823486e-02 7.956296205520629883e-03
4.988939999999796783e+03 5.285793915390968323e-02 7.789001800119876862e-03
4.990419999999796346e+03 4.910034313797950745e-02 7.654419634491205215e-03
4.991899999999795909e+03 5.917228758335113525e-02 7.952056825160980225e-03
4.993379999999795473e+03 5.825646221637725830e-02 7.942967116832733154e-03
4.994859999999795036e+03 5.757657811045646667e-02 7.993094623088836670e-03
4.996339999999794600e+03 5.460973456501960754e-02 7.954352535307407379e-03
4.997819999999794163e+03 5.809923633933067322e-02 7.928013801574707031e-03
4.999299999999793727e+03 6.566911935806274414e-02 8.017911575734615326e-03
5.000779999999793290e+03 5.816705897450447083e-02 7.853934541344642639e-03
5.002259999999792853e+03 6.251332163810729980e-02 8.090846240520477295e-03
5.003739999999792417e+03 6.092645227909088135e-02 7.989716716110706329e-03
5.005219999999791980e+03 5.373890325427055359e-02 7.871773093938827515e-03
5.006699999999791544e+03 5.171506479382514954e-02 7.776854094117879868e-03
5.008179999999791107e+03 5.604685097932815552e-02 7.794151548296213150e-03
5.009659999999790671e+03 4.834291338920593262e-02 7.565318141132593155e-03
5.011139999999790234e+03 5.762149766087532043e-02 7.761757820844650269e-03
5.012619999999789798e+03 6.354867666959762573e-02 7.831053808331489563e-03
5.014099999999789361e+03 4.684022814035415649e-02 7.530406117439270020e-03
5.015579999999788924e+03 5.969152227044105530e-02 7.844176143407821655e-03
5.017059999999788488e+03 5.219854041934013367e-02 7.638167589902877808e-03
5.018539999999788051e+03 1.937917768955230713e-01 1.055371109396219254e-02
5.020019999999787615e+03 1.411473751068115234e+00 2.423305436968803406e-02
5.021499999999787178e+03 1.912682056427001953e+00 2.779918722808361053e-02
5.022979999999786742e+03 7.497727870941162109e-01 1.805359125137329102e-02
5.024459999999786305e+03 4.990323260426521301e-02 7.554230280220508575e-03
5.025939999999785869e+03 4.756470024585723877e-02 7.453851867467164993e-03
5.027419999999785432e+03 5.353717878460884094e-02 7.556087337434291840e-03
5.028899999999784995e+03 5.892149358987808228e-02 7.697830442339181900e-03
5.030379999999784559e+03 6.908059120178222656e-02 8.025976829230785370e-03
5.031859999999784122e+03 4.802372306585311890e-02 7.595646660774946213e-03
5.033339999999783686e+03 5.509226769208908081e-02 7.648466620594263077e-03
5.034819999999783249e+03 3.991715237498283386e-02 7.191735319793224335e-03
5.036299999999782813e+03 6.166519224643707275e-02 7.738810498267412186e-03
5.037779999999782376e+03 5.707978829741477966e-02 7.621243596076965332e-03
5.039259999999781940e+03 5.981154739856719971e-02 7.562146987766027451e-03
5.040739999999781503e+03 5.328052490949630737e-02 7.447042968124151230e-03
5.042219999999781066e+03 5.040152743458747864e-02 7.561053615063428879e-03
5.043699999999780630e+03 4.884441196918487549e-02 7.579002995043992996e-03
5.045179999999780193e+03 6.452409923076629639e-02 7.909311912953853607e-03
5.046659999999779757e+03 6.683134287595748901e-02 7.835485972464084625e-03
5.048139999999779320e+03 5.674871057271957397e-02 7.539884187281131744e-03
5.049619999999778884e+03 5.230344831943511963e-02 7.441178895533084869e-03
5.051099999999778447e+03 5.238526314496994019e-02 7.440652232617139816e-03
5.052579999999778011e+03 5.407727509737014771e-02 7.598422467708587646e-03
5.054059999999777574e+03 4.431667923927307129e-02 7.412283215671777725e-03
5.055539999999777137e+03 4.605247080326080322e-02 7.416987791657447815e-03
5.057019999999776701e+03 5.754318460822105408e-02 7.611431181430816650e-03
5.058499999999776264e+03 5.412234365940093994e-02 7.610947825014591217e-03
5.059979999999775828e+03 4.699837788939476013e-02 7.462860085070133209e-03
5.061459999999775391e+03 5.991530418395996094e-02 7.839168421924114227e-03
5.062939999999774955e+03 4.657849296927452087e-02 7.429992780089378357e-03
5.064419999999774518e+03 4.226144775748252869e-02 7.288222666829824448e-03
5.065899999999774082e+03 5.111885070800781250e-02 7.478389423340559006e-03
5.067379999999773645e+03 5.150497704744338989e-02 7.441450376063585281e-03
5.068859999999773208e+03 6.557077914476394653e-02 7.794295903295278549e-03
5.070339999999772772e+03 6.404321640729904175e-02 7.740157190710306168e-03
5.071819999999772335e+03 6.680089235305786133e-02 7.829475216567516327e-03
5.073299999999771899e+03 5.424373596906661987e-02 7.585572544485330582e-03
5.074779999999771462e+03 7.133649289608001709e-02 7.935457862913608551e-03
5.076259999999771026e+03 5.978865548968315125e-02 7.608666550368070602e-03
5.077739999999770589e+03 5.210464447736740112e-02 7.378431037068367004e-03
5.079219999999770152e+03 5.924843996763229370e-02 7.486997172236442566e-03
5.080699999999769716e+03 5.409547314047813416e-02 7.374359294772148132e-03
5.082179999999769279e+03 6.444092839956283569e-02 7.725469768047332764e-03
5.083659999999768843e+03 3.759376704692840576e-02 7.179227191954851151e-03
5.085139999999768406e+03 5.367223173379898071e-02 7.568752393126487732e-03
5.086619999999767970e+03 6.109056621789932251e-02 7.723885588347911835e-03
5.088099999999767533e+03 5.562444776296615601e-02 7.535098586231470108e-03
5.089579999999767097e+03 5.388491600751876831e-02 7.506533060222864151e-03
5.091059999999766660e+03 5.520493909716606140e-02 7.572700269520282745e-03
5.092539999999766223e+03 4.780147597193717957e-02 7.434651255607604980e-03
5.094019999999765787e+03 6.176967546343803406e-02 7.756572682410478592e-03
5.095499999999765350e+03 4.965003952383995056e-02 7.394558284431695938e-03
5.096979999999764914e+03 6.629054248332977295e-02 7.713421247899532318e-03
5.098459999999764477e+03 5.802609771490097046e-02 7.396144792437553406e-03
5.099939999999764041e+03 5.910915136337280273e-02 7.490376010537147522e-03
5.101419999999763604e+03 5.778539180755615234e-02 7.570857647806406021e-03
5.102899999999763168e+03 4.807489737868309021e-02 7.415945641696453094e-03
5.104379999999762731e+03 4.265422374010086060e-02 7.239568047225475311e-03
5.105859999999762294e+03 4.129742085933685303e-02 7.196056656539440155e-03
5.107339999999761858e+03 4.406335204839706421e-02 7.198826875537633896e-03
5.108819999999761421e+03 5.194792151451110840e-02 7.335338275879621506e-03
5.110299999999760985e+03 6.114711239933967590e-02 7.536915596574544907e-03
5.111779999999760548e+03 5.381495505571365356e-02 7.422560825943946838e-03
5.113259999999760112e+03 5.667591467499732971e-02 7.485850248485803604e-03
5.114739999999759675e+03 6.048908829689025879e-02 7.616140879690647125e-03
5.116219999999759239e+03 5.080416053533554077e-02 7.449837867170572281e-03
5.117699999999758802e+03 5.043704062700271606e-02 7.439724169671535492e-03
5.119179999999758365e+03 6.363011151552200317e-02 7.748411037027835846e-03
5.120659999999757929e+03 7.227985560894012451e-02 7.825184613466262817e-03
5.122139999999757492e+03 5.536833778023719788e-02 7.327375002205371857e-03
5.123619999999757056e+03 4.754924774169921875e-02 7.114630658179521561e-03
5.125099999999756619e+03 6.261617690324783325e-02 7.489419076591730118e-03
5.126579999999756183e+03 5.291965231299400330e-02 7.376631721854209900e-03
5.128059999999755746e+03 5.040966719388961792e-02 7.412277627736330032e-03
5.129539999999755310e+03 5.444161221385002136e-02 7.558057084679603577e-03
5.131019999999754873e+03 6.134206056594848633e-02 7.709368597716093063e-03
5.132499999999754436e+03 6.703715771436691284e-02 7.867981679737567902e-03
5.133979999999754000e+03 6.030714511871337891e-02 7.769819814711809158e-03
5.135459999999753563e+03 5.398294329643249512e-02 7.576148957014083862e-03
5.136939999999753127e+03 5.704329535365104675e-02 7.592420093715190887e-03
5.138419999999752690e+03 5.089272186160087585e-02 7.451944518834352493e-03
5.139899999999752254e+03 4.778041690587997437e-02 7.422459777444601059e-03
5.141379999999751817e+03 5.247234180569648743e-02 7.570638787001371384e-03
5.142859999999751381e+03 3.575623035430908203e-02 7.091388106346130371e-03
5.144339999999750944e+03 5.527722463011741638e-02 7.554500829428434372e-03
5.145819999999750507e+03 5.423649773001670837e-02 7.503833621740341187e-03
5.147299999999750071e+03 5.724566429853439331e-02 7.597675081342458725e-03
5.148779999999749634e+03 5.221313238143920898e-02 7.506557274609804153e-03
5.150259999999749198e+03 5.758529156446456909e-02 7.695134729146957397e-03
5.151739999999748761e+03 5.325780063867568970e-02 7.558798883110284805e-03
5.153219999999748325e+03 6.183806061744689941e-02 7.688621990382671356e-03
5.154699999999747888e+03 5.696725100278854370e-02 7.577921729534864426e-03
5.156179999999747452e+03 5.600372701883316040e-02 7.536827586591243744e-03
5.157659999999747015e+03 5.677781254053115845e-02 7.512947544455528259e-03
5.159139999999746578e+03 4.863028228282928467e-02 7.370531558990478516e-03
5.160619999999746142e+03 5.683159828186035156e-02 7.563560269773006439e-03
5.162099999999745705e+03 5.592894926667213440e-02 7.505140732973814011e-03
5.163579999999745269e+03 5.800814181566238403e-02 7.571018766611814499e-03
5.165059999999744832e+03 4.812658950686454773e-02 7.193179335445165634e-03
5.166539999999744396e+03 5.555291101336479187e-02 7.206424605101346970e-03
5.168019999999743959e+03 5.259280651807785034e-02 7.153106853365898132e-03
5.169499999999743522e+03 3.525959327816963196e-02 6.674909964203834534e-03
5.170979999999743086e+03 5.039666593074798584e-02 6.986761465668678284e-03
5.172459999999742649e+03 4.371710494160652161e-02 6.864347029477357864e-03
5.173939999999742213e+03 5.704265832901000977e-02 7.501667365431785583e-03
5.175419999999741776e+03 4.932083189487457275e-02 7.355882320553064346e-03
5.176899999999741340e+03 4.527829587459564209e-02 7.272338960319757462e-03
5.178379999999740903e+03 5.072314292192459106e-02 7.346210535615682602e-03
5.179859999999740467e+03 5.976025387644767761e-02 7.391542196273803711e-03
5.181339999999740030e+03 6.471483409404754639e-02 7.268009241670370102e-03
5.182819999999739593e+03 5.831784009933471680e-02 6.970247719436883926e-03
5.184299999999739157e+03 4.740914329886436462e-02 6.962349638342857361e-03
5.185779999999738720e+03 4.354642704129219055e-02 7.150892168283462524e-03
5.187259999999738284e+03 4.935960844159126282e-02 7.459678221493959427e-03
5.188739999999737847e+03 6.230093911290168762e-02 7.765654940158128738e-03
5.190219999999737411e+03 5.732049047946929932e-02 7.461914792656898499e-03
5.191699999999736974e+03 6.199296563863754272e-02 7.447835989296436310e-03
5.193179999999736538e+03 5.025456100702285767e-02 7.252227514982223511e-03
5.194659999999736101e+03 4.888139292597770691e-02 7.166709750890731812e-03
5.196139999999735664e+03 7.155663520097732544e-02 7.951555773615837097e-03
5.197619999999735228e+03 5.387249216437339783e-02 7.691276725381612778e-03
5.199099999999734791e+03 5.231202021241188049e-02 7.672658190131187439e-03
5.200579999999734355e+03 4.787940531969070435e-02 7.502713240683078766e-03
5.202059999999733918e+03 5.180573090910911560e-02 7.574005983769893646e-03
5.203539999999733482e+03 5.475366115570068359e-02 7.469429634511470795e-03
5.205019999999733045e+03 6.450267881155014038e-02 7.468088064342737198e-03
5.206499999999732609e+03 5.946245789527893066e-02 7.388858590275049210e-03
5.207979999999732172e+03 5.678816139698028564e-02 7.302408572286367416e-03
5.209459999999731735e+03 4.731871932744979858e-02 7.138723507523536682e-03
5.210939999999731299e+03 4.679173231124877930e-02 7.210642099380493164e-03
5.212419999999730862e+03 6.034356728196144104e-02 7.526898290961980820e-03
5.213899999999730426e+03 5.818090587854385376e-02 7.442438974976539612e-03
5.215379999999729989e+03 4.991847649216651917e-02 7.312442641705274582e-03
5.216859999999729553e+03 4.579278826713562012e-02 7.287519052624702454e-03
5.218339999999729116e+03 5.379527062177658081e-02 7.490054238587617874e-03
5.219819999999728680e+03 5.034907534718513489e-02 7.425446528941392899e-03
5.221299999999728243e+03 4.707986116409301758e-02 7.307473104447126389e-03
5.222779999999727806e+03 5.128655582666397095e-02 7.419475819915533066e-03
5.224259999999727370e+03 6.594902276992797852e-02 7.659769617021083832e-03
5.225739999999726933e+03 5.063039064407348633e-02 7.066302467137575150e-03
5.227219999999726497e+03 4.169712960720062256e-02 6.905454676598310471e-03
5.228699999999726060e+03 3.981494903564453125e-02 7.039511110633611679e-03
5.230179999999725624e+03 5.099118500947952271e-02 7.378184702247381210e-03
5.231659999999725187e+03 4.531330615282058716e-02 7.133486680686473846e-03
5.233139999999724751e+03 5.221709236502647400e-02 7.263284176588058472e-03
5.234619999999724314e+03 5.415768548846244812e-02 7.322929333895444870e-03
5.236099999999723877e+03 6.537431478500366211e-02 7.676573935896158218e-03
5.237579999999723441e+03 5.718923732638359070e-02 7.663110271096229553e-03
5.239059999999723004e+03 5.189558491110801697e-02 7.490729913115501404e-03
5.240539999999722568e+03 5.557592585682868958e-02 7.362800184637308121e-03
5.242019999999722131e+03 5.222287774085998535e-02 7.179564330726861954e-03
5.243499999999721695e+03 5.015826970338821411e-02 7.260874845087528229e-03
5.244979999999721258e+03 5.802080780267715454e-02 7.384273689240217209e-03
5.246459999999720822e+03 5.446892231702804565e-02 7.346408441662788391e-03
5.247939999999720385e+03 5.280304700136184692e-02 7.332646287977695465e-03
5.249419999999719948e+03 5.902868881821632385e-02 7.407450582832098007e-03
5.250899999999719512e+03 5.644207447767257690e-02 7.267761509865522385e-03
5.252379999999719075e+03 6.487035751342773438e-02 7.433886174112558365e-03
5.253859999999718639e+03 6.076257675886154175e-02 7.571332622319459915e-03
5.255339999999718202e+03 4.535849019885063171e-02 7.354747503995895386e-03
5.256819999999717766e+03 3.755029290914535522e-02 7.115350570529699326e-03
5.258299999999717329e+03 4.894021153450012207e-02 7.191590033471584320e-03
5.259779999999716892e+03 4.868274182081222534e-02 7.107253186404705048e-03
5.261259999999716456e+03 4.622760415077209473e-02 6.963517982512712479e-03
5.262739999999716019e+03 5.433966591954231262e-02 7.070522289723157883e-03
5.264219999999715583e+03 5.218237638473510742e-02 6.927958689630031586e-03
5.265699999999715146e+03 4.434214159846305847e-02 6.748062092810869217e-03
5.267179999999714710e+03 4.885268211364746094e-02 6.789889652281999588e-03
5.268659999999714273e+03 6.203896924853324890e-02 7.123376242816448212e-03
5.270139999999713837e+03 5.624003335833549500e-02 7.153406273573637009e-03
5.271619999999713400e+03 4.501641541719436646e-02 6.987425033003091812e-03
5.273099999999712963e+03 5.446696653962135315e-02 7.271980401128530502e-03
5.274579999999712527e+03 4.800317436456680298e-02 7.236876059323549271e-03
5.276059999999712090e+03 5.994168668985366821e-02 7.578277960419654846e-03
5.277539999999711654e+03 4.715095460414886475e-02 7.218892686069011688e-03
5.279019999999711217e+03 4.490770027041435242e-02 7.072252687066793442e-03
5.280499999999710781e+03 5.339814722537994385e-02 7.193608675152063370e-03
5.281979999999710344e+03 5.370332673192024231e-02 7.046750746667385101e-03
5.283459999999709908e+03 6.108805164694786072e-02 7.279501296579837799e-03
5.284939999999709471e+03 6.082061678171157837e-02 7.342821452766656876e-03
5.286419999999709034e+03 4.124226793646812439e-02 6.998243741691112518e-03
5.287899999999708598e+03 4.532510042190551758e-02 7.042896933853626251e-03
5.289379999999708161e+03 5.377861112356185913e-02 7.255061529576778412e-03
5.290859999999707725e+03 5.315093696117401123e-02 7.353277411311864853e-03
5.292339999999707288e+03 5.076179653406143188e-02 7.315628696233034134e-03
5.293819999999706852e+03 3.619686141610145569e-02 6.842728704214096069e-03
5.295299999999706415e+03 4.532020539045333862e-02 6.971175782382488251e-03
5.296779999999705979e+03 5.915363132953643799e-02 7.358352653682231903e-03
5.298259999999705542e+03 5.985344946384429932e-02 7.439076434820890427e-03
5.299739999999705105e+03 5.194123089313507080e-02 7.160966750234365463e-03
5.301219999999704669e+03 4.489334672689437866e-02 6.981940940022468567e-03
5.302699999999704232e+03 5.648380517959594727e-02 7.389509584754705429e-03
5.304179999999703796e+03 6.469468027353286743e-02 7.598734460771083832e-03
5.305659999999703359e+03 7.860580831766128540e-02 7.880632765591144562e-03
5.307139999999702923e+03 6.399413198232650757e-02 7.563450839370489120e-03
5.308619999999702486e+03 4.926232248544692993e-02 7.252363488078117371e-03
5.310099999999702050e+03 5.755746364593505859e-02 7.521160412579774857e-03
5.311579999999701613e+03 5.282056704163551331e-02 7.452500518411397934e-03
5.313059999999701176e+03 3.198196738958358765e-02 6.829816382378339767e-03
5.314539999999700740e+03 5.435645207762718201e-02 7.267465814948081970e-03
5.316019999999700303e+03 4.898587241768836975e-02 7.170768920332193375e-03
5.317499999999699867e+03 6.036364659667015076e-02 7.476837374269962311e-03
5.318979999999699430e+03 5.148131772875785828e-02 7.243429310619831085e-03
5.320459999999698994e+03 6.508082151412963867e-02 7.599230390042066574e-03
5.321939999999698557e+03 4.438305273652076721e-02 7.186427712440490723e-03
5.323419999999698121e+03 5.507602542638778687e-02 7.426282856613397598e-03
5.324899999999697684e+03 4.766765609383583069e-02 7.219248916953802109e-03
5.326379999999697247e+03 4.680432006716728210e-02 6.970545276999473572e-03
5.327859999999696811e+03 5.637209489941596985e-02 7.332979701459407806e-03
5.329339999999696374e+03 5.140457674860954285e-02 7.465026807039976120e-03
5.330819999999695938e+03 6.188639998435974121e-02 7.708822842687368393e-03
5.332299999999695501e+03 5.578942969441413879e-02 7.373530417680740356e-03
5.333779999999695065e+03 4.789672791957855225e-02 7.180204614996910095e-03
5.335259999999694628e+03 5.401410162448883057e-02 7.342651020735502243e-03
5.336739999999694192e+03 5.550829693675041199e-02 7.317243143916130066e-03
5.338219999999693755e+03 4.214603453874588013e-02 6.913968361914157867e-03
5.339699999999693318e+03 4.791276156902313232e-02 6.981449201703071594e-03
5.341179999999692882e+03 5.925040692090988159e-02 7.346719037741422653e-03
5.342659999999692445e+03 4.464228451251983643e-02 7.068295963108539581e-03
5.344139999999692009e+03 4.265219345688819885e-02 7.036527618765830994e-03
5.345619999999691572e+03 5.152074247598648071e-02 7.191922049969434738e-03
5.347099999999691136e+03 4.903597757220268250e-02 7.206547074019908905e-03
5.348579999999690699e+03 5.299974977970123291e-02 7.329656276851892471e-03
5.350059999999690262e+03 5.733585730195045471e-02 7.377840578556060791e-03
5.351539999999689826e+03 4.823027923703193665e-02 7.095118518918752670e-03
5.353019999999689389e+03 5.097825080156326294e-02 7.153157610446214676e-03
5.354499999999688953e+03 5.654468387365341187e-02 7.326514925807714462e-03
5.355979999999688516e+03 4.675737395882606506e-02 7.004808634519577026e-03
5.357459999999688080e+03 6.360194087028503418e-02 7.451642770320177078e-03
5.358939999999687643e+03 5.665870383381843567e-02 7.286814041435718536e-03
5.360419999999687207e+03 5.533139035105705261e-02 7.213953882455825806e-03
5.361899999999686770e+03 6.108145043253898621e-02 7.306515704840421677e-03
5.363379999999686333e+03 4.455330222845077515e-02 6.920292973518371582e-03
5.364859999999685897e+03 4.839856922626495361e-02 7.066180929541587830e-03
5.366339999999685460e+03 4.987544938921928406e-02 7.203005719929933548e-03
5.367819999999685024e+03 5.776455253362655640e-02 7.377036847174167633e-03
5.369299999999684587e+03 5.275789275765419006e-02 7.142280694097280502e-03
5.370779999999684151e+03 5.751571804285049438e-02 7.227853406220674515e-03
5.372259999999683714e+03 5.010741949081420898e-02 7.134523242712020874e-03
5.373739999999683278e+03 6.215221807360649109e-02 7.453786674886941910e-03
5.375219999999682841e+03 6.040534749627113342e-02 7.341249380260705948e-03
5.376699999999682404e+03 4.636850953102111816e-02 6.958260200917720795e-03
5.378179999999681968e+03 6.026860699057579041e-02 7.321118377149105072e-03
5.379659999999681531e+03 5.739558115601539612e-02 7.202635984867811203e-03
5.381139999999681095e+03 5.024497956037521362e-02 7.029137574136257172e-03
5.382619999999680658e+03 4.497819393873214722e-02 6.944856140762567520e-03
5.384099999999680222e+03 4.047712311148643494e-02 6.912296172231435776e-03
5.385579999999679785e+03 5.125736817717552185e-02 7.153956685215234756e-03
5.387059999999679349e+03 4.756983369588851929e-02 7.069205865263938904e-03
5.388539999999678912e+03 5.359375849366188049e-02 7.170774973928928375e-03
5.390019999999678475e+03 5.665676668286323547e-02 7.256502285599708557e-03
5.391499999999678039e+03 5.045119673013687134e-02 7.039790507405996323e-03
5.392979999999677602e+03 4.404852911829948425e-02 6.866864860057830811e-03
5.394459999999677166e+03 4.657332599163055420e-02 6.896550767123699188e-03
5.395939999999676729e+03 5.165229365229606628e-02 6.943892687559127808e-03
5.397419999999676293e+03 6.092661619186401367e-02 7.194908335804939270e-03
5.398899999999675856e+03 4.680876806378364563e-02 6.785310339182615280e-03
5.400379999999675420e+03 5.897364765405654907e-02 7.101372350007295609e-03
5.401859999999674983e+03 6.602976471185684204e-02 7.254215888679027557e-03
5.403339999999674546e+03 6.586791574954986572e-02 7.186159957200288773e-03
5.404819999999674110e+03 6.219108775258064270e-02 7.165098562836647034e-03
5.406299999999673673e+03 5.628427490592002869e-02 7.131900638341903687e-03
5.407779999999673237e+03 5.699886381626129150e-02 7.156814448535442352e-03
5.409259999999672800e+03 5.747628211975097656e-02 7.187976967543363571e-03
5.410739999999672364e+03 4.361973330378532410e-02 6.928247399628162384e-03
5.412219999999671927e+03 4.081778600811958313e-02 6.866748910397291183e-03
5.413699999999671491e+03 4.280827194452285767e-02 6.854372564703226089e-03
5.415179999999671054e+03 5.181120336055755615e-02 7.134078070521354675e-03
5.416659999999670617e+03 5.914542078971862793e-02 7.278262637555599213e-03
5.418139999999670181e+03 5.172695964574813843e-02 7.037919480353593826e-03
5.419619999999669744e+03 4.779101163148880005e-02 6.953628733754158020e-03
5.421099999999669308e+03 5.487331002950668335e-02 7.038979791104793549e-03
5.422579999999668871e+03 5.802065506577491760e-02 7.051786873489618301e-03
5.424059999999668435e+03 6.462359428405761719e-02 7.202112581580877304e-03
5.425539999999667998e+03 5.448440089821815491e-02 7.039606571197509766e-03
5.427019999999667561e+03 6.791161745786666870e-02 7.340972777456045151e-03
5.428499999999667125e+03 6.475601345300674438e-02 7.239937782287597656e-03
5.429979999999666688e+03 5.239059776067733765e-02 7.042022421956062317e-03
5.431459999999666252e+03 4.627712815999984741e-02 6.904640700668096542e-03
5.432939999999665815e+03 5.332219228148460388e-02 7.065700832754373550e-03
5.434419999999665379e+03 4.745703563094139099e-02 6.963565945625305176e-03
5.435899999999664942e+03 4.668878018856048584e-02 7.009258028119802475e-03
5.437379999999664506e+03 6.090884655714035034e-02 7.340891752392053604e-03
5.438859999999664069e+03 4.763365536928176880e-02 7.019552402198314667e-03
5.440339999999663632e+03 4.731135815382003784e-02 6.969282403588294983e-03
5.441819999999663196e+03 5.376803874969482422e-02 7.052706088870763779e-03
5.443299999999662759e+03 5.127230659127235413e-02 6.958186626434326172e-03
5.444779999999662323e+03 4.105532541871070862e-02 6.684807594865560532e-03
5.446259999999661886e+03 5.959639325737953186e-02 7.069325540214776993e-03
5.447739999999661450e+03 6.743302196264266968e-02 7.292433176189661026e-03
5.449219999999661013e+03 5.053026601672172546e-02 6.955183111131191254e-03
5.450699999999660577e+03 5.582443997263908386e-02 7.142818532884120941e-03
5.452179999999660140e+03 4.348978400230407715e-02 6.816576700657606125e-03
5.453659999999659703e+03 5.439566075801849365e-02 6.984311155974864960e-03
5.455139999999659267e+03 3.590846434235572815e-02 6.622219458222389221e-03
5.456619999999658830e+03 4.615280032157897949e-02 6.922541186213493347e-03
5.458099999999658394e+03 4.449938237667083740e-02 7.019197568297386169e-03
5.459579999999657957e+03 5.632403120398521423e-02 7.302945479750633240e-03
5.461059999999657521e+03 5.357885360717773438e-02 7.192783989012241364e-03
5.462539999999657084e+03 4.551817476749420166e-02 6.916233338415622711e-03
5.464019999999656648e+03 5.245374888181686401e-02 7.098670583218336105e-03
5.465499999999656211e+03 6.280414760112762451e-02 7.314300630241632462e-03
5.466979999999655774e+03 4.262107238173484802e-02 6.927068345248699188e-03
5.468459999999655338e+03 2.971733361482620239e-02 6.576214917004108429e-03
5.469939999999654901e+03 5.205691978335380554e-02 6.983782164752483368e-03
5.471419999999654465e+03 6.121706217527389526e-02 7.248768117278814316e-03
5.472899999999654028e+03 5.145291239023208618e-02 7.021822035312652588e-03
5.474379999999653592e+03 4.420692101120948792e-02 6.788846570998430252e-03
5.475859999999653155e+03 5.033428966999053955e-02 6.865451112389564514e-03
5.477339999999652719e+03 5.680809915065765381e-02 7.050798274576663971e-03
5.478819999999652282e+03 5.233770981431007385e-02 6.994641385972499847e-03
5.480299999999651845e+03 4.576192423701286316e-02 6.841277703642845154e-03
5.481779999999651409e+03 4.962061345577239990e-02 6.914760917425155640e-03
5.483259999999650972e+03 5.224227532744407654e-02 7.071352563798427582e-03
5.484739999999650536e+03 5.704999715089797974e-02 7.209644187241792679e-03
5.486219999999650099e+03 5.330745503306388855e-02 7.089311257004737854e-03
5.487699999999649663e+03 5.285596102476119995e-02 7.071853615343570709e-03
5.489179999999649226e+03 5.674413591623306274e-02 7.185656577348709106e-03
5.490659999999648790e+03 6.714859604835510254e-02 7.458366453647613525e-03
5.492139999999648353e+03 4.889709874987602234e-02 6.978625431656837463e-03
5.493619999999647916e+03 4.869364202022552490e-02 6.982916966080665588e-03
5.495099999999647480e+03 5.220225825905799866e-02 7.106879260390996933e-03
5.496579999999647043e+03 4.532655701041221619e-02 7.079645991325378418e-03
5.498059999999646607e+03 3.314985334873199463e-02 6.787266116589307785e-03
5.499539999999646170e+03 5.450834706425666809e-02 7.236947305500507355e-03
5.501019999999645734e+03 5.797076970338821411e-02 7.257171440869569778e-03
5.502499999999645297e+03 4.393259808421134949e-02 6.905238144099712372e-03
5.503979999999644861e+03 4.465175792574882507e-02 6.962223444133996964e-03
5.505459999999644424e+03 5.854538083076477051e-02 7.221125066280364990e-03
5.506939999999643987e+03 5.989743396639823914e-02 7.294037379324436188e-03
5.508419999999643551e+03 5.901396274566650391e-02 7.163598202168941498e-03
5.509899999999643114e+03 4.508431628346443176e-02 6.874188780784606934e-03
5.511379999999642678e+03 5.570296198129653931e-02 7.121516391634941101e-03
5.512859999999642241e+03 4.642250016331672668e-02 6.881527137011289597e-03
5.514339999999641805e+03 5.645091459155082703e-02 7.178913801908493042e-03
5.515819999999641368e+03 5.155422911047935486e-02 7.025280501693487167e-03
5.517299999999640931e+03 5.458983406424522400e-02 7.210114970803260803e-03
5.518779999999640495e+03 4.119627177715301514e-02 6.867214106023311615e-03
5.520259999999640058e+03 4.703925177454948425e-02 7.000548299401998520e-03
5.521739999999639622e+03 4.007911682128906250e-02 6.879738997668027878e-03
5.523219999999639185e+03 4.773206636309623718e-02 7.022563833743333817e-03
5.524699999999638749e+03 5.266030877828598022e-02 7.103856187313795090e-03
5.526179999999638312e+03 4.736142605543136597e-02 6.875330116599798203e-03
5.527659999999637876e+03 5.299212411046028137e-02 6.989760790020227432e-03
5.529139999999637439e+03 6.179178506135940552e-02 7.281462661921977997e-03
5.530619999999637002e+03 5.080692842602729797e-02 7.082499098032712936e-03
5.532099999999636566e+03 5.447946488857269287e-02 7.186247035861015320e-03
5.533579999999636129e+03 6.065690889954566956e-02 7.222061976790428162e-03
5.535059999999635693e+03 4.523734003305435181e-02 6.890150718390941620e-03
5.536539999999635256e+03 4.676969349384307861e-02 6.991935893893241882e-03
5.538019999999634820e+03 5.582400038838386536e-02 7.297303527593612671e-03
5.539499999999634383e+03 8.054628223180770874e-02 1.497115008533000946e-02
5.540979999999633947e+03 6.930554658174514771e-02 1.934360340237617493e-02
5.542459999999633510e+03 4.098393023014068604e-02 1.142152491956949234e-02
5.543939999999633073e+03 4.483973234891891479e-02 7.177298888564109802e-03
5.545419999999632637e+03 5.236732959747314453e-02 7.167616393417119980e-03
5.546899999999632200e+03 4.668235033750534058e-02 6.961687933653593063e-03
5.548379999999631764e+03 3.720105811953544617e-02 6.800639443099498749e-03
5.549859999999631327e+03 5.139925703406333923e-02 7.082307245582342148e-03
5.551339999999630891e+03 5.283268541097640991e-02 7.087581790983676910e-03
5.552819999999630454e+03 4.846013337373733521e-02 6.920597516000270844e-03
5.554299999999630018e+03 5.950567498803138733e-02 7.231000810861587524e-03
5.555779999999629581e+03 4.735687375068664551e-02 7.003878243267536163e-03
5.557259999999629144e+03 4.501844197511672974e-02 6.894747260957956314e-03
5.558739999999628708e+03 4.787221923470497131e-02 7.020647637546062469e-03
5.560219999999628271e+03 5.793986842036247253e-02 7.286531385034322739e-03
5.561699999999627835e+03 5.693612247705459595e-02 7.457306608557701111e-03
5.563179999999627398e+03 5.111605301499366760e-02 7.497508078813552856e-03
5.564659999999626962e+03 4.159651696681976318e-02 7.144217845052480698e-03
5.566139999999626525e+03 5.107634887099266052e-02 7.166465278714895248e-03
5.567619999999626089e+03 5.294608324766159058e-02 7.302222307771444321e-03
5.569099999999625652e+03 3.440382331609725952e-02 6.969451904296875000e-03
5.570579999999625215e+03 4.937282949686050415e-02 7.230223156511783600e-03
5.572059999999624779e+03 5.468152835965156555e-02 7.112144958227872849e-03
5.573539999999624342e+03 -6.741145998239517212e-02 7.209057454019784927e-03
5.575019999999623906e+03 1.162362247705459595e-01 4.174930602312088013e-02
5.576499999999623469e+03 8.923438936471939087e-02 5.397044867277145386e-02
5.577979999999623033e+03 -3.110300004482269287e-01 3.948009759187698364e-02
5.579459999999622596e+03 -9.805820137262344360e-02 1.005957741290330887e-02
5.580939999999622160e+03 3.621281310915946960e-02 6.941579747945070267e-03
5.582419999999621723e+03 4.209371656179428101e-02 6.924026645720005035e-03
5.583899999999621286e+03 4.343684017658233643e-02 7.001540623605251312e-03
5.585379999999620850e+03 5.696962773799896240e-02 7.206359412521123886e-03
5.586859999999620413e+03 5.199218541383743286e-02 7.262392435222864151e-03
5.588339999999619977e+03 5.626916512846946716e-02 7.432876154780387878e-03
5.589819999999619540e+03 5.322851613163948059e-02 7.244211155921220779e-03
5.591299999999619104e+03 6.130646541714668274e-02 7.215931545943021774e-03
5.592779999999618667e+03 5.815147981047630310e-02 7.063378579914569855e-03
5.594259999999618231e+03 5.678962171077728271e-02 7.076124195009469986e-03
5.595739999999617794e+03 6.646129488945007324e-02 7.344721350818872452e-03
5.597219999999617357e+03 5.359349772334098816e-02 7.060138043016195297e-03
5.598699999999616921e+03 5.125673860311508179e-02 6.915895733982324600e-03
5.600179999999616484e+03 4.899375140666961670e-02 6.882326211780309677e-03
5.601659999999616048e+03 6.560355424880981445e-02 7.245085667818784714e-03
5.603139999999615611e+03 5.693579465150833130e-02 7.375861518085002899e-03
5.604619999999615175e+03 6.096114590764045715e-02 7.630256004631519318e-03
5.606099999999614738e+03 5.243423581123352051e-02 7.294961716979742050e-03
5.607579999999614301e+03 5.011780187487602234e-02 7.073313929140567780e-03
5.609059999999613865e+03 5.595715343952178955e-02 7.179362233728170395e-03
5.610539999999613428e+03 5.419360101222991943e-02 7.081345655024051666e-03
5.612019999999612992e+03 3.503070771694183350e-02 6.616764701902866364e-03
5.613499999999612555e+03 4.037806391716003418e-02 6.723286118358373642e-03
5.614979999999612119e+03 5.333651974797248840e-02 6.969073321670293808e-03
5.616459999999611682e+03 5.051022768020629883e-02 7.026676088571548462e-03
5.617939999999611246e+03 5.048527568578720093e-02 7.044338621199131012e-03
5.619419999999610809e+03 4.890791326761245728e-02 6.862688809633255005e-03
5.620899999999610372e+03 5.158276110887527466e-02 7.093535270541906357e-03
5.622379999999609936e+03 6.189049780368804932e-02 7.478815503418445587e-03
5.623859999999609499e+03 4.808770865201950073e-02 7.145565003156661987e-03
5.625339999999609063e+03 4.814090579748153687e-02 6.916970014572143555e-03
5.626819999999608626e+03 3.718112409114837646e-02 6.607366260141134262e-03
5.628299999999608190e+03 4.838778451085090637e-02 6.907307542860507965e-03
5.629779999999607753e+03 6.333105266094207764e-02 7.267307490110397339e-03
5.631259999999607317e+03 6.021565198898315430e-02 7.224001456052064896e-03
5.632739999999606880e+03 4.450630024075508118e-02 6.830129772424697876e-03
5.634219999999606443e+03 4.700597375631332397e-02 6.815611384809017181e-03
5.635699999999606007e+03 5.298447608947753906e-02 6.983154918998479843e-03
5.637179999999605570e+03 5.331575497984886169e-02 7.053102366626262665e-03
5.638659999999605134e+03 5.260041356086730957e-02 7.041292265057563782e-03
5.640139999999604697e+03 5.266385525465011597e-02 6.978135555982589722e-03
5.641619999999604261e+03 6.184493750333786011e-02 7.168161682784557343e-03
5.643099999999603824e+03 6.230462342500686646e-02 7.288269698619842529e-03
5.644579999999603388e+03 4.590604826807975769e-02 6.984925828874111176e-03
5.646059999999602951e+03 4.191754758358001709e-02 6.807162892073392868e-03
5.647539999999602514e+03 4.831643402576446533e-02 6.806333083659410477e-03
5.649019999999602078e+03 4.947042092680931091e-02 6.797027774155139923e-03
5.650499999999601641e+03 4.655002802610397339e-02 6.784662604331970215e-03
5.651979999999601205e+03 4.810185730457305908e-02 6.810138933360576630e-03
5.653459999999600768e+03 4.531281441450119019e-02 6.698065437376499176e-03
5.654939999999600332e+03 5.093132704496383667e-02 6.818761583417654037e-03
5.656419999999599895e+03 4.949880018830299377e-02 6.741689518094062805e-03
5.657899999999599459e+03 3.830703347921371460e-02 6.475622300058603287e-03
5.659379999999599022e+03 5.932321399450302124e-02 7.010578177869319916e-03
5.660859999999598585e+03 6.644749641418457031e-02 7.172110956162214279e-03
5.662339999999598149e+03 4.608263075351715088e-02 6.683778017759323120e-03
5.663819999999597712e+03 5.328433960676193237e-02 6.894669495522975922e-03
5.665299999999597276e+03 6.105609983205795288e-02 7.038336712867021561e-03
5.666779999999596839e+03 6.337897479534149170e-02 7.115115877240896225e-03
5.668259999999596403e+03 5.028827488422393799e-02 6.862066220492124557e-03
5.669739999999595966e+03 5.788329616189002991e-02 7.019374053925275803e-03
5.671219999999595530e+03 5.555247515439987183e-02 6.987560540437698364e-03
5.672699999999595093e+03 3.578719124197959900e-02 6.464327219873666763e-03
5.674179999999594656e+03 3.954518958926200867e-02 6.596607156097888947e-03
5.675659999999594220e+03 4.316436126828193665e-02 6.757659371942281723e-03
5.677139999999593783e+03 5.343582481145858765e-02 6.976827513426542282e-03
5.678619999999593347e+03 5.633673071861267090e-02 7.051299326121807098e-03
5.680099999999592910e+03 4.689037799835205078e-02 6.804111879318952560e-03
5.681579999999592474e+03 4.855779558420181274e-02 6.788556929677724838e-03
5.683059999999592037e+03 5.724665150046348572e-02 7.011560257524251938e-03
5.684539999999591600e+03 4.921322688460350037e-02 6.868922617286443710e-03
5.686019999999591164e+03 4.633167386054992676e-02 6.768164690583944321e-03
5.687499999999590727e+03 5.537476390600204468e-02 6.966121494770050049e-03
5.688979999999590291e+03 5.377630144357681274e-02 6.969056557863950729e-03
5.690459999999589854e+03 5.854672193527221680e-02 7.161148358136415482e-03
5.691939999999589418e+03 5.827460438013076782e-02 7.143151480704545975e-03
5.693419999999588981e+03 4.729682579636573792e-02 6.848499178886413574e-03
5.694899999999588545e+03 4.906076565384864807e-02 6.927001290023326874e-03
5.696379999999588108e+03 6.452859938144683838e-02 7.305535487830638885e-03
5.697859999999587671e+03 4.881548136472702026e-02 7.001336198300123215e-03
5.699339999999587235e+03 3.975346684455871582e-02 6.742578931152820587e-03
5.700819999999586798e+03 4.881514608860015869e-02 6.981118116527795792e-03
5.702299999999586362e+03 4.788416996598243713e-02 6.978133227676153183e-03
5.703779999999585925e+03 3.836401551961898804e-02 6.709847599267959595e-03
5.705259999999585489e+03 4.595695436000823975e-02 6.844570860266685486e-03
5.706739999999585052e+03 3.681434690952301025e-02 6.598809733986854553e-03
5.708219999999584616e+03 4.295479878783226013e-02 6.654734723269939423e-03
5.709699999999584179e+03 5.010395497083663940e-02 6.866330746561288834e-03
5.711179999999583742e+03 4.938889667391777039e-02 6.931387819349765778e-03
5.712659999999583306e+03 5.196829885244369507e-02 6.985180079936981201e-03
5.714139999999582869e+03 3.766177967190742493e-02 6.616745609790086746e-03
5.715619999999582433e+03 3.933979570865631104e-02 6.700268015265464783e-03
5.717099999999581996e+03 4.851011931896209717e-02 6.927018053829669952e-03
5.718579999999581560e+03 4.141438379883766174e-02 6.808971054852008820e-03
5.720059999999581123e+03 3.149465471506118774e-02 6.572702433913946152e-03
5.721539999999580687e+03 4.610876366496086121e-02 6.902201566845178604e-03
5.723019999999580250e+03 4.611647874116897583e-02 6.930261384695768356e-03
5.724499999999579813e+03 4.556759819388389587e-02 6.947043351829051971e-03
5.725979999999579377e+03 4.199512302875518799e-02 6.834820844233036041e-03
5.727459999999578940e+03 3.823257237672805786e-02 6.673172116279602051e-03
5.728939999999578504e+03 4.765748605132102966e-02 6.892431061714887619e-03
5.730419999999578067e+03 3.413162007927894592e-02 6.542891729623079300e-03
5.731899999999577631e+03 3.878924995660781860e-02 6.665715016424655914e-03
5.733379999999577194e+03 4.693813994526863098e-02 6.887254305183887482e-03
5.734859999999576758e+03 4.964306205511093140e-02 6.891541648656129837e-03
5.736339999999576321e+03 5.743172764778137207e-02 7.069237064570188522e-03
5.737819999999575884e+03 4.365581646561622620e-02 6.721190176904201508e-03
5.739299999999575448e+03 4.943886399269104004e-02 6.865320727229118347e-03
5.740779999999575011e+03 5.967500433325767517e-02 7.117150351405143738e-03
5.742259999999574575e+03 4.075340554118156433e-02 6.762276403605937958e-03
5.743739999999574138e+03 3.610591962933540344e-02 6.616920232772827148e-03
5.745219999999573702e+03 4.145849868655204773e-02 6.684164516627788544e-03
5.746699999999573265e+03 4.351002722978591919e-02 6.714486982673406601e-03
5.748179999999572829e+03 3.595841675996780396e-02 6.515908055007457733e-03
5.749659999999572392e+03 3.724194318056106567e-02 6.523624062538146973e-03
5.751139999999571955e+03 4.026252776384353638e-02 6.624252069741487503e-03
5.752619999999571519e+03 5.376773700118064880e-02 6.907525472342967987e-03
5.754099999999571082e+03 5.880558490753173828e-02 7.006375584751367569e-03
5.755579999999570646e+03 5.556638538837432861e-02 6.997450254857540131e-03
5.757059999999570209e+03 6.151170656085014343e-02 7.158717140555381775e-03
5.758539999999569773e+03 4.785544052720069885e-02 6.832531653344631195e-03
5.760019999999569336e+03 4.122044146060943604e-02 6.588975433260202408e-03
5.761499999999568900e+03 4.361817985773086548e-02 6.624864879995584488e-03
5.762979999999568463e+03 3.680471330881118774e-02 6.535954773426055908e-03
5.764459999999568026e+03 3.436782956123352051e-02 6.557258777320384979e-03
5.765939999999567590e+03 3.792453184723854065e-02 6.642493885010480881e-03
5.767419999999567153e+03 3.719133511185646057e-02 6.604857742786407471e-03
5.768899999999566717e+03 5.599439516663551331e-02 7.035928312689065933e-03
5.770379999999566280e+03 4.658417031168937683e-02 6.823005620390176773e-03
5.771859999999565844e+03 3.414756432175636292e-02 6.515169516205787659e-03
5.773339999999565407e+03 4.732953757047653198e-02 6.832051090896129608e-03
5.774819999999564970e+03 3.835989162325859070e-02 6.565769668668508530e-03
5.776299999999564534e+03 3.624998033046722412e-02 6.493701599538326263e-03
5.777779999999564097e+03 4.286994040012359619e-02 6.668172311037778854e-03
5.779259999999563661e+03 4.922197759151458740e-02 6.757159251719713211e-03
5.780739999999563224e+03 3.992028906941413879e-02 6.533020641654729843e-03
5.782219999999562788e+03 5.153460800647735596e-02 6.800775881856679916e-03
5.783699999999562351e+03 4.710994288325309753e-02 6.674801930785179138e-03
5.785179999999561915e+03 3.424395248293876648e-02 6.345642730593681335e-03
5.786659999999561478e+03 4.746057093143463135e-02 6.715266965329647064e-03
5.788139999999561041e+03 5.041717737913131714e-02 6.864101625978946686e-03
5.789619999999560605e+03 3.877437114715576172e-02 6.597995758056640625e-03
5.791099999999560168e+03 4.054610431194305420e-02 6.608145777136087418e-03
5.792579999999559732e+03 4.258932173252105713e-02 6.665975786745548248e-03
5.794059999999559295e+03 3.766775503754615784e-02 6.579718552529811859e-03
5.795539999999558859e+03 3.805324062705039978e-02 6.594433914870023727e-03
5.797019999999558422e+03 3.442787006497383118e-02 6.460884585976600647e-03
5.798499999999557986e+03 5.563958361744880676e-02 6.873062346130609512e-03
5.799979999999557549e+03 5.980790778994560242e-02 6.997835822403430939e-03
5.801459999999557112e+03 4.046597331762313843e-02 6.576911546289920807e-03
5.802939999999556676e+03 4.724656790494918823e-02 6.661091931164264679e-03
5.804419999999556239e+03 5.642686784267425537e-02 6.863438058644533157e-03
5.805899999999555803e+03 4.955622553825378418e-02 6.757119204849004745e-03
5.807379999999555366e+03 4.609517380595207214e-02 6.642993073910474777e-03
5.808859999999554930e+03 4.164186865091323853e-02 6.533981300890445709e-03
5.810339999999554493e+03 5.083341524004936218e-02 6.814804859459400177e-03
5.811819999999554057e+03 4.778261855244636536e-02 6.748183630406856537e-03
5.813299999999553620e+03 3.893141075968742371e-02 6.484053563326597214e-03
5.814779999999553183e+03 4.305712133646011353e-02 6.595629267394542694e-03
5.816259999999552747e+03 4.406967759132385254e-02 6.619822233915328979e-03
5.817739999999552310e+03 4.503032937645912170e-02 6.647803355008363724e-03
5.819219999999551874e+03 4.540228843688964844e-02 6.681364960968494415e-03
5.820699999999551437e+03 5.696925520896911621e-02 6.944324355572462082e-03
5.822179999999551001e+03 6.014474481344223022e-02 6.996933370828628540e-03
5.823659999999550564e+03 5.391442030668258667e-02 6.837195251137018204e-03
5.825139999999550128e+03 4.878075793385505676e-02 6.712647154927253723e-03
5.826619999999549691e+03 4.317053779959678650e-02 6.562605034559965134e-03
5.828099999999549254e+03 5.127063766121864319e-02 6.726803258061408997e-03
5.829579999999548818e+03 4.053576663136482239e-02 6.464374251663684845e-03
5.831059999999548381e+03 4.711103439331054688e-02 6.631940137594938278e-03
5.832539999999547945e+03 4.736917093396186829e-02 6.674027536064386368e-03
5.834019999999547508e+03 4.909855872392654419e-02 6.739319767802953720e-03
5.835499999999547072e+03 5.733183771371841431e-02 6.916768383234739304e-03
5.836979999999546635e+03 3.643021732568740845e-02 6.416016258299350739e-03
5.838459999999546199e+03 3.824321180582046509e-02 6.445403210818767548e-03
5.839939999999545762e+03 4.859994351863861084e-02 6.707742344588041306e-03
5.841419999999545325e+03 5.200393125414848328e-02 6.812896579504013062e-03
5.842899999999544889e+03 4.429676011204719543e-02 6.638745311647653580e-03
5.844379999999544452e+03 4.478474333882331848e-02 6.605875678360462189e-03
5.845859999999544016e+03 5.113939940929412842e-02 6.680859252810478210e-03
5.847339999999543579e+03 4.855351895093917847e-02 6.619924213737249374e-03
5.848819999999543143e+03 5.292251706123352051e-02 6.700038444250822067e-03
5.850299999999542706e+03 4.855086654424667358e-02 6.574055179953575134e-03
5.851779999999542270e+03 4.383651912212371826e-02 6.473630666732788086e-03
5.853259999999541833e+03 5.079187825322151184e-02 6.669603288173675537e-03
5.854739999999541396e+03 4.233778268098831177e-02 6.450242828577756882e-03
5.856219999999540960e+03 3.669046610593795776e-02 6.277083884924650192e-03
5.857699999999540523e+03 5.354517698287963867e-02 6.689778529107570648e-03
5.859179999999540087e+03 5.112241581082344055e-02 6.669148802757263184e-03
5.860659999999539650e+03 4.092057794332504272e-02 6.474109366536140442e-03
5.862139999999539214e+03 3.879401460289955139e-02 6.564632058143615723e-03
5.863619999999538777e+03 5.067807808518409729e-02 7.252038922160863876e-03
5.865099999999538340e+03 5.014453083276748657e-02 7.816243916749954224e-03
5.866579999999537904e+03 5.515713617205619812e-02 8.053577505052089691e-03
5.868059999999537467e+03 5.978070572018623352e-02 7.744842208921909332e-03
5.869539999999537031e+03 4.558133333921432495e-02 7.026014849543571472e-03
5.871019999999536594e+03 4.805975407361984253e-02 6.930411793291568756e-03
5.872499999999536158e+03 5.211710929870605469e-02 7.085454184561967850e-03
5.873979999999535721e+03 5.539074912667274475e-02 7.155277300626039505e-03
5.875459999999535285e+03 3.584744036197662354e-02 6.580956280231475830e-03
5.876939999999534848e+03 4.034551978111267090e-02 6.578511092811822891e-03
5.878419999999534411e+03 4.255278781056404114e-02 6.611851043999195099e-03
5.879899999999533975e+03 4.869752749800682068e-02 6.834280211478471756e-03
5.881379999999533538e+03 5.365252494812011719e-02 7.019153330475091934e-03
5.882859999999533102e+03 6.217374652624130249e-02 7.135718129575252533e-03
5.884339999999532665e+03 4.298673197627067566e-02 6.826259661465883255e-03
5.885819999999532229e+03 1.331132277846336365e-02 6.922967266291379929e-03
5.887299999999531792e+03 2.708094567060470581e-02 1.258541177958250046e-02
5.888779999999531356e+03 1.458900719881057739e-01 1.919672079384326935e-02
5.890259999999530919e+03 1.486016362905502319e-01 1.786578446626663208e-02
5.891739999999530482e+03 6.640843302011489868e-02 1.023227348923683167e-02
5.893219999999530046e+03 9.403292834758758545e-02 9.060044772922992706e-03
5.894699999999529609e+03 6.844773888587951660e-02 1.117333583533763885e-02
5.896179999999529173e+03 5.304219946265220642e-02 1.050297450274229050e-02
5.897659999999528736e+03 5.318352580070495605e-02 7.889283820986747742e-03
5.899139999999528300e+03 4.928667098283767700e-02 6.746094673871994019e-03
5.900619999999527863e+03 4.339445009827613831e-02 6.763576995581388474e-03
5.902099999999527427e+03 4.766092076897621155e-02 6.896886508911848068e-03
5.903579999999526990e+03 3.961284831166267395e-02 6.812394596636295319e-03
5.905059999999526553e+03 4.120139777660369873e-02 6.957486271858215332e-03
5.906539999999526117e+03 4.653780907392501831e-02 7.047450635582208633e-03
5.908019999999525680e+03 4.304873198270797729e-02 6.863184738904237747e-03
5.909499999999525244e+03 3.770281374454498291e-02 6.633342709392309189e-03
5.910979999999524807e+03 3.555110469460487366e-02 6.559373810887336731e-03
5.912459999999524371e+03 3.289191052317619324e-02 6.684955675154924393e-03
5.913939999999523934e+03 4.476449638605117798e-02 7.697045337408781052e-03
5.915419999999523498e+03 4.055996611714363098e-02 7.616933435201644897e-03
5.916899999999523061e+03 4.866975545883178711e-02 7.119825109839439392e-03
5.918379999999522624e+03 5.529081448912620544e-02 6.896954029798507690e-03
5.919859999999522188e+03 4.404060542583465576e-02 6.639138329774141312e-03
5.921339999999521751e+03 5.433788150548934937e-02 6.912257056683301926e-03
5.922819999999521315e+03 5.117604881525039673e-02 7.141038775444030762e-03
5.924299999999520878e+03 5.339932441711425781e-02 7.323323283344507217e-03
5.925779999999520442e+03 5.316317826509475708e-02 7.115240208804607391e-03
5.927259999999520005e+03 4.231502488255500793e-02 6.524468772113323212e-03
5.928739999999519569e+03 3.821309283375740051e-02 6.475237198173999786e-03
5.930219999999519132e+03 4.977766424417495728e-02 7.151428610086441040e-03
5.931699999999518695e+03 6.648398935794830322e-02 8.208275772631168365e-03
5.933179999999518259e+03 5.904927849769592285e-02 8.047968149185180664e-03
5.934659999999517822e+03 4.289645701646804810e-02 6.842618808150291443e-03
5.936139999999517386e+03 3.712450712919235229e-02 6.360207218676805496e-03
5.937619999999516949e+03 4.276465624570846558e-02 6.518448237329721451e-03
5.939099999999516513e+03 4.270575940608978271e-02 6.552754901349544525e-03
5.940579999999516076e+03 4.110727459192276001e-02 6.504793185740709305e-03
5.942059999999515640e+03 5.221194401383399963e-02 6.755157373845577240e-03
5.943539999999515203e+03 4.218709468841552734e-02 6.806440651416778564e-03
5.945019999999514766e+03 4.008330777287483215e-02 7.024958729743957520e-03
5.946499999999514330e+03 5.289341136813163757e-02 7.161918096244335175e-03
5.947979999999513893e+03 5.181246623396873474e-02 6.843118928372859955e-03
5.949459999999513457e+03 4.190177470445632935e-02 6.531076505780220032e-03
5.950939999999513020e+03 4.807870462536811829e-02 7.238577120006084442e-03
5.952419999999512584e+03 4.426799714565277100e-02 7.759040221571922302e-03
5.953899999999512147e+03 3.901913389563560486e-02 7.474142592400312424e-03
5.955379999999511710e+03 4.417505860328674316e-02 6.875876337289810181e-03
5.956859999999511274e+03 5.501995980739593506e-02 6.880071014165878296e-03
5.958339999999510837e+03 4.375537112355232239e-02 6.678599864244461060e-03
5.959819999999510401e+03 3.507430478930473328e-02 6.477740127593278885e-03
5.961299999999509964e+03 4.047606885433197021e-02 6.611989345401525497e-03
5.962779999999509528e+03 4.325611516833305359e-02 6.649449467658996582e-03
5.964259999999509091e+03 5.000682175159454346e-02 6.767987739294767380e-03
5.965739999999508655e+03 4.805254563689231873e-02 6.730011664330959320e-03
5.967219999999508218e+03 4.221640899777412415e-02 6.684591528028249741e-03
5.968699999999507781e+03 3.592152148485183716e-02 6.791758351027965546e-03
5.970179999999507345e+03 4.139585047960281372e-02 7.023198995739221573e-03
5.971659999999506908e+03 4.980596527457237244e-02 6.853681057691574097e-03
5.973139999999506472e+03 5.890904366970062256e-02 6.847327109426259995e-03
5.974619999999506035e+03 4.610565304756164551e-02 6.931026931852102280e-03
5.976099999999505599e+03 4.514708369970321655e-02 7.275719661265611649e-03
5.977579999999505162e+03 4.523257911205291748e-02 7.193891797214746475e-03
5.979059999999504726e+03 3.696748614311218262e-02 6.602334324270486832e-03
5.980539999999504289e+03 3.406450524926185608e-02 6.328439805656671524e-03
5.982019999999503852e+03 4.734513536095619202e-02 6.631846539676189423e-03
5.983499999999503416e+03 4.684772342443466187e-02 6.560227368026971817e-03
5.984979999999502979e+03 4.127445816993713379e-02 6.368893198668956757e-03
5.986459999999502543e+03 4.788151010870933533e-02 6.537330802530050278e-03
5.987939999999502106e+03 4.239859431982040405e-02 6.430302746593952179e-03
5.989419999999501670e+03 4.111119359731674194e-02 6.426591891795396805e-03
5.990899999999501233e+03 4.641717672348022461e-02 6.554717663675546646e-03
5.992379999999500797e+03 4.429803788661956787e-02 6.494231522083282471e-03
5.993859999999500360e+03 3.178158402442932129e-02 6.180076859891414642e-03
5.995339999999499923e+03 3.778818622231483459e-02 6.434209644794464111e-03
5.996819999999499487e+03 5.351460352540016174e-02 6.928848102688789368e-03
5.998299999999499050e+03 3.111596778035163879e-02 6.355500780045986176e-03
5.999779999999498614e+03 2.694776840507984161e-02 6.116639822721481323e-03
6.001259999999498177e+03 3.776449337601661682e-02 6.515263579785823822e-03
6.002739999999497741e+03 4.193086922168731689e-02 6.901381537318229675e-03
6.004219999999497304e+03 5.101925134658813477e-02 6.977496668696403503e-03
6.005699999999496868e+03 4.249366000294685364e-02 6.493174470961093903e-03
6.007179999999496431e+03 4.075816646218299866e-02 6.324246525764465332e-03
6.008659999999495994e+03 4.872765019536018372e-02 6.550922058522701263e-03
6.010139999999495558e+03 4.201807454228401184e-02 6.470411084592342377e-03
6.011619999999495121e+03 4.887009412050247192e-02 6.571618840098381042e-03
6.013099999999494685e+03 4.701884090900421143e-02 6.486779078841209412e-03
6.014579999999494248e+03 4.387047514319419861e-02 6.440046709030866623e-03
6.016059999999493812e+03 3.473006188869476318e-02 6.172183901071548462e-03
6.017539999999493375e+03 4.566664993762969971e-02 6.481273565441370010e-03
6.019019999999492939e+03 4.776000231504440308e-02 6.493696011602878571e-03
6.020499999999492502e+03 3.830130398273468018e-02 6.253571249544620514e-03
6.021979999999492065e+03 3.862826898694038391e-02 6.288351491093635559e-03
6.023459999999491629e+03 4.355314373970031738e-02 6.360558792948722839e-03
6.024939999999491192e+03 4.883998259902000427e-02 6.530401296913623810e-03
6.026419999999490756e+03 3.850388526916503906e-02 6.410936359316110611e-03
6.027899999999490319e+03 3.555754944682121277e-02 6.376320961862802505e-03
6.029379999999489883e+03 5.857626721262931824e-02 6.784057710319757462e-03
6.030859999999489446e+03 4.926999658346176147e-02 6.520791444927453995e-03
6.032339999999489009e+03 3.720648214221000671e-02 6.446172483265399933e-03
6.033819999999488573e+03 5.276259407401084900e-02 6.788728758692741394e-03
6.035299999999488136e+03 3.794625028967857361e-02 6.312735378742218018e-03
6.036779999999487700e+03 5.094466730952262878e-02 6.557523738592863083e-03
6.038259999999487263e+03 3.815697506070137024e-02 6.235283333808183670e-03
6.039739999999486827e+03 5.802471935749053955e-02 6.722925696521997452e-03
6.041219999999486390e+03 4.488327726721763611e-02 6.435635033994913101e-03
6.042699999999485954e+03 4.372054338455200195e-02 6.350235547870397568e-03
6.044179999999485517e+03 4.911256209015846252e-02 6.505457218736410141e-03
6.045659999999485080e+03 3.708033636212348938e-02 6.260022055357694626e-03
6.047139999999484644e+03 4.457771778106689453e-02 6.403586361557245255e-03
6.048619999999484207e+03 4.107990115880966187e-02 6.385966669768095016e-03
6.050099999999483771e+03 3.470683097839355469e-02 6.187087390571832657e-03
6.051579999999483334e+03 4.244942963123321533e-02 6.374850403517484665e-03
6.053059999999482898e+03 4.478843137621879578e-02 6.448022555559873581e-03
6.054539999999482461e+03 5.110049620270729065e-02 6.561782211065292358e-03
6.056019999999482025e+03 4.945746809244155884e-02 6.516178604215383530e-03
6.057499999999481588e+03 4.131838679313659668e-02 6.354323122650384903e-03
6.058979999999481151e+03 4.207562655210494995e-02 6.356108468025922775e-03
6.060459999999480715e+03 4.208362102508544922e-02 6.361092440783977509e-03
6.061939999999480278e+03 1.064713001251220703e-01 6.905257701873779297e-03
6.063419999999479842e+03 1.357297897338867188e-01 2.990554273128509521e-02
6.064899999999479405e+03 5.634911358356475830e-02 2.697758190333843231e-02
6.066379999999478969e+03 4.296990483999252319e-02 6.369951646775007248e-03
6.067859999999478532e+03 5.311884731054306030e-02 6.664010696113109589e-03
6.069339999999478096e+03 4.821553826332092285e-02 6.467152386903762817e-03
6.070819999999477659e+03 5.243152379989624023e-02 6.491492502391338348e-03
6.072299999999477222e+03 4.793263226747512817e-02 6.355421151965856552e-03
6.073779999999476786e+03 4.190919548273086548e-02 6.269316188991069794e-03
6.075259999999476349e+03 4.682143777608871460e-02 6.409734487533569336e-03
6.076739999999475913e+03 3.744894638657569885e-02 6.174734793603420258e-03
6.078219999999475476e+03 3.527316823601722717e-02 6.139292381703853607e-03
6.079699999999475040e+03 3.597490116953849792e-02 6.164239719510078430e-03
6.081179999999474603e+03 3.626324236392974854e-02 6.158638745546340942e-03
6.082659999999474167e+03 3.607613593339920044e-02 6.147257518023252487e-03
6.084139999999473730e+03 4.590871185064315796e-02 6.420889869332313538e-03
6.085619999999473293e+03 3.898707032203674316e-02 8.124279789626598358e-03
6.087099999999472857e+03 3.952543810009956360e-02 1.337946113198995590e-02
6.088579999999472420e+03 4.345626756548881531e-02 1.223740167915821075e-02
6.090059999999471984e+03 4.083460196852684021e-02 6.188376341015100479e-03
6.091539999999471547e+03 4.688805714249610901e-02 6.375664845108985901e-03
6.093019999999471111e+03 4.894554615020751953e-02 6.460390985012054443e-03
6.094499999999470674e+03 4.765053093433380127e-02 6.437461823225021362e-03
6.095979999999470238e+03 4.934671521186828613e-02 6.471866276115179062e-03
6.097459999999469801e+03 3.778982535004615784e-02 6.218550726771354675e-03
6.098939999999469364e+03 4.521982371807098389e-02 6.400374229997396469e-03
6.100419999999468928e+03 4.589695855975151062e-02 6.327239330857992172e-03
6.101899999999468491e+03 4.239088669419288635e-02 6.203152704983949661e-03
6.103379999999468055e+03 4.701159894466400146e-02 6.358414888381958008e-03
6.104859999999467618e+03 5.305831506848335266e-02 6.533242762088775635e-03
6.106339999999467182e+03 4.239810630679130554e-02 6.221049930900335312e-03
6.107819999999466745e+03 4.226955771446228027e-02 6.164135877043008804e-03
6.109299999999466309e+03 3.358403220772743225e-02 6.112953182309865952e-03
6.110779999999465872e+03 3.301278129220008850e-02 6.044425070285797119e-03
6.112259999999465435e+03 3.898118063807487488e-02 6.212578620761632919e-03
6.113739999999464999e+03 4.176738113164901733e-02 6.262925453484058380e-03
6.115219999999464562e+03 3.370030224323272705e-02 6.045074667781591415e-03
6.116699999999464126e+03 4.586138203740119934e-02 6.336526945233345032e-03
6.118179999999463689e+03 4.556912183761596680e-02 6.320931017398834229e-03
6.119659999999463253e+03 3.996839746832847595e-02 6.194859743118286133e-03
6.121139999999462816e+03 4.257526993751525879e-02 6.165796890854835510e-03
6.122619999999462379e+03 5.754059553146362305e-02 6.493502762168645859e-03
6.124099999999461943e+03 4.474974423646926880e-02 6.284828763455152512e-03
6.125579999999461506e+03 3.619980439543724060e-02 6.109432782977819443e-03
6.127059999999461070e+03 4.625083878636360168e-02 6.322471424937248230e-03
6.128539999999460633e+03 3.509010747075080872e-02 6.104895845055580139e-03
6.130019999999460197e+03 3.419163078069686890e-02 6.071176845580339432e-03
6.131499999999459760e+03 4.257243499159812927e-02 6.199005059897899628e-03
6.132979999999459324e+03 4.788670688867568970e-02 6.384561304003000259e-03
6.134459999999458887e+03 4.647824168205261230e-02 6.379428319633007050e-03
6.135939999999458450e+03 3.641364350914955139e-02 6.162414792925119400e-03
6.137419999999458014e+03 3.792250528931617737e-02 6.295524071902036667e-03
6.138899999999457577e+03 4.346417635679244995e-02 6.497384048998355865e-03
6.140379999999457141e+03 4.328480735421180725e-02 6.469892803579568863e-03
6.141859999999456704e+03 3.843367844820022583e-02 6.373045966029167175e-03
6.143339999999456268e+03 3.091397695243358612e-02 6.382770836353302002e-03
6.144819999999455831e+03 3.792839497327804565e-02 6.465695332735776901e-03
6.146299999999455395e+03 4.043957591056823730e-02 6.277620792388916016e-03
6.147779999999454958e+03 3.765627369284629822e-02 6.128107663244009018e-03
6.149259999999454521e+03 4.028095677495002747e-02 6.272161379456520081e-03
6.150739999999454085e+03 3.198731690645217896e-02 6.132663227617740631e-03
6.152219999999453648e+03 3.665033355355262756e-02 6.180617026984691620e-03
6.153699999999453212e+03 3.166267275810241699e-02 5.972528364509344101e-03
6.155179999999452775e+03 3.049576841294765472e-02 6.035496946424245834e-03
6.156659999999452339e+03 4.231408238410949707e-02 6.409656722098588943e-03
6.158139999999451902e+03 2.543698623776435852e-02 5.932277534157037735e-03
6.159619999999451466e+03 3.658917918801307678e-02 6.088699214160442352e-03
6.161099999999451029e+03 4.497349262237548828e-02 6.218916736543178558e-03
6.162579999999450592e+03 4.438726231455802917e-02 6.131649017333984375e-03
6.164059999999450156e+03 4.508945718407630920e-02 6.207795813679695129e-03
6.165539999999449719e+03 5.197441205382347107e-02 6.385979708284139633e-03
6.167019999999449283e+03 4.706579819321632385e-02 6.271452177315950394e-03
6.168499999999448846e+03 5.151278525590896606e-02 6.626194808632135391e-03
6.169979999999448410e+03 4.723874107003211975e-02 6.801228504627943039e-03
6.171459999999447973e+03 4.746514558792114258e-02 6.629574578255414963e-03
6.172939999999447537e+03 4.306647926568984985e-02 6.246246863156557083e-03
6.174419999999447100e+03 3.975575417280197144e-02 6.252476014196872711e-03
6.175899999999446663e+03 4.277643188834190369e-02 6.392581388354301453e-03
6.177379999999446227e+03 4.732438176870346069e-02 6.383134983479976654e-03
6.178859999999445790e+03 3.877786546945571899e-02 6.113161798566579819e-03
6.180339999999445354e+03 2.958336472511291504e-02 5.887903273105621338e-03
6.181819999999444917e+03 3.847384452819824219e-02 6.137843709439039230e-03
6.183299999999444481e+03 4.124731197953224182e-02 6.304073613137006760e-03
6.184779999999444044e+03 3.507190570235252380e-02 6.129845511168241501e-03
6.186259999999443608e+03 3.429861739277839661e-02 6.059686653316020966e-03
6.187739999999443171e+03 3.453876078128814697e-02 6.097288336604833603e-03
6.189219999999442734e+03 2.913747355341911316e-02 5.904712248593568802e-03
6.190699999999442298e+03 3.139519318938255310e-02 5.918733309954404831e-03
6.192179999999441861e+03 2.968811988830566406e-02 5.940945353358983994e-03
6.193659999999441425e+03 3.621649369597434998e-02 6.076468154788017273e-03
6.195139999999440988e+03 5.457568913698196411e-02 6.423432845622301102e-03
6.196619999999440552e+03 5.287346243858337402e-02 6.346530746668577194e-03
6.198099999999440115e+03 3.866886720061302185e-02 5.968758370727300644e-03
6.199579999999439679e+03 2.713711746037006378e-02 5.853436421602964401e-03
6.201059999999439242e+03 3.230601921677589417e-02 6.327202543616294861e-03
6.202539999999438805e+03 4.418158158659934998e-02 6.689000409096479416e-03
6.204019999999438369e+03 4.768864065408706665e-02 6.550956051796674728e-03
6.205499999999437932e+03 3.839270770549774170e-02 6.112299393862485886e-03
6.206979999999437496e+03 4.046707600355148315e-02 6.219449453055858612e-03
6.208459999999437059e+03 3.360575437545776367e-02 6.050998345017433167e-03
6.209939999999436623e+03 3.199682012200355530e-02 6.025890819728374481e-03
6.211419999999436186e+03 5.053581669926643372e-02 6.507233716547489166e-03
6.212899999999435749e+03 5.029756203293800354e-02 6.552516482770442963e-03
6.214379999999435313e+03 3.634309023618698120e-02 6.126185879111289978e-03
6.215859999999434876e+03 4.237843304872512817e-02 6.179156713187694550e-03
6.217339999999434440e+03 4.198283702135086060e-02 6.161852274090051651e-03
6.218819999999434003e+03 4.017320647835731506e-02 6.221082992851734161e-03
6.220299999999433567e+03 4.581352323293685913e-02 6.696037948131561279e-03
6.221779999999433130e+03 5.563146248459815979e-02 6.965216714888811111e-03
6.223259999999432694e+03 4.828987643122673035e-02 6.439859513193368912e-03
6.224739999999432257e+03 4.190269857645034790e-02 6.123759783804416656e-03
6.226219999999431820e+03 4.096346721053123474e-02 6.098508369177579880e-03
6.227699999999431384e+03 3.414450958371162415e-02 5.913667380809783936e-03
6.229179999999430947e+03 3.678093850612640381e-02 5.978794302791357040e-03
6.230659999999430511e+03 3.753301128745079041e-02 6.066001951694488525e-03
6.232139999999430074e+03 2.790087834000587463e-02 6.495446432381868362e-03
6.233619999999429638e+03 4.674102365970611572e-02 1.144952978938817978e-02
6.235099999999429201e+03 5.085361748933792114e-02 1.020525675266981125e-02
6.236579999999428765e+03 4.629381373524665833e-02 8.086565881967544556e-03
6.238059999999428328e+03 3.185546398162841797e-02 6.836187094449996948e-03
6.239539999999427891e+03 3.720856830477714539e-02 6.766279228031635284e-03
6.241019999999427455e+03 3.950182348489761353e-02 6.940254475921392441e-03
6.242499999999427018e+03 3.710388019680976868e-02 6.684441585093736649e-03
6.243979999999426582e+03 4.874157905578613281e-02 6.633125245571136475e-03
6.245459999999426145e+03 4.162385687232017517e-02 6.249259226024150848e-03
6.246939999999425709e+03 3.756118565797805786e-02 6.145284976810216904e-03
6.248419999999425272e+03 4.999741166830062866e-02 6.437297910451889038e-03
6.249899999999424836e+03 4.842460155487060547e-02 6.239309441298246384e-03
6.251379999999424399e+03 4.000959545373916626e-02 5.960833281278610229e-03
6.252859999999423962e+03 3.880834951996803284e-02 5.967655684798955917e-03
6.254339999999423526e+03 3.076436743140220642e-02 6.200357340276241302e-03
6.255819999999423089e+03 2.263881266117095947e-02 7.374040782451629639e-03
6.257299999999422653e+03 4.406651854515075684e-02 8.523169904947280884e-03
6.258779999999422216e+03 5.560208857059478760e-02 8.013874292373657227e-03
6.260259999999421780e+03 2.962517552077770233e-02 6.137722171843051910e-03
6.261739999999421343e+03 3.435332328081130981e-02 6.230635102838277817e-03
6.263219999999420907e+03 4.154407978057861328e-02 6.778140552341938019e-03
6.264699999999420470e+03 4.217642545700073242e-02 7.002388127148151398e-03
6.266179999999420033e+03 4.329616948962211609e-02 6.768147926777601242e-03
6.267659999999419597e+03 4.156200587749481201e-02 6.379642058163881302e-03
6.269139999999419160e+03 4.008425772190093994e-02 6.225935183465480804e-03
6.270619999999418724e+03 3.635153546929359436e-02 5.984520073980093002e-03
6.272099999999418287e+03 2.802714146673679352e-02 5.880089942365884781e-03
6.273579999999417851e+03 3.437842801213264465e-02 6.113395560532808304e-03
6.275059999999417414e+03 3.198019415140151978e-02 6.200567819178104401e-03
6.276539999999416978e+03 3.109438158571720123e-02 6.206695456057786942e-03
6.278019999999416541e+03 3.349271416664123535e-02 6.147997919470071793e-03
6.279499999999416104e+03 3.758334740996360779e-02 6.069752387702465057e-03
6.280979999999415668e+03 4.136375337839126587e-02 6.082346197217702866e-03
6.282459999999415231e+03 5.052479356527328491e-02 6.314982660114765167e-03
6.283939999999414795e+03 3.376916795969009399e-02 6.127275060862302780e-03
6.285419999999414358e+03 3.832860663533210754e-02 7.415927946567535400e-03
6.286899999999413922e+03 4.061817377805709839e-02 7.948883809149265289e-03
6.288379999999413485e+03 3.812866657972335815e-02 7.298272568732500076e-03
6.289859999999413048e+03 3.950733691453933716e-02 6.287197116762399673e-03
6.291339999999412612e+03 3.303515538573265076e-02 5.859307479113340378e-03
6.292819999999412175e+03 3.842217475175857544e-02 5.988701712340116501e-03
6.294299999999411739e+03 3.955524787306785583e-02 6.049867719411849976e-03
6.295779999999411302e+03 4.073080047965049744e-02 6.155313923954963684e-03
6.297259999999410866e+03 -2.146162092685699463e-03 8.983156643807888031e-03
6.298739999999410429e+03 2.307568863034248352e-02 1.456416305154561996e-02
6.300219999999409993e+03 1.083134561777114868e-01 1.607081107795238495e-02
6.301699999999409556e+03 7.614918053150177002e-02 1.136619690805673599e-02
6.303179999999409119e+03 2.497982420027256012e-02 6.439525168389081955e-03
6.304659999999408683e+03 2.524145133793354034e-02 7.117371074855327606e-03
6.306139999999408246e+03 5.132579430937767029e-02 8.521597832441329956e-03
6.307619999999407810e+03 4.666654765605926514e-02 7.906034588813781738e-03
6.309099999999407373e+03 3.242442384362220764e-02 6.134999450296163559e-03
6.310579999999406937e+03 4.006543010473251343e-02 6.061461754143238068e-03
6.312059999999406500e+03 3.779278323054313660e-02 5.991092417389154434e-03
6.313539999999406064e+03 5.052836984395980835e-02 6.221733987331390381e-03
6.315019999999405627e+03 4.136538878083229065e-02 5.977451335638761520e-03
6.316499999999405190e+03 6.927806884050369263e-02 6.582876201719045639e-03
6.317979999999404754e+03 9.487907588481903076e-02 7.223475724458694458e-03
6.319459999999404317e+03 1.178806573152542114e-01 8.107346482574939728e-03
6.320939999999403881e+03 5.535444244742393494e-02 7.091661915183067322e-03
6.322419999999403444e+03 4.030428826808929443e-02 6.446289364248514175e-03
6.323899999999403008e+03 3.985706716775894165e-02 6.072040181607007980e-03
6.325379999999402571e+03 3.149186447262763977e-02 5.912718828767538071e-03
6.326859999999402135e+03 1.909918338060379028e-02 6.211665924638509750e-03
6.328339999999401698e+03 2.788186445832252502e-02 7.595488335937261581e-03
6.329819999999401261e+03 4.475684091448783875e-02 7.999789901077747345e-03
6.331299999999400825e+03 5.895288661122322083e-02 7.241733372211456299e-03
6.332779999999400388e+03 4.297528415918350220e-02 6.094577722251415253e-03
6.334259999999399952e+03 4.181634262204170227e-02 6.035379599779844284e-03
6.335739999999399515e+03 4.602866619825363159e-02 6.109446752816438675e-03
6.337219999999399079e+03 4.065866023302078247e-02 6.008065771311521530e-03
6.338699999999398642e+03 3.847055137157440186e-02 6.040588952600955963e-03
6.340179999999398206e+03 3.338539600372314453e-02 5.919203162193298340e-03
6.341659999999397769e+03 4.480683803558349609e-02 6.158141884952783585e-03
6.343139999999397332e+03 5.107314139604568481e-02 6.298553198575973511e-03
6.344619999999396896e+03 3.252061828970909119e-02 5.858875345438718796e-03
6.346099999999396459e+03 3.700169175863265991e-02 6.283863447606563568e-03
6.347579999999396023e+03 4.696211963891983032e-02 6.830215454101562500e-03
6.349059999999395586e+03 3.737419471144676208e-02 6.508962251245975494e-03
6.350539999999395150e+03 3.177830949425697327e-02 5.982567090541124344e-03
6.352019999999394713e+03 2.331211790442466736e-02 5.677748937159776688e-03
6.353499999999394277e+03 3.086310252547264099e-02 6.293132901191711426e-03
6.354979999999393840e+03 4.163686931133270264e-02 7.342945784330368042e-03
6.356459999999393403e+03 3.971609100699424744e-02 7.276919670403003693e-03
6.357939999999392967e+03 4.974306002259254456e-02 6.624091416597366333e-03
6.359419999999392530e+03 3.726674988865852356e-02 6.212287582457065582e-03
6.360899999999392094e+03 1.416697399690747261e-03 6.677625235170125961e-03
6.362379999999391657e+03 4.286689311265945435e-02 1.029294449836015701e-02
6.363859999999391221e+03 7.294633239507675171e-02 1.035844068974256516e-02
6.365339999999390784e+03 4.954802617430686951e-02 7.604247890412807465e-03
6.366819999999390348e+03 5.146646499633789062e-02 6.326075177639722824e-03
6.368299999999389911e+03 4.879368841648101807e-02 6.139953155070543289e-03
6.369779999999389474e+03 3.244952112436294556e-02 5.862387828528881073e-03
6.371259999999389038e+03 4.394666478037834167e-02 6.163535173982381821e-03
6.372739999999388601e+03 3.462018072605133057e-02 5.954028572887182236e-03
6.374219999999388165e+03 2.623471990227699280e-02 5.709358025342226028e-03
6.375699999999387728e+03 3.596049919724464417e-02 5.973583087325096130e-03
6.377179999999387292e+03 4.142650589346885681e-02 6.315236445516347885e-03
6.378659999999386855e+03 4.448944702744483948e-02 6.511304061859846115e-03
6.380139999999386418e+03 4.666797444224357605e-02 6.436529103666543961e-03
6.381619999999385982e+03 5.306950211524963379e-02 6.394675932824611664e-03
6.383099999999385545e+03 5.003447458148002625e-02 6.385886576026678085e-03
6.384579999999385109e+03 4.956620931625366211e-02 6.784386467188596725e-03
6.386059999999384672e+03 5.873192846775054932e-02 7.084934040904045105e-03
6.387539999999384236e+03 5.196195840835571289e-02 6.578717380762100220e-03
6.389019999999383799e+03 3.746289387345314026e-02 5.939368624240159988e-03
6.390499999999383363e+03 4.604290798306465149e-02 6.180917844176292419e-03
6.391979999999382926e+03 5.556052923202514648e-02 6.375240162014961243e-03
6.393459999999382489e+03 3.189929202198982239e-02 5.810810253024101257e-03
6.394939999999382053e+03 2.809393778443336487e-02 5.727647803723812103e-03
6.396419999999381616e+03 4.094482958316802979e-02 6.025117821991443634e-03
6.397899999999381180e+03 3.877228125929832458e-02 5.905136931687593460e-03
6.399379999999380743e+03 4.267476126551628113e-02 5.986098665744066238e-03
6.400859999999380307e+03 4.760266840457916260e-02 6.177992094308137894e-03
6.402339999999379870e+03 4.283335804939270020e-02 6.032257340848445892e-03
6.403819999999379434e+03 3.672008216381072998e-02 5.868210457265377045e-03
6.405299999999378997e+03 4.473009705543518066e-02 6.016490980982780457e-03
6.406779999999378560e+03 4.248920828104019165e-02 5.917959846556186676e-03
6.408259999999378124e+03 3.922814130783081055e-02 5.848493427038192749e-03
6.409739999999377687e+03 4.910760000348091125e-02 6.163313519209623337e-03
6.411219999999377251e+03 3.978717327117919922e-02 6.071235518902540207e-03
6.412699999999376814e+03 3.952939063310623169e-02 6.141418125480413437e-03
6.414179999999376378e+03 4.649318754673004150e-02 6.237298250198364258e-03
6.415659999999375941e+03 3.277858346700668335e-02 5.791738629341125488e-03
6.417139999999375505e+03 2.499788999557495117e-02 5.652542226016521454e-03
6.418619999999375068e+03 3.069062344729900360e-02 6.013901904225349426e-03
6.420099999999374631e+03 4.698117822408676147e-02 6.418413948267698288e-03
6.421579999999374195e+03 5.008299276232719421e-02 6.317550782114267349e-03
6.423059999999373758e+03 3.950005024671554565e-02 5.969904828816652298e-03
6.424539999999373322e+03 4.539513587951660156e-02 6.062757689505815506e-03
6.426019999999372885e+03 4.547415673732757568e-02 6.021325476467609406e-03
6.427499999999372449e+03 3.862952440977096558e-02 5.861359182745218277e-03
6.428979999999372012e+03 4.074687883257865906e-02 5.888179410248994827e-03
6.430459999999371576e+03 4.397801682353019714e-02 5.981603637337684631e-03
6.431939999999371139e+03 4.408846050500869751e-02 6.037504412233829498e-03
6.433419999999370702e+03 3.704635798931121826e-02 5.878416821360588074e-03
6.434899999999370266e+03 4.517143592238426208e-02 6.098156329244375229e-03
6.436379999999369829e+03 4.747609421610832214e-02 6.076764781028032303e-03
6.437859999999369393e+03 3.502454608678817749e-02 5.773597862571477890e-03
6.439339999999368956e+03 4.189049825072288513e-02 5.904700141400098801e-03
6.440819999999368520e+03 4.366404563188552856e-02 5.960598587989807129e-03
6.442299999999368083e+03 3.096519783139228821e-02 5.704348906874656677e-03
6.443779999999367647e+03 3.571595996618270874e-02 5.766442045569419861e-03
6.445259999999367210e+03 4.412507265806198120e-02 6.013559643179178238e-03
6.446739999999366773e+03 3.433467447757720947e-02 5.788646172732114792e-03
6.448219999999366337e+03 4.070618748664855957e-02 5.931762047111988068e-03
6.449699999999365900e+03 2.957582660019397736e-02 5.892875604331493378e-03
6.451179999999365464e+03 4.313750937581062317e-02 6.300307810306549072e-03
6.452659999999365027e+03 3.959622234106063843e-02 6.183928344398736954e-03
6.454139999999364591e+03 4.049915447831153870e-02 6.074468605220317841e-03
6.455619999999364154e+03 4.211696237325668335e-02 6.170803215354681015e-03
6.457099999999363718e+03 3.568733856081962585e-02 6.125938612967729568e-03
6.458579999999363281e+03 3.611610084772109985e-02 6.031332071870565414e-03
6.460059999999362844e+03 3.964678570628166199e-02 6.011953111737966537e-03
6.461539999999362408e+03 3.325263410806655884e-02 6.156184710562229156e-03
6.463019999999361971e+03 3.470252454280853271e-02 6.741147488355636597e-03
6.464499999999361535e+03 4.416893422603607178e-02 7.204856723546981812e-03
6.465979999999361098e+03 4.709179699420928955e-02 7.017691619694232941e-03
6.467459999999360662e+03 3.950207680463790894e-02 6.499914918094873428e-03
6.468939999999360225e+03 3.535886481404304504e-02 6.744594778865575790e-03
6.470419999999359788e+03 4.554053395986557007e-02 7.145293056964874268e-03
6.471899999999359352e+03 4.421252757310867310e-02 6.601379718631505966e-03
6.473379999999358915e+03 2.994768321514129639e-02 5.804810207337141037e-03
6.474859999999358479e+03 3.808489441871643066e-02 6.025863811373710632e-03
6.476339999999358042e+03 4.042971134185791016e-02 6.212540902197360992e-03
6.477819999999357606e+03 3.848023712635040283e-02 6.181077100336551666e-03
6.479299999999357169e+03 4.292147606611251831e-02 6.148137152194976807e-03
6.480779999999356733e+03 4.094406962394714355e-02 5.978272762149572372e-03
6.482259999999356296e+03 4.420380294322967529e-02 5.941714625805616379e-03
6.483739999999355859e+03 4.051583632826805115e-02 5.836629774421453476e-03
6.485219999999355423e+03 4.886794835329055786e-02 6.075915414839982986e-03
6.486699999999354986e+03 3.599753230810165405e-02 5.707836709916591644e-03
6.488179999999354550e+03 3.842775896191596985e-02 5.851679015904664993e-03
6.489659999999354113e+03 4.768173769116401672e-02 6.068705115467309952e-03
6.491139999999353677e+03 3.492984175682067871e-02 5.784703418612480164e-03
6.492619999999353240e+03 3.025183267891407013e-02 5.654980894178152084e-03
6.494099999999352804e+03 3.579656779766082764e-02 5.741095636039972305e-03
6.495579999999352367e+03 2.760643884539604187e-02 6.292123347520828247e-03
6.497059999999351930e+03 4.186021536588668823e-02 7.898062467575073242e-03
6.498539999999351494e+03 4.534574598073959351e-02 8.081063628196716309e-03
6.500019999999351057e+03 2.721836045384407043e-02 6.499247625470161438e-03
6.501499999999350621e+03 2.645421959459781647e-02 5.788266193121671677e-03
6.502979999999350184e+03 4.384780302643775940e-02 6.522371433675289154e-03
6.504459999999349748e+03 5.236517265439033508e-02 6.764831952750682831e-03
6.505939999999349311e+03 4.387861490249633789e-02 6.302883382886648178e-03
6.507419999999348875e+03 3.887130320072174072e-02 5.850261542946100235e-03
6.508899999999348438e+03 3.387893736362457275e-02 5.760308820754289627e-03
6.510379999999348001e+03 3.196642547845840454e-02 5.762692540884017944e-03
6.511859999999347565e+03 3.931573778390884399e-02 6.000944878906011581e-03
6.513339999999347128e+03 3.033973276615142822e-02 5.783102009445428848e-03
6.514819999999346692e+03 2.626473084092140198e-02 5.591028835624456406e-03
6.516299999999346255e+03 2.531235851347446442e-02 5.447287112474441528e-03
6.517779999999345819e+03 3.664537519216537476e-02 5.725762341171503067e-03
6.519259999999345382e+03 3.973277658224105835e-02 5.979340989142656326e-03
6.520739999999344946e+03 3.692359849810600281e-02 6.221882533282041550e-03
6.522219999999344509e+03 4.588217660784721375e-02 6.466058082878589630e-03
6.523699999999344072e+03 4.709231853485107422e-02 6.205450277775526047e-03
6.525179999999343636e+03 4.111905395984649658e-02 5.991919431835412979e-03
6.526659999999343199e+03 4.280722886323928833e-02 6.056198384612798691e-03
6.528139999999342763e+03 3.882097452878952026e-02 5.842500366270542145e-03
6.529619999999342326e+03 2.478706091642379761e-02 5.890469998121261597e-03
6.531099999999341890e+03 3.540863469243049622e-02 7.201209198683500290e-03
6.532579999999341453e+03 5.757407099008560181e-02 7.823321036994457245e-03
6.534059999999341017e+03 4.938055202364921570e-02 6.954136304557323456e-03
6.535539999999340580e+03 2.980773150920867920e-02 5.672853440046310425e-03
6.537019999999340143e+03 3.310029208660125732e-02 5.642607342451810837e-03
6.538499999999339707e+03 4.113490134477615356e-02 5.961484741419553757e-03
6.539979999999339270e+03 3.781676664948463440e-02 6.013741716742515564e-03
6.541459999999338834e+03 4.296058788895606995e-02 6.487634964287281036e-03
6.542939999999338397e+03 4.584399238228797913e-02 6.848437245935201645e-03
6.544419999999337961e+03 3.506331890821456909e-02 6.416936870664358139e-03
6.545899999999337524e+03 3.157915547490119934e-02 5.854350049048662186e-03
6.547379999999337088e+03 2.457968890666961670e-02 5.515387281775474548e-03
6.548859999999336651e+03 2.996532618999481201e-02 5.664648953825235367e-03
6.550339999999336214e+03 4.773251712322235107e-02 6.647203583270311356e-03
6.551819999999335778e+03 5.638860911130905151e-02 7.947505451738834381e-03
6.553299999999335341e+03 6.444513052701950073e-02 8.176914416253566742e-03
6.554779999999334905e+03 4.658226668834686279e-02 6.760897114872932434e-03
6.556259999999334468e+03 3.748219087719917297e-02 5.785511806607246399e-03
6.557739999999334032e+03 4.590923339128494263e-02 5.890974774956703186e-03
6.559219999999333595e+03 2.378251031041145325e-02 5.781603045761585236e-03
6.560699999999333158e+03 2.760590240359306335e-02 7.206977345049381256e-03
6.562179999999332722e+03 4.475444927811622620e-02 7.973994128406047821e-03
6.563659999999332285e+03 6.138629466295242310e-02 7.220273371785879135e-03
6.565139999999331849e+03 6.877022981643676758e-02 6.710131186991930008e-03
6.566619999999331412e+03 8.331701904535293579e-02 7.215572986751794815e-03
6.568099999999330976e+03 6.338971108198165894e-02 7.024375721812248230e-03
6.569579999999330539e+03 5.095839872956275940e-02 6.534731946885585785e-03
6.571059999999330103e+03 4.583784565329551697e-02 6.129258312284946442e-03
6.572539999999329666e+03 3.871534764766693115e-02 5.856719333678483963e-03
6.574019999999329229e+03 4.213311523199081421e-02 6.341939792037010193e-03
6.575499999999328793e+03 4.644291847944259644e-02 7.297776173800230026e-03
6.576979999999328356e+03 5.212821438908576965e-02 7.319172378629446030e-03
6.578459999999327920e+03 1.448479145765304565e-01 8.510235697031021118e-03
6.579939999999327483e+03 1.036100268363952637e+00 1.791058294475078583e-02
6.581419999999327047e+03 1.704912304878234863e+00 2.261860668659210205e-02
6.582899999999326610e+03 1.271170854568481445e+00 1.972830668091773987e-02
6.584379999999326174e+03 1.934598982334136963e-01 8.875823579728603363e-03
6.585859999999325737e+03 4.792958870530128479e-02 6.009032949805259705e-03
6.587339999999325300e+03 3.997685760259628296e-02 5.832850933074951172e-03
6.588819999999324864e+03 3.022064268589019775e-02 5.649468861520290375e-03
6.590299999999324427e+03 4.723776131868362427e-02 6.019715685397386551e-03
6.591779999999323991e+03 4.118578881025314331e-02 5.820172838866710663e-03
6.593259999999323554e+03 2.409688755869865417e-02 5.503758322447538376e-03
6.594739999999323118e+03 3.084341064095497131e-02 6.016455590724945068e-03
6.596219999999322681e+03 5.502274632453918457e-02 6.597633007913827896e-03
6.597699999999322245e+03 4.261266812682151794e-02 6.097185425460338593e-03
6.599179999999321808e+03 4.533886909484863281e-02 6.036643870174884796e-03
6.600659999999321371e+03 1.097716689109802246e-01 7.475183811038732529e-03
6.602139999999320935e+03 1.902994513511657715e-01 9.511825628578662872e-03
6.603619999999320498e+03 1.428681910037994385e-01 8.812885731458663940e-03
6.605099999999320062e+03 5.445928871631622314e-02 6.523252930492162704e-03
6.606579999999319625e+03 4.817480221390724182e-02 6.041561719030141830e-03
6.608059999999319189e+03 4.910609871149063110e-02 5.973630119115114212e-03
6.609539999999318752e+03 4.226433113217353821e-02 5.800160113722085953e-03
6.611019999999318316e+03 4.204966872930526733e-02 5.890736356377601624e-03
6.612499999999317879e+03 3.852505236864089966e-02 5.848344415426254272e-03
6.613979999999317442e+03 3.862775862216949463e-02 5.820115096867084503e-03
6.615459999999317006e+03 3.683220222592353821e-02 5.809551104903221130e-03
6.616939999999316569e+03 4.120125994086265564e-02 5.862595979124307632e-03
6.618419999999316133e+03 3.940238803625106812e-02 5.816101096570491791e-03
6.619899999999315696e+03 3.769686073064804077e-02 5.761747714132070541e-03
6.621379999999315260e+03 4.861516132950782776e-02 5.991859827190637589e-03
6.622859999999314823e+03 4.277709499001502991e-02 5.810892209410667419e-03
6.624339999999314387e+03 4.939217492938041687e-02 6.015859544277191162e-03
6.625819999999313950e+03 4.105365276336669922e-02 5.945734214037656784e-03
6.627299999999313513e+03 5.281513184309005737e-02 6.256922613829374313e-03
6.628779999999313077e+03 3.822353854775428772e-02 5.881240591406822205e-03
6.630259999999312640e+03 3.337455168366432190e-02 5.742990877479314804e-03
6.631739999999312204e+03 2.751601114869117737e-02 5.817743483930826187e-03
6.633219999999311767e+03 3.358545899391174316e-02 6.096612662076950073e-03
6.634699999999311331e+03 4.079993069171905518e-02 6.095728836953639984e-03
6.636179999999310894e+03 3.099116683006286621e-02 5.665151868015527725e-03
6.637659999999310457e+03 2.972342260181903839e-02 5.614504218101501465e-03
6.639139999999310021e+03 3.216242790222167969e-02 5.681071896106004715e-03
6.640619999999309584e+03 3.587312251329421997e-02 5.692540202289819717e-03
6.642099999999309148e+03 3.426636382937431335e-02 5.610303953289985657e-03
6.643579999999308711e+03 2.756854891777038574e-02 5.414219107478857040e-03
6.645059999999308275e+03 3.207987546920776367e-02 5.532650277018547058e-03
6.646539999999307838e+03 3.368947654962539673e-02 5.684794858098030090e-03
6.648019999999307402e+03 3.307829424738883972e-02 5.672268569469451904e-03
6.649499999999306965e+03 3.739771991968154907e-02 5.759887397289276123e-03
6.650979999999306528e+03 4.745369777083396912e-02 6.000618450343608856e-03
6.652459999999306092e+03 4.732334241271018982e-02 5.966266617178916931e-03
6.653939999999305655e+03 4.144822806119918823e-02 5.830985493957996368e-03
6.655419999999305219e+03 4.323549568653106689e-02 5.850306712090969086e-03
6.656899999999304782e+03 4.623797163367271423e-02 5.932740867137908936e-03
6.658379999999304346e+03 4.151722043752670288e-02 5.841358099132776260e-03
6.659859999999303909e+03 4.018285870552062988e-02 5.809167865663766861e-03
6.661339999999303473e+03 4.897319525480270386e-02 6.073519587516784668e-03
6.662819999999303036e+03 4.528327286243438721e-02 6.015063729137182236e-03
6.664299999999302599e+03 4.328335821628570557e-02 5.976544693112373352e-03
6.665779999999302163e+03 3.162102401256561279e-02 5.785937421023845673e-03
6.667259999999301726e+03 3.577076643705368042e-02 5.917403846979141235e-03
6.668739999999301290e+03 4.547356441617012024e-02 5.989009514451026917e-03
6.670219999999300853e+03 4.152692854404449463e-02 5.783965345472097397e-03
6.671699999999300417e+03 4.148321598768234253e-02 5.786758847534656525e-03
6.673179999999299980e+03 3.737873584032058716e-02 5.666621495038270950e-03
6.674659999999299544e+03 3.718302026391029358e-02 5.636661313474178314e-03
6.676139999999299107e+03 4.127580299973487854e-02 5.748153664171695709e-03
6.677619999999298670e+03 3.644371032714843750e-02 5.649512633681297302e-03
6.679099999999298234e+03 3.785249963402748108e-02 5.710432771593332291e-03
6.680579999999297797e+03 3.857708349823951721e-02 5.764670670032501221e-03
6.682059999999297361e+03 3.998939320445060730e-02 5.798395257443189621e-03
6.683539999999296924e+03 4.547178745269775391e-02 5.914101842790842056e-03
6.685019999999296488e+03 4.526237770915031433e-02 5.922360811382532120e-03
6.686499999999296051e+03 3.693668916821479797e-02 5.735157988965511322e-03
6.687979999999295615e+03 4.343419149518013000e-02 5.834152456372976303e-03
6.689459999999295178e+03 5.078825354576110840e-02 5.976713262498378754e-03
6.690939999999294741e+03 4.242010787129402161e-02 5.747401155531406403e-03
6.692419999999294305e+03 4.205524176359176636e-02 5.735465791076421738e-03
6.693899999999293868e+03 4.099671542644500732e-02 5.739890970289707184e-03
6.695379999999293432e+03 4.614835977554321289e-02 5.969190504401922226e-03
6.696859999999292995e+03 5.587098002433776855e-02 6.268160417675971985e-03
6.698339999999292559e+03 6.248230114579200745e-02 6.703873630613088608e-03
6.699819999999292122e+03 4.694757610559463501e-02 6.228083744645118713e-03
6.701299999999291686e+03 3.234032541513442993e-02 5.731450393795967102e-03
6.702779999999291249e+03 3.063910827040672302e-02 5.687698256224393845e-03
6.704259999999290812e+03 3.771999478340148926e-02 5.757869686931371689e-03
6.705739999999290376e+03 4.575733467936515808e-02 5.891010165214538574e-03
6.707219999999289939e+03 3.998531773686408997e-02 5.752658471465110779e-03
6.708699999999289503e+03 3.368275612592697144e-02 5.632223095744848251e-03
6.710179999999289066e+03 3.579380735754966736e-02 5.727665033191442490e-03
6.711659999999288630e+03 3.276215121150016785e-02 5.686151329427957535e-03
6.713139999999288193e+03 3.389101475477218628e-02 5.721346475183963776e-03
6.714619999999287757e+03 3.326427564024925232e-02 5.749557632952928543e-03
6.716099999999287320e+03 2.861005999147891998e-02 5.569362081587314606e-03
6.717579999999286883e+03 4.304271563887596130e-02 5.820810794830322266e-03
6.719059999999286447e+03 4.192872717976570129e-02 5.782473832368850708e-03
6.720539999999286010e+03 3.940317779779434204e-02 5.697293672710657120e-03
6.722019999999285574e+03 4.284208640456199646e-02 5.763784050941467285e-03
6.723499999999285137e+03 3.970659896731376648e-02 5.626172292977571487e-03
6.724979999999284701e+03 3.822702541947364807e-02 5.687517113983631134e-03
6.726459999999284264e+03 3.856523334980010986e-02 5.718761123716831207e-03
6.727939999999283827e+03 4.174959287047386169e-02 5.840293131768703461e-03
6.729419999999283391e+03 3.558418527245521545e-02 5.781305953860282898e-03
6.730899999999282954e+03 2.772875875234603882e-02 5.483710672706365585e-03
6.732379999999282518e+03 4.662077128887176514e-02 5.893084220588207245e-03
6.733859999999282081e+03 2.147537767887115479e-01 9.043778292834758759e-03
6.735339999999281645e+03 3.280944824218750000e-01 1.065025757998228073e-02
6.736819999999281208e+03 2.539274096488952637e-01 9.643908590078353882e-03
6.738299999999280772e+03 8.004854619503021240e-02 6.710783578455448151e-03
6.739779999999280335e+03 3.673614561557769775e-02 5.747142713516950607e-03
6.741259999999279898e+03 3.726486116647720337e-02 5.781011190265417099e-03
6.742739999999279462e+03 4.134316369891166687e-02 5.938587244600057602e-03
6.744219999999279025e+03 4.142829403281211853e-02 5.914355162531137466e-03
6.745699999999278589e+03 3.919533267617225647e-02 5.785807967185974121e-03
6.747179999999278152e+03 5.975621566176414490e-02 6.226679310202598572e-03
6.748659999999277716e+03 2.053051888942718506e-01 8.882824331521987915e-03
6.750139999999277279e+03 2.527598440647125244e-01 9.605068713426589966e-03
6.751619999999276843e+03 1.480686664581298828e-01 7.915891706943511963e-03
6.753099999999276406e+03 5.091486498713493347e-02 5.953749641776084900e-03
6.754579999999275969e+03 3.630471974611282349e-02 5.605905316770076752e-03
6.756059999999275533e+03 3.612529486417770386e-02 5.619319155812263489e-03
6.757539999999275096e+03 3.921079635620117188e-02 5.693244747817516327e-03
6.759019999999274660e+03 3.717296943068504333e-02 5.687483586370944977e-03
6.760499999999274223e+03 3.361156582832336426e-02 5.607820581644773483e-03
6.761979999999273787e+03 3.513773530721664429e-02 5.629965104162693024e-03
6.763459999999273350e+03 4.835751280188560486e-02 5.912469234317541122e-03
6.764939999999272914e+03 3.969739004969596863e-02 5.654275882989168167e-03
6.766419999999272477e+03 3.583841025829315186e-02 5.532600451260805130e-03
6.767899999999272040e+03 4.343543574213981628e-02 5.721199791878461838e-03
6.769379999999271604e+03 3.353893384337425232e-02 5.469386000186204910e-03
6.770859999999271167e+03 3.346336260437965393e-02 5.494611803442239761e-03
6.772339999999270731e+03 3.746658936142921448e-02 5.624178331345319748e-03
6.773819999999270294e+03 3.531599044799804688e-02 5.602308083325624466e-03
6.775299999999269858e+03 3.857497870922088623e-02 5.687078926712274551e-03
6.776779999999269421e+03 3.153183311223983765e-02 5.497962236404418945e-03
6.778259999999268985e+03 3.336954861879348755e-02 5.468001123517751694e-03
6.779739999999268548e+03 4.091387987136840820e-02 5.686957389116287231e-03
6.781219999999268111e+03 3.410893678665161133e-02 5.560034420341253281e-03
6.782699999999267675e+03 2.881584875285625458e-02 5.446161609143018723e-03
6.784179999999267238e+03 3.337297588586807251e-02 5.508879665285348892e-03
6.785659999999266802e+03 3.892437368631362915e-02 5.722573958337306976e-03
6.787139999999266365e+03 2.854244783520698547e-02 5.521884188055992126e-03
6.788619999999265929e+03 3.107237257063388824e-02 5.557275842875242233e-03
6.790099999999265492e+03 2.906993776559829712e-02 5.370187107473611832e-03
6.791579999999265056e+03 2.390592359006404877e-02 5.221178755164146423e-03
6.793059999999264619e+03 3.251222521066665649e-02 5.447247065603733063e-03
6.794539999999264182e+03 4.279889538884162903e-02 5.654786713421344757e-03
6.796019999999263746e+03 4.378597438335418701e-02 5.691478494554758072e-03
6.797499999999263309e+03 4.139833152294158936e-02 5.591617431491613388e-03
6.798979999999262873e+03 3.964570909738540649e-02 5.567627493292093277e-03
6.800459999999262436e+03 3.901735693216323853e-02 5.650821607559919357e-03
6.801939999999262000e+03 3.358004614710807800e-02 5.544209387153387070e-03
6.803419999999261563e+03 2.381654083728790283e-02 5.303213372826576233e-03
6.804899999999261127e+03 2.206550911068916321e-02 5.238881334662437439e-03
6.806379999999260690e+03 2.953519858419895172e-02 5.429679993540048599e-03
6.807859999999260253e+03 3.023501113057136536e-02 5.425676703453063965e-03
6.809339999999259817e+03 2.449354156851768494e-02 5.290522705763578415e-03
6.810819999999259380e+03 2.689625695347785950e-02 5.331358406692743301e-03
6.812299999999258944e+03 4.404161497950553894e-02 5.703721195459365845e-03
6.813779999999258507e+03 4.148118570446968079e-02 5.641270428895950317e-03
6.815259999999258071e+03 3.735058382153511047e-02 5.589531734585762024e-03
6.816739999999257634e+03 3.958793729543685913e-02 5.689616315066814423e-03
6.818219999999257197e+03 3.746926039457321167e-02 5.649693310260772705e-03
6.819699999999256761e+03 3.808484226465225220e-02 5.612117704004049301e-03
6.821179999999256324e+03 4.442003741860389709e-02 5.742538720369338989e-03
6.822659999999255888e+03 4.546492919325828552e-02 5.762796383351087570e-03
6.824139999999255451e+03 2.706371992826461792e-02 5.796550773084163666e-03
6.825619999999255015e+03 1.790884137153625488e-02 6.853035651147365570e-03
6.827099999999254578e+03 5.099405348300933838e-02 8.768553845584392548e-03
6.828579999999254142e+03 6.930931657552719116e-02 9.079503826797008514e-03
6.830059999999253705e+03 3.550945222377777100e-02 7.619357667863368988e-03
6.831539999999253268e+03 2.399210073053836823e-02 7.657118141651153564e-03
6.833019999999252832e+03 4.462990909814834595e-02 8.644869551062583923e-03
6.834499999999252395e+03 3.686379268765449524e-02 7.680475711822509766e-03
6.835979999999251959e+03 3.203531354665756226e-02 6.019641179591417313e-03
6.837459999999251522e+03 3.470110520720481873e-02 5.867109168320894241e-03
6.838939999999251086e+03 3.579857945442199707e-02 6.172720808535814285e-03
6.840419999999250649e+03 4.995632544159889221e-02 6.650916300714015961e-03
6.841899999999250213e+03 4.309321939945220947e-02 6.217529065907001495e-03
6.843379999999249776e+03 4.725598916411399841e-02 5.910927429795265198e-03
6.844859999999249339e+03 4.934169352054595947e-02 5.861819721758365631e-03
6.846339999999248903e+03 3.726399317383766174e-02 5.569947883486747742e-03
6.847819999999248466e+03 3.334867954254150391e-02 5.603243131190538406e-03
6.849299999999248030e+03 2.841560728847980499e-02 5.613068118691444397e-03
6.850779999999247593e+03 4.420506209135055542e-02 5.901942495256662369e-03
6.852259999999247157e+03 5.054651573300361633e-02 5.915914196521043777e-03
6.853739999999246720e+03 3.966479003429412842e-02 5.620018579065799713e-03
6.855219999999246284e+03 4.369881749153137207e-02 5.717149004340171814e-03
6.856699999999245847e+03 4.177936539053916931e-02 5.672637838870286942e-03
6.858179999999245410e+03 2.900113724172115326e-02 5.495117045938968658e-03
6.859659999999244974e+03 1.440624706447124481e-02 6.026540417224168777e-03
6.861139999999244537e+03 1.340704225003719330e-02 8.435794152319431305e-03
6.862619999999244101e+03 4.834337905049324036e-02 1.332954876124858856e-02
6.864099999999243664e+03 4.235091060400009155e-02 1.763816364109516144e-02
6.865579999999243228e+03 2.157626301050186157e-02 5.505011882632970810e-03
6.867059999999242791e+03 2.018262632191181183e-02 4.972686991095542908e-03
6.868539999999242355e+03 3.315502777695655823e-02 5.629445426166057587e-03
6.870019999999241918e+03 3.548837453126907349e-02 5.778416991233825684e-03
6.871499999999241481e+03 2.036353573203086853e-02 5.141399335116147995e-03
6.872979999999241045e+03 2.648556046187877655e-02 5.022935103625059128e-03
6.874459999999240608e+03 2.345671318471431732e-02 4.916816484183073044e-03
6.875939999999240172e+03 2.503234520554542542e-02 6.176790688186883926e-03
6.877419999999239735e+03 3.445374593138694763e-02 1.584357395768165588e-02
6.878899999999239299e+03 4.302199929952621460e-02 1.301220804452896118e-02
6.880379999999238862e+03 4.091220349073410034e-02 6.342148873955011368e-03
6.881859999999238426e+03 3.740879893302917480e-02 6.045043468475341797e-03
6.883339999999237989e+03 3.477527201175689697e-02 5.485572852194309235e-03
6.884819999999237552e+03 2.200197800993919373e-02 5.274112801998853683e-03
6.886299999999237116e+03 2.033212035894393921e-02 5.871072411537170410e-03
6.887779999999236679e+03 3.392178192734718323e-02 6.589516066014766693e-03
6.889259999999236243e+03 3.074546903371810913e-02 6.234559230506420135e-03
6.890739999999235806e+03 3.150810673832893372e-02 5.534416064620018005e-03
6.892219999999235370e+03 4.119803756475448608e-02 5.675358697772026062e-03
6.893699999999234933e+03 3.153918683528900146e-02 5.413001868873834610e-03
6.895179999999234496e+03 2.316583134233951569e-02 5.048763938248157501e-03
6.896659999999234060e+03 2.978136017918586731e-02 5.372142884880304337e-03
6.898139999999233623e+03 4.353822022676467896e-02 6.447183899581432343e-03
6.899619999999233187e+03 4.276290535926818848e-02 6.848685909062623978e-03
6.901099999999232750e+03 3.782490640878677368e-02 6.375880446285009384e-03
6.902579999999232314e+03 3.208332508802413940e-02 5.625917576253414154e-03
6.904059999999231877e+03 2.535728551447391510e-02 5.207755602896213531e-03
6.905539999999231441e+03 2.840461395680904388e-02 5.348737817257642746e-03
6.907019999999231004e+03 2.888994105160236359e-02 5.278558470308780670e-03
6.908499999999230567e+03 2.538542822003364563e-02 5.467295646667480469e-03
6.909979999999230131e+03 3.937264904379844666e-02 6.832260638475418091e-03
6.911459999999229694e+03 4.808723181486129761e-02 7.386124227195978165e-03
6.912939999999229258e+03 4.224828258156776428e-02 6.624164059758186340e-03
6.914419999999228821e+03 4.112746194005012512e-02 5.755723454058170319e-03
6.915899999999228385e+03 3.820695728063583374e-02 5.558256525546312332e-03
6.917379999999227948e+03 3.743563964962959290e-02 5.449162796139717102e-03
6.918859999999227512e+03 2.850433439016342163e-02 5.702523514628410339e-03
6.920339999999227075e+03 1.652309298515319824e-02 7.097543682903051376e-03
6.921819999999226638e+03 4.078184813261032104e-02 8.428527042269706726e-03
6.923299999999226202e+03 4.779058694839477539e-02 7.902655750513076782e-03
6.924779999999225765e+03 3.394237905740737915e-02 6.019041873514652252e-03
6.926259999999225329e+03 3.510752320289611816e-02 5.592115689069032669e-03
6.927739999999224892e+03 3.656149655580520630e-02 5.598600953817367554e-03
6.929219999999224456e+03 4.174090176820755005e-02 5.741204135119915009e-03
6.930699999999224019e+03 3.222201019525527954e-02 5.470804404467344284e-03
6.932179999999223583e+03 2.681717276573181152e-02 5.357194691896438599e-03
6.933659999999223146e+03 2.948694676160812378e-02 5.339819006621837616e-03
6.935139999999222709e+03 2.769910916686058044e-02 5.565677769482135773e-03
6.936619999999222273e+03 4.016655310988426208e-02 6.627619732171297073e-03
6.938099999999221836e+03 4.774189740419387817e-02 7.304226048290729523e-03
6.939579999999221400e+03 4.088088497519493103e-02 6.802487652748823166e-03
6.941059999999220963e+03 4.079798609018325806e-02 5.980449263006448746e-03
6.942539999999220527e+03 4.358097538352012634e-02 5.724137648940086365e-03
6.944019999999220090e+03 3.360090404748916626e-02 5.642327945679426193e-03
6.945499999999219654e+03 2.026205509901046753e-02 6.420265883207321167e-03
6.946979999999219217e+03 3.762501105666160583e-02 8.724249899387359619e-03
6.948459999999218780e+03 4.334796965122222900e-02 8.838590234518051147e-03
6.949939999999218344e+03 2.201498858630657196e-02 6.784842815250158310e-03
6.951419999999217907e+03 3.122758865356445312e-02 5.752929486334323883e-03
6.952899999999217471e+03 3.150861710309982300e-02 5.561742931604385376e-03
6.954379999999217034e+03 3.852563351392745972e-02 5.812171846628189087e-03
6.955859999999216598e+03 2.845161408185958862e-02 5.658573471009731293e-03
6.957339999999216161e+03 3.455291315913200378e-02 5.820432212203741074e-03
6.958819999999215725e+03 3.675384819507598877e-02 5.782525055110454559e-03
6.960299999999215288e+03 3.020731359720230103e-02 5.590867251157760620e-03
6.961779999999214851e+03 4.115044325590133667e-02 5.819171667098999023e-03
6.963259999999214415e+03 4.210197180509567261e-02 5.808066111057996750e-03
6.964739999999213978e+03 3.491629660129547119e-02 5.620433017611503601e-03
6.966219999999213542e+03 3.509109467267990112e-02 5.957751069217920303e-03
6.967699999999213105e+03 4.392800852656364441e-02 6.834477186203002930e-03
6.969179999999212669e+03 5.083901807665824890e-02 7.006950676441192627e-03
6.970659999999212232e+03 3.520235046744346619e-02 6.083123385906219482e-03
6.972139999999211796e+03 3.784848377108573914e-02 5.661819595843553543e-03
6.973619999999211359e+03 2.207236178219318390e-02 5.417671054601669312e-03
6.975099999999210922e+03 3.229756653308868408e-02 6.510477513074874878e-03
6.976579999999210486e+03 5.088418722152709961e-02 7.937967777252197266e-03
6.978059999999210049e+03 5.467511713504791260e-02 7.923880591988563538e-03
6.979539999999209613e+03 3.205778449773788452e-02 6.128005683422088623e-03
6.981019999999209176e+03 3.368562832474708557e-02 5.759723484516143799e-03
6.982499999999208740e+03 3.723584488034248352e-02 5.844716448336839676e-03
6.983979999999208303e+03 3.102480247616767883e-02 5.706804804503917694e-03
6.985459999999207866e+03 2.565767988562583923e-02 5.524409003555774689e-03
6.986939999999207430e+03 2.560832165181636810e-02 5.412339698523283005e-03
6.988419999999206993e+03 3.366664424538612366e-02 9.906552731990814209e-03
6.989899999999206557e+03 4.145843163132667542e-02 9.363806806504726410e-03
6.991379999999206120e+03 4.205535724759101868e-02 5.702365189790725708e-03
6.992859999999205684e+03 3.806803002953529358e-02 5.663525778800249100e-03
6.994339999999205247e+03 3.814691305160522461e-02 5.801667459309101105e-03
6.995819999999204811e+03 3.867907077074050903e-02 5.854350049048662186e-03
6.997299999999204374e+03 2.859842590987682343e-02 5.580570083111524582e-03
6.998779999999203937e+03 3.069460019469261169e-02 5.596488248556852341e-03
7.000259999999203501e+03 3.536324948072433472e-02 5.891161039471626282e-03
7.001739999999203064e+03 4.320853203535079956e-02 6.396419368684291840e-03
7.003219999999202628e+03 3.543099761009216309e-02 6.189600098878145218e-03
7.004699999999202191e+03 3.131170943379402161e-02 5.715960636734962463e-03
7.006179999999201755e+03 4.337338358163833618e-02 5.742685403674840927e-03
7.007659999999201318e+03 2.751821652054786682e-02 5.729331169277429581e-03
7.009139999999200882e+03 3.788487240672111511e-02 6.711187772452831268e-03
7.010619999999200445e+03 4.165508598089218140e-02 6.909738760441541672e-03
7.012099999999200008e+03 4.027096554636955261e-02 6.238093134015798569e-03
7.013579999999199572e+03 3.953821957111358643e-02 5.673372652381658554e-03
7.015059999999199135e+03 4.114825278520584106e-02 5.644848104566335678e-03
7.016539999999198699e+03 3.933984041213989258e-02 5.602344870567321777e-03
7.018019999999198262e+03 2.803672105073928833e-02 5.294629838317632675e-03
7.019499999999197826e+03 2.962171658873558044e-02 5.343871191143989563e-03
7.020979999999197389e+03 4.117957875132560730e-02 5.648603662848472595e-03
7.022459999999196953e+03 4.064138606190681458e-02 5.619186908006668091e-03
7.023939999999196516e+03 3.648371249437332153e-02 5.525968037545681000e-03
7.025419999999196079e+03 2.311708591878414154e-02 5.275944247841835022e-03
7.026899999999195643e+03 3.097537904977798462e-02 5.525893997400999069e-03
7.028379999999195206e+03 4.251955822110176086e-02 5.807643756270408630e-03
7.029859999999194770e+03 2.625431306660175323e-02 5.347189493477344513e-03
7.031339999999194333e+03 3.575944900512695312e-02 5.452585872262716293e-03
7.032819999999193897e+03 2.144937962293624878e-02 5.138353910297155380e-03
7.034299999999193460e+03 3.232171013951301575e-02 5.482597742229700089e-03
7.035779999999193024e+03 3.279622644186019897e-02 5.499871447682380676e-03
7.037259999999192587e+03 3.515906631946563721e-02 5.577503703534603119e-03
7.038739999999192150e+03 2.575805224478244781e-02 5.614765919744968414e-03
7.040219999999191714e+03 3.019776195287704468e-02 5.866650026291608810e-03
7.041699999999191277e+03 3.912363201379776001e-02 5.891559179872274399e-03
7.043179999999190841e+03 3.413954749703407288e-02 5.738625768572092056e-03
7.044659999999190404e+03 3.562046587467193604e-02 6.290092598646879196e-03
7.046139999999189968e+03 3.180479630827903748e-02 6.725911982357501984e-03
7.047619999999189531e+03 2.844594046473503113e-02 6.625251844525337219e-03
7.049099999999189095e+03 4.193024709820747375e-02 1.148143131285905838e-02
7.050579999999188658e+03 4.037462547421455383e-02 1.619107089936733246e-02
7.052059999999188221e+03 3.522947430610656738e-02 6.052456330507993698e-03
7.053539999999187785e+03 3.193251788616180420e-02 5.816705524921417236e-03
7.055019999999187348e+03 2.053321711719036102e-02 5.380618385970592499e-03
7.056499999999186912e+03 3.176563605666160583e-02 5.512055940926074982e-03
7.057979999999186475e+03 3.667208552360534668e-02 5.684855859726667404e-03
7.059459999999186039e+03 3.655083104968070984e-02 5.814505741000175476e-03
7.060939999999185602e+03 3.192620351910591125e-02 5.851183086633682251e-03
7.062419999999185166e+03 3.899711742997169495e-02 6.069805007427930832e-03
7.063899999999184729e+03 4.023515433073043823e-02 6.118101999163627625e-03
7.065379999999184292e+03 3.349799662828445435e-02 5.934393499046564102e-03
7.066859999999183856e+03 2.767372503876686096e-02 5.738885141909122467e-03
7.068339999999183419e+03 3.810045868158340454e-02 5.952873732894659042e-03
7.069819999999182983e+03 4.313117265701293945e-02 6.023557391017675400e-03
7.071299999999182546e+03 3.537112474441528320e-02 5.905301310122013092e-03
7.072779999999182110e+03 3.615340590476989746e-02 5.948295816779136658e-03
7.074259999999181673e+03 3.128607198596000671e-02 5.798787344247102737e-03
7.075739999999181236e+03 3.634979203343391418e-02 5.974984262138605118e-03
7.077219999999180800e+03 3.372418507933616638e-02 5.940458271652460098e-03
7.078699999999180363e+03 2.986761182546615601e-02 5.785711109638214111e-03
7.080179999999179927e+03 4.526545852422714233e-02 6.252882070839405060e-03
7.081659999999179490e+03 3.867235407233238220e-02 6.091615650802850723e-03
7.083139999999179054e+03 3.700057789683341980e-02 5.841532722115516663e-03
7.084619999999178617e+03 3.593812137842178345e-02 5.820186808705329895e-03
7.086099999999178181e+03 3.986577689647674561e-02 6.246566772460937500e-03
7.087579999999177744e+03 4.155269637703895569e-02 6.482228636741638184e-03
7.089059999999177307e+03 3.408732637763023376e-02 6.193537730723619461e-03
7.090539999999176871e+03 3.403117880225181580e-02 5.928816273808479309e-03
7.092019999999176434e+03 2.773636393249034882e-02 5.578467622399330139e-03
7.093499999999175998e+03 2.735702879726886749e-02 5.450824741274118423e-03
7.094979999999175561e+03 4.230963066220283508e-02 5.733566358685493469e-03
7.096459999999175125e+03 4.119109734892845154e-02 5.769935902208089828e-03
