4.300739999999999782e+03 1.112659648060798645e-02 1.064335368573665619e-02
4.302219999999999345e+03 1.668729260563850403e-02 1.107006706297397614e-02
4.303699999999998909e+03 -4.245108924806118011e-03 9.768429212272167206e-03
4.305179999999998472e+03 -2.902704756706953049e-03 9.803366847336292267e-03
4.306659999999998035e+03 3.807586617767810822e-03 1.002864260226488113e-02
4.308139999999997599e+03 1.916196756064891815e-02 1.107396185398101807e-02
4.309619999999997162e+03 2.592905610799789429e-02 1.138787157833576202e-02
4.311099999999996726e+03 3.808859363198280334e-02 1.186749059706926346e-02
4.312579999999996289e+03 1.765914261341094971e-02 1.080191694200038910e-02
4.314059999999995853e+03 -1.522457459941506386e-04 1.051756087690591812e-02
4.315539999999995416e+03 4.315789788961410522e-03 1.057143602520227432e-02
4.317019999999994980e+03 4.134077578783035278e-03 1.071548834443092346e-02
4.318499999999994543e+03 -3.157409839332103729e-03 1.010302733629941940e-02
4.319979999999994106e+03 9.419709444046020508e-03 1.084225345402956009e-02
4.321459999999993670e+03 3.065188229084014893e-02 1.144080795347690582e-02
4.322939999999993233e+03 1.944575831294059753e-02 1.044318079948425293e-02
4.324419999999992797e+03 2.645211294293403625e-02 1.035579573363065720e-02
4.325899999999992360e+03 9.284343570470809937e-03 9.306365624070167542e-03
4.327379999999991924e+03 8.184326579794287682e-04 9.547277353703975677e-03
4.328859999999991487e+03 1.920400746166706085e-02 1.061171200126409531e-02
4.330339999999991051e+03 8.289024233818054199e-03 9.844579733908176422e-03
4.331819999999990614e+03 -8.820278570055961609e-03 9.116565808653831482e-03
4.333299999999990177e+03 6.644799374043941498e-03 9.779345244169235229e-03
4.334779999999989741e+03 2.570052258670330048e-02 1.085330266505479813e-02
4.336259999999989304e+03 7.825968787074089050e-03 9.530389681458473206e-03
4.337739999999988868e+03 -6.464959122240543365e-03 8.451446890830993652e-03
4.339219999999988431e+03 -1.070853322744369507e-04 8.153556846082210541e-03
4.340699999999987995e+03 1.990836299955844879e-02 9.427333250641822815e-03
4.342179999999987558e+03 1.694202050566673279e-02 9.631524793803691864e-03
4.343659999999987122e+03 3.743910929188132286e-04 8.495517075061798096e-03
4.345139999999986685e+03 2.880553528666496277e-02 1.030626706779003143e-02
4.346619999999986248e+03 -1.717798225581645966e-02 7.995797321200370789e-03
4.348099999999985812e+03 1.193033903837203979e-02 9.462962858378887177e-03
4.349579999999985375e+03 5.627267062664031982e-03 9.107057005167007446e-03
4.351059999999984939e+03 -6.640972569584846497e-03 7.943312637507915497e-03
4.352539999999984502e+03 3.409257158637046814e-02 1.028062123805284500e-02
4.354019999999984066e+03 1.125720143318176270e-02 8.983626961708068848e-03
4.355499999999983629e+03 -7.809811271727085114e-03 7.657543756067752838e-03
4.356979999999983193e+03 -1.543583581224083900e-03 8.229601196944713593e-03
4.358459999999982756e+03 2.135929092764854431e-02 9.377718903124332428e-03
4.359939999999982319e+03 4.174735397100448608e-03 8.541265502572059631e-03
4.361419999999981883e+03 3.398587182164192200e-02 1.029034238308668137e-02
4.362899999999981446e+03 9.039752185344696045e-03 8.829548023641109467e-03
4.364379999999981010e+03 2.026617527008056641e-03 8.134395815432071686e-03
4.365859999999980573e+03 2.121951803565025330e-02 9.412498213350772858e-03
4.367339999999980137e+03 2.009469456970691681e-02 9.204921312630176544e-03
4.368819999999979700e+03 1.856258511543273926e-02 9.001252241432666779e-03
4.370299999999979264e+03 2.184783667325973511e-02 9.089392609894275665e-03
4.371779999999978827e+03 -6.588579621165990829e-03 7.190760225057601929e-03
4.373259999999978390e+03 1.391965243965387344e-02 8.357397280633449554e-03
4.374739999999977954e+03 1.120347762480378151e-03 7.595323026180267334e-03
4.376219999999977517e+03 1.322466693818569183e-02 8.615121245384216309e-03
4.377699999999977081e+03 1.177395135164260864e-02 8.624290116131305695e-03
4.379179999999976644e+03 2.925156615674495697e-03 7.794174365699291229e-03
4.380659999999976208e+03 -1.075459644198417664e-02 6.803051568567752838e-03
4.382139999999975771e+03 9.579754434525966644e-03 7.724341470748186111e-03
4.383619999999975335e+03 1.847191713750362396e-02 7.882865145802497864e-03
4.385099999999974898e+03 1.571848988533020020e-02 8.103094063699245453e-03
4.386579999999974461e+03 1.261520944535732269e-02 8.131916634738445282e-03
4.388059999999974025e+03 1.070737373083829880e-02 7.767923176288604736e-03
4.389539999999973588e+03 1.397437974810600281e-02 7.934986613690853119e-03
4.391019999999973152e+03 1.897813566029071808e-02 8.100574836134910583e-03
4.392499999999972715e+03 1.177872437983751297e-02 7.740856613963842392e-03
4.393979999999972279e+03 4.318943247199058533e-03 7.438472006469964981e-03
4.395459999999971842e+03 -1.277895364910364151e-02 6.345394067466259003e-03
4.396939999999971405e+03 1.343108993023633957e-02 8.019218221306800842e-03
4.398419999999970969e+03 1.365284807980060577e-02 7.644979283213615417e-03
4.399899999999970532e+03 9.370734915137290955e-03 7.375694345682859421e-03
4.401379999999970096e+03 5.949218291789293289e-03 7.494815625250339508e-03
4.402859999999969659e+03 -1.972474623471498489e-03 6.843627430498600006e-03
4.404339999999969223e+03 6.707620341330766678e-03 7.467178162187337875e-03
4.405819999999968786e+03 1.354595646262168884e-02 7.924780249595642090e-03
4.407299999999968350e+03 1.304639317095279694e-02 7.902048528194427490e-03
4.408779999999967913e+03 7.783758337609469891e-04 7.316729053854942322e-03
4.410259999999967476e+03 5.991889629513025284e-03 7.522006053477525711e-03
4.411739999999967040e+03 1.427602302283048630e-02 8.067749440670013428e-03
4.413219999999966603e+03 5.631679203361272812e-03 7.547017652541399002e-03
4.414699999999966167e+03 9.282151237130165100e-03 7.374423556029796600e-03
4.416179999999965730e+03 1.673235557973384857e-03 7.078682072460651398e-03
4.417659999999965294e+03 1.244328916072845459e-02 7.605462335050106049e-03
4.419139999999964857e+03 5.658918060362339020e-03 7.105941884219646454e-03
4.420619999999964421e+03 5.257304292172193527e-03 7.550627458840608597e-03
4.422099999999963984e+03 2.393832802772521973e-02 8.132790215313434601e-03
4.423579999999963547e+03 1.790496706962585449e-02 7.600112818181514740e-03
4.425059999999963111e+03 -1.962227281183004379e-03 6.883654743432998657e-03
4.426539999999962674e+03 9.591739624738693237e-03 7.442901842296123505e-03
4.428019999999962238e+03 -3.208481008186936378e-03 6.753567140549421310e-03
4.429499999999961801e+03 2.108987607061862946e-02 7.746129296720027924e-03
4.430979999999961365e+03 2.244960516691207886e-02 7.793041411787271500e-03
4.432459999999960928e+03 8.823463693261146545e-03 7.132818456739187241e-03
4.433939999999960492e+03 1.999180577695369720e-02 7.421873975545167923e-03
4.435419999999960055e+03 -6.607862189412117004e-03 5.985231604427099228e-03
4.436899999999959618e+03 7.060151547193527222e-04 6.579466629773378372e-03
4.438379999999959182e+03 2.110017463564872742e-02 7.643083576112985611e-03
4.439859999999958745e+03 1.327308639883995056e-02 7.318632211536169052e-03
4.441339999999958309e+03 -5.692068487405776978e-03 6.139677017927169800e-03
4.442819999999957872e+03 -8.223607204854488373e-03 5.747347138822078705e-03
4.444299999999957436e+03 1.534187421202659607e-02 7.156958803534507751e-03
4.445779999999956999e+03 1.276259776204824448e-03 6.625147070735692978e-03
4.447259999999956563e+03 5.406104959547519684e-03 6.757162977010011673e-03
4.448739999999956126e+03 1.310612820088863373e-02 6.990632973611354828e-03
4.450219999999955689e+03 4.632044583559036255e-03 6.556274369359016418e-03
4.451699999999955253e+03 1.546696014702320099e-02 7.059108465909957886e-03
4.453179999999954816e+03 1.211946946568787098e-03 6.166346371173858643e-03
4.454659999999954380e+03 -1.079133246093988419e-03 5.879770964384078979e-03
4.456139999999953943e+03 8.217192254960536957e-03 6.324165966361761093e-03
4.457619999999953507e+03 9.998443536460399628e-03 6.451523397117853165e-03
4.459099999999953070e+03 2.257817238569259644e-02 6.969776935875415802e-03
4.460579999999952634e+03 4.102581646293401718e-03 6.145180203020572662e-03
4.462059999999952197e+03 9.238069877028465271e-03 6.489359773695468903e-03
4.463539999999951760e+03 1.084183715283870697e-02 6.523777730762958527e-03
4.465019999999951324e+03 7.161248009651899338e-03 6.554033141583204269e-03
4.466499999999950887e+03 1.290750503540039062e-02 6.719851400703191757e-03
4.467979999999950451e+03 3.382069990038871765e-04 6.202542688697576523e-03
4.469459999999950014e+03 -4.872784484177827835e-04 5.939471069723367691e-03
4.470939999999949578e+03 1.825001835823059082e-02 6.774792447686195374e-03
4.472419999999949141e+03 1.637615449726581573e-02 6.812768988311290741e-03
4.473899999999948704e+03 1.234492659568786621e-02 6.845936644822359085e-03
4.475379999999948268e+03 4.509601276367902756e-03 6.372701842337846756e-03
4.476859999999947831e+03 5.408626981079578400e-03 6.341065280139446259e-03
4.478339999999947395e+03 5.856233183294534683e-03 6.363986060023307800e-03
4.479819999999946958e+03 6.411253474652767181e-03 6.341901142150163651e-03
4.481299999999946522e+03 8.322439389303326607e-04 5.855475086718797684e-03
4.482779999999946085e+03 1.024448592215776443e-02 6.318486295640468597e-03
4.484259999999945649e+03 -1.194957736879587173e-02 5.458593368530273438e-03
4.485739999999945212e+03 1.304538920521736145e-02 6.897213403135538101e-03
4.487219999999944775e+03 8.165178820490837097e-03 6.476749666035175323e-03
4.488699999999944339e+03 4.149832297116518021e-03 6.098212208598852158e-03
4.490179999999943902e+03 1.843254826962947845e-02 6.726902909576892853e-03
4.491659999999943466e+03 3.371623344719409943e-03 6.126978434622287750e-03
4.493139999999943029e+03 1.143754459917545319e-02 6.580822635442018509e-03
4.494619999999942593e+03 7.764778099954128265e-03 6.473410874605178833e-03
4.496099999999942156e+03 1.109718158841133118e-02 6.550800520926713943e-03
4.497579999999941720e+03 1.018528128042817116e-03 6.076242309063673019e-03
4.499059999999941283e+03 7.356411777436733246e-03 6.488819606602191925e-03
4.500539999999940846e+03 1.025521010160446167e-02 6.476609967648983002e-03
4.502019999999940410e+03 1.343527529388666153e-02 6.659635342657566071e-03
4.503499999999939973e+03 1.035156194120645523e-02 6.657009944319725037e-03
4.504979999999939537e+03 1.056513376533985138e-02 6.577725987881422043e-03
4.506459999999939100e+03 1.058138720691204071e-02 6.694307550787925720e-03
4.507939999999938664e+03 -1.204354921355843544e-04 6.176257971674203873e-03
4.509419999999938227e+03 7.311726920306682587e-03 6.451078690588474274e-03
4.510899999999937791e+03 1.509367115795612335e-02 6.759389303624629974e-03
4.512379999999937354e+03 6.373242475092411041e-03 6.305428687483072281e-03
4.513859999999936917e+03 1.105583272874355316e-02 6.506639532744884491e-03
4.515339999999936481e+03 7.557258941233158112e-03 6.300924345850944519e-03
4.516819999999936044e+03 -2.194358035922050476e-03 5.925993900746107101e-03
4.518299999999935608e+03 7.900344207882881165e-03 6.430138833820819855e-03
4.519779999999935171e+03 1.326537225395441055e-02 6.670302711427211761e-03
4.521259999999934735e+03 4.694526083767414093e-03 6.362759973853826523e-03
4.522739999999934298e+03 2.194917201995849609e-02 7.099101785570383072e-03
4.524219999999933862e+03 7.488076575100421906e-03 6.430117879062891006e-03
4.525699999999933425e+03 8.655951358377933502e-03 6.415236275643110275e-03
4.527179999999932988e+03 8.443018421530723572e-03 6.254311650991439819e-03
4.528659999999932552e+03 -3.041796386241912842e-03 5.835304968059062958e-03
4.530139999999932115e+03 1.666599884629249573e-02 6.776122376322746277e-03
4.531619999999931679e+03 2.001731470227241516e-02 6.999132223427295685e-03
4.533099999999931242e+03 2.301424928009510040e-02 7.103017065674066544e-03
4.534579999999930806e+03 5.501735955476760864e-03 6.275481544435024261e-03
4.536059999999930369e+03 1.437993068248033524e-02 6.556416396051645279e-03
4.537539999999929933e+03 4.828511737287044525e-04 6.233092863112688065e-03
4.539019999999929496e+03 1.213580928742885590e-02 6.765352096408605576e-03
4.540499999999929059e+03 9.220362640917301178e-03 6.508082151412963867e-03
4.541979999999928623e+03 1.873350143432617188e-02 6.894477643072605133e-03
4.543459999999928186e+03 1.668552681803703308e-02 6.921954918652772903e-03
4.544939999999927750e+03 6.388747133314609528e-03 6.459516938775777817e-03
4.546419999999927313e+03 9.185314178466796875e-03 6.461455021053552628e-03
4.547899999999926877e+03 5.500754341483116150e-03 6.297399289906024933e-03
4.549379999999926440e+03 6.630581803619861603e-03 6.147508975118398666e-03
4.550859999999926004e+03 -2.277262974530458450e-03 5.764214321970939636e-03
4.552339999999925567e+03 5.324664991348981857e-03 6.313501857221126556e-03
4.553819999999925130e+03 2.077234722673892975e-02 6.849509198218584061e-03
4.555299999999924694e+03 2.046513371169567108e-02 6.848361808806657791e-03
4.556779999999924257e+03 1.626731827855110168e-02 6.596661172807216644e-03
4.558259999999923821e+03 2.498701959848403931e-02 7.132411003112792969e-03
4.559739999999923384e+03 4.737260751426219940e-03 6.203359458595514297e-03
4.561219999999922948e+03 8.329387754201889038e-03 6.419008132070302963e-03
4.562699999999922511e+03 3.568001789972186089e-03 6.167786661535501480e-03
4.564179999999922074e+03 2.567028626799583435e-02 6.926319561898708344e-03
4.565659999999921638e+03 5.921316333115100861e-03 6.158531177788972855e-03
4.567139999999921201e+03 4.878977779299020767e-03 6.155655253678560257e-03
4.568619999999920765e+03 1.309630461037158966e-02 6.532941013574600220e-03
4.570099999999920328e+03 2.083234116435050964e-02 6.770402193069458008e-03
4.571579999999919892e+03 1.500506536103785038e-03 5.891626235097646713e-03
4.573059999999919455e+03 9.906048886477947235e-03 6.259890273213386536e-03
4.574539999999919019e+03 2.238957583904266357e-02 6.758906412869691849e-03
4.576019999999918582e+03 4.465642385184764862e-03 6.099634803831577301e-03
4.577499999999918145e+03 2.437944337725639343e-02 6.931093987077474594e-03
4.578979999999917709e+03 -3.318265080451965332e-03 5.670057609677314758e-03
4.580459999999917272e+03 1.269500469788908958e-03 5.857931450009346008e-03
4.581939999999916836e+03 2.212908864021301270e-02 6.806235760450363159e-03
4.583419999999916399e+03 -4.243873991072177887e-04 5.781930871307849884e-03
4.584899999999915963e+03 2.062093652784824371e-02 6.564383395016193390e-03
4.586379999999915526e+03 5.067386664450168610e-03 6.000961177051067352e-03
4.587859999999915090e+03 6.455280352383852005e-03 6.001991685479879379e-03
4.589339999999914653e+03 3.825202817097306252e-03 5.979388486593961716e-03
4.590819999999914216e+03 1.815922744572162628e-02 6.540955509990453720e-03
4.592299999999913780e+03 8.234447799623012543e-03 6.119841244071722031e-03
4.593779999999913343e+03 2.155726775527000427e-02 6.512499880045652390e-03
4.595259999999912907e+03 1.617397740483283997e-02 6.375316530466079712e-03
4.596739999999912470e+03 5.542882718145847321e-03 5.910174455493688583e-03
4.598219999999912034e+03 1.606653258204460144e-02 6.342041306197643280e-03
4.599699999999911597e+03 1.256033312529325485e-02 6.201924756169319153e-03
4.601179999999911161e+03 1.254537049680948257e-02 6.150381173938512802e-03
4.602659999999910724e+03 7.728720083832740784e-05 5.697770975530147552e-03
4.604139999999910287e+03 1.839825697243213654e-02 6.342945620417594910e-03
4.605619999999909851e+03 1.442011212930083275e-03 5.724573042243719101e-03
4.607099999999909414e+03 1.012559887021780014e-02 6.137947551906108856e-03
4.608579999999908978e+03 1.139813475310802460e-02 6.149645429104566574e-03
4.610059999999908541e+03 7.144737988710403442e-03 6.073032971471548080e-03
4.611539999999908105e+03 1.170170027762651443e-02 6.221874151378870010e-03
4.613019999999907668e+03 7.542700972408056259e-03 5.962011869996786118e-03
4.614499999999907232e+03 7.263099774718284607e-03 5.917438771575689316e-03
4.615979999999906795e+03 1.068964041769504547e-02 6.117375567555427551e-03
4.617459999999906358e+03 1.631717383861541748e-02 6.364082451909780502e-03
4.618939999999905922e+03 8.285436779260635376e-03 5.947840865701436996e-03
4.620419999999905485e+03 1.291550137102603912e-02 6.197004579007625580e-03
4.621899999999905049e+03 -4.936342593282461166e-03 5.491237621754407883e-03
4.623379999999904612e+03 1.793518848717212677e-02 6.315189413726329803e-03
4.624859999999904176e+03 1.346273627132177353e-02 6.257037166506052017e-03
4.626339999999903739e+03 1.325696893036365509e-02 6.236078217625617981e-03
4.627819999999903303e+03 1.452596299350261688e-02 6.240983959287405014e-03
4.629299999999902866e+03 1.368111837655305862e-02 6.163335870951414108e-03
4.630779999999902429e+03 6.548915524035692215e-03 5.847827531397342682e-03
4.632259999999901993e+03 5.215542390942573547e-03 5.730804987251758575e-03
4.633739999999901556e+03 1.443643867969512939e-02 6.010989192873239517e-03
4.635219999999901120e+03 -1.525992876850068569e-03 5.423109047114849091e-03
4.636699999999900683e+03 8.610546588897705078e-03 5.811284761875867844e-03
4.638179999999900247e+03 1.697550155222415924e-02 6.086399313062429428e-03
4.639659999999899810e+03 1.088180392980575562e-02 5.855385214090347290e-03
4.641139999999899374e+03 6.551953963935375214e-03 5.771165248006582260e-03
4.642619999999898937e+03 1.357163023203611374e-02 6.052274256944656372e-03
4.644099999999898500e+03 2.101053018122911453e-03 5.379962734878063202e-03
4.645579999999898064e+03 1.803404837846755981e-02 6.120313424617052078e-03
4.647059999999897627e+03 1.787897944450378418e-02 6.080671679228544235e-03
4.648539999999897191e+03 1.891717314720153809e-02 6.051221396774053574e-03
4.650019999999896754e+03 2.001556567847728729e-02 6.225028075277805328e-03
4.651499999999896318e+03 1.457370631396770477e-02 6.050122436136007309e-03
4.652979999999895881e+03 8.704574778676033020e-03 5.805304273962974548e-03
4.654459999999895444e+03 1.423569582402706146e-02 5.961353890597820282e-03
4.655939999999895008e+03 4.595177248120307922e-03 5.425954237580299377e-03
4.657419999999894571e+03 1.001208927482366562e-02 5.998535547405481339e-03
4.658899999999894135e+03 7.516569923609495163e-03 5.905083380639553070e-03
4.660379999999893698e+03 6.367021240293979645e-03 5.873806774616241455e-03
4.661859999999893262e+03 -2.927979454398155212e-03 5.451557692140340805e-03
4.663339999999892825e+03 8.095937781035900116e-03 5.759083665907382965e-03
4.664819999999892389e+03 1.344050560146570206e-02 5.888412240892648697e-03
4.666299999999891952e+03 1.205626688897609711e-02 5.776281934231519699e-03
4.667779999999891515e+03 1.800728589296340942e-02 5.937061272561550140e-03
4.669259999999891079e+03 6.644152104854583740e-03 5.605334416031837463e-03
4.670739999999890642e+03 1.149296574294567108e-02 5.844942294061183929e-03
4.672219999999890206e+03 1.257130037993192673e-02 5.942008923739194870e-03
4.673699999999889769e+03 1.070637069642543793e-02 5.794788710772991180e-03
4.675179999999889333e+03 1.459584012627601624e-02 6.025808397680521011e-03
4.676659999999888896e+03 5.049353465437889099e-03 5.627919454127550125e-03
4.678139999999888460e+03 -1.913948799483478069e-03 5.285174585878849030e-03
4.679619999999888023e+03 8.635917678475379944e-03 5.669360980391502380e-03
4.681099999999887586e+03 1.671713776886463165e-02 5.982071626931428909e-03
4.682579999999887150e+03 1.736108772456645966e-02 6.025645416229963303e-03
4.684059999999886713e+03 5.179212894290685654e-03 5.503857973963022232e-03
4.685539999999886277e+03 7.633195258677005768e-03 5.698302760720252991e-03
4.687019999999885840e+03 6.460709031671285629e-03 5.526857450604438782e-03
4.688499999999885404e+03 1.832746900618076324e-02 6.039437372237443924e-03
4.689979999999884967e+03 1.016773097217082977e-02 5.717050749808549881e-03
4.691459999999884531e+03 1.063941232860088348e-02 5.701605696231126785e-03
4.692939999999884094e+03 1.132252067327499390e-02 5.645289085805416107e-03
4.694419999999883657e+03 -1.982029294595122337e-03 5.202847067266702652e-03
4.695899999999883221e+03 1.161160785704851151e-02 5.762866232544183731e-03
4.697379999999882784e+03 9.262859821319580078e-03 5.595614667981863022e-03
4.698859999999882348e+03 1.078961603343486786e-02 5.553064402192831039e-03
4.700339999999881911e+03 8.585655130445957184e-03 5.387686658650636673e-03
4.701819999999881475e+03 7.413443177938461304e-03 5.400567781180143356e-03
4.703299999999881038e+03 5.891946610063314438e-03 5.313537549227476120e-03
4.704779999999880602e+03 1.938458532094955444e-02 5.872809793800115585e-03
4.706259999999880165e+03 1.033948734402656555e-02 5.610972177237272263e-03
4.707739999999879728e+03 6.210659164935350418e-03 5.389748141169548035e-03
4.709219999999879292e+03 6.113450042903423309e-03 5.353832617402076721e-03
4.710699999999878855e+03 4.869403317570686340e-03 5.324375350028276443e-03
4.712179999999878419e+03 7.715926971286535263e-03 5.485717672854661942e-03
4.713659999999877982e+03 1.182870566844940186e-02 5.593954585492610931e-03
4.715139999999877546e+03 1.212162710726261139e-02 5.591020453721284866e-03
4.716619999999877109e+03 7.748639676719903946e-03 5.517423152923583984e-03
4.718099999999876673e+03 7.092948071658611298e-03 5.545130465179681778e-03
4.719579999999876236e+03 1.098633743822574615e-02 5.665180739015340805e-03
4.721059999999875799e+03 1.339865103363990784e-02 5.657766945660114288e-03
4.722539999999875363e+03 1.430958788841962814e-02 5.725254770368337631e-03
4.724019999999874926e+03 4.053434822708368301e-03 5.428802222013473511e-03
4.725499999999874490e+03 1.277807541191577911e-02 5.672315135598182678e-03
4.726979999999874053e+03 2.522724308073520660e-02 6.019427441060543060e-03
4.728459999999873617e+03 1.580990478396415710e-02 5.682589020580053329e-03
4.729939999999873180e+03 1.687255501747131348e-02 5.637980531901121140e-03
4.731419999999872744e+03 6.784425582736730576e-03 5.346112884581089020e-03
4.732899999999872307e+03 7.240289356559514999e-03 5.300011951476335526e-03
4.734379999999871870e+03 6.082138046622276306e-03 5.246059037744998932e-03
4.735859999999871434e+03 1.372776553034782410e-02 5.602682009339332581e-03
4.737339999999870997e+03 1.840769685804843903e-02 5.833313800394535065e-03
4.738819999999870561e+03 1.161140482872724533e-02 5.487673915922641754e-03
4.740299999999870124e+03 1.419454813003540039e-02 5.530714523047208786e-03
4.741779999999869688e+03 1.582965021952986717e-03 5.133076105266809464e-03
4.743259999999869251e+03 1.416555489413440228e-03 5.196566227823495865e-03
4.744739999999868814e+03 -3.153047291561961174e-04 4.975851159542798996e-03
4.746219999999868378e+03 1.695451885461807251e-02 5.696324631571769714e-03
4.747699999999867941e+03 2.173236012458801270e-02 5.982723552733659744e-03
4.749179999999867505e+03 7.452408783137798309e-03 5.333378911018371582e-03
4.750659999999867068e+03 1.769323833286762238e-02 5.683279130607843399e-03
4.752139999999866632e+03 1.159838028252124786e-02 5.487446207553148270e-03
4.753619999999866195e+03 8.562845177948474884e-03 5.298338364809751511e-03
4.755099999999865759e+03 5.574860610067844391e-03 5.157740786671638489e-03
4.756579999999865322e+03 2.093759551644325256e-02 5.766557063907384872e-03
4.758059999999864885e+03 1.158073544502258301e-02 5.412821192294359207e-03
4.759539999999864449e+03 9.756420738995075226e-03 5.411793477833271027e-03
4.761019999999864012e+03 1.347178220748901367e-02 5.542511586099863052e-03
4.762499999999863576e+03 1.171241514384746552e-02 5.344972014427185059e-03
4.763979999999863139e+03 1.697210595011711121e-02 5.572183057665824890e-03
4.765459999999862703e+03 1.235310174524784088e-02 5.362257827073335648e-03
4.766939999999862266e+03 8.729509077966213226e-03 5.246915854513645172e-03
4.768419999999861830e+03 1.288406923413276672e-02 5.448248703032732010e-03
4.769899999999861393e+03 9.666243568062782288e-03 5.336624570190906525e-03
4.771379999999860956e+03 1.492629759013652802e-03 4.994906019419431686e-03
4.772859999999860520e+03 1.360013242810964584e-02 5.551469977945089340e-03
4.774339999999860083e+03 1.225166209042072296e-02 5.515111144632101059e-03
4.775819999999859647e+03 9.877406060695648193e-03 5.389974452555179596e-03
4.777299999999859210e+03 3.681060159578919411e-03 5.200783722102642059e-03
4.778779999999858774e+03 1.000672020018100739e-02 5.375567823648452759e-03
4.780259999999858337e+03 1.004785764962434769e-02 5.319193005561828613e-03
4.781739999999857901e+03 8.252907544374465942e-03 5.171521101146936417e-03
4.783219999999857464e+03 -8.782522752881050110e-03 4.468351602554321289e-03
4.784699999999857027e+03 1.294321753084659576e-02 5.402244627475738525e-03
4.786179999999856591e+03 1.498989202082157135e-02 5.498130805790424347e-03
4.787659999999856154e+03 1.352861057966947556e-02 5.394596140831708908e-03
4.789139999999855718e+03 2.266506291925907135e-02 5.777130834758281708e-03
4.790619999999855281e+03 1.493356842547655106e-02 5.519595462828874588e-03
4.792099999999854845e+03 -2.647258806973695755e-04 4.930037539452314377e-03
4.793579999999854408e+03 1.489595882594585419e-02 5.471108481287956238e-03
4.795059999999853972e+03 1.136738806962966919e-02 5.379352718591690063e-03
4.796539999999853535e+03 8.155174553394317627e-03 5.238946527242660522e-03
4.798019999999853098e+03 1.023499853909015656e-02 5.371326114982366562e-03
4.799499999999852662e+03 9.399712085723876953e-03 5.239912308752536774e-03
4.800979999999852225e+03 6.444440688937902451e-03 5.111947655677795410e-03
4.802459999999851789e+03 4.979027900844812393e-03 5.075503140687942505e-03
4.803939999999851352e+03 1.316799968481063843e-02 5.461506545543670654e-03
4.805419999999850916e+03 9.776478633284568787e-03 5.288163665682077408e-03
4.806899999999850479e+03 1.629717461764812469e-02 5.312710534781217575e-03
4.808379999999850043e+03 1.035944931209087372e-02 8.146172389388084412e-03
4.809859999999849606e+03 1.412408333271741867e-02 5.335415247827768326e-03
4.811339999999849169e+03 5.949602928012609482e-03 5.146007053554058075e-03
4.812819999999848733e+03 2.125321188941597939e-03 4.978925455361604691e-03
4.814299999999848296e+03 1.301076356321573257e-02 5.430709104984998703e-03
4.815779999999847860e+03 9.640457108616828918e-03 5.334010347723960876e-03
4.817259999999847423e+03 5.400203168392181396e-03 5.239651538431644440e-03
4.818739999999846987e+03 2.208705758675932884e-03 5.135861225426197052e-03
4.820219999999846550e+03 1.326302904635667801e-02 5.575832445174455643e-03
4.821699999999846113e+03 9.423377923667430878e-03 5.376293323934078217e-03
4.823179999999845677e+03 9.335455484688282013e-03 5.315864924341440201e-03
4.824659999999845240e+03 7.320116274058818817e-03 5.206595640629529953e-03
4.826139999999844804e+03 1.453347038477659225e-02 5.529732443392276764e-03
4.827619999999844367e+03 1.282454188913106918e-02 5.416641477495431900e-03
4.829099999999843931e+03 9.584475308656692505e-03 5.309622269123792648e-03
4.830579999999843494e+03 1.082788687199354172e-02 5.364959128201007843e-03
4.832059999999843058e+03 1.076418347656726837e-02 5.358029622584581375e-03
4.833539999999842621e+03 4.892977885901927948e-04 4.994840361177921295e-03
4.835019999999842184e+03 2.196291834115982056e-02 5.744799040257930756e-03
4.836499999999841748e+03 1.586831547319889069e-02 5.535611882805824280e-03
4.837979999999841311e+03 1.825213059782981873e-02 5.623022094368934631e-03
4.839459999999840875e+03 1.469647698104381561e-02 5.537772551178932190e-03
4.840939999999840438e+03 1.359821669757366180e-02 5.378616973757743835e-03
4.842419999999840002e+03 1.697836676612496376e-03 4.881614353507757187e-03
4.843899999999839565e+03 1.890626503154635429e-03 4.915169440209865570e-03
4.845379999999839129e+03 1.060425397008657455e-02 5.335790105164051056e-03
4.846859999999838692e+03 1.090478897094726562e-02 5.272689275443553925e-03
4.848339999999838255e+03 4.280379973351955414e-03 4.935416858643293381e-03
4.849819999999837819e+03 1.103729661554098129e-02 5.136981606483459473e-03
4.851299999999837382e+03 1.469376590102910995e-02 5.348985549062490463e-03
4.852779999999836946e+03 5.323349963873624802e-03 5.048682913184165955e-03
4.854259999999836509e+03 1.501222513616085052e-02 5.283185280859470367e-03
4.855739999999836073e+03 1.453249529004096985e-02 5.128061398863792419e-03
4.857219999999835636e+03 5.235589575022459030e-03 4.714175593107938766e-03
4.858699999999835200e+03 1.322663202881813049e-02 4.989243578165769577e-03
4.860179999999834763e+03 1.063960138708353043e-02 4.852812737226486206e-03
4.861659999999834326e+03 4.888726398348808289e-03 4.540876019746065140e-03
4.863139999999833890e+03 1.482862606644630432e-02 4.985746461898088455e-03
4.864619999999833453e+03 1.346138492226600647e-02 4.996100440621376038e-03
4.866099999999833017e+03 4.634286742657423019e-03 4.803589545190334320e-03
4.867579999999832580e+03 1.683968678116798401e-02 5.338944029062986374e-03
4.869059999999832144e+03 9.531828574836254120e-03 5.067709367722272873e-03
4.870539999999831707e+03 -3.815177828073501587e-03 4.383093211799860001e-03
4.872019999999831271e+03 7.966867648065090179e-03 4.734523594379425049e-03
4.873499999999830834e+03 9.666141122579574585e-03 4.910803399980068207e-03
4.874979999999830397e+03 9.936739690601825714e-03 4.950352013111114502e-03
4.876459999999829961e+03 5.983821116387844086e-03 4.854089580476284027e-03
4.877939999999829524e+03 3.443282097578048706e-03 4.716827068477869034e-03
4.879419999999829088e+03 1.561359688639640808e-02 5.290742032229900360e-03
4.880899999999828651e+03 -8.642492466606199741e-04 4.777664318680763245e-03
4.882379999999828215e+03 2.780163660645484924e-03 4.876255989074707031e-03
4.883859999999827778e+03 4.536995664238929749e-03 4.888662137091159821e-03
4.885339999999827342e+03 7.969029247760772705e-03 4.902251996099948883e-03
4.886819999999826905e+03 1.599869318306446075e-02 5.195650737732648849e-03
4.888299999999826468e+03 7.816354744136333466e-03 4.972820635885000229e-03
4.889779999999826032e+03 2.840970177203416824e-03 4.670609254390001297e-03
4.891259999999825595e+03 6.649545393884181976e-03 4.789046477526426315e-03
4.892739999999825159e+03 1.706394180655479431e-02 5.280072800815105438e-03
4.894219999999824722e+03 1.680114306509494781e-02 5.304475314915180206e-03
4.895699999999824286e+03 8.367315866053104401e-03 5.094727035611867905e-03
4.897179999999823849e+03 9.119994938373565674e-03 5.069049075245857239e-03
4.898659999999823413e+03 9.673910215497016907e-03 5.058189388364553452e-03
4.900139999999822976e+03 1.319006644189357758e-02 5.160941276699304581e-03
4.901619999999822539e+03 1.443588174879550934e-02 5.173854529857635498e-03
4.903099999999822103e+03 1.806762441992759705e-02 5.224486812949180603e-03
4.904579999999821666e+03 1.711140759289264679e-02 5.261293146759271622e-03
4.906059999999821230e+03 1.237014494836330414e-02 5.158152896910905838e-03
4.907539999999820793e+03 5.702825263142585754e-03 4.866206552833318710e-03
4.909019999999820357e+03 1.261880621314048767e-02 4.982721526175737381e-03
4.910499999999819920e+03 5.497129634022712708e-03 4.718575160950422287e-03
4.911979999999819483e+03 8.716430515050888062e-03 4.953214898705482483e-03
4.913459999999819047e+03 1.302932389080524445e-02 5.129598546773195267e-03
4.914939999999818610e+03 2.033125236630439758e-02 5.397167522460222244e-03
4.916419999999818174e+03 1.872389949858188629e-02 5.279296543449163437e-03
4.917899999999817737e+03 1.583147048950195312e-02 5.106636323034763336e-03
4.919379999999817301e+03 7.636557798832654953e-03 4.644652828574180603e-03
4.920859999999816864e+03 3.134560305625200272e-03 4.483808763325214386e-03
4.922339999999816428e+03 -1.694346312433481216e-03 4.343255423009395599e-03
4.923819999999815991e+03 1.469550281763076782e-02 5.111129023134708405e-03
4.925299999999815554e+03 2.037742733955383301e-02 5.279039498418569565e-03
4.926779999999815118e+03 1.076145283877849579e-02 4.989211447536945343e-03
4.928259999999814681e+03 1.772598549723625183e-02 5.225884262472391129e-03
4.929739999999814245e+03 1.702948659658432007e-02 5.218462087213993073e-03
4.931219999999813808e+03 1.852463558316230774e-02 5.238443147391080856e-03
4.932699999999813372e+03 1.057109609246253967e-02 4.858878441154956818e-03
4.934179999999812935e+03 5.383675917983055115e-03 4.666685592383146286e-03
4.935659999999812499e+03 5.818093195557594299e-03 4.766723141074180603e-03
4.937139999999812062e+03 2.640933729708194733e-03 4.646826535463333130e-03
4.938619999999811625e+03 1.540923956781625748e-02 5.006862338632345200e-03
4.940099999999811189e+03 6.420533172786235809e-03 4.655078053474426270e-03
4.941579999999810752e+03 8.257273584604263306e-03 4.815780557692050934e-03
4.943059999999810316e+03 6.484528072178363800e-03 4.876506514847278595e-03
4.944539999999809879e+03 9.518869221210479736e-03 4.966369364410638809e-03
4.946019999999809443e+03 9.682780131697654724e-03 4.878587089478969574e-03
4.947499999999809006e+03 1.605100557208061218e-02 5.161895882338285446e-03
4.948979999999808570e+03 5.144484806805849075e-03 4.753830842673778534e-03
4.950459999999808133e+03 4.194554407149553299e-03 4.671481437981128693e-03
4.951939999999807696e+03 7.576961070299148560e-03 4.857938271015882492e-03
4.953419999999807260e+03 2.290258929133415222e-02 5.436114966869354248e-03
4.954899999999806823e+03 1.300096884369850159e-02 4.991050343960523605e-03
4.956379999999806387e+03 7.708348333835601807e-03 4.614626988768577576e-03
4.957859999999805950e+03 8.937287144362926483e-03 4.615062847733497620e-03
4.959339999999805514e+03 1.585416379384696484e-03 4.546244163066148758e-03
4.960819999999805077e+03 1.284069381654262543e-02 5.034236703068017960e-03
4.962299999999804641e+03 1.300388947129249573e-02 5.052520427852869034e-03
4.963779999999804204e+03 1.685674116015434265e-02 5.167924799025058746e-03
4.965259999999803767e+03 1.273014303296804428e-02 4.988817032426595688e-03
4.966739999999803331e+03 7.750269956886768341e-03 4.782393109053373337e-03
4.968219999999802894e+03 9.084634482860565186e-03 4.869108088314533234e-03
4.969699999999802458e+03 8.556052925996482372e-04 4.539022687822580338e-03
4.971179999999802021e+03 6.457317620515823364e-03 4.863721784204244614e-03
4.972659999999801585e+03 9.822798892855644226e-03 4.903590772300958633e-03
4.974139999999801148e+03 7.962646894156932831e-03 4.788012243807315826e-03
4.975619999999800712e+03 1.562840491533279419e-02 5.094643682241439819e-03
4.977099999999800275e+03 -8.183515165001153946e-04 4.489583894610404968e-03
4.978579999999799838e+03 9.043538942933082581e-03 4.861443303525447845e-03
4.980059999999799402e+03 1.193264313042163849e-02 4.867959301918745041e-03
4.981539999999798965e+03 1.592021808028221130e-02 4.903494846075773239e-03
4.983019999999798529e+03 1.409912668168544769e-02 4.776780493557453156e-03
4.984499999999798092e+03 1.007506437599658966e-02 4.593372344970703125e-03
4.985979999999797656e+03 1.600624807178974152e-02 4.972052760422229767e-03
4.987459999999797219e+03 1.317080855369567871e-02 5.003705155104398727e-03
4.988939999999796783e+03 5.499377381056547165e-03 4.662942141294479370e-03
4.990419999999796346e+03 1.151619665324687958e-02 4.854220896959304810e-03
4.991899999999795909e+03 1.908148266375064850e-02 5.132443271577358246e-03
4.993379999999795473e+03 3.016978502273559570e-03 4.616394173353910446e-03
4.994859999999795036e+03 4.044526722282171249e-03 4.615439567714929581e-03
4.996339999999794600e+03 2.131142467260360718e-02 5.299921147525310516e-03
4.997819999999794163e+03 2.064557000994682312e-02 5.209186114370822906e-03
4.999299999999793727e+03 7.271479349583387375e-03 4.662798251956701279e-03
5.000779999999793290e+03 7.884135469794273376e-03 4.677051678299903870e-03
5.002259999999792853e+03 1.111668162047863007e-02 4.744315985590219498e-03
5.003739999999792417e+03 1.325889118015766144e-02 4.857528023421764374e-03
5.005219999999791980e+03 1.112447027117013931e-02 4.772257525473833084e-03
5.006699999999791544e+03 1.111899968236684799e-02 4.802020732313394547e-03
5.008179999999791107e+03 5.498926155269145966e-03 4.607454873621463776e-03
5.009659999999790671e+03 1.785747893154621124e-02 5.088677164167165756e-03
5.011139999999790234e+03 4.707759246230125427e-03 4.445949103683233261e-03
5.012619999999789798e+03 9.785527363419532776e-03 4.627426154911518097e-03
5.014099999999789361e+03 1.332894247025251389e-02 4.762216005474328995e-03
5.015579999999788924e+03 1.080560963600873947e-02 4.729365929961204529e-03
5.017059999999788488e+03 1.566080749034881592e-02 4.901136271655559540e-03
5.018539999999788051e+03 8.688427507877349854e-03 4.660863894969224930e-03
5.020019999999787615e+03 1.336171664297580719e-02 4.831554833799600601e-03
5.021499999999787178e+03 1.101365312933921814e-02 4.737016744911670685e-03
5.022979999999786742e+03 9.356349706649780273e-03 4.738997202366590500e-03
5.024459999999786305e+03 1.379034481942653656e-02 4.866300616413354874e-03
5.025939999999785869e+03 7.032264955341815948e-03 4.564175847917795181e-03
5.027419999999785432e+03 2.914956538006663322e-03 4.410026594996452332e-03
5.028899999999784995e+03 7.554484531283378601e-03 4.573192447423934937e-03
5.030379999999784559e+03 1.693274080753326416e-02 4.965033847838640213e-03
5.031859999999784122e+03 1.133477222174406052e-02 4.821764305233955383e-03
5.033339999999783686e+03 1.628241874277591705e-02 4.985632840543985367e-03
5.034819999999783249e+03 1.105624996125698090e-02 4.743848461657762527e-03
5.036299999999782813e+03 8.642124012112617493e-03 4.638908896595239639e-03
5.037779999999782376e+03 1.596823707222938538e-02 4.866137169301509857e-03
5.039259999999781940e+03 2.158689498901367188e-02 4.998232237994670868e-03
5.040739999999781503e+03 1.885750517249107361e-02 4.836286418139934540e-03
5.042219999999781066e+03 1.475927047431468964e-02 4.774911794811487198e-03
5.043699999999780630e+03 1.690938696265220642e-02 4.987122491002082825e-03
5.045179999999780193e+03 1.374707091599702835e-02 4.959455691277980804e-03
5.046659999999779757e+03 1.738647371530532837e-02 5.013918504118919373e-03
5.048139999999779320e+03 1.018863916397094727e-02 4.635415505617856979e-03
5.049619999999778884e+03 7.343151140958070755e-03 4.462603945285081863e-03
5.051099999999778447e+03 5.523429252207279205e-03 4.415690433233976364e-03
5.052579999999778011e+03 8.912384510040283203e-04 4.364605061709880829e-03
5.054059999999777574e+03 1.200650725513696671e-02 4.815590567886829376e-03
5.055539999999777137e+03 9.683404117822647095e-03 4.693735856562852859e-03
5.057019999999776701e+03 1.110318768769502640e-02 4.781774245202541351e-03
5.058499999999776264e+03 7.500481791794300079e-03 4.613553173840045929e-03
5.059979999999775828e+03 1.028159074485301971e-02 4.741066601127386093e-03
5.061459999999775391e+03 1.190643385052680969e-02 4.799865186214447021e-03
5.062939999999774955e+03 8.450327441096305847e-03 4.683673847466707230e-03
5.064419999999774518e+03 3.983798902481794357e-03 4.474740009754896164e-03
5.065899999999774082e+03 4.836651962250471115e-03 4.460316151380538940e-03
5.067379999999773645e+03 1.453666388988494873e-02 4.847991745918989182e-03
5.068859999999773208e+03 1.641908288002014160e-02 4.890270065516233444e-03
5.070339999999772772e+03 1.360617950558662415e-02 4.732674919068813324e-03
5.071819999999772335e+03 1.822913810610771179e-02 4.935112316161394119e-03
5.073299999999771899e+03 1.938101276755332947e-02 4.982104524970054626e-03
5.074779999999771462e+03 1.595011353492736816e-02 4.865740891546010971e-03
5.076259999999771026e+03 6.552793085575103760e-03 4.494609311223030090e-03
5.077739999999770589e+03 9.157692082226276398e-03 4.565030802041292191e-03
5.079219999999770152e+03 1.264553517103195190e-02 4.586570896208286285e-03
5.080699999999769716e+03 1.623201370239257812e-02 4.728463478386402130e-03
5.082179999999769279e+03 1.787373796105384827e-02 4.864016082137823105e-03
5.083659999999768843e+03 1.317459158599376678e-02 4.764228127896785736e-03
5.085139999999768406e+03 9.600567631423473358e-03 4.657743033021688461e-03
5.086619999999767970e+03 1.577840745449066162e-02 4.925126209855079651e-03
5.088099999999767533e+03 7.879097014665603638e-03 4.583070054650306702e-03
5.089579999999767097e+03 1.375767588615417480e-02 4.804321564733982086e-03
5.091059999999766660e+03 1.531143207103013992e-02 4.814240615814924240e-03
5.092539999999766223e+03 2.271170355379581451e-02 5.131933372467756271e-03
5.094019999999765787e+03 2.066512033343315125e-02 5.084152799099683762e-03
5.095499999999765350e+03 1.245281286537647247e-02 4.720842465758323669e-03
5.096979999999764914e+03 1.156593114137649536e-02 4.624810535460710526e-03
5.098459999999764477e+03 1.614824496209621429e-02 4.749529529362916946e-03
5.099939999999764041e+03 1.749062351882457733e-02 4.796521272510290146e-03
5.101419999999763604e+03 1.706186868250370026e-02 4.839585162699222565e-03
5.102899999999763168e+03 8.004049770534038544e-03 4.575442522764205933e-03
5.104379999999762731e+03 6.760555319488048553e-03 4.505629651248455048e-03
5.105859999999762294e+03 1.413674093782901764e-02 4.747261293232440948e-03
5.107339999999761858e+03 1.304963510483503342e-02 4.691848531365394592e-03
5.108819999999761421e+03 6.209322717040777206e-03 4.387567285448312759e-03
5.110299999999760985e+03 2.574628219008445740e-03 4.286084324121475220e-03
5.111779999999760548e+03 1.028527505695819855e-02 4.592655692249536514e-03
5.113259999999760112e+03 9.281421080231666565e-03 4.607106558978557587e-03
5.114739999999759675e+03 1.404731906950473785e-02 4.792899824678897858e-03
5.116219999999759239e+03 1.079788058996200562e-02 4.637203179299831390e-03
5.117699999999758802e+03 1.275515742599964142e-02 4.799615126103162766e-03
5.119179999999758365e+03 1.143479254096746445e-02 4.743424709886312485e-03
5.120659999999757929e+03 5.370394326746463776e-03 4.448428750038146973e-03
5.122139999999757492e+03 1.575753837823867798e-02 4.713531583547592163e-03
5.123619999999757056e+03 1.837443374097347260e-02 4.755704198032617569e-03
5.125099999999756619e+03 1.271381229162216187e-02 4.533162806183099747e-03
5.126579999999756183e+03 1.171865779906511307e-02 4.613126628100872040e-03
5.128059999999755746e+03 9.401345625519752502e-03 4.577410407364368439e-03
5.129539999999755310e+03 1.241075992584228516e-02 4.725917242467403412e-03
5.131019999999754873e+03 6.883755326271057129e-03 4.469674546271562576e-03
5.132499999999754436e+03 1.352620311081409454e-02 4.735303111374378204e-03
5.133979999999754000e+03 1.287106424570083618e-02 4.782169125974178314e-03
5.135459999999753563e+03 8.347168564796447754e-03 4.524383693933486938e-03
5.136939999999753127e+03 1.012344472110271454e-02 4.615956917405128479e-03
5.138419999999752690e+03 3.760885214433073997e-03 4.295797552913427353e-03
5.139899999999752254e+03 1.586264744400978088e-02 4.830676130950450897e-03
5.141379999999751817e+03 1.240168884396553040e-02 4.660244099795818329e-03
5.142859999999751381e+03 1.523743942379951477e-02 4.824027884751558304e-03
5.144339999999750944e+03 1.920132711529731750e-02 4.945192951709032059e-03
5.145819999999750507e+03 2.060385420918464661e-02 4.971933551132678986e-03
5.147299999999750071e+03 1.547900773584842682e-02 4.728905856609344482e-03
5.148779999999749634e+03 1.214664895087480545e-02 4.623306915163993835e-03
5.150259999999749198e+03 1.155764516443014145e-02 4.684835206717252731e-03
5.151739999999748761e+03 1.186343468725681305e-02 4.728063941001892090e-03
5.153219999999748325e+03 7.375415414571762085e-03 4.513889551162719727e-03
5.154699999999747888e+03 2.401994541287422180e-02 5.064754281193017960e-03
5.156179999999747452e+03 1.990386284887790680e-02 4.948467481881380081e-03
5.157659999999747015e+03 1.862804964184761047e-02 4.929453134536743164e-03
5.159139999999746578e+03 2.464804425835609436e-02 5.097476765513420105e-03
5.160619999999746142e+03 2.511000959202647209e-03 4.333206918090581894e-03
5.162099999999745705e+03 1.322590559720993042e-02 4.684461746364831924e-03
5.163579999999745269e+03 1.813133433461189270e-02 4.813617095351219177e-03
5.165059999999744832e+03 7.872451096773147583e-03 4.318150691688060760e-03
5.166539999999744396e+03 1.795872859656810760e-02 4.558005370199680328e-03
5.168019999999743959e+03 1.307463925331830978e-02 4.415168892592191696e-03
5.169499999999743522e+03 1.447569765150547028e-02 4.540421999990940094e-03
5.170979999999743086e+03 7.413185201585292816e-03 4.098304081708192825e-03
5.172459999999742649e+03 9.809855371713638306e-03 4.113709554076194763e-03
5.173939999999742213e+03 2.120024338364601135e-02 4.767571110278367996e-03
5.175419999999741776e+03 2.064486034214496613e-02 4.899237770587205887e-03
5.176899999999741340e+03 2.430069819092750549e-02 5.084658041596412659e-03
5.178379999999740903e+03 6.432718131691217422e-03 4.454083275049924850e-03
5.179859999999740467e+03 6.902353838086128235e-03 4.362890496850013733e-03
5.181339999999740030e+03 1.602278836071491241e-02 4.544331226497888565e-03
5.182819999999739593e+03 1.100037992000579834e-02 4.152687732130289078e-03
5.184299999999739157e+03 1.248908415436744690e-02 4.241954535245895386e-03
5.185779999999738720e+03 1.637475565075874329e-02 4.661232698708772659e-03
5.187259999999738284e+03 1.528293266892433167e-02 4.799733404070138931e-03
5.188739999999737847e+03 1.477273274213075638e-02 4.754228051751852036e-03
5.190219999999737411e+03 1.260128058493137360e-02 4.620079416781663895e-03
5.191699999999736974e+03 1.335913874208927155e-02 4.586145747452974319e-03
5.193179999999736538e+03 6.304221693426370621e-03 4.335443489253520966e-03
5.194659999999736101e+03 1.252380479127168655e-02 4.624252673238515854e-03
5.196139999999735664e+03 1.194549631327390671e-02 4.853408783674240112e-03
5.197619999999735228e+03 1.539907790720462799e-02 5.133404862135648727e-03
5.199099999999734791e+03 2.089308202266693115e-02 5.302938167005777359e-03
5.200579999999734355e+03 9.308678098022937775e-03 4.815530497580766678e-03
5.202059999999733918e+03 1.446576975286006927e-02 4.821817856281995773e-03
5.203539999999733482e+03 1.141753979027271271e-02 4.622224718332290649e-03
5.205019999999733045e+03 9.721517562866210938e-03 4.463925492018461227e-03
5.206499999999732609e+03 9.526832029223442078e-03 4.411238245666027069e-03
5.207979999999732172e+03 1.090538781136274338e-02 4.465383011847734451e-03
5.209459999999731735e+03 1.270041335374116898e-02 4.650999326258897781e-03
5.210939999999731299e+03 6.880460307002067566e-03 4.418872296810150146e-03
5.212419999999730862e+03 1.281555555760860443e-02 4.613015800714492798e-03
5.213899999999730426e+03 1.464865729212760925e-02 4.648979287594556808e-03
5.215379999999729989e+03 5.061123985797166824e-03 4.265246912837028503e-03
5.216859999999729553e+03 7.312176283448934555e-03 4.431879613548517227e-03
5.218339999999729116e+03 1.413773186504840851e-02 4.797821398824453354e-03
5.219819999999728680e+03 9.345855563879013062e-03 4.609950352460145950e-03
5.221299999999728243e+03 1.659353077411651611e-02 4.851152189075946808e-03
5.222779999999727806e+03 1.722040958702564240e-02 4.933231975883245468e-03
5.224259999999727370e+03 9.104067459702491760e-03 4.591164644807577133e-03
5.225739999999726933e+03 7.071579806506633759e-03 4.310384858399629593e-03
5.227219999999726497e+03 1.248605735599994659e-02 4.389794543385505676e-03
5.228699999999726060e+03 1.725948601961135864e-02 4.672974348068237305e-03
5.230179999999725624e+03 1.734767854213714600e-02 4.815469030290842056e-03
5.231659999999725187e+03 1.020963210612535477e-02 4.575000144541263580e-03
5.233139999999724751e+03 1.449599675834178925e-02 4.600680433213710785e-03
5.234619999999724314e+03 1.167330332100391388e-02 4.534524865448474884e-03
5.236099999999723877e+03 1.255480851978063583e-02 4.741721320897340775e-03
5.237579999999723441e+03 1.006738096475601196e-02 4.706455394625663757e-03
5.239059999999723004e+03 1.170271262526512146e-02 4.738833755254745483e-03
5.240539999999722568e+03 6.601412314921617508e-03 4.432332236319780350e-03
5.242019999999722131e+03 2.265617251396179199e-02 4.929645918309688568e-03
5.243499999999721695e+03 9.492313489317893982e-03 4.487080965191125870e-03
5.244979999999721258e+03 1.190605573356151581e-02 4.593243356794118881e-03
5.246459999999720822e+03 9.629644453525543213e-03 4.539006855338811874e-03
5.247939999999720385e+03 1.625158078968524933e-02 4.743985831737518311e-03
5.249419999999719948e+03 1.349080912768840790e-02 4.650468938052654266e-03
5.250899999999719512e+03 1.088453456759452820e-02 4.551830235868692398e-03
5.252379999999719075e+03 1.355515420436859131e-02 4.617663100361824036e-03
5.253859999999718639e+03 1.309162937104701996e-02 4.650703631341457367e-03
5.255339999999718202e+03 1.333802472800016403e-02 4.769817925989627838e-03
5.256819999999717766e+03 1.109122857451438904e-02 4.651887807995080948e-03
5.258299999999717329e+03 2.582717686891555786e-03 4.281484987586736679e-03
5.259779999999716892e+03 9.776746854186058044e-03 4.531213082373142242e-03
5.261259999999716456e+03 1.431357208639383316e-02 4.614593461155891418e-03
5.262739999999716019e+03 6.597185507416725159e-03 4.188020713627338409e-03
5.264219999999715583e+03 8.972984738647937775e-03 4.208834376186132431e-03
5.265699999999715146e+03 1.330168731510639191e-02 4.415162373334169388e-03
5.267179999999714710e+03 1.488955039530992508e-02 4.498808179050683975e-03
5.268659999999714273e+03 1.053416356444358826e-02 4.275869112461805344e-03
5.270139999999713837e+03 6.087502930313348770e-03 4.117893055081367493e-03
5.271619999999713400e+03 7.138759829103946686e-03 4.247646313160657883e-03
5.273099999999712963e+03 1.726261340081691742e-02 4.662167746573686600e-03
5.274579999999712527e+03 3.590120468288660049e-03 4.200469236820936203e-03
5.276059999999712090e+03 1.037006359547376633e-02 4.514465574175119400e-03
5.277539999999711654e+03 1.024153735488653183e-02 4.596556071192026138e-03
5.279019999999711217e+03 9.955919347703456879e-03 4.551119171082973480e-03
5.280499999999710781e+03 4.688993562012910843e-03 4.300035536289215088e-03
5.281979999999710344e+03 9.795689955353736877e-03 4.404628649353981018e-03
5.283459999999709908e+03 1.314075756818056107e-02 4.554174840450286865e-03
5.284939999999709471e+03 1.079237833619117737e-02 4.559734836220741272e-03
5.286419999999709034e+03 1.090404018759727478e-02 4.561559762805700302e-03
5.287899999999708598e+03 1.949270069599151611e-02 4.812117666006088257e-03
5.289379999999708161e+03 1.881640590727329254e-02 4.805067554116249084e-03
5.290859999999707725e+03 1.318429876118898392e-02 4.610561300069093704e-03
5.292339999999707288e+03 1.677984930574893951e-02 4.774359986186027527e-03
5.293819999999706852e+03 2.678511291742324829e-02 5.138449370861053467e-03
5.295299999999706415e+03 1.355568692088127136e-02 4.604701884090900421e-03
5.296779999999705979e+03 6.804975681006908417e-03 4.320750478655099869e-03
5.298259999999705542e+03 1.406186632812023163e-02 4.612556193023920059e-03
5.299739999999705105e+03 1.502455212175846100e-02 4.708867520093917847e-03
5.301219999999704669e+03 5.972902290523052216e-03 4.365719389170408249e-03
5.302699999999704232e+03 1.053552143275737762e-02 4.533805884420871735e-03
5.304179999999703796e+03 1.894081383943557739e-02 4.853684455156326294e-03
5.305659999999703359e+03 1.167500205338001251e-02 4.597594961524009705e-03
5.307139999999702923e+03 7.238969206809997559e-03 4.373911302536725998e-03
5.308619999999702486e+03 1.703814789652824402e-02 4.786279518157243729e-03
5.310099999999702050e+03 4.769085440784692764e-03 4.419207572937011719e-03
5.311579999999701613e+03 1.193941757082939148e-02 4.668372217565774918e-03
5.313059999999701176e+03 1.648978330194950104e-02 4.827098455280065536e-03
5.314539999999700740e+03 2.019339054822921753e-02 4.917667713016271591e-03
5.316019999999700303e+03 5.877776071429252625e-03 4.385829437524080276e-03
5.317499999999699867e+03 4.493110813200473785e-03 4.338792525231838226e-03
5.318979999999699430e+03 1.036672666668891907e-02 4.559859167784452438e-03
5.320459999999698994e+03 1.013226620852947235e-02 4.528440535068511963e-03
5.321939999999698557e+03 1.049806596711277962e-03 4.192066378891468048e-03
5.323419999999698121e+03 8.035473525524139404e-03 4.434622824192047119e-03
5.324899999999697684e+03 1.433951780200004578e-02 4.632905125617980957e-03
5.326379999999697247e+03 1.411732099950313568e-02 4.515224136412143707e-03
5.327859999999696811e+03 1.646468415856361389e-02 4.596367944031953812e-03
5.329339999999696374e+03 1.918962597846984863e-02 4.878160543739795685e-03
5.330819999999695938e+03 1.783262379467487335e-02 4.897403530776500702e-03
5.332299999999695501e+03 1.327335741370916367e-02 4.656359553337097168e-03
5.333779999999695065e+03 1.098541729152202606e-02 4.628548398613929749e-03
5.335259999999694628e+03 1.801250129938125610e-02 4.851169418543577194e-03
5.336739999999694192e+03 1.268478389829397202e-02 4.633063916116952896e-03
5.338219999999693755e+03 1.822543889284133911e-02 4.760315641760826111e-03
5.339699999999693318e+03 1.325188018381595612e-02 4.535248037427663803e-03
5.341179999999692882e+03 2.292809821665287018e-02 4.926332738250494003e-03
5.342659999999692445e+03 1.482425164431333542e-02 4.675338510423898697e-03
5.344139999999692009e+03 1.139011513441801071e-02 4.508384969085454941e-03
5.345619999999691572e+03 1.862164959311485291e-02 4.826678428798913956e-03
5.347099999999691136e+03 5.733591504395008087e-03 4.290634766221046448e-03
5.348579999999690699e+03 1.588195934891700745e-02 4.673115909099578857e-03
5.350059999999690262e+03 1.317359600216150284e-02 4.633673001080751419e-03
5.351539999999689826e+03 9.831346571445465088e-03 4.498711321502923965e-03
5.353019999999689389e+03 1.694771647453308105e-02 4.767826758325099945e-03
5.354499999999688953e+03 1.546060293912887573e-02 4.746646154671907425e-03
5.355979999999688516e+03 1.248958893120288849e-02 4.659212194383144379e-03
5.357459999999688080e+03 5.272208247333765030e-03 4.390564281493425369e-03
5.358939999999687643e+03 1.534725725650787354e-02 4.730027168989181519e-03
5.360419999999687207e+03 1.949312537908554077e-02 4.804750904440879822e-03
5.361899999999686770e+03 1.282092649489641190e-02 4.528112243860960007e-03
5.363379999999686333e+03 1.037510670721530914e-02 4.394997376948595047e-03
5.364859999999685897e+03 1.802481338381767273e-02 4.668938927352428436e-03
5.366339999999685460e+03 2.109355106949806213e-02 4.804478492587804794e-03
5.367819999999685024e+03 1.815943047404289246e-02 4.735759459435939789e-03
5.369299999999684587e+03 8.356377482414245605e-03 4.359254613518714905e-03
5.370779999999684151e+03 5.607045721262693405e-03 4.231506027281284332e-03
5.372259999999683714e+03 2.158754691481590271e-02 4.886585287749767303e-03
5.373739999999683278e+03 9.770168922841548920e-03 4.570270422846078873e-03
5.375219999999682841e+03 7.025660015642642975e-03 4.414638504385948181e-03
5.376699999999682404e+03 1.359628047794103622e-02 4.655672702938318253e-03
5.378179999999681968e+03 1.334018073976039886e-02 4.609512630850076675e-03
5.379659999999681531e+03 9.407890029251575470e-03 4.480972886085510254e-03
5.381139999999681095e+03 1.592395454645156860e-02 4.685782827436923981e-03
5.382619999999680658e+03 1.504678465425968170e-02 4.603155888617038727e-03
5.384099999999680222e+03 1.486314553767442703e-02 4.621289204806089401e-03
5.385579999999679785e+03 1.564871147274971008e-02 4.624947905540466309e-03
5.387059999999679349e+03 1.554598007351160049e-02 4.621224012225866318e-03
5.388539999999678912e+03 2.269113436341285706e-02 4.823707509785890579e-03
5.390019999999678475e+03 1.392674818634986877e-02 4.551014397293329239e-03
5.391499999999678039e+03 1.892169564962387085e-02 4.751986358314752579e-03
5.392979999999677602e+03 1.479291915893554688e-02 4.588735755532979965e-03
5.394459999999677166e+03 1.509964279830455780e-02 4.649878945201635361e-03
5.395939999999676729e+03 5.076995119452476501e-03 4.238777328282594681e-03
5.397419999999676293e+03 1.504264213144779205e-02 4.570283927023410797e-03
5.398899999999675856e+03 1.949018985033035278e-02 4.777872003614902496e-03
5.400379999999675420e+03 1.145001873373985291e-02 4.458853509277105331e-03
5.401859999999674983e+03 1.382162328809499741e-02 4.522874485701322556e-03
5.403339999999674546e+03 2.355821803212165833e-02 4.838646855205297470e-03
5.404819999999674110e+03 1.726175099611282349e-02 4.537154454737901688e-03
5.406299999999673673e+03 1.486246753484010696e-02 4.503048025071620941e-03
5.407779999999673237e+03 1.696663163602352142e-02 4.625900182873010635e-03
5.409259999999672800e+03 1.009133644402027130e-02 4.361291415989398956e-03
5.410739999999672364e+03 7.203542627394199371e-03 4.264803603291511536e-03
5.412219999999671927e+03 8.500950410962104797e-03 4.404505249112844467e-03
5.413699999999671491e+03 1.349951606243848801e-02 4.581506829708814621e-03
5.415179999999671054e+03 1.242590975016355515e-02 4.533516243100166321e-03
5.416659999999670617e+03 8.282515220344066620e-03 4.414102528244256973e-03
5.418139999999670181e+03 1.231934595853090286e-02 4.591289442032575607e-03
5.419619999999669744e+03 7.476302795112133026e-03 4.349059890955686569e-03
5.421099999999669308e+03 9.572600945830345154e-03 4.461006727069616318e-03
5.422579999999668871e+03 8.047022856771945953e-03 4.384322557598352432e-03
5.424059999999668435e+03 9.133352898061275482e-03 4.367059096693992615e-03
5.425539999999667998e+03 9.723315015435218811e-03 4.419360775500535965e-03
5.427019999999667561e+03 1.022993028163909912e-02 4.486879333853721619e-03
5.428499999999667125e+03 6.575398147106170654e-03 4.247272387146949768e-03
5.429979999999666688e+03 1.097086444497108459e-02 4.429587163031101227e-03
5.431459999999666252e+03 1.551584247499704361e-02 4.618756007403135300e-03
5.432939999999665815e+03 1.140225958079099655e-02 4.454868845641613007e-03
5.434419999999665379e+03 1.497177965939044952e-02 4.555925726890563965e-03
5.435899999999664942e+03 1.302157435566186905e-02 4.475321620702743530e-03
5.437379999999664506e+03 1.297923456877470016e-02 4.574012476950883865e-03
5.438859999999664069e+03 1.497614197432994843e-02 4.680551588535308838e-03
5.440339999999663632e+03 1.339711062610149384e-02 4.677618853747844696e-03
5.441819999999663196e+03 1.268529612571001053e-02 4.632409662008285522e-03
5.443299999999662759e+03 1.869514398276805878e-02 4.771353211253881454e-03
5.444779999999662323e+03 1.150712464004755020e-02 4.472168162465095520e-03
5.446259999999661886e+03 1.433733943849802017e-02 4.572410602122545242e-03
5.447739999999661450e+03 1.324018090963363647e-02 4.602216184139251709e-03
5.449219999999661013e+03 1.171896420419216156e-02 4.589340649545192719e-03
5.450699999999660577e+03 1.267651561647653580e-02 4.640316590666770935e-03
5.452179999999660140e+03 1.445812545716762543e-02 4.623250570148229599e-03
5.453659999999659703e+03 1.513144187629222870e-02 4.581496585160493851e-03
5.455139999999659267e+03 1.490246318280696869e-02 4.558192566037178040e-03
5.456619999999658830e+03 8.477802388370037079e-03 4.409654065966606140e-03
5.458099999999658394e+03 1.729096099734306335e-02 4.796528723090887070e-03
5.459579999999657957e+03 1.834465190768241882e-02 4.828357137739658356e-03
5.461059999999657521e+03 1.014108955860137939e-02 4.534216132014989853e-03
5.462539999999657084e+03 9.962136857211589813e-03 4.426248837262392044e-03
5.464019999999656648e+03 1.203262805938720703e-02 4.493412561714649200e-03
5.465499999999656211e+03 1.856684498488903046e-02 4.786225501447916031e-03
5.466979999999655774e+03 1.487563736736774445e-02 4.654223099350929260e-03
5.468459999999655338e+03 8.529289625585079193e-03 4.450635518878698349e-03
5.469939999999654901e+03 1.474408246576786041e-02 4.731100983917713165e-03
5.471419999999654465e+03 1.089440006762742996e-02 4.500307142734527588e-03
5.472899999999654028e+03 2.545469254255294800e-02 4.965699743479490280e-03
5.474379999999653592e+03 1.561799645423889160e-02 4.686058964580297470e-03
5.475859999999653155e+03 6.102393846958875656e-03 4.199658054858446121e-03
5.477339999999652719e+03 5.729943513870239258e-03 4.175647161900997162e-03
5.478819999999652282e+03 7.316881790757179260e-03 4.327638074755668640e-03
5.480299999999651845e+03 1.610052771866321564e-02 4.674296360462903976e-03
5.481779999999651409e+03 1.371494680643081665e-02 4.550641868263483047e-03
5.483259999999650972e+03 1.602525822818279266e-02 4.700639750808477402e-03
5.484739999999650536e+03 1.083339564502239227e-02 4.520652815699577332e-03
5.486219999999650099e+03 1.271083671599626541e-02 4.547300282865762711e-03
5.487699999999649663e+03 1.101414207369089127e-02 4.452800378203392029e-03
5.489179999999649226e+03 1.619275659322738647e-02 4.674331750720739365e-03
5.490659999999648790e+03 2.492432948201894760e-03 4.154438152909278870e-03
5.492139999999648353e+03 2.281244285404682159e-02 4.904154222458600998e-03
5.493619999999647916e+03 1.995673775672912598e-02 4.777361173182725906e-03
5.495099999999647480e+03 7.950456347316503525e-04 4.089055582880973816e-03
5.496579999999647043e+03 1.429417263716459274e-02 4.587091505527496338e-03
5.498059999999646607e+03 1.566207408905029297e-02 4.697598051279783249e-03
5.499539999999646170e+03 1.585031300783157349e-02 4.719805903732776642e-03
5.501019999999645734e+03 5.571446381509304047e-03 4.363904241472482681e-03
5.502499999999645297e+03 4.076686687767505646e-03 4.270338919013738632e-03
5.503979999999644861e+03 1.942169293761253357e-02 4.825086332857608795e-03
5.505459999999644424e+03 1.538266893476247787e-02 4.695391282439231873e-03
5.506939999999643987e+03 3.594152163714170456e-03 4.249709658324718475e-03
5.508419999999643551e+03 1.023160293698310852e-02 4.515156615525484085e-03
5.509899999999643114e+03 1.541095692664384842e-02 4.694579169154167175e-03
5.511379999999642678e+03 1.880370080471038818e-02 4.752723034471273422e-03
5.512859999999642241e+03 1.706679165363311768e-02 4.704042803496122360e-03
5.514339999999641805e+03 1.427799090743064880e-02 4.577863495796918869e-03
5.515819999999641368e+03 5.930244922637939453e-03 4.341564141213893890e-03
5.517299999999640931e+03 1.207797601819038391e-02 4.567184019833803177e-03
5.518779999999640495e+03 1.566362380981445312e-02 4.681424237787723541e-03
5.520259999999640058e+03 1.391543820500373840e-02 4.640542902052402496e-03
5.521739999999639622e+03 9.894965216517448425e-03 4.454313777387142181e-03
5.523219999999639185e+03 7.075769826769828796e-03 4.338737577199935913e-03
5.524699999999638749e+03 1.010507531464099884e-02 4.416256211698055267e-03
5.526179999999638312e+03 6.444368511438369751e-03 4.269299097359180450e-03
5.527659999999637876e+03 7.462006993591785431e-03 4.271681886166334152e-03
5.529139999999637439e+03 1.268014125525951385e-02 4.472787957638502121e-03
5.530619999999637002e+03 1.065041963011026382e-02 4.473288543522357941e-03
5.532099999999636566e+03 9.357945062220096588e-03 4.486298188567161560e-03
5.533579999999636129e+03 1.359980180859565735e-02 4.595815204083919525e-03
5.535059999999635693e+03 1.794444210827350616e-02 4.736006259918212891e-03
5.536539999999635256e+03 1.679548248648643494e-02 4.751929547637701035e-03
5.538019999999634820e+03 1.427359785884618759e-02 4.646227695047855377e-03
5.539499999999634383e+03 1.248858217149972916e-02 4.646086134016513824e-03
5.540979999999633947e+03 1.701010018587112427e-02 4.805298056453466415e-03
5.542459999999633510e+03 1.729514263570308685e-02 4.885832313448190689e-03
5.543939999999633073e+03 1.435893960297107697e-02 4.819411784410476685e-03
5.545419999999632637e+03 1.819721050560474396e-02 4.901871550828218460e-03
5.546899999999632200e+03 1.920331828296184540e-02 4.868769552558660507e-03
5.548379999999631764e+03 1.649571396410465240e-02 4.807002376765012741e-03
5.549859999999631327e+03 1.049971580505371094e-02 4.612295888364315033e-03
5.551339999999630891e+03 9.286047890782356262e-03 4.514241125434637070e-03
5.552819999999630454e+03 1.324207335710525513e-02 4.636120051145553589e-03
5.554299999999630018e+03 1.310410723090171814e-02 4.608300514519214630e-03
5.555779999999629581e+03 1.027475483715534210e-02 4.507547244429588318e-03
5.557259999999629144e+03 2.351999469101428986e-02 4.954762291163206100e-03
5.558739999999628708e+03 1.037749182432889938e-02 4.505191463977098465e-03
5.560219999999628271e+03 2.091505378484725952e-02 4.899065941572189331e-03
5.561699999999627835e+03 6.250180304050445557e-03 4.460079129785299301e-03
5.563179999999627398e+03 1.008564420044422150e-02 4.673071671277284622e-03
5.564659999999626962e+03 1.266344357281923294e-02 4.723749123513698578e-03
5.566139999999626525e+03 6.983365863561630249e-03 4.441891796886920929e-03
5.567619999999626089e+03 1.227758452296257019e-02 4.581657238304615021e-03
5.569099999999625652e+03 1.276878453791141510e-02 4.611343145370483398e-03
5.570579999999625215e+03 1.120131835341453552e-02 4.525511525571346283e-03
5.572059999999624779e+03 1.357290148735046387e-02 4.543027840554714203e-03
5.573539999999624342e+03 -6.855290266685187817e-04 4.779630806297063828e-03
5.575019999999623906e+03 -1.669653505086898804e-01 1.160872634500265121e-02
5.576499999999623469e+03 5.478281900286674500e-02 2.438591979444026947e-02
5.577979999999623033e+03 7.056150585412979126e-02 2.342656254768371582e-02
5.579459999999622596e+03 -4.178238660097122192e-02 8.592447265982627869e-03
5.580939999999622160e+03 1.119004841893911362e-02 4.577045328915119171e-03
5.582419999999621723e+03 1.840947009623050690e-02 4.816335160285234451e-03
5.583899999999621286e+03 1.213429309427738190e-02 4.570377059280872345e-03
5.585379999999620850e+03 1.031649112701416016e-02 4.465418402105569839e-03
5.586859999999620413e+03 1.572679728269577026e-02 4.653882235288619995e-03
5.588339999999619977e+03 9.676678106188774109e-03 4.591952078044414520e-03
5.589819999999619540e+03 1.018858980387449265e-02 4.581811837852001190e-03
5.591299999999619104e+03 2.799280919134616852e-03 4.219797905534505844e-03
5.592779999999618667e+03 8.134013041853904724e-03 4.354665987193584442e-03
5.594259999999618231e+03 1.527908071875572205e-02 4.608824383467435837e-03
5.595739999999617794e+03 1.825927570462226868e-02 4.756322130560874939e-03
5.597219999999617357e+03 1.622261106967926025e-02 4.723215475678443909e-03
5.598699999999616921e+03 1.601127348840236664e-02 4.700964782387018204e-03
5.600179999999616484e+03 1.401233486831188202e-02 4.542355891317129135e-03
5.601659999999616048e+03 1.326930709183216095e-02 4.482720047235488892e-03
5.603139999999615611e+03 1.814545504748821259e-02 4.814789164811372757e-03
5.604619999999615175e+03 1.261002197861671448e-02 4.826195538043975830e-03
5.606099999999614738e+03 1.232302933931350708e-02 4.766419529914855957e-03
5.607579999999614301e+03 7.074149325489997864e-03 4.422482568770647049e-03
5.609059999999613865e+03 1.124785281717777252e-02 4.529583733528852463e-03
5.610539999999613428e+03 9.958068840205669403e-03 4.468858242034912109e-03
5.612019999999612992e+03 1.051755063235759735e-02 4.465216770768165588e-03
5.613499999999612555e+03 1.935136131942272186e-02 4.751203116029500961e-03
5.614979999999612119e+03 1.497083529829978943e-02 4.510886501520872116e-03
5.616459999999611682e+03 1.487467996776103973e-02 4.535033367574214935e-03
5.617939999999611246e+03 1.432956755161285400e-02 4.601075779646635056e-03
5.619419999999610809e+03 6.432966794818639755e-03 4.345422610640525818e-03
5.620899999999610372e+03 4.386088810861110687e-03 4.266889300197362900e-03
5.622379999999609936e+03 1.534442789852619171e-02 4.705631174147129059e-03
5.623859999999609499e+03 1.397526822984218597e-02 4.655534867197275162e-03
5.625339999999609063e+03 5.504571367055177689e-03 4.284545779228210449e-03
5.626819999999608626e+03 1.397027727216482162e-02 4.540208727121353149e-03
5.628299999999608190e+03 9.429332800209522247e-03 4.395102150738239288e-03
5.629779999999607753e+03 1.246816664934158325e-02 4.476800560951232910e-03
5.631259999999607317e+03 1.766688376665115356e-02 4.657036159187555313e-03
5.632739999999606880e+03 1.464770268648862839e-02 4.586022347211837769e-03
5.634219999999606443e+03 1.237315125763416290e-02 4.510112106800079346e-03
5.635699999999606007e+03 8.478981442749500275e-03 4.325313493609428406e-03
5.637179999999605570e+03 1.255075167864561081e-02 4.427106585353612900e-03
5.638659999999605134e+03 1.169315632432699203e-02 4.470052197575569153e-03
5.640139999999604697e+03 1.539017632603645325e-02 4.591545090079307556e-03
5.641619999999604261e+03 1.554277632385492325e-02 4.564460366964340210e-03
5.643099999999603824e+03 1.374074630439281464e-02 4.593180026859045029e-03
5.644579999999603388e+03 1.838956773281097412e-02 4.792480263859033585e-03
5.646059999999602951e+03 1.283816900104284286e-02 4.614622797816991806e-03
5.647539999999602514e+03 1.353597640991210938e-02 4.622372332960367203e-03
5.649019999999602078e+03 1.412081811577081680e-02 4.552715923637151718e-03
5.650499999999601641e+03 1.188410818576812744e-02 4.437122028321027756e-03
5.651979999999601205e+03 2.182827703654766083e-02 4.850612487643957138e-03
5.653459999999600768e+03 1.236881222575902939e-02 4.511142615228891373e-03
5.654939999999600332e+03 1.252054609358310699e-02 4.492146428674459457e-03
5.656419999999599895e+03 1.348522957414388657e-02 4.505512304604053497e-03
5.657899999999599459e+03 2.804109826683998108e-03 4.096962977200746536e-03
5.659379999999599022e+03 7.369263097643852234e-03 4.227276425808668137e-03
5.660859999999598585e+03 1.945402286946773529e-02 4.677184857428073883e-03
5.662339999999598149e+03 6.229005753993988037e-03 4.281064495444297791e-03
5.663819999999597712e+03 7.218952290713787079e-03 4.330086521804332733e-03
5.665299999999597276e+03 1.082986500114202499e-02 4.458837676793336868e-03
5.666779999999596839e+03 1.069748587906360626e-02 4.450950771570205688e-03
5.668259999999596403e+03 1.393437571823596954e-02 4.595344420522451401e-03
5.669739999999595966e+03 1.070702262222766876e-02 4.502111114561557770e-03
5.671219999999595530e+03 1.920568943023681641e-02 4.795993678271770477e-03
5.672699999999595093e+03 3.482755506411194801e-03 4.287086892873048782e-03
5.674179999999594656e+03 1.269945874810218811e-02 4.580526147037744522e-03
5.675659999999594220e+03 8.598987013101577759e-03 4.410772584378719330e-03
5.677139999999593783e+03 8.436705917119979858e-03 4.386599641293287277e-03
5.678619999999593347e+03 7.929620333015918732e-03 4.416140262037515640e-03
5.680099999999592910e+03 1.295404508709907532e-02 4.623444750905036926e-03
5.681579999999592474e+03 1.728566363453865051e-02 4.724283237010240555e-03
5.683059999999592037e+03 3.574474481865763664e-03 4.258822649717330933e-03
5.684539999999591600e+03 1.270318031311035156e-02 4.521885421127080917e-03
5.686019999999591164e+03 1.180268544703722000e-02 4.501186311244964600e-03
5.687499999999590727e+03 1.766291819512844086e-02 4.669334273785352707e-03
5.688979999999590291e+03 1.959945075213909149e-02 4.779462236911058426e-03
5.690459999999589854e+03 9.266894310712814331e-03 4.516376648098230362e-03
5.691939999999589418e+03 1.308280043303966522e-02 4.582022316753864288e-03
5.693419999999588981e+03 2.447530627250671387e-03 4.227741155773401260e-03
5.694899999999588545e+03 9.348785504698753357e-03 4.498232156038284302e-03
5.696379999999588108e+03 1.363384537398815155e-02 4.662880674004554749e-03
5.697859999999587671e+03 1.206898503005504608e-02 4.583133384585380554e-03
5.699339999999587235e+03 1.095009222626686096e-02 4.512965213507413864e-03
5.700819999999586798e+03 1.691298186779022217e-02 4.694240167737007141e-03
5.702299999999586362e+03 1.433240808546543121e-02 4.628363996744155884e-03
5.703779999999585925e+03 7.683116942644119263e-03 4.422200378030538559e-03
5.705259999999585489e+03 2.023729681968688965e-02 4.803971853107213974e-03
5.706739999999585052e+03 1.709664054214954376e-02 4.644592758268117905e-03
5.708219999999584616e+03 1.432089321315288544e-02 4.561053123325109482e-03
5.709699999999584179e+03 6.026199087500572205e-03 4.239851143211126328e-03
5.711179999999583742e+03 1.498585753142833710e-02 4.634761717170476913e-03
5.712659999999583306e+03 8.523735217750072479e-03 4.361245781183242798e-03
5.714139999999582869e+03 8.297622203826904297e-03 4.388671834021806717e-03
5.715619999999582433e+03 1.535865943878889084e-03 4.169022198766469955e-03
5.717099999999581996e+03 1.357023604214191437e-02 4.616233985871076584e-03
5.718579999999581560e+03 9.644333273172378540e-03 4.506480880081653595e-03
5.720059999999581123e+03 1.362833380699157715e-02 4.603584762662649155e-03
5.721539999999580687e+03 1.106301415711641312e-02 4.522852599620819092e-03
5.723019999999580250e+03 9.274998679757118225e-03 4.493632819503545761e-03
5.724499999999579813e+03 1.161609124392271042e-02 4.561030305922031403e-03
5.725979999999579377e+03 1.551064476370811462e-02 4.679644014686346054e-03
5.727459999999578940e+03 1.425423286855220795e-02 4.615715704858303070e-03
5.728939999999578504e+03 1.395961735397577286e-02 4.611826967447996140e-03
5.730419999999578067e+03 1.512911915779113770e-02 4.603877663612365723e-03
5.731899999999577631e+03 1.369103882461786270e-02 4.604503046721220016e-03
5.733379999999577194e+03 6.208039820194244385e-03 4.306920338422060013e-03
5.734859999999576758e+03 1.011658087372779846e-02 4.504681099206209183e-03
5.736339999999576321e+03 7.016629911959171295e-03 4.387056920677423477e-03
5.737819999999575884e+03 1.383354980498552322e-02 4.593526478856801987e-03
5.739299999999575448e+03 1.301598735153675079e-02 4.530994221568107605e-03
5.740779999999575011e+03 7.088168989866971970e-03 4.342210479080677032e-03
5.742259999999574575e+03 1.928161457180976868e-02 4.700443707406520844e-03
5.743739999999574138e+03 7.287875749170780182e-03 4.389576613903045654e-03
5.745219999999573702e+03 1.329880207777023315e-02 4.519088659435510635e-03
5.746699999999573265e+03 1.077228970825672150e-02 4.419218283146619797e-03
5.748179999999572829e+03 7.404394447803497314e-03 4.342065658420324326e-03
5.749659999999572392e+03 1.199993118643760681e-02 4.463587421923875809e-03
5.751139999999571955e+03 1.354285329580307007e-02 4.529590252786874771e-03
5.752619999999571519e+03 1.841934584081172943e-02 4.656758625060319901e-03
5.754099999999571082e+03 1.098806783556938171e-02 4.409809596836566925e-03
5.755579999999570646e+03 1.008953340351581573e-02 4.393902141600847244e-03
5.757059999999570209e+03 1.837974786758422852e-02 4.683450330048799515e-03
5.758539999999569773e+03 1.354087423533201218e-02 4.566473886370658875e-03
5.760019999999569336e+03 1.018912717700004578e-02 4.468100145459175110e-03
5.761499999999568900e+03 9.075954556465148926e-03 4.320489708334207535e-03
5.762979999999568463e+03 1.242603361606597900e-02 4.481849260628223419e-03
5.764459999999568026e+03 1.351735927164554596e-02 4.503039643168449402e-03
5.765939999999567590e+03 8.160084486007690430e-03 4.386046901345252991e-03
5.767419999999567153e+03 9.222711436450481415e-03 4.408746026456356049e-03
5.768899999999566717e+03 1.078603137284517288e-02 4.436389077454805374e-03
5.770379999999566280e+03 2.215042337775230408e-02 4.841127898544073105e-03
5.771859999999565844e+03 1.461645588278770447e-02 4.580415785312652588e-03
5.773339999999565407e+03 1.940796524286270142e-02 4.693703725934028625e-03
5.774819999999564970e+03 1.679179072380065918e-02 4.624175839126110077e-03
5.776299999999564534e+03 1.581513136625289917e-02 4.591592587530612946e-03
5.777779999999564097e+03 1.304845791310071945e-02 4.552102647721767426e-03
5.779259999999563661e+03 1.546604558825492859e-02 4.566767252981662750e-03
5.780739999999563224e+03 1.305066235363483429e-02 4.465284291654825211e-03
5.782219999999562788e+03 4.988251719623804092e-03 4.168439190834760666e-03
5.783699999999562351e+03 1.587457768619060516e-02 4.546960350126028061e-03
5.785179999999561915e+03 1.180094759911298752e-02 4.383246880024671555e-03
5.786659999999561478e+03 2.030212432146072388e-02 4.704312421381473541e-03
5.788139999999561041e+03 1.600996032357215881e-02 4.576755687594413757e-03
5.789619999999560605e+03 1.365436008200049400e-03 4.095918498933315277e-03
5.791099999999560168e+03 4.706842359155416489e-03 4.172855056822299957e-03
5.792579999999559732e+03 6.460636854171752930e-03 4.257849883288145065e-03
5.794059999999559295e+03 1.546075567603111267e-02 4.570572171360254288e-03
5.795539999999558859e+03 1.043140143156051636e-02 4.391746595501899719e-03
5.797019999999558422e+03 6.218281108886003494e-03 4.206901416182518005e-03
5.798499999999557986e+03 1.009725779294967651e-02 4.370391368865966797e-03
5.799979999999557549e+03 1.474460028111934662e-02 4.588054958730936050e-03
5.801459999999557112e+03 1.110124774277210236e-02 4.430553410202264786e-03
5.802939999999556676e+03 7.612777873873710632e-03 4.336853977292776108e-03
5.804419999999556239e+03 1.062647718936204910e-02 4.395931959152221680e-03
5.805899999999555803e+03 1.023499574512243271e-02 4.366246983408927917e-03
5.807379999999555366e+03 8.070399984717369080e-03 4.377885255962610245e-03
5.808859999999554930e+03 1.298959180712699890e-02 4.521837923675775528e-03
5.810339999999554493e+03 9.866029024124145508e-03 4.387996159493923187e-03
5.811819999999554057e+03 3.737851046025753021e-03 4.169267602264881134e-03
5.813299999999553620e+03 9.408822283148765564e-03 4.388868808746337891e-03
5.814779999999553183e+03 1.588965579867362976e-02 4.565436858683824539e-03
5.816259999999552747e+03 1.198700815439224243e-02 4.406446125358343124e-03
5.817739999999552310e+03 8.290470577776432037e-03 4.321352113038301468e-03
5.819219999999551874e+03 1.745805703103542328e-02 4.653682466596364975e-03
5.820699999999551437e+03 1.511982269585132599e-02 4.624296911060810089e-03
5.822179999999551001e+03 1.301017589867115021e-02 4.499969538301229477e-03
5.823659999999550564e+03 1.437113527208566666e-02 4.548346158117055893e-03
5.825139999999550128e+03 1.028387993574142456e-02 4.452017601579427719e-03
5.826619999999549691e+03 1.250619906932115555e-02 4.475984256714582443e-03
5.828099999999549254e+03 -2.707960666157305241e-04 4.074490163475275040e-03
5.829579999999548818e+03 1.248623896390199661e-02 4.520680289715528488e-03
5.831059999999548381e+03 1.036132499575614929e-02 4.446326754987239838e-03
5.832539999999547945e+03 5.430272314697504044e-03 4.262698814272880554e-03
5.834019999999547508e+03 1.681317761540412903e-02 4.649813752621412277e-03
5.835499999999547072e+03 8.686187677085399628e-03 4.367945250123739243e-03
5.836979999999546635e+03 5.274956580251455307e-03 4.199590999633073807e-03
5.838459999999546199e+03 6.756300572305917740e-03 4.260437563061714172e-03
5.839939999999545762e+03 1.185418758541345596e-02 4.479949828237295151e-03
5.841419999999545325e+03 1.560707297176122665e-02 4.590248689055442810e-03
5.842899999999544889e+03 1.653287559747695923e-02 4.642026033252477646e-03
5.844379999999544452e+03 1.776266843080520630e-02 4.679998382925987244e-03
5.845859999999544016e+03 9.180874563753604889e-03 4.359812010079622269e-03
5.847339999999543579e+03 1.073226705193519592e-02 4.430580884218215942e-03
5.848819999999543143e+03 3.612937871366739273e-03 4.184029530733823776e-03
5.850299999999542706e+03 1.186266914010047913e-02 4.469476640224456787e-03
5.851779999999542270e+03 1.162143051624298096e-02 4.437656607478857040e-03
5.853259999999541833e+03 7.209725677967071533e-03 4.276773426681756973e-03
5.854739999999541396e+03 8.175722323358058929e-03 4.347023088485002518e-03
5.856219999999540960e+03 5.626744125038385391e-03 4.213366657495498657e-03
5.857699999999540523e+03 1.832015439867973328e-02 4.601213615387678146e-03
5.859179999999540087e+03 2.289709076285362244e-02 4.762693773955106735e-03
5.860659999999539650e+03 1.258704066276550293e-02 4.451510962098836899e-03
5.862139999999539214e+03 9.785257279872894287e-03 4.372361116111278534e-03
5.863619999999538777e+03 9.535297751426696777e-03 4.528640303760766983e-03
5.865099999999538340e+03 5.957050714641809464e-03 4.707187879830598831e-03
5.866579999999537904e+03 2.370013622567057610e-03 4.772787448018789291e-03
5.868059999999537467e+03 1.401702314615249634e-02 5.078272428363561630e-03
5.869539999999537031e+03 2.071212045848369598e-02 4.989190027117729187e-03
5.871019999999536594e+03 1.600980199873447418e-02 4.696467425674200058e-03
5.872499999999536158e+03 6.779612973332405090e-03 4.455826245248317719e-03
5.873979999999535721e+03 5.418294575065374374e-03 4.424082115292549133e-03
5.875459999999535285e+03 5.276635754853487015e-03 4.390484653413295746e-03
5.876939999999534848e+03 8.320352993905544281e-03 4.433512222021818161e-03
5.878419999999534411e+03 7.615324109792709351e-03 4.361805040389299393e-03
5.879899999999533975e+03 9.412273764610290527e-03 4.400026984512805939e-03
5.881379999999533538e+03 7.368446793407201767e-03 4.344237037003040314e-03
5.882859999999533102e+03 1.396208442747592926e-02 4.568908363580703735e-03
5.884339999999532665e+03 1.748730055987834930e-02 4.686512984335422516e-03
5.885819999999532229e+03 1.535159349441528320e-02 4.713970236480236053e-03
5.887299999999531792e+03 2.602912252768874168e-03 5.488693714141845703e-03
5.888779999999531356e+03 -1.079834299162030220e-03 8.878494612872600555e-03
5.890259999999530919e+03 2.492633834481239319e-02 1.001598872244358063e-02
5.891739999999530482e+03 1.730871386826038361e-02 7.856255397200584412e-03
5.893219999999530046e+03 -1.732129603624343872e-04 5.435872357338666916e-03
5.894699999999529609e+03 1.356286182999610901e-02 6.731391884386539459e-03
5.896179999999529173e+03 2.071026153862476349e-02 7.637312635779380798e-03
5.897659999999528736e+03 1.462602242827415466e-02 6.330593954771757126e-03
5.899139999999528300e+03 1.073998771607875824e-02 4.523603245615959167e-03
5.900619999999527863e+03 9.826727211475372314e-03 4.384270403534173965e-03
5.902099999999527427e+03 1.488796435296535492e-02 4.622422158718109131e-03
5.903579999999526990e+03 1.387749426066875458e-02 4.626352805644273758e-03
5.905059999999526553e+03 1.464962773025035858e-02 4.692479502409696579e-03
5.906539999999526117e+03 1.502994913607835770e-02 4.743256140500307083e-03
5.908019999999525680e+03 1.522930152714252472e-02 4.689197521656751633e-03
5.909499999999525244e+03 1.563514582812786102e-02 4.616061225533485413e-03
5.910979999999524807e+03 1.085143536329269409e-02 4.424982238560914993e-03
5.912459999999524371e+03 8.004840463399887085e-03 4.405157640576362610e-03
5.913939999999523934e+03 1.142903044819831848e-02 4.913858603686094284e-03
5.915419999999523498e+03 8.770939894020557404e-03 5.056310910731554031e-03
5.916899999999523061e+03 2.584827132523059845e-03 4.517506342381238937e-03
5.918379999999522624e+03 9.034894406795501709e-03 4.405851475894451141e-03
5.919859999999522188e+03 1.306104473769664764e-02 4.554116632789373398e-03
5.921339999999521751e+03 1.502566225826740265e-02 4.648571833968162537e-03
5.922819999999521315e+03 1.351025886833667755e-02 4.681024234741926193e-03
5.924299999999520878e+03 1.214104332029819489e-02 4.771572537720203400e-03
5.925779999999520442e+03 9.412255138158798218e-03 4.652322269976139069e-03
5.927259999999520005e+03 5.203041713684797287e-03 4.309775773435831070e-03
5.928739999999519569e+03 1.354508753865957260e-02 4.504649434238672256e-03
5.930219999999519132e+03 1.423362176865339279e-02 4.663169849663972855e-03
5.931699999999518695e+03 1.532924734055995941e-02 5.166886840015649796e-03
5.933179999999518259e+03 1.241101603955030441e-02 5.240393336862325668e-03
5.934659999999517822e+03 1.627354137599468231e-02 4.943682812154293060e-03
5.936139999999517386e+03 1.457708887755870819e-02 4.548449069261550903e-03
5.937619999999516949e+03 2.653636271134018898e-03 4.167882725596427917e-03
5.939099999999516513e+03 -1.270019449293613434e-03 4.044556524604558945e-03
5.940579999999516076e+03 1.120453700423240662e-02 4.438269417732954025e-03
5.942059999999515640e+03 1.936740987002849579e-02 4.721310455352067947e-03
5.943539999999515203e+03 2.716768765822052956e-03 4.229446407407522202e-03
5.945019999999514766e+03 1.446895301342010498e-02 4.794854670763015747e-03
5.946499999999514330e+03 2.327777072787284851e-02 5.073711276054382324e-03
5.947979999999513893e+03 1.587508618831634521e-02 4.701421130448579788e-03
5.949459999999513457e+03 9.028501808643341064e-03 4.393036011606454849e-03
5.950939999999513020e+03 5.663441959768533707e-03 4.391709342598915100e-03
5.952419999999512584e+03 1.210859883576631546e-02 4.945820197463035583e-03
5.953899999999512147e+03 1.965367235243320465e-02 5.249267909675836563e-03
5.955379999999511710e+03 1.236890256404876709e-02 4.770639818161725998e-03
5.956859999999511274e+03 1.273576077073812485e-02 4.449327010661363602e-03
5.958339999999510837e+03 1.299206074327230453e-02 4.456264898180961609e-03
5.959819999999510401e+03 1.049316395074129105e-02 4.404307343065738678e-03
5.961299999999509964e+03 1.207719370722770691e-02 4.467758815735578537e-03
5.962779999999509528e+03 1.114840712398290634e-02 4.440435674041509628e-03
5.964259999999509091e+03 1.252356730401515961e-02 4.479201044887304306e-03
5.965739999999508655e+03 1.493697892874479294e-02 4.564117640256881714e-03
5.967219999999508218e+03 8.907796815037727356e-03 4.339867737144231796e-03
5.968699999999507781e+03 1.115193311125040054e-02 4.554613959044218063e-03
5.970179999999507345e+03 6.980178412050008774e-03 4.446205217391252518e-03
5.971659999999506908e+03 7.616358343511819839e-03 4.420173354446887970e-03
5.973139999999506472e+03 1.287589222192764282e-02 4.494930151849985123e-03
5.974619999999506035e+03 7.424158044159412384e-03 4.384109284728765488e-03
5.976099999999505599e+03 1.032930985093116760e-02 4.642836749553680420e-03
5.977579999999505162e+03 1.740135625004768372e-02 4.913545213639736176e-03
5.979059999999504726e+03 1.520155835896730423e-02 4.657062701880931854e-03
5.980539999999504289e+03 1.559535041451454163e-02 4.535830579698085785e-03
5.982019999999503852e+03 1.211708132177591324e-02 4.454093519598245621e-03
5.983499999999503416e+03 3.392346901819109917e-03 4.141984041780233383e-03
5.984979999999502979e+03 7.538506761193275452e-03 4.245363175868988037e-03
5.986459999999502543e+03 7.989745587110519409e-03 4.291868302971124649e-03
5.987939999999502106e+03 1.396192796528339386e-02 4.477236885577440262e-03
5.989419999999501670e+03 1.156632229685783386e-02 4.434648435562849045e-03
5.990899999999501233e+03 1.204265374690294266e-02 4.419809672981500626e-03
5.992379999999500797e+03 9.112394414842128754e-03 4.335803911089897156e-03
5.993859999999500360e+03 1.196792721748352051e-02 4.432418849319219589e-03
5.995339999999499923e+03 1.277913711965084076e-02 4.471542779356241226e-03
5.996819999999499487e+03 1.291351113468408585e-02 4.476632922887802124e-03
5.998299999999499050e+03 1.307274401187896729e-02 4.473512526601552963e-03
5.999779999999498614e+03 7.628728635609149933e-03 4.274934995919466019e-03
6.001259999999498177e+03 7.801231462508440018e-03 4.260768182575702667e-03
6.002739999999497741e+03 8.385431021451950073e-03 4.342114552855491638e-03
6.004219999999497304e+03 1.289969682693481445e-02 4.585094749927520752e-03
6.005699999999496868e+03 1.004689186811447144e-02 4.351624753326177597e-03
6.007179999999496431e+03 3.677240340039134026e-03 4.027653485536575317e-03
6.008659999999495994e+03 8.195647969841957092e-03 4.192126449197530746e-03
6.010139999999495558e+03 1.120338775217533112e-02 4.293424077332019806e-03
6.011619999999495121e+03 8.984911255538463593e-03 4.219853784888982773e-03
6.013099999999494685e+03 5.983607377856969833e-03 4.096850752830505371e-03
6.014579999999494248e+03 1.262085698544979095e-02 4.286539275199174881e-03
6.016059999999493812e+03 1.134173013269901276e-02 4.275039769709110260e-03
6.017539999999493375e+03 7.722849491983652115e-03 4.164408426731824875e-03
6.019019999999492939e+03 1.264653168618679047e-02 4.346081987023353577e-03
6.020499999999492502e+03 1.544849574565887451e-02 4.400092177093029022e-03
6.021979999999492065e+03 1.670190319418907166e-02 4.417627584189176559e-03
6.023459999999491629e+03 1.351527217775583267e-02 4.336089827120304108e-03
6.024939999999491192e+03 1.183028612285852432e-02 4.267915617674589157e-03
6.026419999999490756e+03 1.183455251157283783e-02 4.351291339844465256e-03
6.027899999999490319e+03 6.372530013322830200e-03 4.187649115920066833e-03
6.029379999999489883e+03 4.713863134384155273e-03 4.116346593946218491e-03
6.030859999999489446e+03 1.016469486057758331e-02 4.291291348636150360e-03
6.032339999999489009e+03 1.470694970339536667e-02 4.468479659408330917e-03
6.033819999999488573e+03 1.362475380301475525e-02 4.470881074666976929e-03
6.035299999999488136e+03 8.340004831552505493e-03 4.298252984881401062e-03
6.036779999999487700e+03 3.068642690777778625e-03 4.027490504086017609e-03
6.038259999999487263e+03 5.596571601927280426e-03 4.109621979296207428e-03
6.039739999999486827e+03 8.961216546595096588e-03 4.236258100718259811e-03
6.041219999999486390e+03 1.629749312996864319e-02 4.450917709618806839e-03
6.042699999999485954e+03 1.440770737826824188e-02 4.398865159600973129e-03
6.044179999999485517e+03 9.769204072654247284e-03 4.251786507666110992e-03
6.045659999999485080e+03 6.451994646340608597e-03 4.100677557289600372e-03
6.047139999999484644e+03 6.431353278458118439e-03 4.088848363608121872e-03
6.048619999999484207e+03 9.824649430811405182e-03 4.201160278171300888e-03
6.050099999999483771e+03 4.200400784611701965e-03 3.993422258645296097e-03
6.051579999999483334e+03 1.046841498464345932e-02 4.207141231745481491e-03
6.053059999999482898e+03 1.586094126105308533e-02 4.347206559032201767e-03
6.054539999999482461e+03 1.048727426677942276e-02 4.191814456135034561e-03
6.056019999999482025e+03 8.571046404540538788e-03 4.099195357412099838e-03
6.057499999999481588e+03 1.121154148131608963e-02 4.247827921062707901e-03
6.058979999999481151e+03 1.885676197707653046e-02 4.478614777326583862e-03
6.060459999999480715e+03 1.666061207652091980e-02 4.438003990799188614e-03
6.061939999999480278e+03 1.850081980228424072e-02 4.534469917416572571e-03
6.063419999999479842e+03 5.697818472981452942e-03 4.073756281286478043e-03
6.064899999999479405e+03 1.408028230071067810e-02 4.324596375226974487e-03
6.066379999999478969e+03 8.263045921921730042e-03 4.193526227027177811e-03
6.067859999999478532e+03 1.740419864654541016e-02 4.509339109063148499e-03
6.069339999999478096e+03 1.251602731645107269e-02 4.316942300647497177e-03
6.070819999999477659e+03 1.040871068835258484e-02 4.259623587131500244e-03
6.072299999999477222e+03 1.321062073111534119e-02 4.329640883952379227e-03
6.073779999999476786e+03 7.887830957770347595e-03 4.139462951570749283e-03
6.075259999999476349e+03 1.169519592076539993e-02 4.229045473039150238e-03
6.076739999999475913e+03 1.316803880035877228e-02 4.277220461517572403e-03
6.078219999999475476e+03 9.446535259485244751e-03 4.160994198173284531e-03
6.079699999999475040e+03 8.738978765904903412e-03 4.145063925534486771e-03
6.081179999999474603e+03 2.525737276300787926e-03 3.927183803170919418e-03
6.082659999999474167e+03 6.614721845835447311e-03 4.059161059558391571e-03
6.084139999999473730e+03 1.224074698984622955e-02 4.268587101250886917e-03
6.085619999999473293e+03 1.861624233424663544e-02 4.458288662135601044e-03
6.087099999999472857e+03 2.019974868744611740e-03 3.845857921987771988e-03
6.088579999999472420e+03 3.180906642228364944e-03 3.921740688383579254e-03
6.090059999999471984e+03 1.449557580053806305e-02 4.293209873139858246e-03
6.091539999999471547e+03 1.106216013431549072e-02 4.142061341553926468e-03
6.093019999999471111e+03 1.277530379593372345e-02 4.213541280478239059e-03
6.094499999999470674e+03 9.661940857768058777e-03 4.177986178547143936e-03
6.095979999999470238e+03 4.670827183872461319e-03 3.987626638263463974e-03
6.097459999999469801e+03 8.933831937611103058e-03 4.108835477381944656e-03
6.098939999999469364e+03 8.033864200115203857e-03 4.139504861086606979e-03
6.100419999999468928e+03 9.216347709298133850e-03 4.133214708417654037e-03
6.101899999999468491e+03 1.337507739663124084e-02 4.193393047899007797e-03
6.103379999999468055e+03 1.230348832905292511e-02 4.169594496488571167e-03
6.104859999999467618e+03 1.113180350512266159e-02 4.212520550936460495e-03
6.106339999999467182e+03 8.794179186224937439e-03 4.178982693701982498e-03
6.107819999999466745e+03 5.747755989432334900e-03 3.993084188550710678e-03
6.109299999999466309e+03 2.770059276372194290e-03 3.876007394865155220e-03
6.110779999999465872e+03 5.339669995009899139e-03 4.054385237395763397e-03
6.112259999999465435e+03 6.911906413733959198e-03 4.117420874536037445e-03
6.113739999999464999e+03 9.753178805112838745e-03 4.164549056440591812e-03
6.115219999999464562e+03 9.239308536052703857e-03 4.154863301664590836e-03
6.116699999999464126e+03 1.141710113734006882e-02 4.187840037047863007e-03
6.118179999999463689e+03 1.140063069760799408e-02 4.178869072347879410e-03
6.119659999999463253e+03 1.475169509649276733e-02 4.314446821808815002e-03
6.121139999999462816e+03 1.386053487658500671e-02 4.298634361475706100e-03
6.122619999999462379e+03 7.889367640018463135e-03 4.026999231427907944e-03
6.124099999999461943e+03 8.063263259828090668e-03 4.007029347121715546e-03
6.125579999999461506e+03 1.306121796369552612e-02 4.235294647514820099e-03
6.127059999999461070e+03 1.045367959886789322e-02 4.122282378375530243e-03
6.128539999999460633e+03 1.064826641231775284e-02 4.144127480685710907e-03
6.130019999999460197e+03 7.058246992528438568e-03 4.013319499790668488e-03
6.131499999999459760e+03 1.344200409948825836e-02 4.244223702698945999e-03
6.132979999999459324e+03 1.321873255074024200e-02 6.035236641764640808e-03
6.134459999999458887e+03 9.918105788528919220e-03 1.442831568419933319e-02
6.135939999999458450e+03 1.105445716530084610e-02 9.790185838937759399e-03
6.137419999999458014e+03 9.588877670466899872e-03 4.367741290479898453e-03
6.138899999999457577e+03 1.448367442935705185e-02 4.406857769936323166e-03
6.140379999999457141e+03 1.347755081951618195e-02 4.376756493002176285e-03
6.141859999999456704e+03 1.412926614284515381e-02 4.321472719311714172e-03
6.143339999999456268e+03 1.895417831838130951e-02 4.584371577948331833e-03
6.144819999999455831e+03 1.276444084942340851e-02 4.451503045856952667e-03
6.146299999999455395e+03 9.155072271823883057e-03 4.193182103335857391e-03
6.147779999999454958e+03 5.887261591851711273e-03 4.126702435314655304e-03
6.149259999999454521e+03 8.561771363019943237e-03 4.203310236334800720e-03
6.150739999999454085e+03 1.346415001899003983e-02 4.281776025891304016e-03
6.152219999999453648e+03 1.090862881392240524e-02 4.178670700639486313e-03
6.153699999999453212e+03 9.458534419536590576e-03 4.119754303246736526e-03
6.155179999999452775e+03 1.478913240134716034e-02 4.297092556953430176e-03
6.156659999999452339e+03 1.608333364129066467e-02 4.329943563789129257e-03
6.158139999999451902e+03 9.978828951716423035e-03 4.149154759943485260e-03
6.159619999999451466e+03 7.371297106146812439e-03 4.018724430352449417e-03
6.161099999999451029e+03 1.153961848467588425e-02 4.070741124451160431e-03
6.162579999999450592e+03 1.165109500288963318e-02 4.037902690470218658e-03
6.164059999999450156e+03 1.111432537436485291e-02 4.059377592056989670e-03
6.165539999999449719e+03 1.575071737170219421e-02 4.250519443303346634e-03
6.167019999999449283e+03 1.025176886469125748e-02 4.099528305232524872e-03
6.168499999999448846e+03 2.772710751742124557e-03 3.983609843999147415e-03
6.169979999999448410e+03 1.079612039029598236e-02 4.449341911822557449e-03
6.171459999999447973e+03 1.432336214929819107e-02 4.584643989801406860e-03
6.172939999999447537e+03 1.175391394644975662e-02 4.284110385924577713e-03
6.174419999999447100e+03 7.930281572043895721e-03 4.094176460057497025e-03
6.175899999999446663e+03 6.250246893614530563e-03 4.114288836717605591e-03
6.177379999999446227e+03 6.290822289884090424e-03 4.101431462913751602e-03
6.178859999999445790e+03 5.238010780885815620e-04 3.816576907411217690e-03
6.180339999999445354e+03 4.640649072825908661e-03 3.941798582673072815e-03
6.181819999999444917e+03 6.283034104853868484e-03 3.996373154222965240e-03
6.183299999999444481e+03 4.106889944523572922e-03 3.927839919924736023e-03
6.184779999999444044e+03 1.180908177047967911e-02 4.218722227960824966e-03
6.186259999999443608e+03 1.761074550449848175e-02 4.371566232293844223e-03
6.187739999999443171e+03 1.177269220352172852e-02 4.136997740715742111e-03
6.189219999999442734e+03 5.470269825309514999e-03 3.924911376088857651e-03
6.190699999999442298e+03 4.713011905550956726e-03 3.893378423526883125e-03
6.192179999999441861e+03 1.729625090956687927e-02 4.355417098850011826e-03
6.193659999999441425e+03 1.522324793040752411e-02 4.376133438199758530e-03
6.195139999999440988e+03 1.768337190151214600e-02 4.376878961920738220e-03
6.196619999999440552e+03 1.842450723052024841e-02 4.415557719767093658e-03
6.198099999999440115e+03 1.483225543051958084e-02 4.269849043339490891e-03
6.199579999999439679e+03 1.362508442252874374e-02 4.234289750456809998e-03
6.201059999999439242e+03 1.873288862407207489e-02 4.603883251547813416e-03
6.202539999999438805e+03 1.299304887652397156e-02 4.602096509188413620e-03
6.204019999999438369e+03 1.182158105075359344e-02 4.430588800460100174e-03
6.205499999999437932e+03 8.591366931796073914e-03 4.126580432057380676e-03
6.206979999999437496e+03 8.822958916425704956e-03 4.128999076783657074e-03
6.208459999999437059e+03 8.916111662983894348e-03 4.124610219150781631e-03
6.209939999999436623e+03 1.597937569022178650e-02 4.316111560910940170e-03
6.211419999999436186e+03 1.168407779186964035e-02 4.224956501275300980e-03
6.212899999999435749e+03 7.462499197572469711e-03 4.097275435924530029e-03
6.214379999999435313e+03 2.131172642111778259e-02 4.481052048504352570e-03
6.215859999999434876e+03 1.379796769469976425e-02 4.181846044957637787e-03
6.217339999999434440e+03 3.129970515146851540e-03 3.792835166677832603e-03
6.218819999999434003e+03 7.525151595473289490e-03 4.043898079544305801e-03
6.220299999999433567e+03 1.240346953272819519e-02 4.446027800440788269e-03
6.221779999999433130e+03 1.112619414925575256e-02 4.536483902484178543e-03
6.223259999999432694e+03 4.128585569560527802e-03 4.080164246261119843e-03
6.224739999999432257e+03 8.921707049012184143e-03 4.112644586712121964e-03
6.226219999999431820e+03 1.154787745326757431e-02 4.212415777146816254e-03
6.227699999999431384e+03 9.140748530626296997e-03 4.060088656842708588e-03
6.229179999999430947e+03 1.144732628017663956e-02 4.105402156710624695e-03
6.230659999999430511e+03 2.295861952006816864e-03 3.760880790650844574e-03
6.232139999999430074e+03 1.130483485758304596e-02 4.319419153034687042e-03
6.233619999999429638e+03 1.415562443435192108e-02 5.003025289624929428e-03
6.235099999999429201e+03 1.109193824231624603e-02 5.414847284555435181e-03
6.236579999999428765e+03 1.557879522442817688e-02 5.405957810580730438e-03
6.238059999999428328e+03 1.163272559642791748e-02 4.696077667176723480e-03
6.239539999999427891e+03 1.152551732957363129e-02 4.375117830932140350e-03
6.241019999999427455e+03 1.490187644958496094e-02 4.632404539734125137e-03
6.242499999999427018e+03 1.486051641404628754e-02 4.617679398506879807e-03
6.243979999999426582e+03 1.376800984144210815e-02 4.427565727382898331e-03
6.245459999999426145e+03 1.334135234355926514e-02 4.283967893570661545e-03
6.246939999999425709e+03 1.173739507794380188e-02 4.207291174679994583e-03
6.248419999999425272e+03 8.644801564514636993e-03 4.162831697613000870e-03
6.249899999999424836e+03 1.152045745402574539e-02 4.209266975522041321e-03
6.251379999999424399e+03 1.203309558331966400e-02 4.166061524301767349e-03
6.252859999999423962e+03 7.132419385015964508e-03 3.972628619521856308e-03
6.254339999999423526e+03 7.220541127026081085e-03 4.005086608231067657e-03
6.255819999999423089e+03 9.749792516231536865e-03 4.749177489429712296e-03
6.257299999999422653e+03 6.198308430612087250e-03 5.288106389343738556e-03
6.258779999999422216e+03 1.447241939604282379e-02 5.373641848564147949e-03
6.260259999999421780e+03 1.157775335013866425e-02 4.578584805130958557e-03
6.261739999999421343e+03 9.352664463222026825e-03 4.240767564624547958e-03
6.263219999999420907e+03 1.263364590704441071e-02 4.479636438190937042e-03
6.264699999999420470e+03 1.683459803462028503e-02 4.768851213157176971e-03
6.266179999999420033e+03 1.042658463120460510e-02 4.510753322392702103e-03
6.267659999999419597e+03 4.365502856671810150e-03 4.113684408366680145e-03
6.269139999999419160e+03 6.320607848465442657e-03 4.052638541907072067e-03
6.270619999999418724e+03 8.555652573704719543e-03 4.086622036993503571e-03
6.272099999999418287e+03 9.701087139546871185e-03 4.119910299777984619e-03
6.273579999999417851e+03 1.137871015816926956e-02 4.243548959493637085e-03
6.275059999999417414e+03 9.393272921442985535e-03 4.294822923839092255e-03
6.276539999999416978e+03 9.789131581783294678e-03 4.310642834752798080e-03
6.278019999999416541e+03 1.374528650194406509e-02 4.371238872408866882e-03
6.279499999999416104e+03 1.660216413438320160e-02 4.356158431619405746e-03
6.280979999999415668e+03 1.393692195415496826e-02 4.238800145685672760e-03
6.282459999999415231e+03 8.408674038946628571e-03 4.048745147883892059e-03
6.283939999999414795e+03 9.098886512219905853e-03 4.108022898435592651e-03
6.285419999999414358e+03 8.872450329363346100e-03 4.576464183628559113e-03
6.286899999999413922e+03 9.597982279956340790e-03 5.207896698266267776e-03
6.288379999999413485e+03 1.345440931618213654e-02 5.164335016161203384e-03
6.289859999999413048e+03 7.273935712873935699e-03 4.282969515770673752e-03
6.291339999999412612e+03 8.831340819597244263e-03 4.071889910846948624e-03
6.292819999999412175e+03 1.469886023551225662e-02 4.212645348161458969e-03
6.294299999999411739e+03 1.366891991347074509e-02 4.228760953992605209e-03
6.295779999999411302e+03 2.291075419634580612e-03 4.066646564751863480e-03
6.297259999999410866e+03 -2.107472717761993408e-02 4.852588754147291183e-03
6.298739999999410429e+03 1.056195329874753952e-02 1.199511624872684479e-02
6.300219999999409993e+03 1.894698664546012878e-02 1.495725847780704498e-02
6.301699999999409556e+03 -6.635005585849285126e-03 1.127712242305278778e-02
6.303179999999409119e+03 -6.123773753643035889e-03 5.047101993113756180e-03
6.304659999999408683e+03 8.410762995481491089e-03 4.521588329225778580e-03
6.306139999999408246e+03 1.605289243161678314e-02 5.431428551673889160e-03
6.307619999999407810e+03 1.492173690348863602e-02 5.429770797491073608e-03
6.309099999999407373e+03 8.485730737447738647e-03 4.475593566894531250e-03
6.310579999999406937e+03 7.668249309062957764e-03 4.073163028806447983e-03
6.312059999999406500e+03 9.867970831692218781e-03 4.103449173271656036e-03
6.313539999999406064e+03 1.593012735247612000e-02 4.263916052877902985e-03
6.315019999999405627e+03 1.380177680402994156e-02 4.136609844863414764e-03
6.316499999999405190e+03 9.749942459166049957e-03 3.980798181146383286e-03
6.317979999999404754e+03 9.126177057623863220e-03 3.996181301772594452e-03
6.319459999999404317e+03 3.063166048377752304e-03 4.067817237228155136e-03
6.320939999999403881e+03 1.513665914535522461e-02 4.638404585421085358e-03
6.322419999999403444e+03 2.246084995567798615e-02 4.766148049384355545e-03
6.323899999999403008e+03 8.020326495170593262e-03 4.093772731721401215e-03
6.325379999999402571e+03 4.893836565315723419e-03 3.937445580959320068e-03
6.326859999999402135e+03 5.338996648788452148e-03 4.121420439332723618e-03
6.328339999999401698e+03 9.070556610822677612e-03 4.846260417252779007e-03
6.329819999999401261e+03 1.555578969419002533e-02 5.248912144452333450e-03
6.331299999999400825e+03 9.734373539686203003e-03 4.696172196418046951e-03
6.332779999999400388e+03 8.055671118199825287e-03 4.087362904101610184e-03
6.334259999999399952e+03 9.495913982391357422e-03 4.007072653621435165e-03
6.335739999999399515e+03 6.508489139378070831e-03 3.943397197872400284e-03
6.337219999999399079e+03 1.275836769491434097e-02 4.109816625714302063e-03
6.338699999999398642e+03 1.191227417439222336e-02 4.085145890712738037e-03
6.340179999999398206e+03 5.437356885522603989e-04 3.730495693162083626e-03
6.341659999999397769e+03 9.128325618803501129e-03 4.074235446751117706e-03
6.343139999999397332e+03 6.537054199725389481e-03 3.993307240307331085e-03
6.344619999999396896e+03 1.126803923398256302e-02 4.107795190066099167e-03
6.346099999999396459e+03 2.702415513340383768e-04 3.797945799306035042e-03
6.347579999999396023e+03 6.892353296279907227e-03 4.231169819831848145e-03
6.349059999999395586e+03 1.181623712182044983e-02 4.411303903907537460e-03
6.350539999999395150e+03 9.096926078200340271e-03 4.156576935201883316e-03
6.352019999999394713e+03 4.450168926268815994e-03 3.891783533617854118e-03
6.353499999999394277e+03 7.636653259396553040e-03 4.129641223698854446e-03
6.354979999999393840e+03 1.455277949571609497e-02 4.667827393859624863e-03
6.356459999999393403e+03 1.014489494264125824e-02 4.697642289102077484e-03
6.357939999999392967e+03 1.409933157265186310e-02 4.513499327003955841e-03
6.359419999999392530e+03 1.277267001569271088e-02 4.057445097714662552e-03
6.360899999999392094e+03 4.916558973491191864e-03 4.870249424129724503e-03
6.362379999999391657e+03 1.689955405890941620e-02 7.912686094641685486e-03
6.363859999999391221e+03 2.699121646583080292e-02 8.750142529606819153e-03
6.365339999999390784e+03 1.181889511644840240e-02 6.848387885838747025e-03
6.366819999999390348e+03 2.944913692772388458e-03 4.025968257337808609e-03
6.368299999999389911e+03 8.032619021832942963e-03 4.070019815117120743e-03
6.369779999999389474e+03 6.696819327771663666e-03 4.166413564234972000e-03
6.371259999999389038e+03 9.183503687381744385e-03 3.998696804046630859e-03
6.372739999999388601e+03 1.031573582440614700e-02 4.111522808670997620e-03
6.374219999999388165e+03 7.674522232264280319e-03 4.025924019515514374e-03
6.375699999999387728e+03 7.510622963309288025e-03 4.006469156593084335e-03
6.377179999999387292e+03 8.791906759142875671e-03 4.070640541613101959e-03
6.378659999999386855e+03 1.329089887440204620e-02 4.254264291375875473e-03
6.380139999999386418e+03 1.318066660314798355e-02 4.230922553688287735e-03
6.381619999999385982e+03 3.669826313853263855e-03 3.813809715211391449e-03
6.383099999999385545e+03 1.098355092108249664e-02 4.098273813724517822e-03
6.384579999999385109e+03 1.362216100096702576e-02 4.304640460759401321e-03
6.386059999999384672e+03 1.300943363457918167e-02 4.405294544994831085e-03
6.387539999999384236e+03 1.374655589461326599e-02 4.352282732725143433e-03
6.389019999999383799e+03 1.147841755300760269e-02 4.109044093638658524e-03
6.390499999999383363e+03 4.676356911659240723e-03 3.782617393881082535e-03
6.391979999999382926e+03 9.228961542248725891e-03 3.985378425568342209e-03
6.393459999999382489e+03 9.958625771105289459e-03 4.010194912552833557e-03
6.394939999999382053e+03 6.484790705144405365e-03 3.898317459970712662e-03
6.396419999999381616e+03 1.080721616744995117e-02 4.059346392750740051e-03
6.397899999999381180e+03 8.145438507199287415e-03 3.904771059751510620e-03
6.399379999999380743e+03 9.703248739242553711e-03 3.927659709006547928e-03
6.400859999999380307e+03 8.957258425652980804e-03 3.852028632536530495e-03
6.402339999999379870e+03 6.912836804986000061e-03 3.796112257987260818e-03
6.403819999999379434e+03 6.218225695192813873e-03 3.826217725872993469e-03
6.405299999999378997e+03 5.583958234637975693e-03 3.790562506765127182e-03
6.406779999999378560e+03 9.656571783125400543e-03 3.890527179464697838e-03
6.408259999999378124e+03 1.362338289618492126e-02 4.017414525151252747e-03
6.409739999999377687e+03 1.951038837432861328e-02 4.223176278173923492e-03
6.411219999999377251e+03 1.394749712198972702e-02 4.086582455784082413e-03
6.412699999999376814e+03 8.257121779024600983e-03 3.964829258620738983e-03
6.414179999999376378e+03 1.322128064930438995e-02 4.134304821491241455e-03
6.415659999999375941e+03 1.084555592387914658e-02 3.971425350755453110e-03
6.417139999999375505e+03 1.179315149784088135e-02 4.003116395324468613e-03
6.418619999999375068e+03 4.013059660792350769e-03 3.817354328930377960e-03
6.420099999999374631e+03 1.045757532119750977e-02 4.064376931637525558e-03
6.421579999999374195e+03 1.093284040689468384e-02 3.987308591604232788e-03
6.423059999999373758e+03 1.203876547515392303e-02 3.967946395277976990e-03
6.424539999999373322e+03 1.069884188473224640e-02 3.935331944376230240e-03
6.426019999999372885e+03 1.255240477621555328e-02 4.011621698737144470e-03
6.427499999999372449e+03 1.235574577003717422e-02 3.988672047853469849e-03
6.428979999999372012e+03 1.284788176417350769e-02 3.994064871221780777e-03
6.430459999999371576e+03 8.695194497704505920e-03 3.849420463666319847e-03
6.431939999999371139e+03 6.597157567739486694e-03 3.777100704610347748e-03
6.433419999999370702e+03 6.447942461818456650e-03 3.824000712484121323e-03
6.434899999999370266e+03 1.191229093819856644e-02 4.050212912261486053e-03
6.436379999999369829e+03 6.999231874942779541e-03 3.825817722827196121e-03
6.437859999999369393e+03 8.458279073238372803e-03 3.835543524473905563e-03
6.439339999999368956e+03 9.471327997744083405e-03 3.862913465127348900e-03
6.440819999999368520e+03 1.924171112477779388e-02 4.233214538544416428e-03
6.442299999999368083e+03 1.598558202385902405e-02 4.131563939154148102e-03
6.443779999999367647e+03 9.095908142626285553e-03 3.881530370563268661e-03
6.445259999999367210e+03 6.686574779450893402e-03 3.813167801126837730e-03
6.446739999999366773e+03 1.351945847272872925e-02 4.041929729282855988e-03
6.448219999999366337e+03 1.327991671860218048e-02 4.023412242531776428e-03
6.449699999999365900e+03 4.456751048564910889e-03 3.723233938217163086e-03
6.451179999999365464e+03 1.071547064930200577e-02 4.013284575194120407e-03
6.452659999999365027e+03 1.276624016463756561e-02 4.114994779229164124e-03
6.454139999999364591e+03 3.541053272783756256e-03 3.736980492249131203e-03
6.455619999999364154e+03 7.537681609392166138e-03 3.883052850142121315e-03
6.457099999999363718e+03 1.643486320972442627e-02 4.270490724593400955e-03
6.458579999999363281e+03 7.117665372788906097e-03 3.877105191349983215e-03
6.460059999999362844e+03 8.113841526210308075e-03 3.855759976431727409e-03
6.461539999999362408e+03 9.216940030455589294e-03 3.975116647779941559e-03
6.463019999999361971e+03 1.084341574460268021e-02 4.286342300474643707e-03
6.464499999999361535e+03 1.411128416657447815e-02 4.623533226549625397e-03
6.465979999999361098e+03 1.610222272574901581e-02 4.631485790014266968e-03
6.467459999999360662e+03 5.619877949357032776e-03 4.111041780561208725e-03
6.468939999999360225e+03 8.572555147111415863e-03 4.318883642554283142e-03
6.470419999999359788e+03 1.470438204705715179e-02 4.681697115302085876e-03
6.471899999999359352e+03 8.180236443877220154e-03 4.277371801435947418e-03
6.473379999999358915e+03 7.796992547810077667e-03 3.964771050959825516e-03
6.474859999999358479e+03 3.301401156932115555e-03 3.688768250867724419e-03
6.476339999999358042e+03 4.765500780194997787e-03 3.845570608973503113e-03
6.477819999999357606e+03 1.019947230815887451e-02 4.082070197910070419e-03
6.479299999999357169e+03 1.180245820432901382e-02 4.065460991114377975e-03
6.480779999999356733e+03 1.411240175366401672e-02 4.034007899463176727e-03
6.482259999999356296e+03 8.103147149085998535e-03 3.757574129849672318e-03
6.483739999999355859e+03 8.950494229793548584e-03 3.779484191909432411e-03
6.485219999999355423e+03 1.195364259183406830e-02 3.902045544236898422e-03
6.486699999999354986e+03 1.275042723864316940e-02 3.981197718530893326e-03
6.488179999999354550e+03 1.660699769854545593e-02 4.092630464583635330e-03
6.489659999999354113e+03 1.611590571701526642e-02 4.046424757689237595e-03
6.491139999999353677e+03 9.225063025951385498e-03 3.848344087600708008e-03
6.492619999999353240e+03 1.198798604309558868e-02 3.960514906793832779e-03
6.494099999999352804e+03 1.396543718874454498e-02 3.953609615564346313e-03
6.495579999999352367e+03 4.925902001559734344e-03 3.883566008880734444e-03
6.497059999999351930e+03 1.223346125334501266e-02 4.992481786757707596e-03
6.498539999999351494e+03 1.229611597955226898e-02 5.297814961522817612e-03
6.500019999999351057e+03 1.151629723608493805e-02 4.729055799543857574e-03
6.501499999999350621e+03 1.256695110350847244e-02 4.078831989318132401e-03
6.502979999999350184e+03 7.808002177625894547e-03 4.079404752701520920e-03
6.504459999999349748e+03 1.502136327326297760e-02 4.449642263352870941e-03
6.505939999999349311e+03 1.326072961091995239e-02 4.324652720242738724e-03
6.507419999999348875e+03 7.480819243937730789e-03 3.849792992696166039e-03
6.508899999999348438e+03 1.021870598196983337e-02 3.914744127541780472e-03
6.510379999999348001e+03 5.288916639983654022e-03 3.741166088730096817e-03
6.511859999999347565e+03 8.782910183072090149e-03 3.944685216993093491e-03
6.513339999999347128e+03 8.742023259401321411e-03 3.994294442236423492e-03
6.514819999999346692e+03 1.340472046285867691e-02 4.090583883225917816e-03
6.516299999999346255e+03 1.224056351929903030e-02 3.942152950912714005e-03
6.517779999999345819e+03 9.156679734587669373e-03 3.754957113415002823e-03
6.519259999999345382e+03 1.458070147782564163e-02 4.019675310701131821e-03
6.520739999999344946e+03 1.099546998739242554e-02 4.096514079719781876e-03
6.522219999999344509e+03 1.100955624133348465e-02 4.169529303908348083e-03
6.523699999999344072e+03 1.472871378064155579e-02 4.195098299533128738e-03
6.525179999999343636e+03 8.547754958271980286e-03 3.864687634631991386e-03
6.526659999999343199e+03 1.018425077199935913e-02 3.918285481631755829e-03
6.528139999999342763e+03 1.263302564620971680e-02 3.905632765963673592e-03
6.529619999999342326e+03 1.089323218911886215e-02 4.009765572845935822e-03
6.531099999999341890e+03 1.429066900163888931e-02 4.799579270184040070e-03
6.532579999999341453e+03 1.558112166821956635e-02 5.109013058245182037e-03
6.534059999999341017e+03 1.553060300648212433e-02 4.832318052649497986e-03
6.535539999999340580e+03 8.636562153697013855e-03 3.933434374630451202e-03
6.537019999999340143e+03 7.360871881246566772e-03 3.784569213166832924e-03
6.538499999999339707e+03 1.369730755686759949e-02 4.013724625110626221e-03
6.539979999999339270e+03 1.470629498362541199e-02 4.060327541083097458e-03
6.541459999999338834e+03 4.383423365652561188e-03 3.879601834341883659e-03
6.542939999999338397e+03 1.265939511358737946e-02 4.330301657319068909e-03
6.544419999999337961e+03 1.670660823583602905e-02 4.440661985427141190e-03
6.545899999999337524e+03 5.652104504406452179e-03 3.883645636960864067e-03
6.547379999999337088e+03 -6.846425822004675865e-05 3.526197746396064758e-03
6.548859999999336651e+03 6.419417448341846466e-03 3.755094949156045914e-03
6.550339999999336214e+03 2.835630904883146286e-03 3.750391304492950439e-03
6.551819999999335778e+03 9.465493261814117432e-03 4.695625975728034973e-03
6.553299999999335341e+03 1.991889253258705139e-02 5.300907883793115616e-03
6.554779999999334905e+03 1.313852611929178238e-02 4.713313654065132141e-03
6.556259999999334468e+03 1.074834167957305908e-02 3.965924959629774094e-03
6.557739999999334032e+03 1.496836263686418533e-02 3.904353594407439232e-03
6.559219999999333595e+03 1.328895147889852524e-02 3.873711917549371719e-03
6.560699999999333158e+03 1.308885775506496429e-02 4.057262092828750610e-03
6.562179999999332722e+03 1.210250519216060638e-02 4.171642009168863297e-03
6.563659999999332285e+03 9.990744292736053467e-03 3.950710408389568329e-03
6.565139999999331849e+03 8.711812086403369904e-03 3.763769520446658134e-03
6.566619999999331412e+03 7.316001225262880325e-03 3.887433791533112526e-03
6.568099999999330976e+03 9.365672245621681213e-03 4.151909612119197845e-03
6.569579999999330539e+03 7.142280228435993195e-03 4.013814963400363922e-03
6.571059999999330103e+03 1.586162857711315155e-02 4.117059987038373947e-03
6.572539999999329666e+03 1.054782513529062271e-02 3.899227362126111984e-03
6.574019999999329229e+03 1.185500156134366989e-02 3.985942341387271881e-03
6.575499999999328793e+03 1.478770840913057327e-02 4.623362794518470764e-03
6.576979999999328356e+03 1.598170585930347443e-02 4.862384870648384094e-03
6.578459999999327920e+03 8.592753671109676361e-03 4.277718253433704376e-03
6.579939999999327483e+03 1.025039888918399811e-02 3.984623588621616364e-03
6.581419999999327047e+03 1.046155579388141632e-02 3.954457119107246399e-03
6.582899999999326610e+03 7.270401343703269958e-03 3.838723525404930115e-03
6.584379999999326174e+03 6.200938485562801361e-03 3.801960730925202370e-03
6.585859999999325737e+03 7.775932550430297852e-03 3.796651028096675873e-03
6.587339999999325300e+03 3.504908876493573189e-03 3.609710838645696640e-03
6.588819999999324864e+03 7.787925656884908676e-03 3.799051512032747269e-03
6.590299999999324427e+03 1.277478504925966263e-02 3.970392979681491852e-03
6.591779999999323991e+03 1.185051538050174713e-02 3.882482880726456642e-03
6.593259999999323554e+03 1.566177234053611755e-02 3.988781012594699860e-03
6.594739999999323118e+03 1.746450923383235931e-02 4.205874167382717133e-03
6.596219999999322681e+03 1.444588601589202881e-02 4.238829482346773148e-03
6.597699999999322245e+03 1.350297220051288605e-02 4.070623777806758881e-03
6.599179999999321808e+03 1.065583433955907822e-02 3.889028215780854225e-03
6.600659999999321371e+03 1.001178473234176636e-02 3.931519575417041779e-03
6.602139999999320935e+03 1.131927780807018280e-02 4.243555478751659393e-03
6.603619999999320498e+03 5.940002854913473129e-03 4.210125654935836792e-03
6.605099999999320062e+03 -4.702985752373933792e-04 3.795933909714221954e-03
6.606579999999319625e+03 6.419761572033166885e-03 3.757448401302099228e-03
6.608059999999319189e+03 1.319644320756196976e-02 3.905523801222443581e-03
6.609539999999318752e+03 6.980955135077238083e-03 3.696629544720053673e-03
6.611019999999318316e+03 5.064847879111766815e-03 3.638210240751504898e-03
6.612499999999317879e+03 8.803610689938068390e-03 3.825134364888072014e-03
6.613979999999317442e+03 1.189242489635944366e-02 3.901847871020436287e-03
6.615459999999317006e+03 1.469528768211603165e-03 3.564816201105713844e-03
6.616939999999316569e+03 9.793698787689208984e-03 3.870715619996190071e-03
6.618419999999316133e+03 8.768297731876373291e-03 3.838062519207596779e-03
6.619899999999315696e+03 1.131819561123847961e-02 3.928875550627708435e-03
6.621379999999315260e+03 1.569297537207603455e-02 4.034344106912612915e-03
6.622859999999314823e+03 6.590614560991525650e-03 3.690007841214537621e-03
6.624339999999314387e+03 8.588576689362525940e-03 3.790335031226277351e-03
6.625819999999313950e+03 1.181125268340110779e-02 3.955831285566091537e-03
6.627299999999313513e+03 1.294964738190174103e-02 4.016395658254623413e-03
6.628779999999313077e+03 1.209576800465583801e-02 3.944995813071727753e-03
6.630259999999312640e+03 7.024785503745079041e-03 3.737687831744551659e-03
6.631739999999312204e+03 5.560492165386676788e-03 3.779220860451459885e-03
6.633219999999311767e+03 5.352761596441268921e-03 3.852754831314086914e-03
6.634699999999311331e+03 1.069220807403326035e-02 3.957542590796947479e-03
6.636179999999310894e+03 1.126719545572996140e-02 3.951215650886297226e-03
6.637659999999310457e+03 2.807453274726867676e-03 3.660201793536543846e-03
6.639139999999310021e+03 3.276802366599440575e-03 3.601922420784831047e-03
6.640619999999309584e+03 1.402861997485160828e-02 3.961192443966865540e-03
6.642099999999309148e+03 1.427775993943214417e-02 3.960910718888044357e-03
6.643579999999308711e+03 4.927871748805046082e-03 3.637504065409302711e-03
6.645059999999308275e+03 6.953985430300235748e-03 3.682898124679923058e-03
6.646539999999307838e+03 5.007648840546607971e-03 3.665224881842732430e-03
6.648019999999307402e+03 5.493001081049442291e-03 3.684597555547952652e-03
6.649499999999306965e+03 6.954296492040157318e-03 3.761003259569406509e-03
6.650979999999306528e+03 1.180706731975078583e-02 3.972367849200963974e-03
6.652459999999306092e+03 1.045601442456245422e-02 3.877815790474414825e-03
6.653939999999305655e+03 7.122327107936143875e-03 3.769684815779328346e-03
6.655419999999305219e+03 1.033459044992923737e-02 3.890975378453731537e-03
6.656899999999304782e+03 1.285470277070999146e-02 3.932711668312549591e-03
6.658379999999304346e+03 1.309645734727382660e-02 3.964541479945182800e-03
6.659859999999303909e+03 1.219842489808797836e-02 3.958975430577993393e-03
6.661339999999303473e+03 1.421643048524856567e-02 4.002213478088378906e-03
6.662819999999303036e+03 1.744959130883216858e-02 4.108842462301254272e-03
6.664299999999302599e+03 1.136573683470487595e-02 3.896440146490931511e-03
6.665779999999302163e+03 5.451610311865806580e-03 3.750411095097661018e-03
6.667259999999301726e+03 8.486749604344367981e-03 3.925405908375978470e-03
6.668739999999301290e+03 5.947580561041831970e-03 3.799714846536517143e-03
6.670219999999300853e+03 9.485000744462013245e-03 3.861858742311596870e-03
6.671699999999300417e+03 1.251812465488910675e-02 3.950348589569330215e-03
6.673179999999299980e+03 2.005870267748832703e-02 4.145095590502023697e-03
6.674659999999299544e+03 1.806057989597320557e-02 4.083500243723392487e-03
6.676139999999299107e+03 4.174660891294479370e-02 4.802110139280557632e-03
6.677619999999298670e+03 4.503022134304046631e-02 4.869487602263689041e-03
6.679099999999298234e+03 1.726152002811431885e-02 4.053368698805570602e-03
6.680579999999297797e+03 6.225442513823509216e-03 3.677628235891461372e-03
6.682059999999297361e+03 8.318710140883922577e-03 3.773178439587354660e-03
6.683539999999296924e+03 1.086370088160037994e-02 3.898492781445384026e-03
6.685019999999296488e+03 1.398365013301372528e-02 4.015515558421611786e-03
6.686499999999296051e+03 6.462353747338056564e-03 3.716277657076716423e-03
6.687979999999295615e+03 8.165555074810981750e-03 3.738858504220843315e-03
6.689459999999295178e+03 1.044621132314205170e-02 3.811747301369905472e-03
6.690939999999294741e+03 1.145187392830848694e-02 3.867430845275521278e-03
6.692419999999294305e+03 1.209995057433843613e-02 3.895286004990339279e-03
6.693899999999293868e+03 1.169821806252002716e-02 3.854099195450544357e-03
6.695379999999293432e+03 1.453498378396034241e-02 3.991893026977777481e-03
6.696859999999292995e+03 1.362381968647241592e-02 4.029215779155492783e-03
6.698339999999292559e+03 1.252701133489608765e-02 4.029065370559692383e-03
6.699819999999292122e+03 1.107672229409217834e-02 3.985847812145948410e-03
6.701299999999291686e+03 6.587375886738300323e-03 3.770170034840703011e-03
6.702779999999291249e+03 5.458247847855091095e-03 3.716790350154042244e-03
6.704259999999290812e+03 7.868698798120021820e-03 3.768941154703497887e-03
6.705739999999290376e+03 6.370825693011283875e-03 3.714989172294735909e-03
6.707219999999289939e+03 3.989584743976593018e-03 3.628251142799854279e-03
6.708699999999289503e+03 1.670463383197784424e-02 4.049975425004959106e-03
6.710179999999289066e+03 1.348576042801141739e-02 3.965354058891534805e-03
6.711659999999288630e+03 8.172976784408092499e-03 3.762293141335248947e-03
6.713139999999288193e+03 1.202133484184741974e-02 3.926634788513183594e-03
6.714619999999287757e+03 9.142491966485977173e-03 3.866738639771938324e-03
6.716099999999287320e+03 1.236154604703187943e-02 3.949050325900316238e-03
6.717579999999286883e+03 1.320361625403165817e-02 3.908936399966478348e-03
6.719059999999286447e+03 9.708113968372344971e-03 3.767140209674835205e-03
6.720539999999286010e+03 1.388386916369199753e-02 3.924318123608827591e-03
6.722019999999285574e+03 1.598062179982662201e-02 3.998712170869112015e-03
6.723499999999285137e+03 1.366662979125976562e-02 3.929170314222574234e-03
6.724979999999284701e+03 1.151782646775245667e-02 3.863124176859855652e-03
6.726459999999284264e+03 6.139478646218776703e-03 3.690584795549511909e-03
6.727939999999283827e+03 1.181720010936260223e-02 3.928668331354856491e-03
6.729419999999283391e+03 1.833150535821914673e-02 4.175267182290554047e-03
6.730899999999282954e+03 6.561373360455036163e-03 3.764475928619503975e-03
6.732379999999282518e+03 3.112335689365863800e-03 3.573405090719461441e-03
6.733859999999282081e+03 1.188258454203605652e-02 3.898556344211101532e-03
6.735339999999281645e+03 1.455244701355695724e-02 3.926924429833889008e-03
6.736819999999281208e+03 8.435497060418128967e-03 3.735496429726481438e-03
6.738299999999280772e+03 1.622571609914302826e-02 4.053281620144844055e-03
6.739779999999280335e+03 1.431529503315687180e-02 3.972556442022323608e-03
6.741259999999279898e+03 7.124557159841060638e-03 3.719046944752335548e-03
6.742739999999279462e+03 1.234722044318914413e-02 3.935429267585277557e-03
6.744219999999279025e+03 1.103277038782835007e-02 3.901989664882421494e-03
6.745699999999278589e+03 8.902605623006820679e-03 3.816304029896855354e-03
6.747179999999278152e+03 1.216445118188858032e-02 3.904037177562713623e-03
6.748659999999277716e+03 1.147266663610935211e-02 3.808878362178802490e-03
6.750139999999277279e+03 6.195634137839078903e-03 3.597424831241369247e-03
6.751619999999276843e+03 9.402390569448471069e-03 3.749329131096601486e-03
6.753099999999276406e+03 1.479328423738479614e-02 3.945803735405206680e-03
6.754579999999275969e+03 9.297486394643783569e-03 3.774752607569098473e-03
6.756059999999275533e+03 5.133119411766529083e-03 3.631853498518466949e-03
6.757539999999275096e+03 7.979079149663448334e-03 3.727598581463098526e-03
6.759019999999274660e+03 1.018221583217382431e-02 3.821577178314328194e-03
6.760499999999274223e+03 1.040175557136535645e-02 3.844364546239376068e-03
6.761979999999273787e+03 1.041833404451608658e-02 3.805398941040039062e-03
6.763459999999273350e+03 1.045027654618024826e-02 3.794109914451837540e-03
6.764939999999272914e+03 8.328080177307128906e-03 3.682151669636368752e-03
6.766419999999272477e+03 1.676132529973983765e-02 3.997439052909612656e-03
6.767899999999272040e+03 6.711638532578945160e-03 3.644234966486692429e-03
6.769379999999271604e+03 9.048270061612129211e-03 3.729431889951229095e-03
6.770859999999271167e+03 1.531098037958145142e-02 3.938759211450815201e-03
6.772339999999270731e+03 1.023294217884540558e-02 3.774997778236865997e-03
6.773819999999270294e+03 4.938527941703796387e-03 3.615848487243056297e-03
6.775299999999269858e+03 1.320593245327472687e-02 3.910162020474672318e-03
6.776779999999269421e+03 9.084394201636314392e-03 3.798761172220110893e-03
6.778259999999268985e+03 1.508795842528343201e-02 3.963702358305454254e-03
6.779739999999268548e+03 1.024824939668178558e-02 3.781558247283101082e-03
6.781219999999268111e+03 7.603093516081571579e-03 3.696321276947855949e-03
6.782699999999267675e+03 7.663064636290073395e-03 3.696570638567209244e-03
6.784179999999267238e+03 6.990377791225910187e-03 3.683044575154781342e-03
6.785659999999266802e+03 7.422056514769792557e-03 3.691450692713260651e-03
6.787139999999266365e+03 6.217503920197486877e-03 3.646446159109473228e-03
6.788619999999265929e+03 9.453027509152889252e-03 3.792966250330209732e-03
6.790099999999265492e+03 8.976836688816547394e-03 3.776051569730043411e-03
6.791579999999265056e+03 1.257385686039924622e-02 3.877843497321009636e-03
6.793059999999264619e+03 1.613982021808624268e-02 3.941878210753202438e-03
6.794539999999264182e+03 1.090828794986009598e-02 3.755328943952918053e-03
6.796019999999263746e+03 7.824861444532871246e-03 3.619708353653550148e-03
6.797499999999263309e+03 5.024533718824386597e-03 3.542158054187893867e-03
6.798979999999262873e+03 5.338273011147975922e-03 3.599944990128278732e-03
6.800459999999262436e+03 4.080451093614101410e-03 3.547254018485546112e-03
6.801939999999262000e+03 2.737096510827541351e-04 3.416247665882110596e-03
6.803419999999261563e+03 1.015233062207698822e-02 3.792803036049008369e-03
6.804899999999261127e+03 1.661166176199913025e-02 4.021862521767616272e-03
6.806379999999260690e+03 1.165505684912204742e-02 3.803759347647428513e-03
6.807859999999260253e+03 1.086479052901268005e-02 3.770693670958280563e-03
6.809339999999259817e+03 1.478740293532609940e-02 3.915876615792512894e-03
6.810819999999259380e+03 1.533479243516921997e-02 3.928856924176216125e-03
6.812299999999258944e+03 1.317767240107059479e-02 3.819709876552224159e-03
6.813779999999258507e+03 1.310240291059017181e-02 3.848162246868014336e-03
6.815259999999258071e+03 9.848521091043949127e-03 3.795925294980406761e-03
6.816739999999257634e+03 4.622607957571744919e-03 3.612352069467306137e-03
6.818219999999257197e+03 5.521514452993869781e-03 3.613713197410106659e-03
6.819699999999256761e+03 3.993827849626541138e-03 3.538933582603931427e-03
6.821179999999256324e+03 6.946166977286338806e-03 3.647622652351856232e-03
6.822659999999255888e+03 8.986337110400199890e-03 3.713674144819378853e-03
6.824139999999255451e+03 9.283473715186119080e-03 3.822705475613474846e-03
6.825619999999255015e+03 9.296934120357036591e-03 4.338256549090147018e-03
6.827099999999254578e+03 6.639139726758003235e-03 5.018943455070257187e-03
6.828579999999254142e+03 1.644978486001491547e-02 5.496098194271326065e-03
6.830059999999253705e+03 2.153257373720407486e-03 4.681149031966924667e-03
6.831539999999253268e+03 1.428108103573322296e-02 4.998758435249328613e-03
6.833019999999252832e+03 2.897345647215843201e-02 5.815519951283931732e-03
6.834499999999252395e+03 1.242003962397575378e-02 5.249087698757648468e-03
6.835979999999251959e+03 8.335992693901062012e-03 4.232202656567096710e-03
6.837459999999251522e+03 1.121542975306510925e-02 3.896456211805343628e-03
6.838939999999251086e+03 1.185668632388114929e-02 4.043713677674531937e-03
6.840419999999250649e+03 1.213450171053409576e-02 4.217901732772588730e-03
6.841899999999250213e+03 9.704195894300937653e-03 4.087011329829692841e-03
6.843379999999249776e+03 7.752147037535905838e-03 3.831511130556464195e-03
6.844859999999249339e+03 1.174876373261213303e-02 3.833591239526867867e-03
6.846339999999248903e+03 1.739658601582050323e-02 4.042948130518198013e-03
6.847819999999248466e+03 1.677699014544487000e-02 4.064489621669054031e-03
6.849299999999248030e+03 1.430501788854598999e-02 4.004947841167449951e-03
6.850779999999247593e+03 6.641522515565156937e-03 3.710485296323895454e-03
6.852259999999247157e+03 9.431684389710426331e-03 3.755522193387150764e-03
6.853739999999246720e+03 9.949882514774799347e-03 3.744959831237792969e-03
6.855219999999246284e+03 4.380484111607074738e-03 3.561067860573530197e-03
6.856699999999245847e+03 1.130785606801509857e-02 3.820437937974929810e-03
6.858179999999245410e+03 1.013251394033432007e-02 3.782849991694092751e-03
6.859659999999244974e+03 1.042081881314516068e-02 3.976615611463785172e-03
6.861139999999244537e+03 -1.515225623734295368e-03 5.074762739241123199e-03
6.862619999999244101e+03 1.053553912788629532e-02 6.606070324778556824e-03
6.864099999999243664e+03 1.384333427995443344e-02 6.386965978890657425e-03
6.865579999999243228e+03 5.011722445487976074e-03 4.496154841035604477e-03
6.867059999999242791e+03 5.436985753476619720e-03 3.542107064276933670e-03
6.868539999999242355e+03 1.471930276602506638e-02 3.770870855078101158e-03
6.870019999999241918e+03 1.510563120245933533e-02 3.981115762144327164e-03
6.871499999999241481e+03 7.749111391603946686e-03 3.632387146353721619e-03
6.872979999999241045e+03 7.894404232501983643e-03 3.486170666292309761e-03
6.874459999999240608e+03 8.418998681008815765e-03 3.477538237348198891e-03
6.875939999999240172e+03 3.445538226515054703e-03 3.317723516374826431e-03
6.877419999999239735e+03 7.489513140171766281e-03 3.572750836610794067e-03
6.878899999999239299e+03 6.245166063308715820e-03 3.769868286326527596e-03
6.880379999999238862e+03 1.050567068159580231e-02 4.074362106621265411e-03
6.881859999999238426e+03 2.012760564684867859e-02 4.269412253051996231e-03
6.883339999999237989e+03 1.219985447824001312e-02 3.799440106377005577e-03
6.884819999999237552e+03 5.163871683180332184e-03 3.527678549289703369e-03
6.886299999999237116e+03 5.307007580995559692e-03 3.713391022756695747e-03
6.887779999999236679e+03 1.837038248777389526e-02 4.478257615119218826e-03
6.889259999999236243e+03 1.168948784470558167e-02 4.311294294893741608e-03
6.890739999999235806e+03 3.387415315955877304e-03 3.682980546727776527e-03
6.892219999999235370e+03 6.580604240298271179e-03 3.555955132469534874e-03
6.893699999999234933e+03 8.683764375746250153e-03 3.626991296187043190e-03
6.895179999999234496e+03 1.486205030232667923e-02 3.780854400247335434e-03
6.896659999999234060e+03 1.473659928888082504e-02 3.831452224403619766e-03
6.898139999999233623e+03 1.110732555389404297e-02 4.104568623006343842e-03
6.899619999999233187e+03 1.331576146185398102e-02 4.499862901866436005e-03
6.901099999999232750e+03 9.278865531086921692e-03 4.283920861780643463e-03
6.902579999999232314e+03 8.998927660286426544e-03 3.840681165456771851e-03
6.904059999999231877e+03 1.006467640399932861e-02 3.724996699020266533e-03
6.905539999999231441e+03 5.783461965620517731e-03 3.535818541422486305e-03
6.907019999999231004e+03 1.252854056656360626e-02 3.725481219589710236e-03
6.908499999999230567e+03 5.670724902302026749e-03 3.553777234628796577e-03
6.909979999999230131e+03 1.148697827011346817e-02 4.230483900755643845e-03
6.911459999999229694e+03 1.201093569397926331e-02 4.640508908778429031e-03
6.912939999999229258e+03 6.275152787566184998e-03 4.289103671908378601e-03
6.914419999999228821e+03 5.024995654821395874e-03 3.727373667061328888e-03
6.915899999999228385e+03 1.174815464764833450e-02 3.776289988309144974e-03
6.917379999999227948e+03 8.521175011992454529e-03 3.600775031372904778e-03
6.918859999999227512e+03 9.247631765902042389e-03 3.718915861099958420e-03
6.920339999999227075e+03 1.542933098971843719e-02 4.675513599067926407e-03
6.921819999999226638e+03 1.902206428349018097e-02 5.545358639210462570e-03
6.923299999999226202e+03 1.713998615741729736e-02 5.385285709053277969e-03
6.924779999999225765e+03 1.374770328402519226e-02 4.411165136843919754e-03
6.926259999999225329e+03 7.846618071198463440e-03 3.716147039085626602e-03
6.927739999999224892e+03 4.496744833886623383e-03 3.572927089408040047e-03
6.929219999999224456e+03 8.426774293184280396e-03 3.696426982060074806e-03
6.930699999999224019e+03 9.589182212948799133e-03 3.721615765243768692e-03
6.932179999999223583e+03 6.392593961209058762e-03 3.597214818000793457e-03
6.933659999999223146e+03 3.720558248460292816e-03 3.486016299575567245e-03
6.935139999999222709e+03 1.181672140955924988e-02 3.813904011622071266e-03
6.936619999999222273e+03 1.343737076967954636e-02 4.206634592264890671e-03
6.938099999999221836e+03 1.265343464910984039e-02 4.561586771160364151e-03
6.939579999999221400e+03 1.652869395911693573e-02 4.640450701117515564e-03
6.941059999999220963e+03 6.297607906162738800e-03 3.880609525367617607e-03
6.942539999999220527e+03 6.813661195337772369e-03 3.677093191072344780e-03
6.944019999999220090e+03 8.718371391296386719e-03 3.654745407402515411e-03
6.945499999999219654e+03 5.232605151832103729e-03 3.821875201538205147e-03
6.946979999999219217e+03 1.409977860748767853e-02 5.180319771170616150e-03
6.948459999999218780e+03 2.130953036248683929e-02 5.698431283235549927e-03
6.949939999999218344e+03 1.163057237863540649e-02 4.880644846707582474e-03
6.951419999999217907e+03 5.776651669293642044e-03 3.817505668848752975e-03
6.952899999999217471e+03 8.909948170185089111e-03 3.806469962000846863e-03
6.954379999999217034e+03 9.353266097605228424e-03 3.806236432865262032e-03
6.955859999999216598e+03 5.884944461286067963e-03 3.726491937413811684e-03
6.957339999999216161e+03 5.976920016109943390e-03 3.702627960592508316e-03
6.958819999999215725e+03 9.286293759942054749e-03 3.794672898948192596e-03
6.960299999999215288e+03 6.023526657372713089e-03 3.624952631071209908e-03
6.961779999999214851e+03 4.708093591034412384e-03 3.552011912688612938e-03
6.963259999999214415e+03 1.432427950203418732e-02 3.985642455518245697e-03
6.964739999999213978e+03 7.519049104303121567e-03 3.695246996358036995e-03
6.966219999999213542e+03 6.525770761072635651e-03 3.729475196450948715e-03
6.967699999999213105e+03 5.715462379157543182e-03 3.960011992603540421e-03
6.969179999999212669e+03 1.322498358786106110e-02 4.411658737808465958e-03
6.970659999999212232e+03 1.259549520909786224e-02 4.234525840729475021e-03
6.972139999999211796e+03 1.001822482794523239e-02 3.811472561210393906e-03
6.973619999999211359e+03 9.305794723331928253e-03 3.679614048451185226e-03
6.975099999999210922e+03 5.539233796298503876e-03 3.928034566342830658e-03
6.976579999999210486e+03 6.893681827932596207e-03 4.589046351611614227e-03
6.978059999999210049e+03 9.352634660899639130e-03 4.781572613865137100e-03
6.979539999999209613e+03 1.151561737060546875e-02 4.356699995696544647e-03
6.981019999999209176e+03 1.162097230553627014e-02 3.876839997246861458e-03
6.982499999999208740e+03 4.991106688976287842e-03 3.654177067801356316e-03
6.983979999999208303e+03 9.773270227015018463e-03 3.823283826932311058e-03
6.985459999999207866e+03 1.054226513952016830e-02 3.821372753009200096e-03
6.986939999999207430e+03 1.216602604836225510e-02 3.836274147033691406e-03
6.988419999999206993e+03 2.002370730042457581e-02 4.068064969033002853e-03
6.989899999999206557e+03 1.171985175460577011e-02 3.813559887930750847e-03
6.991379999999206120e+03 7.679448463022708893e-03 3.679618937894701958e-03
6.992859999999205684e+03 7.731437683105468750e-03 3.694704966619610786e-03
6.994339999999205247e+03 1.036420650780200958e-02 3.822722472250461578e-03
6.995819999999204811e+03 5.499124992638826370e-03 3.689271165058016777e-03
6.997299999999204374e+03 3.931563813239336014e-03 3.604731755331158638e-03
6.998779999999203937e+03 9.100267663598060608e-03 3.744992660358548164e-03
7.000259999999203501e+03 5.190290044993162155e-03 3.645155346021056175e-03
7.001739999999203064e+03 1.430728007107973099e-03 3.613386303186416626e-03
7.003219999999202628e+03 3.961945883929729462e-03 3.798262681812047958e-03
7.004699999999202191e+03 8.330674842000007629e-03 3.823168110102415085e-03
7.006179999999201755e+03 9.868046268820762634e-03 3.702861489728093147e-03
7.007659999999201318e+03 7.049571722745895386e-03 3.705306677147746086e-03
7.009139999999200882e+03 1.125487871468067169e-02 4.167804494500160217e-03
7.010619999999200445e+03 1.549557130783796310e-02 4.447465296834707260e-03
7.012099999999200008e+03 6.274379324167966843e-03 3.917782567441463470e-03
7.013579999999199572e+03 7.212163880467414856e-03 3.629599465057253838e-03
7.015059999999199135e+03 2.577764447778463364e-03 3.377522807568311691e-03
7.016539999999198699e+03 4.403134807944297791e-03 3.495584707707166672e-03
7.018019999999198262e+03 8.552092127501964569e-03 3.671267535537481308e-03
7.019499999999197826e+03 4.426711238920688629e-03 3.554621711373329163e-03
7.020979999999197389e+03 4.100846592336893082e-03 3.521707374602556229e-03
7.022459999999196953e+03 1.193545665591955185e-02 3.766930662095546722e-03
7.023939999999196516e+03 6.397445220500230789e-03 3.542043035849928856e-03
7.025419999999196079e+03 8.242711424827575684e-03 3.596371971070766449e-03
7.026899999999195643e+03 8.833296597003936768e-03 3.653904888778924942e-03
7.028379999999195206e+03 4.801311530172824860e-03 3.584182355552911758e-03
7.029859999999194770e+03 1.063559483736753464e-02 3.779808292165398598e-03
7.031339999999194333e+03 1.341874152421951294e-02 3.840865334495902061e-03
7.032819999999193897e+03 1.260796282440423965e-02 3.794874995946884155e-03
7.034299999999193460e+03 8.468139916658401489e-03 3.620010334998369217e-03
7.035779999999193024e+03 7.959967479109764099e-03 3.620264818891882896e-03
7.037259999999192587e+03 4.628645721822977066e-03 3.472475102171301842e-03
7.038739999999192150e+03 8.117916062474250793e-03 3.709826385602355003e-03
7.040219999999191714e+03 1.584712043404579163e-02 4.113328643143177032e-03
7.041699999999191277e+03 1.203741878271102905e-02 3.952934872359037399e-03
7.043179999999190841e+03 5.125599913299083710e-03 3.657551016658544540e-03
7.044659999999190404e+03 6.013313774019479752e-03 3.848629305139183998e-03
7.046139999999189968e+03 7.129229605197906494e-03 4.096454009413719177e-03
7.047619999999189531e+03 1.415464654564857483e-02 4.445713944733142853e-03
7.049099999999189095e+03 1.408365089446306229e-02 4.291758406907320023e-03
7.050579999999188658e+03 5.858238320797681808e-03 3.840729361400008202e-03
7.052059999999188221e+03 1.078421808779239655e-02 3.965584561228752136e-03
7.053539999999187785e+03 1.309712417423725128e-02 4.025908187031745911e-03
7.055019999999187348e+03 1.014605350792407990e-02 3.862062934786081314e-03
7.056499999999186912e+03 1.019212324172258377e-02 3.815432777628302574e-03
7.057979999999186475e+03 1.003733370453119278e-02 3.779374295845627785e-03
7.059459999999186039e+03 1.093111187219619751e-02 3.828000975772738457e-03
7.060939999999185602e+03 7.563525810837745667e-03 3.748671850189566612e-03
7.062419999999185166e+03 1.012777443975210190e-02 3.841902595013380051e-03
7.063899999999184729e+03 9.572498500347137451e-03 3.895247820764780045e-03
7.065379999999184292e+03 7.568317465484142303e-03 3.840520046651363373e-03
7.066859999999183856e+03 9.292731992900371552e-03 3.926727920770645142e-03
7.068339999999183419e+03 1.054634526371955872e-02 3.976485691964626312e-03
7.069819999999182983e+03 1.110935211181640625e-02 3.968732431530952454e-03
7.071299999999182546e+03 1.122170127928256989e-02 3.943150397390127182e-03
7.072779999999182110e+03 5.982490256428718567e-03 3.771278308704495430e-03
7.074259999999181673e+03 8.375081233680248260e-03 3.837978001683950424e-03
7.075739999999181236e+03 9.334077127277851105e-03 3.835729788988828659e-03
7.077219999999180800e+03 7.070062682032585144e-03 3.775339107960462570e-03
7.078699999999180363e+03 9.650624357163906097e-03 3.889734623953700066e-03
7.080179999999179927e+03 9.131276048719882965e-03 3.911241888999938965e-03
7.081659999999179490e+03 7.448854856193065643e-03 3.901078132912516594e-03
7.083139999999179054e+03 5.101750139147043228e-03 3.746138419955968857e-03
7.084619999999178617e+03 8.242588490247726440e-03 3.750902367755770683e-03
7.086099999999178181e+03 1.032514311373233795e-02 3.895153757184743881e-03
7.087579999999177744e+03 1.237792056053876877e-02 4.095518961548805237e-03
7.089059999999177307e+03 9.422578848898410797e-03 4.011313896626234055e-03
7.090539999999176871e+03 1.437621004879474640e-02 4.056486766785383224e-03
7.092019999999176434e+03 8.436337113380432129e-03 3.762285923585295677e-03
7.093499999999175998e+03 1.032638736069202423e-02 3.827042877674102783e-03
7.094979999999175561e+03 1.471787318587303162e-02 3.948082681745290756e-03
7.096459999999175125e+03 1.228634081780910492e-02 3.824349725618958473e-03
