4.300739999999999782e+03 4.511396586894989014e-02 1.224826928228139877e-02
4.302219999999999345e+03 -2.156077185645699501e-03 1.031890884041786194e-02
4.303699999999998909e+03 3.016848862171173096e-02 1.229478977620601654e-02
4.305179999999998472e+03 -1.690669218078255653e-03 9.936019778251647949e-03
4.306659999999998035e+03 4.064929205924272537e-03 1.020317431539297104e-02
4.308139999999997599e+03 2.337317680940032005e-03 9.756665676832199097e-03
4.309619999999997162e+03 1.349956355988979340e-02 1.056144945323467255e-02
4.311099999999996726e+03 1.679494604468345642e-02 1.062878686934709549e-02
4.312579999999996289e+03 1.783221960067749023e-02 1.077009737491607666e-02
4.314059999999995853e+03 -2.269329270347952843e-04 1.016736030578613281e-02
4.315539999999995416e+03 2.647118270397186279e-02 1.181351114064455032e-02
4.317019999999994980e+03 2.861694432795047760e-02 1.211256626993417740e-02
4.318499999999994543e+03 1.085135340690612793e-02 1.076290849596261978e-02
4.319979999999994106e+03 3.166808560490608215e-02 1.177061814814805984e-02
4.321459999999993670e+03 2.772745303809642792e-02 1.114564388990402222e-02
4.322939999999993233e+03 1.631324551999568939e-02 1.002862583845853806e-02
4.324419999999992797e+03 3.942100331187248230e-03 8.957649581134319305e-03
4.325899999999992360e+03 3.519664984196424484e-03 9.122938849031925201e-03
4.327379999999991924e+03 3.281501308083534241e-02 1.110842823982238770e-02
4.328859999999991487e+03 2.631724625825881958e-02 1.113577559590339661e-02
4.330339999999991051e+03 4.619126021862030029e-02 1.198767032474279404e-02
4.331819999999990614e+03 2.541424147784709930e-02 1.105720829218626022e-02
4.333299999999990177e+03 2.506235986948013306e-02 1.068848837167024612e-02
4.334779999999989741e+03 1.843395410105586052e-03 9.140156209468841553e-03
4.336259999999989304e+03 2.342410385608673096e-03 8.995185606181621552e-03
4.337739999999988868e+03 -3.236202057451009750e-03 8.231942541897296906e-03
4.339219999999988431e+03 1.987322978675365448e-02 9.122330695390701294e-03
4.340699999999987995e+03 3.902383148670196533e-03 8.826554752886295319e-03
4.342179999999987558e+03 1.215098612010478973e-02 8.907633833587169647e-03
4.343659999999987122e+03 1.598273590207099915e-02 9.627261199057102203e-03
4.345139999999986685e+03 4.249793291091918945e-02 1.099369302392005920e-02
4.346619999999986248e+03 2.556898631155490875e-02 1.037264242768287659e-02
4.348099999999985812e+03 1.784086041152477264e-02 9.695629589259624481e-03
4.349579999999985375e+03 2.079715766012668610e-02 1.001478265970945358e-02
4.351059999999984939e+03 3.620780631899833679e-02 1.045906729996204376e-02
4.352539999999984502e+03 9.634454734623432159e-03 8.932236582040786743e-03
4.354019999999984066e+03 1.752473972737789154e-02 9.429338388144969940e-03
4.355499999999983629e+03 1.395633071660995483e-02 9.284602478146553040e-03
4.356979999999983193e+03 3.387080505490303040e-02 1.027702819555997849e-02
4.358459999999982756e+03 3.385144472122192383e-02 1.012113038450479507e-02
4.359939999999982319e+03 1.257279235869646072e-02 8.696718141436576843e-03
4.361419999999981883e+03 3.216415643692016602e-02 1.004412770271301270e-02
4.362899999999981446e+03 3.028764948248863220e-02 1.001325622200965881e-02
4.364379999999981010e+03 2.273922972381114960e-02 9.364029392600059509e-03
4.365859999999980573e+03 2.710302360355854034e-02 9.428248740732669830e-03
4.367339999999980137e+03 9.521870873868465424e-03 8.571153506636619568e-03
4.368819999999979700e+03 2.130789309740066528e-02 9.106738492846488953e-03
4.370299999999979264e+03 2.887023612856864929e-02 9.293101727962493896e-03
4.371779999999978827e+03 1.684465445578098297e-02 8.492842316627502441e-03
4.373259999999978390e+03 4.437850788235664368e-03 7.643059827387332916e-03
4.374739999999977954e+03 2.348661422729492188e-02 8.685050532221794128e-03
4.376219999999977517e+03 3.144246712327003479e-02 9.342123754322528839e-03
4.377699999999977081e+03 5.525497719645500183e-03 8.105055429041385651e-03
4.379179999999976644e+03 2.772719413042068481e-02 9.089296683669090271e-03
4.380659999999976208e+03 2.120316773653030396e-02 8.623371832072734833e-03
4.382139999999975771e+03 -1.233338029123842716e-03 7.038578856736421585e-03
4.383619999999975335e+03 -4.090955480933189392e-04 6.863381247967481613e-03
4.385099999999974898e+03 1.699711754918098450e-02 7.917111739516258240e-03
4.386579999999974461e+03 1.899751275777816772e-02 8.350195363163948059e-03
4.388059999999974025e+03 1.254160981625318527e-02 7.880007848143577576e-03
4.389539999999973588e+03 2.999228611588478088e-02 8.836654946208000183e-03
4.391019999999973152e+03 2.789593487977981567e-02 8.440266363322734833e-03
4.392499999999972715e+03 1.827712543308734894e-02 8.226275444030761719e-03
4.393979999999972279e+03 6.975761614739894867e-03 7.539852522313594818e-03
4.395459999999971842e+03 8.526593446731567383e-03 7.692859508097171783e-03
4.396939999999971405e+03 1.833227649331092834e-02 8.118695579469203949e-03
4.398419999999970969e+03 1.626200042665004730e-02 8.155723102390766144e-03
4.399899999999970532e+03 1.550073735415935516e-02 7.783869747072458267e-03
4.401379999999970096e+03 2.105838991701602936e-02 8.233518339693546295e-03
4.402859999999969659e+03 1.783595420420169830e-02 8.136007934808731079e-03
4.404339999999969223e+03 1.192360464483499527e-02 7.606022991240024567e-03
4.405819999999968786e+03 6.039591040462255478e-03 7.510609459131956100e-03
4.407299999999968350e+03 1.286832429468631744e-02 7.952656596899032593e-03
4.408779999999967913e+03 1.759205758571624756e-02 8.033883757889270782e-03
4.410259999999967476e+03 -2.814686158671975136e-03 7.102677598595619202e-03
4.411739999999967040e+03 -2.266661264002323151e-03 7.148815318942070007e-03
4.413219999999966603e+03 2.266187220811843872e-02 8.367948234081268311e-03
4.414699999999966167e+03 2.124836109578609467e-02 7.978896610438823700e-03
4.416179999999965730e+03 2.331399172544479370e-02 8.052914403378963470e-03
4.417659999999965294e+03 1.052206382155418396e-02 7.542398292571306229e-03
4.419139999999964857e+03 1.235597301274538040e-02 7.655826862901449203e-03
4.420619999999964421e+03 9.235721826553344727e-02 2.368600107729434967e-02
4.422099999999963984e+03 8.369274437427520752e-02 6.216539442539215088e-02
4.423579999999963547e+03 3.304334729909896851e-02 3.415789455175399780e-02
4.425059999999963111e+03 8.191850036382675171e-03 7.005793042480945587e-03
4.426539999999962674e+03 1.327599212527275085e-02 7.599339820444583893e-03
4.428019999999962238e+03 1.755434647202491760e-02 7.667373865842819214e-03
4.429499999999961801e+03 1.003172993659973145e-02 7.266892585903406143e-03
4.430979999999961365e+03 2.253194339573383331e-02 7.716274820268154144e-03
4.432459999999960928e+03 2.280433103442192078e-02 7.668979000300168991e-03
4.433939999999960492e+03 -7.845940999686717987e-04 6.410930771380662918e-03
4.435419999999960055e+03 1.230498217046260834e-02 6.966289132833480835e-03
4.436899999999959618e+03 7.466565351933240891e-03 6.938466802239418030e-03
4.438379999999959182e+03 8.210347965359687805e-03 7.086522877216339111e-03
4.439859999999958745e+03 2.425002120435237885e-02 7.744103204458951950e-03
4.441339999999958309e+03 2.240511402487754822e-02 7.667224388569593430e-03
4.442819999999957872e+03 9.669983759522438049e-03 6.799307651817798615e-03
4.444299999999957436e+03 8.931491523981094360e-03 6.739644333720207214e-03
4.445779999999956999e+03 2.480650879442691803e-02 7.741763722151517868e-03
4.447259999999956563e+03 -1.714388839900493622e-03 6.425421219319105148e-03
4.448739999999956126e+03 9.903572499752044678e-03 6.843673065304756165e-03
4.450219999999955689e+03 1.600581780076026917e-02 7.108274381607770920e-03
4.451699999999955253e+03 1.787294819951057434e-02 7.139440160244703293e-03
4.453179999999954816e+03 1.908325217664241791e-02 7.159014232456684113e-03
4.454659999999954380e+03 2.957525104284286499e-02 7.383916061371564865e-03
4.456139999999953943e+03 2.416330389678478241e-02 7.110910024493932724e-03
4.457619999999953507e+03 8.359495550394058228e-03 6.415511481463909149e-03
4.459099999999953070e+03 1.618698239326477051e-02 6.784357130527496338e-03
4.460579999999952634e+03 1.210756227374076843e-02 6.517512258142232895e-03
4.462059999999952197e+03 1.073721144348382950e-02 6.545954849570989609e-03
4.463539999999951760e+03 1.948328688740730286e-02 6.960263010114431381e-03
4.465019999999951324e+03 1.360763981938362122e-02 6.731953006237745285e-03
4.466499999999950887e+03 1.247129030525684357e-02 6.740685086697340012e-03
4.467979999999950451e+03 2.852180227637290955e-02 7.366766221821308136e-03
4.469459999999950014e+03 1.555962394922971725e-02 6.637295242398977280e-03
4.470939999999949578e+03 5.553114227950572968e-03 6.257212255150079727e-03
4.472419999999949141e+03 1.319977268576622009e-02 6.625890731811523438e-03
4.473899999999948704e+03 1.964946091175079346e-02 7.063185796141624451e-03
4.475379999999948268e+03 3.092237003147602081e-02 7.573750335723161697e-03
4.476859999999947831e+03 2.628082409501075745e-02 7.272769697010517120e-03
4.478339999999947395e+03 1.004401966929435730e-02 6.556859239935874939e-03
4.479819999999946958e+03 1.566404663026332855e-02 6.729046348482370377e-03
4.481299999999946522e+03 1.520407199859619141e-02 6.598158273845911026e-03
4.482779999999946085e+03 2.435791306197643280e-02 6.966729182749986649e-03
4.484259999999945649e+03 2.755851857364177704e-02 7.277775090187788010e-03
4.485739999999945212e+03 7.929624989628791809e-03 6.561000831425189972e-03
4.487219999999944775e+03 2.419018372893333435e-02 7.169740740209817886e-03
4.488699999999944339e+03 1.098336186259984970e-02 6.405249703675508499e-03
4.490179999999943902e+03 1.588439941406250000e-02 6.527658551931381226e-03
4.491659999999943466e+03 1.646550744771957397e-02 6.745302118360996246e-03
4.493139999999943029e+03 2.681698650121688843e-02 7.185442838817834854e-03
4.494619999999942593e+03 2.431428432464599609e-02 7.046123966574668884e-03
4.496099999999942156e+03 1.498432829976081848e-02 6.773367524147033691e-03
4.497579999999941720e+03 1.558918878436088562e-02 6.726573687046766281e-03
4.499059999999941283e+03 1.071266550570726395e-02 6.537585519254207611e-03
4.500539999999940846e+03 1.037337165325880051e-02 6.580347660928964615e-03
4.502019999999940410e+03 1.691396534442901611e-02 6.866624113172292709e-03
4.503499999999939973e+03 5.989341530948877335e-03 6.289431825280189514e-03
4.504979999999939537e+03 1.102668698877096176e-02 6.670654751360416412e-03
4.506459999999939100e+03 8.262853370979428291e-04 6.178659852594137192e-03
4.507939999999938664e+03 9.312559850513935089e-03 6.532682105898857117e-03
4.509419999999938227e+03 1.850397512316703796e-02 6.918189115822315216e-03
4.510899999999937791e+03 1.349383313208818436e-02 6.614939775317907333e-03
4.512379999999937354e+03 2.093680202960968018e-02 6.930561270564794540e-03
4.513859999999936917e+03 1.546738483011722565e-02 6.648280657827854156e-03
4.515339999999936481e+03 2.160169556736946106e-02 6.959767080843448639e-03
4.516819999999936044e+03 1.771909557282924652e-02 6.798870861530303955e-03
4.518299999999935608e+03 1.163285132497549057e-02 6.517067551612854004e-03
4.519779999999935171e+03 8.740347810089588165e-03 6.460652220994234085e-03
4.521259999999934735e+03 2.235123515129089355e-02 7.076404988765716553e-03
4.522739999999934298e+03 2.037850022315979004e-02 6.961917504668235779e-03
4.524219999999933862e+03 2.020329050719738007e-02 6.815876811742782593e-03
4.525699999999933425e+03 1.579818502068519592e-02 6.559250410646200180e-03
4.527179999999932988e+03 1.734534464776515961e-02 6.641652435064315796e-03
4.528659999999932552e+03 8.858228102326393127e-03 6.265174131840467453e-03
4.530139999999932115e+03 1.988009363412857056e-02 6.721679121255874634e-03
4.531619999999931679e+03 1.448764000087976456e-02 6.752411834895610809e-03
4.533099999999931242e+03 9.801551699638366699e-03 6.485975347459316254e-03
4.534579999999930806e+03 9.795812889933586121e-03 6.424780003726482391e-03
4.536059999999930369e+03 3.063244745135307312e-03 6.096763536334037781e-03
4.537539999999929933e+03 9.402493014931678772e-03 6.507577374577522278e-03
4.539019999999929496e+03 6.126320920884609222e-03 6.470000836998224258e-03
4.540499999999929059e+03 7.037638686597347260e-03 6.342840846627950668e-03
4.541979999999928623e+03 1.209706440567970276e-02 6.566777825355529785e-03
4.543459999999928186e+03 2.128812484443187714e-02 7.056094240397214890e-03
4.544939999999927750e+03 2.250360883772373199e-02 6.980262231081724167e-03
4.546419999999927313e+03 1.490036677569150925e-02 6.700439844280481339e-03
4.547899999999926877e+03 6.483508739620447159e-03 6.304741837084293365e-03
4.549379999999926440e+03 2.539790794253349304e-02 6.955753546208143234e-03
4.550859999999926004e+03 2.088424935936927795e-02 6.780582480132579803e-03
4.552339999999925567e+03 1.959016919136047363e-02 6.758466362953186035e-03
4.553819999999925130e+03 1.764192059636116028e-02 6.644729059189558029e-03
4.555299999999924694e+03 2.583962678909301758e-02 6.995204836130142212e-03
4.556779999999924257e+03 7.316936738789081573e-03 6.109329871833324432e-03
4.558259999999923821e+03 1.181121729314327240e-02 6.510504521429538727e-03
4.559739999999923384e+03 1.554794982075691223e-02 6.580704357475042343e-03
4.561219999999922948e+03 2.939653396606445312e-02 7.169187534600496292e-03
4.562699999999922511e+03 1.965993084013462067e-02 6.791192572563886642e-03
4.564179999999922074e+03 1.346982084214687347e-02 6.379435304552316666e-03
4.565659999999921638e+03 1.954296790063381195e-02 6.584181915968656540e-03
4.567139999999921201e+03 4.693183116614818573e-03 6.148813758045434952e-03
4.568619999999920765e+03 9.144125506281852722e-03 6.357675883919000626e-03
4.570099999999920328e+03 1.842848025262355804e-02 6.639134604483842850e-03
4.571579999999919892e+03 2.061657421290874481e-02 6.612766534090042114e-03
4.573059999999919455e+03 7.379840128123760223e-03 6.191255990415811539e-03
4.574539999999919019e+03 9.170649573206901550e-03 6.126221735030412674e-03
4.576019999999918582e+03 1.842410117387771606e-02 6.679739803075790405e-03
4.577499999999918145e+03 1.405550353229045868e-02 6.450907792896032333e-03
4.578979999999917709e+03 5.079156253486871719e-03 6.161361932754516602e-03
4.580459999999917272e+03 1.559717953205108643e-02 6.454381626099348068e-03
4.581939999999916836e+03 2.657080255448818207e-02 6.948039866983890533e-03
4.583419999999916399e+03 1.380286738276481628e-02 6.405950989574193954e-03
4.584899999999915963e+03 2.879032399505376816e-03 5.761814303696155548e-03
4.586379999999915526e+03 4.863684531301259995e-03 5.962593480944633484e-03
4.587859999999915090e+03 1.298464462161064148e-02 6.412685848772525787e-03
4.589339999999914653e+03 1.722181402146816254e-02 6.554009392857551575e-03
4.590819999999914216e+03 1.115722954273223877e-02 6.250242237001657486e-03
4.592299999999913780e+03 1.019988860934972763e-02 6.112438626587390900e-03
4.593779999999913343e+03 6.592751946300268173e-03 5.918259266763925552e-03
4.595259999999912907e+03 1.800247654318809509e-02 6.327535957098007202e-03
4.596739999999912470e+03 7.139850407838821411e-03 6.017133127897977829e-03
4.598219999999912034e+03 8.732833899557590485e-03 6.089895032346248627e-03
4.599699999999911597e+03 2.062125504016876221e-02 6.451875902712345123e-03
4.601179999999911161e+03 8.429468609392642975e-03 5.913550499826669693e-03
4.602659999999910724e+03 1.111423596739768982e-02 6.145007908344268799e-03
4.604139999999910287e+03 1.551916915923357010e-02 6.241498049348592758e-03
4.605619999999909851e+03 9.394295513629913330e-03 6.076149176806211472e-03
4.607099999999909414e+03 2.045691758394241333e-02 6.513507105410099030e-03
4.608579999999908978e+03 2.763450145721435547e-02 6.845577619969844818e-03
4.610059999999908541e+03 2.186419069766998291e-02 6.631624419242143631e-03
4.611539999999908105e+03 1.135897543281316757e-02 6.200443487614393234e-03
4.613019999999907668e+03 9.646355174481868744e-03 6.095860619097948074e-03
4.614499999999907232e+03 1.627077721059322357e-02 6.255228072404861450e-03
4.615979999999906795e+03 1.717668771743774414e-02 6.290852092206478119e-03
4.617459999999906358e+03 4.387231543660163879e-03 5.783798173069953918e-03
4.618939999999905922e+03 1.934411935508251190e-02 6.357267498970031738e-03
4.620419999999905485e+03 1.794027350842952728e-02 6.364919710904359818e-03
4.621899999999905049e+03 4.061829298734664917e-03 5.882344674319028854e-03
4.623379999999904612e+03 8.978138677775859833e-03 6.074786651879549026e-03
4.624859999999904176e+03 1.456426270306110382e-02 6.130247376859188080e-03
4.626339999999903739e+03 2.212126925587654114e-02 6.500761955976486206e-03
4.627819999999903303e+03 9.911142289638519287e-03 6.025961134582757950e-03
4.629299999999902866e+03 1.910538598895072937e-02 6.283677648752927780e-03
4.630779999999902429e+03 1.480677537620067596e-02 6.136074662208557129e-03
4.632259999999901993e+03 4.174836911261081696e-03 5.711528006941080093e-03
4.633739999999901556e+03 1.284811180084943771e-02 6.064157932996749878e-03
4.635219999999901120e+03 2.190439775586128235e-02 6.360002793371677399e-03
4.636699999999900683e+03 1.393598131835460663e-02 6.048361770808696747e-03
4.638179999999900247e+03 1.133303809911012650e-02 5.924383644014596939e-03
4.639659999999899810e+03 2.480154857039451599e-02 6.416123360395431519e-03
4.641139999999899374e+03 2.394027262926101685e-02 6.437990348786115646e-03
4.642619999999898937e+03 1.586006954312324524e-02 6.140055134892463684e-03
4.644099999999898500e+03 1.878415979444980621e-02 6.159001961350440979e-03
4.645579999999898064e+03 1.445108745247125626e-02 5.995713640004396439e-03
4.647059999999897627e+03 4.554273560643196106e-03 5.394075065851211548e-03
4.648539999999897191e+03 1.063656061887741089e-02 5.765606649219989777e-03
4.650019999999896754e+03 1.405259501188993454e-02 5.978544708341360092e-03
4.651499999999896318e+03 1.851605810225009918e-02 6.127470638602972031e-03
4.652979999999895881e+03 1.358079165220260620e-02 6.002868991345167160e-03
4.654459999999895444e+03 1.593507453799247742e-02 6.008724682033061981e-03
4.655939999999895008e+03 1.768840849399566650e-02 5.960052832961082458e-03
4.657419999999894571e+03 1.518358290195465088e-02 6.106220185756683350e-03
4.658899999999894135e+03 1.689435727894306183e-02 6.268376484513282776e-03
4.660379999999893698e+03 1.950639486312866211e-02 6.277422420680522919e-03
4.661859999999893262e+03 1.775641553103923798e-02 6.168102845549583435e-03
4.663339999999892825e+03 2.405378594994544983e-02 6.418897304683923721e-03
4.664819999999892389e+03 1.285237446427345276e-02 5.890180356800556183e-03
4.666299999999891952e+03 2.019732445478439331e-02 6.056328769773244858e-03
4.667779999999891515e+03 2.697435207664966583e-02 6.291221361607313156e-03
4.669259999999891079e+03 1.875844225287437439e-02 6.069969851523637772e-03
4.670739999999890642e+03 1.204916834831237793e-02 5.830927286297082901e-03
4.672219999999890206e+03 1.917701400816440582e-02 6.141599733382463455e-03
4.673699999999889769e+03 1.664901711046695709e-02 6.027055438607931137e-03
4.675179999999889333e+03 2.042462304234504700e-02 6.150704808533191681e-03
4.676659999999888896e+03 1.009211130440235138e-02 6.321692373603582382e-03
4.678139999999888460e+03 2.194106578826904297e-02 6.201281212270259857e-03
4.679619999999888023e+03 1.963397487998008728e-02 6.086401641368865967e-03
4.681099999999887586e+03 7.799897342920303345e-03 5.667769350111484528e-03
4.682579999999887150e+03 1.791516505181789398e-02 6.045433692634105682e-03
4.684059999999886713e+03 2.644206210970878601e-02 6.358361802995204926e-03
4.685539999999886277e+03 1.695604994893074036e-02 6.062061525881290436e-03
4.687019999999885840e+03 6.145536899566650391e-04 5.365852266550064087e-03
4.688499999999885404e+03 9.643543511629104614e-03 5.613652989268302917e-03
4.689979999999884967e+03 1.209801621735095978e-02 5.749882198870182037e-03
4.691459999999884531e+03 1.415555737912654877e-02 5.833902396261692047e-03
4.692939999999884094e+03 1.803810894489288330e-02 5.914153065532445908e-03
4.694419999999883657e+03 1.661764830350875854e-02 5.857950076460838318e-03
4.695899999999883221e+03 1.128607802093029022e-02 5.732664838433265686e-03
4.697379999999882784e+03 1.146905869245529175e-02 5.730320233851671219e-03
4.698859999999882348e+03 9.892739355564117432e-03 5.523070227354764938e-03
4.700339999999881911e+03 2.297984249889850616e-02 5.979937966912984848e-03
4.701819999999881475e+03 2.295970544219017029e-02 5.987255834043025970e-03
4.703299999999881038e+03 8.850417099893093109e-03 5.484163761138916016e-03
4.704779999999880602e+03 1.596379838883876801e-02 5.817866418510675430e-03
4.706259999999880165e+03 1.316317263990640640e-02 5.704057868570089340e-03
4.707739999999879728e+03 1.747428998351097107e-02 5.805751774460077286e-03
4.709219999999879292e+03 1.907700113952159882e-02 5.945258308202028275e-03
4.710699999999878855e+03 2.417885884642601013e-02 6.017204374074935913e-03
4.712179999999878419e+03 2.459961920976638794e-02 6.180353462696075439e-03
4.713659999999877982e+03 1.566181518137454987e-02 5.765384528785943985e-03
4.715139999999877546e+03 7.987692020833492279e-03 5.476990249007940292e-03
4.716619999999877109e+03 1.192607916891574860e-02 5.581038072705268860e-03
4.718099999999876673e+03 1.367913000285625458e-02 5.774871446192264557e-03
4.719579999999876236e+03 8.370652794837951660e-03 5.542803555727005005e-03
4.721059999999875799e+03 5.977371707558631897e-03 5.469027440994977951e-03
4.722539999999875363e+03 1.164066884666681290e-02 5.655038170516490936e-03
4.724019999999874926e+03 1.221726089715957642e-02 5.724387243390083313e-03
4.725499999999874490e+03 1.478271745145320892e-02 5.864434875547885895e-03
4.726979999999874053e+03 1.490556448698043823e-02 5.714965984225273132e-03
4.728459999999873617e+03 1.216641627252101898e-02 5.453024990856647491e-03
4.729939999999873180e+03 1.293874159455299377e-02 5.486291833221912384e-03
4.731419999999872744e+03 8.774823509156703949e-03 5.458431318402290344e-03
4.732899999999872307e+03 1.778458617627620697e-02 5.780318286269903183e-03
4.734379999999871870e+03 1.548637077212333679e-02 5.577302537858486176e-03
4.735859999999871434e+03 9.473698446527123451e-04 5.053286440670490265e-03
4.737339999999870997e+03 1.432920619845390320e-02 5.599936004728078842e-03
4.738819999999870561e+03 8.951751515269279480e-03 5.410011857748031616e-03
4.740299999999870124e+03 1.542148366570472717e-02 5.546834319829940796e-03
4.741779999999869688e+03 2.125293388962745667e-02 5.837826058268547058e-03
4.743259999999869251e+03 7.236541248857975006e-03 5.413591396063566208e-03
4.744739999999868814e+03 1.522331219166517258e-02 5.636307876557111740e-03
4.746219999999868378e+03 1.382574811577796936e-02 5.537939257919788361e-03
4.747699999999867941e+03 9.922351688146591187e-03 5.487340036779642105e-03
4.749179999999867505e+03 2.105140825733542442e-03 5.082441028207540512e-03
4.750659999999867068e+03 1.093841437250375748e-02 5.460753571242094040e-03
4.752139999999866632e+03 8.578704670071601868e-03 5.344033706933259964e-03
4.753619999999866195e+03 2.058411762118339539e-02 5.688922479748725891e-03
4.755099999999865759e+03 1.375028118491172791e-02 5.454015452414751053e-03
4.756579999999865322e+03 6.537946406751871109e-03 5.231254734098911285e-03
4.758059999999864885e+03 1.465239096432924271e-02 5.514805205166339874e-03
4.759539999999864449e+03 1.659669354557991028e-02 5.631860811263322830e-03
4.761019999999864012e+03 1.173194218426942825e-02 5.477007944136857986e-03
4.762499999999863576e+03 1.016369275748729706e-02 5.286836996674537659e-03
4.763979999999863139e+03 1.858698949217796326e-02 5.594299174845218658e-03
4.765459999999862703e+03 1.771187782287597656e-02 5.552685819566249847e-03
4.766939999999862266e+03 1.537925750017166138e-02 5.492615513503551483e-03
4.768419999999861830e+03 1.223094109445810318e-02 5.442154593765735626e-03
4.769899999999861393e+03 4.802502226084470749e-03 5.172076635062694550e-03
4.771379999999860956e+03 8.721022866666316986e-03 5.216975230723619461e-03
4.772859999999860520e+03 1.194010674953460693e-02 5.377627443522214890e-03
4.774339999999860083e+03 1.913392916321754456e-02 5.722388159483671188e-03
4.775819999999859647e+03 1.157227251678705215e-02 5.450833123177289963e-03
4.777299999999859210e+03 9.640086442232131958e-03 5.353744141757488251e-03
4.778779999999858774e+03 1.556703634560108185e-02 5.560686346143484116e-03
4.780259999999858337e+03 1.426574029028415680e-02 5.486205685883760452e-03
4.781739999999857901e+03 1.600133627653121948e-02 5.486818961799144745e-03
4.783219999999857464e+03 2.279043197631835938e-02 5.765311885625123978e-03
4.784699999999857027e+03 2.109888941049575806e-02 5.700385197997093201e-03
4.786179999999856591e+03 2.000720798969268799e-02 5.731234326958656311e-03
4.787659999999856154e+03 1.642983220517635345e-02 5.524075590074062347e-03
4.789139999999855718e+03 2.564443740993738174e-03 4.911263007670640945e-03
4.790619999999855281e+03 7.570589892566204071e-03 5.139441695064306259e-03
4.792099999999854845e+03 6.590440869331359863e-03 5.175744649022817612e-03
4.793579999999854408e+03 7.431389763951301575e-03 5.219070706516504288e-03
4.795059999999853972e+03 7.708555553108453751e-03 5.273965653032064438e-03
4.796539999999853535e+03 1.674892008304595947e-02 5.523802246898412704e-03
4.798019999999853098e+03 1.512833498418331146e-02 5.521891638636589050e-03
4.799499999999852662e+03 1.578000187873840332e-02 5.417837761342525482e-03
4.800979999999852225e+03 1.867715641856193542e-02 5.594676826149225235e-03
4.802459999999851789e+03 1.772090420126914978e-02 5.588016007095575333e-03
4.803939999999851352e+03 2.319727279245853424e-02 5.794990342110395432e-03
4.805419999999850916e+03 1.320826262235641479e-02 5.357951391488313675e-03
4.806899999999850479e+03 1.851776987314224243e-02 5.579256452620029449e-03
4.808379999999850043e+03 1.130191795527935028e-02 5.319699645042419434e-03
4.809859999999849606e+03 1.491570472717285156e-02 5.374700296670198441e-03
4.811339999999849169e+03 -2.212269231677055359e-03 4.807829856872558594e-03
4.812819999999848733e+03 1.693327724933624268e-02 5.535414908081293106e-03
4.814299999999848296e+03 1.311887707561254501e-02 5.455712322145700455e-03
4.815779999999847860e+03 2.045733481645584106e-02 5.761281587183475494e-03
4.817259999999847423e+03 1.245191134512424469e-02 5.507929250597953796e-03
4.818739999999846987e+03 4.562839865684509277e-03 5.239380523562431335e-03
4.820219999999846550e+03 1.229511294513940811e-02 5.573297385126352310e-03
4.821699999999846113e+03 1.677488349378108978e-02 5.644885357469320297e-03
4.823179999999845677e+03 1.268444024026393890e-02 5.452607758343219757e-03
4.824659999999845240e+03 9.832708165049552917e-03 5.277946125715970993e-03
4.826139999999844804e+03 1.854829862713813782e-02 5.666100885719060898e-03
4.827619999999844367e+03 1.104266755282878876e-02 5.438472144305706024e-03
4.829099999999843931e+03 1.424832269549369812e-02 5.519041791558265686e-03
4.830579999999843494e+03 1.288364082574844360e-02 5.388049408793449402e-03
4.832059999999843058e+03 1.587948389351367950e-02 5.473708733916282654e-03
4.833539999999842621e+03 2.304717898368835449e-02 5.817930679768323898e-03
4.835019999999842184e+03 7.816645316779613495e-03 5.287773441523313522e-03
4.836499999999841748e+03 1.281481049954891205e-02 5.412263795733451843e-03
4.837979999999841311e+03 1.303684804588556290e-02 5.445451475679874420e-03
4.839459999999840875e+03 1.112770941108465195e-02 5.301828496158123016e-03
4.840939999999840438e+03 2.360461838543415070e-02 5.714773200452327728e-03
4.842419999999840002e+03 1.320480741560459137e-02 5.335161462426185608e-03
4.843899999999839565e+03 1.922591403126716614e-02 5.494118202477693558e-03
4.845379999999839129e+03 2.287035435438156128e-02 5.702687893062829971e-03
4.846859999999838692e+03 1.417889632284641266e-02 5.440055392682552338e-03
4.848339999999838255e+03 7.237284909933805466e-03 5.092018283903598785e-03
4.849819999999837819e+03 1.707769557833671570e-02 5.396439228206872940e-03
4.851299999999837382e+03 6.693816278129816055e-03 5.002992227673530579e-03
4.852779999999836946e+03 2.073869109153747559e-02 5.593083798885345459e-03
4.854259999999836509e+03 1.702690869569778442e-02 5.312550347298383713e-03
4.855739999999836073e+03 1.117509696632623672e-02 5.000500008463859558e-03
4.857219999999835636e+03 2.473496645689010620e-02 5.410299636423587799e-03
4.858699999999835200e+03 1.633387804031372070e-02 5.056158639490604401e-03
4.860179999999834763e+03 1.465387083590030670e-02 4.991980735212564468e-03
4.861659999999834326e+03 1.562647148966789246e-02 4.968751687556505203e-03
4.863139999999833890e+03 1.576471887528896332e-02 5.056894384324550629e-03
4.864619999999833453e+03 1.752746291458606720e-02 5.101264920085668564e-03
4.866099999999833017e+03 1.752088963985443115e-02 5.168198142200708389e-03
4.867579999999832580e+03 9.844328276813030243e-03 5.042083561420440674e-03
4.869059999999832144e+03 2.642149571329355240e-03 4.743240308016538620e-03
4.870539999999831707e+03 2.901286073029041290e-02 5.628168117254972458e-03
4.872019999999831271e+03 2.760971710085868835e-02 5.455709993839263916e-03
4.873499999999830834e+03 1.213402487337589264e-02 4.994312301278114319e-03
4.874979999999830397e+03 1.521941833198070526e-02 5.142773967236280441e-03
4.876459999999829961e+03 1.399402692914009094e-02 5.169270094484090805e-03
4.877939999999829524e+03 1.018038298934698105e-02 5.030757281929254532e-03
4.879419999999829088e+03 2.041876502335071564e-02 5.469169467687606812e-03
4.880899999999828651e+03 1.228453870862722397e-02 5.182949360460042953e-03
4.882379999999828215e+03 1.009007357060909271e-02 5.103779956698417664e-03
4.883859999999827778e+03 1.427506376057863235e-02 5.264586769044399261e-03
4.885339999999827342e+03 1.777461171150207520e-02 5.327630322426557541e-03
4.886819999999826905e+03 1.639145798981189728e-02 5.194087978452444077e-03
4.888299999999826468e+03 1.003971882164478302e-02 4.953696392476558685e-03
4.889779999999826032e+03 7.764669600874185562e-03 4.803488962352275848e-03
4.891259999999825595e+03 7.488973438739776611e-03 4.782075062394142151e-03
4.892739999999825159e+03 1.181682106107473373e-02 5.103500559926033020e-03
4.894219999999824722e+03 2.728104591369628906e-02 5.683931987732648849e-03
4.895699999999824286e+03 1.255464972928166389e-03 4.790169652551412582e-03
4.897179999999823849e+03 1.365868560969829559e-02 5.209913477301597595e-03
4.898659999999823413e+03 2.215451374650001526e-02 5.534346215426921844e-03
4.900139999999822976e+03 9.988976642489433289e-03 5.050527863204479218e-03
4.901619999999822539e+03 -1.399148022755980492e-04 4.594100173562765121e-03
4.903099999999822103e+03 1.230499893426895142e-02 4.995168186724185944e-03
4.904579999999821666e+03 2.431004866957664490e-02 5.472987424582242966e-03
4.906059999999821230e+03 8.644565008580684662e-03 4.963390994817018509e-03
4.907539999999820793e+03 1.640127156861126423e-03 4.682985134422779083e-03
4.909019999999820357e+03 2.045568078756332397e-02 5.273259244859218597e-03
4.910499999999819920e+03 1.357064768671989441e-02 4.962602164596319199e-03
4.911979999999819483e+03 1.067239046096801758e-02 4.941995255649089813e-03
4.913459999999819047e+03 2.260469086468219757e-02 5.444392096251249313e-03
4.914939999999818610e+03 1.192289218306541443e-02 5.123432260006666183e-03
4.916419999999818174e+03 1.260903291404247284e-02 5.100195296108722687e-03
4.917899999999817737e+03 1.224728673696517944e-02 4.904016386717557907e-03
4.919379999999817301e+03 1.899901777505874634e-02 4.973759409040212631e-03
4.920859999999816864e+03 2.346988394856452942e-02 5.202394444495439529e-03
4.922339999999816428e+03 1.140377763658761978e-02 4.892043769359588623e-03
4.923819999999815991e+03 9.318415075540542603e-03 4.889954347163438797e-03
4.925299999999815554e+03 7.530175149440765381e-03 4.739112220704555511e-03
4.926779999999815118e+03 1.950128562748432159e-02 5.287705454975366592e-03
4.928259999999814681e+03 1.183460932224988937e-02 5.002763587981462479e-03
4.929739999999814245e+03 1.001202873885631561e-02 4.907983355224132538e-03
4.931219999999813808e+03 1.224511489272117615e-02 5.055226851254701614e-03
4.932699999999813372e+03 1.802827976644039154e-02 5.126660689711570740e-03
4.934179999999812935e+03 1.289018057286739349e-02 4.938459489494562149e-03
4.935659999999812499e+03 1.489499397575855255e-02 5.105637945234775543e-03
4.937139999999812062e+03 2.186500653624534607e-02 5.295149516314268112e-03
4.938619999999811625e+03 8.386978879570960999e-03 4.772217012941837311e-03
4.940099999999811189e+03 1.099327392876148224e-02 4.853210411965847015e-03
4.941579999999810752e+03 1.075307466089725494e-02 4.915253724902868271e-03
4.943059999999810316e+03 3.436721861362457275e-02 5.755029153078794479e-03
4.944539999999809879e+03 5.440782010555267334e-02 6.411553360521793365e-03
4.946019999999809443e+03 3.868288546800613403e-02 5.843838676810264587e-03
4.947499999999809006e+03 1.241455599665641785e-02 5.037693772464990616e-03
4.948979999999808570e+03 8.701485581696033478e-03 4.907138645648956299e-03
4.950459999999808133e+03 2.130398340523242950e-02 5.307473707944154739e-03
4.951939999999807696e+03 7.888887077569961548e-03 4.805120173841714859e-03
4.953419999999807260e+03 1.225326955318450928e-02 4.999798722565174103e-03
4.954899999999806823e+03 9.315668605268001556e-03 4.834308288991451263e-03
4.956379999999806387e+03 1.707300171256065369e-02 4.970870912075042725e-03
4.957859999999805950e+03 2.504038624465465546e-02 5.199646111577749252e-03
4.959339999999805514e+03 1.919062249362468719e-02 5.101760383695363998e-03
4.960819999999805077e+03 1.023091003298759460e-02 4.859678912907838821e-03
4.962299999999804641e+03 1.707885786890983582e-02 5.214507691562175751e-03
4.963779999999804204e+03 1.119325309991836548e-02 4.990557208657264709e-03
4.965259999999803767e+03 1.766571961343288422e-02 5.145708564668893814e-03
4.966739999999803331e+03 1.811666786670684814e-02 5.115861538797616959e-03
4.968219999999802894e+03 1.072455011308193207e-02 4.871373064815998077e-03
4.969699999999802458e+03 1.751547493040561676e-02 5.179561208933591843e-03
4.971179999999802021e+03 2.198029495775699615e-02 5.333538167178630829e-03
4.972659999999801585e+03 1.973647624254226685e-02 5.304199643433094025e-03
4.974139999999801148e+03 1.109216455370187759e-02 4.960262682288885117e-03
4.975619999999800712e+03 1.138875633478164673e-02 4.904271103441715240e-03
4.977099999999800275e+03 1.363331079483032227e-02 4.974329378455877304e-03
4.978579999999799838e+03 2.390596084296703339e-02 5.329243373125791550e-03
4.980059999999799402e+03 2.440569922327995300e-02 5.325565580278635025e-03
4.981539999999798965e+03 1.679085940122604370e-02 4.988072440028190613e-03
4.983019999999798529e+03 8.155010640621185303e-03 4.519992042332887650e-03
4.984499999999798092e+03 1.744548417627811432e-02 4.881123546510934830e-03
4.985979999999797656e+03 1.954077556729316711e-02 5.069746635854244232e-03
4.987459999999797219e+03 1.030721329152584076e-02 4.841951653361320496e-03
4.988939999999796783e+03 1.635565236210823059e-02 5.077091045677661896e-03
4.990419999999796346e+03 1.820590347051620483e-02 5.103419534862041473e-03
4.991899999999795909e+03 9.882053360342979431e-03 4.793541505932807922e-03
4.993379999999795473e+03 1.749718561768531799e-02 5.081216804683208466e-03
4.994859999999795036e+03 1.943113747984170914e-03 4.545927047729492188e-03
4.996339999999794600e+03 8.764239028096199036e-03 4.788357298821210861e-03
4.997819999999794163e+03 1.627785339951515198e-02 5.013792309910058975e-03
4.999299999999793727e+03 1.270441524684429169e-02 4.902736283838748932e-03
5.000779999999793290e+03 6.573017220944166183e-03 4.607574548572301865e-03
5.002259999999792853e+03 2.253178507089614868e-02 5.182411987334489822e-03
5.003739999999792417e+03 8.896250277757644653e-03 4.727717023342847824e-03
5.005219999999791980e+03 7.110768929123878479e-03 4.569342825561761856e-03
5.006699999999791544e+03 1.368957106024026871e-02 4.888783674687147141e-03
5.008179999999791107e+03 1.169894449412822723e-02 4.882218316197395325e-03
5.009659999999790671e+03 1.161644048988819122e-02 4.852436017245054245e-03
5.011139999999790234e+03 2.266226708889007568e-02 5.164906848222017288e-03
5.012619999999789798e+03 1.592347025871276855e-02 4.785181954503059387e-03
5.014099999999789361e+03 2.411707863211631775e-02 5.139357876032590866e-03
5.015579999999788924e+03 2.039295807480812073e-02 5.019302945584058762e-03
5.017059999999788488e+03 9.130719117820262909e-03 4.631576593965291977e-03
5.018539999999788051e+03 1.666578277945518494e-02 4.994154907763004303e-03
5.020019999999787615e+03 1.715603657066822052e-02 5.061599425971508026e-03
5.021499999999787178e+03 2.096610702574253082e-02 5.058565177023410797e-03
5.022979999999786742e+03 1.633883640170097351e-02 4.884777590632438660e-03
5.024459999999786305e+03 6.981079932302236557e-03 4.569394979625940323e-03
5.025939999999785869e+03 4.554903134703636169e-03 4.473101347684860229e-03
5.027419999999785432e+03 7.311584893614053726e-03 4.575708881020545959e-03
5.028899999999784995e+03 9.402171708643436432e-03 4.690390080213546753e-03
5.030379999999784559e+03 1.737836375832557678e-02 5.017087794840335846e-03
5.031859999999784122e+03 1.558340154588222504e-02 4.926075227558612823e-03
5.033339999999783686e+03 1.274053752422332764e-02 4.821478389203548431e-03
5.034819999999783249e+03 1.343103963881731033e-02 4.794114269316196442e-03
5.036299999999782813e+03 1.157019473612308502e-02 4.717004951089620590e-03
5.037779999999782376e+03 1.383816264569759369e-02 4.795893561094999313e-03
5.039259999999781940e+03 1.634840667247772217e-02 4.771497566252946854e-03
5.040739999999781503e+03 2.128922194242477417e-02 4.867168143391609192e-03
5.042219999999781066e+03 2.695337310433387756e-02 5.196421407163143158e-03
5.043699999999780630e+03 2.261298336088657379e-02 5.153900012373924255e-03
5.045179999999780193e+03 2.787340246140956879e-02 5.422958638519048691e-03
5.046659999999779757e+03 1.096875872462987900e-02 4.659580066800117493e-03
5.048139999999779320e+03 1.923770643770694733e-02 4.452820401638746262e-03
5.049619999999778884e+03 4.149968922138214111e-02 4.380319267511367798e-02
5.051099999999778447e+03 4.113703966140747070e-02 9.129112586379051208e-03
5.052579999999778011e+03 1.976506412029266357e-02 5.026277620345354080e-03
5.054059999999777574e+03 1.110719982534646988e-03 4.293762613087892532e-03
5.055539999999777137e+03 1.000405475497245789e-02 4.732640460133552551e-03
5.057019999999776701e+03 1.877543888986110687e-02 5.075044464319944382e-03
5.058499999999776264e+03 1.459398679435253143e-02 4.926030989736318588e-03
5.059979999999775828e+03 1.349839568138122559e-02 4.835892003029584885e-03
5.061459999999775391e+03 1.666041836142539978e-02 4.942828323692083359e-03
5.062939999999774955e+03 2.365385554730892181e-02 5.151825957000255585e-03
5.064419999999774518e+03 1.702609285712242126e-02 4.873481113463640213e-03
5.065899999999774082e+03 1.965598948299884796e-02 5.029636900871992111e-03
5.067379999999773645e+03 1.889536343514919281e-02 5.005551502108573914e-03
5.068859999999773208e+03 1.973444223403930664e-02 5.004570353776216507e-03
5.070339999999772772e+03 9.156814776360988617e-03 4.578389693051576614e-03
5.071819999999772335e+03 1.718612387776374817e-02 4.800478927791118622e-03
5.073299999999771899e+03 1.634468510746955872e-02 4.827051423490047455e-03
5.074779999999771462e+03 1.097569800913333893e-02 4.660800099372863770e-03
5.076259999999771026e+03 1.704127155244350433e-02 4.867207258939743042e-03
5.077739999999770589e+03 1.904600113630294800e-02 4.988258704543113708e-03
5.079219999999770152e+03 1.720097288489341736e-02 4.797866102308034897e-03
5.080699999999769716e+03 2.182644419372081757e-02 4.927044268697500229e-03
5.082179999999769279e+03 2.220008149743080139e-02 4.983136430382728577e-03
5.083659999999768843e+03 1.431754603981971741e-02 4.758972208946943283e-03
5.085139999999768406e+03 1.724655926227569580e-02 4.953605122864246368e-03
5.086619999999767970e+03 9.876529686152935028e-03 4.672242794185876846e-03
5.088099999999767533e+03 8.665010333061218262e-03 4.636971279978752136e-03
5.089579999999767097e+03 1.185766607522964478e-02 4.756150767207145691e-03
5.091059999999766660e+03 3.050023317337036133e-02 5.367577075958251953e-03
5.092539999999766223e+03 4.848859086632728577e-02 5.920456722378730774e-03
5.094019999999765787e+03 3.150425106287002563e-02 5.391502752900123596e-03
5.095499999999765350e+03 1.865661889314651489e-02 4.933177493512630463e-03
5.096979999999764914e+03 1.584018208086490631e-02 4.753517452627420425e-03
5.098459999999764477e+03 1.529089361429214478e-02 4.645782988518476486e-03
5.099939999999764041e+03 2.418261766433715820e-02 5.075654014945030212e-03
5.101419999999763604e+03 1.398818194866180420e-02 4.791798070073127747e-03
5.102899999999763168e+03 9.820122271776199341e-03 4.583033267408609390e-03
5.104379999999762731e+03 1.354573760181665421e-02 4.709556233137845993e-03
5.105859999999762294e+03 1.722162961959838867e-02 4.845302086323499680e-03
5.107339999999761858e+03 2.115589566528797150e-02 4.939641337841749191e-03
5.108819999999761421e+03 2.236062288284301758e-02 4.898191429674625397e-03
5.110299999999760985e+03 1.356148533523082733e-02 4.743394441902637482e-03
5.111779999999760548e+03 1.559661421924829483e-02 4.857764113694429398e-03
5.113259999999760112e+03 1.825791969895362854e-02 4.897392820566892624e-03
5.114739999999759675e+03 1.283408980816602707e-02 4.635868594050407410e-03
5.116219999999759239e+03 2.042994648218154907e-02 4.920937120914459229e-03
5.117699999999758802e+03 1.571630500257015228e-02 4.808579105883836746e-03
5.119179999999758365e+03 1.837284490466117859e-02 4.949732683598995209e-03
5.120659999999757929e+03 2.858928591012954712e-02 5.229604430496692657e-03
5.122139999999757492e+03 1.414795406162738800e-02 4.657628946006298065e-03
5.123619999999757056e+03 1.777454465627670288e-02 4.743438214063644409e-03
5.125099999999756619e+03 2.168089151382446289e-02 4.865870345383882523e-03
5.126579999999756183e+03 1.332401949912309647e-02 4.642357584089040756e-03
5.128059999999755746e+03 1.051422115415334702e-02 4.557625390589237213e-03
5.129539999999755310e+03 1.245801243931055069e-02 4.661909304559230804e-03
5.131019999999754873e+03 1.622669398784637451e-02 4.816575907170772552e-03
5.132499999999754436e+03 2.188433147966861725e-02 5.028411280363798141e-03
5.133979999999754000e+03 2.585585787892341614e-02 5.203501787036657333e-03
5.135459999999753563e+03 3.213722258806228638e-02 5.331518128514289856e-03
5.136939999999753127e+03 1.787045598030090332e-02 4.873439669609069824e-03
5.138419999999752690e+03 1.433208212256431580e-02 4.671557806432247162e-03
5.139899999999752254e+03 1.836285181343555450e-02 4.920620005577802658e-03
5.141379999999751817e+03 2.529498562216758728e-02 5.102339200675487518e-03
5.142859999999751381e+03 1.246085111051797867e-02 4.667585715651512146e-03
5.144339999999750944e+03 1.188624929636716843e-02 4.687981214374303818e-03
5.145819999999750507e+03 1.008408889174461365e-02 4.584844224154949188e-03
5.147299999999750071e+03 2.151545882225036621e-02 4.948676563799381256e-03
5.148779999999749634e+03 2.377133443951606750e-02 5.064680706709623337e-03
5.150259999999749198e+03 1.840106584131717682e-02 4.846625961363315582e-03
5.151739999999748761e+03 1.834820397198200226e-02 4.831114318221807480e-03
5.153219999999748325e+03 1.258380338549613953e-02 4.640519618988037109e-03
5.154699999999747888e+03 1.669946312904357910e-02 4.754167981445789337e-03
5.156179999999747452e+03 1.642327755689620972e-02 4.828795790672302246e-03
5.157659999999747015e+03 2.015444450080394745e-02 5.010972730815410614e-03
5.159139999999746578e+03 1.462474279105663300e-02 4.849685356020927429e-03
5.160619999999746142e+03 2.228847146034240723e-02 5.016748793423175812e-03
5.162099999999745705e+03 1.326815783977508545e-02 4.625301342457532883e-03
5.163579999999745269e+03 1.988929510116577148e-02 4.818140063434839249e-03
5.165059999999744832e+03 1.468070223927497864e-02 4.557075910270214081e-03
5.166539999999744396e+03 1.680595241487026215e-02 4.450268577784299850e-03
5.168019999999743959e+03 1.560245081782341003e-02 4.492016509175300598e-03
5.169499999999743522e+03 2.019795775413513184e-02 4.725039005279541016e-03
5.170979999999743086e+03 1.200729049742221832e-02 4.327229689806699753e-03
5.172459999999742649e+03 1.650543510913848877e-02 4.381210543215274811e-03
5.173939999999742213e+03 2.167335152626037598e-02 4.735670518130064011e-03
5.175419999999741776e+03 1.794006302952766418e-02 4.810604266822338104e-03
5.176899999999741340e+03 1.906744763255119324e-02 4.847233649343252182e-03
5.178379999999740903e+03 1.078000292181968689e-02 4.556857049465179443e-03
5.179859999999740467e+03 1.441310718655586243e-02 4.653350915759801865e-03
5.181339999999740030e+03 1.296538766473531723e-02 4.439799115061759949e-03
5.182819999999739593e+03 1.189211476594209671e-02 4.181334283202886581e-03
5.184299999999739157e+03 1.161157898604869843e-02 4.282681271433830261e-03
5.185779999999738720e+03 9.779127314686775208e-03 4.405965562909841537e-03
5.187259999999738284e+03 2.411183342337608337e-02 5.007577128708362579e-03
5.188739999999737847e+03 1.958184875547885895e-02 4.913226235657930374e-03
5.190219999999737411e+03 7.477417588233947754e-03 4.358224105089902878e-03
5.191699999999736974e+03 1.637833379209041595e-02 4.602932836860418320e-03
5.193179999999736538e+03 6.689589470624923706e-03 4.324565175920724869e-03
5.194659999999736101e+03 8.716464973986148834e-03 4.475463647395372391e-03
5.196139999999735664e+03 1.118797156959772110e-02 4.780832678079605103e-03
5.197619999999735228e+03 1.369389705359935760e-02 5.101121496409177780e-03
5.199099999999734791e+03 1.697371341288089752e-02 5.182875785976648331e-03
5.200579999999734355e+03 1.638961024582386017e-02 4.985657986253499985e-03
5.202059999999733918e+03 1.142064668238162994e-02 4.721844103187322617e-03
5.203539999999733482e+03 2.151816897094249725e-02 4.936697427183389664e-03
5.205019999999733045e+03 1.370875723659992218e-02 4.559671971946954727e-03
5.206499999999732609e+03 1.737976446747779846e-02 4.655952099710702896e-03
5.207979999999732172e+03 1.889446005225181580e-02 4.763025324791669846e-03
5.209459999999731735e+03 9.028969332575798035e-03 4.462202545255422592e-03
5.210939999999731299e+03 2.031353116035461426e-02 4.930463153868913651e-03
5.212419999999730862e+03 1.727536879479885101e-02 4.788185935467481613e-03
5.213899999999730426e+03 1.210235990583896637e-02 4.504300653934478760e-03
5.215379999999729989e+03 1.214602682739496231e-02 4.542770329862833023e-03
5.216859999999729553e+03 1.056718919426202774e-02 4.478382412344217300e-03
5.218339999999729116e+03 1.624308526515960693e-02 4.795258864760398865e-03
5.219819999999728680e+03 1.182231307029724121e-02 4.685684572905302048e-03
5.221299999999728243e+03 6.267699878662824631e-03 4.441945347934961319e-03
5.222779999999727806e+03 3.856554161757230759e-03 4.492218140512704849e-03
5.224259999999727370e+03 1.799821108579635620e-02 4.915408790111541748e-03
5.225739999999726933e+03 1.594427414238452911e-02 4.643619526177644730e-03
5.227219999999726497e+03 1.797024533152580261e-02 4.621527157723903656e-03
5.228699999999726060e+03 1.918606832623481750e-02 4.731459543108940125e-03
5.230179999999725624e+03 2.263161540031433105e-02 4.919486586004495621e-03
5.231659999999725187e+03 1.693001762032508850e-02 4.699529148638248444e-03
5.233139999999724751e+03 2.029599249362945557e-02 4.808634053915739059e-03
5.234619999999724314e+03 2.066067792475223541e-02 4.859758540987968445e-03
5.236099999999723877e+03 1.908895745873451233e-02 4.908472765237092972e-03
5.237579999999723441e+03 2.069190517067909241e-02 5.053801927715539932e-03
5.239059999999723004e+03 1.995134539902210236e-02 5.026925820857286453e-03
5.240539999999722568e+03 1.926323212683200836e-02 4.873558878898620605e-03
5.242019999999722131e+03 1.816689595580101013e-02 4.779061302542686462e-03
5.243499999999721695e+03 9.809037670493125916e-03 4.437712952494621277e-03
5.244979999999721258e+03 1.938998512923717499e-02 4.771244712173938751e-03
5.246459999999720822e+03 1.105260755866765976e-02 4.524744581431150436e-03
5.247939999999720385e+03 2.653324604034423828e-02 5.070289596915245056e-03
5.249419999999719948e+03 1.480556651949882507e-02 4.645374603569507599e-03
5.250899999999719512e+03 1.091033313423395157e-02 4.485990386456251144e-03
5.252379999999719075e+03 1.886915042996406555e-02 4.779018927365541458e-03
5.253859999999718639e+03 1.639902591705322266e-02 4.732924513518810272e-03
5.255339999999718202e+03 2.020601741969585419e-02 4.991650115698575974e-03
5.256819999999717766e+03 1.870777271687984467e-02 4.928556736558675766e-03
5.258299999999717329e+03 2.501447312533855438e-02 5.018800497055053711e-03
5.259779999999716892e+03 2.558613382279872894e-02 5.006878171116113663e-03
5.261259999999716456e+03 1.524702832102775574e-02 4.575580358505249023e-03
5.262739999999716019e+03 1.532746292650699615e-02 4.473501816391944885e-03
5.264219999999715583e+03 1.714704558253288269e-02 4.475883208215236664e-03
5.265699999999715146e+03 1.174569688737392426e-02 4.277681931853294373e-03
5.267179999999714710e+03 1.373715884983539581e-02 4.421667661517858505e-03
5.268659999999714273e+03 1.492491643875837326e-02 4.389007575809955597e-03
5.270139999999713837e+03 8.054669946432113647e-03 4.252614453434944153e-03
5.271619999999713400e+03 1.433917880058288574e-02 4.573493264615535736e-03
5.273099999999712963e+03 1.710546016693115234e-02 4.633720964193344116e-03
5.274579999999712527e+03 1.726522482931613922e-02 4.675226751714944839e-03
5.276059999999712090e+03 2.545561641454696655e-02 5.008161999285221100e-03
5.277539999999711654e+03 2.590493764728307724e-03 4.209006670862436295e-03
5.279019999999711217e+03 1.170769147574901581e-02 4.564311355352401733e-03
5.280499999999710781e+03 1.577921956777572632e-02 4.681888967752456665e-03
5.281979999999710344e+03 1.249962672591209412e-02 4.432708024978637695e-03
5.283459999999709908e+03 1.595105975866317749e-02 4.559095948934555054e-03
5.284939999999709471e+03 1.884644292294979095e-02 4.834235180169343948e-03
5.286419999999709034e+03 1.863417029380798340e-02 4.879504442214965820e-03
5.287899999999708598e+03 2.133996412158012390e-02 4.916477948427200317e-03
5.289379999999708161e+03 2.121995575726032257e-02 4.953113384544849396e-03
5.290859999999707725e+03 2.321840450167655945e-02 4.959523212164640427e-03
5.292339999999707288e+03 2.087697759270668030e-02 4.853979684412479401e-03
5.293819999999706852e+03 1.711546070873737335e-02 4.706962965428829193e-03
5.295299999999706415e+03 2.112000808119773865e-02 4.813214763998985291e-03
5.296779999999705979e+03 2.167651616036891937e-02 4.789326339960098267e-03
5.298259999999705542e+03 1.439613942056894302e-02 4.575400147587060928e-03
5.299739999999705105e+03 1.676332950592041016e-02 4.750303924083709717e-03
5.301219999999704669e+03 1.931852847337722778e-02 4.798464477062225342e-03
5.302699999999704232e+03 1.706878095865249634e-02 4.705049563199281693e-03
5.304179999999703796e+03 1.917511224746704102e-02 4.947319161146879196e-03
5.305659999999703359e+03 1.416565850377082825e-02 4.679015371948480606e-03
5.307139999999702923e+03 2.459101146087050438e-03 4.216001369059085846e-03
5.308619999999702486e+03 2.416768297553062439e-02 4.972200375050306320e-03
5.310099999999702050e+03 1.656610332429409027e-02 4.745817277580499649e-03
5.311579999999701613e+03 1.104264613240957260e-02 4.611605312675237656e-03
5.313059999999701176e+03 1.220635976642370224e-02 4.662753082811832428e-03
5.314539999999700740e+03 1.496268995106220245e-02 4.662506282329559326e-03
5.316019999999700303e+03 1.749905198812484741e-02 4.751264583319425583e-03
5.317499999999699867e+03 9.733724407851696014e-03 4.523770418018102646e-03
5.318979999999699430e+03 1.556995883584022522e-02 4.762797150760889053e-03
5.320459999999698994e+03 2.081721276044845581e-02 4.901253618299961090e-03
5.321939999999698557e+03 1.467032916843891144e-02 4.682167898863554001e-03
5.323419999999698121e+03 1.676907576620578766e-02 4.737754352390766144e-03
5.324899999999697684e+03 1.385233737528324127e-02 4.606652073562145233e-03
5.326379999999697247e+03 1.481389813125133514e-02 4.548018798232078552e-03
5.327859999999696811e+03 2.597888931632041931e-02 4.898316226899623871e-03
5.329339999999696374e+03 2.585497125983238220e-02 5.000966601073741913e-03
5.330819999999695938e+03 2.269765362143516541e-02 4.982709884643554688e-03
5.332299999999695501e+03 2.105804532766342163e-02 4.832644481211900711e-03
5.333779999999695065e+03 1.941553130745887756e-02 4.848412238061428070e-03
5.335259999999694628e+03 1.429686695337295532e-02 4.719372373074293137e-03
5.336739999999694192e+03 1.410846132785081863e-02 4.682091996073722839e-03
5.338219999999693755e+03 1.479214057326316833e-02 4.657217767089605331e-03
5.339699999999693318e+03 1.342500932514667511e-02 4.562977235764265060e-03
5.341179999999692882e+03 1.420547161251306534e-02 4.615002311766147614e-03
5.342659999999692445e+03 1.659481227397918701e-02 4.746339749544858932e-03
5.344139999999692009e+03 1.417269930243492126e-02 4.616250284016132355e-03
5.345619999999691572e+03 2.002044022083282471e-02 4.802104085683822632e-03
5.347099999999691136e+03 2.353232540190219879e-02 4.903087858110666275e-03
5.348579999999690699e+03 1.230887323617935181e-02 4.486122634261846542e-03
5.350059999999690262e+03 9.493751451373100281e-03 4.442179575562477112e-03
5.351539999999689826e+03 1.805762946605682373e-02 4.722707439213991165e-03
5.353019999999689389e+03 8.409042842686176300e-03 4.398279357701539993e-03
5.354499999999688953e+03 1.082902774214744568e-02 4.564328584820032120e-03
5.355979999999688516e+03 1.880026236176490784e-02 4.872537683695554733e-03
5.357459999999688080e+03 9.833478368818759918e-03 4.542001988738775253e-03
5.358939999999687643e+03 7.592397276312112808e-03 4.449735395610332489e-03
5.360419999999687207e+03 4.270958714187145233e-03 4.226017743349075317e-03
5.361899999999686770e+03 1.173517107963562012e-02 4.516041837632656097e-03
5.363379999999686333e+03 1.547388825565576553e-02 4.630582407116889954e-03
5.364859999999685897e+03 1.604833826422691345e-02 4.588719923049211502e-03
5.366339999999685460e+03 1.551487296819686890e-02 4.600625019520521164e-03
5.367819999999685024e+03 1.593192294239997864e-02 4.636357538402080536e-03
5.369299999999684587e+03 1.626362465322017670e-02 4.597920924425125122e-03
5.370779999999684151e+03 1.812980510294437408e-02 4.652643576264381409e-03
5.372259999999683714e+03 1.901982538402080536e-02 4.739373922348022461e-03
5.373739999999683278e+03 1.609506458044052124e-02 4.736053291708230972e-03
5.375219999999682841e+03 1.590746082365512848e-02 4.714395850896835327e-03
5.376699999999682404e+03 1.292536687105894089e-02 4.568677861243486404e-03
5.378179999999681968e+03 1.810942590236663818e-02 4.751947708427906036e-03
5.379659999999681531e+03 1.981606706976890564e-02 4.822926595807075500e-03
5.381139999999681095e+03 1.696739532053470612e-02 4.725149367004632950e-03
5.382619999999680658e+03 1.174974627792835236e-02 4.556982778012752533e-03
5.384099999999680222e+03 9.293929673731327057e-03 4.441698081791400909e-03
5.385579999999679785e+03 2.101537026464939117e-02 4.812696482986211777e-03
5.387059999999679349e+03 1.242699287831783295e-02 4.507904406636953354e-03
5.388539999999678912e+03 1.971768215298652649e-02 4.740059375762939453e-03
5.390019999999678475e+03 1.820394955575466156e-02 4.665583372116088867e-03
5.391499999999678039e+03 1.827052049338817596e-02 4.696081392467021942e-03
5.392979999999677602e+03 1.325995102524757385e-02 4.491655621677637100e-03
5.394459999999677166e+03 2.579328604042530060e-02 4.967839457094669342e-03
5.395939999999676729e+03 1.638686284422874451e-02 4.604063462466001511e-03
5.397419999999676293e+03 1.241809036582708359e-02 4.433956928551197052e-03
5.398899999999675856e+03 1.663410663604736328e-02 4.624754190444946289e-03
5.400379999999675420e+03 1.338853780180215836e-02 4.542529582977294922e-03
5.401859999999674983e+03 1.185315102338790894e-02 4.436182323843240738e-03
5.403339999999674546e+03 1.495431922376155853e-02 4.519043024629354477e-03
5.404819999999674110e+03 1.586842536926269531e-02 4.477349575608968735e-03
5.406299999999673673e+03 1.766078732907772064e-02 4.648594651371240616e-03
5.407779999999673237e+03 8.685056120157241821e-03 4.310353193432092667e-03
5.409259999999672800e+03 1.210693083703517914e-02 4.361665342003107071e-03
5.410739999999672364e+03 1.743301376700401306e-02 4.556645639240741730e-03
5.412219999999671927e+03 5.179325118660926819e-03 4.185375757515430450e-03
5.413699999999671491e+03 1.008269004523754120e-02 4.367179702967405319e-03
5.415179999999671054e+03 2.329893037676811218e-02 4.828757140785455704e-03
5.416659999999670617e+03 1.834470406174659729e-02 4.733086097985506058e-03
5.418139999999670181e+03 1.638325303792953491e-02 4.650659859180450439e-03
5.419619999999669744e+03 1.293380465358495712e-02 4.493225831538438797e-03
5.421099999999669308e+03 1.438724342733621597e-02 4.567012656480073929e-03
5.422579999999668871e+03 1.205159071832895279e-02 4.445097409188747406e-03
5.424059999999668435e+03 1.325974799692630768e-02 4.455879796296358109e-03
5.425539999999667998e+03 1.955848559737205505e-02 4.714265931397676468e-03
5.427019999999667561e+03 1.709171384572982788e-02 4.677688237279653549e-03
5.428499999999667125e+03 1.742504350841045380e-02 4.646866582334041595e-03
5.429979999999666688e+03 1.797138899564743042e-02 4.637315869331359863e-03
5.431459999999666252e+03 1.556084584444761276e-02 4.628819413483142853e-03
5.432939999999665815e+03 2.904315013438463211e-03 4.112967755645513535e-03
5.434419999999665379e+03 1.327990461140871048e-02 4.450915846973657608e-03
5.435899999999664942e+03 1.680741831660270691e-02 4.629941657185554504e-03
5.437379999999664506e+03 1.666135340929031372e-02 4.640334285795688629e-03
5.438859999999664069e+03 2.292186394333839417e-02 4.899635445326566696e-03
5.440339999999663632e+03 1.484498195350170135e-02 4.635195713490247726e-03
5.441819999999663196e+03 1.607294939458370209e-02 4.685143474489450455e-03
5.443299999999662759e+03 2.173143252730369568e-02 4.831057973206043243e-03
5.444779999999662323e+03 2.367517538368701935e-02 4.826648626476526260e-03
5.446259999999661886e+03 2.018923684954643250e-02 4.677350167185068130e-03
5.447739999999661450e+03 1.686465367674827576e-02 4.651085473597049713e-03
5.449219999999661013e+03 2.475125156342983246e-02 4.994673654437065125e-03
5.450699999999660577e+03 2.364106290042400360e-02 4.937469027936458588e-03
5.452179999999660140e+03 1.812047883868217468e-02 4.687841050326824188e-03
5.453659999999659703e+03 1.981462538242340088e-02 4.744048696011304855e-03
5.455139999999659267e+03 1.226651668548583984e-02 4.404248204082250595e-03
5.456619999999658830e+03 1.151436939835548401e-02 4.500478040426969528e-03
5.458099999999658394e+03 1.674098894000053406e-02 4.820986185222864151e-03
5.459579999999657957e+03 2.147190272808074951e-02 4.952797200530767441e-03
5.461059999999657521e+03 1.682884432375431061e-02 4.725212231278419495e-03
5.462539999999657084e+03 1.308833621442317963e-02 4.485601559281349182e-03
5.464019999999656648e+03 2.261369861662387848e-02 4.809380043298006058e-03
5.465499999999656211e+03 2.018462121486663818e-02 4.757896531373262405e-03
5.466979999999655774e+03 1.670164987444877625e-02 4.626896698027849197e-03
5.468459999999655338e+03 1.303283497691154480e-02 4.515370819717645645e-03
5.469939999999654901e+03 1.025458332151174545e-02 4.461833275854587555e-03
5.471419999999654465e+03 1.181921642273664474e-02 4.494528286159038544e-03
5.472899999999654028e+03 2.001112699508666992e-02 4.725050181150436401e-03
5.474379999999653592e+03 1.759719476103782654e-02 4.661860410124063492e-03
5.475859999999653155e+03 1.408977620303630829e-02 4.448425024747848511e-03
5.477339999999652719e+03 1.445640251040458679e-02 4.470200277864933014e-03
5.478819999999652282e+03 1.366544794291257858e-02 4.543189425021409988e-03
5.480299999999651845e+03 2.716316841542720795e-02 4.991835448890924454e-03
5.481779999999651409e+03 1.616792380809783936e-02 4.624055698513984680e-03
5.483259999999650972e+03 1.394945941865444183e-02 4.594251047819852829e-03
5.484739999999650536e+03 1.457327697426080704e-02 4.640543367713689804e-03
5.486219999999650099e+03 2.051188237965106964e-02 4.827104043215513229e-03
5.487699999999649663e+03 1.678272709250450134e-02 4.644955042749643326e-03
5.489179999999649226e+03 1.946829631924629211e-02 4.777480382472276688e-03
5.490659999999648790e+03 1.915096677839756012e-02 4.796944558620452881e-03
5.492139999999648353e+03 1.092666294425725937e-02 4.466070793569087982e-03
5.493619999999647916e+03 1.506946887820959091e-02 4.564759787172079086e-03
5.495099999999647480e+03 1.432378403842449188e-02 4.482722375541925430e-03
5.496579999999647043e+03 1.724895462393760681e-02 4.700352437794208527e-03
5.498059999999646607e+03 1.803917996585369110e-02 4.647586960345506668e-03
5.499539999999646170e+03 1.387951523065567017e-02 1.865282654762268066e-02
5.501019999999645734e+03 1.445007603615522385e-02 1.869266666471958160e-02
5.502499999999645297e+03 7.903194054961204529e-03 4.333699122071266174e-03
5.503979999999644861e+03 1.522771548479795456e-02 4.607968498021364212e-03
5.505459999999644424e+03 1.975043676793575287e-02 4.766291007399559021e-03
5.506939999999643987e+03 9.479770436882972717e-03 4.411263391375541687e-03
5.508419999999643551e+03 1.275276392698287964e-02 4.551058169454336166e-03
5.509899999999643114e+03 2.587759308516979218e-02 5.004537291824817657e-03
5.511379999999642678e+03 1.757940649986267090e-02 4.666454158723354340e-03
5.512859999999642241e+03 1.777007803320884705e-02 4.660557489842176437e-03
5.514339999999641805e+03 1.894604414701461792e-02 4.709703382104635239e-03
5.515819999999641368e+03 9.173678234219551086e-03 4.382981918752193451e-03
5.517299999999640931e+03 1.604154706001281738e-02 4.684982821345329285e-03
5.518779999999640495e+03 1.847300864756107330e-02 4.799806978553533554e-03
5.520259999999640058e+03 1.426999643445014954e-02 4.675684962421655655e-03
5.521739999999639622e+03 1.732494682073593140e-02 4.728897009044885635e-03
5.523219999999639185e+03 1.235432550311088562e-02 4.590394906699657440e-03
5.524699999999638749e+03 1.878525316715240479e-02 4.764381330460309982e-03
5.526179999999638312e+03 2.051859907805919647e-02 4.805189091712236404e-03
5.527659999999637876e+03 1.614151149988174438e-02 4.577843006700277328e-03
5.529139999999637439e+03 1.299691665917634964e-02 4.456313326954841614e-03
5.530619999999637002e+03 1.711947470903396606e-02 4.647872876375913620e-03
5.532099999999636566e+03 1.744454912841320038e-02 4.693565890192985535e-03
5.533579999999636129e+03 1.853427104651927948e-02 4.673392511904239655e-03
5.535059999999635693e+03 2.122168242931365967e-02 4.755706526339054108e-03
5.536539999999635256e+03 1.467582117766141891e-02 4.602639935910701752e-03
5.538019999999634820e+03 1.793102920055389404e-02 4.711436573415994644e-03
5.539499999999634383e+03 1.957601308822631836e-02 4.815108142793178558e-03
5.540979999999633947e+03 1.447314955294132233e-02 4.693286493420600891e-03
5.542459999999633510e+03 1.007466483861207962e-02 4.608053714036941528e-03
5.543939999999633073e+03 1.149550639092922211e-02 4.672348499298095703e-03
5.545419999999632637e+03 9.929922409355640411e-03 4.558349028229713440e-03
5.546899999999632200e+03 9.806327521800994873e-03 4.515527747571468353e-03
5.548379999999631764e+03 9.599557146430015564e-03 4.575376398861408234e-03
5.549859999999631327e+03 1.728980988264083862e-02 4.785154014825820923e-03
5.551339999999630891e+03 1.246167719364166260e-02 4.568779841065406799e-03
5.552819999999630454e+03 1.852178759872913361e-02 4.775247536599636078e-03
5.554299999999630018e+03 1.825009286403656006e-02 4.758226685225963593e-03
5.555779999999629581e+03 1.351588033139705658e-02 4.627651534974575043e-03
5.557259999999629144e+03 1.717041060328483582e-02 4.727506078779697418e-03
5.558739999999628708e+03 2.194218710064888000e-02 4.881901666522026062e-03
5.560219999999628271e+03 1.375200878828763962e-02 4.623188171535730362e-03
5.561699999999627835e+03 1.203023735433816910e-02 4.639120772480964661e-03
5.563179999999627398e+03 1.204678788781166077e-02 4.779630806297063828e-03
5.564659999999626962e+03 1.246818713843822479e-02 4.740765783935785294e-03
5.566139999999626525e+03 1.715623028576374054e-02 4.750527441501617432e-03
5.567619999999626089e+03 1.376985013484954834e-02 4.626336041837930679e-03
5.569099999999625652e+03 1.185671705752611160e-02 4.596717189997434616e-03
5.570579999999625215e+03 1.903233304619789124e-02 4.742356017231941223e-03
5.572059999999624779e+03 1.722423732280731201e-02 4.664645530283451080e-03
5.573539999999624342e+03 1.184454280883073807e-02 4.479909315705299377e-03
5.575019999999623906e+03 -1.790950596332550049e-01 1.158563699573278427e-02
5.576499999999623469e+03 6.159690208733081818e-03 2.407918311655521393e-02
5.577979999999623033e+03 2.249126695096492767e-02 2.354619093239307404e-02
5.579459999999622596e+03 -7.151274383068084717e-02 8.567152544856071472e-03
5.580939999999622160e+03 2.495126239955425262e-02 5.093726795166730881e-03
5.582419999999621723e+03 1.665632054209709167e-02 4.699409939348697662e-03
5.583899999999621286e+03 1.184435281902551651e-02 4.529680125415325165e-03
5.585379999999620850e+03 1.363795343786478043e-02 4.525999072939157486e-03
5.586859999999620413e+03 1.520282030105590820e-02 4.553646780550479889e-03
5.588339999999619977e+03 2.368826791644096375e-02 4.966344684362411499e-03
5.589819999999619540e+03 1.942476071417331696e-02 4.828386474400758743e-03
5.591299999999619104e+03 8.991297334432601929e-03 4.395111463963985443e-03
5.592779999999618667e+03 1.021453272551298141e-02 4.384781699627637863e-03
5.594259999999618231e+03 1.379897259175777435e-02 4.517049062997102737e-03
5.595739999999617794e+03 1.023482810705900192e-02 4.432815592736005783e-03
5.597219999999617357e+03 1.266343146562576294e-02 4.551457241177558899e-03
5.598699999999616921e+03 1.908060535788536072e-02 4.754839930683374405e-03
5.600179999999616484e+03 1.759249716997146606e-02 4.693483468145132065e-03
5.601659999999616048e+03 8.675759658217430115e-03 4.337242338806390762e-03
5.603139999999615611e+03 1.122919283807277679e-02 4.558862652629613876e-03
5.604619999999615175e+03 1.377980690449476242e-02 4.829991143196821213e-03
5.606099999999614738e+03 1.572004705667495728e-02 4.841420333832502365e-03
5.607579999999614301e+03 1.889991760253906250e-02 4.787498619407415390e-03
5.609059999999613865e+03 1.715081743896007538e-02 4.719277378171682358e-03
5.610539999999613428e+03 1.648312434554100037e-02 4.702907986938953400e-03
5.612019999999612992e+03 1.395690254867076874e-02 4.576636943966150284e-03
5.613499999999612555e+03 1.593474857509136200e-02 4.620851017534732819e-03
5.614979999999612119e+03 1.320638135075569153e-02 4.439624492079019547e-03
5.616459999999611682e+03 1.090539712458848953e-02 4.480171483010053635e-03
5.617939999999611246e+03 1.432609185576438904e-02 4.649552516639232635e-03
5.619419999999610809e+03 1.269713789224624634e-02 4.552057012915611267e-03
5.620899999999610372e+03 1.381343230605125427e-02 4.616917110979557037e-03
5.622379999999609936e+03 9.781467728316783905e-03 4.533304832875728607e-03
5.623859999999609499e+03 1.973554491996765137e-02 4.835352767258882523e-03
5.625339999999609063e+03 2.523151226341724396e-02 4.913345910608768463e-03
5.626819999999608626e+03 1.714279875159263611e-02 4.602530039846897125e-03
5.628299999999608190e+03 9.966689161956310272e-03 4.363089799880981445e-03
5.629779999999607753e+03 1.706226915121078491e-02 4.625876434147357941e-03
5.631259999999607317e+03 1.871338300406932831e-02 4.712063819169998169e-03
5.632739999999606880e+03 1.994384638965129852e-02 4.719934891909360886e-03
5.634219999999606443e+03 1.388701610267162323e-02 4.503232426941394806e-03
5.635699999999606007e+03 1.562399044632911682e-02 4.511640407145023346e-03
5.637179999999605570e+03 1.486193295568227768e-02 4.507320467382669449e-03
5.638659999999605134e+03 1.333037018775939941e-02 4.516081418842077255e-03
5.640139999999604697e+03 2.060325630009174347e-02 4.764458164572715759e-03
5.641619999999604261e+03 2.569578588008880615e-02 4.868292249739170074e-03
5.643099999999603824e+03 1.946083828806877136e-02 4.688449669629335403e-03
5.644579999999603388e+03 1.494635269045829773e-02 4.667653236538171768e-03
5.646059999999602951e+03 1.821804791688919067e-02 4.761851858347654343e-03
5.647539999999602514e+03 1.708550937473773956e-02 4.677623044699430466e-03
5.649019999999602078e+03 1.606805995106697083e-02 4.587280098348855972e-03
5.650499999999601641e+03 1.762107759714126587e-02 4.602896515280008316e-03
5.651979999999601205e+03 1.919330470263957977e-02 4.694471601396799088e-03
5.653459999999600768e+03 1.831923983991146088e-02 4.629181697964668274e-03
5.654939999999600332e+03 1.633619703352451324e-02 4.560012836009263992e-03
5.656419999999599895e+03 1.440314948558807373e-02 4.497135523706674576e-03
5.657899999999599459e+03 1.989077776670455933e-02 4.614724311977624893e-03
5.659379999999599022e+03 1.852551475167274475e-02 4.577399697154760361e-03
5.660859999999598585e+03 1.545741222798824310e-02 4.513746593147516251e-03
5.662339999999598149e+03 1.932989805936813354e-02 4.669279791414737701e-03
5.663819999999597712e+03 1.316748373210430145e-02 4.493176937103271484e-03
5.665299999999597276e+03 9.674032218754291534e-03 4.367822315543889999e-03
5.666779999999596839e+03 1.803097687661647797e-02 4.670530557632446289e-03
5.668259999999596403e+03 1.403402630239725113e-02 4.579797852784395218e-03
5.669739999999595966e+03 1.952349580824375153e-02 4.770752042531967163e-03
5.671219999999595530e+03 2.002977207303047180e-02 4.804684780538082123e-03
5.672699999999595093e+03 1.598860695958137512e-02 4.662553779780864716e-03
5.674179999999594656e+03 1.204983983188867569e-02 4.529557656496763229e-03
5.675659999999594220e+03 9.277041070163249969e-03 4.389347508549690247e-03
5.677139999999593783e+03 1.179644465446472168e-02 4.503947682678699493e-03
5.678619999999593347e+03 9.442819282412528992e-03 4.430742468684911728e-03
5.680099999999592910e+03 1.421802677214145660e-02 4.570083692669868469e-03
5.681579999999592474e+03 2.437937632203102112e-02 4.899545572698116302e-03
5.683059999999592037e+03 1.811932213604450226e-02 4.707265645265579224e-03
5.684539999999591600e+03 1.814923807978630066e-02 4.731147550046443939e-03
5.686019999999591164e+03 1.751468516886234283e-02 4.685438238084316254e-03
5.687499999999590727e+03 1.636975817382335663e-02 4.585371352732181549e-03
5.688979999999590291e+03 1.649377122521400452e-02 4.673312883824110031e-03
5.690459999999589854e+03 1.314945425838232040e-02 4.619556479156017303e-03
5.691939999999589418e+03 9.660838171839714050e-03 4.474676214158535004e-03
5.693419999999588981e+03 1.979072019457817078e-02 4.795730579644441605e-03
5.694899999999588545e+03 1.167503558099269867e-02 4.541074857115745544e-03
5.696379999999588108e+03 1.039266400039196014e-02 4.503291565924882889e-03
5.697859999999587671e+03 1.707053929567337036e-02 4.748612642288208008e-03
5.699339999999587235e+03 1.619091816246509552e-02 4.703077021986246109e-03
5.700819999999586798e+03 2.209583669900894165e-02 4.845162853598594666e-03
5.702299999999586362e+03 2.079897373914718628e-02 4.829474259167909622e-03
5.703779999999585925e+03 1.312256418168544769e-02 4.599653650075197220e-03
5.705259999999585489e+03 1.301733031868934631e-02 4.567265510559082031e-03
5.706739999999585052e+03 1.714480109512805939e-02 4.637480247765779495e-03
5.708219999999584616e+03 1.596361771225929260e-02 4.620204214006662369e-03
5.709699999999584179e+03 1.552102714776992798e-02 4.595000762492418289e-03
5.711179999999583742e+03 1.043719612061977386e-02 4.447789862751960754e-03
5.712659999999583306e+03 5.552566610276699066e-03 4.289202857762575150e-03
5.714139999999582869e+03 1.326765958219766617e-02 4.603228066116571426e-03
5.715619999999582433e+03 1.525854784995317459e-02 4.668138455599546432e-03
5.717099999999581996e+03 1.651282049715518951e-02 4.713490605354309082e-03
5.718579999999581560e+03 1.012983266264200211e-02 4.544096998870372772e-03
5.720059999999581123e+03 1.095877401530742645e-02 4.529729485511779785e-03
5.721539999999580687e+03 9.182933717966079712e-03 4.511482547968626022e-03
5.723019999999580250e+03 1.970611512660980225e-02 4.820604808628559113e-03
5.724499999999579813e+03 1.407316885888576508e-02 4.655157215893268585e-03
5.725979999999579377e+03 8.338381536304950714e-03 4.451067186892032623e-03
5.727459999999578940e+03 1.348893065005540848e-02 4.617483820766210556e-03
5.728939999999578504e+03 1.321728155016899109e-02 4.592244978994131088e-03
5.730419999999578067e+03 1.368273794651031494e-02 4.584336187690496445e-03
5.731899999999577631e+03 1.024509500712156296e-02 4.450363107025623322e-03
5.733379999999577194e+03 1.582984067499637604e-02 4.698935896158218384e-03
5.734859999999576758e+03 1.748830266296863556e-02 4.746156278997659683e-03
5.736339999999576321e+03 1.585588417947292328e-02 4.670458845794200897e-03
5.737819999999575884e+03 1.185484230518341064e-02 4.555855877697467804e-03
5.739299999999575448e+03 1.569221541285514832e-02 4.687920212745666504e-03
5.740779999999575011e+03 2.162669040262699127e-02 4.833250772207975388e-03
5.742259999999574575e+03 1.806310564279556274e-02 4.692061338573694229e-03
5.743739999999574138e+03 1.742655411362648010e-02 4.706896841526031494e-03
5.745219999999573702e+03 1.663625240325927734e-02 4.682435654103755951e-03
5.746699999999573265e+03 6.531025283038616180e-03 4.287659190595149994e-03
5.748179999999572829e+03 7.672180887311697006e-03 4.327514208853244781e-03
5.749659999999572392e+03 1.931341178715229034e-02 4.723594058305025101e-03
5.751139999999571955e+03 1.538855396211147308e-02 4.576858598738908768e-03
5.752619999999571519e+03 1.121838390827178955e-02 4.415716044604778290e-03
5.754099999999571082e+03 7.155091501772403717e-03 4.268493037670850754e-03
5.755579999999570646e+03 1.220161840319633484e-02 4.482293967157602310e-03
5.757059999999570209e+03 1.327587198466062546e-02 4.552321508526802063e-03
5.758539999999569773e+03 1.455949246883392334e-02 4.621134139597415924e-03
5.760019999999569336e+03 1.233364455401897430e-02 4.529250785708427429e-03
5.761499999999568900e+03 1.494925096631050110e-02 4.542758222669363022e-03
5.762979999999568463e+03 1.662308163940906525e-02 4.610141273587942123e-03
5.764459999999568026e+03 1.360381022095680237e-02 4.508934449404478073e-03
5.765939999999567590e+03 1.608649268746376038e-02 4.644246771931648254e-03
5.767419999999567153e+03 2.254766225814819336e-02 4.901699721813201904e-03
5.768899999999566717e+03 9.527111425995826721e-03 4.452522844076156616e-03
5.770379999999566280e+03 8.460419252514839172e-03 4.407917615026235580e-03
5.771859999999565844e+03 1.224594190716743469e-02 4.505408927798271179e-03
5.773339999999565407e+03 1.501824613660573959e-02 4.577196203172206879e-03
5.774819999999564970e+03 1.584027335047721863e-02 4.613931756466627121e-03
5.776299999999564534e+03 2.292053773999214172e-02 4.861206281930208206e-03
5.777779999999564097e+03 2.074402384459972382e-02 4.779306706041097641e-03
5.779259999999563661e+03 9.762492030858993530e-03 4.383126739412546158e-03
5.780739999999563224e+03 1.597188599407672882e-02 4.585328046232461929e-03
5.782219999999562788e+03 1.174774765968322754e-02 4.437205381691455841e-03
5.783699999999562351e+03 1.144470926374197006e-02 4.381117410957813263e-03
5.785179999999561915e+03 9.284786880016326904e-03 4.354684613645076752e-03
5.786659999999561478e+03 8.064142428338527679e-03 4.311805125325918198e-03
5.788139999999561041e+03 8.958660997450351715e-03 4.351301584392786026e-03
5.789619999999560605e+03 1.356967538595199585e-02 4.534957464784383774e-03
5.791099999999560168e+03 1.283237524330615997e-02 4.492396023124456406e-03
5.792579999999559732e+03 1.418782398104667664e-02 4.469826817512512207e-03
5.794059999999559295e+03 1.988691464066505432e-02 4.700208548456430435e-03
5.795539999999558859e+03 1.689372770488262177e-02 4.658013582229614258e-03
5.797019999999558422e+03 1.532075181603431702e-02 4.562696907669305801e-03
5.798499999999557986e+03 1.044107880443334579e-02 4.369717556983232498e-03
5.799979999999557549e+03 1.567892730236053467e-02 4.604462534189224243e-03
5.801459999999557112e+03 9.516045451164245605e-03 4.434307105839252472e-03
5.802939999999556676e+03 9.768512099981307983e-03 4.425912164151668549e-03
5.804419999999556239e+03 1.904335059225559235e-02 4.686951171606779099e-03
5.805899999999555803e+03 1.463785581290721893e-02 4.544008057564496994e-03
5.807379999999555366e+03 8.728818967938423157e-03 4.393152426928281784e-03
5.808859999999554930e+03 1.435181684792041779e-02 4.591265693306922913e-03
5.810339999999554493e+03 2.275264076888561249e-02 4.825127776712179184e-03
5.811819999999554057e+03 1.542135514318943024e-02 4.615806508809328079e-03
5.813299999999553620e+03 1.710203662514686584e-02 4.652854520827531815e-03
5.814779999999553183e+03 1.488071773201227188e-02 4.552489146590232849e-03
5.816259999999552747e+03 1.061428990215063095e-02 4.412666894495487213e-03
5.817739999999552310e+03 2.790174633264541626e-02 4.954935517162084579e-03
5.819219999999551874e+03 2.013497427105903625e-02 4.734958987683057785e-03
5.820699999999551437e+03 1.120649836957454681e-02 4.514974541962146759e-03
5.822179999999551001e+03 2.302096970379352570e-02 4.814032930880784988e-03
5.823659999999550564e+03 1.568230427801609039e-02 4.586381372064352036e-03
5.825139999999550128e+03 2.244512783363461494e-03 4.083789885044097900e-03
5.826619999999549691e+03 7.413222454488277435e-03 4.308249335736036301e-03
5.828099999999549254e+03 8.617520332336425781e-03 4.373877309262752533e-03
5.829579999999548818e+03 1.235211454331874847e-02 4.494172986596822739e-03
5.831059999999548381e+03 1.355914026498794556e-02 4.551788792014122009e-03
5.832539999999547945e+03 6.973282434046268463e-03 4.309033043682575226e-03
5.834019999999547508e+03 1.915891841053962708e-02 4.720665980130434036e-03
5.835499999999547072e+03 2.517564222216606140e-02 4.855739418417215347e-03
5.836979999999546635e+03 2.103938162326812744e-02 4.704469814896583557e-03
5.838459999999546199e+03 8.514486253261566162e-03 4.291631281375885010e-03
5.839939999999545762e+03 1.397606357932090759e-02 4.507948644459247589e-03
5.841419999999545325e+03 1.649009808897972107e-02 4.606600385159254074e-03
5.842899999999544889e+03 1.122396066784858704e-02 4.453211557120084763e-03
5.844379999999544452e+03 1.303153019398450851e-02 4.489072132855653763e-03
5.845859999999544016e+03 1.851984485983848572e-02 4.626847803592681885e-03
5.847339999999543579e+03 8.173950947821140289e-03 4.279939457774162292e-03
5.848819999999543143e+03 5.914238747209310532e-03 4.251885227859020233e-03
5.850299999999542706e+03 1.568687334656715393e-02 4.548390861600637436e-03
5.851779999999542270e+03 1.446100976318120956e-02 4.504587966948747635e-03
5.853259999999541833e+03 2.008986286818981171e-02 4.700259771198034286e-03
5.854739999999541396e+03 1.840741746127605438e-02 4.592366982251405716e-03
5.856219999999540960e+03 1.270082965493202209e-02 4.388716537505388260e-03
5.857699999999540523e+03 1.541652251034975052e-02 4.451462998986244202e-03
5.859179999999540087e+03 1.992316544055938721e-02 4.642528947442770004e-03
5.860659999999539650e+03 8.952503092586994171e-03 4.307232331484556198e-03
5.862139999999539214e+03 1.006941962987184525e-02 4.363440442830324173e-03
5.863619999999538777e+03 1.509216893464326859e-02 4.635123535990715027e-03
5.865099999999538340e+03 1.458695344626903534e-02 4.895568359643220901e-03
5.866579999999537904e+03 1.563845947384834290e-02 5.131344310939311981e-03
5.868059999999537467e+03 1.544688455760478973e-02 5.081260111182928085e-03
5.869539999999537031e+03 1.378135848790407181e-02 4.720038268715143204e-03
5.871019999999536594e+03 1.522539369761943817e-02 4.629597533494234085e-03
5.872499999999536158e+03 1.837732456624507904e-02 4.767464939504861832e-03
5.873979999999535721e+03 1.566309109330177307e-02 4.674189258366823196e-03
5.875459999999535285e+03 1.189834345132112503e-02 4.518582019954919815e-03
5.876939999999534848e+03 1.576021499931812286e-02 4.605400841683149338e-03
5.878419999999534411e+03 1.236847601830959320e-02 4.457320086658000946e-03
5.879899999999533975e+03 1.266083680093288422e-02 4.447515588253736496e-03
5.881379999999533538e+03 1.055381633341312408e-02 4.436292219907045364e-03
5.882859999999533102e+03 1.254136767238378525e-02 4.470106214284896851e-03
5.884339999999532665e+03 1.891286112368106842e-02 4.628295078873634338e-03
5.885819999999532229e+03 1.298189163208007812e-02 4.612994380295276642e-03
5.887299999999531792e+03 3.954709973186254501e-03 5.727443844079971313e-03
5.888779999999531356e+03 1.374858710914850235e-02 9.200155735015869141e-03
5.890259999999530919e+03 3.085291199386119843e-02 1.031501870602369308e-02
5.891739999999530482e+03 1.289615780115127563e-02 7.532036863267421722e-03
5.893219999999530046e+03 -1.395105151459574699e-03 5.311073269695043564e-03
5.894699999999529609e+03 2.176038920879364014e-02 7.476045750081539154e-03
5.896179999999529173e+03 3.586223721504211426e-02 1.145992241799831390e-02
5.897659999999528736e+03 2.230124175548553467e-02 1.223281864076852798e-02
5.899139999999528300e+03 2.088002115488052368e-02 1.256336737424135208e-02
5.900619999999527863e+03 2.478862181305885315e-02 2.416916191577911377e-02
5.902099999999527427e+03 2.705312520265579224e-02 2.602055296301841736e-02
5.903579999999526990e+03 2.856627479195594788e-02 1.546705234795808792e-02
5.905059999999526553e+03 3.025570325553417206e-02 1.509876642376184464e-02
5.906539999999526117e+03 2.088894322514533997e-02 4.732891917228698730e-03
5.908019999999525680e+03 1.517628412693738937e-02 4.636893980205059052e-03
5.909499999999525244e+03 1.386624388396739960e-02 4.548666533082723618e-03
5.910979999999524807e+03 1.698107831180095673e-02 4.626087378710508347e-03
5.912459999999524371e+03 1.593159139156341553e-02 4.698865581303834915e-03
5.913939999999523934e+03 1.908440887928009033e-02 5.140257999300956726e-03
5.915419999999523498e+03 2.654496766626834869e-02 5.537025630474090576e-03
5.916899999999523061e+03 1.498959958553314209e-02 4.893835633993148804e-03
5.918379999999522624e+03 1.134570967406034470e-02 4.472084343433380127e-03
5.919859999999522188e+03 1.996037922799587250e-02 4.774085711687803268e-03
5.921339999999521751e+03 1.596252992749214172e-02 4.640853498131036758e-03
5.922819999999521315e+03 7.997867651283740997e-03 4.500831943005323410e-03
5.924299999999520878e+03 1.337825506925582886e-02 4.801495000720024109e-03
5.925779999999520442e+03 1.840400882065296173e-02 4.865805618464946747e-03
5.927259999999520005e+03 1.509264670312404633e-02 4.598579369485378265e-03
5.928739999999519569e+03 1.982707157731056213e-02 4.692322574555873871e-03
5.930219999999519132e+03 1.670427247881889343e-02 4.713582806289196014e-03
5.931699999999518695e+03 1.468523778021335602e-02 5.120017100125551224e-03
5.933179999999518259e+03 1.383901387453079224e-02 5.183754954487085342e-03
5.934659999999517822e+03 1.449297927320003510e-02 4.857783671468496323e-03
5.936139999999517386e+03 6.710735615342855453e-03 4.264030139893293381e-03
5.937619999999516949e+03 1.141227036714553833e-02 4.437320865690708160e-03
5.939099999999516513e+03 1.729896664619445801e-02 4.641001578420400620e-03
5.940579999999516076e+03 2.018841728568077087e-02 4.696605727076530457e-03
5.942059999999515640e+03 1.095716468989849091e-02 4.375374410301446915e-03
5.943539999999515203e+03 1.035482622683048248e-02 4.431690089404582977e-03
5.945019999999514766e+03 1.859766244888305664e-02 4.840157926082611084e-03
5.946499999999514330e+03 1.298880856484174728e-02 4.661264363676309586e-03
5.947979999999513893e+03 1.850894838571548462e-02 4.699782468378543854e-03
5.949459999999513457e+03 1.025346852838993073e-02 4.348234739154577255e-03
5.950939999999513020e+03 1.623683050274848938e-02 4.672142677009105682e-03
5.952419999999512584e+03 1.185995899140834808e-02 4.857053048908710480e-03
5.953899999999512147e+03 1.191617362201213837e-02 4.924780223518610001e-03
5.955379999999511710e+03 1.630884036421775818e-02 4.769053310155868530e-03
5.956859999999511274e+03 1.280573010444641113e-02 4.419101402163505554e-03
5.958339999999510837e+03 1.051456015557050705e-02 4.343762993812561035e-03
5.959819999999510401e+03 1.063801627606153488e-02 4.349185153841972351e-03
5.961299999999509964e+03 1.067321095615625381e-02 4.376435186713933945e-03
5.962779999999509528e+03 1.019460707902908325e-02 4.328154958784580231e-03
5.964259999999509091e+03 8.759163320064544678e-03 4.328466951847076416e-03
5.965739999999508655e+03 1.171581260859966278e-02 4.417223855853080750e-03
5.967219999999508218e+03 1.491318456828594208e-02 4.548287019133567810e-03
5.968699999999507781e+03 1.542772632092237473e-02 4.660874605178833008e-03
5.970179999999507345e+03 1.124591659754514694e-02 4.572330508381128311e-03
5.971659999999506908e+03 1.494939532130956650e-02 4.645227454602718353e-03
5.973139999999506472e+03 1.149987243115901947e-02 4.448496736586093903e-03
5.974619999999506035e+03 2.049487642943859100e-02 4.744608420878648758e-03
5.976099999999505599e+03 2.328760176897048950e-02 5.011352710425853729e-03
5.977579999999505162e+03 1.960458792746067047e-02 4.948212299495935440e-03
5.979059999999504726e+03 1.617989316582679749e-02 4.619420040398836136e-03
5.980539999999504289e+03 1.763206534087657928e-02 4.596078302711248398e-03
5.982019999999503852e+03 1.819178275763988495e-02 4.615518264472484589e-03
5.983499999999503416e+03 1.659988611936569214e-02 4.554227460175752640e-03
5.984979999999502979e+03 1.763231307268142700e-02 4.532934632152318954e-03
5.986459999999502543e+03 9.525220841169357300e-03 4.276270512491464615e-03
5.987939999999502106e+03 9.199813939630985260e-03 4.285630304366350174e-03
5.989419999999501670e+03 7.950062863528728485e-03 4.276337102055549622e-03
5.990899999999501233e+03 9.458759799599647522e-03 4.297932609915733337e-03
5.992379999999500797e+03 1.014154404401779175e-02 4.285692702978849411e-03
5.993859999999500360e+03 1.291258540004491806e-02 4.384275060147047043e-03
5.995339999999499923e+03 1.583219319581985474e-02 4.496237263083457947e-03
5.996819999999499487e+03 1.750750094652175903e-02 4.587768577039241791e-03
5.998299999999499050e+03 1.781185716390609741e-02 4.589827731251716614e-03
5.999779999999498614e+03 1.244449522346258163e-02 4.352531861513853073e-03
6.001259999999498177e+03 1.152780931442975998e-02 4.336953163146972656e-03
6.002739999999497741e+03 2.052144519984722137e-02 4.693558905273675919e-03
6.004219999999497304e+03 2.157717198133468628e-02 4.768772050738334656e-03
6.005699999999496868e+03 1.877771504223346710e-02 4.596001934260129929e-03
6.007179999999496431e+03 1.794573664665222168e-02 4.441580269485712051e-03
6.008659999999495994e+03 1.600564271211624146e-02 4.378896672278642654e-03
6.010139999999495558e+03 1.319829374551773071e-02 4.323957953602075577e-03
6.011619999999495121e+03 7.501504383981227875e-03 4.163405857980251312e-03
6.013099999999494685e+03 1.511648669838905334e-02 4.425060003995895386e-03
6.014579999999494248e+03 1.841085962951183319e-02 4.487260244786739349e-03
6.016059999999493812e+03 9.808025322854518890e-03 4.201101604849100113e-03
6.017539999999493375e+03 1.260324567556381226e-02 4.319038707762956619e-03
6.019019999999492939e+03 1.320280879735946655e-02 4.333594813942909241e-03
6.020499999999492502e+03 1.104567572474479675e-02 4.255671985447406769e-03
6.021979999999492065e+03 2.058666571974754333e-02 4.549936857074499130e-03
6.023459999999491629e+03 1.544424612075090408e-02 4.396490752696990967e-03
6.024939999999491192e+03 1.140666939318180084e-02 4.246921278536319733e-03
6.026419999999490756e+03 1.438779011368751526e-02 4.399387165904045105e-03
6.027899999999490319e+03 5.864125676453113556e-03 4.148464649915695190e-03
6.029379999999489883e+03 1.084195822477340698e-02 4.299092106521129608e-03
6.030859999999489446e+03 1.238268893212080002e-02 4.316228907555341721e-03
6.032339999999489009e+03 1.408173330128192902e-02 4.403960425406694412e-03
6.033819999999488573e+03 1.638350635766983032e-02 4.507953766733407974e-03
6.035299999999488136e+03 1.049750484526157379e-02 4.312090575695037842e-03
6.036779999999487700e+03 1.342723611742258072e-02 4.349172115325927734e-03
6.038259999999487263e+03 7.901756092905998230e-03 4.148668609559535980e-03
6.039739999999486827e+03 6.117559038102626801e-03 4.069628193974494934e-03
6.041219999999486390e+03 1.722035929560661316e-02 4.440346732735633850e-03
6.042699999999485954e+03 1.749385148286819458e-02 4.446418955922126770e-03
6.044179999999485517e+03 1.462933886796236038e-02 4.387134686112403870e-03
6.045659999999485080e+03 1.852853037416934967e-02 4.439868032932281494e-03
6.047139999999484644e+03 1.772186905145645142e-02 4.435529932379722595e-03
6.048619999999484207e+03 1.496910955756902695e-02 4.302949178963899612e-03
6.050099999999483771e+03 1.753736473619937897e-02 4.429738502949476242e-03
6.051579999999483334e+03 1.754720136523246765e-02 4.376739263534545898e-03
6.053059999999482898e+03 1.141413766890764236e-02 4.165716003626585007e-03
6.054539999999482461e+03 9.836388751864433289e-03 4.483717959374189377e-03
6.056019999999482025e+03 1.683970354497432709e-02 4.381310660392045975e-03
6.057499999999481588e+03 1.543599925935268402e-02 4.346953239291906357e-03
6.058979999999481151e+03 7.066187914460897446e-03 4.056666977703571320e-03
6.060459999999480715e+03 1.370810996741056442e-02 4.360244609415531158e-03
6.061939999999480278e+03 1.189424656331539154e-02 4.331926815211772919e-03
6.063419999999479842e+03 1.231724675744771957e-02 4.330709110945463181e-03
6.064899999999479405e+03 1.511569134891033173e-02 4.354054573923349380e-03
6.066379999999478969e+03 1.071715168654918671e-02 4.270696546882390976e-03
6.067859999999478532e+03 1.457402855157852173e-02 4.430955275893211365e-03
6.069339999999478096e+03 1.747962273657321930e-02 4.448492545634508133e-03
6.070819999999477659e+03 8.697725832462310791e-03 4.126831423491239548e-03
6.072299999999477222e+03 5.041423719376325607e-03 4.005327820777893066e-03
6.073779999999476786e+03 1.533132977783679962e-02 4.378092940896749496e-03
6.075259999999476349e+03 1.262464933097362518e-02 4.233428277075290680e-03
6.076739999999475913e+03 4.848490469157695770e-03 3.959011286497116089e-03
6.078219999999475476e+03 1.070613134652376175e-02 4.139964468777179718e-03
6.079699999999475040e+03 1.491119153797626495e-02 4.256713669747114182e-03
6.081179999999474603e+03 1.444678939878940582e-02 4.268816672265529633e-03
6.082659999999474167e+03 1.666500605642795563e-02 4.358012229204177856e-03
6.084139999999473730e+03 1.697737723588943481e-02 4.363887012004852295e-03
6.085619999999473293e+03 1.337527018040418625e-02 4.233032930642366409e-03
6.087099999999472857e+03 1.102229394018650055e-02 4.148112609982490540e-03
6.088579999999472420e+03 1.872909814119338989e-02 4.408493172377347946e-03
6.090059999999471984e+03 2.046566456556320190e-02 4.460161551833152771e-03
6.091539999999471547e+03 1.165852695703506470e-02 4.164061509072780609e-03
6.093019999999471111e+03 1.471074949949979782e-02 4.294606391340494156e-03
6.094499999999470674e+03 2.168198488652706146e-02 4.499154631048440933e-03
6.095979999999470238e+03 1.492303609848022461e-02 4.317031707614660263e-03
6.097459999999469801e+03 6.024184636771678925e-03 4.048769827932119370e-03
6.098939999999469364e+03 1.199572533369064331e-02 4.259908571839332581e-03
6.100419999999468928e+03 1.431526802480220795e-02 4.270296543836593628e-03
6.101899999999468491e+03 6.094446405768394470e-03 3.959526773542165756e-03
6.103379999999468055e+03 1.359108649194240570e-02 4.202319309115409851e-03
6.104859999999467618e+03 1.932844519615173340e-02 4.495889879763126373e-03
6.106339999999467182e+03 6.415827665477991104e-03 4.057440441101789474e-03
6.107819999999466745e+03 6.178280338644981384e-03 4.024293273687362671e-03
6.109299999999466309e+03 1.015123073011636734e-02 4.152359906584024429e-03
6.110779999999465872e+03 1.344017218798398972e-02 4.244604147970676422e-03
6.112259999999465435e+03 1.494207046926021576e-02 4.322457127273082733e-03
6.113739999999464999e+03 1.618754304945468903e-02 4.365567583590745926e-03
6.115219999999464562e+03 1.425947435200214386e-02 4.236465785652399063e-03
6.116699999999464126e+03 1.750135980546474457e-02 4.314127843827009201e-03
6.118179999999463689e+03 1.103869453072547913e-02 4.112569149583578110e-03
6.119659999999463253e+03 1.663485541939735413e-02 4.314385820180177689e-03
6.121139999999462816e+03 2.290729060769081116e-02 4.458210896700620651e-03
6.122619999999462379e+03 1.571270264685153961e-02 4.243067000061273575e-03
6.124099999999461943e+03 5.992640275508165359e-03 3.909545019268989563e-03
6.125579999999461506e+03 1.086981035768985748e-02 4.090869333595037460e-03
6.127059999999461070e+03 1.266270689666271210e-02 4.168947227299213409e-03
6.128539999999460633e+03 1.382001489400863647e-02 4.184530116617679596e-03
6.130019999999460197e+03 1.314777880907058716e-02 4.248386714607477188e-03
6.131499999999459760e+03 1.062556356191635132e-02 4.139296710491180420e-03
6.132979999999459324e+03 8.965343236923217773e-03 4.099830985069274902e-03
6.134459999999458887e+03 1.560705900192260742e-02 4.360407590866088867e-03
6.135939999999458450e+03 1.908064633607864380e-02 4.427675157785415649e-03
6.137419999999458014e+03 1.393620669841766357e-02 4.300437401980161667e-03
6.138899999999457577e+03 1.157896127551794052e-02 4.301243461668491364e-03
6.140379999999457141e+03 1.283310353755950928e-02 4.329483956098556519e-03
6.141859999999456704e+03 8.367061614990234375e-03 4.113406408578157425e-03
6.143339999999456268e+03 1.008053310215473175e-02 4.266822710633277893e-03
6.144819999999455831e+03 1.372651010751724243e-02 4.428198095411062241e-03
6.146299999999455395e+03 1.305555645376443863e-02 4.272735211998224258e-03
6.147779999999454958e+03 1.205136813223361969e-02 4.130750428885221481e-03
6.149259999999454521e+03 1.145155914127826691e-02 4.132085479795932770e-03
6.150739999999454085e+03 6.685841828584671021e-03 4.006311297416687012e-03
6.152219999999453648e+03 1.003024075180292130e-02 4.096708726137876511e-03
6.153699999999453212e+03 1.522311195731163025e-02 4.245948046445846558e-03
6.155179999999452775e+03 1.559762284159660339e-02 4.292012192308902740e-03
6.156659999999452339e+03 1.524181757122278214e-02 4.310322459787130356e-03
6.158139999999451902e+03 1.245791744440793991e-02 4.245840013027191162e-03
6.159619999999451466e+03 1.380173303186893463e-02 4.156975541263818741e-03
6.161099999999451029e+03 1.101907063275575638e-02 4.011166281998157501e-03
6.162579999999450592e+03 1.261273771524429321e-02 4.059274215251207352e-03
6.164059999999450156e+03 8.040909655392169952e-03 3.958811052143573761e-03
6.165539999999449719e+03 8.578828535974025726e-03 4.044539760798215866e-03
6.167019999999449283e+03 1.579776033759117126e-02 4.258159082382917404e-03
6.168499999999448846e+03 1.061293855309486389e-02 4.271626472473144531e-03
6.169979999999448410e+03 1.092392764985561371e-02 4.484905395656824112e-03
6.171459999999447973e+03 1.193673536181449890e-02 4.460213240236043930e-03
6.172939999999447537e+03 1.181964017450809479e-02 4.262507427483797073e-03
6.174419999999447100e+03 1.140668988227844238e-02 4.207584541290998459e-03
6.175899999999446663e+03 1.716316491365432739e-02 4.428829532116651535e-03
6.177379999999446227e+03 1.303344033658504486e-02 4.233151674270629883e-03
6.178859999999445790e+03 1.052997540682554245e-02 4.122898913919925690e-03
6.180339999999445354e+03 9.868988767266273499e-03 4.100229591131210327e-03
6.181819999999444917e+03 1.127567887306213379e-02 4.141530022025108337e-03
6.183299999999444481e+03 1.797957345843315125e-02 4.340524319559335709e-03
6.184779999999444044e+03 1.693682000041007996e-02 4.335536621510982513e-03
6.186259999999443608e+03 4.911457654088735580e-03 3.868190571665763855e-03
6.187739999999443171e+03 1.173343323171138763e-02 4.108452703803777695e-03
6.189219999999442734e+03 1.251437235623598099e-02 4.115727264434099197e-03
6.190699999999442298e+03 1.044670864939689636e-02 4.096817690879106522e-03
6.192179999999441861e+03 1.271600928157567978e-02 4.200732335448265076e-03
6.193659999999441425e+03 9.352552704513072968e-03 4.184679128229618073e-03
6.195139999999440988e+03 1.165626198053359985e-02 4.219500813633203506e-03
6.196619999999440552e+03 1.129560824483633041e-02 4.140100441873073578e-03
6.198099999999440115e+03 1.114602014422416687e-02 4.118192475289106369e-03
6.199579999999439679e+03 1.175118796527385712e-02 4.157050978392362595e-03
6.201059999999439242e+03 1.019436120986938477e-02 4.264756571501493454e-03
6.202539999999438805e+03 7.458662148565053940e-03 4.373434931039810181e-03
6.204019999999438369e+03 1.241986081004142761e-02 4.420597571879625320e-03
6.205499999999437932e+03 1.867540925741195679e-02 4.420322831720113754e-03
6.206979999999437496e+03 9.908474050462245941e-03 4.082317464053630829e-03
6.208459999999437059e+03 7.090407423675060272e-03 3.984861075878143311e-03
6.209939999999436623e+03 1.664702594280242920e-02 4.296549595892429352e-03
6.211419999999436186e+03 1.746957562863826752e-02 4.361571744084358215e-03
6.212899999999435749e+03 1.424833573400974274e-02 4.281485918909311295e-03
6.214379999999435313e+03 1.426212675869464874e-02 4.209957085549831390e-03
6.215859999999434876e+03 1.512014493346214294e-02 4.213030450046062469e-03
6.217339999999434440e+03 1.458395551890134811e-02 4.208305850625038147e-03
6.218819999999434003e+03 8.630563504993915558e-03 4.070503637194633484e-03
6.220299999999433567e+03 1.347851660102605820e-02 4.490486346185207367e-03
6.221779999999433130e+03 2.187801338732242584e-02 4.817352164536714554e-03
6.223259999999432694e+03 1.886819861829280853e-02 4.607033915817737579e-03
6.224739999999432257e+03 8.348057046532630920e-03 4.083288833498954773e-03
6.226219999999431820e+03 2.719815354794263840e-03 3.884278703480958939e-03
6.227699999999431384e+03 7.875904557295143604e-04 3.761450992897152901e-03
6.229179999999430947e+03 7.474848534911870956e-03 3.904169192537665367e-03
6.230659999999430511e+03 1.207807846367359161e-02 4.073003306984901428e-03
6.232139999999430074e+03 2.021235972642898560e-02 4.547824617475271225e-03
6.233619999999429638e+03 2.112582884728908539e-02 5.099319387227296829e-03
6.235099999999429201e+03 1.100524421781301498e-02 5.304418969899415970e-03
6.236579999999428765e+03 1.158893667161464691e-02 5.197315942496061325e-03
6.238059999999428328e+03 1.742368005216121674e-02 4.779719747602939606e-03
6.239539999999427891e+03 7.680972106754779816e-03 4.300578963011503220e-03
6.241019999999427455e+03 8.309806697070598602e-03 4.354166798293590546e-03
6.242499999999427018e+03 1.364838331937789917e-02 4.568645264953374863e-03
6.243979999999426582e+03 1.648818701505661011e-02 4.527858924120664597e-03
6.245459999999426145e+03 1.710007525980472565e-02 4.373528994619846344e-03
6.246939999999425709e+03 1.554570626467466354e-02 4.306331276893615723e-03
6.248419999999425272e+03 1.147880777716636658e-02 4.233962390571832657e-03
6.249899999999424836e+03 1.499996427446603775e-02 4.324419423937797546e-03
6.251379999999424399e+03 1.407080888748168945e-02 4.231061320751905441e-03
6.252859999999423962e+03 1.031642314046621323e-02 4.067941568791866302e-03
6.254339999999423526e+03 1.975215226411819458e-02 4.395834170281887054e-03
6.255819999999423089e+03 1.391592808067798615e-02 4.847274627536535263e-03
6.257299999999422653e+03 9.248568676412105560e-03 5.344168283045291901e-03
6.258779999999422216e+03 1.378615759313106537e-02 5.299821961671113968e-03
6.260259999999421780e+03 1.918746903538703918e-02 4.707688931375741959e-03
6.261739999999421343e+03 2.084744721651077271e-02 4.445953760296106339e-03
6.263219999999420907e+03 1.241204887628555298e-02 4.413919989019632339e-03
6.264699999999420470e+03 1.543969660997390747e-02 4.697734490036964417e-03
6.266179999999420033e+03 1.517249550670385361e-02 4.602666012942790985e-03
6.267659999999419597e+03 9.831828065216541290e-03 4.252405371516942978e-03
6.269139999999419160e+03 1.619875617325305939e-02 4.373850766569375992e-03
6.270619999999418724e+03 1.315946504473686218e-02 4.226389341056346893e-03
6.272099999999418287e+03 8.480703458189964294e-03 4.057432524859905243e-03
6.273579999999417851e+03 9.471871890127658844e-03 4.189077299088239670e-03
6.275059999999417414e+03 1.372052356600761414e-02 4.382970277220010757e-03
6.276539999999416978e+03 1.291448622941970825e-02 4.368980415165424347e-03
6.278019999999416541e+03 8.081230334937572479e-03 4.153629299253225327e-03
6.279499999999416104e+03 1.361921802163124084e-02 4.212973639369010925e-03
6.280979999999415668e+03 1.646439917385578156e-02 4.230861086398363113e-03
6.282459999999415231e+03 7.759443484246730804e-03 3.982236143201589584e-03
6.283939999999414795e+03 2.018329687416553497e-02 4.433997441083192825e-03
6.285419999999414358e+03 1.549630519002676010e-02 4.745730198919773102e-03
6.286899999999413922e+03 1.950415037572383881e-02 5.364511162042617798e-03
6.288379999999413485e+03 1.734375581145286560e-02 5.195748060941696167e-03
6.289859999999413048e+03 1.607715338468551636e-02 4.529114812612533569e-03
6.291339999999412612e+03 1.564471796154975891e-02 4.294396843761205673e-03
6.292819999999412175e+03 2.036119811236858368e-02 4.381133243441581726e-03
6.294299999999411739e+03 1.713288016617298126e-02 4.321691580116748810e-03
6.295779999999411302e+03 1.325880736112594604e-02 4.278862848877906799e-03
6.297259999999410866e+03 -3.388186544179916382e-02 4.466017708182334900e-03
6.298739999999410429e+03 4.816970787942409515e-03 1.172223780304193497e-02
6.300219999999409993e+03 1.363637484610080719e-02 1.470536086708307266e-02
6.301699999999409556e+03 -1.977111026644706726e-02 1.134514249861240387e-02
6.303179999999409119e+03 2.151144668459892273e-03 4.991495516151189804e-03
6.304659999999408683e+03 1.244811620563268661e-02 4.578015301376581192e-03
6.306139999999408246e+03 1.489166356623172760e-02 5.387501791119575500e-03
6.307619999999407810e+03 1.943383365869522095e-02 5.448166280984878540e-03
6.309099999999407373e+03 1.232376880943775177e-02 4.524135496467351913e-03
6.310579999999406937e+03 8.964717388153076172e-03 4.025758709758520126e-03
6.312059999999406500e+03 1.124637201428413391e-02 4.086112137883901596e-03
6.313539999999406064e+03 1.276894006878137589e-02 4.123569466173648834e-03
6.315019999999405627e+03 7.206530310213565826e-03 3.863822203129529953e-03
6.316499999999405190e+03 7.918879389762878418e-03 3.885483834892511368e-03
6.317979999999404754e+03 1.101602986454963684e-02 4.034650512039661407e-03
6.319459999999404317e+03 9.631376713514328003e-03 4.187745042145252228e-03
6.320939999999403881e+03 1.114722341299057007e-02 4.515868611633777618e-03
6.322419999999403444e+03 8.249111473560333252e-03 4.309871699661016464e-03
6.323899999999403008e+03 6.910427473485469818e-03 4.038047976791858673e-03
6.325379999999402571e+03 9.551777504384517670e-03 4.068307112902402878e-03
6.326859999999402135e+03 1.385844219475984573e-02 4.355751443654298782e-03
6.328339999999401698e+03 4.997405689209699631e-03 4.655953496694564819e-03
6.329819999999401261e+03 9.576312266290187836e-03 5.025539081543684006e-03
6.331299999999400825e+03 1.169298402965068817e-02 4.697690717875957489e-03
6.332779999999400388e+03 1.406538020819425583e-02 4.242585506290197372e-03
6.334259999999399952e+03 5.896368529647588730e-03 3.835150506347417831e-03
6.335739999999399515e+03 2.226173505187034607e-02 4.373695701360702515e-03
6.337219999999399079e+03 1.860208623111248016e-02 4.263682290911674500e-03
6.338699999999398642e+03 1.470592152327299118e-02 4.126861225813627243e-03
6.340179999999398206e+03 1.646678522229194641e-02 4.262626636773347855e-03
6.341659999999397769e+03 1.856156624853610992e-02 4.345332272350788116e-03
6.343139999999397332e+03 1.106635667383670807e-02 4.136362578719854355e-03
6.344619999999396896e+03 7.760958280414342880e-03 4.013104829937219620e-03
6.346099999999396459e+03 1.889708451926708221e-02 4.432931076735258102e-03
6.347579999999396023e+03 1.214221678674221039e-02 4.358897451311349869e-03
6.349059999999395586e+03 1.307568140327930450e-02 4.406795371323823929e-03
6.350539999999395150e+03 1.464429032057523727e-02 4.329684656113386154e-03
6.352019999999394713e+03 9.811208583414554596e-03 4.017830360680818558e-03
6.353499999999394277e+03 7.020679302513599396e-03 4.038027022033929825e-03
6.354979999999393840e+03 1.119980402290821075e-02 4.500656388700008392e-03
6.356459999999393403e+03 1.748370006680488586e-02 4.838256631046533585e-03
6.357939999999392967e+03 1.087206229567527771e-02 4.342313390225172043e-03
6.359419999999392530e+03 5.059776827692985535e-03 3.861136501654982567e-03
6.360899999999392094e+03 3.966169431805610657e-03 4.904251545667648315e-03
6.362379999999391657e+03 1.001808978617191315e-02 7.972736842930316925e-03
6.363859999999391221e+03 2.656114101409912109e-02 9.046221151947975159e-03
6.365339999999390784e+03 1.184147782623767853e-02 6.802259013056755066e-03
6.366819999999390348e+03 6.434183102101087570e-03 4.156330134719610214e-03
6.368299999999389911e+03 1.263881660997867584e-02 4.073683638125658035e-03
6.369779999999389474e+03 9.265374392271041870e-03 3.980769310146570206e-03
6.371259999999389038e+03 1.611600257456302643e-02 4.239439964294433594e-03
6.372739999999388601e+03 1.684025302529335022e-02 4.276795312762260437e-03
6.374219999999388165e+03 1.167578250169754028e-02 4.088807851076126099e-03
6.375699999999387728e+03 1.027440000325441360e-02 4.026707727462053299e-03
6.377179999999387292e+03 1.167489495128393173e-02 4.106002394109964371e-03
6.378659999999386855e+03 1.577403210103511810e-02 4.279421176761388779e-03
6.380139999999386418e+03 1.536456588655710220e-02 4.279822576791048050e-03
6.381619999999385982e+03 1.331208832561969757e-02 4.128029104322195053e-03
6.383099999999385545e+03 1.413125917315483093e-02 4.134622402489185333e-03
6.384579999999385109e+03 1.186842285096645355e-02 4.471934866160154343e-03
6.386059999999384672e+03 1.120472606271505356e-02 4.641676321625709534e-03
6.387539999999384236e+03 4.612096818163990974e-04 3.981753252446651459e-03
6.389019999999383799e+03 8.461424149572849274e-03 3.984481561928987503e-03
6.390499999999383363e+03 1.449634600430727005e-02 4.145782906562089920e-03
6.391979999999382926e+03 2.000703848898410797e-02 4.333730321377515793e-03
6.393459999999382489e+03 1.749945804476737976e-02 4.200934432446956635e-03
6.394939999999382053e+03 1.186222396790981293e-02 4.007005132734775543e-03
6.396419999999381616e+03 9.645087644457817078e-03 3.956155851483345032e-03
6.397899999999381180e+03 1.525997370481491089e-02 4.114426672458648682e-03
6.399379999999380743e+03 1.918231323361396790e-02 4.191213287413120270e-03
6.400859999999380307e+03 1.872538216412067413e-02 4.159769043326377869e-03
6.402339999999379870e+03 1.727867126464843750e-02 4.136949777603149414e-03
6.403819999999379434e+03 1.347311213612556458e-02 4.038542974740266800e-03
6.405299999999378997e+03 1.416508294641971588e-02 4.046063870191574097e-03
6.406779999999378560e+03 2.053574845194816589e-02 4.262245260179042816e-03
6.408259999999378124e+03 2.289678715169429779e-02 4.351721145212650299e-03
6.409739999999377687e+03 1.390896365046501160e-02 4.046090412884950638e-03
6.411219999999377251e+03 1.445959880948066711e-02 4.093423485755920410e-03
6.412699999999376814e+03 1.098840218037366867e-02 4.035739228129386902e-03
6.414179999999376378e+03 1.215484365820884705e-02 4.060355946421623230e-03
6.415659999999375941e+03 8.634545840322971344e-03 3.854795359075069427e-03
6.417139999999375505e+03 1.557113602757453918e-02 4.084428306668996811e-03
6.418619999999375068e+03 1.405284553766250610e-02 4.119101446121931076e-03
6.420099999999374631e+03 1.264344807714223862e-02 4.101694095879793167e-03
6.421579999999374195e+03 1.780234277248382568e-02 4.189926665276288986e-03
6.423059999999373758e+03 1.589801721274852753e-02 4.077127203345298767e-03
6.424539999999373322e+03 1.345359720289707184e-02 3.978157881647348404e-03
6.426019999999372885e+03 1.180288102477788925e-02 3.979941364377737045e-03
6.427499999999372449e+03 1.656788215041160583e-02 4.131374415010213852e-03
6.428979999999372012e+03 7.503506727516651154e-03 3.815209027379751205e-03
6.430459999999371576e+03 1.178406551480293274e-02 3.944846335798501968e-03
6.431939999999371139e+03 1.348068751394748688e-02 3.987404052168130875e-03
6.433419999999370702e+03 1.474279072135686874e-02 4.077796358615159988e-03
6.434899999999370266e+03 1.577060855925083160e-02 4.120714962482452393e-03
6.436379999999369829e+03 9.954478591680526733e-03 3.899356583133339882e-03
6.437859999999369393e+03 8.202076889574527740e-03 3.808014094829559326e-03
6.439339999999368956e+03 8.990188129246234894e-03 3.800112521275877953e-03
6.440819999999368520e+03 9.222493506968021393e-03 3.797130659222602844e-03
6.442299999999368083e+03 1.236241962760686874e-02 3.952321596443653107e-03
6.443779999999367647e+03 1.582023873925209045e-02 4.079922102391719818e-03
6.445259999999367210e+03 1.024943217635154724e-02 3.909665625542402267e-03
6.446739999999366773e+03 6.826724857091903687e-03 3.848402993753552437e-03
6.448219999999366337e+03 9.949449449777603149e-03 3.936465363949537277e-03
6.449699999999365900e+03 1.256230100989341736e-02 4.022979177534580231e-03
6.451179999999365464e+03 1.488725841045379639e-02 4.132344387471675873e-03
6.452659999999365027e+03 1.588564924895763397e-02 4.196931142359972000e-03
6.454139999999364591e+03 7.071976084262132645e-03 3.864232217893004417e-03
6.455619999999364154e+03 1.686377078294754028e-02 4.155403934419155121e-03
6.457099999999363718e+03 1.383920758962631226e-02 4.119776654988527298e-03
6.458579999999363281e+03 1.309020631015300751e-02 4.043716937303543091e-03
6.460059999999362844e+03 2.241902053356170654e-02 4.314804915338754654e-03
6.461539999999362408e+03 1.155538298189640045e-02 4.016729071736335754e-03
6.463019999999361971e+03 5.917303729802370071e-03 4.056487232446670532e-03
6.464499999999361535e+03 4.654218442738056183e-03 4.313419573009014130e-03
6.465979999999361098e+03 1.460276171565055847e-02 4.568447358906269073e-03
6.467459999999360662e+03 1.512415520846843719e-02 4.385035950690507889e-03
6.468939999999360225e+03 8.634490892291069031e-03 4.343927837908267975e-03
6.470419999999359788e+03 1.474998984485864639e-02 4.671846982091665268e-03
6.471899999999359352e+03 1.530647557228803635e-02 4.474191926419734955e-03
6.473379999999358915e+03 1.599125564098358154e-02 4.211532417684793472e-03
6.474859999999358479e+03 1.228283718228340149e-02 3.962366841733455658e-03
6.476339999999358042e+03 8.329749107360839844e-03 3.925413824617862701e-03
6.477819999999357606e+03 1.075629331171512604e-02 4.056072328239679337e-03
6.479299999999357169e+03 1.473665609955787659e-02 4.089031834155321121e-03
6.480779999999356733e+03 1.525500603020191193e-02 4.022392909973859787e-03
6.482259999999356296e+03 1.359992567449808121e-02 3.915385343134403229e-03
6.483739999999355859e+03 1.458697579801082611e-02 3.952778875827789307e-03
6.485219999999355423e+03 1.540606655180454254e-02 4.015736281871795654e-03
6.486699999999354986e+03 1.669849082827568054e-02 4.098079632967710495e-03
6.488179999999354550e+03 1.535534579306840897e-02 4.063138738274574280e-03
6.489659999999354113e+03 1.730323769152164459e-02 4.088409245014190674e-03
6.491139999999353677e+03 1.450089737772941589e-02 4.035582765936851501e-03
6.492619999999353240e+03 1.117052044719457626e-02 3.894379362463951111e-03
6.494099999999352804e+03 6.334179546684026718e-03 3.671310143545269966e-03
6.495579999999352367e+03 8.571250364184379578e-03 4.009403754025697708e-03
6.497059999999351930e+03 1.653821207582950592e-02 5.020913667976856232e-03
6.498539999999351494e+03 1.414198428392410278e-02 5.286455620080232620e-03
6.500019999999351057e+03 1.243184879422187805e-02 4.645359236747026443e-03
6.501499999999350621e+03 9.451333433389663696e-03 3.961119335144758224e-03
6.502979999999350184e+03 1.359883882105350494e-02 4.244421143084764481e-03
6.504459999999349748e+03 2.004851773381233215e-02 4.590851254761219025e-03
6.505939999999349311e+03 8.521998301148414612e-03 4.097432363778352737e-03
6.507419999999348875e+03 1.915821060538291931e-02 4.132184199988842010e-03
6.508899999999348438e+03 1.985785551369190216e-02 1.853781379759311676e-02
6.510379999999348001e+03 1.359424367547035217e-02 1.401834748685359955e-02
6.511859999999347565e+03 1.085098367184400558e-02 3.866595681756734848e-03
6.513339999999347128e+03 1.535442937165498734e-02 4.099596757441759109e-03
6.514819999999346692e+03 1.717860624194145203e-02 4.131421446800231934e-03
6.516299999999346255e+03 1.196447666734457016e-02 3.867735853418707848e-03
6.517779999999345819e+03 1.367888320237398148e-02 3.880207892507314682e-03
6.519259999999345382e+03 1.442945562303066254e-02 4.007819574326276779e-03
6.520739999999344946e+03 1.495296880602836609e-02 4.172156099230051041e-03
6.522219999999344509e+03 1.463977992534637451e-02 4.293751902878284454e-03
6.523699999999344072e+03 8.147126995027065277e-03 3.985678311437368393e-03
6.525179999999343636e+03 1.510224211961030960e-02 4.080480895936489105e-03
6.526659999999343199e+03 1.578188315033912659e-02 4.112496506422758102e-03
6.528139999999342763e+03 1.541317068040370941e-02 4.011284094303846359e-03
6.529619999999342326e+03 6.415890995413064957e-03 3.833173541352152824e-03
6.531099999999341890e+03 6.288400385528802872e-03 4.486230667680501938e-03
6.532579999999341453e+03 1.638590544462203979e-02 5.088516976684331894e-03
6.534059999999341017e+03 1.180914789438247681e-02 4.619406536221504211e-03
6.535539999999340580e+03 1.170832011848688126e-02 3.997819963842630386e-03
6.537019999999340143e+03 1.442909985780715942e-02 3.996921237558126450e-03
6.538499999999339707e+03 1.123096607625484467e-02 3.900572890415787697e-03
6.539979999999339270e+03 1.648165285587310791e-02 4.132957663387060165e-03
6.541459999999338834e+03 1.182236336171627045e-02 4.171567037701606750e-03
6.542939999999338397e+03 1.066613197326660156e-02 4.307317547500133514e-03
6.544419999999337961e+03 1.399952359497547150e-02 4.322757944464683533e-03
6.545899999999337524e+03 1.093930844217538834e-02 4.034413490444421768e-03
6.547379999999337088e+03 8.601591922342777252e-03 3.826834727078676224e-03
6.548859999999336651e+03 1.109856180846691132e-02 3.860667580738663673e-03
6.550339999999336214e+03 9.404554963111877441e-03 4.016092978417873383e-03
6.551819999999335778e+03 9.854524396359920502e-03 4.680082667618989944e-03
6.553299999999335341e+03 1.287049800157546997e-02 5.064765922725200653e-03
6.554779999999334905e+03 1.081933267414569855e-02 4.576701670885086060e-03
6.556259999999334468e+03 8.459746837615966797e-03 3.807977540418505669e-03
6.557739999999334032e+03 1.180021557956933975e-02 3.727920120581984520e-03
6.559219999999333595e+03 1.637499593198299408e-02 4.012739285826683044e-03
6.560699999999333158e+03 1.056222058832645416e-02 3.996203653514385223e-03
6.562179999999332722e+03 1.193272229284048080e-02 4.106244537979364395e-03
6.563659999999332285e+03 1.392991747707128525e-02 4.071262665092945099e-03
6.565139999999331849e+03 1.172584667801856995e-02 3.817815566435456276e-03
6.566619999999331412e+03 1.382096856832504272e-02 4.069635644555091858e-03
6.568099999999330976e+03 8.871726691722869873e-03 3.976890817284584045e-03
6.569579999999330539e+03 6.774142850190401077e-03 3.951993305236101151e-03
6.571059999999330103e+03 1.923519372940063477e-02 4.190816543996334076e-03
6.572539999999329666e+03 1.507214084267616272e-02 3.987865522503852844e-03
6.574019999999329229e+03 1.343544013798236847e-02 4.049395676702260971e-03
6.575499999999328793e+03 8.983358740806579590e-03 4.420819692313671112e-03
6.576979999999328356e+03 1.645514555275440216e-02 4.907755181193351746e-03
6.578459999999327920e+03 1.520616188645362854e-02 4.543561488389968872e-03
6.579939999999327483e+03 1.404169481247663498e-02 4.098914097994565964e-03
6.581419999999327047e+03 1.515120081603527069e-02 4.084839951246976852e-03
6.582899999999326610e+03 1.494517643004655838e-02 4.067983478307723999e-03
6.584379999999326174e+03 9.148852899670600891e-03 3.824545536190271378e-03
6.585859999999325737e+03 1.395910233259201050e-02 3.977238200604915619e-03
6.587339999999325300e+03 1.430566608905792236e-02 3.953107632696628571e-03
6.588819999999324864e+03 8.622402325272560120e-03 3.747810143977403641e-03
6.590299999999324427e+03 1.514725666493177414e-02 4.003820940852165222e-03
6.591779999999323991e+03 1.732346601784229279e-02 4.032387863844633102e-03
6.593259999999323554e+03 1.440613344311714172e-02 3.953266423195600510e-03
6.594739999999323118e+03 1.343553606420755386e-02 4.117793403565883636e-03
6.596219999999322681e+03 7.872916758060455322e-03 4.005495924502611160e-03
6.597699999999322245e+03 9.767116047441959381e-03 3.917855210602283478e-03
6.599179999999321808e+03 1.324048917740583420e-02 3.914962988346815109e-03
6.600659999999321371e+03 1.603117957711219788e-02 4.085341468453407288e-03
6.602139999999320935e+03 1.423645205795764923e-02 4.239130299538373947e-03
6.603619999999320498e+03 1.403245422989130020e-02 4.365270957350730896e-03
6.605099999999320062e+03 1.017566118389368057e-02 4.108921159058809280e-03
6.606579999999319625e+03 1.378213707357645035e-02 3.948050085455179214e-03
6.608059999999319189e+03 1.501708105206489563e-02 3.944340627640485764e-03
6.609539999999318752e+03 1.530166994780302048e-02 3.995209932327270508e-03
6.611019999999318316e+03 1.297912094742059708e-02 3.946267068386077881e-03
6.612499999999317879e+03 6.502110511064529419e-03 3.745994530618190765e-03
6.613979999999317442e+03 6.163757294416427612e-03 3.694361541420221329e-03
6.615459999999317006e+03 1.006049290299415588e-02 3.828826826065778732e-03
6.616939999999316569e+03 1.619084924459457397e-02 4.030935000628232956e-03
6.618419999999316133e+03 1.470000483095645905e-02 3.965200856328010559e-03
6.619899999999315696e+03 1.098905503749847412e-02 3.855509217828512192e-03
6.621379999999315260e+03 1.520993933081626892e-02 3.996981307864189148e-03
6.622859999999314823e+03 1.540673431009054184e-02 4.004618618637323380e-03
6.624339999999314387e+03 1.244026795029640198e-02 3.918942529708147049e-03
6.625819999999313950e+03 1.001233141869306564e-02 3.881416516378521919e-03
6.627299999999313513e+03 6.353275384753942490e-03 3.776137949898838997e-03
6.628779999999313077e+03 1.069774851202964783e-02 3.887294093146920204e-03
6.630259999999312640e+03 1.533281523734331131e-02 4.000916611403226852e-03
6.631739999999312204e+03 9.065746329724788666e-03 3.882019082084298134e-03
6.633219999999311767e+03 1.690257713198661804e-02 4.221612121909856796e-03
6.634699999999311331e+03 1.570194214582443237e-02 4.114594310522079468e-03
6.636179999999310894e+03 2.042390406131744385e-02 4.188639577478170395e-03
6.637659999999310457e+03 1.259147934615612030e-02 3.936509601771831512e-03
6.639139999999310021e+03 7.274154573678970337e-03 3.725991118699312210e-03
6.640619999999309584e+03 1.737919077277183533e-02 4.073450807482004166e-03
6.642099999999309148e+03 1.177173387259244919e-02 3.840803401544690132e-03
6.643579999999308711e+03 1.606493815779685974e-02 4.007610026746988297e-03
6.645059999999308275e+03 1.273504458367824554e-02 3.914116416126489639e-03
6.646539999999307838e+03 1.327047124505043030e-02 3.940908238291740417e-03
6.648019999999307402e+03 2.027053385972976685e-02 4.165200516581535339e-03
6.649499999999306965e+03 1.445241831243038177e-02 3.968663513660430908e-03
6.650979999999306528e+03 1.091633178293704987e-02 3.869021311402320862e-03
6.652459999999306092e+03 1.292915828526020050e-02 3.898748196661472321e-03
6.653939999999305655e+03 1.199479587376117706e-02 3.848639782518148422e-03
6.655419999999305219e+03 1.244756020605564117e-02 3.891880856826901436e-03
6.656899999999304782e+03 1.926170289516448975e-02 4.110719077289104462e-03
6.658379999999304346e+03 1.955886743962764740e-02 4.171261098235845566e-03
6.659859999999303909e+03 1.952721178531646729e-02 4.185337573289871216e-03
6.661339999999303473e+03 2.698358148336410522e-02 4.379072226583957672e-03
6.662819999999303036e+03 1.952265575528144836e-02 4.129410721361637115e-03
6.664299999999302599e+03 1.105452515184879303e-02 3.863054560497403145e-03
6.665779999999302163e+03 1.009980496019124985e-02 3.870398271828889847e-03
6.667259999999301726e+03 1.048981957137584686e-02 3.922324627637863159e-03
6.668739999999301290e+03 1.544835325330495834e-02 4.005883820354938507e-03
6.670219999999300853e+03 1.465464755892753601e-02 3.967586439102888107e-03
6.671699999999300417e+03 2.195616997778415680e-02 4.213249776512384415e-03
6.673179999999299980e+03 8.433142304420471191e-02 5.864845123142004013e-03
6.674659999999299544e+03 1.224854886531829834e-01 6.682283245027065277e-03
6.676139999999299107e+03 9.070034325122833252e-02 6.026958581060171127e-03
6.677619999999298670e+03 3.131221234798431396e-02 4.472555592656135559e-03
6.679099999999298234e+03 1.131733227521181107e-02 3.861285280436277390e-03
6.680579999999297797e+03 1.901578158140182495e-03 3.527142805978655815e-03
6.682059999999297361e+03 4.539148882031440735e-03 3.593549132347106934e-03
6.683539999999296924e+03 8.621661923825740814e-03 3.777425503358244896e-03
6.685019999999296488e+03 1.077706180512905121e-02 3.868152853101491928e-03
6.686499999999296051e+03 1.433789171278476715e-02 3.934854175895452499e-03
6.687979999999295615e+03 9.271095506846904755e-03 3.755120793357491493e-03
6.689459999999295178e+03 6.278204265981912613e-03 3.649526275694370270e-03
6.690939999999294741e+03 1.336975954473018646e-02 3.883296856656670570e-03
6.692419999999294305e+03 1.992885582149028778e-02 4.125147592276334763e-03
6.693899999999293868e+03 2.759408205747604370e-02 4.404374398291110992e-03
6.695379999999293432e+03 4.031832516193389893e-02 4.786626901477575302e-03
6.696859999999292995e+03 3.384719416499137878e-02 4.616360645741224289e-03
6.698339999999292559e+03 1.716361567378044128e-02 4.119059536606073380e-03
6.699819999999292122e+03 1.900217682123184204e-02 4.178618546575307846e-03
6.701299999999291686e+03 9.187573567032814026e-03 3.819760167971253395e-03
6.702779999999291249e+03 1.517391297966241837e-02 3.984777722507715225e-03
6.704259999999290812e+03 1.079234573990106583e-02 3.852761350572109222e-03
6.705739999999290376e+03 1.178790628910064697e-02 3.843947313725948334e-03
6.707219999999289939e+03 1.290901191532611847e-02 3.877537092193961143e-03
6.708699999999289503e+03 1.448436640202999115e-02 4.005675204098224640e-03
6.710179999999289066e+03 1.295422390103340149e-02 3.920151386409997940e-03
6.711659999999288630e+03 1.060689799487590790e-02 3.833824070170521736e-03
6.713139999999288193e+03 1.364029385149478912e-02 3.955764696002006531e-03
6.714619999999287757e+03 8.398202247917652130e-03 3.821901278570294380e-03
6.716099999999287320e+03 1.499557867646217346e-02 4.011795390397310257e-03
6.717579999999286883e+03 1.870985515415668488e-02 4.048569593578577042e-03
6.719059999999286447e+03 1.180792413651943207e-02 3.820086596533656120e-03
6.720539999999286010e+03 6.727790925651788712e-03 3.663117764517664909e-03
6.722019999999285574e+03 7.299271412193775177e-03 3.677452215924859047e-03
6.723499999999285137e+03 1.913908496499061584e-02 4.100389778614044189e-03
6.724979999999284701e+03 1.544944755733013153e-02 4.006341099739074707e-03
6.726459999999284264e+03 9.270980954170227051e-03 3.790169954299926758e-03
6.727939999999283827e+03 1.376412250101566315e-02 3.974867053329944611e-03
6.729419999999283391e+03 1.359785348176956177e-02 3.985086455941200256e-03
6.730899999999282954e+03 1.239385921508073807e-02 3.912865649908781052e-03
6.732379999999282518e+03 1.041512005031108856e-02 3.807159140706062317e-03
6.733859999999282081e+03 1.745455153286457062e-02 4.009725060313940048e-03
6.735339999999281645e+03 1.601970009505748749e-02 3.922294359654188156e-03
6.736819999999281208e+03 1.965221762657165527e-02 4.058814607560634613e-03
6.738299999999280772e+03 1.042599231004714966e-02 3.892874810844659805e-03
6.739779999999280335e+03 1.463067904114723206e-02 4.024578724056482315e-03
6.741259999999279898e+03 1.457342132925987244e-02 3.968735691159963608e-03
6.742739999999279462e+03 1.341308280825614929e-02 3.967872355133295059e-03
6.744219999999279025e+03 1.353502459824085236e-02 3.970942925661802292e-03
6.745699999999278589e+03 1.449545472860336304e-02 3.963214810937643051e-03
6.747179999999278152e+03 1.774810254573822021e-02 4.035265650600194931e-03
6.748659999999277716e+03 1.165869086980819702e-02 3.792394651100039482e-03
6.750139999999277279e+03 1.090377103537321091e-02 3.781379433348774910e-03
6.751619999999276843e+03 1.416868437081575394e-02 3.924035932868719101e-03
6.753099999999276406e+03 9.228207170963287354e-03 3.758699400350451469e-03
6.754579999999275969e+03 1.275990158319473267e-02 3.920636139810085297e-03
6.756059999999275533e+03 1.857789978384971619e-02 4.099634941667318344e-03
6.757539999999275096e+03 1.488036476075649261e-02 3.919480368494987488e-03
6.759019999999274660e+03 9.424464777112007141e-03 3.798559773713350296e-03
6.760499999999274223e+03 1.307285297662019730e-02 3.889215877279639244e-03
6.761979999999273787e+03 1.438097842037677765e-02 3.929778467863798141e-03
6.763459999999273350e+03 1.380568183958530426e-02 3.876935457810759544e-03
6.764939999999272914e+03 1.996479555964469910e-02 4.084054380655288696e-03
6.766419999999272477e+03 1.393120549619197845e-02 3.874405985698103905e-03
6.767899999999272040e+03 1.594766229391098022e-02 3.979438915848731995e-03
6.769379999999271604e+03 1.276495214551687241e-02 3.862161887809634209e-03
6.770859999999271167e+03 1.079785451292991638e-02 3.776961937546730042e-03
6.772339999999270731e+03 1.087203714996576309e-02 3.753999946638941765e-03
6.773819999999270294e+03 1.774490252137184143e-02 4.027406219393014908e-03
6.775299999999269858e+03 1.601533405482769012e-02 3.969435580074787140e-03
6.776779999999269421e+03 7.692703977227210999e-03 3.662901930510997772e-03
6.778259999999268985e+03 1.198234874755144119e-02 3.767868038266897202e-03
6.779739999999268548e+03 1.205024309456348419e-02 3.791275899857282639e-03
6.781219999999268111e+03 9.329188615083694458e-03 3.740422893315553665e-03
6.782699999999267675e+03 1.293065212666988373e-02 3.903595963492989540e-03
6.784179999999267238e+03 1.001711562275886536e-02 3.852986963465809822e-03
6.785659999999266802e+03 1.037487294524908066e-02 3.815689356997609138e-03
6.787139999999266365e+03 1.529439166188240051e-02 3.959048539400100708e-03
6.788619999999265929e+03 1.122056134045124054e-02 3.822737373411655426e-03
6.790099999999265492e+03 1.647437363862991333e-02 3.986192401498556137e-03
6.791579999999265056e+03 1.533165946602821350e-02 3.925256431102752686e-03
6.793059999999264619e+03 1.102208811789751053e-02 3.723606467247009277e-03
6.794539999999264182e+03 1.583481580018997192e-02 3.912425599992275238e-03
6.796019999999263746e+03 1.492303423583507538e-02 3.906981088221073151e-03
6.797499999999263309e+03 1.425970438867807388e-02 3.886440070345997810e-03
6.798979999999262873e+03 1.077893748879432678e-02 3.815157338976860046e-03
6.800459999999262436e+03 1.175686623901128769e-02 3.828791668638586998e-03
6.801939999999262000e+03 1.318376511335372925e-02 3.886315040290355682e-03
6.803419999999261563e+03 1.065720897167921066e-02 3.781169652938842773e-03
6.804899999999261127e+03 1.043906714767217636e-02 3.747055074200034142e-03
6.806379999999260690e+03 1.270813588052988052e-02 3.811030881479382515e-03
6.807859999999260253e+03 1.151390280574560165e-02 3.748662304133176804e-03
6.809339999999259817e+03 1.350226812064647675e-02 3.843956161290407181e-03
6.810819999999259380e+03 1.481063291430473328e-02 3.882588818669319153e-03
6.812299999999258944e+03 1.162792276591062546e-02 3.784795757383108139e-03
6.813779999999258507e+03 1.331400126218795776e-02 3.863460384309291840e-03
6.815259999999258071e+03 1.345235481858253479e-02 3.883248660713434219e-03
6.816739999999257634e+03 1.636371389031410217e-02 3.978867083787918091e-03
6.818219999999257197e+03 1.252867281436920166e-02 3.801048034802079201e-03
6.819699999999256761e+03 9.526401758193969727e-03 3.732139244675636292e-03
6.821179999999256324e+03 1.678903028368949890e-02 3.970433957874774933e-03
6.822659999999255888e+03 1.237468048930168152e-02 3.825843334197998047e-03
6.824139999999255451e+03 1.345165167003870010e-02 3.965972457081079483e-03
6.825619999999255015e+03 8.615287020802497864e-03 4.287825431674718857e-03
6.827099999999254578e+03 1.165790855884552002e-02 5.202712025493383408e-03
6.828579999999254142e+03 1.849337667226791382e-02 5.571005865931510925e-03
6.830059999999253705e+03 4.204209893941879272e-02 5.702308379113674164e-03
6.831539999999253268e+03 4.612027108669281006e-02 5.757575854659080505e-03
6.833019999999252832e+03 3.843163698911666870e-02 5.912953056395053864e-03
6.834499999999252395e+03 2.486725710332393646e-02 5.457316990941762924e-03
6.835979999999251959e+03 1.162853091955184937e-02 4.273993894457817078e-03
6.837459999999251522e+03 9.232196956872940063e-03 3.849543398246169090e-03
6.838939999999251086e+03 8.822878822684288025e-03 3.946983255445957184e-03
6.840419999999250649e+03 1.328843086957931519e-02 4.256296902894973755e-03
6.841899999999250213e+03 1.554144639521837234e-02 4.278110805898904800e-03
6.843379999999249776e+03 2.471240051090717316e-02 4.363897256553173065e-03
6.844859999999249339e+03 4.176151007413864136e-02 4.747111350297927856e-03
6.846339999999248903e+03 4.019158333539962769e-02 4.694269038736820221e-03
6.847819999999248466e+03 2.088754251599311829e-02 4.141621757298707962e-03
6.849299999999248030e+03 9.149009361863136292e-03 3.784986212849617004e-03
6.850779999999247593e+03 1.335904374718666077e-02 3.922089468687772751e-03
6.852259999999247157e+03 1.215087343007326126e-02 3.800760488957166672e-03
6.853739999999246720e+03 6.796842906624078751e-03 3.603570396080613136e-03
6.855219999999246284e+03 1.577836275100708008e-02 3.946190699934959412e-03
6.856699999999245847e+03 1.638800464570522308e-02 4.003383219242095947e-03
6.858179999999245410e+03 1.451593544334173203e-02 3.912629559636116028e-03
6.859659999999244974e+03 1.039618533104658127e-02 3.996038809418678284e-03
6.861139999999244537e+03 1.391904056072235107e-02 5.374392494559288025e-03
6.862619999999244101e+03 1.561074517667293549e-02 6.611127872020006180e-03
6.864099999999243664e+03 6.898028776049613953e-03 6.129189860075712204e-03
6.865579999999243228e+03 1.606914214789867401e-03 4.253636114299297333e-03
6.867059999999242791e+03 2.840557135641574860e-05 3.162186127156019211e-03
6.868539999999242355e+03 1.205248991027474403e-03 3.276997478678822517e-03
6.870019999999241918e+03 1.051503419876098633e-02 3.834317671135067940e-03
6.871499999999241481e+03 1.132066734135150909e-02 3.766719950363039970e-03
6.872979999999241045e+03 4.350271541625261307e-03 3.324899356812238693e-03
6.874459999999240608e+03 1.514658890664577484e-02 3.708923235535621643e-03
6.875939999999240172e+03 1.397844776511192322e-02 3.639497794210910797e-03
6.877419999999239735e+03 1.162655279040336609e-02 3.687821794301271439e-03
6.878899999999239299e+03 7.677828893065452576e-03 3.783264430239796638e-03
6.880379999999238862e+03 1.791841536760330200e-02 4.279685206711292267e-03
6.881859999999238426e+03 1.692317426204681396e-02 4.169515334069728851e-03
6.883339999999237989e+03 1.590428873896598816e-02 3.968424163758754730e-03
6.884819999999237552e+03 3.327527083456516266e-03 3.417917992919683456e-03
6.886299999999237116e+03 8.977373130619525909e-03 3.870605956763029099e-03
6.887779999999236679e+03 5.850417539477348328e-03 4.091353155672550201e-03
6.889259999999236243e+03 8.021750487387180328e-03 4.123378545045852661e-03
6.890739999999235806e+03 1.419226080179214478e-02 3.989423625171184540e-03
6.892219999999235370e+03 1.251345872879028320e-02 3.699201392009854317e-03
6.893699999999234933e+03 1.394723169505596161e-02 3.760851221159100533e-03
6.895179999999234496e+03 1.081990171223878860e-02 3.603305434808135033e-03
6.896659999999234060e+03 2.148190513253211975e-03 3.421378787606954575e-03
6.898139999999233623e+03 3.179379273205995560e-03 3.864822676405310631e-03
6.899619999999233187e+03 1.450444478541612625e-02 4.512204322963953018e-03
6.901099999999232750e+03 1.131648197770118713e-02 4.335787612944841385e-03
6.902579999999232314e+03 1.012466568499803543e-02 3.807638771831989288e-03
6.904059999999231877e+03 1.449516974389553070e-02 3.796849865466356277e-03
6.905539999999231441e+03 7.687594275921583176e-03 3.571225330233573914e-03
6.907019999999231004e+03 1.127075031399726868e-02 3.633354324847459793e-03
6.908499999999230567e+03 5.002592224627733231e-03 3.472032491117715836e-03
6.909979999999230131e+03 1.020976621657609940e-02 4.217427223920822144e-03
6.911459999999229694e+03 1.454329025000333786e-02 4.713063128292560577e-03
6.912939999999229258e+03 1.519920676946640015e-02 4.509985446929931641e-03
6.914419999999228821e+03 1.206345483660697937e-02 3.949225880205631256e-03
6.915899999999228385e+03 1.157760899513959885e-02 3.710165387019515038e-03
6.917379999999227948e+03 7.570160087198019028e-03 3.521861508488655090e-03
6.918859999999227512e+03 2.250304445624351501e-03 3.479659790173172951e-03
6.920339999999227075e+03 7.658668328076601028e-03 4.431923385709524155e-03
6.921819999999226638e+03 1.397860422730445862e-02 5.381706170737743378e-03
6.923299999999226202e+03 1.248363126069307327e-02 5.208172369748353958e-03
6.924779999999225765e+03 1.080915238708257675e-02 4.242205992341041565e-03
6.926259999999225329e+03 1.067044213414192200e-02 3.850314067676663399e-03
6.927739999999224892e+03 7.406880147755146027e-03 3.649254562333226204e-03
6.929219999999224456e+03 1.857918500900268555e-02 3.995494917035102844e-03
6.930699999999224019e+03 1.976798474788665771e-02 4.047303460538387299e-03
6.932179999999223583e+03 8.926233276724815369e-03 3.607589518651366234e-03
6.933659999999223146e+03 1.705462858080863953e-02 3.897776361554861069e-03
6.935139999999222709e+03 1.907141506671905518e-02 4.036307800561189651e-03
6.936619999999222273e+03 6.484781391918659210e-03 3.979227039963006973e-03
6.938099999999221836e+03 1.499168016016483307e-02 4.639018326997756958e-03
6.939579999999221400e+03 1.570576056838035583e-02 4.652269184589385986e-03
6.941059999999220963e+03 1.125608570873737335e-02 4.043185617774724960e-03
6.942539999999220527e+03 9.004648774862289429e-03 3.728670533746480942e-03
6.944019999999220090e+03 1.120335329324007034e-02 3.714726073667407036e-03
6.945499999999219654e+03 1.232861354947090149e-02 4.115597344934940338e-03
6.946979999999219217e+03 1.637500524520874023e-02 5.233045201748609543e-03
6.948459999999218780e+03 1.918266713619232178e-02 5.652418360114097595e-03
6.949939999999218344e+03 1.122085284441709518e-02 4.884938243776559830e-03
6.951419999999217907e+03 1.251986436545848846e-02 4.028291907161474228e-03
6.952899999999217471e+03 1.693513058125972748e-02 4.054269287735223770e-03
6.954379999999217034e+03 7.511928677558898926e-03 3.686324693262577057e-03
6.955859999999216598e+03 9.656866081058979034e-03 3.801537444815039635e-03
6.957339999999216161e+03 6.760987918823957443e-03 3.671895479783415794e-03
6.958819999999215725e+03 1.802601665258407593e-02 4.036738537251949310e-03
6.960299999999215288e+03 1.815227977931499481e-02 4.022220615297555923e-03
6.961779999999214851e+03 1.128645241260528564e-02 3.807905828580260277e-03
6.963259999999214415e+03 7.576351054012775421e-03 3.698732471093535423e-03
6.964739999999213978e+03 1.048235408961772919e-02 3.822014201432466507e-03
6.966219999999213542e+03 1.717433892190456390e-02 4.064940847456455231e-03
6.967699999999213105e+03 2.013644017279148102e-02 4.356347955763339996e-03
6.969179999999212669e+03 1.571286655962467194e-02 4.396088887006044388e-03
6.970659999999212232e+03 1.575496792793273926e-02 4.175169393420219421e-03
6.972139999999211796e+03 1.527440082281827927e-02 3.938821144402027130e-03
6.973619999999211359e+03 1.306932792067527771e-02 3.847102168947458267e-03
6.975099999999210922e+03 1.053981203585863113e-02 4.082719795405864716e-03
6.976579999999210486e+03 7.804760243743658066e-03 4.680951591581106186e-03
6.978059999999210049e+03 1.282292976975440979e-02 4.874721635133028030e-03
6.979539999999209613e+03 8.544323965907096863e-03 4.215914290398359299e-03
6.981019999999209176e+03 1.294614002108573914e-02 3.923691343516111374e-03
6.982499999999208740e+03 1.491973549127578735e-02 3.959366586059331894e-03
6.983979999999208303e+03 8.226844482123851776e-03 3.723219968378543854e-03
6.985459999999207866e+03 1.401079818606376648e-02 3.900641575455665588e-03
6.986939999999207430e+03 1.415025070309638977e-02 3.882295917719602585e-03
6.988419999999206993e+03 1.415447238832712173e-02 3.912840504199266434e-03
6.989899999999206557e+03 1.861460320651531219e-02 4.049050621688365936e-03
6.991379999999206120e+03 1.100920885801315308e-02 3.776083700358867645e-03
6.992859999999205684e+03 1.296335086226463318e-02 3.840846708044409752e-03
6.994339999999205247e+03 1.454706117510795593e-02 3.910310566425323486e-03
6.995819999999204811e+03 9.427950717508792877e-03 3.732496406883001328e-03
6.997299999999204374e+03 1.163887511938810349e-02 3.809963818639516830e-03
6.998779999999203937e+03 1.726851984858512878e-02 3.994653932750225067e-03
7.000259999999203501e+03 1.359935104846954346e-02 3.940211143344640732e-03
7.001739999999203064e+03 1.376043166965246201e-02 4.073086660355329514e-03
7.003219999999202628e+03 2.236782759428024292e-02 4.393273964524269104e-03
7.004699999999202191e+03 1.204432547092437744e-02 3.950585611164569855e-03
7.006179999999201755e+03 1.032158173620700836e-02 3.709576092660427094e-03
7.007659999999201318e+03 7.363439071923494339e-03 3.653323510661721230e-03
7.009139999999200882e+03 1.248879358172416687e-02 4.091606475412845612e-03
7.010619999999200445e+03 1.008577831089496613e-02 4.253758117556571960e-03
7.012099999999200008e+03 1.290493737906217575e-02 4.121780861169099808e-03
7.013579999999199572e+03 1.557638123631477356e-02 3.901682561263442039e-03
7.015059999999199135e+03 1.565304212272167206e-02 3.853271482512354851e-03
7.016539999999198699e+03 9.973854757845401764e-03 3.693412523716688156e-03
7.018019999999198262e+03 8.073179982602596283e-03 3.651545383036136627e-03
7.019499999999197826e+03 1.105627417564392090e-02 3.746858797967433929e-03
7.020979999999197389e+03 1.311409007757902145e-02 3.802186576649546623e-03
7.022459999999196953e+03 1.127448771148920059e-02 3.706497373059391975e-03
7.023939999999196516e+03 1.333286240696907043e-02 3.745953552424907684e-03
7.025419999999196079e+03 1.345354784280061722e-02 3.775625256821513176e-03
7.026899999999195643e+03 1.209249813109636307e-02 3.782203653827309608e-03
7.028379999999195206e+03 1.681924052536487579e-02 3.994239959865808487e-03
7.029859999999194770e+03 1.409632060676813126e-02 3.874954534694552422e-03
7.031339999999194333e+03 1.423353794962167740e-02 3.849819768220186234e-03
7.032819999999193897e+03 9.689194150269031525e-03 3.693492151796817780e-03
7.034299999999193460e+03 7.285023108124732971e-03 3.556419862434267998e-03
7.035779999999193024e+03 1.358368247747421265e-02 3.759199986234307289e-03
7.037259999999192587e+03 1.547144446521997452e-02 3.825561376288533211e-03
7.038739999999192150e+03 6.720097269862890244e-03 3.692734288051724434e-03
7.040219999999191714e+03 7.372230291366577148e-03 3.776668105274438858e-03
7.041699999999191277e+03 1.384142413735389709e-02 3.980896901339292526e-03
7.043179999999190841e+03 1.597877219319343567e-02 4.003015812486410141e-03
7.044659999999190404e+03 1.465515047311782837e-02 4.046203102916479111e-03
7.046139999999189968e+03 1.327341981232166290e-02 4.224323201924562454e-03
7.047619999999189531e+03 1.254007965326309204e-02 4.314081743359565735e-03
7.049099999999189095e+03 1.464395970106124878e-02 4.309193696826696396e-03
7.050579999999188658e+03 1.384706050157546997e-02 4.135901574045419693e-03
7.052059999999188221e+03 1.463496498763561249e-02 4.068274982273578644e-03
7.053539999999187785e+03 1.872825063765048981e-02 4.194052424281835556e-03
7.055019999999187348e+03 1.107025984674692154e-02 3.869224572554230690e-03
7.056499999999186912e+03 1.331986952573060989e-02 3.875314956530928612e-03
7.057979999999186475e+03 1.057600695639848709e-02 3.747120965272188187e-03
7.059459999999186039e+03 1.189066842198371887e-02 3.832143964245915413e-03
7.060939999999185602e+03 1.256765332072973251e-02 3.900692565366625786e-03
7.062419999999185166e+03 8.235334418714046478e-03 3.799327882006764412e-03
7.063899999999184729e+03 5.420698318630456924e-03 3.801891580224037170e-03
7.065379999999184292e+03 1.602883078157901764e-02 4.137523937970399857e-03
7.066859999999183856e+03 1.495848968625068665e-02 4.084887448698282242e-03
7.068339999999183419e+03 1.742233335971832275e-02 4.147466737776994705e-03
7.069819999999182983e+03 1.313403807580471039e-02 3.964588046073913574e-03
7.071299999999182546e+03 5.612455308437347412e-03 3.697042353451251984e-03
7.072779999999182110e+03 9.563004598021507263e-03 3.841352416202425957e-03
7.074259999999181673e+03 1.509992778301239014e-02 4.021951463073492050e-03
7.075739999999181236e+03 1.376894209533929825e-02 3.990879282355308533e-03
7.077219999999180800e+03 9.369064122438430786e-03 3.874905640259385109e-03
7.078699999999180363e+03 1.624809205532073975e-02 4.076054319739341736e-03
7.080179999999179927e+03 2.011819556355476379e-02 4.238719586282968521e-03
7.081659999999179490e+03 1.560681033879518509e-02 4.108004737645387650e-03
7.083139999999179054e+03 1.395831257104873657e-02 3.980685025453567505e-03
7.084619999999178617e+03 6.781719159334897995e-03 3.675566986203193665e-03
7.086099999999178181e+03 1.029840297996997833e-02 3.898265771567821503e-03
7.087579999999177744e+03 1.535590365529060364e-02 4.187196027487516403e-03
7.089059999999177307e+03 1.305389031767845154e-02 4.149228800088167191e-03
7.090539999999176871e+03 9.795214049518108368e-03 3.907521255314350128e-03
7.092019999999176434e+03 1.369127538055181503e-02 3.895899513736367226e-03
7.093499999999175998e+03 1.671022363007068634e-02 4.011856392025947571e-03
7.094979999999175561e+03 1.806837692856788635e-02 4.026182927191257477e-03
7.096459999999175125e+03 1.559798046946525574e-02 3.908813931047916412e-03
