4.300739999999999782e+03 -4.000000000000000000e+00 2.000000000000000000e+00
4.302219999999999345e+03 -4.000000000000000000e+00 2.000000000000000000e+00
4.303699999999998909e+03 -4.000000000000000000e+00 2.000000000000000000e+00
4.305179999999998472e+03 -4.000000000000000000e+00 2.000000000000000000e+00
4.306659999999998035e+03 -4.000000000000000000e+00 2.000000000000000000e+00
4.308139999999997599e+03 -4.000000000000000000e+00 2.000000000000000000e+00
4.309619999999997162e+03 -4.000000000000000000e+00 2.000000000000000000e+00
4.311099999999996726e+03 -4.000000000000000000e+00 2.000000000000000000e+00
4.312579999999996289e+03 -4.000000000000000000e+00 2.000000000000000000e+00
4.314059999999995853e+03 -4.000000000000000000e+00 2.000000000000000000e+00
4.315539999999995416e+03 -4.000000000000000000e+00 2.000000000000000000e+00
4.317019999999994980e+03 -4.000000000000000000e+00 2.000000000000000000e+00
4.318499999999994543e+03 -4.000000000000000000e+00 2.000000000000000000e+00
4.319979999999994106e+03 -4.000000000000000000e+00 2.000000000000000000e+00
4.321459999999993670e+03 -4.000000000000000000e+00 2.000000000000000000e+00
4.322939999999993233e+03 -4.000000000000000000e+00 2.000000000000000000e+00
4.324419999999992797e+03 -4.000000000000000000e+00 2.000000000000000000e+00
4.325899999999992360e+03 -4.000000000000000000e+00 2.000000000000000000e+00
4.327379999999991924e+03 -4.000000000000000000e+00 2.000000000000000000e+00
4.328859999999991487e+03 -4.000000000000000000e+00 2.000000000000000000e+00
4.330339999999991051e+03 -4.000000000000000000e+00 2.000000000000000000e+00
4.331819999999990614e+03 -4.000000000000000000e+00 2.000000000000000000e+00
4.333299999999990177e+03 -4.000000000000000000e+00 2.000000000000000000e+00
4.334779999999989741e+03 -4.000000000000000000e+00 2.000000000000000000e+00
4.336259999999989304e+03 -4.000000000000000000e+00 2.000000000000000000e+00
4.337739999999988868e+03 -4.000000000000000000e+00 2.000000000000000000e+00
4.339219999999988431e+03 -4.000000000000000000e+00 2.000000000000000000e+00
4.340699999999987995e+03 -4.000000000000000000e+00 2.000000000000000000e+00
4.342179999999987558e+03 -4.000000000000000000e+00 2.000000000000000000e+00
4.343659999999987122e+03 -4.000000000000000000e+00 2.000000000000000000e+00
4.345139999999986685e+03 -4.000000000000000000e+00 2.000000000000000000e+00
4.346619999999986248e+03 -4.000000000000000000e+00 2.000000000000000000e+00
4.348099999999985812e+03 -4.000000000000000000e+00 2.000000000000000000e+00
4.349579999999985375e+03 -4.000000000000000000e+00 2.000000000000000000e+00
4.351059999999984939e+03 -4.000000000000000000e+00 2.000000000000000000e+00
4.352539999999984502e+03 -4.000000000000000000e+00 2.000000000000000000e+00
4.354019999999984066e+03 -4.000000000000000000e+00 2.000000000000000000e+00
4.355499999999983629e+03 -4.000000000000000000e+00 2.000000000000000000e+00
4.356979999999983193e+03 -4.000000000000000000e+00 2.000000000000000000e+00
4.358459999999982756e+03 -4.000000000000000000e+00 2.000000000000000000e+00
4.359939999999982319e+03 -4.000000000000000000e+00 2.000000000000000000e+00
4.361419999999981883e+03 -4.000000000000000000e+00 2.000000000000000000e+00
4.362899999999981446e+03 -4.000000000000000000e+00 2.000000000000000000e+00
4.364379999999981010e+03 -4.000000000000000000e+00 2.000000000000000000e+00
4.365859999999980573e+03 -4.000000000000000000e+00 2.000000000000000000e+00
4.367339999999980137e+03 -4.000000000000000000e+00 2.000000000000000000e+00
4.368819999999979700e+03 -4.000000000000000000e+00 2.000000000000000000e+00
4.370299999999979264e+03 -4.000000000000000000e+00 2.000000000000000000e+00
4.371779999999978827e+03 -4.000000000000000000e+00 2.000000000000000000e+00
4.373259999999978390e+03 -4.000000000000000000e+00 2.000000000000000000e+00
4.374739999999977954e+03 -4.000000000000000000e+00 2.000000000000000000e+00
4.376219999999977517e+03 -4.000000000000000000e+00 2.000000000000000000e+00
4.377699999999977081e+03 -4.000000000000000000e+00 2.000000000000000000e+00
4.379179999999976644e+03 -4.000000000000000000e+00 2.000000000000000000e+00
4.380659999999976208e+03 -4.000000000000000000e+00 2.000000000000000000e+00
4.382139999999975771e+03 -4.000000000000000000e+00 2.000000000000000000e+00
4.383619999999975335e+03 -4.000000000000000000e+00 2.000000000000000000e+00
4.385099999999974898e+03 -4.000000000000000000e+00 2.000000000000000000e+00
4.386579999999974461e+03 -4.000000000000000000e+00 2.000000000000000000e+00
4.388059999999974025e+03 -4.000000000000000000e+00 2.000000000000000000e+00
4.389539999999973588e+03 -4.000000000000000000e+00 2.000000000000000000e+00
4.391019999999973152e+03 -4.000000000000000000e+00 2.000000000000000000e+00
4.392499999999972715e+03 -4.000000000000000000e+00 2.000000000000000000e+00
4.393979999999972279e+03 -4.000000000000000000e+00 2.000000000000000000e+00
4.395459999999971842e+03 -4.000000000000000000e+00 2.000000000000000000e+00
4.396939999999971405e+03 -4.000000000000000000e+00 2.000000000000000000e+00
4.398419999999970969e+03 -4.000000000000000000e+00 2.000000000000000000e+00
4.399899999999970532e+03 -4.000000000000000000e+00 2.000000000000000000e+00
4.401379999999970096e+03 -4.000000000000000000e+00 2.000000000000000000e+00
4.402859999999969659e+03 -4.000000000000000000e+00 2.000000000000000000e+00
4.404339999999969223e+03 -4.000000000000000000e+00 2.000000000000000000e+00
4.405819999999968786e+03 -4.000000000000000000e+00 2.000000000000000000e+00
4.407299999999968350e+03 -4.000000000000000000e+00 2.000000000000000000e+00
4.408779999999967913e+03 -4.000000000000000000e+00 2.000000000000000000e+00
4.410259999999967476e+03 -4.000000000000000000e+00 2.000000000000000000e+00
4.411739999999967040e+03 -4.000000000000000000e+00 2.000000000000000000e+00
4.413219999999966603e+03 -4.000000000000000000e+00 2.000000000000000000e+00
4.414699999999966167e+03 -4.000000000000000000e+00 2.000000000000000000e+00
4.416179999999965730e+03 -4.000000000000000000e+00 2.000000000000000000e+00
4.417659999999965294e+03 -4.000000000000000000e+00 2.000000000000000000e+00
4.419139999999964857e+03 -4.000000000000000000e+00 2.000000000000000000e+00
4.420619999999964421e+03 -4.000000000000000000e+00 2.000000000000000000e+00
4.422099999999963984e+03 -4.000000000000000000e+00 2.000000000000000000e+00
4.423579999999963547e+03 -4.000000000000000000e+00 2.000000000000000000e+00
4.425059999999963111e+03 -4.000000000000000000e+00 2.000000000000000000e+00
4.426539999999962674e+03 -4.000000000000000000e+00 2.000000000000000000e+00
4.428019999999962238e+03 -4.000000000000000000e+00 2.000000000000000000e+00
4.429499999999961801e+03 -4.000000000000000000e+00 2.000000000000000000e+00
4.430979999999961365e+03 -4.000000000000000000e+00 2.000000000000000000e+00
4.432459999999960928e+03 -4.000000000000000000e+00 2.000000000000000000e+00
4.433939999999960492e+03 -4.000000000000000000e+00 2.000000000000000000e+00
4.435419999999960055e+03 -4.000000000000000000e+00 2.000000000000000000e+00
4.436899999999959618e+03 -4.000000000000000000e+00 2.000000000000000000e+00
4.438379999999959182e+03 -4.000000000000000000e+00 2.000000000000000000e+00
4.439859999999958745e+03 -4.000000000000000000e+00 2.000000000000000000e+00
4.441339999999958309e+03 -4.000000000000000000e+00 2.000000000000000000e+00
4.442819999999957872e+03 -4.000000000000000000e+00 2.000000000000000000e+00
4.444299999999957436e+03 -4.000000000000000000e+00 2.000000000000000000e+00
4.445779999999956999e+03 -4.000000000000000000e+00 2.000000000000000000e+00
4.447259999999956563e+03 -4.000000000000000000e+00 2.000000000000000000e+00
4.448739999999956126e+03 -4.000000000000000000e+00 2.000000000000000000e+00
4.450219999999955689e+03 -4.000000000000000000e+00 2.000000000000000000e+00
4.451699999999955253e+03 3.441719710826873779e-02 8.113519288599491119e-03
4.453179999999954816e+03 2.622338198125362396e-02 7.665567565709352493e-03
4.454659999999954380e+03 3.387878090143203735e-02 7.935875095427036285e-03
4.456139999999953943e+03 3.330800309777259827e-02 7.989640347659587860e-03
4.457619999999953507e+03 4.481340944766998291e-02 8.419227786362171173e-03
4.459099999999953070e+03 4.355988651514053345e-02 8.320128545165061951e-03
4.460579999999952634e+03 4.078190401196479797e-02 8.214622735977172852e-03
4.462059999999952197e+03 4.426641017198562622e-02 8.424030616879463196e-03
4.463539999999951760e+03 4.797692596912384033e-02 8.547297678887844086e-03
4.465019999999951324e+03 4.577662795782089233e-02 8.519946597516536713e-03
4.466499999999950887e+03 4.011787101626396179e-02 8.332545869052410126e-03
4.467979999999950451e+03 5.108625814318656921e-02 8.507931604981422424e-03
4.469459999999950014e+03 3.163527697324752808e-02 7.543038576841354370e-03
4.470939999999949578e+03 2.733498252928256989e-02 7.532795425504446030e-03
4.472419999999949141e+03 3.598476573824882507e-02 8.009830489754676819e-03
4.473899999999948704e+03 3.447460755705833435e-02 7.984298281371593475e-03
4.475379999999948268e+03 3.266280889511108398e-02 8.041067980229854584e-03
4.476859999999947831e+03 3.852380067110061646e-02 8.081251755356788635e-03
4.478339999999947395e+03 3.167575225234031677e-02 7.979090325534343719e-03
4.479819999999946958e+03 2.396407723426818848e-02 7.339012809097766876e-03
4.481299999999946522e+03 3.278060629963874817e-02 7.784999441355466843e-03
4.482779999999946085e+03 4.477358609437942505e-02 8.347406983375549316e-03
4.484259999999945649e+03 6.078405305743217468e-02 9.100720286369323730e-03
4.485739999999945212e+03 5.460378900170326233e-02 8.710286580026149750e-03
4.487219999999944775e+03 5.135768651962280273e-02 8.628627285361289978e-03
4.488699999999944339e+03 3.592838346958160400e-02 7.884217426180839539e-03
4.490179999999943902e+03 3.479587286710739136e-02 7.820170372724533081e-03
4.491659999999943466e+03 4.369358718395233154e-02 8.264794945716857910e-03
4.493139999999943029e+03 5.355479940772056580e-02 8.578186854720115662e-03
4.494619999999942593e+03 4.927489534020423889e-02 8.411483839154243469e-03
4.496099999999942156e+03 2.376993373036384583e-02 7.377664092928171158e-03
4.497579999999941720e+03 5.107092112302780151e-02 8.519736118614673615e-03
4.499059999999941283e+03 3.934507071971893311e-02 8.137477561831474304e-03
4.500539999999940846e+03 3.928184136748313904e-02 8.150515146553516388e-03
4.502019999999940410e+03 2.720595151185989380e-02 7.601958233863115311e-03
4.503499999999939973e+03 3.313612192869186401e-02 7.771253120154142380e-03
4.504979999999939537e+03 2.379166521131992340e-02 7.513780612498521805e-03
4.506459999999939100e+03 4.419331625103950500e-02 8.180181495845317841e-03
4.507939999999938664e+03 3.973745927214622498e-02 8.023270405828952789e-03
4.509419999999938227e+03 3.950991854071617126e-02 8.004765026271343231e-03
4.510899999999937791e+03 5.579053610563278198e-02 8.639436215162277222e-03
4.512379999999937354e+03 4.753788188099861145e-02 8.266856893897056580e-03
4.513859999999936917e+03 5.627103522419929504e-02 8.619554340839385986e-03
4.515339999999936481e+03 3.378828614950180054e-02 7.586908061057329178e-03
4.516819999999936044e+03 4.140785336494445801e-02 7.921567186713218689e-03
4.518299999999935608e+03 3.897787258028984070e-02 7.948300801217556000e-03
4.519779999999935171e+03 4.845219105482101440e-02 8.284921757876873016e-03
4.521259999999934735e+03 3.095648437738418579e-02 7.596930488944053650e-03
4.522739999999934298e+03 4.312777891755104065e-02 8.142794482409954071e-03
4.524219999999933862e+03 5.167342722415924072e-02 8.330953307449817657e-03
4.525699999999933425e+03 4.237230122089385986e-02 7.908725179731845856e-03
4.527179999999932988e+03 5.686329305171966553e-02 8.454765193164348602e-03
4.528659999999932552e+03 5.425158143043518066e-02 8.303550072014331818e-03
4.530139999999932115e+03 2.920546010136604309e-02 7.457002997398376465e-03
4.531619999999931679e+03 2.971237897872924805e-02 7.646151352673768997e-03
4.533099999999931242e+03 5.370435863733291626e-02 8.353201672434806824e-03
4.534579999999930806e+03 3.611483052372932434e-02 7.678049616515636444e-03
4.536059999999930369e+03 1.783356256783008575e-02 7.059648633003234863e-03
4.537539999999929933e+03 1.756627857685089111e-02 7.145431358367204666e-03
4.539019999999929496e+03 3.551753610372543335e-02 7.804657332599163055e-03
4.540499999999929059e+03 2.658684737980365753e-02 7.493619341403245926e-03
4.541979999999928623e+03 5.519154667854309082e-02 8.505893871188163757e-03
4.543459999999928186e+03 4.990693926811218262e-02 8.298864588141441345e-03
4.544939999999927750e+03 4.826927930116653442e-02 8.086707442998886108e-03
4.546419999999927313e+03 4.290489852428436279e-02 7.911683060228824615e-03
4.547899999999926877e+03 4.229068756103515625e-02 7.736874744296073914e-03
4.549379999999926440e+03 4.082261398434638977e-02 7.681238465011119843e-03
4.550859999999926004e+03 4.725733771920204163e-02 7.935087196528911591e-03
4.552339999999925567e+03 3.580962494015693665e-02 7.480544038116931915e-03
4.553819999999925130e+03 3.287179023027420044e-02 7.271442562341690063e-03
4.555299999999924694e+03 4.345118999481201172e-02 7.782690692692995071e-03
4.556779999999924257e+03 3.492753207683563232e-02 7.430504076182842255e-03
4.558259999999923821e+03 3.046912141144275665e-02 7.369997911155223846e-03
4.559739999999923384e+03 4.530562460422515869e-02 7.914508692920207977e-03
4.561219999999922948e+03 3.976904228329658508e-02 7.653529290109872818e-03
4.562699999999922511e+03 3.665336593985557556e-02 7.428512442857027054e-03
4.564179999999922074e+03 4.130093753337860107e-02 7.608043495565652847e-03
4.565659999999921638e+03 3.909095376729965210e-02 7.467157673090696335e-03
4.567139999999921201e+03 5.221095308661460876e-02 8.034769445657730103e-03
4.568619999999920765e+03 3.255042061209678650e-02 7.220381870865821838e-03
4.570099999999920328e+03 5.366116017103195190e-02 7.887177169322967529e-03
4.571579999999919892e+03 4.688725620508193970e-02 7.623019162565469742e-03
4.573059999999919455e+03 4.443976283073425293e-02 7.551809772849082947e-03
4.574539999999919019e+03 3.070196509361267090e-02 7.080452516674995422e-03
4.576019999999918582e+03 3.717552497982978821e-02 7.395794615149497986e-03
4.577499999999918145e+03 2.415085025131702423e-02 7.025616243481636047e-03
4.578979999999917709e+03 4.970852658152580261e-02 7.882753387093544006e-03
4.580459999999917272e+03 4.137344658374786377e-02 7.539881858974695206e-03
4.581939999999916836e+03 4.372401535511016846e-02 7.719913497567176819e-03
4.583419999999916399e+03 3.932495042681694031e-02 7.429596036672592163e-03
4.584899999999915963e+03 5.091408640146255493e-02 7.753483485430479050e-03
4.586379999999915526e+03 3.863848745822906494e-02 7.375244516879320145e-03
4.587859999999915090e+03 3.606639429926872253e-02 7.281988393515348434e-03
4.589339999999914653e+03 2.426609024405479431e-02 6.733305286616086960e-03
4.590819999999914216e+03 3.353008627891540527e-02 7.001597899943590164e-03
4.592299999999913780e+03 4.734221100807189941e-02 7.510328199714422226e-03
4.593779999999913343e+03 4.509855806827545166e-02 7.374582346528768539e-03
4.595259999999912907e+03 5.116869509220123291e-02 7.620569784194231033e-03
4.596739999999912470e+03 4.176032543182373047e-02 7.412743754684925079e-03
4.598219999999912034e+03 3.644199669361114502e-02 7.235537748783826828e-03
4.599699999999911597e+03 3.762827068567276001e-02 7.085125893354415894e-03
4.601179999999911161e+03 3.248730674386024475e-02 6.969864014536142349e-03
4.602659999999910724e+03 5.117931589484214783e-02 7.759219966828823090e-03
4.604139999999910287e+03 4.305624589323997498e-02 7.376690860837697983e-03
4.605619999999909851e+03 4.423516988754272461e-02 7.346894126385450363e-03
4.607099999999909414e+03 3.647184371948242188e-02 7.185361813753843307e-03
4.608579999999908978e+03 4.182221740484237671e-02 7.368215359747409821e-03
4.610059999999908541e+03 5.122766643762588501e-02 7.675681263208389282e-03
4.611539999999908105e+03 4.047937691211700439e-02 7.205856498330831528e-03
4.613019999999907668e+03 3.829598054289817810e-02 7.045115809887647629e-03
4.614499999999907232e+03 3.857148066163063049e-02 7.108626887202262878e-03
4.615979999999906795e+03 4.548342153429985046e-02 7.446489296853542328e-03
4.617459999999906358e+03 5.371632054448127747e-02 7.684434298425912857e-03
4.618939999999905922e+03 3.971359133720397949e-02 7.102056406438350677e-03
4.620419999999905485e+03 4.386891797184944153e-02 7.317503914237022400e-03
4.621899999999905049e+03 3.880752623081207275e-02 7.200336549431085587e-03
4.623379999999904612e+03 4.215702414512634277e-02 7.232176139950752258e-03
4.624859999999904176e+03 4.885175451636314392e-02 7.422764319926500320e-03
4.626339999999903739e+03 5.272661149501800537e-02 7.638009730726480484e-03
4.627819999999903303e+03 4.371108859777450562e-02 7.222718093544244766e-03
4.629299999999902866e+03 3.871357813477516174e-02 6.982620339840650558e-03
4.630779999999902429e+03 2.575688436627388000e-02 6.495266221463680267e-03
4.632259999999901993e+03 3.648271784186363220e-02 6.999371573328971863e-03
4.633739999999901556e+03 3.973318636417388916e-02 6.932135671377182007e-03
4.635219999999901120e+03 5.746996775269508362e-02 7.631020620465278625e-03
4.636699999999900683e+03 2.294542454183101654e-02 6.411085370928049088e-03
4.638179999999900247e+03 2.622137032449245453e-02 6.449988111853599548e-03
4.639659999999899810e+03 4.159560799598693848e-02 7.025518920272588730e-03
4.641139999999899374e+03 2.996478229761123657e-02 6.671042647212743759e-03
4.642619999999898937e+03 4.394188150763511658e-02 7.130718789994716644e-03
4.644099999999898500e+03 4.497132450342178345e-02 7.094294764101505280e-03
4.645579999999898064e+03 5.306207761168479919e-02 7.339566480368375778e-03
4.647059999999897627e+03 3.603990375995635986e-02 6.661570165306329727e-03
4.648539999999897191e+03 4.657173156738281250e-02 7.082198280841112137e-03
4.650019999999896754e+03 4.176977276802062988e-02 6.896466482430696487e-03
4.651499999999896318e+03 4.159958660602569580e-02 6.950803101062774658e-03
4.652979999999895881e+03 3.555110096931457520e-02 6.765814963728189468e-03
4.654459999999895444e+03 4.036743938922882080e-02 6.795142777264118195e-03
4.655939999999895008e+03 2.373294904828071594e-02 6.240884307771921158e-03
4.657419999999894571e+03 3.018552623689174652e-02 6.697236560285091400e-03
4.658899999999894135e+03 2.701352909207344055e-02 6.572976242750883102e-03
4.660379999999893698e+03 4.538678377866744995e-02 7.234263699501752853e-03
4.661859999999893262e+03 4.056844487786293030e-02 7.089721504598855972e-03
4.663339999999892825e+03 2.385350316762924194e-02 6.415821146219968796e-03
4.664819999999892389e+03 3.475451469421386719e-02 6.628891453146934509e-03
4.666299999999891952e+03 4.774218425154685974e-02 7.044983562082052231e-03
4.667779999999891515e+03 3.944027796387672424e-02 6.675201468169689178e-03
4.669259999999891079e+03 3.439841419458389282e-02 6.617283914238214493e-03
4.670739999999890642e+03 3.663630038499832153e-02 6.701884791254997253e-03
4.672219999999890206e+03 3.032679110765457153e-02 6.482409778982400894e-03
4.673699999999889769e+03 3.972807154059410095e-02 6.865586154162883759e-03
4.675179999999889333e+03 2.359014004468917847e-02 6.284739356487989426e-03
4.676659999999888896e+03 3.562705218791961670e-02 6.699870340526103973e-03
4.678139999999888460e+03 4.418743029236793518e-02 6.876312661916017532e-03
4.679619999999888023e+03 2.346576191484928131e-02 6.211806088685989380e-03
4.681099999999887586e+03 3.982785716652870178e-02 6.862578447908163071e-03
4.682579999999887150e+03 3.751702606678009033e-02 6.768422201275825500e-03
4.684059999999886713e+03 2.793049067258834839e-02 6.407028529793024063e-03
4.685539999999886277e+03 4.656737297773361206e-02 7.068490143865346909e-03
4.687019999999885840e+03 4.430125281214714050e-02 6.859905552119016647e-03
4.688499999999885404e+03 3.981874883174896240e-02 6.682906299829483032e-03
4.689979999999884967e+03 3.636293858289718628e-02 6.480773445218801498e-03
4.691459999999884531e+03 3.385521098971366882e-02 6.512141320854425430e-03
4.692939999999884094e+03 4.473708570003509521e-02 6.776125635951757431e-03
4.694419999999883657e+03 2.060783840715885162e-02 5.914317443966865540e-03
4.695899999999883221e+03 3.992147371172904968e-02 6.637183018028736115e-03
4.697379999999882784e+03 5.089259892702102661e-02 6.968201603740453720e-03
4.698859999999882348e+03 3.755659982562065125e-02 6.380225066095590591e-03
4.700339999999881911e+03 4.167082905769348145e-02 6.665528751909732819e-03
4.701819999999881475e+03 3.287643194198608398e-02 6.315373815596103668e-03
4.703299999999881038e+03 4.426428675651550293e-02 6.727023515850305557e-03
4.704779999999880602e+03 4.873929917812347412e-02 6.895943079143762589e-03
4.706259999999880165e+03 3.604708984494209290e-02 6.426019594073295593e-03
4.707739999999879728e+03 3.513720631599426270e-02 6.348849739879369736e-03
4.709219999999879292e+03 4.051655903458595276e-02 6.636837497353553772e-03
4.710699999999878855e+03 3.016634285449981689e-02 6.241031456738710403e-03
4.712179999999878419e+03 3.058368526399135590e-02 6.159898824989795685e-03
4.713659999999877982e+03 3.110384196043014526e-02 6.224608980119228363e-03
4.715139999999877546e+03 2.974861487746238708e-02 6.231950595974922180e-03
4.716619999999877109e+03 1.686847396194934845e-02 5.727034062147140503e-03
4.718099999999876673e+03 2.881281450390815735e-02 6.270553451031446457e-03
4.719579999999876236e+03 2.789092250168323517e-02 6.245098542422056198e-03
4.721059999999875799e+03 3.939356654882431030e-02 6.569758988916873932e-03
4.722539999999875363e+03 3.447675332427024841e-02 6.400266662240028381e-03
4.724019999999874926e+03 3.147905319929122925e-02 6.346918642520904541e-03
4.725499999999874490e+03 4.022137075662612915e-02 6.665359716862440109e-03
4.726979999999874053e+03 5.186640471220016479e-02 6.845403462648391724e-03
4.728459999999873617e+03 3.358787298202514648e-02 6.148993503302335739e-03
4.729939999999873180e+03 3.995802253484725952e-02 6.467998493462800980e-03
4.731419999999872744e+03 2.615236490964889526e-02 5.985319148749113083e-03
4.732899999999872307e+03 3.199033439159393311e-02 6.173339672386646271e-03
4.734379999999871870e+03 4.992322623729705811e-02 6.751499604433774948e-03
4.735859999999871434e+03 4.385743290185928345e-02 6.522850599139928818e-03
4.737339999999870997e+03 2.805091440677642822e-02 6.153179798275232315e-03
4.738819999999870561e+03 4.077105224132537842e-02 6.539193447679281235e-03
4.740299999999870124e+03 4.318854957818984985e-02 6.549530662596225739e-03
4.741779999999869688e+03 2.418031357228755951e-02 5.940694827586412430e-03
4.743259999999869251e+03 3.195923939347267151e-02 6.270372308790683746e-03
4.744739999999868814e+03 3.624225407838821411e-02 6.226956844329833984e-03
4.746219999999868378e+03 2.422146499156951904e-02 5.827453453093767166e-03
4.747699999999867941e+03 4.686727747321128845e-02 6.651129107922315598e-03
4.749179999999867505e+03 3.584983199834823608e-02 6.263556424528360367e-03
4.750659999999867068e+03 3.535214066505432129e-02 6.283735390752553940e-03
4.752139999999866632e+03 3.287497162818908691e-02 6.094057578593492508e-03
4.753619999999866195e+03 3.209320455789566040e-02 6.070719566196203232e-03
4.755099999999865759e+03 3.794831037521362305e-02 6.248674821108579636e-03
4.756579999999865322e+03 2.961915545165538788e-02 6.009696051478385925e-03
4.758059999999864885e+03 4.324541240930557251e-02 6.537260022014379501e-03
4.759539999999864449e+03 3.889962658286094666e-02 6.340196821838617325e-03
4.761019999999864012e+03 3.636351227760314941e-02 6.296578794717788696e-03
4.762499999999863576e+03 3.507083654403686523e-02 6.162565667182207108e-03
4.763979999999863139e+03 4.947573691606521606e-02 6.660563405603170395e-03
4.765459999999862703e+03 3.868439421057701111e-02 6.276223342865705490e-03
4.766939999999862266e+03 3.302724659442901611e-02 6.130612455308437347e-03
4.768419999999861830e+03 2.868133783340454102e-02 5.984049756079912186e-03
4.769899999999861393e+03 2.179874852299690247e-02 5.698607303202152252e-03
4.771379999999860956e+03 3.554371371865272522e-02 6.173469591885805130e-03
4.772859999999860520e+03 3.684470057487487793e-02 6.246477365493774414e-03
4.774339999999860083e+03 2.545893751084804535e-02 5.876656156033277512e-03
4.775819999999859647e+03 3.477612882852554321e-02 6.236369255930185318e-03
4.777299999999859210e+03 3.723169118165969849e-02 6.282181479036808014e-03
4.778779999999858774e+03 3.673170506954193115e-02 6.252608727663755417e-03
4.780259999999858337e+03 3.015334159135818481e-02 6.068312563002109528e-03
4.781739999999857901e+03 3.596862033009529114e-02 6.194916088134050369e-03
4.783219999999857464e+03 3.465691953897476196e-02 6.170909386128187180e-03
4.784699999999857027e+03 3.497236594557762146e-02 6.127512082457542419e-03
4.786179999999856591e+03 3.862845152616500854e-02 6.289087701588869095e-03
4.787659999999856154e+03 4.464166238903999329e-02 6.443016696721315384e-03
4.789139999999855718e+03 4.137873649597167969e-02 6.329229567199945450e-03
4.790619999999855281e+03 3.329787403345108032e-02 6.022768560796976089e-03
4.792099999999854845e+03 3.129691630601882935e-02 5.993633065372705460e-03
4.793579999999854408e+03 3.846798837184906006e-02 6.284316536039113998e-03
4.795059999999853972e+03 2.483591809868812561e-02 5.826667882502079010e-03
4.796539999999853535e+03 4.092746973037719727e-02 6.246081087738275528e-03
4.798019999999853098e+03 2.191642858088016510e-02 5.630753003060817719e-03
4.799499999999852662e+03 3.501092642545700073e-02 6.144416518509387970e-03
4.800979999999852225e+03 3.660476207733154297e-02 6.240730173885822296e-03
4.802459999999851789e+03 2.640593796968460083e-02 5.862186662852764130e-03
4.803939999999851352e+03 2.940158732235431671e-02 5.932592786848545074e-03
4.805419999999850916e+03 3.355151414871215820e-02 6.093737203627824783e-03
4.806899999999850479e+03 3.470357507467269897e-02 6.067854352295398712e-03
4.808379999999850043e+03 3.854125738143920898e-02 6.175435613840818405e-03
4.809859999999849606e+03 3.335054218769073486e-02 6.048299372196197510e-03
4.811339999999849169e+03 4.813105240464210510e-02 6.499347742646932602e-03
4.812819999999848733e+03 2.625435031950473785e-02 5.852093920111656189e-03
4.814299999999848296e+03 2.492175810039043427e-02 5.824180319905281067e-03
4.815779999999847860e+03 4.198871180415153503e-02 6.444532889872789383e-03
4.817259999999847423e+03 4.541743546724319458e-02 6.584130693227052689e-03
4.818739999999846987e+03 3.726430237293243408e-02 6.265700794756412506e-03
4.820219999999846550e+03 3.086927533149719238e-02 6.214123219251632690e-03
4.821699999999846113e+03 3.210850059986114502e-02 6.180753000080585480e-03
4.823179999999845677e+03 4.324851930141448975e-02 6.480252370238304138e-03
4.824659999999845240e+03 2.918615750968456268e-02 5.957471672445535660e-03
4.826139999999844804e+03 3.297775238752365112e-02 6.116893608123064041e-03
4.827619999999844367e+03 4.143784195184707642e-02 6.405860185623168945e-03
4.829099999999843931e+03 3.857777267694473267e-02 6.255923304706811905e-03
4.830579999999843494e+03 3.427604585886001587e-02 6.113344337791204453e-03
4.832059999999843058e+03 2.824479714035987854e-02 6.042921915650367737e-03
4.833539999999842621e+03 3.390620276331901550e-02 6.202892865985631943e-03
4.835019999999842184e+03 2.896391227841377258e-02 5.950144492089748383e-03
4.836499999999841748e+03 3.636555001139640808e-02 6.213724613189697266e-03
4.837979999999841311e+03 3.099860996007919312e-02 6.061476655304431915e-03
4.839459999999840875e+03 4.122463986277580261e-02 6.406803149729967117e-03
4.840939999999840438e+03 3.715398535132408142e-02 6.217175628989934921e-03
4.842419999999840002e+03 3.608350083231925964e-02 6.175919901579618454e-03
4.843899999999839565e+03 4.254154115915298462e-02 6.333078723400831223e-03
4.845379999999839129e+03 3.392821177840232849e-02 6.115355528891086578e-03
4.846859999999838692e+03 3.339939936995506287e-02 6.033566780388355255e-03
4.848339999999838255e+03 4.017667099833488464e-02 6.186509504914283752e-03
4.849819999999837819e+03 3.681947290897369385e-02 6.002015434205532074e-03
4.851299999999837382e+03 3.549698740243911743e-02 6.010786164551973343e-03
4.852779999999836946e+03 3.799873590469360352e-02 6.070680916309356689e-03
4.854259999999836509e+03 2.350192703306674957e-02 5.487051326781511307e-03
4.855739999999836073e+03 2.586061693727970123e-02 5.468662362545728683e-03
4.857219999999835636e+03 5.092433467507362366e-02 6.255993153899908066e-03
4.858699999999835200e+03 3.595438599586486816e-02 5.776532925665378571e-03
4.860179999999834763e+03 3.214764967560768127e-02 5.877531133592128754e-03
4.861659999999834326e+03 2.946508303284645081e-02 5.793588235974311829e-03
4.863139999999833890e+03 2.884104847908020020e-02 5.655918736010789871e-03
4.864619999999833453e+03 2.456421218812465668e-02 5.424849689006805420e-03
4.866099999999833017e+03 2.783370204269886017e-02 5.593002773821353912e-03
4.867579999999832580e+03 3.207337483763694763e-02 5.805990193039178848e-03
4.869059999999832144e+03 2.331504039466381073e-02 5.478873848915100098e-03
4.870539999999831707e+03 3.021263331174850464e-02 5.594751797616481781e-03
4.872019999999831271e+03 2.904400601983070374e-02 5.508296191692352295e-03
4.873499999999830834e+03 3.516346961259841919e-02 5.793710239231586456e-03
4.874979999999830397e+03 2.613460831344127655e-02 5.512333940714597702e-03
4.876459999999829961e+03 2.782315760850906372e-02 5.655515938997268677e-03
4.877939999999829524e+03 3.769524022936820984e-02 6.010642740875482559e-03
4.879419999999829088e+03 2.762055397033691406e-02 5.664444062858819962e-03
4.880899999999828651e+03 2.675325050950050354e-02 5.680408794432878494e-03
4.882379999999828215e+03 2.367943525314331055e-02 5.610293243080377579e-03
4.883859999999827778e+03 3.174909204244613647e-02 5.831412039697170258e-03
4.885339999999827342e+03 3.306106105446815491e-02 5.796503275632858276e-03
4.886819999999826905e+03 2.935676835477352142e-02 5.716098006814718246e-03
4.888299999999826468e+03 3.905659914016723633e-02 5.983073730021715164e-03
4.889779999999826032e+03 3.438424319028854370e-02 5.813066847622394562e-03
4.891259999999825595e+03 4.265022277832031250e-02 6.138045340776443481e-03
4.892739999999825159e+03 3.307520970702171326e-02 5.790651310235261917e-03
4.894219999999824722e+03 3.605622798204421997e-02 5.947683937847614288e-03
4.895699999999824286e+03 4.272977262735366821e-02 6.157987285405397415e-03
4.897179999999823849e+03 2.893098630011081696e-02 5.772550124675035477e-03
4.898659999999823413e+03 3.163504973053932190e-02 5.749621428549289703e-03
4.900139999999822976e+03 4.683724045753479004e-02 6.214704364538192749e-03
4.901619999999822539e+03 4.056281596422195435e-02 6.046800874173641205e-03
4.903099999999822103e+03 4.535149037837982178e-02 6.218271795660257339e-03
4.904579999999821666e+03 2.854067832231521606e-02 5.757188890129327774e-03
4.906059999999821230e+03 3.481986001133918762e-02 5.931542254984378815e-03
4.907539999999820793e+03 3.379320353269577026e-02 5.805029068142175674e-03
4.909019999999820357e+03 4.017357528209686279e-02 5.945723969489336014e-03
4.910499999999819920e+03 3.745866939425468445e-02 5.855870433151721954e-03
4.911979999999819483e+03 4.064873233437538147e-02 5.994029808789491653e-03
4.913459999999819047e+03 3.962875157594680786e-02 5.985604133456945419e-03
4.914939999999818610e+03 3.795991837978363037e-02 5.967003758996725082e-03
4.916419999999818174e+03 3.213087096810340881e-02 5.688700359314680099e-03
4.917899999999817737e+03 3.289512544870376587e-02 5.544044077396392822e-03
4.919379999999817301e+03 3.959871828556060791e-02 5.774590186774730682e-03
4.920859999999816864e+03 3.170632198452949524e-02 5.640245508402585983e-03
4.922339999999816428e+03 3.394514322280883789e-02 5.796195007860660553e-03
4.923819999999815991e+03 3.644080832600593567e-02 5.894846282899379730e-03
4.925299999999815554e+03 2.998698130249977112e-02 5.680455826222896576e-03
4.926779999999815118e+03 3.004208207130432129e-02 5.659862887114286423e-03
4.928259999999814681e+03 3.958849236369132996e-02 5.982678849250078201e-03
4.929739999999814245e+03 3.899424523115158081e-02 5.976759828627109528e-03
4.931219999999813808e+03 3.423163294792175293e-02 5.786659196019172668e-03
4.932699999999813372e+03 3.404028713703155518e-02 5.720772780478000641e-03
4.934179999999812935e+03 4.476724937558174133e-02 6.041772197932004929e-03
4.935659999999812499e+03 4.176511615514755249e-02 5.996045190840959549e-03
4.937139999999812062e+03 3.006145730614662170e-02 5.595348775386810303e-03
4.938619999999811625e+03 3.923175483942031860e-02 5.864285398274660110e-03
4.940099999999811189e+03 4.166548699140548706e-02 6.015035789459943771e-03
4.941579999999810752e+03 4.983362928032875061e-02 6.313805468380451202e-03
4.943059999999810316e+03 3.214981779456138611e-02 5.661812610924243927e-03
4.944539999999809879e+03 3.520845621824264526e-02 5.719435866922140121e-03
4.946019999999809443e+03 2.670074440538883209e-02 5.502209067344665527e-03
4.947499999999809006e+03 4.184262454509735107e-02 6.111945491284132004e-03
4.948979999999808570e+03 4.498005658388137817e-02 6.161158438771963120e-03
4.950459999999808133e+03 3.629966452717781067e-02 5.889692343771457672e-03
4.951939999999807696e+03 3.006381355226039886e-02 5.693140905350446701e-03
4.953419999999807260e+03 2.914209291338920593e-02 5.667295772582292557e-03
4.954899999999806823e+03 2.961005270481109619e-02 5.536457523703575134e-03
4.956379999999806387e+03 5.209225416183471680e-02 6.223713047802448273e-03
4.957859999999805950e+03 4.675807803869247437e-02 6.011541001498699188e-03
4.959339999999805514e+03 3.237112984061241150e-02 5.655581597238779068e-03
4.960819999999805077e+03 3.754293173551559448e-02 5.892136599868535995e-03
4.962299999999804641e+03 3.386592492461204529e-02 5.751546472311019897e-03
4.963779999999804204e+03 4.002086073160171509e-02 5.960444454103708267e-03
4.965259999999803767e+03 4.357419908046722412e-02 6.106098648160696030e-03
4.966739999999803331e+03 3.961206972599029541e-02 5.913219880312681198e-03
4.968219999999802894e+03 4.029471054673194885e-02 5.925289355218410492e-03
4.969699999999802458e+03 3.243084996938705444e-02 5.736066959798336029e-03
4.971179999999802021e+03 4.771613329648971558e-02 6.282453425228595734e-03
4.972659999999801585e+03 4.488740861415863037e-02 6.211756262928247452e-03
4.974139999999801148e+03 3.221463784575462341e-02 5.724314600229263306e-03
4.975619999999800712e+03 5.216792225837707520e-02 6.304183509200811386e-03
4.977099999999800275e+03 4.383639991283416748e-02 5.966039374470710754e-03
4.978579999999799838e+03 3.594432398676872253e-02 5.788092035800218582e-03
4.980059999999799402e+03 4.452247545123100281e-02 5.994317121803760529e-03
4.981539999999798965e+03 4.145862162113189697e-02 5.834683775901794434e-03
4.983019999999798529e+03 4.492639377713203430e-02 5.926558747887611389e-03
4.984499999999798092e+03 4.791935533285140991e-02 6.060827057808637619e-03
4.985979999999797656e+03 2.598406560719013214e-02 5.471335258334875107e-03
4.987459999999797219e+03 2.347044460475444794e-02 5.419506225734949112e-03
4.988939999999796783e+03 2.710678800940513611e-02 5.493682809174060822e-03
4.990419999999796346e+03 3.833005577325820923e-02 5.867169238626956940e-03
4.991899999999795909e+03 3.027997538447380066e-02 5.659229122102260590e-03
4.993379999999795473e+03 4.080608487129211426e-02 5.973485764116048813e-03
4.994859999999795036e+03 3.950915485620498657e-02 5.826011765748262405e-03
4.996339999999794600e+03 4.073080420494079590e-02 5.983133334666490555e-03
4.997819999999794163e+03 3.887053579092025757e-02 5.858953576534986496e-03
4.999299999999793727e+03 4.850144684314727783e-02 6.150214932858943939e-03
5.000779999999793290e+03 4.696798324584960938e-02 6.068876944482326508e-03
5.002259999999792853e+03 4.361540824174880981e-02 5.889227148145437241e-03
5.003739999999792417e+03 3.364905342459678650e-02 5.564364138990640640e-03
5.005219999999791980e+03 4.406380653381347656e-02 5.915855523198843002e-03
5.006699999999791544e+03 3.141450881958007812e-02 5.575544666498899460e-03
5.008179999999791107e+03 2.725486457347869873e-02 5.506179761141538620e-03
5.009659999999790671e+03 3.585584834218025208e-02 5.740953143686056137e-03
5.011139999999790234e+03 2.907193638384342194e-02 5.453252699226140976e-03
5.012619999999789798e+03 3.126579523086547852e-02 5.457133986055850983e-03
5.014099999999789361e+03 4.795044660568237305e-02 6.074269302189350128e-03
5.015579999999788924e+03 4.273196309804916382e-02 5.879395175725221634e-03
5.017059999999788488e+03 4.585766792297363281e-02 5.933436565101146698e-03
5.018539999999788051e+03 3.702287375926971436e-02 5.723078735172748566e-03
5.020019999999787615e+03 3.249836713075637817e-02 5.537265446037054062e-03
5.021499999999787178e+03 3.934930264949798584e-02 5.696414969861507416e-03
5.022979999999786742e+03 3.815247863531112671e-02 5.710401572287082672e-03
5.024459999999786305e+03 4.610349982976913452e-02 5.973073653876781464e-03
5.025939999999785869e+03 4.332931712269783020e-02 5.824169144034385681e-03
5.027419999999785432e+03 2.750291675329208374e-02 5.366629455238580704e-03
5.028899999999784995e+03 4.850481450557708740e-02 6.081778556108474731e-03
5.030379999999784559e+03 4.063012450933456421e-02 5.836215801537036896e-03
5.031859999999784122e+03 4.305261000990867615e-02 5.948110483586788177e-03
5.033339999999783686e+03 3.275597095489501953e-02 5.578293930739164352e-03
5.034819999999783249e+03 3.730941563844680786e-02 5.671453196555376053e-03
5.036299999999782813e+03 4.647020250558853149e-02 6.022530142217874527e-03
5.037779999999782376e+03 3.761263936758041382e-02 5.696966312825679779e-03
5.039259999999781940e+03 3.328381851315498352e-02 5.379916634410619736e-03
5.040739999999781503e+03 3.852090612053871155e-02 5.582979880273342133e-03
5.042219999999781066e+03 3.314675390720367432e-02 5.515655037015676498e-03
5.043699999999780630e+03 3.856225311756134033e-02 5.746209993958473206e-03
5.045179999999780193e+03 4.777558520436286926e-02 6.022304762154817581e-03
5.046659999999779757e+03 3.505202382802963257e-02 5.569586064666509628e-03
5.048139999999779320e+03 2.252078987658023834e-02 5.065433215349912643e-03
5.049619999999778884e+03 3.791498392820358276e-02 5.594142712652683258e-03
5.051099999999778447e+03 2.113389223814010620e-02 5.026334431022405624e-03
5.052579999999778011e+03 3.061027824878692627e-02 5.404975730925798416e-03
5.054059999999777574e+03 3.966163471341133118e-02 5.795265082269906998e-03
5.055539999999777137e+03 4.283879697322845459e-02 5.881197284907102585e-03
5.057019999999776701e+03 4.069745540618896484e-02 5.798661615699529648e-03
5.058499999999776264e+03 3.685273230075836182e-02 5.662780255079269409e-03
5.059979999999775828e+03 4.292628169059753418e-02 5.870939232409000397e-03
5.061459999999775391e+03 3.750443831086158752e-02 5.609577521681785583e-03
5.062939999999774955e+03 3.062847442924976349e-02 5.364838521927595139e-03
5.064419999999774518e+03 3.734138607978820801e-02 5.624146200716495514e-03
5.065899999999774082e+03 3.654287010431289673e-02 5.611969623714685440e-03
5.067379999999773645e+03 4.679354652762413025e-02 5.949886050075292587e-03
5.068859999999773208e+03 3.999081254005432129e-02 5.712704733014106750e-03
5.070339999999772772e+03 4.205746948719024658e-02 5.767120048403739929e-03
5.071819999999772335e+03 3.225814551115036011e-02 5.398945417255163193e-03
5.073299999999771899e+03 3.728560358285903931e-02 5.562814418226480484e-03
5.074779999999771462e+03 3.408059477806091309e-02 5.558959208428859711e-03
5.076259999999771026e+03 3.543037921190261841e-02 5.623537581413984299e-03
5.077739999999770589e+03 3.747640550136566162e-02 5.574538372457027435e-03
5.079219999999770152e+03 3.918045014142990112e-02 5.596428643912076950e-03
5.080699999999769716e+03 4.641153290867805481e-02 5.843194667249917984e-03
5.082179999999769279e+03 4.502557218074798584e-02 5.770133808255195618e-03
5.083659999999768843e+03 3.298776224255561829e-02 5.431489553302526474e-03
5.085139999999768406e+03 3.525830805301666260e-02 5.622562486678361893e-03
5.086619999999767970e+03 3.136754408478736877e-02 5.452916491776704788e-03
5.088099999999767533e+03 3.281732276082038879e-02 5.444385111331939697e-03
5.089579999999767097e+03 2.902515232563018799e-02 5.338631104677915573e-03
5.091059999999766660e+03 3.594243153929710388e-02 5.546018946915864944e-03
5.092539999999766223e+03 4.203356057405471802e-02 5.754970014095306396e-03
5.094019999999765787e+03 4.505982995033264160e-02 5.850980989634990692e-03
5.095499999999765350e+03 3.850676864385604858e-02 5.647849291563034058e-03
5.096979999999764914e+03 4.030342027544975281e-02 5.646635778248310089e-03
5.098459999999764477e+03 5.268356204032897949e-02 6.082381587475538254e-03
5.099939999999764041e+03 2.763577550649642944e-02 5.341557320207357407e-03
5.101419999999763604e+03 2.369051426649093628e-02 5.181813146919012070e-03
5.102899999999763168e+03 4.200923442840576172e-02 5.689317360520362854e-03
5.104379999999762731e+03 3.994577378034591675e-02 5.598426796495914459e-03
5.105859999999762294e+03 3.475549817085266113e-02 5.487673915922641754e-03
5.107339999999761858e+03 3.979982808232307434e-02 5.585484206676483154e-03
5.108819999999761421e+03 2.972001954913139343e-02 5.249568261206150055e-03
5.110299999999760985e+03 2.417666651308536530e-02 5.092656239867210388e-03
5.111779999999760548e+03 2.887922152876853943e-02 5.353253334760665894e-03
5.113259999999760112e+03 3.565148264169692993e-02 5.548348184674978256e-03
5.114739999999759675e+03 3.208609670400619507e-02 5.384418647736310959e-03
5.116219999999759239e+03 3.553090989589691162e-02 5.542225204408168793e-03
5.117699999999758802e+03 3.470409661531448364e-02 5.583396647125482559e-03
5.119179999999758365e+03 2.842553332448005676e-02 5.310429725795984268e-03
5.120659999999757929e+03 3.644198179244995117e-02 5.544254090636968613e-03
5.122139999999757492e+03 3.547029942274093628e-02 5.459494423121213913e-03
5.123619999999757056e+03 3.585317358374595642e-02 5.427571479231119156e-03
5.125099999999756619e+03 4.012290015816688538e-02 5.529976915568113327e-03
5.126579999999756183e+03 5.307737737894058228e-02 5.969380959868431091e-03
5.128059999999755746e+03 4.426128417253494263e-02 5.749615374952554703e-03
5.129539999999755310e+03 2.899137139320373535e-02 5.293332040309906006e-03
5.131019999999754873e+03 4.316280037164688110e-02 5.787093658000230789e-03
5.132499999999754436e+03 3.808906674385070801e-02 5.641174502670764923e-03
5.133979999999754000e+03 3.514466434717178345e-02 5.541622173041105270e-03
5.135459999999753563e+03 4.584342613816261292e-02 5.824168212711811066e-03
5.136939999999753127e+03 3.278207778930664062e-02 5.404190625995397568e-03
5.138419999999752690e+03 3.391555324196815491e-02 5.455401260405778885e-03
5.139899999999752254e+03 3.163030371069908142e-02 5.419822409749031067e-03
5.141379999999751817e+03 3.608895838260650635e-02 5.605044309049844742e-03
5.142859999999751381e+03 3.335212916135787964e-02 5.507807713001966476e-03
5.144339999999750944e+03 3.441078215837478638e-02 5.529031157493591309e-03
5.145819999999750507e+03 2.489735931158065796e-02 5.198921076953411102e-03
5.147299999999750071e+03 3.795888274908065796e-02 5.579245742410421371e-03
5.148779999999749634e+03 3.401180729269981384e-02 5.423768423497676849e-03
5.150259999999749198e+03 2.807524241507053375e-02 5.219260230660438538e-03
5.151739999999748761e+03 3.508274257183074951e-02 5.458141211420297623e-03
5.153219999999748325e+03 3.592607006430625916e-02 5.511296913027763367e-03
5.154699999999747888e+03 3.065938875079154968e-02 5.337805952876806259e-03
5.156179999999747452e+03 4.125861078500747681e-02 5.716807208955287933e-03
5.157659999999747015e+03 3.280818089842796326e-02 5.502976011484861374e-03
5.159139999999746578e+03 3.648785501718521118e-02 5.511702969670295715e-03
5.160619999999746142e+03 3.401374071836471558e-02 5.454246420413255692e-03
5.162099999999745705e+03 4.649004340171813965e-02 5.784223787486553192e-03
5.163579999999745269e+03 4.064440727233886719e-02 5.569643341004848480e-03
5.165059999999744832e+03 3.956574946641921997e-02 5.473022814840078354e-03
5.166539999999744396e+03 4.495568200945854187e-02 5.569204222410917282e-03
5.168019999999743959e+03 4.158953204751014709e-02 5.542373284697532654e-03
5.169499999999743522e+03 3.747007250785827637e-02 5.367105361074209213e-03
5.170979999999743086e+03 2.648352645337581635e-02 4.877168685197830200e-03
5.172459999999742649e+03 2.815740555524826050e-02 4.994225222617387772e-03
5.173939999999742213e+03 2.957251667976379395e-02 5.171797703951597214e-03
5.175419999999741776e+03 2.778853103518486023e-02 5.165352951735258102e-03
5.176899999999741340e+03 2.999993227422237396e-02 5.279288161545991898e-03
5.178379999999740903e+03 2.450557611882686615e-02 5.082902032881975174e-03
5.179859999999740467e+03 2.905830740928649902e-02 5.140517372637987137e-03
5.181339999999740030e+03 3.556910902261734009e-02 5.215029232203960419e-03
5.182819999999739593e+03 3.658904880285263062e-02 5.201630294322967529e-03
5.184299999999739157e+03 3.672136366367340088e-02 5.395053420215845108e-03
5.185779999999738720e+03 3.598744049668312073e-02 5.539014469832181931e-03
5.187259999999738284e+03 4.001213610172271729e-02 5.678902845829725266e-03
5.188739999999737847e+03 3.181347995996475220e-02 5.343303084373474121e-03
5.190219999999737411e+03 2.321903221309185028e-02 4.961829632520675659e-03
5.191699999999736974e+03 2.536339312791824341e-02 5.016138311475515366e-03
5.193179999999736538e+03 2.937018498778343201e-02 5.243826657533645630e-03
5.194659999999736101e+03 3.769399970769882202e-02 5.725030787289142609e-03
5.196139999999735664e+03 3.203076496720314026e-02 6.131306290626525879e-03
5.197619999999735228e+03 3.738242387771606445e-02 6.436379626393318176e-03
5.199099999999734791e+03 2.890602126717567444e-02 5.931578110903501511e-03
5.200579999999734355e+03 3.479852899909019470e-02 5.792981013655662537e-03
5.202059999999733918e+03 4.245366901159286499e-02 5.792953073978424072e-03
5.203539999999733482e+03 2.928240038454532623e-02 5.229769274592399597e-03
5.205019999999733045e+03 3.119499422609806061e-02 5.217526108026504517e-03
5.206499999999732609e+03 3.307402878999710083e-02 5.274414084851741791e-03
5.207979999999732172e+03 3.281378746032714844e-02 5.328646861016750336e-03
5.209459999999731735e+03 4.280394315719604492e-02 5.706104915589094162e-03
5.210939999999731299e+03 4.052668064832687378e-02 5.590264685451984406e-03
5.212419999999730862e+03 2.757530845701694489e-02 5.122859030961990356e-03
5.213899999999730426e+03 2.425885386765003204e-02 4.999725148081779480e-03
5.215379999999729989e+03 3.917413949966430664e-02 5.431810393929481506e-03
5.216859999999729553e+03 3.309825807809829712e-02 5.371273960918188095e-03
5.218339999999729116e+03 3.201420605182647705e-02 5.351127125322818756e-03
5.219819999999728680e+03 3.456820547580718994e-02 5.352700129151344299e-03
5.221299999999728243e+03 2.844309806823730469e-02 5.304780323058366776e-03
5.222779999999727806e+03 3.255622833967208862e-02 5.523691419512033463e-03
5.224259999999727370e+03 3.016210719943046570e-02 5.338663235306739807e-03
5.225739999999726933e+03 3.158251568675041199e-02 5.154220853000879288e-03
5.227219999999726497e+03 2.865868620574474335e-02 5.103942472487688065e-03
5.228699999999726060e+03 3.813401609659194946e-02 5.392566323280334473e-03
5.230179999999725624e+03 3.770570084452629089e-02 5.443288944661617279e-03
5.231659999999725187e+03 2.836091443896293640e-02 5.151520948857069016e-03
5.233139999999724751e+03 2.755518257617950439e-02 5.077685229480266571e-03
5.234619999999724314e+03 2.644539996981620789e-02 5.159439519047737122e-03
5.236099999999723877e+03 3.118983283638954163e-02 5.462263245135545731e-03
5.237579999999723441e+03 3.294090554118156433e-02 5.586900748312473297e-03
5.239059999999723004e+03 2.982064709067344666e-02 5.381159018725156784e-03
5.240539999999722568e+03 4.090231284499168396e-02 5.564221180975437164e-03
5.242019999999722131e+03 2.817279845476150513e-02 5.076755769550800323e-03
5.243499999999721695e+03 2.615986205637454987e-02 5.001097917556762695e-03
5.244979999999721258e+03 3.574453294277191162e-02 5.417639389634132385e-03
5.246459999999720822e+03 3.175859153270721436e-02 5.258746445178985596e-03
5.247939999999720385e+03 2.941351570188999176e-02 5.266067106276750565e-03
5.249419999999719948e+03 3.591003641486167908e-02 5.427555646747350693e-03
5.250899999999719512e+03 3.168808668851852417e-02 5.305603612214326859e-03
5.252379999999719075e+03 3.378508985042572021e-02 5.328030325472354889e-03
5.253859999999718639e+03 2.809485979378223419e-02 5.251559894531965256e-03
5.255339999999718202e+03 3.777550533413887024e-02 5.656411871314048767e-03
5.256819999999717766e+03 3.448710963129997253e-02 5.464714486151933670e-03
5.258299999999717329e+03 3.094033151865005493e-02 5.214186850935220718e-03
5.259779999999716892e+03 3.167792782187461853e-02 5.150926765054464340e-03
5.261259999999716456e+03 3.382968902587890625e-02 5.158102139830589294e-03
5.262739999999716019e+03 3.673838078975677490e-02 5.237067118287086487e-03
5.264219999999715583e+03 3.745356574654579163e-02 5.214571021497249603e-03
5.265699999999715146e+03 3.578875213861465454e-02 5.221251863986253738e-03
5.267179999999714710e+03 3.170577064156532288e-02 5.072370637208223343e-03
5.268659999999714273e+03 3.704142943024635315e-02 5.289739463478326797e-03
5.270139999999713837e+03 2.466581761837005615e-02 4.968445282429456711e-03
5.271619999999713400e+03 3.909982740879058838e-02 5.370489321649074554e-03
5.273099999999712963e+03 4.543086513876914978e-02 5.628067534416913986e-03
5.274579999999712527e+03 3.587297722697257996e-02 5.433419253677129745e-03
5.276059999999712090e+03 4.137379303574562073e-02 5.587268620729446411e-03
5.277539999999711654e+03 3.095220774412155151e-02 5.221096798777580261e-03
5.279019999999711217e+03 3.762438520789146423e-02 5.395053420215845108e-03
5.280499999999710781e+03 2.407174371182918549e-02 4.919590428471565247e-03
5.281979999999710344e+03 2.609642595052719116e-02 4.931535106152296066e-03
5.283459999999709908e+03 3.728801012039184570e-02 5.327043589204549789e-03
5.284939999999709471e+03 3.913876414299011230e-02 5.462931469082832336e-03
5.286419999999709034e+03 3.428548574447631836e-02 5.348389036953449249e-03
5.287899999999708598e+03 3.931707888841629028e-02 5.487033631652593613e-03
5.289379999999708161e+03 3.114406764507293701e-02 5.247957538813352585e-03
5.290859999999707725e+03 3.503317385911941528e-02 5.374517291784286499e-03
5.292339999999707288e+03 3.844992816448211670e-02 5.438260268419981003e-03
5.293819999999706852e+03 3.540212288498878479e-02 5.377721972763538361e-03
5.295299999999706415e+03 3.078430704772472382e-02 5.203736014664173126e-03
5.296779999999705979e+03 3.773268684744834900e-02 5.448040552437305450e-03
5.298259999999705542e+03 4.040740802884101868e-02 5.569231230765581131e-03
5.299739999999705105e+03 3.784289583563804626e-02 5.410108249634504318e-03
5.301219999999704669e+03 3.141001984477043152e-02 5.251289345324039459e-03
5.302699999999704232e+03 3.759768605232238770e-02 5.469218827784061432e-03
5.304179999999703796e+03 2.709893509745597839e-02 5.075976252555847168e-03
5.305659999999703359e+03 3.694795072078704834e-02 5.459238775074481964e-03
5.307139999999702923e+03 3.069553524255752563e-02 5.242592189460992813e-03
5.308619999999702486e+03 3.026875481009483337e-02 5.162189714610576630e-03
5.310099999999702050e+03 3.403387218713760376e-02 5.338393151760101318e-03
5.311579999999701613e+03 4.381722956895828247e-02 5.710223224014043808e-03
5.313059999999701176e+03 2.428204566240310669e-02 5.111331120133399963e-03
5.314539999999700740e+03 3.128006309270858765e-02 5.210071336477994919e-03
5.316019999999700303e+03 4.617979004979133606e-02 5.717535037547349930e-03
5.317499999999699867e+03 4.294726625084877014e-02 5.679333116859197617e-03
5.318979999999699430e+03 3.217523545026779175e-02 5.304643884301185608e-03
5.320459999999698994e+03 2.726972103118896484e-02 5.085589364171028137e-03
5.321939999999698557e+03 2.969002537429332733e-02 5.160335917025804520e-03
5.323419999999698121e+03 3.209109604358673096e-02 5.234607029706239700e-03
5.324899999999697684e+03 3.224862366914749146e-02 5.123951938003301620e-03
5.326379999999697247e+03 4.146667197346687317e-02 5.392547696828842163e-03
5.327859999999696811e+03 4.249767959117889404e-02 5.525396205484867096e-03
5.329339999999696374e+03 3.498944267630577087e-02 5.402443930506706238e-03
5.330819999999695938e+03 3.492761030793190002e-02 5.428836215287446976e-03
5.332299999999695501e+03 3.043601289391517639e-02 5.214835051447153091e-03
5.333779999999695065e+03 3.247354924678802490e-02 5.531726870685815811e-03
5.335259999999694628e+03 3.778969869017601013e-02 5.607371218502521515e-03
5.336739999999694192e+03 4.010173305869102478e-02 5.515322554856538773e-03
5.338219999999693755e+03 3.131211921572685242e-02 5.197214893996715546e-03
5.339699999999693318e+03 2.880148589611053467e-02 5.103645846247673035e-03
5.341179999999692882e+03 4.019936174154281616e-02 5.480099003762006760e-03
5.342659999999692445e+03 3.792422264814376831e-02 5.435373168438673019e-03
5.344139999999692009e+03 2.651480957865715027e-02 5.022845696657896042e-03
5.345619999999691572e+03 3.220357000827789307e-02 5.181731656193733215e-03
5.347099999999691136e+03 3.328915685415267944e-02 5.164070054888725281e-03
5.348579999999690699e+03 3.779824823141098022e-02 5.360375158488750458e-03
5.350059999999690262e+03 2.118150703608989716e-02 4.851259756833314896e-03
5.351539999999689826e+03 2.734559029340744019e-02 5.003121215850114822e-03
5.353019999999689389e+03 3.541766479611396790e-02 5.401965230703353882e-03
5.354499999999688953e+03 3.416690975427627563e-02 5.422348156571388245e-03
5.355979999999688516e+03 2.784509584307670593e-02 5.161920096725225449e-03
5.357459999999688080e+03 3.481591492891311646e-02 5.351513158529996872e-03
5.358939999999687643e+03 3.230542689561843872e-02 5.240633152425289154e-03
5.360419999999687207e+03 2.795596793293952942e-02 5.038872361183166504e-03
5.361899999999686770e+03 3.221750631928443909e-02 5.188637878745794296e-03
5.363379999999686333e+03 3.298909217119216919e-02 5.152400583028793335e-03
5.364859999999685897e+03 3.348433598875999451e-02 5.147566087543964386e-03
5.366339999999685460e+03 3.661930188536643982e-02 5.310159176588058472e-03
5.367819999999685024e+03 3.938332572579383850e-02 5.318132694810628891e-03
5.369299999999684587e+03 3.247551247477531433e-02 5.066683981567621231e-03
5.370779999999684151e+03 3.458629548549652100e-02 5.197981838136911392e-03
5.372259999999683714e+03 3.141318634152412415e-02 5.178403574973344803e-03
5.373739999999683278e+03 3.718788176774978638e-02 5.407527554780244827e-03
5.375219999999682841e+03 4.195107519626617432e-02 5.576058756560087204e-03
5.376699999999682404e+03 3.824541345238685608e-02 5.448467098176479340e-03
5.378179999999681968e+03 2.800079993903636932e-02 5.097819957882165909e-03
5.379659999999681531e+03 2.624147385358810425e-02 4.997549112886190414e-03
5.381139999999681095e+03 3.203168511390686035e-02 5.158901214599609375e-03
5.382619999999680658e+03 4.057499766349792480e-02 5.433548707515001297e-03
5.384099999999680222e+03 4.022033512592315674e-02 5.443271249532699585e-03
5.385579999999679785e+03 3.810486942529678345e-02 5.326147191226482391e-03
5.387059999999679349e+03 3.784799203276634216e-02 2.245096117258071899e-02
5.388539999999678912e+03 3.206834197044372559e-02 5.579154007136821747e-03
5.390019999999678475e+03 3.615855425596237183e-02 5.197682883590459824e-03
5.391499999999678039e+03 4.084990918636322021e-02 5.371538922190666199e-03
5.392979999999677602e+03 3.438077121973037720e-02 5.182811524718999863e-03
5.394459999999677166e+03 3.457620739936828613e-02 5.202979315072298050e-03
5.395939999999676729e+03 3.633097559213638306e-02 5.228543654084205627e-03
5.397419999999676293e+03 3.716937825083732605e-02 5.314513575285673141e-03
5.398899999999675856e+03 2.092096023261547089e-02 4.821665119379758835e-03
5.400379999999675420e+03 2.870808541774749756e-02 5.047874990850687027e-03
5.401859999999674983e+03 3.358314186334609985e-02 5.174230784177780151e-03
5.403339999999674546e+03 3.500379621982574463e-02 5.161038134247064590e-03
5.404819999999674110e+03 3.246942907571792603e-02 5.050954874604940414e-03
5.406299999999673673e+03 2.878951840102672577e-02 5.021675955504179001e-03
5.407779999999673237e+03 2.949994057416915894e-02 5.006076302379369736e-03
5.409259999999672800e+03 3.576369211077690125e-02 5.127833690494298935e-03
5.410739999999672364e+03 3.332929313182830811e-02 5.125151015818119049e-03
5.412219999999671927e+03 2.627137862145900726e-02 4.899698309600353241e-03
5.413699999999671491e+03 3.034107945859432220e-02 5.003107711672782898e-03
5.415179999999671054e+03 3.467899933457374573e-02 5.165046546608209610e-03
5.416659999999670617e+03 3.346558660268783569e-02 5.151156336069107056e-03
5.418139999999670181e+03 3.142796456813812256e-02 5.117034073919057846e-03
5.419619999999669744e+03 2.695655450224876404e-02 4.978496115654706955e-03
5.421099999999669308e+03 2.714688703417778015e-02 4.990014247596263885e-03
5.422579999999668871e+03 3.379211574792861938e-02 5.160591099411249161e-03
5.424059999999668435e+03 3.877478837966918945e-02 5.341382231563329697e-03
5.425539999999667998e+03 3.959611803293228149e-02 5.444828420877456665e-03
5.427019999999667561e+03 3.458474576473236084e-02 5.214679520577192307e-03
5.428499999999667125e+03 3.515016287565231323e-02 5.183383822441101074e-03
5.429979999999666688e+03 2.937072888016700745e-02 4.998119082301855087e-03
5.431459999999666252e+03 4.211085289716720581e-02 5.388862919062376022e-03
5.432939999999665815e+03 3.961266204714775085e-02 5.343595054000616074e-03
5.434419999999665379e+03 3.568724170327186584e-02 5.187876056879758835e-03
5.435899999999664942e+03 3.869591653347015381e-02 5.266937892884016037e-03
5.437379999999664506e+03 3.754901513457298279e-02 5.273679271340370178e-03
5.438859999999664069e+03 4.294657334685325623e-02 5.423685070127248764e-03
5.440339999999663632e+03 3.788652271032333374e-02 5.316925700753927231e-03
5.441819999999663196e+03 3.872456401586532593e-02 5.358255468308925629e-03
5.443299999999662759e+03 3.925899788737297058e-02 5.336863454431295395e-03
5.444779999999662323e+03 3.823987767100334167e-02 5.295046605169773102e-03
5.446259999999661886e+03 3.085256367921829224e-02 5.063116084784269333e-03
5.447739999999661450e+03 4.479545727372169495e-02 5.508433561772108078e-03
5.449219999999661013e+03 3.985590487718582153e-02 5.402470007538795471e-03
5.450699999999660577e+03 3.616331517696380615e-02 5.299050360918045044e-03
5.452179999999660140e+03 3.579807654023170471e-02 5.216572899371385574e-03
5.453659999999659703e+03 4.093504697084426880e-02 5.269813351333141327e-03
5.455139999999659267e+03 3.946608304977416992e-02 5.291100125759840012e-03
5.456619999999658830e+03 3.071447461843490601e-02 5.040538962930440903e-03
5.458099999999658394e+03 3.689360618591308594e-02 5.335185676813125610e-03
5.459579999999657957e+03 4.387700185179710388e-02 5.572139285504817963e-03
5.461059999999657521e+03 3.575699776411056519e-02 5.255289375782012939e-03
5.462539999999657084e+03 3.344552963972091675e-02 5.090472288429737091e-03
5.464019999999656648e+03 3.400582075119018555e-02 5.113471299409866333e-03
5.465499999999656211e+03 3.776028752326965332e-02 5.261460319161415100e-03
5.466979999999655774e+03 3.613951802253723145e-02 5.229307804256677628e-03
5.468459999999655338e+03 4.274557903409004211e-02 5.447303410619497299e-03
5.469939999999654901e+03 3.925766050815582275e-02 5.359590984880924225e-03
5.471419999999654465e+03 3.215495496988296509e-02 5.112212616950273514e-03
5.472899999999654028e+03 3.194668889045715332e-02 5.164364818483591080e-03
5.474379999999653592e+03 3.398269414901733398e-02 5.128472112119197845e-03
5.475859999999653155e+03 3.722538053989410400e-02 5.193314515054225922e-03
5.477339999999652719e+03 4.309720546007156372e-02 5.412010475993156433e-03
5.478819999999652282e+03 3.084458783268928528e-02 5.085413809865713120e-03
5.480299999999651845e+03 3.092415258288383484e-02 5.059307906776666641e-03
5.481779999999651409e+03 2.939272858202457428e-02 5.005971062928438187e-03
5.483259999999650972e+03 3.569093346595764160e-02 5.246809218078851700e-03
5.484739999999650536e+03 3.545854985713958740e-02 5.231972318142652512e-03
5.486219999999650099e+03 2.952497452497482300e-02 4.981982521712779999e-03
5.487699999999649663e+03 3.962169960141181946e-02 5.351928994059562683e-03
5.489179999999649226e+03 2.931701764464378357e-02 5.045675672590732574e-03
5.490659999999648790e+03 2.867216989398002625e-02 5.017336457967758179e-03
5.492139999999648353e+03 3.597336262464523315e-02 5.243273917585611343e-03
5.493619999999647916e+03 3.369907662272453308e-02 5.138325039297342300e-03
5.495099999999647480e+03 3.554832190275192261e-02 5.188290495425462723e-03
5.496579999999647043e+03 3.525410220026969910e-02 5.222863983362913132e-03
5.498059999999646607e+03 3.701525181531906128e-02 5.307753570377826691e-03
5.499539999999646170e+03 3.394955396652221680e-02 5.211360286921262741e-03
5.501019999999645734e+03 4.509551823139190674e-02 5.476645193994045258e-03
5.502499999999645297e+03 3.432352468371391296e-02 5.174213554710149765e-03
5.503979999999644861e+03 3.672811388969421387e-02 5.239020567387342453e-03
5.505459999999644424e+03 3.033521026372909546e-02 5.029000341892242432e-03
5.506939999999643987e+03 2.739380672574043274e-02 4.979198332875967026e-03
5.508419999999643551e+03 3.174122422933578491e-02 5.159363150596618652e-03
5.509899999999643114e+03 3.172169625759124756e-02 5.125634372234344482e-03
5.511379999999642678e+03 3.975633904337882996e-02 5.371216218918561935e-03
5.512859999999642241e+03 3.010468557476997375e-02 5.103531293570995331e-03
5.514339999999641805e+03 3.474558144807815552e-02 5.209521856158971786e-03
5.515819999999641368e+03 2.634041756391525269e-02 4.997991025447845459e-03
5.517299999999640931e+03 3.574317693710327148e-02 5.293189547955989838e-03
5.518779999999640495e+03 3.920845314860343933e-02 5.395258776843547821e-03
5.520259999999640058e+03 2.707665413618087769e-02 5.007120780646800995e-03
5.521739999999639622e+03 3.609514981508255005e-02 5.264590028673410416e-03
5.523219999999639185e+03 3.880914300680160522e-02 5.319902673363685608e-03
5.524699999999638749e+03 3.504315763711929321e-02 5.183126311749219894e-03
5.526179999999638312e+03 3.388943150639533997e-02 5.069110076874494553e-03
5.527659999999637876e+03 3.510624915361404419e-02 5.112973973155021667e-03
5.529139999999637439e+03 3.722359612584114075e-02 5.241062492132186890e-03
5.530619999999637002e+03 3.629146516323089600e-02 5.227676592767238617e-03
5.532099999999636566e+03 3.035021200776100159e-02 5.005956161767244339e-03
5.533579999999636129e+03 3.630296513438224792e-02 5.182136781513690948e-03
5.535059999999635693e+03 3.125282749533653259e-02 5.027934908866882324e-03
5.536539999999635256e+03 3.854285180568695068e-02 5.293587222695350647e-03
5.538019999999634820e+03 4.690606147050857544e-02 5.509018898010253906e-03
5.539499999999634383e+03 3.957469388842582703e-02 5.501852836459875107e-03
5.540979999999633947e+03 4.492332041263580322e-02 5.736419931054115295e-03
5.542459999999633510e+03 3.917799144983291626e-02 5.531738977879285812e-03
5.543939999999633073e+03 3.011056967079639435e-02 5.256786476820707321e-03
5.545419999999632637e+03 3.698051720857620239e-02 5.353830289095640182e-03
5.546899999999632200e+03 3.649190068244934082e-02 5.292452406138181686e-03
5.548379999999631764e+03 3.735071793198585510e-02 5.309051834046840668e-03
5.549859999999631327e+03 2.591382898390293121e-02 5.005424842238426208e-03
5.551339999999630891e+03 2.803229540586471558e-02 5.000826437026262283e-03
5.552819999999630454e+03 2.961895801126956940e-02 5.034523550420999527e-03
5.554299999999630018e+03 3.555370122194290161e-02 5.215032957494258881e-03
5.555779999999629581e+03 4.223072901368141174e-02 5.422629881650209427e-03
5.557259999999629144e+03 4.860593378543853760e-02 5.637464113533496857e-03
5.558739999999628708e+03 3.076506778597831726e-02 5.135328043252229691e-03
5.560219999999628271e+03 3.347590565681457520e-02 5.222320556640625000e-03
5.561699999999627835e+03 3.769642114639282227e-02 5.536443553864955902e-03
5.563179999999627398e+03 4.232085868716239929e-02 5.736593622714281082e-03
5.564659999999626962e+03 4.303350299596786499e-02 5.591666791588068008e-03
5.566139999999626525e+03 3.642429038882255554e-02 5.251109134405851364e-03
5.567619999999626089e+03 2.909463085234165192e-02 5.109009798616170883e-03
5.569099999999625652e+03 3.651661425828933716e-02 5.307413637638092041e-03
5.570579999999625215e+03 4.314877465367317200e-02 5.499808117747306824e-03
5.572059999999624779e+03 3.111525624990463257e-02 5.030100233852863312e-03
5.573539999999624342e+03 -2.980802953243255615e-02 5.008840933442115784e-03
5.575019999999623906e+03 -4.044977203011512756e-02 2.209119684994220734e-02
5.576499999999623469e+03 1.002131104469299316e-01 2.786729298532009125e-02
5.577979999999623033e+03 1.040820702910423279e-01 2.046680636703968048e-02
5.579459999999622596e+03 7.186143659055233002e-03 5.316894035786390305e-03
5.580939999999622160e+03 4.305250570178031921e-02 5.477710161358118057e-03
5.582419999999621723e+03 3.288528323173522949e-02 5.159695632755756378e-03
5.583899999999621286e+03 3.200891986489295959e-02 5.078177899122238159e-03
5.585379999999620850e+03 3.277300298213958740e-02 5.057064816355705261e-03
5.586859999999620413e+03 3.661765903234481812e-02 5.340985953807830811e-03
5.588339999999619977e+03 2.503171004354953766e-02 5.099401809275150299e-03
5.589819999999619540e+03 4.513249173760414124e-02 5.578469019383192062e-03
5.591299999999619104e+03 4.530271887779235840e-02 5.452879238873720169e-03
5.592779999999618667e+03 4.197196662425994873e-02 5.353603512048721313e-03
5.594259999999618231e+03 3.341422975063323975e-02 5.128313787281513214e-03
5.595739999999617794e+03 2.441727370023727417e-02 4.877531901001930237e-03
5.597219999999617357e+03 3.099583834409713745e-02 5.125483963638544083e-03
5.598699999999616921e+03 3.337433189153671265e-02 5.086941178888082504e-03
5.600179999999616484e+03 2.392475865781307220e-02 4.756495356559753418e-03
5.601659999999616048e+03 2.906707488000392914e-02 4.984776955097913742e-03
5.603139999999615611e+03 3.804335370659828186e-02 5.551095586270093918e-03
5.604619999999615175e+03 2.737788297235965729e-02 5.385996773838996887e-03
5.606099999999614738e+03 4.160527884960174561e-02 5.538363009691238403e-03
5.607579999999614301e+03 3.802793473005294800e-02 5.254483781754970551e-03
5.609059999999613865e+03 3.543915599584579468e-02 5.227672401815652847e-03
5.610539999999613428e+03 3.210410103201866150e-02 5.114414729177951813e-03
5.612019999999612992e+03 3.619113564491271973e-02 5.179669242352247238e-03
5.613499999999612555e+03 3.268345072865486145e-02 4.994055256247520447e-03
5.614979999999612119e+03 3.062834963202476501e-02 4.943325649946928024e-03
5.616459999999611682e+03 3.683258965611457825e-02 5.258305929601192474e-03
5.617939999999611246e+03 2.960828691720962524e-02 5.043430253863334656e-03
5.619419999999610809e+03 3.383985161781311035e-02 5.138051230460405350e-03
5.620899999999610372e+03 2.740734629333019257e-02 5.044007673859596252e-03
5.622379999999609936e+03 3.058170154690742493e-02 5.260491743683815002e-03
5.623859999999609499e+03 3.481315821409225464e-02 5.299211479723453522e-03
5.625339999999609063e+03 2.732954919338226318e-02 4.936132580041885376e-03
5.626819999999608626e+03 2.714739367365837097e-02 4.874103702604770660e-03
5.628299999999608190e+03 3.767258673906326294e-02 5.227400921285152435e-03
5.629779999999607753e+03 3.907095268368721008e-02 5.281648132950067520e-03
5.631259999999607317e+03 3.502099961042404175e-02 5.080176983028650284e-03
5.632739999999606880e+03 3.156778216361999512e-02 4.979981109499931335e-03
5.634219999999606443e+03 2.224050089716911316e-02 4.665295593440532684e-03
5.635699999999606007e+03 2.437768690288066864e-02 4.717220086604356766e-03
5.637179999999605570e+03 4.074848070740699768e-02 5.268859677016735077e-03
5.638659999999605134e+03 3.635520488023757935e-02 5.189646966755390167e-03
5.640139999999604697e+03 3.075676783919334412e-02 4.966954234987497330e-03
5.641619999999604261e+03 4.049398005008697510e-02 5.214851349592208862e-03
5.643099999999603824e+03 4.436254873871803284e-02 5.436120089143514633e-03
5.644579999999603388e+03 3.441255167126655579e-02 5.244278348982334137e-03
5.646059999999602951e+03 3.370413184165954590e-02 5.151053424924612045e-03
5.647539999999602514e+03 3.522205352783203125e-02 5.118113011121749878e-03
5.649019999999602078e+03 2.877945452928543091e-02 4.903489258140325546e-03
5.650499999999601641e+03 2.969310618937015533e-02 4.954133182764053345e-03
5.651979999999601205e+03 3.238295018672943115e-02 5.032187793403863907e-03
5.653459999999600768e+03 3.096517361700534821e-02 4.952465184032917023e-03
5.654939999999600332e+03 3.458147495985031128e-02 5.043800920248031616e-03
5.656419999999599895e+03 4.786117747426033020e-02 5.433576647192239761e-03
5.657899999999599459e+03 3.828637301921844482e-02 5.167021881788969040e-03
5.659379999999599022e+03 3.301611542701721191e-02 5.045169964432716370e-03
5.660859999999598585e+03 3.694798052310943604e-02 5.131762940436601639e-03
5.662339999999598149e+03 3.773002699017524719e-02 5.163937807083129883e-03
5.663819999999597712e+03 3.684389591217041016e-02 5.209679715335369110e-03
5.665299999999597276e+03 2.369891852140426636e-02 4.777607973664999008e-03
5.666779999999596839e+03 2.265745587646961212e-02 4.810070618987083435e-03
5.668259999999596403e+03 3.416258469223976135e-02 5.217482335865497589e-03
5.669739999999595966e+03 3.780191764235496521e-02 5.331333726644515991e-03
5.671219999999595530e+03 3.084301576018333435e-02 5.103708244860172272e-03
5.672699999999595093e+03 2.797292545437812805e-02 4.962834063917398453e-03
5.674179999999594656e+03 3.467534482479095459e-02 5.135410930961370468e-03
5.675659999999594220e+03 3.784089535474777222e-02 5.227388814091682434e-03
5.677139999999593783e+03 3.991544991731643677e-02 5.314039997756481171e-03
5.678619999999593347e+03 3.207135200500488281e-02 5.090530961751937866e-03
5.680099999999592910e+03 3.111791983246803284e-02 5.060382653027772903e-03
5.681579999999592474e+03 2.856612950563430786e-02 4.967498127371072769e-03
5.683059999999592037e+03 3.205287456512451172e-02 5.084127653390169144e-03
5.684539999999591600e+03 3.436248376965522766e-02 5.148683208972215652e-03
5.686019999999591164e+03 2.550021186470985413e-02 4.885312169790267944e-03
5.687499999999590727e+03 3.289765492081642151e-02 5.127273499965667725e-03
5.688979999999590291e+03 2.491128258407115936e-02 4.907399881631135941e-03
5.690459999999589854e+03 3.422708064317703247e-02 5.224497057497501373e-03
5.691939999999589418e+03 3.900693729519844055e-02 5.328129976987838745e-03
5.693419999999588981e+03 3.798684850335121155e-02 5.229675676673650742e-03
5.694899999999588545e+03 3.865708410739898682e-02 5.302019417285919189e-03
5.696379999999588108e+03 3.747486695647239685e-02 5.313970148563385010e-03
5.697859999999587671e+03 4.148360341787338257e-02 5.374022293835878372e-03
5.699339999999587235e+03 3.842628747224807739e-02 5.289592780172824860e-03
5.700819999999586798e+03 3.177107870578765869e-02 5.095836706459522247e-03
5.702299999999586362e+03 2.960220538079738617e-02 4.989413078874349594e-03
5.703779999999585925e+03 3.653421252965927124e-02 5.193534772843122482e-03
5.705259999999585489e+03 3.438664600253105164e-02 5.123727023601531982e-03
5.706739999999585052e+03 3.309144452214241028e-02 5.064872093498706818e-03
5.708219999999584616e+03 3.224249929189682007e-02 4.979922901839017868e-03
5.709699999999584179e+03 3.766180574893951416e-02 5.154627375304698944e-03
5.711179999999583742e+03 3.074508905410766602e-02 5.032377783209085464e-03
5.712659999999583306e+03 2.915763482451438904e-02 4.987992811948060989e-03
5.714139999999582869e+03 3.645133972167968750e-02 5.190293304622173309e-03
5.715619999999582433e+03 3.071516007184982300e-02 5.048375576734542847e-03
5.717099999999581996e+03 2.972431480884552002e-02 4.986723419278860092e-03
5.718579999999581560e+03 2.452729456126689911e-02 4.821639042347669601e-03
5.720059999999581123e+03 3.239980340003967285e-02 5.074211396276950836e-03
5.721539999999580687e+03 3.193968534469604492e-02 5.082731600850820541e-03
5.723019999999580250e+03 2.975012734532356262e-02 5.025518126785755157e-03
5.724499999999579813e+03 3.524154424667358398e-02 5.182054359465837479e-03
5.725979999999579377e+03 3.573106974363327026e-02 5.195657722651958466e-03
5.727459999999578940e+03 2.421039342880249023e-02 4.770885687321424484e-03
5.728939999999578504e+03 3.214696422219276428e-02 5.035007838159799576e-03
5.730419999999578067e+03 3.378775715827941895e-02 5.074157379567623138e-03
5.731899999999577631e+03 3.498266264796257019e-02 5.109260324388742447e-03
5.733379999999577194e+03 2.968409098684787750e-02 5.042418837547302246e-03
5.734859999999576758e+03 2.918636053800582886e-02 4.940359853208065033e-03
5.736339999999576321e+03 3.642898052930831909e-02 5.135575309395790100e-03
5.737819999999575884e+03 3.475676849484443665e-02 5.107160657644271851e-03
5.739299999999575448e+03 2.863652259111404419e-02 4.949080757796764374e-03
5.740779999999575011e+03 2.812739834189414978e-02 4.928787238895893097e-03
5.742259999999574575e+03 4.316084831953048706e-02 5.365574266761541367e-03
5.743739999999574138e+03 3.961074724793434143e-02 5.271955858916044235e-03
5.745219999999573702e+03 3.628380224108695984e-02 5.130545701831579208e-03
5.746699999999573265e+03 2.772794291377067566e-02 4.843357484787702560e-03
5.748179999999572829e+03 3.641379624605178833e-02 5.131745710968971252e-03
5.749659999999572392e+03 3.270339965820312500e-02 4.987969994544982910e-03
5.751139999999571955e+03 3.592218831181526184e-02 5.082428921014070511e-03
5.752619999999571519e+03 3.343435004353523254e-02 4.963695537298917770e-03
5.754099999999571082e+03 4.769829660654067993e-02 5.414822138845920563e-03
5.755579999999570646e+03 4.296847060322761536e-02 5.355136469006538391e-03
5.757059999999570209e+03 3.164828568696975708e-02 4.996520467102527618e-03
5.758539999999569773e+03 2.828873321413993835e-02 4.873498342931270599e-03
5.760019999999569336e+03 2.722646854817867279e-02 4.826538730412721634e-03
5.761499999999568900e+03 2.935614809393882751e-02 4.913497250527143478e-03
5.762979999999568463e+03 2.866651490330696106e-02 4.930853378027677536e-03
5.764459999999568026e+03 2.885470911860466003e-02 4.930065013468265533e-03
5.765939999999567590e+03 3.493047133088111877e-02 5.124863702803850174e-03
5.767419999999567153e+03 3.287518024444580078e-02 5.066547077149152756e-03
5.768899999999566717e+03 3.754762560129165649e-02 5.182627122849225998e-03
5.770379999999566280e+03 2.272392064332962036e-02 4.680292215198278427e-03
5.771859999999565844e+03 3.052030876278877258e-02 4.963003098964691162e-03
5.773339999999565407e+03 1.930438354611396790e-02 4.538815468549728394e-03
5.774819999999564970e+03 3.559036180377006531e-02 5.071765277534723282e-03
5.776299999999564534e+03 4.360751807689666748e-02 5.354672204703092575e-03
5.777779999999564097e+03 3.317179530858993530e-02 5.059882998466491699e-03
5.779259999999563661e+03 3.109461814165115356e-02 4.955864511430263519e-03
5.780739999999563224e+03 3.000929951667785645e-02 4.887550603598356247e-03
5.782219999999562788e+03 3.270196914672851562e-02 4.957749042659997940e-03
5.783699999999562351e+03 3.474361449480056763e-02 5.043075885623693466e-03
5.785179999999561915e+03 2.682461217045783997e-02 4.850926809012889862e-03
5.786659999999561478e+03 2.904728055000305176e-02 4.923530388623476028e-03
5.788139999999561041e+03 3.951537609100341797e-02 5.220880731940269470e-03
5.789619999999560605e+03 3.959996998310089111e-02 5.261394660919904709e-03
5.791099999999560168e+03 3.453602269291877747e-02 5.060745403170585632e-03
5.792579999999559732e+03 3.512259200215339661e-02 5.082481540739536285e-03
5.794059999999559295e+03 3.776018694043159485e-02 5.146528128534555435e-03
5.795539999999558859e+03 2.794523537158966064e-02 4.841743968427181244e-03
5.797019999999558422e+03 3.788958117365837097e-02 5.128559190779924393e-03
5.798499999999557986e+03 3.385030850768089294e-02 4.969566594809293747e-03
5.799979999999557549e+03 3.095333278179168701e-02 4.932648967951536179e-03
5.801459999999557112e+03 2.392704412341117859e-02 4.739962983876466751e-03
5.802939999999556676e+03 3.231225162744522095e-02 4.989399109035730362e-03
5.804419999999556239e+03 2.920668572187423706e-02 4.892120603471994400e-03
5.805899999999555803e+03 2.584197744727134705e-02 4.777462687343358994e-03
5.807379999999555366e+03 3.211323171854019165e-02 4.994027782231569290e-03
5.808859999999554930e+03 3.672824427485466003e-02 5.142918322235345840e-03
5.810339999999554493e+03 3.445420041680335999e-02 5.069620907306671143e-03
5.811819999999554057e+03 3.443535417318344116e-02 5.029301624745130539e-03
5.813299999999553620e+03 3.384486958384513855e-02 5.057069938629865646e-03
5.814779999999553183e+03 2.416957542300224304e-02 4.684891086071729660e-03
5.816259999999552747e+03 3.254183381795883179e-02 4.958397708833217621e-03
5.817739999999552310e+03 2.650310285389423370e-02 4.811472259461879730e-03
5.819219999999551874e+03 3.568256646394729614e-02 5.089647136628627777e-03
5.820699999999551437e+03 3.897484764456748962e-02 5.194729194045066833e-03
5.822179999999551001e+03 2.829229831695556641e-02 4.880180116742849350e-03
5.823659999999550564e+03 2.877312712371349335e-02 4.904837347567081451e-03
5.825139999999550128e+03 2.318589575588703156e-02 4.719361662864685059e-03
5.826619999999549691e+03 3.120757639408111572e-02 4.938326776027679443e-03
5.828099999999549254e+03 3.889368101954460144e-02 5.203837994486093521e-03
5.829579999999548818e+03 3.337863832712173462e-02 5.032626911997795105e-03
5.831059999999548381e+03 2.901552245020866394e-02 4.915832541882991791e-03
5.832539999999547945e+03 2.652183547616004944e-02 4.818035289645195007e-03
5.834019999999547508e+03 2.937048487365245819e-02 4.912085831165313721e-03
5.835499999999547072e+03 3.302522003650665283e-02 5.012513138353824615e-03
5.836979999999546635e+03 3.355307877063751221e-02 5.033533554524183273e-03
5.838459999999546199e+03 4.239647090435028076e-02 5.274832714349031448e-03
5.839939999999545762e+03 3.957717120647430420e-02 5.162738729268312454e-03
5.841419999999545325e+03 3.345759958028793335e-02 4.985421430319547653e-03
5.842899999999544889e+03 3.206763043999671936e-02 4.948863293975591660e-03
5.844379999999544452e+03 2.897069230675697327e-02 4.871391691267490387e-03
5.845859999999544016e+03 3.791440278291702271e-02 5.116692744195461273e-03
5.847339999999543579e+03 3.113744780421257019e-02 4.920302424579858780e-03
5.848819999999543143e+03 2.307837083935737610e-02 4.695970099419355392e-03
5.850299999999542706e+03 3.264714404940605164e-02 4.945293068885803223e-03
5.851779999999542270e+03 3.184364736080169678e-02 4.934656433761119843e-03
5.853259999999541833e+03 2.819593995809555054e-02 4.832136444747447968e-03
5.854739999999541396e+03 2.946470305323600769e-02 4.857906140387058258e-03
5.856219999999540960e+03 3.297213837504386902e-02 4.976490978151559830e-03
5.857699999999540523e+03 2.686710283160209656e-02 4.762377124279737473e-03
5.859179999999540087e+03 3.014378622174263000e-02 4.864016082137823105e-03
5.860659999999539650e+03 3.679730370640754700e-02 5.049811676144599915e-03
5.862139999999539214e+03 3.753394633531570435e-02 5.129855591803789139e-03
5.863619999999538777e+03 3.418725356459617615e-02 5.355856381356716156e-03
5.865099999999538340e+03 2.513536438345909119e-02 5.561559461057186127e-03
5.866579999999537904e+03 2.684893086552619934e-02 5.696917884051799774e-03
5.868059999999537467e+03 3.254948928952217102e-02 5.595456343144178391e-03
5.869539999999537031e+03 2.864692918956279755e-02 5.148944910615682602e-03
5.871019999999536594e+03 3.543526679277420044e-02 5.177388899028301239e-03
5.872499999999536158e+03 3.578880801796913147e-02 5.244164727628231049e-03
5.873979999999535721e+03 2.838712371885776520e-02 4.963347222656011581e-03
5.875459999999535285e+03 3.162267431616783142e-02 4.986005835235118866e-03
5.876939999999534848e+03 3.602072969079017639e-02 5.082509946078062057e-03
5.878419999999534411e+03 4.181996732950210571e-02 5.235451273620128632e-03
5.879899999999533975e+03 3.414821624755859375e-02 5.009086336940526962e-03
5.881379999999533538e+03 3.226723521947860718e-02 4.941970109939575195e-03
5.882859999999533102e+03 4.008588567376136780e-02 5.208550952374935150e-03
5.884339999999532665e+03 3.140347450971603394e-02 5.010839086025953293e-03
5.885819999999532229e+03 2.126946672797203064e-02 5.201200488954782486e-03
5.887299999999531792e+03 2.975247241556644440e-02 7.178252097219228745e-03
5.888779999999531356e+03 3.793096169829368591e-02 8.231466636061668396e-03
5.890259999999530919e+03 4.506456851959228516e-02 7.597037591040134430e-03
5.891739999999530482e+03 3.575720638036727905e-02 5.601113196462392807e-03
5.893219999999530046e+03 2.789262682199478149e-02 5.821732804179191589e-03
5.894699999999529609e+03 3.152228519320487976e-02 6.868519354611635208e-03
5.896179999999529173e+03 3.649597242474555969e-02 6.645305082201957703e-03
5.897659999999528736e+03 4.345355555415153503e-02 5.641666240990161896e-03
5.899139999999528300e+03 3.018460422754287720e-02 4.863610956817865372e-03
5.900619999999527863e+03 2.903686277568340302e-02 4.894588142633438110e-03
5.902099999999527427e+03 3.146935626864433289e-02 5.042620934545993805e-03
5.903579999999526990e+03 3.196130320429801941e-02 5.137350410223007202e-03
5.905059999999526553e+03 3.342146426439285278e-02 5.265232175588607788e-03
5.906539999999526117e+03 3.468101844191551208e-02 5.292614921927452087e-03
5.908019999999525680e+03 3.135976567864418030e-02 5.066728219389915466e-03
5.909499999999525244e+03 3.171751648187637329e-02 4.977178294211626053e-03
5.910979999999524807e+03 3.396036475896835327e-02 5.036470945924520493e-03
5.912459999999524371e+03 3.183436766266822815e-02 5.306915845721960068e-03
5.913939999999523934e+03 2.633528411388397217e-02 5.703529808670282364e-03
5.915419999999523498e+03 3.243709355592727661e-02 5.771949887275695801e-03
5.916899999999523061e+03 3.458507359027862549e-02 5.302571691572666168e-03
5.918379999999522624e+03 2.861574478447437286e-02 4.868353717029094696e-03
5.919859999999522188e+03 3.121672570705413818e-02 4.992720670998096466e-03
5.921339999999521751e+03 1.876839809119701385e-02 4.687581676989793777e-03
5.922819999999521315e+03 3.340361639857292175e-02 5.330132786184549332e-03
5.924299999999520878e+03 3.590019792318344116e-02 5.472283810377120972e-03
5.925779999999520442e+03 3.230705112218856812e-02 5.230402108281850815e-03
5.927259999999520005e+03 3.375419974327087402e-02 5.003690719604492188e-03
5.928739999999519569e+03 3.288742527365684509e-02 5.016404669731855392e-03
5.930219999999519132e+03 3.043018840253353119e-02 5.331478547304868698e-03
5.931699999999518695e+03 3.557777032256126404e-02 6.170835345983505249e-03
5.933179999999518259e+03 4.371214658021926880e-02 6.199514959007501602e-03
5.934659999999517822e+03 2.935390360653400421e-02 5.076343659311532974e-03
5.936139999999517386e+03 2.946161851286888123e-02 4.922374151647090912e-03
5.937619999999516949e+03 3.226379677653312683e-02 5.012116860598325729e-03
5.939099999999516513e+03 2.806131169199943542e-02 4.828535951673984528e-03
5.940579999999516076e+03 3.557615727186203003e-02 4.988810978829860687e-03
5.942059999999515640e+03 3.115883283317089081e-02 4.925539251416921616e-03
5.943539999999515203e+03 2.446165494620800018e-02 4.902923014014959335e-03
5.945019999999514766e+03 3.363011777400970459e-02 5.357006564736366272e-03
5.946499999999514330e+03 2.835572510957717896e-02 5.086742341518402100e-03
5.947979999999513893e+03 3.248400241136550903e-02 4.970321431756019592e-03
5.949459999999513457e+03 3.110768459737300873e-02 4.881966393440961838e-03
5.950939999999513020e+03 3.526534885168075562e-02 5.472361575812101364e-03
5.952419999999512584e+03 3.268896043300628662e-02 5.764287430793046951e-03
5.953899999999512147e+03 3.939525783061981201e-02 5.774610675871372223e-03
5.955379999999511710e+03 3.939975053071975708e-02 5.302608478814363480e-03
5.956859999999511274e+03 3.124099411070346832e-02 4.887390416115522385e-03
5.958339999999510837e+03 2.270473912358283997e-02 4.697951488196849823e-03
5.959819999999510401e+03 3.330056369304656982e-02 4.992029163986444473e-03
5.961299999999509964e+03 3.026627004146575928e-02 4.905612207949161530e-03
5.962779999999509528e+03 2.833909913897514343e-02 4.867381416261196136e-03
5.964259999999509091e+03 2.961626648902893066e-02 4.916011821478605270e-03
5.965739999999508655e+03 3.031602129340171814e-02 4.909413866698741913e-03
5.967219999999508218e+03 3.738468512892723083e-02 5.180212203413248062e-03
5.968699999999507781e+03 3.607014566659927368e-02 5.297914613038301468e-03
5.970179999999507345e+03 3.022161126136779785e-02 5.145573988556861877e-03
5.971659999999506908e+03 2.384885028004646301e-02 4.765796940773725510e-03
5.973139999999506472e+03 2.935785800218582153e-02 4.902370739728212357e-03
5.974619999999506035e+03 3.088037297129631042e-02 5.185876972973346710e-03
5.976099999999505599e+03 2.747867256402969360e-02 5.317412782460451126e-03
5.977579999999505162e+03 4.461977258324623108e-02 5.697996355593204498e-03
5.979059999999504726e+03 3.271778672933578491e-02 5.088733974844217300e-03
5.980539999999504289e+03 2.425610274076461792e-02 4.684603773057460785e-03
5.982019999999503852e+03 3.282854706048965454e-02 4.948475863784551620e-03
5.983499999999503416e+03 3.870199248194694519e-02 5.163068883121013641e-03
5.984979999999502979e+03 3.198112547397613525e-02 4.945660009980201721e-03
5.986459999999502543e+03 3.084436617791652679e-02 4.874046891927719116e-03
5.987939999999502106e+03 3.226212412118911743e-02 4.943916574120521545e-03
5.989419999999501670e+03 3.063570708036422729e-02 4.908007569611072540e-03
5.990899999999501233e+03 3.410634398460388184e-02 5.008322186768054962e-03
5.992379999999500797e+03 2.663955278694629669e-02 4.755625035613775253e-03
5.993859999999500360e+03 1.732847467064857483e-02 4.418592900037765503e-03
5.995339999999499923e+03 2.644621767103672028e-02 4.780037794262170792e-03
5.996819999999499487e+03 3.588011860847473145e-02 5.097704008221626282e-03
5.998299999999499050e+03 3.277472034096717834e-02 4.966456443071365356e-03
5.999779999999498614e+03 3.561526909470558167e-02 4.977023229002952576e-03
6.001259999999498177e+03 3.530654683709144592e-02 5.029400810599327087e-03
6.002739999999497741e+03 2.472306974232196808e-02 4.868843592703342438e-03
6.004219999999497304e+03 3.683553636074066162e-02 5.161561537533998489e-03
6.005699999999496868e+03 4.147250577807426453e-02 5.138780921697616577e-03
6.007179999999496431e+03 4.025102406740188599e-02 5.066908895969390869e-03
6.008659999999495994e+03 3.587604314088821411e-02 4.960970487445592880e-03
6.010139999999495558e+03 2.795256674289703369e-02 4.697763361036777496e-03
6.011619999999495121e+03 3.323952853679656982e-02 4.880360327661037445e-03
6.013099999999494685e+03 2.936806157231330872e-02 4.767600912600755692e-03
6.014579999999494248e+03 3.863373398780822754e-02 5.045102443546056747e-03
6.016059999999493812e+03 2.954020723700523376e-02 4.796398803591728210e-03
6.017539999999493375e+03 2.636751160025596619e-02 4.665540065616369247e-03
6.019019999999492939e+03 2.826027572154998779e-02 4.693838302046060562e-03
6.020499999999492502e+03 3.128585219383239746e-02 4.817162640392780304e-03
6.021979999999492065e+03 3.308127075433731079e-02 4.866451956331729889e-03
6.023459999999491629e+03 3.378736600279808044e-02 4.886001814156770706e-03
6.024939999999491192e+03 3.867608308792114258e-02 5.076516885310411453e-03
6.026419999999490756e+03 3.479597344994544983e-02 4.973057191818952560e-03
6.027899999999490319e+03 2.087572962045669556e-02 4.577829502522945404e-03
6.029379999999489883e+03 3.877108544111251831e-02 5.080663599073886871e-03
6.030859999999489446e+03 3.431634604930877686e-02 4.942956380546092987e-03
6.032339999999489009e+03 2.057125046849250793e-02 4.620434716343879700e-03
6.033819999999488573e+03 2.960435859858989716e-02 4.939041100442409515e-03
6.035299999999488136e+03 2.864120528101921082e-02 4.809219855815172195e-03
6.036779999999487700e+03 2.708414755761623383e-02 4.715211689472198486e-03
6.038259999999487263e+03 2.931423485279083252e-02 4.755432251840829849e-03
6.039739999999486827e+03 3.048474341630935669e-02 4.782502539455890656e-03
6.041219999999486390e+03 2.697806805372238159e-02 4.691919311881065369e-03
6.042699999999485954e+03 3.769284486770629883e-02 4.919261205941438675e-03
6.044179999999485517e+03 3.880938887596130371e-02 4.976771771907806396e-03
6.045659999999485080e+03 4.062993824481964111e-02 5.031455308198928833e-03
6.047139999999484644e+03 3.658785298466682434e-02 4.947775509208440781e-03
6.048619999999484207e+03 3.392594307661056519e-02 4.828999284654855728e-03
6.050099999999483771e+03 3.133320808410644531e-02 4.790705628693103790e-03
6.051579999999483334e+03 3.863182663917541504e-02 5.005513783544301987e-03
6.053059999999482898e+03 3.646854683756828308e-02 4.922663327306509018e-03
6.054539999999482461e+03 3.493605554103851318e-02 4.894416779279708862e-03
6.056019999999482025e+03 2.593317255377769470e-02 4.626849200576543808e-03
6.057499999999481588e+03 2.949759177863597870e-02 4.770540166646242142e-03
6.058979999999481151e+03 3.896634653210639954e-02 5.034979898482561111e-03
6.060459999999480715e+03 3.087282925844192505e-02 4.805605392903089523e-03
6.061939999999480278e+03 3.546311333775520325e-02 4.957170691341161728e-03
6.063419999999479842e+03 4.215050861239433289e-02 5.125630646944046021e-03
6.064899999999479405e+03 3.764575719833374023e-02 4.993213806301355362e-03
6.066379999999478969e+03 3.281569480895996094e-02 4.909236915409564972e-03
6.067859999999478532e+03 3.034574352204799652e-02 4.847590811550617218e-03
6.069339999999478096e+03 3.287381306290626526e-02 4.852205049246549606e-03
6.070819999999477659e+03 3.421625122427940369e-02 4.848408047109842300e-03
6.072299999999477222e+03 3.222871199250221252e-02 4.783008247613906860e-03
6.073779999999476786e+03 3.111163154244422913e-02 4.737762734293937683e-03
6.075259999999476349e+03 2.362757548689842224e-02 4.496246576309204102e-03
6.076739999999475913e+03 2.331855520606040955e-02 4.465148784220218658e-03
6.078219999999475476e+03 2.662420272827148438e-02 4.584180191159248352e-03
6.079699999999475040e+03 3.605215251445770264e-02 4.862099885940551758e-03
6.081179999999474603e+03 3.399121761322021484e-02 4.798227921128273010e-03
6.082659999999474167e+03 2.503836341202259064e-02 4.543427377939224243e-03
6.084139999999473730e+03 3.048276528716087341e-02 4.686109721660614014e-03
6.085619999999473293e+03 3.131316974759101868e-02 4.706323612481355667e-03
6.087099999999472857e+03 2.955324389040470123e-02 4.663271829485893250e-03
6.088579999999472420e+03 2.956379204988479614e-02 4.680898040533065796e-03
6.090059999999471984e+03 2.777141705155372620e-02 4.627753980457782745e-03
6.091539999999471547e+03 2.200599759817123413e-02 4.397151060402393341e-03
6.093019999999471111e+03 2.165253832936286926e-02 4.418550059199333191e-03
6.094499999999470674e+03 3.286320343613624573e-02 4.815257154405117035e-03
6.095979999999470238e+03 3.601384907960891724e-02 4.916414152830839157e-03
6.097459999999469801e+03 2.958801388740539551e-02 4.736573435366153717e-03
6.098939999999469364e+03 3.316394239664077759e-02 4.817103035748004913e-03
6.100419999999468928e+03 3.257791697978973389e-02 4.762943834066390991e-03
6.101899999999468491e+03 2.968633919954299927e-02 4.705325700342655182e-03
6.103379999999468055e+03 3.330200910568237305e-02 4.866318777203559875e-03
6.104859999999467618e+03 3.126645460724830627e-02 4.819952417165040970e-03
6.106339999999467182e+03 3.004006296396255493e-02 4.728981293737888336e-03
6.107819999999466745e+03 2.870882488787174225e-02 4.671851638704538345e-03
6.109299999999466309e+03 3.166817873716354370e-02 4.738969728350639343e-03
6.110779999999465872e+03 3.038418292999267578e-02 4.686388652771711349e-03
6.112259999999465435e+03 2.477197162806987762e-02 4.492359235882759094e-03
6.113739999999464999e+03 3.248397260904312134e-02 4.687924403697252274e-03
6.115219999999464562e+03 3.017989918589591980e-02 4.612299613654613495e-03
6.116699999999464126e+03 2.928909286856651306e-02 4.593296907842159271e-03
6.118179999999463689e+03 3.607777878642082214e-02 4.841243848204612732e-03
6.119659999999463253e+03 3.477150201797485352e-02 4.748260602355003357e-03
6.121139999999462816e+03 3.668766841292381287e-02 4.790355451405048370e-03
6.122619999999462379e+03 3.289966285228729248e-02 4.743564408272504807e-03
6.124099999999461943e+03 3.500061482191085815e-02 4.842825233936309814e-03
6.125579999999461506e+03 2.566719613969326019e-02 4.559373017400503159e-03
6.127059999999461070e+03 3.341523930430412292e-02 4.794807638972997665e-03
6.128539999999460633e+03 3.043727949261665344e-02 4.708206746727228165e-03
6.130019999999460197e+03 2.949844859540462494e-02 4.655521363019943237e-03
6.131499999999459760e+03 3.151405975222587585e-02 4.703543614596128464e-03
6.132979999999459324e+03 2.634882181882858276e-02 4.614315927028656006e-03
6.134459999999458887e+03 3.332924842834472656e-02 4.829691257327795029e-03
6.135939999999458450e+03 3.474423661828041077e-02 4.857508931308984756e-03
6.137419999999458014e+03 3.083238564431667328e-02 4.827893804758787155e-03
6.138899999999457577e+03 2.842660993337631226e-02 4.852048587054014206e-03
6.140379999999457141e+03 3.167426958680152893e-02 4.861310590058565140e-03
6.141859999999456704e+03 3.092013299465179443e-02 4.850785247981548309e-03
6.143339999999456268e+03 3.734657168388366699e-02 5.148725584149360657e-03
6.144819999999455831e+03 3.103482723236083984e-02 4.903336521238088608e-03
6.146299999999455395e+03 2.198171056807041168e-02 4.421991296112537384e-03
6.147779999999454958e+03 2.635907381772994995e-02 4.503515083342790604e-03
6.149259999999454521e+03 3.310652077198028564e-02 4.794728010892868042e-03
6.150739999999454085e+03 3.360404819250106812e-02 4.830191377550363541e-03
6.152219999999453648e+03 2.573642134666442871e-02 4.507087171077728271e-03
6.153699999999453212e+03 2.989694289863109589e-02 4.647958558052778244e-03
6.155179999999452775e+03 3.601268678903579712e-02 4.861607681959867477e-03
6.156659999999452339e+03 3.087168373167514801e-02 4.742390010505914688e-03
6.158139999999451902e+03 3.216113522648811340e-02 4.735050722956657410e-03
6.159619999999451466e+03 2.565860934555530548e-02 4.472748376429080963e-03
6.161099999999451029e+03 2.934255450963973999e-02 4.567064344882965088e-03
6.162579999999450592e+03 3.030106052756309509e-02 4.588867072016000748e-03
6.164059999999450156e+03 3.075855970382690430e-02 4.631716292351484299e-03
6.165539999999449719e+03 3.022603318095207214e-02 4.624607507139444351e-03
6.167019999999449283e+03 3.217159956693649292e-02 4.724174737930297852e-03
6.168499999999448846e+03 3.265358507633209229e-02 5.016226787120103836e-03
6.169979999999448410e+03 2.515649423003196716e-02 5.063524004071950912e-03
6.171459999999447973e+03 3.502742201089859009e-02 5.119448993355035782e-03
6.172939999999447537e+03 3.161855787038803101e-02 4.722913261502981186e-03
6.174419999999447100e+03 3.775755688548088074e-02 4.965687636286020279e-03
6.175899999999446663e+03 3.925206884741783142e-02 5.041547585278749466e-03
6.177379999999446227e+03 3.614376112818717957e-02 4.859683103859424591e-03
6.178859999999445790e+03 2.727659605443477631e-02 4.498106893151998520e-03
6.180339999999445354e+03 3.505078703165054321e-02 4.768865182995796204e-03
6.181819999999444917e+03 3.064929693937301636e-02 4.670882131904363632e-03
6.183299999999444481e+03 3.199447318911552429e-02 4.708613734692335129e-03
6.184779999999444044e+03 3.923000022768974304e-02 4.957324359565973282e-03
6.186259999999443608e+03 3.148120641708374023e-02 4.702318925410509109e-03
6.187739999999443171e+03 2.764091640710830688e-02 4.596740938723087311e-03
6.189219999999442734e+03 2.906022407114505768e-02 4.638744052499532700e-03
6.190699999999442298e+03 2.776114083826541901e-02 4.617315251380205154e-03
6.192179999999441861e+03 2.707559615373611450e-02 4.629997070878744125e-03
6.193659999999441425e+03 3.358671814203262329e-02 4.856072366237640381e-03
6.195139999999440988e+03 3.212739527225494385e-02 4.736174363642930984e-03
6.196619999999440552e+03 3.011659160256385803e-02 4.643568303436040878e-03
6.198099999999440115e+03 2.551159262657165527e-02 4.495230969041585922e-03
6.199579999999439679e+03 2.632411010563373566e-02 4.589003510773181915e-03
6.201059999999439242e+03 3.643834963440895081e-02 5.179827101528644562e-03
6.202539999999438805e+03 3.500751778483390808e-02 5.234659183770418167e-03
6.204019999999438369e+03 3.271226584911346436e-02 4.887261427938938141e-03
6.205499999999437932e+03 3.425960242748260498e-02 4.744340665638446808e-03
6.206979999999437496e+03 3.370446711778640747e-02 4.749482031911611557e-03
6.208459999999437059e+03 3.895609825849533081e-02 4.877254832535982132e-03
6.209939999999436623e+03 2.822362817823886871e-02 4.581431858241558075e-03
6.211419999999436186e+03 1.989036612212657928e-02 4.422996658831834793e-03
6.212899999999435749e+03 3.423053771257400513e-02 4.875243641436100006e-03
6.214379999999435313e+03 3.346930071711540222e-02 4.759488627314567566e-03
6.215859999999434876e+03 2.428495697677135468e-02 4.489171318709850311e-03
6.217339999999434440e+03 2.774674445390701294e-02 4.555228166282176971e-03
6.218819999999434003e+03 3.271305561065673828e-02 4.875172395259141922e-03
6.220299999999433567e+03 2.763590216636657715e-02 5.057192407548427582e-03
6.221779999999433130e+03 2.837758697569370270e-02 5.086684599518775940e-03
6.223259999999432694e+03 3.139742091298103333e-02 4.850481636822223663e-03
6.224739999999432257e+03 3.145558387041091919e-02 4.698882810771465302e-03
6.226219999999431820e+03 3.045683726668357849e-02 4.678168799728155136e-03
6.227699999999431384e+03 3.202422708272933960e-02 4.663565196096897125e-03
6.229179999999430947e+03 3.119418770074844360e-02 4.606481175869703293e-03
6.230659999999430511e+03 2.712533995509147644e-02 4.511458799242973328e-03
6.232139999999430074e+03 3.551353886723518372e-02 5.258867982774972916e-03
6.233619999999429638e+03 2.778829634189605713e-02 5.945709533989429474e-03
6.235099999999429201e+03 3.422908484935760498e-02 6.425162777304649353e-03
6.236579999999428765e+03 3.945530205965042114e-02 6.057912018150091171e-03
6.238059999999428328e+03 3.176698461174964905e-02 5.163271445780992508e-03
6.239539999999427891e+03 2.743324078619480133e-02 4.999177064746618271e-03
6.241019999999427455e+03 2.150323987007141113e-02 4.958259873092174530e-03
6.242499999999427018e+03 2.679037861526012421e-02 5.009629298001527786e-03
6.243979999999426582e+03 3.882685676217079163e-02 5.178076680749654770e-03
6.245459999999426145e+03 3.394046425819396973e-02 4.867474082857370377e-03
6.246939999999425709e+03 2.875565923750400543e-02 4.681597463786602020e-03
6.248419999999425272e+03 2.520952001214027405e-02 4.576178267598152161e-03
6.249899999999424836e+03 2.341578528285026550e-02 4.484717734158039093e-03
6.251379999999424399e+03 2.247342467308044434e-02 4.357794765383005142e-03
6.252859999999423962e+03 2.293169870972633362e-02 4.314862657338380814e-03
6.254339999999423526e+03 2.306928299367427826e-02 4.571401048451662064e-03
6.255819999999423089e+03 2.168238721787929535e-02 5.637570749968290329e-03
6.257299999999422653e+03 3.416018187999725342e-02 6.480771582573652267e-03
6.258779999999422216e+03 3.841727972030639648e-02 5.921001546084880829e-03
6.260259999999421780e+03 3.327129408717155457e-02 4.856283310800790787e-03
6.261739999999421343e+03 2.226069569587707520e-02 4.579357802867889404e-03
6.263219999999420907e+03 1.832153275609016418e-02 4.776959773153066635e-03
6.264699999999420470e+03 2.270992845296859741e-02 5.126982461661100388e-03
6.266179999999420033e+03 1.854810491204261780e-02 4.798367619514465332e-03
6.267659999999419597e+03 2.939654514193534851e-02 4.782056435942649841e-03
6.269139999999419160e+03 3.165744990110397339e-02 4.796591587364673615e-03
6.270619999999418724e+03 2.081145904958248138e-02 4.409017972648143768e-03
6.272099999999418287e+03 2.214458584785461426e-02 4.478152375668287277e-03
6.273579999999417851e+03 3.285235539078712463e-02 4.889433272182941437e-03
6.275059999999417414e+03 3.179907053709030151e-02 4.941885825246572495e-03
6.276539999999416978e+03 3.148797899484634399e-02 4.917492624372243881e-03
6.278019999999416541e+03 2.557224594056606293e-02 4.621307365596294403e-03
6.279499999999416104e+03 2.777798473834991455e-02 4.566939081996679306e-03
6.280979999999415668e+03 2.976980432868003845e-02 4.506159573793411255e-03
6.282459999999415231e+03 3.813532367348670959e-02 4.835790023207664490e-03
6.283939999999414795e+03 1.713567227125167847e-02 4.353428259491920471e-03
6.285419999999414358e+03 2.153013646602630615e-02 5.523748230189085007e-03
6.286899999999413922e+03 2.620388008654117584e-02 6.049432326108217239e-03
6.288379999999413485e+03 3.959906473755836487e-02 5.768891889601945877e-03
6.289859999999413048e+03 3.613599389791488647e-02 4.945505410432815552e-03
6.291339999999412612e+03 2.754036523401737213e-02 4.557200707495212555e-03
6.292819999999412175e+03 2.897749468684196472e-02 4.598546773195266724e-03
6.294299999999411739e+03 3.051896020770072937e-02 4.782421048730611801e-03
6.295779999999411302e+03 2.409485913813114166e-02 4.719339776784181595e-03
6.297259999999410866e+03 -3.577702865004539490e-02 8.346138522028923035e-03
6.298739999999410429e+03 -2.382260933518409729e-02 1.640830002725124359e-02
6.300219999999409993e+03 1.994478330016136169e-02 1.800768636167049408e-02
6.301699999999409556e+03 1.212062966078519821e-02 1.189808174967765808e-02
6.303179999999409119e+03 2.076929435133934021e-02 5.186617374420166016e-03
6.304659999999408683e+03 2.522904053330421448e-02 5.404161289334297180e-03
6.306139999999408246e+03 2.607141062617301941e-02 6.264715921133756638e-03
6.307619999999407810e+03 3.605768084526062012e-02 5.945023149251937866e-03
6.309099999999407373e+03 3.456817567348480225e-02 4.821986425668001175e-03
6.310579999999406937e+03 3.130508214235305786e-02 4.617360886186361313e-03
6.312059999999406500e+03 2.478499338030815125e-02 4.448441788554191589e-03
6.313539999999406064e+03 2.720775455236434937e-02 4.437571857124567032e-03
6.315019999999405627e+03 3.569505363702774048e-02 4.689248744398355484e-03
6.316499999999405190e+03 3.433309867978096008e-02 4.721280187368392944e-03
6.317979999999404754e+03 2.225767821073532104e-02 4.415526054799556732e-03
6.319459999999404317e+03 2.469485625624656677e-02 4.866549279540777206e-03
6.320939999999403881e+03 3.437291085720062256e-02 5.314738955348730087e-03
6.322419999999403444e+03 3.589313477277755737e-02 5.132117308676242828e-03
6.323899999999403008e+03 3.309674561023712158e-02 4.735235590487718582e-03
6.325379999999402571e+03 2.597792819142341614e-02 4.499866161495447159e-03
6.326859999999402135e+03 2.968487888574600220e-02 4.968167748302221298e-03
6.328339999999401698e+03 2.920867130160331726e-02 5.857156589627265930e-03
6.329819999999401261e+03 3.850791230797767639e-02 6.055569276213645935e-03
6.331299999999400825e+03 2.146156132221221924e-02 4.741590935736894608e-03
6.332779999999400388e+03 3.235439211130142212e-02 4.600259475409984589e-03
6.334259999999399952e+03 4.129831120371818542e-02 4.853042308241128922e-03
6.335739999999399515e+03 3.032078966498374939e-02 4.560166504234075546e-03
6.337219999999399079e+03 1.938064210116863251e-02 4.199689719825983047e-03
6.338699999999398642e+03 2.559082955121994019e-02 4.446715582162141800e-03
6.340179999999398206e+03 3.000193275511264801e-02 4.628129303455352783e-03
6.341659999999397769e+03 3.413669392466545105e-02 4.814865998923778534e-03
6.343139999999397332e+03 3.134880959987640381e-02 4.705584608018398285e-03
6.344619999999396896e+03 2.879820391535758972e-02 4.588156938552856445e-03
6.346099999999396459e+03 3.145049512386322021e-02 4.840615205466747284e-03
6.347579999999396023e+03 3.445293009281158447e-02 5.082400050014257431e-03
6.349059999999395586e+03 2.719173952937126160e-02 4.759957082569599152e-03
6.350539999999395150e+03 2.785858325660228729e-02 4.554561804980039597e-03
6.352019999999394713e+03 3.983139991760253906e-02 4.816773813217878342e-03
6.353499999999394277e+03 3.306735679507255554e-02 5.010264459997415543e-03
6.354979999999393840e+03 2.822626009583473206e-02 5.426617339253425598e-03
6.356459999999393403e+03 3.034809231758117676e-02 5.339573603123426437e-03
6.357939999999392967e+03 3.471216931939125061e-02 4.822639282792806625e-03
6.359419999999392530e+03 2.455307170748710632e-02 4.796153865754604340e-03
6.360899999999392094e+03 3.393149236217141151e-04 6.575206294655799866e-03
6.362379999999391657e+03 2.239338681101799011e-02 1.089305430650711060e-02
6.363859999999391221e+03 3.133390471339225769e-02 1.069534569978713989e-02
6.365339999999390784e+03 2.819860354065895081e-02 6.731508299708366394e-03
6.366819999999390348e+03 2.650079131126403809e-02 4.586985800415277481e-03
6.368299999999389911e+03 2.682070620357990265e-02 4.492512438446283340e-03
6.369779999999389474e+03 2.399273402988910675e-02 4.385974258184432983e-03
6.371259999999389038e+03 3.474962711334228516e-02 4.662826191633939743e-03
6.372739999999388601e+03 3.119704686105251312e-02 4.570243880152702332e-03
6.374219999999388165e+03 3.224635496735572815e-02 4.646559245884418488e-03
6.375699999999387728e+03 3.440613672137260437e-02 4.729864187538623810e-03
6.377179999999387292e+03 3.334278240799903870e-02 4.824253264814615250e-03
6.378659999999386855e+03 3.119795396924018860e-02 4.854912869632244110e-03
6.380139999999386418e+03 2.939085103571414948e-02 4.691116511821746826e-03
6.381619999999385982e+03 2.763021737337112427e-02 4.492538981139659882e-03
6.383099999999385545e+03 2.786689251661300659e-02 4.580629058182239532e-03
6.384579999999385109e+03 2.568274363875389099e-02 4.855283070355653763e-03
6.386059999999384672e+03 2.890158072113990784e-02 5.072209984064102173e-03
6.387539999999384236e+03 3.334137424826622009e-02 4.908600822091102600e-03
6.389019999999383799e+03 2.657649666070938110e-02 4.500447306782007217e-03
6.390499999999383363e+03 2.906309068202972412e-02 4.514501895755529404e-03
6.391979999999382926e+03 3.016092628240585327e-02 4.520106595009565353e-03
6.393459999999382489e+03 2.943201363086700439e-02 4.521728493273258209e-03
6.394939999999382053e+03 3.631931543350219727e-02 4.729543346911668777e-03
6.396419999999381616e+03 3.333603590726852417e-02 4.622812382876873016e-03
6.397899999999381180e+03 3.329624235630035400e-02 4.586078226566314697e-03
6.399379999999380743e+03 3.671968728303909302e-02 4.691108595579862595e-03
6.400859999999380307e+03 3.275647759437561035e-02 4.592429846525192261e-03
6.402339999999379870e+03 3.496837988495826721e-02 4.695980809628963470e-03
6.403819999999379434e+03 3.012044355273246765e-02 4.540591500699520111e-03
6.405299999999378997e+03 3.169472888112068176e-02 4.575870931148529053e-03
6.406779999999378560e+03 2.859365567564964294e-02 4.439756739884614944e-03
6.408259999999378124e+03 2.414884790778160095e-02 4.300758708268404007e-03
6.409739999999377687e+03 2.740682475268840790e-02 4.399735946208238602e-03
6.411219999999377251e+03 2.510046400129795074e-02 4.415474832057952881e-03
6.412699999999376814e+03 2.267340943217277527e-02 4.367876332253217697e-03
6.414179999999376378e+03 3.591969981789588928e-02 4.729752894490957260e-03
6.415659999999375941e+03 3.756266459822654724e-02 4.710131790488958359e-03
6.417139999999375505e+03 3.340595588088035583e-02 4.603900015354156494e-03
6.418619999999375068e+03 2.767251059412956238e-02 4.621664527803659439e-03
6.420099999999374631e+03 3.192371129989624023e-02 4.770391155034303665e-03
6.421579999999374195e+03 3.088003396987915039e-02 4.610039293766021729e-03
6.423059999999373758e+03 3.042903915047645569e-02 4.497801419347524643e-03
6.424539999999373322e+03 3.876921534538269043e-02 4.803225398063659668e-03
6.426019999999372885e+03 3.219581022858619690e-02 4.607715178281068802e-03
6.427499999999372449e+03 2.082898281514644623e-02 4.224967211484909058e-03
6.428979999999372012e+03 1.791779883205890656e-02 4.115256946533918381e-03
6.430459999999371576e+03 2.839479967951774597e-02 4.400753881782293320e-03
6.431939999999371139e+03 2.451124787330627441e-02 4.300466272979974747e-03
6.433419999999370702e+03 2.321005612611770630e-02 4.276570398360490799e-03
6.434899999999370266e+03 3.584899753332138062e-02 4.663517232984304428e-03
6.436379999999369829e+03 3.241067752242088318e-02 4.563960712403059006e-03
6.437859999999369393e+03 2.245215140283107758e-02 4.190385341644287109e-03
6.439339999999368956e+03 2.372637018561363220e-02 4.228651057928800583e-03
6.440819999999368520e+03 2.871674671769142151e-02 4.428219515830278397e-03
6.442299999999368083e+03 2.872073650360107422e-02 4.442242905497550964e-03
6.443779999999367647e+03 3.214396536350250244e-02 4.583638161420822144e-03
6.445259999999367210e+03 2.903272956609725952e-02 4.475212190300226212e-03
6.446739999999366773e+03 2.682614512741565704e-02 4.437468480318784714e-03
6.448219999999366337e+03 2.683732658624649048e-02 4.441520199179649353e-03
6.449699999999365900e+03 3.030189871788024902e-02 4.565488547086715698e-03
6.451179999999365464e+03 2.112595364451408386e-02 4.337371326982975006e-03
6.452659999999365027e+03 3.203378617763519287e-02 4.629352595657110214e-03
6.454139999999364591e+03 2.805149555206298828e-02 4.411443602293729782e-03
6.455619999999364154e+03 2.748372778296470642e-02 4.500580020248889923e-03
6.457099999999363718e+03 2.944872342050075531e-02 4.598299507051706314e-03
6.458579999999363281e+03 3.124827146530151367e-02 4.652853123843669891e-03
6.460059999999362844e+03 3.164906054735183716e-02 4.616041667759418488e-03
6.461539999999362408e+03 3.138552978634834290e-02 4.836132284253835678e-03
6.463019999999361971e+03 2.265317365527153015e-02 5.027947016060352325e-03
6.464499999999361535e+03 1.865282282233238220e-02 5.157690029591321945e-03
6.465979999999361098e+03 2.262973785400390625e-02 5.049963947385549545e-03
6.467459999999360662e+03 2.677722834050655365e-02 4.860297776758670807e-03
6.468939999999360225e+03 2.528215944766998291e-02 5.103415343910455704e-03
6.470419999999359788e+03 3.007920272648334503e-02 5.398984998464584351e-03
6.471899999999359352e+03 3.563968092203140259e-02 5.048822145909070969e-03
6.473379999999358915e+03 2.850266546010971069e-02 4.429617431014776230e-03
6.474859999999358479e+03 2.584487758576869965e-02 4.411407746374607086e-03
6.476339999999358042e+03 3.011825308203697205e-02 4.697993863373994827e-03
6.477819999999357606e+03 3.131853789091110229e-02 4.761789925396442413e-03
6.479299999999357169e+03 3.254022449254989624e-02 4.647308029234409332e-03
6.480779999999356733e+03 2.901720628142356873e-02 4.477601498365402222e-03
6.482259999999356296e+03 2.916631847620010376e-02 4.451235756278038025e-03
6.483739999999355859e+03 3.034296818077564240e-02 4.476877395063638687e-03
6.485219999999355423e+03 2.570033445954322815e-02 4.319684114307165146e-03
6.486699999999354986e+03 2.696070261299610138e-02 4.372154828161001205e-03
6.488179999999354550e+03 2.822215482592582703e-02 4.394991789013147354e-03
6.489659999999354113e+03 2.202764898538589478e-02 4.177657421678304672e-03
6.491139999999353677e+03 2.888769656419754028e-02 4.360695369541645050e-03
6.492619999999353240e+03 2.918011695146560669e-02 4.363522864878177643e-03
6.494099999999352804e+03 2.672742679715156555e-02 4.365707281976938248e-03
6.495579999999352367e+03 1.573280990123748779e-02 4.754765424877405167e-03
6.497059999999351930e+03 2.167749404907226562e-02 6.053850054740905762e-03
6.498539999999351494e+03 3.999138623476028442e-02 6.404835730791091919e-03
6.500019999999351057e+03 3.794685378670692444e-02 5.380385089665651321e-03
6.501499999999350621e+03 2.575023844838142395e-02 4.510698840022087097e-03
6.502979999999350184e+03 2.439794689416885376e-02 4.842035938054323196e-03
6.504459999999349748e+03 2.197433263063430786e-02 4.904276225715875626e-03
6.505939999999349311e+03 2.481571584939956665e-02 4.656109958887100220e-03
6.507419999999348875e+03 2.781396545469760895e-02 4.446422215551137924e-03
6.508899999999348438e+03 2.868965640664100647e-02 4.400165751576423645e-03
6.510379999999348001e+03 3.048732876777648926e-02 4.467430058866739273e-03
6.511859999999347565e+03 2.793288789689540863e-02 4.485250450670719147e-03
6.513339999999347128e+03 2.852952107787132263e-02 4.539568908512592316e-03
6.514819999999346692e+03 2.955585718154907227e-02 4.490805789828300476e-03
6.516299999999346255e+03 2.971063554286956787e-02 4.433298483490943909e-03
6.517779999999345819e+03 2.938948757946491241e-02 4.434314090758562088e-03
6.519259999999345382e+03 2.475181594491004944e-02 4.463458433747291565e-03
6.520739999999344946e+03 2.493235282599925995e-02 4.735274240374565125e-03
6.522219999999344509e+03 2.650362066924571991e-02 4.793042782694101334e-03
6.523699999999344072e+03 2.445668727159500122e-02 4.485787358134984970e-03
6.525179999999343636e+03 3.123821504414081573e-02 4.569324664771556854e-03
6.526659999999343199e+03 3.668098151683807373e-02 4.677200689911842346e-03
6.528139999999342763e+03 3.134352713823318481e-02 4.511957056820392609e-03
6.529619999999342326e+03 1.343587692826986313e-02 4.323503933846950531e-03
6.531099999999341890e+03 2.352833561599254608e-02 5.647986195981502533e-03
6.532579999999341453e+03 3.294998779892921448e-02 6.002479698508977890e-03
6.534059999999341017e+03 2.527279034256935120e-02 4.958597477525472641e-03
6.535539999999340580e+03 3.382805734872817993e-02 4.619251471012830734e-03
6.537019999999340143e+03 3.512813895940780640e-02 4.624314606189727783e-03
6.538499999999339707e+03 3.203983977437019348e-02 4.612030927091836929e-03
6.539979999999339270e+03 2.879936993122100830e-02 4.557986743748188019e-03
6.541459999999338834e+03 3.056725487112998962e-02 4.902993794530630112e-03
6.542939999999338397e+03 3.506261855363845825e-02 5.216726567596197128e-03
6.544419999999337961e+03 3.241488710045814514e-02 4.987189080566167831e-03
6.545899999999337524e+03 2.796393260359764099e-02 4.567095544189214706e-03
6.547379999999337088e+03 2.446070313453674316e-02 4.294394515454769135e-03
6.548859999999336651e+03 2.468519657850265503e-02 4.299476742744445801e-03
6.550339999999336214e+03 2.169470489025115967e-02 4.848833195865154266e-03
6.551819999999335778e+03 2.194998972117900848e-02 5.915706977248191833e-03
6.553299999999335341e+03 4.149299114942550659e-02 6.234785541892051697e-03
6.554779999999334905e+03 3.639264777302742004e-02 5.234009120613336563e-03
6.556259999999334468e+03 1.857526972889900208e-02 4.134717397391796112e-03
6.557739999999334032e+03 3.579187765717506409e-02 4.565937444567680359e-03
6.559219999999333595e+03 2.664726972579956055e-02 4.603494890034198761e-03
6.560699999999333158e+03 2.029842697083950043e-02 5.496150813996791840e-03
6.562179999999332722e+03 2.559139207005500793e-02 5.732554011046886444e-03
6.563659999999332285e+03 3.740100935101509094e-02 5.192476324737071991e-03
6.565139999999331849e+03 2.735782973468303680e-02 4.426751751452684402e-03
6.566619999999331412e+03 3.168151527643203735e-02 4.814215004444122314e-03
6.568099999999330976e+03 2.402962930500507355e-02 4.748619161546230316e-03
6.569579999999330539e+03 2.328932099044322968e-02 4.502183757722377777e-03
6.571059999999330103e+03 3.224940598011016846e-02 4.566559568047523499e-03
6.572539999999329666e+03 4.509927704930305481e-02 4.844966810196638107e-03
6.574019999999329229e+03 3.994639962911605835e-02 5.179288331419229507e-03
6.575499999999328793e+03 3.380047529935836792e-02 5.642003845423460007e-03
6.576979999999328356e+03 3.356730937957763672e-02 5.684541538357734680e-03
6.578459999999327920e+03 2.476964890956878662e-02 4.849906079471111298e-03
6.579939999999327483e+03 2.061139605939388275e-02 4.261761903762817383e-03
6.581419999999327047e+03 2.312838286161422729e-02 4.269313532859086990e-03
6.582899999999326610e+03 2.720462158322334290e-02 4.399858880788087845e-03
6.584379999999326174e+03 2.978991158306598663e-02 4.445317666977643967e-03
6.585859999999325737e+03 2.848799154162406921e-02 4.388305824249982834e-03
6.587339999999325300e+03 2.790522575378417969e-02 4.382453858852386475e-03
6.588819999999324864e+03 2.938833646476268768e-02 4.438369069248437881e-03
6.590299999999324427e+03 3.256480023264884949e-02 4.556833300739526749e-03
6.591779999999323991e+03 2.727772668004035950e-02 4.386713262647390366e-03
6.593259999999323554e+03 2.322950586676597595e-02 4.322434775531291962e-03
6.594739999999323118e+03 3.691670298576354980e-02 4.907352849841117859e-03
6.596219999999322681e+03 3.950541466474533081e-02 4.996829666197299957e-03
6.597699999999322245e+03 2.760946378111839294e-02 4.456081427633762360e-03
6.599179999999321808e+03 2.941515855491161346e-02 4.426998551934957504e-03
6.600659999999321371e+03 1.978313922882080078e-02 4.276575986295938492e-03
6.602139999999320935e+03 2.104241400957107544e-02 4.752968437969684601e-03
6.603619999999320498e+03 1.858165860176086426e-02 4.767690785229206085e-03
6.605099999999320062e+03 2.662848494946956635e-02 4.590712953358888626e-03
6.606579999999319625e+03 3.501292318105697632e-02 4.613545257598161697e-03
6.608059999999319189e+03 2.776059880852699280e-02 4.366604145616292953e-03
6.609539999999318752e+03 2.590237557888031006e-02 4.298299085348844528e-03
6.611019999999318316e+03 2.872289344668388367e-02 4.376983735710382462e-03
6.612499999999317879e+03 3.008917532861232758e-02 4.414955154061317444e-03
6.613979999999317442e+03 2.676127478480339050e-02 4.318678285926580429e-03
6.615459999999317006e+03 2.660485357046127319e-02 4.311613738536834717e-03
6.616939999999316569e+03 3.198374062776565552e-02 4.465572535991668701e-03
6.618419999999316133e+03 2.797358483076095581e-02 4.353094846010208130e-03
6.619899999999315696e+03 2.695876359939575195e-02 4.337504040449857712e-03
6.621379999999315260e+03 3.103793598711490631e-02 4.439691081643104553e-03
6.622859999999314823e+03 2.524499781429767609e-02 4.234256688505411148e-03
6.624339999999314387e+03 2.580561488866806030e-02 4.345363937318325043e-03
6.625819999999313950e+03 2.986129932105541229e-02 4.568399395793676376e-03
6.627299999999313513e+03 2.601296454668045044e-02 4.436593037098646164e-03
6.628779999999313077e+03 2.626225724816322327e-02 4.334275610744953156e-03
6.630259999999312640e+03 2.685381099581718445e-02 4.359968472272157669e-03
6.631739999999312204e+03 3.035895153880119324e-02 4.548579920083284378e-03
6.633219999999311767e+03 2.677209675312042236e-02 4.535970278084278107e-03
6.634699999999311331e+03 2.627159282565116882e-02 4.415246658027172089e-03
6.636179999999310894e+03 3.291779384016990662e-02 4.520266782492399216e-03
6.637659999999310457e+03 3.315324336290359497e-02 4.529783036559820175e-03
6.639139999999310021e+03 3.065503761172294617e-02 4.467150196433067322e-03
6.640619999999309584e+03 2.557028830051422119e-02 4.276448860764503479e-03
6.642099999999309148e+03 2.097769454121589661e-02 4.114938434213399887e-03
6.643579999999308711e+03 2.745410613715648651e-02 4.310783464461565018e-03
6.645059999999308275e+03 2.420250326395034790e-02 4.221190232783555984e-03
6.646539999999307838e+03 2.359760180115699768e-02 4.175798036158084869e-03
6.648019999999307402e+03 2.877249196171760559e-02 4.320416133850812912e-03
6.649499999999306965e+03 3.468123078346252441e-02 4.559637513011693954e-03
6.650979999999306528e+03 3.592499345541000366e-02 4.616478923708200455e-03
6.652459999999306092e+03 2.636931277811527252e-02 4.299723543226718903e-03
6.653939999999305655e+03 2.572920545935630798e-02 4.264472518116235733e-03
6.655419999999305219e+03 2.879526652395725250e-02 4.400972276926040649e-03
6.656899999999304782e+03 2.701522782444953918e-02 4.370210226625204086e-03
6.658379999999304346e+03 2.729741483926773071e-02 4.351971670985221863e-03
6.659859999999303909e+03 3.254852071404457092e-02 4.550957120954990387e-03
6.661339999999303473e+03 3.073292598128318787e-02 4.473091103136539459e-03
6.662819999999303036e+03 2.307299897074699402e-02 4.163976293057203293e-03
6.664299999999302599e+03 2.158289961516857147e-02 4.135311581194400787e-03
6.665779999999302163e+03 3.509952872991561890e-02 4.653621930629014969e-03
6.667259999999301726e+03 2.342068217694759369e-02 4.309664480388164520e-03
6.668739999999301290e+03 3.280607610940933228e-02 4.505866672843694687e-03
6.670219999999300853e+03 2.070499211549758911e-02 4.111323505640029907e-03
6.671699999999300417e+03 2.305877953767776489e-02 4.192850552499294281e-03
6.673179999999299980e+03 3.037581220269203186e-02 4.395799245685338974e-03
6.674659999999299544e+03 2.473646029829978943e-02 4.217617679387331009e-03
6.676139999999299107e+03 2.548552304506301880e-02 4.234367515891790390e-03
6.677619999999298670e+03 2.972021885216236115e-02 4.369835369288921356e-03
6.679099999999298234e+03 3.047055751085281372e-02 4.370259586721658707e-03
6.680579999999297797e+03 2.705005370080471039e-02 4.241891205310821533e-03
6.682059999999297361e+03 2.495941519737243652e-02 4.177539609372615814e-03
6.683539999999296924e+03 2.375755459070205688e-02 4.192091990262269974e-03
6.685019999999296488e+03 2.796251513063907623e-02 4.327876027673482895e-03
6.686499999999296051e+03 3.285475820302963257e-02 4.448055755347013474e-03
6.687979999999295615e+03 2.463717572391033173e-02 4.208597354590892792e-03
6.689459999999295178e+03 2.870399132370948792e-02 4.374360665678977966e-03
6.690939999999294741e+03 3.026829659938812256e-02 4.454890266060829163e-03
6.692419999999294305e+03 2.706805244088172913e-02 4.296805243939161301e-03
6.693899999999293868e+03 2.755115367472171783e-02 4.267311654984951019e-03
6.695379999999293432e+03 2.410282194614410400e-02 4.179631825536489487e-03
6.696859999999292995e+03 2.556663379073143005e-02 4.306107759475708008e-03
6.698339999999292559e+03 2.617401070892810822e-02 4.375536926090717316e-03
6.699819999999292122e+03 3.061142191290855408e-02 4.441411700099706650e-03
6.701299999999291686e+03 2.419123612344264984e-02 4.212110303342342377e-03
6.702779999999291249e+03 3.051830083131790161e-02 4.474638029932975769e-03
6.704259999999290812e+03 3.171046078205108643e-02 4.513665568083524704e-03
6.705739999999290376e+03 2.839708328247070312e-02 4.387671127915382385e-03
6.707219999999289939e+03 3.019494004547595978e-02 4.398138727992773056e-03
6.708699999999289503e+03 2.453592047095298767e-02 4.197633825242519379e-03
6.710179999999289066e+03 2.997055090963840485e-02 4.352857824414968491e-03
6.711659999999288630e+03 2.867953479290008545e-02 4.309018142521381378e-03
6.713139999999288193e+03 2.502706833183765411e-02 4.229852929711341858e-03
6.714619999999287757e+03 3.393307328224182129e-02 4.515415988862514496e-03
6.716099999999287320e+03 3.020495548844337463e-02 4.374385811388492584e-03
6.717579999999286883e+03 2.390058338642120361e-02 4.187391605228185654e-03
6.719059999999286447e+03 3.058961965143680573e-02 4.404975101351737976e-03
6.720539999999286010e+03 2.849192544817924500e-02 4.328420851379632950e-03
6.722019999999285574e+03 1.925415545701980591e-02 4.034982994198799133e-03
6.723499999999285137e+03 2.987886592745780945e-02 4.379207268357276917e-03
6.724979999999284701e+03 2.727743238210678101e-02 4.248049575835466385e-03
6.726459999999284264e+03 3.130856528878211975e-02 4.422850906848907471e-03
6.727939999999283827e+03 4.444929957389831543e-02 4.860140848904848099e-03
6.729419999999283391e+03 2.598240226507186890e-02 4.270352423191070557e-03
6.730899999999282954e+03 2.541716769337654114e-02 4.226593300700187683e-03
6.732379999999282518e+03 3.073852509260177612e-02 4.394771531224250793e-03
6.733859999999282081e+03 2.926599606871604919e-02 4.355474840849637985e-03
6.735339999999281645e+03 2.414387650787830353e-02 4.155439324676990509e-03
6.736819999999281208e+03 3.189745545387268066e-02 4.432933405041694641e-03
6.738299999999280772e+03 2.629273943603038788e-02 4.331164993345737457e-03
6.739779999999280335e+03 2.746075019240379333e-02 4.353748168796300888e-03
6.741259999999279898e+03 3.497750312089920044e-02 4.569708835333585739e-03
6.742739999999279462e+03 3.542695939540863037e-02 4.552632104605436325e-03
6.744219999999279025e+03 3.247097134590148926e-02 4.462129436433315277e-03
6.745699999999278589e+03 2.413528598845005035e-02 4.205074161291122437e-03
6.747179999999278152e+03 2.243400737643241882e-02 4.125984385609626770e-03
6.748659999999277716e+03 2.429139055311679840e-02 4.198533017188310623e-03
6.750139999999277279e+03 2.120579592883586884e-02 4.107558168470859528e-03
6.751619999999276843e+03 2.547568082809448242e-02 4.230463411659002304e-03
6.753099999999276406e+03 3.006207197904586792e-02 4.383531864732503891e-03
6.754579999999275969e+03 2.967026084661483765e-02 4.336391109973192215e-03
6.756059999999275533e+03 2.962714806199073792e-02 4.318585619330406189e-03
6.757539999999275096e+03 2.582980319857597351e-02 4.161179531365633011e-03
6.759019999999274660e+03 2.613653428852558136e-02 4.206773359328508377e-03
6.760499999999274223e+03 2.606702037155628204e-02 4.225740209221839905e-03
6.761979999999273787e+03 2.861123904585838318e-02 4.294054582715034485e-03
6.763459999999273350e+03 2.614646963775157928e-02 4.219098482280969620e-03
6.764939999999272914e+03 2.699763141572475433e-02 4.259447567164897919e-03
6.766419999999272477e+03 2.748701721429824829e-02 4.261321853846311569e-03
6.767899999999272040e+03 2.947757579386234283e-02 4.328069742769002914e-03
6.769379999999271604e+03 2.757926844060420990e-02 4.300116095691919327e-03
6.770859999999271167e+03 2.690846845507621765e-02 4.254695493727922440e-03
6.772339999999270731e+03 2.969265915453433990e-02 4.317276179790496826e-03
6.773819999999270294e+03 3.044994175434112549e-02 4.317027516663074493e-03
6.775299999999269858e+03 3.345814719796180725e-02 4.422063473612070084e-03
6.776779999999269421e+03 3.027885220944881439e-02 4.311637487262487411e-03
6.778259999999268985e+03 2.766690216958522797e-02 4.205761477351188660e-03
6.779739999999268548e+03 3.024144284427165985e-02 4.326259717345237732e-03
6.781219999999268111e+03 2.070613019168376923e-02 4.064242355525493622e-03
6.782699999999267675e+03 2.351335063576698303e-02 4.181720782071352005e-03
6.784179999999267238e+03 3.144957497715950012e-02 4.429758060723543167e-03
6.785659999999266802e+03 2.729161828756332397e-02 4.275972954928874969e-03
6.787139999999266365e+03 2.549157664179801941e-02 4.225505515933036804e-03
6.788619999999265929e+03 2.659713290631771088e-02 4.240691661834716797e-03
6.790099999999265492e+03 2.041252329945564270e-02 3.986930474638938904e-03
6.791579999999265056e+03 3.002756088972091675e-02 4.278183449059724808e-03
6.793059999999264619e+03 3.167043626308441162e-02 4.343119915574789047e-03
6.794539999999264182e+03 2.655290067195892334e-02 4.187294282019138336e-03
6.796019999999263746e+03 2.709841541945934296e-02 4.252887796610593796e-03
6.797499999999263309e+03 2.607746794819831848e-02 4.214361775666475296e-03
6.798979999999262873e+03 2.259726822376251221e-02 4.080478101968765259e-03
6.800459999999262436e+03 2.466384693980216980e-02 4.160705022513866425e-03
6.801939999999262000e+03 2.961960062384605408e-02 4.309726879000663757e-03
6.803419999999261563e+03 3.015575744211673737e-02 4.295221995562314987e-03
6.804899999999261127e+03 2.864425629377365112e-02 4.232246894389390945e-03
6.806379999999260690e+03 3.181120753288269043e-02 4.368078429251909256e-03
6.807859999999260253e+03 3.268026560544967651e-02 4.424361046403646469e-03
6.809339999999259817e+03 2.418694086372852325e-02 4.135085269808769226e-03
6.810819999999259380e+03 1.885555312037467957e-02 3.949990496039390564e-03
6.812299999999258944e+03 2.143831923604011536e-02 4.049947485327720642e-03
6.813779999999258507e+03 2.766588702797889709e-02 4.247426521033048630e-03
6.815259999999258071e+03 2.666468545794487000e-02 4.209258127957582474e-03
6.816739999999257634e+03 2.725725434720516205e-02 4.230910446494817734e-03
6.818219999999257197e+03 2.636481262743473053e-02 4.197654780000448227e-03
6.819699999999256761e+03 3.404187038540840149e-02 4.410430788993835449e-03
6.821179999999256324e+03 2.600140124559402466e-02 4.206328187137842178e-03
6.822659999999255888e+03 3.284429758787155151e-02 4.410989582538604736e-03
6.824139999999255451e+03 2.343762479722499847e-02 4.509213380515575409e-03
6.825619999999255015e+03 2.117920294404029846e-02 5.355631001293659210e-03
6.827099999999254578e+03 3.402656689286231995e-02 6.600023712962865829e-03
6.828579999999254142e+03 4.162779450416564941e-02 6.672207731753587723e-03
6.830059999999253705e+03 2.966252714395523071e-02 5.650314036756753922e-03
6.831539999999253268e+03 2.408154681324958801e-02 5.802368745207786560e-03
6.833019999999252832e+03 3.686447069048881531e-02 6.595886778086423874e-03
6.834499999999252395e+03 4.052650183439254761e-02 5.965007934719324112e-03
6.835979999999251959e+03 3.113887459039688110e-02 4.549141041934490204e-03
6.837459999999251522e+03 2.414179034531116486e-02 4.475261550396680832e-03
6.838939999999251086e+03 2.516371197998523712e-02 4.909679293632507324e-03
6.840419999999250649e+03 2.693352103233337402e-02 4.867883399128913879e-03
6.841899999999250213e+03 2.748393639922142029e-02 4.720399621874094009e-03
6.843379999999249776e+03 2.982867881655693054e-02 4.398545715957880020e-03
6.844859999999249339e+03 3.359386324882507324e-02 4.434682894498109818e-03
6.846339999999248903e+03 3.416639566421508789e-02 4.433803725987672806e-03
6.847819999999248466e+03 3.097260370850563049e-02 4.399138037115335464e-03
6.849299999999248030e+03 1.569262146949768066e-02 4.003032110631465912e-03
6.850779999999247593e+03 2.983662858605384827e-02 4.387457855045795441e-03
6.852259999999247157e+03 3.079832158982753754e-02 4.337131511420011520e-03
6.853739999999246720e+03 3.154664859175682068e-02 4.377999342978000641e-03
6.855219999999246284e+03 2.946675941348075867e-02 4.344025626778602600e-03
6.856699999999245847e+03 2.705108560621738434e-02 4.210209939628839493e-03
6.858179999999245410e+03 2.433756925165653229e-02 4.137078300118446350e-03
6.859659999999244974e+03 8.832089602947235107e-03 4.470828920602798462e-03
6.861139999999244537e+03 1.554985158145427704e-02 6.813197862356901169e-03
6.862619999999244101e+03 3.566700220108032227e-02 8.128395304083824158e-03
6.864099999999243664e+03 3.830351680517196655e-02 7.135741412639617920e-03
6.865579999999243228e+03 3.036443144083023071e-02 4.545282572507858276e-03
6.867059999999242791e+03 2.329073473811149597e-02 4.093786235898733139e-03
6.868539999999242355e+03 1.975408010184764862e-02 4.266516771167516708e-03
6.870019999999241918e+03 1.736626960337162018e-02 4.247671458870172501e-03
6.871499999999241481e+03 2.585108578205108643e-02 4.276276566088199615e-03
6.872979999999241045e+03 2.729363925755023956e-02 4.005846567451953888e-03
6.874459999999240608e+03 2.288780361413955688e-02 3.871052060276269913e-03
6.875939999999240172e+03 1.809448562562465668e-02 3.748936345800757408e-03
6.877419999999239735e+03 2.000509016215801239e-02 4.060660488903522491e-03
6.878899999999239299e+03 2.721475064754486084e-02 4.688751418143510818e-03
6.880379999999238862e+03 2.645459584891796112e-02 4.726161248981952667e-03
6.881859999999238426e+03 2.601533755660057068e-02 4.417785909026861191e-03
6.883339999999237989e+03 2.555629611015319824e-02 4.177439026534557343e-03
6.884819999999237552e+03 2.470267564058303833e-02 4.198036622256040573e-03
6.886299999999237116e+03 2.082435041666030884e-02 4.502031020820140839e-03
6.887779999999236679e+03 2.503238245844841003e-02 4.984701983630657196e-03
6.889259999999236243e+03 2.618129178881645203e-02 4.740194417536258698e-03
6.890739999999235806e+03 1.566281728446483612e-02 3.932607360184192657e-03
6.892219999999235370e+03 2.196801640093326569e-02 4.081776365637779236e-03
6.893699999999234933e+03 2.952075377106666565e-02 4.303350578993558884e-03
6.895179999999234496e+03 2.495363727211952209e-02 4.085647407919168472e-03
6.896659999999234060e+03 2.410953678190708160e-02 4.213396459817886353e-03
6.898139999999233623e+03 1.882412284612655640e-02 4.731440916657447815e-03
6.899619999999233187e+03 3.125558421015739441e-02 5.291744600981473923e-03
6.901099999999232750e+03 2.146284468472003937e-02 4.656101576983928680e-03
6.902579999999232314e+03 3.255757689476013184e-02 4.449086729437112808e-03
6.904059999999231877e+03 3.222075104713439941e-02 4.316110163927078247e-03
6.905539999999231441e+03 2.327103540301322937e-02 4.041695035994052887e-03
6.907019999999231004e+03 2.203159779310226440e-02 4.008818417787551880e-03
6.908499999999230567e+03 8.956236764788627625e-03 3.895808476954698563e-03
6.909979999999230131e+03 1.863342896103858948e-02 4.955625627189874649e-03
6.911459999999229694e+03 3.470970317721366882e-02 5.605840589851140976e-03
6.912939999999229258e+03 2.917318046092987061e-02 5.034479312598705292e-03
6.914419999999228821e+03 2.455724589526653290e-02 4.242094699293375015e-03
6.915899999999228385e+03 2.539074793457984924e-02 4.124409519135951996e-03
6.917379999999227948e+03 2.438457868993282318e-02 4.079814534634351730e-03
6.918859999999227512e+03 2.041568048298358917e-02 4.300011787563562393e-03
6.920339999999227075e+03 2.185621857643127441e-02 5.750755779445171356e-03
6.921819999999226638e+03 4.119827970862388611e-02 6.749732885509729385e-03
6.923299999999226202e+03 4.226236790418624878e-02 6.218308582901954651e-03
6.924779999999225765e+03 1.879326999187469482e-02 4.267672076821327209e-03
6.926259999999225329e+03 2.259087562561035156e-02 4.174669273197650909e-03
6.927739999999224892e+03 2.172155864536762238e-02 4.053338430821895599e-03
6.929219999999224456e+03 1.855949312448501587e-02 3.897854359820485115e-03
6.930699999999224019e+03 2.430948987603187561e-02 4.110509995371103287e-03
6.932179999999223583e+03 3.651376441121101379e-02 4.449673462659120560e-03
6.933659999999223146e+03 2.700446173548698425e-02 4.185795783996582031e-03
6.935139999999222709e+03 2.458341792225837708e-02 4.218680318444967270e-03
6.936619999999222273e+03 2.381166256964206696e-02 4.918285645544528961e-03
6.938099999999221836e+03 2.923855930566787720e-02 5.523893516510725021e-03
6.939579999999221400e+03 2.840150520205497742e-02 5.135531071573495865e-03
6.941059999999220963e+03 2.083328552544116974e-02 4.228719975799322128e-03
6.942539999999220527e+03 2.356735616922378540e-02 4.060242790728807449e-03
6.944019999999220090e+03 2.275170199573040009e-02 4.083340987563133240e-03
6.945499999999219654e+03 1.555216871201992035e-02 4.926052875816822052e-03
6.946979999999219217e+03 1.972956210374832153e-02 6.566649768501520157e-03
6.948459999999218780e+03 3.107193857431411743e-02 6.653950084000825882e-03
6.949939999999218344e+03 2.737706154584884644e-02 5.217164289206266403e-03
6.951419999999217907e+03 1.858526654541492462e-02 4.208478145301342010e-03
6.952899999999217471e+03 2.938783541321754456e-02 4.393657203763723373e-03
6.954379999999217034e+03 3.002818301320075989e-02 4.419770091772079468e-03
6.955859999999216598e+03 2.765920571982860565e-02 4.328183829784393311e-03
6.957339999999216161e+03 3.305633366107940674e-02 4.503250587731599808e-03
6.958819999999215725e+03 1.887075230479240417e-02 4.045045934617519379e-03
6.960299999999215288e+03 2.578274533152580261e-02 4.255265928804874420e-03
6.961779999999214851e+03 1.984517835080623627e-02 4.070765338838100433e-03
6.963259999999214415e+03 2.741153165698051453e-02 4.354751668870449066e-03
6.964739999999213978e+03 3.000361099839210510e-02 4.434817004948854446e-03
6.966219999999213542e+03 1.975278183817863464e-02 4.313455428928136826e-03
6.967699999999213105e+03 1.655768044292926788e-02 4.601656924933195114e-03
6.969179999999212669e+03 2.614106051623821259e-02 4.863041918724775314e-03
6.970659999999212232e+03 2.791162952780723572e-02 4.556130617856979370e-03
6.972139999999211796e+03 2.983316220343112946e-02 4.345072899013757706e-03
6.973619999999211359e+03 2.792444452643394470e-02 4.307813476771116257e-03
6.975099999999210922e+03 1.046924572438001633e-02 4.500142764300107956e-03
6.976579999999210486e+03 2.263864874839782715e-02 5.831596907228231430e-03
6.978059999999210049e+03 3.231287375092506409e-02 5.951213650405406952e-03
6.979539999999209613e+03 2.509698458015918732e-02 4.630445502698421478e-03
6.981019999999209176e+03 3.037066757678985596e-02 4.484447184950113297e-03
6.982499999999208740e+03 3.054826334118843079e-02 4.387872759252786636e-03
6.983979999999208303e+03 3.533054888248443604e-02 4.525665659457445145e-03
6.985459999999207866e+03 3.063997998833656311e-02 4.427113570272922516e-03
6.986939999999207430e+03 2.982364222407341003e-02 4.392419941723346710e-03
6.988419999999206993e+03 2.757905609905719757e-02 4.315544385462999344e-03
6.989899999999206557e+03 2.641479298472404480e-02 4.304984118789434433e-03
6.991379999999206120e+03 2.788372896611690521e-02 4.294532816857099533e-03
6.992859999999205684e+03 2.666639350354671478e-02 4.248471464961767197e-03
6.994339999999205247e+03 2.957005426287651062e-02 4.391530528664588928e-03
6.995819999999204811e+03 2.799243107438087463e-02 4.334306810051202774e-03
6.997299999999204374e+03 2.643410116434097290e-02 4.240512382239103317e-03
6.998779999999203937e+03 2.834665961563587189e-02 4.305624868720769882e-03
7.000259999999203501e+03 2.397898957133293152e-02 4.318214487284421921e-03
7.001739999999203064e+03 2.720544487237930298e-02 4.660582169890403748e-03
7.003219999999202628e+03 3.364076092839241028e-02 4.808076191693544388e-03
7.004699999999202191e+03 3.883350640535354614e-02 4.684325773268938065e-03
7.006179999999201755e+03 2.612974494695663452e-02 4.178982228040695190e-03
7.007659999999201318e+03 2.020997740328311920e-02 4.195491317659616470e-03
7.009139999999200882e+03 2.488330937922000885e-02 4.812403116375207901e-03
7.010619999999200445e+03 2.972406521439552307e-02 5.045734811574220657e-03
7.012099999999200008e+03 3.514471650123596191e-02 4.725694190710783005e-03
7.013579999999199572e+03 2.602072991430759430e-02 4.179068841040134430e-03
7.015059999999199135e+03 1.897039264440536499e-02 3.937318921089172363e-03
7.016539999999198699e+03 2.717325463891029358e-02 4.214267712086439133e-03
7.018019999999198262e+03 3.099284321069717407e-02 4.346483852714300156e-03
7.019499999999197826e+03 3.059815056622028351e-02 4.303624853491783142e-03
7.020979999999197389e+03 3.638206794857978821e-02 4.414500668644905090e-03
7.022459999999196953e+03 2.801530808210372925e-02 4.187346901744604111e-03
7.023939999999196516e+03 1.805894263088703156e-02 3.925440367311239243e-03
7.025419999999196079e+03 2.500765584409236908e-02 4.159180913120508194e-03
7.026899999999195643e+03 3.089799731969833374e-02 4.366861656308174133e-03
7.028379999999195206e+03 2.689470164477825165e-02 4.275004845112562180e-03
7.029859999999194770e+03 3.483674675226211548e-02 4.497001878917217255e-03
7.031339999999194333e+03 3.552760183811187744e-02 4.459098912775516510e-03
7.032819999999193897e+03 2.765751816332340240e-02 4.167150706052780151e-03
7.034299999999193460e+03 2.029950544238090515e-02 3.965324256569147110e-03
7.035779999999193024e+03 2.077762037515640259e-02 3.996316809207201004e-03
7.037259999999192587e+03 2.749726548790931702e-02 4.245614632964134216e-03
7.038739999999192150e+03 2.456922084093093872e-02 4.290298558771610260e-03
7.040219999999191714e+03 2.458348497748374939e-02 4.416257143020629883e-03
7.041699999999191277e+03 2.795697376132011414e-02 4.423100035637617111e-03
7.043179999999190841e+03 2.548273280262947083e-02 4.317711573094129562e-03
7.044659999999190404e+03 2.274437062442302704e-02 4.453126341104507446e-03
7.046139999999189968e+03 2.356170490384101868e-02 4.751530941575765610e-03
7.047619999999189531e+03 2.026672288775444031e-02 4.700820893049240112e-03
7.049099999999189095e+03 1.987212151288986206e-02 4.512731451541185379e-03
7.050579999999188658e+03 2.919053100049495697e-02 4.616773687303066254e-03
7.052059999999188221e+03 3.318709135055541992e-02 4.657491110265254974e-03
7.053539999999187785e+03 3.021049313247203827e-02 4.524920601397752762e-03
7.055019999999187348e+03 2.701542153954505920e-02 4.358084406703710556e-03
7.056499999999186912e+03 2.987402677536010742e-02 4.361237864941358566e-03
7.057979999999186475e+03 2.823215723037719727e-02 4.335464909672737122e-03
7.059459999999186039e+03 1.780889928340911865e-02 4.029041621834039688e-03
7.060939999999185602e+03 2.514247968792915344e-02 4.328212235122919083e-03
7.062419999999185166e+03 3.260544314980506897e-02 4.625061061233282089e-03
7.063899999999184729e+03 3.417836874723434448e-02 4.677157849073410034e-03
7.065379999999184292e+03 2.460935339331626892e-02 4.430313128978013992e-03
7.066859999999183856e+03 2.711373753845691681e-02 4.476691596210002899e-03
7.068339999999183419e+03 2.948885224759578705e-02 4.531455691903829575e-03
7.069819999999182983e+03 2.822634577751159668e-02 4.453642293810844421e-03
7.071299999999182546e+03 2.957239374518394470e-02 4.463224671781063080e-03
7.072779999999182110e+03 2.186322398483753204e-02 4.232982639223337173e-03
7.074259999999181673e+03 2.355105429887771606e-02 4.270039033144712448e-03
7.075739999999181236e+03 3.076452389359474182e-02 4.527624696493148804e-03
7.077219999999180800e+03 2.465942874550819397e-02 4.343027248978614807e-03
7.078699999999180363e+03 2.958929911255836487e-02 4.461319651454687119e-03
7.080179999999179927e+03 3.117101825773715973e-02 4.628115799278020859e-03
7.081659999999179490e+03 2.836985141038894653e-02 4.542232025414705276e-03
7.083139999999179054e+03 2.389894053339958191e-02 4.245256073772907257e-03
7.084619999999178617e+03 1.654552295804023743e-02 3.973210696130990982e-03
7.086099999999178181e+03 2.437837235629558563e-02 4.440554417669773102e-03
7.087579999999177744e+03 2.932862937450408936e-02 4.650934599339962006e-03
7.089059999999177307e+03 2.694216743111610413e-02 4.501678049564361572e-03
7.090539999999176871e+03 2.016240544617176056e-02 4.201931413263082504e-03
7.092019999999176434e+03 1.929834112524986267e-02 4.078614991158246994e-03
7.093499999999175998e+03 2.378297224640846252e-02 4.160225391387939453e-03
7.094979999999175561e+03 2.298023365437984467e-02 4.050907678902149200e-03
7.096459999999175125e+03 2.236903458833694458e-02 4.083305131644010544e-03
