4.300739999999999782e+03 6.686704158782958984e-01 6.584000587463378906e-02
4.302219999999999345e+03 2.514594793319702148e-01 6.402356922626495361e-02
4.303699999999998909e+03 2.731639742851257324e-01 6.506288051605224609e-02
4.305179999999998472e+03 2.625513374805450439e-01 6.320434808731079102e-02
4.306659999999998035e+03 3.373993635177612305e-01 6.198853999376296997e-02
4.308139999999997599e+03 3.150778412818908691e-01 6.055832654237747192e-02
4.309619999999997162e+03 3.763997256755828857e-01 6.234840676188468933e-02
4.311099999999996726e+03 3.058237433433532715e-01 6.310354173183441162e-02
4.312579999999996289e+03 3.640107512474060059e-01 6.760570406913757324e-02
4.314059999999995853e+03 3.303796648979187012e-01 7.052876800298690796e-02
4.315539999999995416e+03 4.075919389724731445e-01 7.515508681535720825e-02
4.317019999999994980e+03 5.419521927833557129e-01 7.757475972175598145e-02
4.318499999999994543e+03 5.578060746192932129e-01 7.733734697103500366e-02
4.319979999999994106e+03 5.071835517883300781e-01 7.508643716573715210e-02
4.321459999999993670e+03 5.156681537628173828e-01 7.238840311765670776e-02
4.322939999999993233e+03 4.815451204776763916e-01 6.744830310344696045e-02
4.324419999999992797e+03 2.793571650981903076e-01 6.035581231117248535e-02
4.325899999999992360e+03 3.671289086341857910e-01 6.597524136304855347e-02
4.327379999999991924e+03 3.977628052234649658e-01 7.052374631166458130e-02
4.328859999999991487e+03 4.467751085758209229e-01 7.286173850297927856e-02
4.330339999999991051e+03 4.242278933525085449e-01 7.111198455095291138e-02
4.331819999999990614e+03 4.603071808815002441e-01 7.211496680974960327e-02
4.333299999999990177e+03 5.245582461357116699e-01 7.285755127668380737e-02
4.334779999999989741e+03 3.320946097373962402e-01 6.878053396940231323e-02
4.336259999999989304e+03 3.914222121238708496e-01 6.657317280769348145e-02
4.337739999999988868e+03 4.604018628597259521e-01 6.309402734041213989e-02
4.339219999999988431e+03 3.712448179721832275e-01 5.945904552936553955e-02
4.340699999999987995e+03 3.626287877559661865e-01 6.021913886070251465e-02
4.342179999999987558e+03 4.541843235492706299e-01 6.520601361989974976e-02
4.343659999999987122e+03 4.737682938575744629e-01 6.728295981884002686e-02
4.345139999999986685e+03 5.011650323867797852e-01 6.827843189239501953e-02
4.346619999999986248e+03 4.577648937702178955e-01 6.809301674365997314e-02
4.348099999999985812e+03 4.751983582973480225e-01 6.900516152381896973e-02
4.349579999999985375e+03 5.202297568321228027e-01 6.799235194921493530e-02
4.351059999999984939e+03 4.649762511253356934e-01 6.389769911766052246e-02
4.352539999999984502e+03 3.251640796661376953e-01 6.179760023951530457e-02
4.354019999999984066e+03 4.828841686248779297e-01 6.633246690034866333e-02
4.355499999999983629e+03 5.094450116157531738e-01 6.703358888626098633e-02
4.356979999999983193e+03 4.927564859390258789e-01 6.619457900524139404e-02
4.358459999999982756e+03 4.020824134349822998e-01 6.435572355985641479e-02
4.359939999999982319e+03 5.200822353363037109e-01 6.660822033882141113e-02
4.361419999999981883e+03 2.379933595657348633e-01 6.308128684759140015e-02
4.362899999999981446e+03 3.509442806243896484e-01 6.404494494199752808e-02
4.364379999999981010e+03 4.835592210292816162e-01 6.666827946901321411e-02
4.365859999999980573e+03 4.162097573280334473e-01 6.413340568542480469e-02
4.367339999999980137e+03 4.995714426040649414e-01 6.427442282438278198e-02
4.368819999999979700e+03 5.022555589675903320e-01 6.385318934917449951e-02
4.370299999999979264e+03 4.373440146446228027e-01 6.228186562657356262e-02
4.371779999999978827e+03 4.388148188591003418e-01 6.174346804618835449e-02
4.373259999999978390e+03 4.091207385063171387e-01 5.976385623216629028e-02
4.374739999999977954e+03 3.535472750663757324e-01 5.777747556567192078e-02
4.376219999999977517e+03 3.822802305221557617e-01 5.967097356915473938e-02
4.377699999999977081e+03 3.329757153987884521e-01 5.983106419444084167e-02
4.379179999999976644e+03 3.896061778068542480e-01 6.048202514648437500e-02
4.380659999999976208e+03 4.762781262397766113e-01 5.981111153960227966e-02
4.382139999999975771e+03 5.348220467567443848e-01 5.598822236061096191e-02
4.383619999999975335e+03 4.811297357082366943e-01 5.315616726875305176e-02
4.385099999999974898e+03 4.213702976703643799e-01 5.532835796475410461e-02
4.386579999999974461e+03 4.370279312133789062e-01 5.784758180379867554e-02
4.388059999999974025e+03 4.462758898735046387e-01 5.754272267222404480e-02
4.389539999999973588e+03 3.008451163768768311e-01 5.512001737952232361e-02
4.391019999999973152e+03 3.893406689167022705e-01 5.628314986824989319e-02
4.392499999999972715e+03 4.066359102725982666e-01 5.702776089310646057e-02
4.393979999999972279e+03 3.579636812210083008e-01 5.590972676873207092e-02
4.395459999999971842e+03 3.776907324790954590e-01 5.622861534357070923e-02
4.396939999999971405e+03 3.226239979267120361e-01 5.635125935077667236e-02
4.398419999999970969e+03 4.385899901390075684e-01 5.707736313343048096e-02
4.399899999999970532e+03 3.522633016109466553e-01 5.398123711347579956e-02
4.401379999999970096e+03 3.211797773838043213e-01 5.378685146570205688e-02
4.402859999999969659e+03 3.631009459495544434e-01 5.322659015655517578e-02
4.404339999999969223e+03 3.594570755958557129e-01 5.119849368929862976e-02
4.405819999999968786e+03 2.739715278148651123e-01 5.115512758493423462e-02
4.407299999999968350e+03 2.751541435718536377e-01 5.202749371528625488e-02
4.408779999999967913e+03 2.432537078857421875e-01 5.190479382872581482e-02
4.410259999999967476e+03 2.701734304428100586e-01 5.354413390159606934e-02
4.411739999999967040e+03 4.205537438392639160e-01 5.598903819918632507e-02
4.413219999999966603e+03 2.828819155693054199e-01 5.247306451201438904e-02
4.414699999999966167e+03 3.422461748123168945e-01 5.116738006472587585e-02
4.416179999999965730e+03 3.170199990272521973e-01 5.100757256150245667e-02
4.417659999999965294e+03 3.232975602149963379e-01 5.269955098628997803e-02
4.419139999999964857e+03 3.952912688255310059e-01 5.450845509767532349e-02
4.420619999999964421e+03 3.666615486145019531e-01 5.308026820421218872e-02
4.422099999999963984e+03 3.613377809524536133e-01 5.178489908576011658e-02
4.423579999999963547e+03 3.133136034011840820e-01 5.082792788743972778e-02
4.425059999999963111e+03 3.588251471519470215e-01 5.135063454508781433e-02
4.426539999999962674e+03 2.825255990028381348e-01 5.036243423819541931e-02
4.428019999999962238e+03 3.740820586681365967e-01 5.151211097836494446e-02
4.429499999999961801e+03 3.334631323814392090e-01 5.074901133775711060e-02
4.430979999999961365e+03 3.322284519672393799e-01 4.966925084590911865e-02
4.432459999999960928e+03 3.030304908752441406e-01 4.916938021779060364e-02
4.433939999999960492e+03 3.317614197731018066e-01 4.804939776659011841e-02
4.435419999999960055e+03 3.526845276355743408e-01 4.842072352766990662e-02
4.436899999999959618e+03 2.304348349571228027e-01 4.800313711166381836e-02
4.438379999999959182e+03 3.117852807044982910e-01 5.003060773015022278e-02
4.439859999999958745e+03 3.273660540580749512e-01 4.919100925326347351e-02
4.441339999999958309e+03 3.303009271621704102e-01 4.760213941335678101e-02
4.442819999999957872e+03 3.321014344692230225e-01 4.733001440763473511e-02
4.444299999999957436e+03 3.402909934520721436e-01 4.830152913928031921e-02
4.445779999999956999e+03 2.349277883768081665e-01 4.732298851013183594e-02
4.447259999999956563e+03 2.656672000885009766e-01 4.724490270018577576e-02
4.448739999999956126e+03 3.619664609432220459e-01 4.856477677822113037e-02
4.450219999999955689e+03 3.588790595531463623e-01 4.823949933052062988e-02
4.451699999999955253e+03 4.395203590393066406e-01 4.846177622675895691e-02
4.453179999999954816e+03 2.991437613964080811e-01 4.561780393123626709e-02
4.454659999999954380e+03 2.693438827991485596e-01 4.339590668678283691e-02
4.456139999999953943e+03 2.601501047611236572e-01 4.327597841620445251e-02
4.457619999999953507e+03 3.230711221694946289e-01 4.444000869989395142e-02
4.459099999999953070e+03 3.899333178997039795e-01 4.554982855916023254e-02
4.460579999999952634e+03 3.007867336273193359e-01 4.367368668317794800e-02
4.462059999999952197e+03 3.076530694961547852e-01 4.403131827712059021e-02
4.463539999999951760e+03 3.803902864456176758e-01 4.598456993699073792e-02
4.465019999999951324e+03 4.230825901031494141e-01 4.626422747969627380e-02
4.466499999999950887e+03 3.687680363655090332e-01 4.564624279737472534e-02
4.467979999999950451e+03 4.375881254673004150e-01 4.604336619377136230e-02
4.469459999999950014e+03 3.696230649948120117e-01 4.492025449872016907e-02
4.470939999999949578e+03 3.303753137588500977e-01 4.490273073315620422e-02
4.472419999999949141e+03 3.479032516479492188e-01 4.578497260808944702e-02
4.473899999999948704e+03 3.113228678703308105e-01 4.553477093577384949e-02
4.475379999999948268e+03 3.287158608436584473e-01 4.536981880664825439e-02
4.476859999999947831e+03 2.595273554325103760e-01 4.495278000831604004e-02
4.478339999999947395e+03 3.889926373958587646e-01 4.587042704224586487e-02
4.479819999999946958e+03 3.375053405761718750e-01 4.353225231170654297e-02
4.481299999999946522e+03 3.006076514720916748e-01 4.215363413095474243e-02
4.482779999999946085e+03 4.159629642963409424e-01 4.422136768698692322e-02
4.484259999999945649e+03 4.761062860488891602e-01 6.208724901080131531e-02
4.485739999999945212e+03 5.998933315277099609e-01 7.116443663835525513e-02
4.487219999999944775e+03 2.454478442668914795e-01 8.896315097808837891e-02
4.488699999999944339e+03 2.395732104778289795e-01 6.107660755515098572e-02
4.490179999999943902e+03 2.643634676933288574e-01 4.312376677989959717e-02
4.491659999999943466e+03 3.559464514255523682e-01 4.395449161529541016e-02
4.493139999999943029e+03 2.714457809925079346e-01 4.272821173071861267e-02
4.494619999999942593e+03 3.489920496940612793e-01 4.329510405659675598e-02
4.496099999999942156e+03 2.571476995944976807e-01 4.218119755387306213e-02
4.497579999999941720e+03 3.286281526088714600e-01 4.369173943996429443e-02
4.499059999999941283e+03 2.512163221836090088e-01 4.292241483926773071e-02
4.500539999999940846e+03 1.787059903144836426e-01 4.153186827898025513e-02
4.502019999999940410e+03 3.994592428207397461e-01 4.451547563076019287e-02
4.503499999999939973e+03 3.268714249134063721e-01 4.426843300461769104e-02
4.504979999999939537e+03 3.315035402774810791e-01 4.445549845695495605e-02
4.506459999999939100e+03 2.445890307426452637e-01 4.304230213165283203e-02
4.507939999999938664e+03 3.403290808200836182e-01 4.384572058916091919e-02
4.509419999999938227e+03 2.783069908618927002e-01 4.305044189095497131e-02
4.510899999999937791e+03 2.653434574604034424e-01 4.295049607753753662e-02
4.512379999999937354e+03 3.215672969818115234e-01 4.288055747747421265e-02
4.513859999999936917e+03 3.129581809043884277e-01 4.254630208015441895e-02
4.515339999999936481e+03 2.644803822040557861e-01 4.166083782911300659e-02
4.516819999999936044e+03 3.937549293041229248e-01 4.322979971766471863e-02
4.518299999999935608e+03 3.667218685150146484e-01 4.289915040135383606e-02
4.519779999999935171e+03 2.908414602279663086e-01 4.238805547356605530e-02
4.521259999999934735e+03 2.741261720657348633e-01 4.198287427425384521e-02
4.522739999999934298e+03 3.197498023509979248e-01 4.225308820605278015e-02
4.524219999999933862e+03 3.777484595775604248e-01 4.239799454808235168e-02
4.525699999999933425e+03 3.252841532230377197e-01 4.084703698754310608e-02
4.527179999999932988e+03 3.198596835136413574e-01 4.018382728099822998e-02
4.528659999999932552e+03 3.044630885124206543e-01 3.958103805780410767e-02
4.530139999999932115e+03 3.306373655796051025e-01 4.048565030097961426e-02
4.531619999999931679e+03 4.210896492004394531e-01 4.194519296288490295e-02
4.533099999999931242e+03 3.354786932468414307e-01 4.068725556135177612e-02
4.534579999999930806e+03 3.628505468368530273e-01 4.064440354704856873e-02
4.536059999999930369e+03 2.648862898349761963e-01 4.027076065540313721e-02
4.537539999999929933e+03 3.106194734573364258e-01 4.220487922430038452e-02
4.539019999999929496e+03 3.045941293239593506e-01 4.198932647705078125e-02
4.540499999999929059e+03 3.976057767868041992e-01 4.236625507473945618e-02
4.541979999999928623e+03 3.835838139057159424e-01 4.241275414824485779e-02
4.543459999999928186e+03 3.827520012855529785e-01 4.246865585446357727e-02
4.544939999999927750e+03 4.044492244720458984e-01 4.233048111200332642e-02
4.546419999999927313e+03 3.134433925151824951e-01 4.093727841973304749e-02
4.547899999999926877e+03 3.367136716842651367e-01 4.101109504699707031e-02
4.549379999999926440e+03 3.060781061649322510e-01 3.996768966317176819e-02
4.550859999999926004e+03 4.166446924209594727e-01 4.183652624487876892e-02
4.552339999999925567e+03 3.867308795452117920e-01 4.175597429275512695e-02
4.553819999999925130e+03 3.881415426731109619e-01 4.124538600444793701e-02
4.555299999999924694e+03 4.061084985733032227e-01 4.171039536595344543e-02
4.556779999999924257e+03 2.995623350143432617e-01 4.091541469097137451e-02
4.558259999999923821e+03 3.389696776866912842e-01 4.219124838709831238e-02
4.559739999999923384e+03 3.006163537502288818e-01 4.188628122210502625e-02
4.561219999999922948e+03 3.147439956665039062e-01 4.219925403594970703e-02
4.562699999999922511e+03 3.479199111461639404e-01 4.212258383631706238e-02
4.564179999999922074e+03 3.461463153362274170e-01 4.098913818597793579e-02
4.565659999999921638e+03 2.895652949810028076e-01 4.042340815067291260e-02
4.567139999999921201e+03 3.187822997570037842e-01 4.151239618659019470e-02
4.568619999999920765e+03 3.814373612403869629e-01 4.270783066749572754e-02
4.570099999999920328e+03 3.501109480857849121e-01 4.182986170053482056e-02
4.571579999999919892e+03 3.753815293312072754e-01 4.169114306569099426e-02
4.573059999999919455e+03 3.283791244029998779e-01 4.164355993270874023e-02
4.574539999999919019e+03 3.963548243045806885e-01 4.260284081101417542e-02
4.576019999999918582e+03 3.864432573318481445e-01 4.254193231463432312e-02
4.577499999999918145e+03 4.546331167221069336e-01 4.316668957471847534e-02
4.578979999999917709e+03 3.568902611732482910e-01 4.144940152764320374e-02
4.580459999999917272e+03 2.733036577701568604e-01 3.974889963865280151e-02
4.581939999999916836e+03 3.847828805446624756e-01 4.100003466010093689e-02
4.583419999999916399e+03 3.794188499450683594e-01 4.117234796285629272e-02
4.584899999999915963e+03 3.668569624423980713e-01 4.092284291982650757e-02
4.586379999999915526e+03 4.088168740272521973e-01 4.185232892632484436e-02
4.587859999999915090e+03 2.455638349056243896e-01 4.042858630418777466e-02
4.589339999999914653e+03 3.554529249668121338e-01 4.190246015787124634e-02
4.590819999999914216e+03 3.804502785205841064e-01 4.158675298094749451e-02
4.592299999999913780e+03 4.741345345973968506e-01 4.266551136970520020e-02
4.593779999999913343e+03 4.025878906250000000e-01 4.179487004876136780e-02
4.595259999999912907e+03 3.483569920063018799e-01 4.100918024778366089e-02
4.596739999999912470e+03 3.272854685783386230e-01 4.074717685580253601e-02
4.598219999999912034e+03 3.998438119888305664e-01 4.146661609411239624e-02
4.599699999999911597e+03 3.931134045124053955e-01 4.163848608732223511e-02
4.601179999999911161e+03 3.748706281185150146e-01 4.144426807761192322e-02
4.602659999999910724e+03 3.887578845024108887e-01 4.170946031808853149e-02
4.604139999999910287e+03 3.260350823402404785e-01 4.109622910618782043e-02
4.605619999999909851e+03 3.773126602172851562e-01 4.168539866805076599e-02
4.607099999999909414e+03 3.262305855751037598e-01 4.169125854969024658e-02
4.608579999999908978e+03 2.825130224227905273e-01 4.151062294840812683e-02
4.610059999999908541e+03 3.592142462730407715e-01 4.224018752574920654e-02
4.611539999999908105e+03 3.764631748199462891e-01 4.200638085603713989e-02
4.613019999999907668e+03 4.375590682029724121e-01 4.257335513830184937e-02
4.614499999999907232e+03 4.408446550369262695e-01 4.267194122076034546e-02
4.615979999999906795e+03 3.214729428291320801e-01 4.156005755066871643e-02
4.617459999999906358e+03 3.933352231979370117e-01 4.216935113072395325e-02
4.618939999999905922e+03 3.956968486309051514e-01 4.211340099573135376e-02
4.620419999999905485e+03 4.092507362365722656e-01 4.235528036952018738e-02
4.621899999999905049e+03 3.534092903137207031e-01 4.180555790662765503e-02
4.623379999999904612e+03 4.088649153709411621e-01 4.250829666852951050e-02
4.624859999999904176e+03 3.778696954250335693e-01 4.207962006330490112e-02
4.626339999999903739e+03 3.200415968894958496e-01 4.139331355690956116e-02
4.627819999999903303e+03 4.384659528732299805e-01 4.274490475654602051e-02
4.629299999999902866e+03 3.585590124130249023e-01 4.172022268176078796e-02
4.630779999999902429e+03 4.005689918994903564e-01 4.238485544919967651e-02
4.632259999999901993e+03 4.013219475746154785e-01 4.214072227478027344e-02
4.633739999999901556e+03 3.960464894771575928e-01 4.185848310589790344e-02
4.635219999999901120e+03 3.197830319404602051e-01 4.077523946762084961e-02
4.636699999999900683e+03 3.546101450920104980e-01 4.090810194611549377e-02
4.638179999999900247e+03 2.975828647613525391e-01 4.010228440165519714e-02
4.639659999999899810e+03 3.232102692127227783e-01 4.042613506317138672e-02
4.641139999999899374e+03 3.002777695655822754e-01 4.064090177416801453e-02
4.642619999999898937e+03 3.254973888397216797e-01 4.089385271072387695e-02
4.644099999999898500e+03 3.224856257438659668e-01 4.040086269378662109e-02
4.645579999999898064e+03 3.286802768707275391e-01 3.986668959259986877e-02
4.647059999999897627e+03 4.101032316684722900e-01 4.022921249270439148e-02
4.648539999999897191e+03 3.540364801883697510e-01 4.005615413188934326e-02
4.650019999999896754e+03 3.844287991523742676e-01 4.083989188075065613e-02
4.651499999999896318e+03 4.495952427387237549e-01 4.192459955811500549e-02
4.652979999999895881e+03 3.640623390674591064e-01 4.084845259785652161e-02
4.654459999999895444e+03 3.560642004013061523e-01 4.040597379207611084e-02
4.655939999999895008e+03 3.543372750282287598e-01 3.994772583246231079e-02
4.657419999999894571e+03 3.561516702175140381e-01 4.091538488864898682e-02
4.658899999999894135e+03 2.784514129161834717e-01 4.050002992153167725e-02
4.660379999999893698e+03 3.850376904010772705e-01 4.161232709884643555e-02
4.661859999999893262e+03 3.405855000019073486e-01 4.043120890855789185e-02
4.663339999999892825e+03 3.189271986484527588e-01 3.984390199184417725e-02
4.664819999999892389e+03 3.708083927631378174e-01 3.971445187926292419e-02
4.666299999999891952e+03 3.864668309688568115e-01 3.900293260812759399e-02
4.667779999999891515e+03 3.909569382667541504e-01 3.872341290116310120e-02
4.669259999999891079e+03 4.042872786521911621e-01 3.971377015113830566e-02
4.670739999999890642e+03 4.416332840919494629e-01 4.114958643913269043e-02
4.672219999999890206e+03 3.239580094814300537e-01 3.964991122484207153e-02
4.673699999999889769e+03 3.151561617851257324e-01 3.947277367115020752e-02
4.675179999999889333e+03 4.434278607368469238e-01 4.117939248681068420e-02
4.676659999999888896e+03 4.315308332443237305e-01 4.110376909375190735e-02
4.678139999999888460e+03 3.983914554119110107e-01 3.982969000935554504e-02
4.679619999999888023e+03 3.421034514904022217e-01 3.896791115403175354e-02
4.681099999999887586e+03 3.732710778713226318e-01 3.937786445021629333e-02
4.682579999999887150e+03 3.693342804908752441e-01 3.964736685156822205e-02
4.684059999999886713e+03 3.471119701862335205e-01 3.960645571351051331e-02
4.685539999999886277e+03 3.419276773929595947e-01 3.970352932810783386e-02
4.687019999999885840e+03 3.622066974639892578e-01 3.982986882328987122e-02
4.688499999999885404e+03 3.105365633964538574e-01 3.904053568840026855e-02
4.689979999999884967e+03 4.162709116935729980e-01 4.015775397419929504e-02
4.691459999999884531e+03 3.546040058135986328e-01 3.935466334223747253e-02
4.692939999999884094e+03 3.461656272411346436e-01 3.945683687925338745e-02
4.694419999999883657e+03 4.061170816421508789e-01 4.043552279472351074e-02
4.695899999999883221e+03 3.696334362030029297e-01 3.992916643619537354e-02
4.697379999999882784e+03 3.969880938529968262e-01 3.970714285969734192e-02
4.698859999999882348e+03 3.613970875740051270e-01 3.877239301800727844e-02
4.700339999999881911e+03 3.698864877223968506e-01 3.871814534068107605e-02
4.701819999999881475e+03 3.679621517658233643e-01 3.817453607916831970e-02
4.703299999999881038e+03 3.371031284332275391e-01 3.779682889580726624e-02
4.704779999999880602e+03 3.895981311798095703e-01 3.906188160181045532e-02
4.706259999999880165e+03 3.567347526550292969e-01 3.877012804150581360e-02
4.707739999999879728e+03 3.479905128479003906e-01 3.808326274156570435e-02
4.709219999999879292e+03 3.293681144714355469e-01 3.787140548229217529e-02
4.710699999999878855e+03 3.997651338577270508e-01 3.905299305915832520e-02
4.712179999999878419e+03 3.960926532745361328e-01 3.942464664578437805e-02
4.713659999999877982e+03 3.944337964057922363e-01 3.880858421325683594e-02
4.715139999999877546e+03 3.615457713603973389e-01 3.860507532954216003e-02
4.716619999999877109e+03 3.554102480411529541e-01 3.909887745976448059e-02
4.718099999999876673e+03 3.659440875053405762e-01 3.959769383072853088e-02
4.719579999999876236e+03 3.539497852325439453e-01 3.957960009574890137e-02
4.721059999999875799e+03 3.770486414432525635e-01 3.950188681483268738e-02
4.722539999999875363e+03 3.378955125808715820e-01 3.919146582484245300e-02
4.724019999999874926e+03 3.812903165817260742e-01 3.966218978166580200e-02
4.725499999999874490e+03 4.184727072715759277e-01 3.983855992555618286e-02
4.726979999999874053e+03 4.196004271507263184e-01 3.895430639386177063e-02
4.728459999999873617e+03 4.071952998638153076e-01 3.829706087708473206e-02
4.729939999999873180e+03 3.710053861141204834e-01 3.784449398517608643e-02
4.731419999999872744e+03 4.064784348011016846e-01 3.855177015066146851e-02
4.732899999999872307e+03 4.417942464351654053e-01 3.926246240735054016e-02
4.734379999999871870e+03 3.773051500320434570e-01 3.839066252112388611e-02
4.735859999999871434e+03 3.715347945690155029e-01 3.805169090628623962e-02
4.737339999999870997e+03 4.181167781352996826e-01 3.862105682492256165e-02
4.738819999999870561e+03 3.739187419414520264e-01 3.866850957274436951e-02
4.740299999999870124e+03 3.845067024230957031e-01 3.850575163960456848e-02
4.741779999999869688e+03 4.262081682682037354e-01 3.908680379390716553e-02
4.743259999999869251e+03 3.631592392921447754e-01 3.881440684199333191e-02
4.744739999999868814e+03 3.573534786701202393e-01 3.813833370804786682e-02
4.746219999999868378e+03 4.421494603157043457e-01 3.913000971078872681e-02
4.747699999999867941e+03 3.657708168029785156e-01 3.869052603840827942e-02
4.749179999999867505e+03 3.069759011268615723e-01 3.776105120778083801e-02
4.750659999999867068e+03 3.755774796009063721e-01 3.840360045433044434e-02
4.752139999999866632e+03 3.779335021972656250e-01 3.807058930397033691e-02
4.753619999999866195e+03 3.798966705799102783e-01 3.770221769809722900e-02
4.755099999999865759e+03 3.682463765144348145e-01 3.742796182632446289e-02
4.756579999999865322e+03 3.786237239837646484e-01 3.761451691389083862e-02
4.758059999999864885e+03 2.764288485050201416e-01 3.696848452091217041e-02
4.759539999999864449e+03 3.683685660362243652e-01 3.802410513162612915e-02
4.761019999999864012e+03 3.168178796768188477e-01 3.709332644939422607e-02
4.762499999999863576e+03 3.798607587814331055e-01 3.724620118737220764e-02
4.763979999999863139e+03 4.032371640205383301e-01 3.723975270986557007e-02
4.765459999999862703e+03 3.738094568252563477e-01 3.679047524929046631e-02
4.766939999999862266e+03 3.751637637615203857e-01 3.690848872065544128e-02
4.768419999999861830e+03 3.573070764541625977e-01 3.750398010015487671e-02
4.769899999999861393e+03 3.779695034027099609e-01 3.773029521107673645e-02
4.771379999999860956e+03 3.466612994670867920e-01 3.704176470637321472e-02
4.772859999999860520e+03 4.197969734668731689e-01 3.799768537282943726e-02
4.774339999999860083e+03 3.981618583202362061e-01 3.827863186597824097e-02
4.775819999999859647e+03 4.037528932094573975e-01 3.817758709192276001e-02
4.777299999999859210e+03 3.611274361610412598e-01 3.782456740736961365e-02
4.778779999999858774e+03 3.309202790260314941e-01 3.728713840246200562e-02
4.780259999999858337e+03 3.980721533298492432e-01 3.789015114307403564e-02
4.781739999999857901e+03 3.648551106452941895e-01 3.724392876029014587e-02
4.783219999999857464e+03 3.361698985099792480e-01 3.661685436964035034e-02
4.784699999999857027e+03 4.159573018550872803e-01 3.746766224503517151e-02
4.786179999999856591e+03 3.514554500579833984e-01 3.641353175044059753e-02
4.787659999999856154e+03 4.219269752502441406e-01 3.713327273726463318e-02
4.789139999999855718e+03 3.955246210098266602e-01 3.684812784194946289e-02
4.790619999999855281e+03 4.018577933311462402e-01 3.706252947449684143e-02
4.792099999999854845e+03 3.901221156120300293e-01 3.720577061176300049e-02
4.793579999999854408e+03 3.921700716018676758e-01 3.756124898791313171e-02
4.795059999999853972e+03 4.058170020580291748e-01 3.780662268400192261e-02
4.796539999999853535e+03 3.724695742130279541e-01 3.717598319053649902e-02
4.798019999999853098e+03 3.411154448986053467e-01 3.633831813931465149e-02
4.799499999999852662e+03 4.042946994304656982e-01 3.662016615271568298e-02
4.800979999999852225e+03 3.218921720981597900e-01 3.610612824559211731e-02
4.802459999999851789e+03 4.001046717166900635e-01 3.720754757523536682e-02
4.803939999999851352e+03 4.103941917419433594e-01 3.692041337490081787e-02
4.805419999999850916e+03 3.850411474704742432e-01 3.642610460519790649e-02
4.806899999999850479e+03 3.513221442699432373e-01 3.573280572891235352e-02
4.808379999999850043e+03 4.088612794876098633e-01 3.653610125184059143e-02
4.809859999999849606e+03 3.755114674568176270e-01 3.618532419204711914e-02
4.811339999999849169e+03 3.489266335964202881e-01 3.612153232097625732e-02
4.812819999999848733e+03 4.401632547378540039e-01 3.695353120565414429e-02
4.814299999999848296e+03 3.385062813758850098e-01 3.597423434257507324e-02
4.815779999999847860e+03 3.269747197628021240e-01 3.592674061655998230e-02
4.817259999999847423e+03 3.613995909690856934e-01 3.643155470490455627e-02
4.818739999999846987e+03 3.716536462306976318e-01 3.642300888895988464e-02
4.820219999999846550e+03 3.618138432502746582e-01 3.615045547485351562e-02
4.821699999999846113e+03 3.667246401309967041e-01 3.587123751640319824e-02
4.823179999999845677e+03 3.758468627929687500e-01 3.511263057589530945e-02
4.824659999999845240e+03 3.035461008548736572e-01 3.474502265453338623e-02
4.826139999999844804e+03 3.496602773666381836e-01 3.568707406520843506e-02
4.827619999999844367e+03 3.402454555034637451e-01 3.516362607479095459e-02
4.829099999999843931e+03 3.260797262191772461e-01 3.484570980072021484e-02
4.830579999999843494e+03 3.863952457904815674e-01 3.541120514273643494e-02
4.832059999999843058e+03 4.277634322643280029e-01 3.603775799274444580e-02
4.833539999999842621e+03 3.578010797500610352e-01 3.519558161497116089e-02
4.835019999999842184e+03 3.969796299934387207e-01 3.542996197938919067e-02
4.836499999999841748e+03 4.283359050750732422e-01 3.584079816937446594e-02
4.837979999999841311e+03 4.354521632194519043e-01 3.560904785990715027e-02
4.839459999999840875e+03 3.551577925682067871e-01 3.424946218729019165e-02
4.840939999999840438e+03 3.903485238552093506e-01 3.478834778070449829e-02
4.842419999999840002e+03 3.132731914520263672e-01 3.371641039848327637e-02
4.843899999999839565e+03 2.848230600357055664e-01 3.370578959584236145e-02
4.845379999999839129e+03 4.300387501716613770e-01 3.551293537020683289e-02
4.846859999999838692e+03 3.420481979846954346e-01 3.435245156288146973e-02
4.848339999999838255e+03 3.258985280990600586e-01 3.380883112549781799e-02
4.849819999999837819e+03 3.058918714523315430e-01 3.378785029053688049e-02
4.851299999999837382e+03 4.153608977794647217e-01 3.470139577984809875e-02
4.852779999999836946e+03 3.725040256977081299e-01 3.398078307509422302e-02
4.854259999999836509e+03 3.628780543804168701e-01 3.311500698328018188e-02
4.855739999999836073e+03 3.971242308616638184e-01 3.306809067726135254e-02
4.857219999999835636e+03 4.187958836555480957e-01 3.301728144288063049e-02
4.858699999999835200e+03 3.566914796829223633e-01 3.098117001354694366e-02
4.860179999999834763e+03 3.917701244354248047e-01 2.960770204663276672e-02
4.861659999999834326e+03 3.701833486557006836e-01 2.958429604768753052e-02
4.863139999999833890e+03 3.648088276386260986e-01 3.128731623291969299e-02
4.864619999999833453e+03 4.117618799209594727e-01 3.281919285655021667e-02
4.866099999999833017e+03 3.861171603202819824e-01 3.295135125517845154e-02
4.867579999999832580e+03 3.685220181941986084e-01 3.296787664294242859e-02
4.869059999999832144e+03 3.644624054431915283e-01 3.256793692708015442e-02
4.870539999999831707e+03 3.517170250415802002e-01 3.143811598420143127e-02
4.872019999999831271e+03 3.622471690177917480e-01 3.167634829878807068e-02
4.873499999999830834e+03 3.719803094863891602e-01 3.254965692758560181e-02
4.874979999999830397e+03 3.496029376983642578e-01 3.270351141691207886e-02
4.876459999999829961e+03 3.489143252372741699e-01 3.261184319853782654e-02
4.877939999999829524e+03 2.806781828403472900e-01 3.216145932674407959e-02
4.879419999999829088e+03 3.382454812526702881e-01 3.304052725434303284e-02
4.880899999999828651e+03 3.255227208137512207e-01 3.288557380437850952e-02
4.882379999999828215e+03 3.063306808471679688e-01 3.214836865663528442e-02
4.883859999999827778e+03 3.574078679084777832e-01 3.269395604729652405e-02
4.885339999999827342e+03 3.733743727207183838e-01 3.226593509316444397e-02
4.886819999999826905e+03 4.127910137176513672e-01 3.246643394231796265e-02
4.888299999999826468e+03 3.725560009479522705e-01 3.198926523327827454e-02
4.889779999999826032e+03 3.777882754802703857e-01 3.144302591681480408e-02
4.891259999999825595e+03 4.139316678047180176e-01 3.193303942680358887e-02
4.892739999999825159e+03 3.846356570720672607e-01 3.291230648756027222e-02
4.894219999999824722e+03 3.379867672920227051e-01 3.305829316377639771e-02
4.895699999999824286e+03 4.328362941741943359e-01 3.398417681455612183e-02
4.897179999999823849e+03 3.769668340682983398e-01 3.343939036130905151e-02
4.898659999999823413e+03 4.104087352752685547e-01 3.325505182147026062e-02
4.900139999999822976e+03 3.970105051994323730e-01 3.294271230697631836e-02
4.901619999999822539e+03 3.739219307899475098e-01 3.259795531630516052e-02
4.903099999999822103e+03 3.736622333526611328e-01 3.246730938553810120e-02
4.904579999999821666e+03 3.113535046577453613e-01 3.205439448356628418e-02
4.906059999999821230e+03 3.915013670921325684e-01 3.300924226641654968e-02
4.907539999999820793e+03 4.242959916591644287e-01 3.284934163093566895e-02
4.909019999999820357e+03 4.041660130023956299e-01 3.203559294342994690e-02
4.910499999999819920e+03 3.481454849243164062e-01 3.124877437949180603e-02
4.911979999999819483e+03 3.955637514591217041e-01 3.234798833727836609e-02
4.913459999999819047e+03 3.400726616382598877e-01 3.229831904172897339e-02
4.914939999999818610e+03 3.651192486286163330e-01 3.252035379409790039e-02
4.916419999999818174e+03 3.343280851840972900e-01 3.142609819769859314e-02
4.917899999999817737e+03 3.968807458877563477e-01 3.087128326296806335e-02
4.919379999999817301e+03 4.078609943389892578e-01 3.031473420560359955e-02
4.920859999999816864e+03 3.911752998828887939e-01 3.081112168729305267e-02
4.922339999999816428e+03 4.246945977210998535e-01 3.185468167066574097e-02
4.923819999999815991e+03 3.453032970428466797e-01 3.124986030161380768e-02
4.925299999999815554e+03 3.617675006389617920e-01 3.176034614443778992e-02
4.926779999999815118e+03 4.396380484104156494e-01 3.287928178906440735e-02
4.928259999999814681e+03 3.857435584068298340e-01 3.217949345707893372e-02
4.929739999999814245e+03 3.752457201480865479e-01 3.225226700305938721e-02
4.931219999999813808e+03 3.737115561962127686e-01 3.173100203275680542e-02
4.932699999999813372e+03 3.730184435844421387e-01 3.136585280299186707e-02
4.934179999999812935e+03 4.039730429649353027e-01 3.168896213173866272e-02
4.935659999999812499e+03 4.039750397205352783e-01 3.169093281030654907e-02
4.937139999999812062e+03 3.932415544986724854e-01 3.106524981558322906e-02
4.938619999999811625e+03 3.465451300144195557e-01 3.029096312820911407e-02
4.940099999999811189e+03 4.273836612701416016e-01 3.184737637639045715e-02
4.941579999999810752e+03 3.452105224132537842e-01 3.165726363658905029e-02
4.943059999999810316e+03 4.005573391914367676e-01 3.209571167826652527e-02
4.944539999999809879e+03 3.566844761371612549e-01 3.148584812879562378e-02
4.946019999999809443e+03 3.942290246486663818e-01 3.178317472338676453e-02
4.947499999999809006e+03 3.777593076229095459e-01 3.196049481630325317e-02
4.948979999999808570e+03 3.421886563301086426e-01 3.155602142214775085e-02
4.950459999999808133e+03 3.478022217750549316e-01 3.117650002241134644e-02
4.951939999999807696e+03 3.701556026935577393e-01 3.150248527526855469e-02
4.953419999999807260e+03 3.360969424247741699e-01 3.126129135489463806e-02
4.954899999999806823e+03 3.702150881290435791e-01 3.092529624700546265e-02
4.956379999999806387e+03 3.527079224586486816e-01 2.946001105010509491e-02
4.957859999999805950e+03 3.664257526397705078e-01 2.995354682207107544e-02
4.959339999999805514e+03 4.040075242519378662e-01 3.174458816647529602e-02
4.960819999999805077e+03 3.689427971839904785e-01 3.150551021099090576e-02
4.962299999999804641e+03 3.392903208732604980e-01 3.131111338734626770e-02
4.963779999999804204e+03 3.084987401962280273e-01 3.069558553397655487e-02
4.965259999999803767e+03 3.875846862792968750e-01 3.113105148077011108e-02
4.966739999999803331e+03 3.927804827690124512e-01 3.109443560242652893e-02
4.968219999999802894e+03 3.276138901710510254e-01 3.026893548667430878e-02
4.969699999999802458e+03 2.744478583335876465e-01 2.978310361504554749e-02
4.971179999999802021e+03 3.317556381225585938e-01 3.056803904473781586e-02
4.972659999999801585e+03 2.924254536628723145e-01 3.049308620393276215e-02
4.974139999999801148e+03 3.384179472923278809e-01 3.095901943743228912e-02
4.975619999999800712e+03 5.077314972877502441e-01 3.240018710494041443e-02
4.977099999999800275e+03 6.596401929855346680e-01 3.367321565747261047e-02
4.978579999999799838e+03 4.866721630096435547e-01 3.173705935478210449e-02
4.980059999999799402e+03 3.627393543720245361e-01 3.014613501727581024e-02
4.981539999999798965e+03 3.180435299873352051e-01 2.888268046081066132e-02
4.983019999999798529e+03 3.161861002445220947e-01 2.850813977420330048e-02
4.984499999999798092e+03 3.107937276363372803e-01 2.900309860706329346e-02
4.985979999999797656e+03 3.440089523792266846e-01 3.012754768133163452e-02
4.987459999999797219e+03 3.433940708637237549e-01 3.049882315099239349e-02
4.988939999999796783e+03 3.328942656517028809e-01 3.019522316753864288e-02
4.990419999999796346e+03 3.152098059654235840e-01 2.970689721405506134e-02
4.991899999999795909e+03 3.276901245117187500e-01 2.987071312963962555e-02
4.993379999999795473e+03 3.197238147258758545e-01 2.993049286305904388e-02
4.994859999999795036e+03 3.834895789623260498e-01 3.061636537313461304e-02
4.996339999999794600e+03 3.886697888374328613e-01 3.077059239149093628e-02
4.997819999999794163e+03 3.938523530960083008e-01 3.063846565783023834e-02
4.999299999999793727e+03 3.232532143592834473e-01 2.944007888436317444e-02
5.000779999999793290e+03 3.707180619239807129e-01 2.968147210776805878e-02
5.002259999999792853e+03 3.813393414020538330e-01 2.998439967632293701e-02
5.003739999999792417e+03 3.483431935310363770e-01 2.946481853723526001e-02
5.005219999999791980e+03 3.938805460929870605e-01 2.934211678802967072e-02
5.006699999999791544e+03 3.496887087821960449e-01 2.919470891356468201e-02
5.008179999999791107e+03 3.647548258304595947e-01 3.015224263072013855e-02
5.009659999999790671e+03 3.878296017646789551e-01 3.025562316179275513e-02
5.011139999999790234e+03 3.890515565872192383e-01 2.968110889196395874e-02
5.012619999999789798e+03 3.577458560466766357e-01 2.885195612907409668e-02
5.014099999999789361e+03 4.376418590545654297e-01 2.996184863150119781e-02
5.015579999999788924e+03 3.974485695362091064e-01 2.960926666855812073e-02
5.017059999999788488e+03 4.494674205780029297e-01 3.016421943902969360e-02
5.018539999999788051e+03 4.282738268375396729e-01 3.007588721811771393e-02
5.020019999999787615e+03 4.215475320816040039e-01 3.015476465225219727e-02
5.021499999999787178e+03 4.107807874679565430e-01 2.985458262264728546e-02
5.022979999999786742e+03 4.375163614749908447e-01 3.036747872829437256e-02
5.024459999999786305e+03 3.973582386970520020e-01 3.016946464776992798e-02
5.025939999999785869e+03 3.435145318508148193e-01 2.926004678010940552e-02
5.027419999999785432e+03 3.858168423175811768e-01 2.966124936938285828e-02
5.028899999999784995e+03 4.174857735633850098e-01 3.032412752509117126e-02
5.030379999999784559e+03 3.395116329193115234e-01 2.967591397464275360e-02
5.031859999999784122e+03 4.309972524642944336e-01 3.098915703594684601e-02
5.033339999999783686e+03 4.341248571872711182e-01 3.060410358011722565e-02
5.034819999999783249e+03 3.445674777030944824e-01 2.930697053670883179e-02
5.036299999999782813e+03 3.622077405452728271e-01 2.931578084826469421e-02
5.037779999999782376e+03 3.411931395530700684e-01 2.889456041157245636e-02
5.039259999999781940e+03 3.512259125709533691e-01 2.821781672537326813e-02
5.040739999999781503e+03 3.703919947147369385e-01 2.830888517200946808e-02
5.042219999999781066e+03 4.219705760478973389e-01 2.963711135089397430e-02
5.043699999999780630e+03 4.096992015838623047e-01 3.051561675965785980e-02
5.045179999999780193e+03 4.261394739151000977e-01 3.072032146155834198e-02
5.046659999999779757e+03 4.678900837898254395e-01 3.087290190160274506e-02
5.048139999999779320e+03 3.444849848747253418e-01 2.890485152602195740e-02
5.049619999999778884e+03 4.254789054393768311e-01 2.965098246932029724e-02
5.051099999999778447e+03 3.569856286048889160e-01 2.916648611426353455e-02
5.052579999999778011e+03 3.920479416847229004e-01 2.983771078288555145e-02
5.054059999999777574e+03 3.668226599693298340e-01 2.979816496372222900e-02
5.055539999999777137e+03 4.318451583385467529e-01 3.052243962883949280e-02
5.057019999999776701e+03 4.282105863094329834e-01 3.054322674870491028e-02
5.058499999999776264e+03 3.904923796653747559e-01 3.026313334703445435e-02
5.059979999999775828e+03 4.547249674797058105e-01 3.099580667912960052e-02
5.061459999999775391e+03 4.272115826606750488e-01 3.057085350155830383e-02
5.062939999999774955e+03 3.905331790447235107e-01 2.980419434607028961e-02
5.064419999999774518e+03 4.039693772792816162e-01 2.961658500134944916e-02
5.065899999999774082e+03 4.425141811370849609e-01 2.998774684965610504e-02
5.067379999999773645e+03 4.002945423126220703e-01 2.970008738338947296e-02
5.068859999999773208e+03 4.496376514434814453e-01 3.031799010932445526e-02
5.070339999999772772e+03 4.411602914333343506e-01 3.018207289278507233e-02
5.071819999999772335e+03 4.160223603248596191e-01 2.978369221091270447e-02
5.073299999999771899e+03 4.460017085075378418e-01 2.994127944111824036e-02
5.074779999999771462e+03 4.051414132118225098e-01 2.975694835186004639e-02
5.076259999999771026e+03 4.841966629028320312e-01 3.066845797002315521e-02
5.077739999999770589e+03 4.806803166866302490e-01 2.991736680269241333e-02
5.079219999999770152e+03 4.244572818279266357e-01 2.889165282249450684e-02
5.080699999999769716e+03 4.303908646106719971e-01 2.919342555105686188e-02
5.082179999999769279e+03 4.286811053752899170e-01 2.961597591638565063e-02
5.083659999999768843e+03 4.394755363464355469e-01 2.996604889631271362e-02
5.085139999999768406e+03 4.155122339725494385e-01 3.000003285706043243e-02
5.086619999999767970e+03 4.218530654907226562e-01 3.011902794241905212e-02
5.088099999999767533e+03 4.385548830032348633e-01 3.022539056837558746e-02
5.089579999999767097e+03 4.235506951808929443e-01 3.003786504268646240e-02
5.091059999999766660e+03 3.930594921112060547e-01 2.954757772386074066e-02
5.092539999999766223e+03 3.972954750061035156e-01 2.998238615691661835e-02
5.094019999999765787e+03 4.519216418266296387e-01 3.053619526326656342e-02
5.095499999999765350e+03 4.254607558250427246e-01 2.977149002254009247e-02
5.096979999999764914e+03 3.828607201576232910e-01 2.871954999864101410e-02
5.098459999999764477e+03 4.285823702812194824e-01 2.896149083971977234e-02
5.099939999999764041e+03 3.942784667015075684e-01 2.928477153182029724e-02
5.101419999999763604e+03 3.609845042228698730e-01 2.942210435867309570e-02
5.102899999999763168e+03 4.571020603179931641e-01 3.021932765841484070e-02
5.104379999999762731e+03 4.547108411788940430e-01 2.999182604253292084e-02
5.105859999999762294e+03 3.928140103816986084e-01 2.912925183773040771e-02
5.107339999999761858e+03 4.021951854228973389e-01 2.919328212738037109e-02
5.108819999999761421e+03 4.047828912734985352e-01 2.920468524098396301e-02
5.110299999999760985e+03 4.119112789630889893e-01 2.940227463841438293e-02
5.111779999999760548e+03 4.106160998344421387e-01 2.979811653494834900e-02
5.113259999999760112e+03 4.182760417461395264e-01 2.987300977110862732e-02
5.114739999999759675e+03 3.941003978252410889e-01 2.960725501179695129e-02
5.116219999999759239e+03 4.969432950019836426e-01 3.067740984261035919e-02
5.117699999999758802e+03 3.818942308425903320e-01 2.971778996288776398e-02
5.119179999999758365e+03 4.028350412845611572e-01 2.970227040350437164e-02
5.120659999999757929e+03 4.161112308502197266e-01 2.963261306285858154e-02
5.122139999999757492e+03 4.174752533435821533e-01 2.921589650213718414e-02
5.123619999999757056e+03 4.931193888187408447e-01 2.978467755019664764e-02
5.125099999999756619e+03 6.379331946372985840e-01 3.130282834172248840e-02
5.126579999999756183e+03 6.111006736755371094e-01 3.115422464907169342e-02
5.128059999999755746e+03 4.273586273193359375e-01 2.921594865620136261e-02
5.129539999999755310e+03 4.030361771583557129e-01 2.904210425913333893e-02
5.131019999999754873e+03 4.185329377651214600e-01 2.925413101911544800e-02
5.132499999999754436e+03 3.927381634712219238e-01 2.914284169673919678e-02
5.133979999999754000e+03 3.706742227077484131e-01 2.883246727287769318e-02
5.135459999999753563e+03 4.314765334129333496e-01 2.940634265542030334e-02
5.136939999999753127e+03 3.862348794937133789e-01 2.828635834157466888e-02
5.138419999999752690e+03 3.644011020660400391e-01 2.803573198616504669e-02
5.139899999999752254e+03 4.223037362098693848e-01 2.876912057399749756e-02
5.141379999999751817e+03 4.321436583995819092e-01 2.896585315465927124e-02
5.142859999999751381e+03 4.405578076839447021e-01 2.916088514029979706e-02
5.144339999999750944e+03 4.394892454147338867e-01 2.939368039369583130e-02
5.145819999999750507e+03 3.577070534229278564e-01 2.821340784430503845e-02
5.147299999999750071e+03 3.527104258537292480e-01 2.825225703418254852e-02
5.148779999999749634e+03 4.064060449600219727e-01 2.895878069102764130e-02
5.150259999999749198e+03 4.108549356460571289e-01 2.894737198948860168e-02
5.151739999999748761e+03 4.591236114501953125e-01 2.935812063515186310e-02
5.153219999999748325e+03 4.044955074787139893e-01 2.877586334943771362e-02
5.154699999999747888e+03 3.929722309112548828e-01 2.869967743754386902e-02
5.156179999999747452e+03 4.001714289188385010e-01 2.911662310361862183e-02
5.157659999999747015e+03 3.934995830059051514e-01 2.916863188147544861e-02
5.159139999999746578e+03 3.842992782592773438e-01 2.898183278739452362e-02
5.160619999999746142e+03 4.223167598247528076e-01 2.901346050202846527e-02
5.162099999999745705e+03 4.402331113815307617e-01 2.902306057512760162e-02
5.163579999999745269e+03 4.221139252185821533e-01 2.846158109605312347e-02
5.165059999999744832e+03 4.649897813796997070e-01 2.785000950098037720e-02
5.166539999999744396e+03 4.694094657897949219e-01 2.703268080949783325e-02
5.168019999999743959e+03 4.570284485816955566e-01 2.743802405893802643e-02
5.169499999999743522e+03 4.580744206905364990e-01 2.794662676751613617e-02
5.170979999999743086e+03 4.283499121665954590e-01 2.658510394394397736e-02
5.172459999999742649e+03 3.713496327400207520e-01 2.587882243096828461e-02
5.173939999999742213e+03 3.998245596885681152e-01 2.814711816608905792e-02
5.175419999999741776e+03 4.470450282096862793e-01 2.935736998915672302e-02
5.176899999999741340e+03 4.075678586959838867e-01 2.900525741279125214e-02
5.178379999999740903e+03 4.505284726619720459e-01 2.956828661262989044e-02
5.179859999999740467e+03 4.409827589988708496e-01 2.912301383912563324e-02
5.181339999999740030e+03 4.428937733173370361e-01 2.721687220036983490e-02
5.182819999999739593e+03 4.493627250194549561e-01 2.617957070469856262e-02
5.184299999999739157e+03 3.945263326168060303e-01 2.681810036301612854e-02
5.185779999999738720e+03 4.663342237472534180e-01 2.846296504139900208e-02
5.187259999999738284e+03 4.000744819641113281e-01 5.654499307274818420e-02
5.188739999999737847e+03 3.996673822402954102e-01 5.006189271807670593e-02
5.190219999999737411e+03 4.287461638450622559e-01 2.806310914456844330e-02
5.191699999999736974e+03 4.055301547050476074e-01 2.796179987490177155e-02
5.193179999999736538e+03 4.287742078304290771e-01 2.865820750594139099e-02
5.194659999999736101e+03 4.206059873104095459e-01 2.847530506551265717e-02
5.196139999999735664e+03 4.314216971397399902e-01 2.880251407623291016e-02
5.197619999999735228e+03 4.449550509452819824e-01 2.926765754818916321e-02
5.199099999999734791e+03 3.916391134262084961e-01 2.880433201789855957e-02
5.200579999999734355e+03 3.993396162986755371e-01 2.901241555809974670e-02
5.202059999999733918e+03 4.111962914466857910e-01 2.878035977482795715e-02
5.203539999999733482e+03 4.183884561061859131e-01 2.844977937638759613e-02
5.205019999999733045e+03 4.061295092105865479e-01 2.802416868507862091e-02
5.206499999999732609e+03 3.670477271080017090e-01 2.762037329375743866e-02
5.207979999999732172e+03 4.393258690834045410e-01 2.841736190021038055e-02
5.209459999999731735e+03 4.633043408393859863e-01 2.929364331066608429e-02
5.210939999999731299e+03 3.956896066665649414e-01 2.876537665724754333e-02
5.212419999999730862e+03 4.373890161514282227e-01 2.920941077172756195e-02
5.213899999999730426e+03 4.827443957328796387e-01 2.929385565221309662e-02
5.215379999999729989e+03 4.316008985042572021e-01 2.832627855241298676e-02
5.216859999999729553e+03 4.125135838985443115e-01 2.852435037493705750e-02
5.218339999999729116e+03 4.327880442142486572e-01 2.913147397339344025e-02
5.219819999999728680e+03 4.110126197338104248e-01 2.904424071311950684e-02
5.221299999999728243e+03 4.159830808639526367e-01 2.903822250664234161e-02
5.222779999999727806e+03 4.278852641582489014e-01 2.892404235899448395e-02
5.224259999999727370e+03 4.402824938297271729e-01 2.827947214245796204e-02
5.225739999999726933e+03 4.337264001369476318e-01 2.750672772526741028e-02
5.227219999999726497e+03 4.347766637802124023e-01 2.801875770092010498e-02
5.228699999999726060e+03 3.677728474140167236e-01 2.791388332843780518e-02
5.230179999999725624e+03 4.169133007526397705e-01 2.847141772508621216e-02
5.231659999999725187e+03 4.401650726795196533e-01 2.846044115722179413e-02
5.233139999999724751e+03 3.954643905162811279e-01 2.791763842105865479e-02
5.234619999999724314e+03 4.404029548168182373e-01 2.874856255948543549e-02
5.236099999999723877e+03 4.625818133354187012e-01 2.945138141512870789e-02
5.237579999999723441e+03 4.404128491878509521e-01 2.948739752173423767e-02
5.239059999999723004e+03 4.610251784324645996e-01 2.966928854584693909e-02
5.240539999999722568e+03 4.579804539680480957e-01 2.933018840849399567e-02
5.242019999999722131e+03 4.289608001708984375e-01 2.893640473484992981e-02
5.243499999999721695e+03 4.175111353397369385e-01 2.885312028229236603e-02
5.244979999999721258e+03 4.099664688110351562e-01 2.865738421678543091e-02
5.246459999999720822e+03 3.875470161437988281e-01 2.837416343390941620e-02
5.247939999999720385e+03 4.131102561950683594e-01 2.855370566248893738e-02
5.249419999999719948e+03 4.113189578056335449e-01 2.835234999656677246e-02
5.250899999999719512e+03 4.059277772903442383e-01 2.849176712334156036e-02
5.252379999999719075e+03 4.551910161972045898e-01 2.911535277962684631e-02
5.253859999999718639e+03 4.050250053405761719e-01 2.835658937692642212e-02
5.255339999999718202e+03 4.263983368873596191e-01 2.884141542017459869e-02
5.256819999999717766e+03 4.656428098678588867e-01 2.958089485764503479e-02
5.258299999999717329e+03 4.578906595706939697e-01 2.939848043024539948e-02
5.259779999999716892e+03 4.726451635360717773e-01 2.906480431556701660e-02
5.261259999999716456e+03 4.170825481414794922e-01 2.784980833530426025e-02
5.262739999999716019e+03 3.861832022666931152e-01 2.692645229399204254e-02
5.264219999999715583e+03 4.238034188747406006e-01 2.709100954234600067e-02
5.265699999999715146e+03 4.193088412284851074e-01 2.725975215435028076e-02
5.267179999999714710e+03 4.286635816097259521e-01 2.742469497025012970e-02
5.268659999999714273e+03 3.925579190254211426e-01 2.643226832151412964e-02
5.270139999999713837e+03 3.968739509582519531e-01 2.699123136699199677e-02
5.271619999999713400e+03 4.515863656997680664e-01 2.835957147181034088e-02
5.273099999999712963e+03 4.229952692985534668e-01 2.789702825248241425e-02
5.274579999999712527e+03 4.174935221672058105e-01 2.781127206981182098e-02
5.276059999999712090e+03 4.271970391273498535e-01 2.851843833923339844e-02
5.277539999999711654e+03 4.237703084945678711e-01 2.868407778441905975e-02
5.279019999999711217e+03 4.674227833747863770e-01 2.898297458887100220e-02
5.280499999999710781e+03 4.451060891151428223e-01 2.826368436217308044e-02
5.281979999999710344e+03 4.557492136955261230e-01 2.812870219349861145e-02
5.283459999999709908e+03 4.594227671623229980e-01 2.840917184948921204e-02
5.284939999999709471e+03 4.172101020812988281e-01 2.858076430857181549e-02
5.286419999999709034e+03 4.027810990810394287e-01 2.855654247105121613e-02
5.287899999999708598e+03 4.246428608894348145e-01 2.879360504448413849e-02
5.289379999999708161e+03 3.830346763134002686e-01 2.849762141704559326e-02
5.290859999999707725e+03 3.461098372936248779e-01 2.807003818452358246e-02
5.292339999999707288e+03 3.429633677005767822e-01 2.776026539504528046e-02
5.293819999999706852e+03 3.811247348785400391e-01 2.813773788511753082e-02
5.295299999999706415e+03 3.817557692527770996e-01 2.754698134958744049e-02
5.296779999999705979e+03 3.455462157726287842e-01 2.698315307497978210e-02
5.298259999999705542e+03 4.157626926898956299e-01 4.799273982644081116e-02
5.299739999999705105e+03 4.848846197128295898e-01 7.372146844863891602e-02
5.301219999999704669e+03 4.504649043083190918e-01 4.690673202276229858e-02
5.302699999999704232e+03 4.282063841819763184e-01 2.840114198625087738e-02
5.304179999999703796e+03 3.808430731296539307e-01 2.805680967867374420e-02
5.305659999999703359e+03 3.550459444522857666e-01 2.787586301565170288e-02
5.307139999999702923e+03 3.346369564533233643e-01 2.751642093062400818e-02
5.308619999999702486e+03 4.548360705375671387e-01 2.900147438049316406e-02
5.310099999999702050e+03 4.468796253204345703e-01 2.902157790958881378e-02
5.311579999999701613e+03 4.699493050575256348e-01 2.915237657725811005e-02
5.313059999999701176e+03 4.193904995918273926e-01 2.853928506374359131e-02
5.314539999999700740e+03 3.959885537624359131e-01 2.799233607947826385e-02
5.316019999999700303e+03 4.166966080665588379e-01 2.818598039448261261e-02
5.317499999999699867e+03 3.960756063461303711e-01 2.802352234721183777e-02
5.318979999999699430e+03 4.047695994377136230e-01 2.827678807079792023e-02
5.320459999999698994e+03 4.098893105983734131e-01 2.826173603534698486e-02
5.321939999999698557e+03 4.451848864555358887e-01 2.818704023957252502e-02
5.323419999999698121e+03 4.101644456386566162e-01 2.756492793560028076e-02
5.324899999999697684e+03 4.219958782196044922e-01 2.760457061231136322e-02
5.326379999999697247e+03 3.787970244884490967e-01 2.646391466259956360e-02
5.327859999999696811e+03 3.315947353839874268e-01 2.565276063978672028e-02
5.329339999999696374e+03 3.727074861526489258e-01 2.701838500797748566e-02
5.330819999999695938e+03 3.786858916282653809e-01 2.762340568006038666e-02
5.332299999999695501e+03 4.171407818794250488e-01 2.807710133492946625e-02
5.333779999999695065e+03 4.344022572040557861e-01 2.858160622417926788e-02
5.335259999999694628e+03 3.923470675945281982e-01 2.799279429018497467e-02
5.336739999999694192e+03 3.892882466316223145e-01 2.785326912999153137e-02
5.338219999999693755e+03 4.363459646701812744e-01 2.787168696522712708e-02
5.339699999999693318e+03 3.907534182071685791e-01 2.710918895900249481e-02
5.341179999999692882e+03 4.596031010150909424e-01 2.818567492067813873e-02
5.342659999999692445e+03 4.530351758003234863e-01 2.835936285555362701e-02
5.344139999999692009e+03 4.728321135044097900e-01 2.866342663764953613e-02
5.345619999999691572e+03 4.071362614631652832e-01 2.768086083233356476e-02
5.347099999999691136e+03 4.064381122589111328e-01 2.747265435755252838e-02
5.348579999999690699e+03 4.083122611045837402e-01 2.753956057131290436e-02
5.350059999999690262e+03 3.993396759033203125e-01 2.751945704221725464e-02
5.351539999999689826e+03 3.746396303176879883e-01 2.744899690151214600e-02
5.353019999999689389e+03 4.173103272914886475e-01 2.801246196031570435e-02
5.354499999999688953e+03 4.167442321777343750e-01 2.821647375822067261e-02
5.355979999999688516e+03 3.879624009132385254e-01 2.791346237063407898e-02
5.357459999999688080e+03 4.130944013595581055e-01 2.827161364257335663e-02
5.358939999999687643e+03 4.601512551307678223e-01 2.865097299218177795e-02
5.360419999999687207e+03 4.524059295654296875e-01 2.836269885301589966e-02
5.361899999999686770e+03 4.202858209609985352e-01 2.764616161584854126e-02
5.363379999999686333e+03 4.385705292224884033e-01 2.766685746610164642e-02
5.364859999999685897e+03 4.136528968811035156e-01 2.731791511178016663e-02
5.366339999999685460e+03 4.601383805274963379e-01 2.784389071166515350e-02
5.367819999999685024e+03 4.803783297538757324e-01 2.789840847253799438e-02
5.369299999999684587e+03 4.625521302223205566e-01 2.713419310748577118e-02
5.370779999999684151e+03 4.359410107135772705e-01 2.691427059471607208e-02
5.372259999999683714e+03 4.195853173732757568e-01 2.746018208563327789e-02
5.373739999999683278e+03 4.477838277816772461e-01 2.809053100645542145e-02
5.375219999999682841e+03 4.496732950210571289e-01 2.821279503405094147e-02
5.376699999999682404e+03 4.460044801235198975e-01 2.800629474222660065e-02
5.378179999999681968e+03 4.654311239719390869e-01 2.816697768867015839e-02
5.379659999999681531e+03 4.377568662166595459e-01 2.788802050054073334e-02
5.381139999999681095e+03 4.845345914363861084e-01 2.801533229649066925e-02
5.382619999999680658e+03 4.287708103656768799e-01 2.751090936362743378e-02
5.384099999999680222e+03 3.836653828620910645e-01 2.720119059085845947e-02
5.385579999999679785e+03 4.589149355888366699e-01 2.813657000660896301e-02
5.387059999999679349e+03 3.511929512023925781e-01 2.679178118705749512e-02
5.388539999999678912e+03 3.672937154769897461e-01 2.673391252756118774e-02
5.390019999999678475e+03 3.855090737342834473e-01 2.666414529085159302e-02
5.391499999999678039e+03 3.760561048984527588e-01 2.653671242296695709e-02
5.392979999999677602e+03 3.876777887344360352e-01 2.665027417242527008e-02
5.394459999999677166e+03 4.265013337135314941e-01 2.729848213493824005e-02
5.395939999999676729e+03 4.205483794212341309e-01 2.676232717931270599e-02
5.397419999999676293e+03 3.993599712848663330e-01 2.667937241494655609e-02
5.398899999999675856e+03 3.979440629482269287e-01 2.690528519451618195e-02
5.400379999999675420e+03 4.227475523948669434e-01 2.727935276925563812e-02
5.401859999999674983e+03 4.789280295372009277e-01 2.771851420402526855e-02
5.403339999999674546e+03 4.576050341129302979e-01 2.680541947484016418e-02
5.404819999999674110e+03 4.220048785209655762e-01 2.633905224502086639e-02
5.406299999999673673e+03 4.204989373683929443e-01 2.687382511794567108e-02
5.407779999999673237e+03 4.610965251922607422e-01 2.730666287243366241e-02
5.409259999999672800e+03 4.433239698410034180e-01 2.701252140104770660e-02
5.410739999999672364e+03 4.264412820339202881e-01 2.697313576936721802e-02
5.412219999999671927e+03 4.169626832008361816e-01 2.712234854698181152e-02
5.413699999999671491e+03 4.493591785430908203e-01 2.729805931448936462e-02
5.415179999999671054e+03 4.739491939544677734e-01 2.757754549384117126e-02
5.416659999999670617e+03 4.910687506198883057e-01 2.793286368250846863e-02
5.418139999999670181e+03 4.686358869075775146e-01 2.780330367386341095e-02
5.419619999999669744e+03 4.238660633563995361e-01 2.716079913079738617e-02
5.421099999999669308e+03 4.372602701187133789e-01 2.714798972010612488e-02
5.422579999999668871e+03 4.315810501575469971e-01 2.693843841552734375e-02
5.424059999999668435e+03 4.339938759803771973e-01 2.694821171462535858e-02
5.425539999999667998e+03 3.925968408584594727e-01 2.694363705813884735e-02
5.427019999999667561e+03 3.969331383705139160e-01 2.695086598396301270e-02
5.428499999999667125e+03 4.216553568840026855e-01 2.661180868744850159e-02
5.429979999999666688e+03 4.540975391864776611e-01 2.702314592897891998e-02
5.431459999999666252e+03 5.137726664543151855e-01 2.786112949252128601e-02
5.432939999999665815e+03 4.504107832908630371e-01 2.699044533073902130e-02
5.434419999999665379e+03 4.099076688289642334e-01 2.629620954394340515e-02
5.435899999999664942e+03 4.947805404663085938e-01 2.775944955646991730e-02
5.437379999999664506e+03 4.325172901153564453e-01 2.729861997067928314e-02
5.438859999999664069e+03 4.248418807983398438e-01 2.723843045532703400e-02
5.440339999999663632e+03 4.842171072959899902e-01 2.789433300495147705e-02
5.441819999999663196e+03 4.242759048938751221e-01 2.727154642343521118e-02
5.443299999999662759e+03 4.396084249019622803e-01 2.712189219892024994e-02
5.444779999999662323e+03 4.215231239795684814e-01 2.630252391099929810e-02
5.446259999999661886e+03 4.197165668010711670e-01 2.638579346239566803e-02
5.447739999999661450e+03 4.462443292140960693e-01 2.713169902563095093e-02
5.449219999999661013e+03 4.395978748798370361e-01 2.723180502653121948e-02
5.450699999999660577e+03 3.898225426673889160e-01 2.692865207791328430e-02
5.452179999999660140e+03 4.081111550331115723e-01 2.693234011530876160e-02
5.453659999999659703e+03 3.948779702186584473e-01 2.602859959006309509e-02
5.455139999999659267e+03 4.213939607143402100e-01 2.650400623679161072e-02
5.456619999999658830e+03 4.157882928848266602e-01 2.686250582337379456e-02
5.458099999999658394e+03 4.122422635555267334e-01 2.702046371996402740e-02
5.459579999999657957e+03 4.052978157997131348e-01 2.677246183156967163e-02
5.461059999999657521e+03 4.327860176563262939e-01 2.673215046525001526e-02
5.462539999999657084e+03 4.487946033477783203e-01 2.656824141740798950e-02
5.464019999999656648e+03 4.640678465366363525e-01 2.689964137971401215e-02
5.465499999999656211e+03 4.477927088737487793e-01 2.695291116833686829e-02
5.466979999999655774e+03 4.064542651176452637e-01 2.656958065927028656e-02
5.468459999999655338e+03 4.035870432853698730e-01 2.652067318558692932e-02
5.469939999999654901e+03 4.588495790958404541e-01 2.710551209747791290e-02
5.471419999999654465e+03 4.158580303192138672e-01 2.653622068464756012e-02
5.472899999999654028e+03 4.229748249053955078e-01 2.656043320894241333e-02
5.474379999999653592e+03 4.347595870494842529e-01 2.631424926221370697e-02
5.475859999999653155e+03 4.136982262134552002e-01 2.584538049995899200e-02
5.477339999999652719e+03 4.292591810226440430e-01 2.630993351340293884e-02
5.478819999999652282e+03 4.644704759120941162e-01 2.695989049971103668e-02
5.480299999999651845e+03 4.499819278717041016e-01 2.665130794048309326e-02
5.481779999999651409e+03 4.406872391700744629e-01 2.657175809144973755e-02
5.483259999999650972e+03 4.601151645183563232e-01 2.698605321347713470e-02
5.484739999999650536e+03 4.540487229824066162e-01 2.708219364285469055e-02
5.486219999999650099e+03 4.716067910194396973e-01 2.697753533720970154e-02
5.487699999999649663e+03 4.424352049827575684e-01 2.660186216235160828e-02
5.489179999999649226e+03 4.172024726867675781e-01 2.660299278795719147e-02
5.490659999999648790e+03 4.330207407474517822e-01 2.667570114135742188e-02
5.492139999999648353e+03 4.610917568206787109e-01 2.685999311506748199e-02
5.493619999999647916e+03 4.172345995903015137e-01 2.633661590516567230e-02
5.495099999999647480e+03 4.539880156517028809e-01 2.676107175648212433e-02
5.496579999999647043e+03 3.984262347221374512e-01 2.609451301395893097e-02
5.498059999999646607e+03 4.388266801834106445e-01 2.662747912108898163e-02
5.499539999999646170e+03 3.587256371974945068e-01 2.556159161031246185e-02
5.501019999999645734e+03 4.448696076869964600e-01 2.649896778166294098e-02
5.502499999999645297e+03 4.669932126998901367e-01 2.667591348290443420e-02
5.503979999999644861e+03 4.789356291294097900e-01 2.699045836925506592e-02
5.505459999999644424e+03 4.800139367580413818e-01 2.683592401444911957e-02
5.506939999999643987e+03 4.534909129142761230e-01 2.671577408909797668e-02
5.508419999999643551e+03 4.682649374008178711e-01 2.688745595514774323e-02
5.509899999999643114e+03 4.058832526206970215e-01 2.609040029346942902e-02
5.511379999999642678e+03 4.117872118949890137e-01 2.594188414514064789e-02
5.512859999999642241e+03 4.473339617252349854e-01 2.636350132524967194e-02
5.514339999999641805e+03 4.611138105392456055e-01 2.668064460158348083e-02
5.515819999999641368e+03 4.473562836647033691e-01 2.663609758019447327e-02
5.517299999999640931e+03 4.354849159717559814e-01 2.670082263648509979e-02
5.518779999999640495e+03 4.162794053554534912e-01 2.638596110045909882e-02
5.520259999999640058e+03 4.127489924430847168e-01 2.624952420592308044e-02
5.521739999999639622e+03 4.376606941223144531e-01 2.658166177570819855e-02
5.523219999999639185e+03 4.448720216751098633e-01 2.657832950353622437e-02
5.524699999999638749e+03 4.121941924095153809e-01 2.598315477371215820e-02
5.526179999999638312e+03 4.424173235893249512e-01 2.599084004759788513e-02
5.527659999999637876e+03 4.296264052391052246e-01 2.563080005347728729e-02
5.529139999999637439e+03 4.353165626525878906e-01 2.602952346205711365e-02
5.530619999999637002e+03 4.011304676532745361e-01 2.600726857781410217e-02
5.532099999999636566e+03 4.281359016895294189e-01 2.617559954524040222e-02
5.533579999999636129e+03 4.529862403869628906e-01 2.629801258444786072e-02
5.535059999999635693e+03 4.203648567199707031e-01 2.593725547194480896e-02
5.536539999999635256e+03 4.085673391819000244e-01 2.594638429582118988e-02
5.538019999999634820e+03 4.085250198841094971e-01 2.589976787567138672e-02
5.539499999999634383e+03 3.973876833915710449e-01 2.595605142414569855e-02
5.540979999999633947e+03 3.873307406902313232e-01 2.582493796944618225e-02
5.542459999999633510e+03 4.300772547721862793e-01 2.620386704802513123e-02
5.543939999999633073e+03 4.175318777561187744e-01 2.607695944607257843e-02
5.545419999999632637e+03 4.375675916671752930e-01 2.628425881266593933e-02
5.546899999999632200e+03 4.545166790485382080e-01 2.650447003543376923e-02
5.548379999999631764e+03 4.546766579151153564e-01 2.661479637026786804e-02
5.549859999999631327e+03 4.327346086502075195e-01 2.644235081970691681e-02
5.551339999999630891e+03 3.922666907310485840e-01 2.591069415211677551e-02
5.552819999999630454e+03 4.141931235790252686e-01 2.585220150649547577e-02
5.554299999999630018e+03 4.261667728424072266e-01 2.588307484984397888e-02
5.555779999999629581e+03 4.363038241863250732e-01 2.614120021462440491e-02
5.557259999999629144e+03 3.911237418651580811e-01 2.565939351916313171e-02
5.558739999999628708e+03 4.154740571975708008e-01 2.589714899659156799e-02
5.560219999999628271e+03 4.282584488391876221e-01 2.594849653542041779e-02
5.561699999999627835e+03 4.076673090457916260e-01 2.569766901433467865e-02
5.563179999999627398e+03 3.955679237842559814e-01 2.554345875978469849e-02
5.564659999999626962e+03 4.536899924278259277e-01 2.614289894700050354e-02
5.566139999999626525e+03 4.070093929767608643e-01 2.552941255271434784e-02
5.567619999999626089e+03 4.819247722625732422e-01 2.629585936665534973e-02
5.569099999999625652e+03 4.427099227905273438e-01 2.592740952968597412e-02
5.570579999999625215e+03 4.765854179859161377e-01 2.607874386012554169e-02
5.572059999999624779e+03 4.497553110122680664e-01 2.580847032368183136e-02
5.573539999999624342e+03 4.082166552543640137e-01 2.566884458065032959e-02
5.575019999999623906e+03 3.930520117282867432e-01 3.005806356668472290e-02
5.576499999999623469e+03 4.530760049819946289e-01 3.377743437886238098e-02
5.577979999999623033e+03 4.504396021366119385e-01 3.127961605787277222e-02
5.579459999999622596e+03 3.886843025684356689e-01 2.582404762506484985e-02
5.580939999999622160e+03 4.261504411697387695e-01 2.567609585821628571e-02
5.582419999999621723e+03 4.541822671890258789e-01 2.612740732729434967e-02
5.583899999999621286e+03 4.183767735958099365e-01 2.550780959427356720e-02
5.585379999999620850e+03 3.945567607879638672e-01 2.470683120191097260e-02
5.586859999999620413e+03 4.506899714469909668e-01 2.525120787322521210e-02
5.588339999999619977e+03 4.885396063327789307e-01 2.578246966004371643e-02
5.589819999999619540e+03 4.121992588043212891e-01 2.536517195403575897e-02
5.591299999999619104e+03 4.348328411579132080e-01 2.557146735489368439e-02
5.592779999999618667e+03 4.599059224128723145e-01 2.576925046741962433e-02
5.594259999999618231e+03 4.164109528064727783e-01 2.541754208505153656e-02
5.595739999999617794e+03 4.464867115020751953e-01 2.581742964684963226e-02
5.597219999999617357e+03 4.653880894184112549e-01 2.593512833118438721e-02
5.598699999999616921e+03 4.137701690196990967e-01 2.521120011806488037e-02
5.600179999999616484e+03 4.113163650035858154e-01 2.511072717607021332e-02
5.601659999999616048e+03 4.095674157142639160e-01 2.490420825779438019e-02
5.603139999999615611e+03 4.183613359928131104e-01 2.542305178940296173e-02
5.604619999999615175e+03 4.479452669620513916e-01 2.623738162219524384e-02
5.606099999999614738e+03 3.762507438659667969e-01 2.550899982452392578e-02
5.607579999999614301e+03 3.749145567417144775e-01 2.533080242574214935e-02
5.609059999999613865e+03 3.941183090209960938e-01 2.561778947710990906e-02
5.610539999999613428e+03 4.034084975719451904e-01 2.564966306090354919e-02
5.612019999999612992e+03 4.122475087642669678e-01 2.549116499722003937e-02
5.613499999999612555e+03 4.181281030178070068e-01 2.507182396948337555e-02
5.614979999999612119e+03 4.132056236267089844e-01 2.484862320125102997e-02
5.616459999999611682e+03 4.048452973365783691e-01 2.502414211630821228e-02
5.617939999999611246e+03 3.917778134346008301e-01 2.502721175551414490e-02
5.619419999999610809e+03 4.186269938945770264e-01 2.555108070373535156e-02
5.620899999999610372e+03 4.275150299072265625e-01 2.571573480963706970e-02
5.622379999999609936e+03 4.313888251781463623e-01 2.554610744118690491e-02
5.623859999999609499e+03 4.368014335632324219e-01 2.542663738131523132e-02
5.625339999999609063e+03 4.306978881359100342e-01 2.538520097732543945e-02
5.626819999999608626e+03 4.427638947963714600e-01 2.568211220204830170e-02
5.628299999999608190e+03 4.404505491256713867e-01 2.573169954121112823e-02
5.629779999999607753e+03 4.257270097732543945e-01 2.560439892113208771e-02
5.631259999999607317e+03 4.323445260524749756e-01 2.566877752542495728e-02
5.632739999999606880e+03 4.291700124740600586e-01 2.546919137239456177e-02
5.634219999999606443e+03 4.330907762050628662e-01 2.548187784850597382e-02
5.635699999999606007e+03 4.446525573730468750e-01 2.546206861734390259e-02
5.637179999999605570e+03 4.335647225379943848e-01 2.529460750520229340e-02
5.638659999999605134e+03 4.436982572078704834e-01 2.551138773560523987e-02
5.640139999999604697e+03 4.596572816371917725e-01 2.565015107393264771e-02
5.641619999999604261e+03 4.268584251403808594e-01 2.523280866444110870e-02
5.643099999999603824e+03 4.146897792816162109e-01 2.514167875051498413e-02
5.644579999999603388e+03 4.316131174564361572e-01 2.542791701853275299e-02
5.646059999999602951e+03 4.329631924629211426e-01 2.552133984863758087e-02
5.647539999999602514e+03 4.166469871997833252e-01 2.527297660708427429e-02
5.649019999999602078e+03 4.317940175533294678e-01 2.530033513903617859e-02
5.650499999999601641e+03 4.468749165534973145e-01 2.549983747303485870e-02
5.651979999999601205e+03 4.524641036987304688e-01 2.555353008210659027e-02
5.653459999999600768e+03 4.438125193119049072e-01 2.535204030573368073e-02
5.654939999999600332e+03 3.988416790962219238e-01 2.482420392334461212e-02
5.656419999999599895e+03 3.935590386390686035e-01 2.458665333688259125e-02
5.657899999999599459e+03 4.331183731555938721e-01 2.484103478491306305e-02
5.659379999999599022e+03 4.301056861877441406e-01 2.496470883488655090e-02
5.660859999999598585e+03 3.961232006549835205e-01 2.469109185039997101e-02
5.662339999999598149e+03 4.408124983310699463e-01 2.529505267739295959e-02
5.663819999999597712e+03 4.613093733787536621e-01 2.564687840640544891e-02
5.665299999999597276e+03 4.136736690998077393e-01 2.517687715590000153e-02
5.666779999999596839e+03 3.920800387859344482e-01 2.487330697476863861e-02
5.668259999999596403e+03 4.190810918807983398e-01 2.516035363078117371e-02
5.669739999999595966e+03 4.201716780662536621e-01 2.531661465764045715e-02
5.671219999999595530e+03 4.285717606544494629e-01 2.556362189352512360e-02
5.672699999999595093e+03 4.437523484230041504e-01 2.560267783701419830e-02
5.674179999999594656e+03 4.341932535171508789e-01 2.540325187146663666e-02
5.675659999999594220e+03 4.186897277832031250e-01 2.532331831753253937e-02
5.677139999999593783e+03 4.252035319805145264e-01 2.535742893815040588e-02
5.678619999999593347e+03 4.338992834091186523e-01 2.529698051512241364e-02
5.680099999999592910e+03 4.517198801040649414e-01 2.543111704289913177e-02
5.681579999999592474e+03 4.440549910068511963e-01 2.522679418325424194e-02
5.683059999999592037e+03 4.555917084217071533e-01 2.531983517110347748e-02
5.684539999999591600e+03 4.383068978786468506e-01 2.517997659742832184e-02
5.686019999999591164e+03 4.333256781101226807e-01 2.509521692991256714e-02
5.687499999999590727e+03 4.331413209438323975e-01 2.502347342669963837e-02
5.688979999999590291e+03 4.190530180931091309e-01 2.499031648039817810e-02
5.690459999999589854e+03 4.257742166519165039e-01 2.527121081948280334e-02
5.691939999999589418e+03 4.099132120609283447e-01 2.499721758067607880e-02
5.693419999999588981e+03 4.102403819561004639e-01 2.495302259922027588e-02
5.694899999999588545e+03 4.251496195793151855e-01 2.525264210999011993e-02
5.696379999999588108e+03 4.698586463928222656e-01 2.577444538474082947e-02
5.697859999999587671e+03 4.349764585494995117e-01 2.532594278454780579e-02
5.699339999999587235e+03 4.053373038768768311e-01 2.478821016848087311e-02
5.700819999999586798e+03 4.506157040596008301e-01 2.531721256673336029e-02
5.702299999999586362e+03 4.531416296958923340e-01 2.527053840458393097e-02
5.703779999999585925e+03 4.154334068298339844e-01 2.490399219095706940e-02
5.705259999999585489e+03 4.041036367416381836e-01 2.470025233924388885e-02
5.706739999999585052e+03 4.587029814720153809e-01 2.977504022419452667e-02
5.708219999999584616e+03 4.142057001590728760e-01 2.617361769080162048e-02
5.709699999999584179e+03 4.447958171367645264e-01 2.461779490113258362e-02
5.711179999999583742e+03 3.944757580757141113e-01 2.433907240629196167e-02
5.712659999999583306e+03 4.280254840850830078e-01 2.509358339011669159e-02
5.714139999999582869e+03 4.165689051151275635e-01 2.501318231225013733e-02
5.715619999999582433e+03 4.498415589332580566e-01 2.541695907711982727e-02
5.717099999999581996e+03 4.250888228416442871e-01 2.515323273837566376e-02
5.718579999999581560e+03 4.289812743663787842e-01 2.518551610410213470e-02
5.720059999999581123e+03 4.198678731918334961e-01 2.503321133553981781e-02
5.721539999999580687e+03 4.024794995784759521e-01 2.509027719497680664e-02
5.723019999999580250e+03 3.993829786777496338e-01 2.492914721369743347e-02
5.724499999999579813e+03 4.021574556827545166e-01 2.493540756404399872e-02
5.725979999999579377e+03 4.215794205665588379e-01 2.506834827363491058e-02
5.727459999999578940e+03 4.192735850811004639e-01 2.507939189672470093e-02
5.728939999999578504e+03 4.123565554618835449e-01 2.502087689936161041e-02
5.730419999999578067e+03 4.304605126380920410e-01 2.512493729591369629e-02
5.731899999999577631e+03 4.229427576065063477e-01 2.495905011892318726e-02
5.733379999999577194e+03 4.185707867145538330e-01 2.510347403585910797e-02
5.734859999999576758e+03 3.942881524562835693e-01 2.481999807059764862e-02
5.736339999999576321e+03 4.050022661685943604e-01 2.485094033181667328e-02
5.737819999999575884e+03 4.294468760490417480e-01 2.516665868461132050e-02
5.739299999999575448e+03 4.328933656215667725e-01 2.514231391251087189e-02
5.740779999999575011e+03 4.140107035636901855e-01 2.486435137689113617e-02
5.742259999999574575e+03 4.263097345829010010e-01 2.504446730017662048e-02
5.743739999999574138e+03 4.276148080825805664e-01 2.505544945597648621e-02
5.745219999999573702e+03 4.626086354255676270e-01 2.549466490745544434e-02
5.746699999999573265e+03 4.462745785713195801e-01 2.511956728994846344e-02
5.748179999999572829e+03 4.104557633399963379e-01 2.468391694128513336e-02
5.749659999999572392e+03 4.259445667266845703e-01 2.495152689516544342e-02
5.751139999999571955e+03 4.276880621910095215e-01 2.488452754914760590e-02
5.752619999999571519e+03 4.339526891708374023e-01 2.462629601359367371e-02
5.754099999999571082e+03 4.404482841491699219e-01 2.469394356012344360e-02
5.755579999999570646e+03 4.151743650436401367e-01 2.480319514870643616e-02
5.757059999999570209e+03 4.015341103076934814e-01 2.475061826407909393e-02
5.758539999999569773e+03 4.073559641838073730e-01 2.480339072644710541e-02
5.760019999999569336e+03 4.294374883174896240e-01 2.477648854255676270e-02
5.761499999999568900e+03 4.201306104660034180e-01 2.451597340404987335e-02
5.762979999999568463e+03 4.157550632953643799e-01 2.454321831464767456e-02
5.764459999999568026e+03 4.148004055023193359e-01 2.486884035170078278e-02
5.765939999999567590e+03 4.313029348850250244e-01 2.506957389414310455e-02
5.767419999999567153e+03 4.179943501949310303e-01 2.493366785347461700e-02
5.768899999999566717e+03 4.019067883491516113e-01 2.462397329509258270e-02
5.770379999999566280e+03 4.260568022727966309e-01 2.489483170211315155e-02
5.771859999999565844e+03 4.392271041870117188e-01 2.491122484207153320e-02
5.773339999999565407e+03 3.739620447158813477e-01 2.400457486510276794e-02
5.774819999999564970e+03 4.165539145469665527e-01 2.478039823472499847e-02
5.776299999999564534e+03 4.570437073707580566e-01 2.518510445952415466e-02
5.777779999999564097e+03 4.324693679809570312e-01 2.480865642428398132e-02
5.779259999999563661e+03 4.120555818080902100e-01 2.450809068977832794e-02
5.780739999999563224e+03 3.980093002319335938e-01 2.407014183700084686e-02
5.782219999999562788e+03 4.405782818794250488e-01 2.446249499917030334e-02
5.783699999999562351e+03 3.871072232723236084e-01 2.400088496506214142e-02
5.785179999999561915e+03 3.959108293056488037e-01 2.418530546128749847e-02
5.786659999999561478e+03 4.296940863132476807e-01 2.466191165149211884e-02
5.788139999999561041e+03 4.261901080608367920e-01 2.470267750322818756e-02
5.789619999999560605e+03 4.270531535148620605e-01 2.457772195339202881e-02
5.791099999999560168e+03 4.223579168319702148e-01 2.448075637221336365e-02
5.792579999999559732e+03 3.739835023880004883e-01 2.397584728896617889e-02
5.794059999999559295e+03 4.197458922863006592e-01 2.464953064918518066e-02
5.795539999999558859e+03 4.272064268589019775e-01 2.463920228183269501e-02
5.797019999999558422e+03 3.924693763256072998e-01 2.426633983850479126e-02
5.798499999999557986e+03 3.797688782215118408e-01 2.402674220502376556e-02
5.799979999999557549e+03 4.016436338424682617e-01 2.446892485022544861e-02
5.801459999999557112e+03 4.263346493244171143e-01 2.483493834733963013e-02
5.802939999999556676e+03 4.296312928199768066e-01 2.466874383389949799e-02
5.804419999999556239e+03 4.165507853031158447e-01 2.434354647994041443e-02
5.805899999999555803e+03 4.262503385543823242e-01 2.442238107323646545e-02
5.807379999999555366e+03 4.066841304302215576e-01 2.445003204047679901e-02
5.808859999999554930e+03 4.259844422340393066e-01 2.464082278311252594e-02
5.810339999999554493e+03 4.199257493019104004e-01 2.451140061020851135e-02
5.811819999999554057e+03 4.629668593406677246e-01 2.507085539400577545e-02
5.813299999999553620e+03 4.367724657058715820e-01 2.470502071082592010e-02
5.814779999999553183e+03 4.247395098209381104e-01 2.450140379369258881e-02
5.816259999999552747e+03 4.113837480545043945e-01 2.423756010830402374e-02
5.817739999999552310e+03 3.903774023056030273e-01 2.424963191151618958e-02
5.819219999999551874e+03 4.120432138442993164e-01 2.450857497751712799e-02
5.820699999999551437e+03 4.122054576873779297e-01 2.455406635999679565e-02
5.822179999999551001e+03 4.521934986114501953e-01 2.492611855268478394e-02
5.823659999999550564e+03 4.438079893589019775e-01 2.489391714334487915e-02
5.825139999999550128e+03 4.157340228557586670e-01 2.444617822766304016e-02
5.826619999999549691e+03 4.159274101257324219e-01 2.456828951835632324e-02
5.828099999999549254e+03 4.385799467563629150e-01 2.470168098807334900e-02
5.829579999999548818e+03 4.446852207183837891e-01 2.478251978754997253e-02
5.831059999999548381e+03 4.037733078002929688e-01 2.437929622828960419e-02
5.832539999999547945e+03 4.241425693035125732e-01 2.462176047265529633e-02
5.834019999999547508e+03 4.110067486763000488e-01 2.438736706972122192e-02
5.835499999999547072e+03 4.149986207485198975e-01 2.433387190103530884e-02
5.836979999999546635e+03 4.186775386333465576e-01 2.447730675339698792e-02
5.838459999999546199e+03 4.144122600555419922e-01 2.439673244953155518e-02
5.839939999999545762e+03 3.672183156013488770e-01 2.393817529082298279e-02
5.841419999999545325e+03 3.755315542221069336e-01 2.406233549118041992e-02
5.842899999999544889e+03 4.116274714469909668e-01 2.443104796111583710e-02
5.844379999999544452e+03 3.863367140293121338e-01 2.408627979457378387e-02
5.845859999999544016e+03 4.116417467594146729e-01 2.427570708096027374e-02
5.847339999999543579e+03 4.108752608299255371e-01 2.426553517580032349e-02
5.848819999999543143e+03 4.264243841171264648e-01 2.443146519362926483e-02
5.850299999999542706e+03 4.344109296798706055e-01 2.450369298458099365e-02
5.851779999999542270e+03 4.327822029590606689e-01 2.446423098444938660e-02
5.853259999999541833e+03 4.148077070713043213e-01 2.406755648553371429e-02
5.854739999999541396e+03 4.393534958362579346e-01 2.442946098744869232e-02
5.856219999999540960e+03 4.516314864158630371e-01 2.437987178564071655e-02
5.857699999999540523e+03 4.167507290840148926e-01 2.383017726242542267e-02
5.859179999999540087e+03 4.618792235851287842e-01 2.446845360100269318e-02
5.860659999999539650e+03 4.785288572311401367e-01 2.477110177278518677e-02
5.862139999999539214e+03 4.423825144767761230e-01 2.445864863693714142e-02
5.863619999999538777e+03 4.221595525741577148e-01 2.438990399241447449e-02
5.865099999999538340e+03 4.178450703620910645e-01 2.455877326428890228e-02
5.866579999999537904e+03 4.288710951805114746e-01 2.469713799655437469e-02
5.868059999999537467e+03 4.511708915233612061e-01 2.484055422246456146e-02
5.869539999999537031e+03 4.303964376449584961e-01 2.446003258228302002e-02
5.871019999999536594e+03 4.249376356601715088e-01 2.435695379972457886e-02
5.872499999999536158e+03 4.664523899555206299e-01 2.478469908237457275e-02
5.873979999999535721e+03 4.811501502990722656e-01 2.497508563101291656e-02
5.875459999999535285e+03 4.608661532402038574e-01 2.471882104873657227e-02
5.876939999999534848e+03 4.485195577144622803e-01 2.445576339960098267e-02
5.878419999999534411e+03 4.611765742301940918e-01 2.463585697114467621e-02
5.879899999999533975e+03 4.426982998847961426e-01 2.430963702499866486e-02
5.881379999999533538e+03 4.293110370635986328e-01 2.406599186360836029e-02
5.882859999999533102e+03 4.441931843757629395e-01 2.432250417768955231e-02
5.884339999999532665e+03 4.350608587265014648e-01 2.428771555423736572e-02
5.885819999999532229e+03 4.371199011802673340e-01 2.447849512100219727e-02
5.887299999999531792e+03 4.503604769706726074e-01 2.521844208240509033e-02
5.888779999999531356e+03 4.644893407821655273e-01 2.589286118745803833e-02
5.890259999999530919e+03 4.723744392395019531e-01 2.557967230677604675e-02
5.891739999999530482e+03 4.691855013370513916e-01 2.458961308002471924e-02
5.893219999999530046e+03 4.310453534126281738e-01 2.408498339354991913e-02
5.894699999999529609e+03 4.265334010124206543e-01 2.425025403499603271e-02
5.896179999999529173e+03 4.426013231277465820e-01 2.428572811186313629e-02
5.897659999999528736e+03 4.101470112800598145e-01 2.374648861587047577e-02
5.899139999999528300e+03 3.981121182441711426e-01 2.358364313840866089e-02
5.900619999999527863e+03 4.107569754123687744e-01 2.382672578096389771e-02
5.902099999999527427e+03 4.314018785953521729e-01 2.430066466331481934e-02
5.903579999999526990e+03 4.598822295665740967e-01 2.462422661483287811e-02
5.905059999999526553e+03 4.741651415824890137e-01 2.464733459055423737e-02
5.906539999999526117e+03 4.456397891044616699e-01 2.433695271611213684e-02
5.908019999999525680e+03 4.311503767967224121e-01 2.422576956450939178e-02
5.909499999999525244e+03 4.171358346939086914e-01 2.413048036396503448e-02
5.910979999999524807e+03 4.153837263584136963e-01 2.406273595988750458e-02
5.912459999999524371e+03 4.028484523296356201e-01 2.381099388003349304e-02
5.913939999999523934e+03 4.569922387599945068e-01 2.452225796878337860e-02
5.915419999999523498e+03 4.649852812290191650e-01 2.469597384333610535e-02
5.916899999999523061e+03 4.174953401088714600e-01 2.405098639428615570e-02
5.918379999999522624e+03 4.108568727970123291e-01 2.385251782834529877e-02
5.919859999999522188e+03 3.655875921249389648e-01 2.345417998731136322e-02
5.921339999999521751e+03 3.618265688419342041e-01 2.326517738401889801e-02
5.922819999999521315e+03 4.042667448520660400e-01 2.388073876500129700e-02
5.924299999999520878e+03 3.810307383537292480e-01 2.378155104815959930e-02
5.925779999999520442e+03 4.367113411426544189e-01 2.431941591203212738e-02
5.927259999999520005e+03 4.379112720489501953e-01 2.420219592750072479e-02
5.928739999999519569e+03 4.233378171920776367e-01 2.373124659061431885e-02
5.930219999999519132e+03 3.930995762348175049e-01 2.358161099255084991e-02
5.931699999999518695e+03 3.829787671566009521e-01 2.393207140266895294e-02
5.933179999999518259e+03 4.381549060344696045e-01 2.440916746854782104e-02
5.934659999999517822e+03 4.605379700660705566e-01 2.449698746204376221e-02
5.936139999999517386e+03 4.584591686725616455e-01 2.429931052029132843e-02
5.937619999999516949e+03 4.300228953361511230e-01 2.407187223434448242e-02
5.939099999999516513e+03 4.517706632614135742e-01 2.430294826626777649e-02
5.940579999999516076e+03 4.491315484046936035e-01 2.405339106917381287e-02
5.942059999999515640e+03 4.304777979850769043e-01 2.382752671837806702e-02
5.943539999999515203e+03 4.480383098125457764e-01 2.413191646337509155e-02
5.945019999999514766e+03 4.228499531745910645e-01 2.390006370842456818e-02
5.946499999999514330e+03 3.980983793735504150e-01 2.353881672024726868e-02
5.947979999999513893e+03 4.355351924896240234e-01 2.364418469369411469e-02
5.949459999999513457e+03 4.423245191574096680e-01 2.388104982674121857e-02
5.950939999999513020e+03 4.364850521087646484e-01 2.391258254647254944e-02
5.952419999999512584e+03 4.580085873603820801e-01 2.443770878016948700e-02
5.953899999999512147e+03 4.503348171710968018e-01 2.423026598989963531e-02
5.955379999999511710e+03 4.113988578319549561e-01 2.380196191370487213e-02
5.956859999999511274e+03 4.491517543792724609e-01 2.389686740934848785e-02
5.958339999999510837e+03 4.768905043601989746e-01 2.421336621046066284e-02
5.959819999999510401e+03 4.279098510742187500e-01 2.386439964175224304e-02
5.961299999999509964e+03 4.293267726898193359e-01 2.391396649181842804e-02
5.962779999999509528e+03 4.556414186954498291e-01 2.409531548619270325e-02
5.964259999999509091e+03 4.309682548046112061e-01 2.385738678276538849e-02
5.965739999999508655e+03 4.276037514209747314e-01 2.381169423460960388e-02
5.967219999999508218e+03 4.313085675239562988e-01 2.379305474460124969e-02
5.968699999999507781e+03 4.270750284194946289e-01 2.394005656242370605e-02
5.970179999999507345e+03 4.303875565528869629e-01 2.392781339585781097e-02
5.971659999999506908e+03 3.955517709255218506e-01 2.350011467933654785e-02
5.973139999999506472e+03 4.293366968631744385e-01 2.382329665124416351e-02
5.974619999999506035e+03 4.450384676456451416e-01 2.385027147829532623e-02
5.976099999999505599e+03 4.149146676063537598e-01 2.359461039304733276e-02
5.977579999999505162e+03 4.036698341369628906e-01 2.346685901284217834e-02
5.979059999999504726e+03 4.449104666709899902e-01 2.394567057490348816e-02
5.980539999999504289e+03 4.454135298728942871e-01 2.398997917771339417e-02
5.982019999999503852e+03 4.216258823871612549e-01 2.362546883523464203e-02
5.983499999999503416e+03 4.190279245376586914e-01 2.331596985459327698e-02
5.984979999999502979e+03 4.323204755783081055e-01 2.336881123483181000e-02
5.986459999999502543e+03 4.087915420532226562e-01 2.322882041335105896e-02
5.987939999999502106e+03 4.238015413284301758e-01 2.359514683485031128e-02
5.989419999999501670e+03 4.397037625312805176e-01 2.378604374825954437e-02
5.990899999999501233e+03 4.285339713096618652e-01 2.352079190313816071e-02
5.992379999999500797e+03 4.434613585472106934e-01 2.373548410832881927e-02
5.993859999999500360e+03 4.246282577514648438e-01 2.367603033781051636e-02
5.995339999999499923e+03 3.755431473255157471e-01 2.290350757539272308e-02
5.996819999999499487e+03 4.238450229167938232e-01 2.335650473833084106e-02
5.998299999999499050e+03 4.335126578807830811e-01 2.346461080014705658e-02
5.999779999999498614e+03 4.097084403038024902e-01 2.315891720354557037e-02
6.001259999999498177e+03 4.234789609909057617e-01 2.326322346925735474e-02
6.002739999999497741e+03 4.388290047645568848e-01 2.355283498764038086e-02
6.004219999999497304e+03 4.697027802467346191e-01 2.400626987218856812e-02
6.005699999999496868e+03 4.537509083747863770e-01 2.371698059141635895e-02
6.007179999999496431e+03 4.291419982910156250e-01 2.310865744948387146e-02
6.008659999999495994e+03 4.449912905693054199e-01 2.340671420097351074e-02
6.010139999999495558e+03 4.452925920486450195e-01 2.366750501096248627e-02
6.011619999999495121e+03 4.191358685493469238e-01 2.321281470358371735e-02
6.013099999999494685e+03 4.217693209648132324e-01 2.321394160389900208e-02
6.014579999999494248e+03 4.631775915622711182e-01 2.367791719734668732e-02
6.016059999999493812e+03 4.664804339408874512e-01 2.372245304286479950e-02
6.017539999999493375e+03 3.940021991729736328e-01 2.291436307132244110e-02
6.019019999999492939e+03 3.869242966175079346e-01 2.268994040787220001e-02
6.020499999999492502e+03 4.187110066413879395e-01 2.292066998779773712e-02
6.021979999999492065e+03 4.165306687355041504e-01 2.294823154807090759e-02
6.023459999999491629e+03 4.443998634815216064e-01 2.338217385113239288e-02
6.024939999999491192e+03 4.084809422492980957e-01 2.298062667250633240e-02
6.026419999999490756e+03 4.090994000434875488e-01 2.303840219974517822e-02
6.027899999999490319e+03 3.696659803390502930e-01 2.259523048996925354e-02
6.029379999999489883e+03 3.755466938018798828e-01 2.280772291123867035e-02
6.030859999999489446e+03 3.974022865295410156e-01 2.296862751245498657e-02
6.032339999999489009e+03 3.589158952236175537e-01 2.260527200996875763e-02
6.033819999999488573e+03 4.131903946399688721e-01 2.325587905943393707e-02
6.035299999999488136e+03 4.151790142059326172e-01 2.325247786939144135e-02
6.036779999999487700e+03 4.026421606540679932e-01 2.301370725035667419e-02
6.038259999999487263e+03 3.630861639976501465e-01 2.264843694865703583e-02
6.039739999999486827e+03 3.962987661361694336e-01 2.274827845394611359e-02
6.041219999999486390e+03 4.190764427185058594e-01 2.308848686516284943e-02
6.042699999999485954e+03 4.528517723083496094e-01 2.332676760852336884e-02
6.044179999999485517e+03 4.375445842742919922e-01 2.326102927327156067e-02
6.045659999999485080e+03 4.413334131240844727e-01 2.332379110157489777e-02
6.047139999999484644e+03 4.603745937347412109e-01 2.351213432848453522e-02
6.048619999999484207e+03 3.988127410411834717e-01 2.290726453065872192e-02
6.050099999999483771e+03 4.711500108242034912e-01 2.361985109746456146e-02
6.051579999999483334e+03 4.591229557991027832e-01 2.344509586691856384e-02
6.053059999999482898e+03 3.937579691410064697e-01 2.272888645529747009e-02
6.054539999999482461e+03 3.899165689945220947e-01 2.262740954756736755e-02
6.056019999999482025e+03 4.178073704242706299e-01 2.286507189273834229e-02
6.057499999999481588e+03 3.952547311782836914e-01 2.281379140913486481e-02
6.058979999999481151e+03 4.471729397773742676e-01 2.338689565658569336e-02
6.060459999999480715e+03 4.590683579444885254e-01 2.352211810648441315e-02
6.061939999999480278e+03 4.740679562091827393e-01 2.368756756186485291e-02
6.063419999999479842e+03 4.447537660598754883e-01 2.317692711949348450e-02
6.064899999999479405e+03 4.310719072818756104e-01 2.293600887060165405e-02
6.066379999999478969e+03 3.903010189533233643e-01 2.249680645763874054e-02
6.067859999999478532e+03 4.074906408786773682e-01 2.290388941764831543e-02
6.069339999999478096e+03 4.514424502849578857e-01 2.338506467640399933e-02
6.070819999999477659e+03 4.130576252937316895e-01 2.293324284255504608e-02
6.072299999999477222e+03 3.887950778007507324e-01 2.266415208578109741e-02
6.073779999999476786e+03 4.182948172092437744e-01 2.297037281095981598e-02
6.075259999999476349e+03 4.429114162921905518e-01 2.323368191719055176e-02
6.076739999999475913e+03 4.345366060733795166e-01 2.293045446276664734e-02
6.078219999999475476e+03 4.358268380165100098e-01 2.283721044659614563e-02
6.079699999999475040e+03 4.365808069705963135e-01 2.297499962151050568e-02
6.081179999999474603e+03 4.631376564502716064e-01 2.330660261213779449e-02
6.082659999999474167e+03 4.578752517700195312e-01 2.317082136869430542e-02
6.084139999999473730e+03 4.269713461399078369e-01 2.278513275086879730e-02
6.085619999999473293e+03 4.323167800903320312e-01 2.281919308006763458e-02
6.087099999999472857e+03 4.255596399307250977e-01 2.274215966463088989e-02
6.088579999999472420e+03 4.200342595577239990e-01 2.270044758915901184e-02
6.090059999999471984e+03 4.158804416656494141e-01 2.266758680343627930e-02
6.091539999999471547e+03 4.130142927169799805e-01 2.253824844956398010e-02
6.093019999999471111e+03 4.187982678413391113e-01 2.274562604725360870e-02
6.094499999999470674e+03 4.213563203811645508e-01 2.277825027704238892e-02
6.095979999999470238e+03 4.213325381278991699e-01 2.267272025346755981e-02
6.097459999999469801e+03 4.476474225521087646e-01 2.308221533894538879e-02
6.098939999999469364e+03 4.077704548835754395e-01 2.259110845625400543e-02
6.100419999999468928e+03 4.448917210102081299e-01 2.271005325019359589e-02
6.101899999999468491e+03 4.314629435539245605e-01 2.242687158286571503e-02
6.103379999999468055e+03 4.357040226459503174e-01 2.251494489610195160e-02
6.104859999999467618e+03 4.229651093482971191e-01 2.267851307988166809e-02
6.106339999999467182e+03 4.650874137878417969e-01 2.305599674582481384e-02
6.107819999999466745e+03 3.930182456970214844e-01 2.232293225824832916e-02
6.109299999999466309e+03 4.203146100044250488e-01 2.264397218823432922e-02
6.110779999999465872e+03 4.115903377532958984e-01 2.254516072571277618e-02
6.112259999999465435e+03 4.054414331912994385e-01 2.237620018422603607e-02
6.113739999999464999e+03 4.420748949050903320e-01 2.290333248674869537e-02
6.115219999999464562e+03 4.802870750427246094e-01 2.317329868674278259e-02
6.116699999999464126e+03 4.270155727863311768e-01 2.260465547442436218e-02
6.118179999999463689e+03 3.889951705932617188e-01 2.223882079124450684e-02
6.119659999999463253e+03 4.283952116966247559e-01 2.262164279818534851e-02
6.121139999999462816e+03 3.875798285007476807e-01 2.187633886933326721e-02
6.122619999999462379e+03 4.462178647518157959e-01 2.257608808577060699e-02
6.124099999999461943e+03 4.353963434696197510e-01 2.260334417223930359e-02
6.125579999999461506e+03 4.220569729804992676e-01 2.254474908113479614e-02
6.127059999999461070e+03 4.546917676925659180e-01 2.289652079343795776e-02
6.128539999999460633e+03 4.116737842559814453e-01 2.234680205583572388e-02
6.130019999999460197e+03 3.781898319721221924e-01 2.194477617740631104e-02
6.131499999999459760e+03 4.032007753849029541e-01 2.234697900712490082e-02
6.132979999999459324e+03 4.160026907920837402e-01 2.247254550457000732e-02
6.134459999999458887e+03 4.241005182266235352e-01 2.238504029810428619e-02
6.135939999999458450e+03 4.205855131149291992e-01 2.199297398328781128e-02
6.137419999999458014e+03 3.993882238864898682e-01 2.173411846160888672e-02
6.138899999999457577e+03 3.975427448749542236e-01 2.210373617708683014e-02
6.140379999999457141e+03 3.998283743858337402e-01 2.215022221207618713e-02
6.141859999999456704e+03 3.756487965583801270e-01 2.175670489668846130e-02
6.143339999999456268e+03 4.113057255744934082e-01 2.233207225799560547e-02
6.144819999999455831e+03 4.300844073295593262e-01 2.254430204629898071e-02
6.146299999999455395e+03 4.331909716129302979e-01 2.252978086471557617e-02
6.147779999999454958e+03 4.288439452648162842e-01 2.243574894964694977e-02
6.149259999999454521e+03 4.194035530090332031e-01 2.229178696870803833e-02
6.150739999999454085e+03 4.094807505607604980e-01 2.216898091137409210e-02
6.152219999999453648e+03 3.748367428779602051e-01 2.175983227789402008e-02
6.153699999999453212e+03 4.138028919696807861e-01 2.212885767221450806e-02
6.155179999999452775e+03 4.053060114383697510e-01 2.199565805494785309e-02
6.156659999999452339e+03 3.995653390884399414e-01 2.200133539736270905e-02
6.158139999999451902e+03 4.230581223964691162e-01 2.221392467617988586e-02
6.159619999999451466e+03 3.831486999988555908e-01 2.157679013907909393e-02
6.161099999999451029e+03 4.462396502494812012e-01 2.202262356877326965e-02
6.162579999999450592e+03 4.257777333259582520e-01 2.169090323150157928e-02
6.164059999999450156e+03 3.988335132598876953e-01 2.172148041427135468e-02
6.165539999999449719e+03 4.116844534873962402e-01 2.198887616395950317e-02
6.167019999999449283e+03 4.390127062797546387e-01 2.231267653405666351e-02
6.168499999999448846e+03 4.405264854431152344e-01 2.234270423650741577e-02
6.169979999999448410e+03 4.457103312015533447e-01 2.236494421958923340e-02
6.171459999999447973e+03 4.226242303848266602e-01 2.215043827891349792e-02
6.172939999999447537e+03 3.887040019035339355e-01 2.191509678959846497e-02
6.174419999999447100e+03 4.197890460491180420e-01 2.216704189777374268e-02
6.175899999999446663e+03 4.231960177421569824e-01 2.223990857601165771e-02
6.177379999999446227e+03 4.342243671417236328e-01 2.225583791732788086e-02
6.178859999999445790e+03 4.246867001056671143e-01 2.222699858248233795e-02
6.180339999999445354e+03 4.493530392646789551e-01 2.252629958093166351e-02
6.181819999999444917e+03 3.973359465599060059e-01 2.199586853384971619e-02
6.183299999999444481e+03 4.027146399021148682e-01 2.209836058318614960e-02
6.184779999999444044e+03 3.897836208343505859e-01 2.193373814225196838e-02
6.186259999999443608e+03 4.374883770942687988e-01 2.231703326106071472e-02
6.187739999999443171e+03 4.200249612331390381e-01 2.216072566807270050e-02
6.189219999999442734e+03 4.398978054523468018e-01 2.238762751221656799e-02
6.190699999999442298e+03 4.345791339874267578e-01 2.219041436910629272e-02
6.192179999999441861e+03 4.300841093063354492e-01 2.222833968698978424e-02
6.193659999999441425e+03 4.078606963157653809e-01 2.199854701757431030e-02
6.195139999999440988e+03 4.179652929306030273e-01 2.221704646944999695e-02
6.196619999999440552e+03 4.508418440818786621e-01 2.255633287131786346e-02
6.198099999999440115e+03 4.591971039772033691e-01 2.261912636458873749e-02
6.199579999999439679e+03 4.278727173805236816e-01 2.223889715969562531e-02
6.201059999999439242e+03 4.065477550029754639e-01 2.214582450687885284e-02
6.202539999999438805e+03 4.140912294387817383e-01 2.233055792748928070e-02
6.204019999999438369e+03 4.070559442043304443e-01 2.210240811109542847e-02
6.205499999999437932e+03 3.871123790740966797e-01 2.173975296318531036e-02
6.206979999999437496e+03 4.244713783264160156e-01 2.228638157248497009e-02
6.208459999999437059e+03 4.277331829071044922e-01 2.226064540445804596e-02
6.209939999999436623e+03 3.926309049129486084e-01 2.179879695177078247e-02
6.211419999999436186e+03 4.285615384578704834e-01 2.237566187977790833e-02
6.212899999999435749e+03 4.664267301559448242e-01 2.253025397658348083e-02
6.214379999999435313e+03 4.661352634429931641e-01 2.229521423578262329e-02
6.215859999999434876e+03 4.326823353767395020e-01 2.215875871479511261e-02
6.217339999999434440e+03 4.150243103504180908e-01 2.195351757109165192e-02
6.218819999999434003e+03 4.159239530563354492e-01 2.201966382563114166e-02
6.220299999999433567e+03 4.152078032493591309e-01 2.204477041959762573e-02
6.221779999999433130e+03 4.122459590435028076e-01 2.217009849846363068e-02
6.223259999999432694e+03 3.881324529647827148e-01 2.185406908392906189e-02
6.224739999999432257e+03 4.339127540588378906e-01 2.225967124104499817e-02
6.226219999999431820e+03 4.075433909893035889e-01 2.186154387891292572e-02
6.227699999999431384e+03 4.136526286602020264e-01 2.182794362306594849e-02
6.229179999999430947e+03 4.119234681129455566e-01 2.166185900568962097e-02
6.230659999999430511e+03 4.212789535522460938e-01 2.163504064083099365e-02
6.232139999999430074e+03 4.590262770652770996e-01 2.233561873435974121e-02
6.233619999999429638e+03 3.930489122867584229e-01 2.222741022706031799e-02
6.235099999999429201e+03 4.588785171508789062e-01 2.309660986065864563e-02
6.236579999999428765e+03 4.301579892635345459e-01 2.247598581016063690e-02
6.238059999999428328e+03 4.439687728881835938e-01 2.235561981797218323e-02
6.239539999999427891e+03 4.179595708847045898e-01 2.201331779360771179e-02
6.241019999999427455e+03 4.208700060844421387e-01 2.210319600999355316e-02
6.242499999999427018e+03 3.972327113151550293e-01 2.175782620906829834e-02
6.243979999999426582e+03 4.249122142791748047e-01 2.190650440752506256e-02
6.245459999999426145e+03 4.335043430328369141e-01 2.190030552446842194e-02
6.246939999999425709e+03 4.010425209999084473e-01 2.160363458096981049e-02
6.248419999999425272e+03 4.081280231475830078e-01 2.183660678565502167e-02
6.249899999999424836e+03 4.154019355773925781e-01 2.188694849610328674e-02
6.251379999999424399e+03 4.304060935974121094e-01 2.187950909137725830e-02
6.252859999999423962e+03 4.551703929901123047e-01 2.201047539710998535e-02
6.254339999999423526e+03 4.218509197235107422e-01 2.165082283318042755e-02
6.255819999999423089e+03 4.420781433582305908e-01 2.223816327750682831e-02
6.257299999999422653e+03 4.376679658889770508e-01 2.260631136596202850e-02
6.258779999999422216e+03 4.008314907550811768e-01 2.202153019607067108e-02
6.260259999999421780e+03 4.320642948150634766e-01 2.202468924224376678e-02
6.261739999999421343e+03 4.156817495822906494e-01 2.185163460671901703e-02
6.263219999999420907e+03 3.900796771049499512e-01 2.168550901114940643e-02
6.264699999999420470e+03 4.068969190120697021e-01 2.188246138393878937e-02
6.266179999999420033e+03 3.969807326793670654e-01 2.164142392575740814e-02
6.267659999999419597e+03 4.031408727169036865e-01 2.180902473628520966e-02
6.269139999999419160e+03 3.987253308296203613e-01 2.159962989389896393e-02
6.270619999999418724e+03 4.228166341781616211e-01 2.179833315312862396e-02
6.272099999999418287e+03 4.381697475910186768e-01 2.199177443981170654e-02
6.273579999999417851e+03 4.068489670753479004e-01 2.171120606362819672e-02
6.275059999999417414e+03 4.040312469005584717e-01 2.170171402394771576e-02
6.276539999999416978e+03 3.969500362873077393e-01 2.124928124248981476e-02
6.278019999999416541e+03 3.787975311279296875e-01 2.092456072568893433e-02
6.279499999999416104e+03 4.162799715995788574e-01 2.130272239446640015e-02
6.280979999999415668e+03 3.873530626296997070e-01 2.089612558484077454e-02
6.282459999999415231e+03 3.757553100585937500e-01 2.104514464735984802e-02
6.283939999999414795e+03 3.821325600147247314e-01 2.116470225155353546e-02
6.285419999999414358e+03 3.806779980659484863e-01 2.167219296097755432e-02
6.286899999999413922e+03 4.262133836746215820e-01 2.242224849760532379e-02
6.288379999999413485e+03 4.212893247604370117e-01 2.206255495548248291e-02
6.289859999999413048e+03 4.036368727684020996e-01 2.147552743554115295e-02
6.291339999999412612e+03 3.996334373950958252e-01 2.124547958374023438e-02
6.292819999999412175e+03 3.989256322383880615e-01 2.136874943971633911e-02
6.294299999999411739e+03 3.855657875537872314e-01 2.120138145983219147e-02
6.295779999999411302e+03 4.175322353839874268e-01 2.149139344692230225e-02
6.297259999999410866e+03 3.557252883911132812e-01 2.251701429486274719e-02
6.298739999999410429e+03 3.865807056427001953e-01 2.776879072189331055e-02
6.300219999999409993e+03 4.628406763076782227e-01 2.942956425249576569e-02
6.301699999999409556e+03 4.154289364814758301e-01 2.549634315073490143e-02
6.303179999999409119e+03 3.800997734069824219e-01 2.136834152042865753e-02
6.304659999999408683e+03 4.105983972549438477e-01 2.171741612255573273e-02
6.306139999999408246e+03 4.113097488880157471e-01 2.228240482509136200e-02
6.307619999999407810e+03 4.037662744522094727e-01 2.192131057381629944e-02
6.309099999999407373e+03 3.742945194244384766e-01 2.112626656889915466e-02
6.310579999999406937e+03 3.524873256683349609e-01 2.070803567767143250e-02
6.312059999999406500e+03 3.774541914463043213e-01 2.102689072489738464e-02
6.313539999999406064e+03 4.017388522624969482e-01 2.114248462021350861e-02
6.315019999999405627e+03 4.120266139507293701e-01 2.122964896261692047e-02
6.316499999999405190e+03 3.906510174274444580e-01 2.096653170883655548e-02
6.317979999999404754e+03 4.038341343402862549e-01 2.106288820505142212e-02
6.319459999999404317e+03 4.233659803867340088e-01 2.155098132789134979e-02
6.320939999999403881e+03 4.153741896152496338e-01 2.166252397000789642e-02
6.322419999999403444e+03 4.173960983753204346e-01 2.159398421645164490e-02
6.323899999999403008e+03 4.222499728202819824e-01 2.157573401927947998e-02
6.325379999999402571e+03 3.932675719261169434e-01 2.123752981424331665e-02
6.326859999999402135e+03 4.207378029823303223e-01 2.167692221701145172e-02
6.328339999999401698e+03 4.076801240444183350e-01 2.180411294102668762e-02
6.329819999999401261e+03 4.331457912921905518e-01 2.219492197036743164e-02
6.331299999999400825e+03 4.082953333854675293e-01 2.163284830749034882e-02
6.332779999999400388e+03 4.561638236045837402e-01 2.187220193445682526e-02
6.334259999999399952e+03 3.947496414184570312e-01 2.101650089025497437e-02
6.335739999999399515e+03 3.905995786190032959e-01 2.088871784508228302e-02
6.337219999999399079e+03 4.045060873031616211e-01 2.106049284338951111e-02
6.338699999999398642e+03 4.064270555973052979e-01 2.122468128800392151e-02
6.340179999999398206e+03 4.080529212951660156e-01 2.133784629404544830e-02
6.341659999999397769e+03 4.301447868347167969e-01 2.154907211661338806e-02
6.343139999999397332e+03 4.069003462791442871e-01 2.115856856107711792e-02
6.344619999999396896e+03 3.998484313488006592e-01 2.108656615018844604e-02
6.346099999999396459e+03 3.772051632404327393e-01 2.094210870563983917e-02
6.347579999999396023e+03 3.734295666217803955e-01 2.102402038872241974e-02
6.349059999999395586e+03 3.976840078830718994e-01 2.133057080209255219e-02
6.350539999999395150e+03 4.291040897369384766e-01 2.155906707048416138e-02
6.352019999999394713e+03 4.181748330593109131e-01 2.133663557469844818e-02
6.353499999999394277e+03 4.253808259963989258e-01 2.158871851861476898e-02
6.354979999999393840e+03 4.178940057754516602e-01 2.175433188676834106e-02
6.356459999999393403e+03 4.027564823627471924e-01 2.145786955952644348e-02
6.357939999999392967e+03 4.401387274265289307e-01 2.158889919519424438e-02
6.359419999999392530e+03 3.929940760135650635e-01 2.107806690037250519e-02
6.360899999999392094e+03 3.876404166221618652e-01 2.171056158840656281e-02
6.362379999999391657e+03 4.329915344715118408e-01 2.413955144584178925e-02
6.363859999999391221e+03 3.997917771339416504e-01 2.392477355897426605e-02
6.365339999999390784e+03 4.033469557762145996e-01 2.225578017532825470e-02
6.366819999999390348e+03 4.397724866867065430e-01 2.165992371737957001e-02
6.368299999999389911e+03 3.734232783317565918e-01 2.077398262917995453e-02
6.369779999999389474e+03 3.911413252353668213e-01 2.104433253407478333e-02
6.371259999999389038e+03 3.921703100204467773e-01 2.088241651654243469e-02
6.372739999999388601e+03 4.083239734172821045e-01 2.134736068546772003e-02
6.374219999999388165e+03 4.041375517845153809e-01 2.118927985429763794e-02
6.375699999999387728e+03 3.940479755401611328e-01 2.106525935232639313e-02
6.377179999999387292e+03 4.051533341407775879e-01 2.121546678245067596e-02
6.378659999999386855e+03 3.745921850204467773e-01 2.085304819047451019e-02
6.380139999999386418e+03 3.988303244113922119e-01 2.109847031533718109e-02
6.381619999999385982e+03 3.811661899089813232e-01 2.089667692780494690e-02
6.383099999999385545e+03 3.849478662014007568e-01 2.099177613854408264e-02
6.384579999999385109e+03 4.122917354106903076e-01 2.140422724187374115e-02
6.386059999999384672e+03 4.136929214000701904e-01 2.144385874271392822e-02
6.387539999999384236e+03 4.029608070850372314e-01 2.126610651612281799e-02
6.389019999999383799e+03 3.968858122825622559e-01 2.116590179502964020e-02
6.390499999999383363e+03 3.788720965385437012e-01 2.083893679082393646e-02
6.391979999999382926e+03 3.683350682258605957e-01 2.047336101531982422e-02
6.393459999999382489e+03 4.065405726432800293e-01 2.092763595283031464e-02
6.394939999999382053e+03 3.992527127265930176e-01 2.094250358641147614e-02
6.396419999999381616e+03 3.938196897506713867e-01 2.088263258337974548e-02
6.397899999999381180e+03 4.140910208225250244e-01 2.103500440716743469e-02
6.399379999999380743e+03 3.966049849987030029e-01 2.069256640970706940e-02
6.400859999999380307e+03 3.900139927864074707e-01 2.066276594996452332e-02
6.402339999999379870e+03 3.648495078086853027e-01 2.059669233858585358e-02
6.403819999999379434e+03 3.890389502048492432e-01 2.095282822847366333e-02
6.405299999999378997e+03 3.980965018272399902e-01 2.085787989199161530e-02
6.406779999999378560e+03 3.892804086208343506e-01 2.061710320413112640e-02
6.408259999999378124e+03 3.888333439826965332e-01 2.059416845440864563e-02
6.409739999999377687e+03 3.894091844558715820e-01 2.065540663897991180e-02
6.411219999999377251e+03 4.181101918220520020e-01 2.109636366367340088e-02
6.412699999999376814e+03 3.908461332321166992e-01 2.067012153565883636e-02
6.414179999999376378e+03 4.108586311340332031e-01 2.095213532447814941e-02
6.415659999999375941e+03 3.868539631366729736e-01 2.075812220573425293e-02
6.417139999999375505e+03 4.249007999897003174e-01 2.120036445558071136e-02
6.418619999999375068e+03 3.889195322990417480e-01 2.062945067882537842e-02
6.420099999999374631e+03 4.186381101608276367e-01 2.096249908208847046e-02
6.421579999999374195e+03 3.622087240219116211e-01 2.040574140846729279e-02
6.423059999999373758e+03 3.883562982082366943e-01 2.073032408952713013e-02
6.424539999999373322e+03 4.142221510410308838e-01 2.106228657066822052e-02
6.426019999999372885e+03 3.963554799556732178e-01 2.088083513081073761e-02
6.427499999999372449e+03 3.948248326778411865e-01 2.087886258959770203e-02
6.428979999999372012e+03 3.783106505870819092e-01 2.053222618997097015e-02
6.430459999999371576e+03 3.700873553752899170e-01 2.030897140502929688e-02
6.431939999999371139e+03 3.864657878875732422e-01 2.064096927642822266e-02
6.433419999999370702e+03 4.031475484371185303e-01 2.083744294941425323e-02
6.434899999999370266e+03 4.050463736057281494e-01 2.085649035871028900e-02
6.436379999999369829e+03 3.955958783626556396e-01 2.071378938853740692e-02
6.437859999999369393e+03 4.132121801376342773e-01 2.082767523825168610e-02
6.439339999999368956e+03 4.411319196224212646e-01 2.118215523660182953e-02
6.440819999999368520e+03 4.325786828994750977e-01 2.122005261480808258e-02
6.442299999999368083e+03 4.211213886737823486e-01 2.115045860409736633e-02
6.443779999999367647e+03 4.275787770748138428e-01 2.132232114672660828e-02
6.445259999999367210e+03 4.148459434509277344e-01 2.111019007861614227e-02
6.446739999999366773e+03 3.884612023830413818e-01 2.082121372222900391e-02
6.448219999999366337e+03 4.322460293769836426e-01 2.117983438074588776e-02
6.449699999999365900e+03 4.329646825790405273e-01 2.103028446435928345e-02
6.451179999999365464e+03 4.451294541358947754e-01 2.128573507070541382e-02
6.452659999999365027e+03 3.839568793773651123e-01 2.070559933781623840e-02
6.454139999999364591e+03 4.194975197315216064e-01 2.092981897294521332e-02
6.455619999999364154e+03 4.007998108863830566e-01 2.068634703755378723e-02
6.457099999999363718e+03 4.183898568153381348e-01 2.098876796662807465e-02
6.458579999999363281e+03 4.495962560176849365e-01 2.137689292430877686e-02
6.460059999999362844e+03 3.989335000514984131e-01 2.065558545291423798e-02
6.461539999999362408e+03 3.701964616775512695e-01 2.026863023638725281e-02
6.463019999999361971e+03 3.899566233158111572e-01 2.079811505973339081e-02
6.464499999999361535e+03 3.973693549633026123e-01 2.110683545470237732e-02
6.465979999999361098e+03 3.706726133823394775e-01 2.077808603644371033e-02
6.467459999999360662e+03 3.653648793697357178e-01 2.054237946867942810e-02
6.468939999999360225e+03 3.914934992790222168e-01 2.095765434205532074e-02
6.470419999999359788e+03 4.067868590354919434e-01 2.118148840963840485e-02
6.471899999999359352e+03 4.398147165775299072e-01 2.140090987086296082e-02
6.473379999999358915e+03 4.347191452980041504e-01 2.116367965936660767e-02
6.474859999999358479e+03 3.926877379417419434e-01 2.060529217123985291e-02
6.476339999999358042e+03 4.091607034206390381e-01 2.081341855227947235e-02
6.477819999999357606e+03 4.361639022827148438e-01 2.129666320979595184e-02
6.479299999999357169e+03 4.211733937263488770e-01 2.097568660974502563e-02
6.480779999999356733e+03 4.082134962081909180e-01 2.070824429392814636e-02
6.482259999999356296e+03 4.398877620697021484e-01 2.117508836090564728e-02
6.483739999999355859e+03 4.406909942626953125e-01 2.116757258772850037e-02
6.485219999999355423e+03 4.092287421226501465e-01 2.085030265152454376e-02
6.486699999999354986e+03 3.775488138198852539e-01 2.053106389939785004e-02
6.488179999999354550e+03 3.932944536209106445e-01 2.073109522461891174e-02
6.489659999999354113e+03 3.236983716487884521e-01 1.976116374135017395e-02
6.491139999999353677e+03 4.258316755294799805e-01 2.079816535115242004e-02
6.492619999999353240e+03 3.891212642192840576e-01 2.015537954866886139e-02
6.494099999999352804e+03 3.790285885334014893e-01 1.994771696627140045e-02
6.495579999999352367e+03 4.129233360290527344e-01 2.057545073330402374e-02
6.497059999999351930e+03 4.412692785263061523e-01 2.170995809137821198e-02
6.498539999999351494e+03 4.498568773269653320e-01 2.196186035871505737e-02
6.500019999999351057e+03 4.445130228996276855e-01 2.153786644339561462e-02
6.501499999999350621e+03 4.258170723915100098e-01 2.104265801608562469e-02
6.502979999999350184e+03 4.024043083190917969e-01 2.093769423663616180e-02
6.504459999999349748e+03 3.951427936553955078e-01 2.097779884934425354e-02
6.505939999999349311e+03 3.959564268589019775e-01 2.083448506891727448e-02
6.507419999999348875e+03 3.952964842319488525e-01 2.067694067955017090e-02
6.508899999999348438e+03 4.248181581497192383e-01 2.093950100243091583e-02
6.510379999999348001e+03 4.053759574890136719e-01 2.073206938803195953e-02
6.511859999999347565e+03 3.821277022361755371e-01 2.042491361498832703e-02
6.513339999999347128e+03 3.974837660789489746e-01 2.055849693715572357e-02
6.514819999999346692e+03 3.832365572452545166e-01 2.027105353772640228e-02
6.516299999999346255e+03 3.960314989089965820e-01 2.035147324204444885e-02
6.517779999999345819e+03 4.154954552650451660e-01 2.062164992094039917e-02
6.519259999999345382e+03 4.130986928939819336e-01 2.073181979358196259e-02
6.520739999999344946e+03 3.990674912929534912e-01 2.079194039106369019e-02
6.522219999999344509e+03 3.915378451347351074e-01 2.071915753185749054e-02
6.523699999999344072e+03 4.255775809288024902e-01 2.097544446587562561e-02
6.525179999999343636e+03 3.992037475109100342e-01 2.059861645102500916e-02
6.526659999999343199e+03 4.032097160816192627e-01 2.060006558895111084e-02
6.528139999999342763e+03 4.267661571502685547e-01 2.085147053003311157e-02
6.529619999999342326e+03 4.208575785160064697e-01 2.088253200054168701e-02
6.531099999999341890e+03 3.948142230510711670e-01 2.105654776096343994e-02
6.532579999999341453e+03 4.050536453723907471e-01 2.125033736228942871e-02
6.534059999999341017e+03 4.063458442687988281e-01 2.090941369533538818e-02
6.535539999999340580e+03 4.083159267902374268e-01 2.068522945046424866e-02
6.537019999999340143e+03 4.047580659389495850e-01 2.068579196929931641e-02
6.538499999999339707e+03 3.973006904125213623e-01 2.061863243579864502e-02
6.539979999999339270e+03 4.032490253448486328e-01 2.058033086359500885e-02
6.541459999999338834e+03 4.271286129951477051e-01 2.105818688869476318e-02
6.542939999999338397e+03 3.898711204528808594e-01 2.067550644278526306e-02
6.544419999999337961e+03 3.864118456840515137e-01 2.046694979071617126e-02
6.545899999999337524e+03 3.963685929775238037e-01 2.043140865862369537e-02
6.547379999999337088e+03 3.889018893241882324e-01 2.044472843408584595e-02
6.548859999999336651e+03 3.908165097236633301e-01 2.042220532894134521e-02
6.550339999999336214e+03 3.758024275302886963e-01 2.031759917736053467e-02
6.551819999999335778e+03 3.971916139125823975e-01 2.105254121124744415e-02
6.553299999999335341e+03 4.304658174514770508e-01 2.143228799104690552e-02
6.554779999999334905e+03 4.119547009468078613e-01 2.061324194073677063e-02
6.556259999999334468e+03 3.828249573707580566e-01 1.992118731141090393e-02
6.557739999999334032e+03 3.778582215309143066e-01 1.974256522953510284e-02
6.559219999999333595e+03 4.197078347206115723e-01 1.992207951843738556e-02
6.560699999999333158e+03 3.995102345943450928e-01 1.905134320259094238e-02
6.562179999999332722e+03 4.025726914405822754e-01 1.873047649860382080e-02
6.563659999999332285e+03 4.185450375080108643e-01 1.936984807252883911e-02
6.565139999999331849e+03 3.805764317512512207e-01 1.954938471317291260e-02
6.566619999999331412e+03 4.144176542758941650e-01 2.031306177377700806e-02
6.568099999999330976e+03 4.317277371883392334e-01 2.069680951535701752e-02
6.569579999999330539e+03 3.972433209419250488e-01 2.022626809775829315e-02
6.571059999999330103e+03 4.028260111808776855e-01 2.023824863135814667e-02
6.572539999999329666e+03 4.034118354320526123e-01 2.018855139613151550e-02
6.574019999999329229e+03 4.069804549217224121e-01 2.044039033353328705e-02
6.575499999999328793e+03 4.221743345260620117e-01 2.109153009951114655e-02
6.576979999999328356e+03 4.057066738605499268e-01 2.111383527517318726e-02
6.578459999999327920e+03 3.953481316566467285e-01 2.070499025285243988e-02
6.579939999999327483e+03 4.101612865924835205e-01 2.060308493673801422e-02
6.581419999999327047e+03 4.223002791404724121e-01 2.059292048215866089e-02
6.582899999999326610e+03 3.967301249504089355e-01 2.023630961775779724e-02
6.584379999999326174e+03 3.992517590522766113e-01 2.029557339847087860e-02
6.585859999999325737e+03 4.202004373073577881e-01 2.063429728150367737e-02
6.587339999999325300e+03 3.970889151096343994e-01 2.035138383507728577e-02
6.588819999999324864e+03 3.876311480998992920e-01 2.019281871616840363e-02
6.590299999999324427e+03 4.048624634742736816e-01 2.036328427493572235e-02
6.591779999999323991e+03 4.180043935775756836e-01 2.029286697506904602e-02
6.593259999999323554e+03 3.957033157348632812e-01 2.013493143022060394e-02
6.594739999999323118e+03 4.216983616352081299e-01 2.070408314466476440e-02
6.596219999999322681e+03 4.196019768714904785e-01 2.067988738417625427e-02
6.597699999999322245e+03 4.319210946559906006e-01 2.068811655044555664e-02
6.599179999999321808e+03 4.555825591087341309e-01 2.095717564225196838e-02
6.600659999999321371e+03 4.206751585006713867e-01 2.063199691474437714e-02
6.602139999999320935e+03 4.063352346420288086e-01 2.069870196282863617e-02
6.603619999999320498e+03 3.849830925464630127e-01 2.035336382687091827e-02
6.605099999999320062e+03 4.177592992782592773e-01 2.064710669219493866e-02
6.606579999999319625e+03 3.945893049240112305e-01 2.022635005414485931e-02
6.608059999999319189e+03 4.181918203830718994e-01 2.046345919370651245e-02
6.609539999999318752e+03 4.021199047565460205e-01 2.033081278204917908e-02
6.611019999999318316e+03 4.306533038616180420e-01 2.071467973291873932e-02
6.612499999999317879e+03 4.446833133697509766e-01 2.079983055591583252e-02
6.613979999999317442e+03 4.194513261318206787e-01 2.052073366940021515e-02
6.615459999999317006e+03 3.828912675380706787e-01 2.010391093790531158e-02
6.616939999999316569e+03 3.895223736763000488e-01 2.012537419795989990e-02
6.618419999999316133e+03 4.083144068717956543e-01 2.037567086517810822e-02
6.619899999999315696e+03 3.990964889526367188e-01 2.025471441447734833e-02
6.621379999999315260e+03 4.132702350616455078e-01 2.040673419833183289e-02
6.622859999999314823e+03 4.134486615657806396e-01 2.047657966613769531e-02
6.624339999999314387e+03 3.958256244659423828e-01 2.020850405097007751e-02
6.625819999999313950e+03 3.780742287635803223e-01 2.001827023923397064e-02
6.627299999999313513e+03 3.942145705223083496e-01 2.028062567114830017e-02
6.628779999999313077e+03 4.101924002170562744e-01 2.039224654436111450e-02
6.630259999999312640e+03 3.994539082050323486e-01 2.018722333014011383e-02
6.631739999999312204e+03 4.079343676567077637e-01 2.027622237801551819e-02
6.633219999999311767e+03 4.113776385784149170e-01 2.028517425060272217e-02
6.634699999999311331e+03 4.432682394981384277e-01 2.066144719719886780e-02
6.636179999999310894e+03 4.243507087230682373e-01 2.052749320864677429e-02
6.637659999999310457e+03 4.007039070129394531e-01 2.025051228702068329e-02
6.639139999999310021e+03 3.956588804721832275e-01 2.009979821741580963e-02
6.640619999999309584e+03 4.155641794204711914e-01 2.038773335516452789e-02
6.642099999999309148e+03 4.136673212051391602e-01 2.036434970796108246e-02
6.643579999999308711e+03 4.268381595611572266e-01 2.049168385565280914e-02
6.645059999999308275e+03 4.094549715518951416e-01 2.023394033312797546e-02
6.646539999999307838e+03 3.950773775577545166e-01 2.008188515901565552e-02
6.648019999999307402e+03 3.866488933563232422e-01 2.003547176718711853e-02
6.649499999999306965e+03 3.558990359306335449e-01 1.966885104775428772e-02
6.650979999999306528e+03 3.620970547199249268e-01 1.971118897199630737e-02
6.652459999999306092e+03 3.874741196632385254e-01 1.999261416494846344e-02
6.653939999999305655e+03 3.757041394710540771e-01 1.987815462052822113e-02
6.655419999999305219e+03 3.820904791355133057e-01 1.992703601717948914e-02
6.656899999999304782e+03 4.168036282062530518e-01 2.035962231457233429e-02
6.658379999999304346e+03 4.095727801322937012e-01 2.030756883323192596e-02
6.659859999999303909e+03 3.966847658157348633e-01 2.007597684860229492e-02
6.661339999999303473e+03 4.296987950801849365e-01 2.046153321862220764e-02
6.662819999999303036e+03 4.028726816177368164e-01 2.008397504687309265e-02
6.664299999999302599e+03 4.004216492176055908e-01 1.998966373503208160e-02
6.665779999999302163e+03 4.106251001358032227e-01 2.027533203363418579e-02
6.667259999999301726e+03 3.901566565036773682e-01 1.995149254798889160e-02
6.668739999999301290e+03 4.125781655311584473e-01 2.034413442015647888e-02
6.670219999999300853e+03 4.152961671352386475e-01 2.021637558937072754e-02
6.671699999999300417e+03 4.015878438949584961e-01 2.013627067208290100e-02
6.673179999999299980e+03 4.082046449184417725e-01 2.024365402758121490e-02
6.674659999999299544e+03 4.043225646018981934e-01 2.016870677471160889e-02
6.676139999999299107e+03 3.920388221740722656e-01 1.985904946923255920e-02
6.677619999999298670e+03 4.032076001167297363e-01 1.988933794200420380e-02
6.679099999999298234e+03 4.267002940177917480e-01 2.030072920024394989e-02
6.680579999999297797e+03 4.353424906730651855e-01 2.043741196393966675e-02
6.682059999999297361e+03 4.186402857303619385e-01 2.025575749576091766e-02
6.683539999999296924e+03 4.005236625671386719e-01 2.013314515352249146e-02
6.685019999999296488e+03 3.929565846920013428e-01 1.998579502105712891e-02
6.686499999999296051e+03 4.112897217273712158e-01 2.019010484218597412e-02
6.687979999999295615e+03 4.345103800296783447e-01 2.041303925216197968e-02
6.689459999999295178e+03 4.130139946937561035e-01 2.018971554934978485e-02
6.690939999999294741e+03 4.198637008666992188e-01 2.036915346980094910e-02
6.692419999999294305e+03 4.127622544765472412e-01 2.025368064641952515e-02
6.693899999999293868e+03 4.107966721057891846e-01 2.013427391648292542e-02
6.695379999999293432e+03 4.233691692352294922e-01 2.016102150082588196e-02
6.696859999999292995e+03 4.116309881210327148e-01 2.011484093964099884e-02
6.698339999999292559e+03 4.216006696224212646e-01 2.023061551153659821e-02
6.699819999999292122e+03 4.418188631534576416e-01 2.045862376689910889e-02
6.701299999999291686e+03 4.723112583160400391e-01 2.095419168472290039e-02
6.702779999999291249e+03 6.119819879531860352e-01 2.233731932938098907e-02
6.704259999999290812e+03 6.326450705528259277e-01 2.257637679576873779e-02
6.705739999999290376e+03 4.872451424598693848e-01 2.096136659383773804e-02
6.707219999999289939e+03 3.694322705268859863e-01 1.965009421110153198e-02
6.708699999999289503e+03 3.784551024436950684e-01 1.977681368589401245e-02
6.710179999999289066e+03 4.001934826374053955e-01 1.993559487164020538e-02
6.711659999999288630e+03 4.113880693912506104e-01 1.995400711894035339e-02
6.713139999999288193e+03 4.145804047584533691e-01 1.998497918248176575e-02
6.714619999999287757e+03 4.534991383552551270e-01 2.049757912755012512e-02
6.716099999999287320e+03 8.711055517196655273e-01 2.495491690933704376e-02
6.717579999999286883e+03 1.671513795852661133e+00 3.180903941392898560e-02
6.719059999999286447e+03 1.884131550788879395e+00 3.338083252310752869e-02
6.720539999999286010e+03 1.134514212608337402e+00 2.746149897575378418e-02
6.722019999999285574e+03 4.941073954105377197e-01 2.095288783311843872e-02
6.723499999999285137e+03 4.190261065959930420e-01 2.010714821517467499e-02
6.724979999999284701e+03 3.562786579132080078e-01 1.936437189579010010e-02
6.726459999999284264e+03 3.773339986801147461e-01 1.956718415021896362e-02
6.727939999999283827e+03 4.000844359397888184e-01 1.986359618604183197e-02
6.729419999999283391e+03 4.014271497726440430e-01 1.993383094668388367e-02
6.730899999999282954e+03 3.987440466880798340e-01 1.987163536250591278e-02
6.732379999999282518e+03 4.117182195186614990e-01 1.995863020420074463e-02
6.733859999999282081e+03 4.250731766223907471e-01 2.014837600290775299e-02
6.735339999999281645e+03 4.089760780334472656e-01 1.994706690311431885e-02
6.736819999999281208e+03 5.272468924522399902e-01 2.131926640868186951e-02
6.738299999999280772e+03 9.196858406066894531e-01 2.557640336453914642e-02
6.739779999999280335e+03 1.101221442222595215e+00 2.717696875333786011e-02
6.741259999999279898e+03 8.681857585906982422e-01 2.487245015799999237e-02
6.742739999999279462e+03 5.027818083763122559e-01 2.102421596646308899e-02
6.744219999999279025e+03 3.939847648143768311e-01 1.971889100968837738e-02
6.745699999999278589e+03 3.900202214717864990e-01 1.971027255058288574e-02
6.747179999999278152e+03 4.272372424602508545e-01 2.010515145957469940e-02
6.748659999999277716e+03 3.952424824237823486e-01 1.970554329454898834e-02
6.750139999999277279e+03 3.808052539825439453e-01 1.951041072607040405e-02
6.751619999999276843e+03 4.191094934940338135e-01 1.998859085142612457e-02
6.753099999999276406e+03 4.145758152008056641e-01 1.996371708810329437e-02
6.754579999999275969e+03 3.931472599506378174e-01 1.975822634994983673e-02
6.756059999999275533e+03 4.066495299339294434e-01 1.982245966792106628e-02
6.757539999999275096e+03 3.963371217250823975e-01 1.973602548241615295e-02
6.759019999999274660e+03 4.185135960578918457e-01 1.994930766522884369e-02
6.760499999999274223e+03 3.802033066749572754e-01 1.952768303453922272e-02
6.761979999999273787e+03 4.119459390640258789e-01 1.988586410880088806e-02
6.763459999999273350e+03 4.180834591388702393e-01 1.993530802428722382e-02
6.764939999999272914e+03 4.075244963169097900e-01 1.973334513604640961e-02
6.766419999999272477e+03 4.196135103702545166e-01 1.994216814637184143e-02
6.767899999999272040e+03 4.237352013587951660e-01 2.000504359602928162e-02
6.769379999999271604e+03 4.062910676002502441e-01 1.974964514374732971e-02
6.770859999999271167e+03 4.043582975864410400e-01 1.971876062452793121e-02
6.772339999999270731e+03 4.244399666786193848e-01 1.995247229933738708e-02
6.773819999999270294e+03 4.455031752586364746e-01 2.021367475390434265e-02
6.775299999999269858e+03 4.258381724357604980e-01 1.997529715299606323e-02
6.776779999999269421e+03 4.010764360427856445e-01 1.965693198144435883e-02
6.778259999999268985e+03 4.051385521888732910e-01 1.975638419389724731e-02
6.779739999999268548e+03 4.033974409103393555e-01 1.979503594338893890e-02
6.781219999999268111e+03 4.140054583549499512e-01 1.988850720226764679e-02
6.782699999999267675e+03 3.990679383277893066e-01 1.965128630399703979e-02
6.784179999999267238e+03 4.004018902778625488e-01 1.966764219105243683e-02
6.785659999999266802e+03 4.202004671096801758e-01 1.987951248884201050e-02
6.787139999999266365e+03 4.135126471519470215e-01 1.983303762972354889e-02
6.788619999999265929e+03 3.911258876323699951e-01 1.955247111618518829e-02
6.790099999999265492e+03 3.807186186313629150e-01 1.940246298909187317e-02
6.791579999999265056e+03 3.933039605617523193e-01 1.958775706589221954e-02
6.793059999999264619e+03 3.969879150390625000e-01 1.962343230843544006e-02
6.794539999999264182e+03 3.945759832859039307e-01 1.954119466245174408e-02
6.796019999999263746e+03 4.132831692695617676e-01 1.979969441890716553e-02
6.797499999999263309e+03 4.090458750724792480e-01 1.977606117725372314e-02
6.798979999999262873e+03 3.884020745754241943e-01 1.956876926124095917e-02
6.800459999999262436e+03 4.077591300010681152e-01 1.979263871908187866e-02
6.801939999999262000e+03 4.158220887184143066e-01 1.983989588916301727e-02
6.803419999999261563e+03 4.097303748130798340e-01 1.969168335199356079e-02
6.804899999999261127e+03 4.008324444293975830e-01 1.956970617175102234e-02
6.806379999999260690e+03 4.005860686302185059e-01 1.959184184670448303e-02
6.807859999999260253e+03 4.147636890411376953e-01 1.977044343948364258e-02
6.809339999999259817e+03 3.977919220924377441e-01 1.952180638909339905e-02
6.810819999999259380e+03 4.068873524665832520e-01 1.969381608068943024e-02
6.812299999999258944e+03 4.214538931846618652e-01 1.992731727659702301e-02
6.813779999999258507e+03 3.976908624172210693e-01 1.960084028542041779e-02
6.815259999999258071e+03 3.998469710350036621e-01 1.968112960457801819e-02
6.816739999999257634e+03 3.938996791839599609e-01 1.949700526893138885e-02
6.818219999999257197e+03 4.073359668254852295e-01 1.962764002382755280e-02
6.819699999999256761e+03 3.832758069038391113e-01 1.930158771574497223e-02
6.821179999999256324e+03 3.852791786193847656e-01 1.942825131118297577e-02
6.822659999999255888e+03 4.372070431709289551e-01 2.003059908747673035e-02
6.824139999999255451e+03 4.040773212909698486e-01 1.977737061679363251e-02
6.825619999999255015e+03 4.160538613796234131e-01 2.019956894218921661e-02
6.827099999999254578e+03 4.191268682479858398e-01 2.090106904506683350e-02
6.828579999999254142e+03 4.094169139862060547e-01 2.083735354244709015e-02
6.830059999999253705e+03 4.079464375972747803e-01 2.026677131652832031e-02
6.831539999999253268e+03 4.154845476150512695e-01 2.050974592566490173e-02
6.833019999999252832e+03 4.250113666057586670e-01 2.095365710556507111e-02
6.834499999999252395e+03 4.011182188987731934e-01 2.025630511343479156e-02
6.835979999999251959e+03 3.880211710929870605e-01 1.946359686553478241e-02
6.837459999999251522e+03 3.959539532661437988e-01 1.947811618447303772e-02
6.838939999999251086e+03 3.933642804622650146e-01 1.950657740235328674e-02
6.840419999999250649e+03 4.248998761177062988e-01 1.990426890552043915e-02
6.841899999999250213e+03 4.345579147338867188e-01 2.002863213419914246e-02
6.843379999999249776e+03 4.047633707523345947e-01 1.955408602952957153e-02
6.844859999999249339e+03 4.048319458961486816e-01 1.966434530913829803e-02
6.846339999999248903e+03 3.876213133335113525e-01 1.922906562685966492e-02
6.847819999999248466e+03 3.758378922939300537e-01 1.912866160273551941e-02
6.849299999999248030e+03 4.026374220848083496e-01 1.952142640948295593e-02
6.850779999999247593e+03 4.202818572521209717e-01 1.983259990811347961e-02
6.852259999999247157e+03 4.123429656028747559e-01 1.965392380952835083e-02
6.853739999999246720e+03 4.006088376045227051e-01 1.938651502132415771e-02
6.855219999999246284e+03 4.120314717292785645e-01 1.947334967553615570e-02
6.856699999999245847e+03 4.212017357349395752e-01 1.959829404950141907e-02
6.858179999999245410e+03 4.148852825164794922e-01 1.956187933683395386e-02
6.859659999999244974e+03 3.851291537284851074e-01 1.955327764153480530e-02
6.861139999999244537e+03 3.968215286731719971e-01 2.072464302182197571e-02
6.862619999999244101e+03 4.197485148906707764e-01 2.167834341526031494e-02
6.864099999999243664e+03 4.162569642066955566e-01 2.095504105091094971e-02
6.865579999999243228e+03 3.640411496162414551e-01 1.837691850960254669e-02
6.867059999999242791e+03 2.570888102054595947e-01 1.606217958033084869e-02
6.868539999999242355e+03 2.575669288635253906e-01 1.604001410305500031e-02
6.870019999999241918e+03 2.905531525611877441e-01 1.674196682870388031e-02
6.871499999999241481e+03 3.152620196342468262e-01 1.711883395910263062e-02
6.872979999999241045e+03 3.871140182018280029e-01 1.807902567088603973e-02
6.874459999999240608e+03 5.109394192695617676e-01 1.982274465262889862e-02
6.875939999999240172e+03 5.713180899620056152e-01 2.062243595719337463e-02
6.877419999999239735e+03 4.728896021842956543e-01 1.977426931262016296e-02
6.878899999999239299e+03 3.881193399429321289e-01 1.902219466865062714e-02
6.880379999999238862e+03 3.755656778812408447e-01 1.904483139514923096e-02
6.881859999999238426e+03 3.988798856735229492e-01 1.920295879244804382e-02
6.883339999999237989e+03 3.958273530006408691e-01 1.891337707638740540e-02
6.884819999999237552e+03 3.617138862609863281e-01 1.836441271007061005e-02
6.886299999999237116e+03 3.557467758655548096e-01 1.837483234703540802e-02
6.887779999999236679e+03 4.338129460811614990e-01 1.957137696444988251e-02
6.889259999999236243e+03 5.901118516921997070e-01 2.125788852572441101e-02
6.890739999999235806e+03 6.010233759880065918e-01 2.120879478752613068e-02
6.892219999999235370e+03 4.569253623485565186e-01 1.944302394986152649e-02
6.893699999999234933e+03 3.763064742088317871e-01 1.847278326749801636e-02
6.895179999999234496e+03 3.561276793479919434e-01 1.817916706204414368e-02
6.896659999999234060e+03 3.406038582324981689e-01 1.813093200325965881e-02
6.898139999999233623e+03 3.660260438919067383e-01 1.879768632352352142e-02
6.899619999999233187e+03 3.718914687633514404e-01 1.899744942784309387e-02
6.901099999999232750e+03 3.842324912548065186e-01 1.902393996715545654e-02
6.902579999999232314e+03 3.751210570335388184e-01 1.859410107135772705e-02
6.904059999999231877e+03 3.353266417980194092e-01 1.808422245085239410e-02
6.905539999999231441e+03 3.644818663597106934e-01 1.857937127351760864e-02
6.907019999999231004e+03 3.663008511066436768e-01 1.854736544191837311e-02
6.908499999999230567e+03 3.596411347389221191e-01 1.854132860898971558e-02
6.909979999999230131e+03 3.750625252723693848e-01 1.916622743010520935e-02
6.911459999999229694e+03 4.029420912265777588e-01 1.969652064144611359e-02
6.912939999999229258e+03 3.676238059997558594e-01 1.895005628466606140e-02
6.914419999999228821e+03 3.585940301418304443e-01 1.854017190635204315e-02
6.915899999999228385e+03 3.943899273872375488e-01 1.892190985381603241e-02
6.917379999999227948e+03 3.868180811405181885e-01 1.879600435495376587e-02
6.918859999999227512e+03 3.763110041618347168e-01 1.894797012209892273e-02
6.920339999999227075e+03 3.780573904514312744e-01 1.970361359417438507e-02
6.921819999999226638e+03 3.783667683601379395e-01 2.010905742645263672e-02
6.923299999999226202e+03 3.817791938781738281e-01 1.974400319159030914e-02
6.924779999999225765e+03 3.740777373313903809e-01 1.901234500110149384e-02
6.926259999999225329e+03 3.951435983180999756e-01 1.911154016852378845e-02
6.927739999999224892e+03 3.769752383232116699e-01 1.880201511085033417e-02
6.929219999999224456e+03 3.910348713397979736e-01 1.893447898328304291e-02
6.930699999999224019e+03 4.074055254459381104e-01 1.914912834763526917e-02
6.932179999999223583e+03 3.808417320251464844e-01 1.884099282324314117e-02
6.933659999999223146e+03 3.910736441612243652e-01 1.900720037519931793e-02
6.935139999999222709e+03 3.746316432952880859e-01 1.881311088800430298e-02
6.936619999999222273e+03 3.859494924545288086e-01 1.925021596252918243e-02
6.938099999999221836e+03 4.091362953186035156e-01 1.983215846121311188e-02
6.939579999999221400e+03 3.847367167472839355e-01 1.933747157454490662e-02
6.941059999999220963e+03 3.998346924781799316e-01 1.919806189835071564e-02
6.942539999999220527e+03 4.167977869510650635e-01 1.924079842865467072e-02
6.944019999999220090e+03 3.841501176357269287e-01 1.882856152951717377e-02
6.945499999999219654e+03 3.632547557353973389e-01 1.904862187802791595e-02
6.946979999999219217e+03 3.664881587028503418e-01 1.993483304977416992e-02
6.948459999999218780e+03 4.039574265480041504e-01 2.033802866935729980e-02
6.949939999999218344e+03 4.224601089954376221e-01 1.994163542985916138e-02
6.951419999999217907e+03 4.019991159439086914e-01 1.927273534238338470e-02
6.952899999999217471e+03 3.960218727588653564e-01 1.898964680731296539e-02
6.954379999999217034e+03 3.647701442241668701e-01 1.860777661204338074e-02
6.955859999999216598e+03 3.828262686729431152e-01 1.890918239951133728e-02
6.957339999999216161e+03 3.787062466144561768e-01 1.881402358412742615e-02
6.958819999999215725e+03 3.924147486686706543e-01 1.897137798368930817e-02
6.960299999999215288e+03 3.962181806564331055e-01 1.903907023370265961e-02
6.961779999999214851e+03 4.035285413265228271e-01 1.914923079311847687e-02
6.963259999999214415e+03 3.857849538326263428e-01 1.899493113160133362e-02
6.964739999999213978e+03 3.854099512100219727e-01 1.903129182755947113e-02
6.966219999999213542e+03 3.851198256015777588e-01 1.905740797519683838e-02
6.967699999999213105e+03 3.763128221035003662e-01 1.907938532531261444e-02
6.969179999999212669e+03 3.871452212333679199e-01 1.928740926086902618e-02
6.970659999999212232e+03 3.838486671447753906e-01 1.905430480837821960e-02
6.972139999999211796e+03 3.802617788314819336e-01 1.884033344686031342e-02
6.973619999999211359e+03 3.809632062911987305e-01 1.880675926804542542e-02
6.975099999999210922e+03 3.701477944850921631e-01 1.884858123958110809e-02
6.976579999999210486e+03 3.989433646202087402e-01 1.966306939721107483e-02
6.978059999999210049e+03 4.147752523422241211e-01 1.983829028904438019e-02
6.979539999999209613e+03 4.119064211845397949e-01 1.939710415899753571e-02
6.981019999999209176e+03 4.065353870391845703e-01 1.916782744228839874e-02
6.982499999999208740e+03 4.128291308879852295e-01 1.915825903415679932e-02
6.983979999999208303e+03 4.122592508792877197e-01 1.929212547838687897e-02
6.985459999999207866e+03 4.352592825889587402e-01 1.948308944702148438e-02
6.986939999999207430e+03 3.914195299148559570e-01 1.884411089122295380e-02
6.988419999999206993e+03 3.906360566616058350e-01 1.891017518937587738e-02
6.989899999999206557e+03 4.157628417015075684e-01 1.925356499850749969e-02
6.991379999999206120e+03 4.255935549736022949e-01 1.930325664579868317e-02
6.992859999999205684e+03 3.905823230743408203e-01 1.887283101677894592e-02
6.994339999999205247e+03 3.698169589042663574e-01 1.865122653543949127e-02
6.995819999999204811e+03 3.827913105487823486e-01 1.877695135772228241e-02
6.997299999999204374e+03 3.981671929359436035e-01 1.886221207678318024e-02
6.998779999999203937e+03 3.966987133026123047e-01 1.885546557605266571e-02
7.000259999999203501e+03 3.702048063278198242e-01 1.864285953342914581e-02
7.001739999999203064e+03 3.731040954589843750e-01 1.871191337704658508e-02
7.003219999999202628e+03 3.981776237487792969e-01 1.900492049753665924e-02
7.004699999999202191e+03 3.942654430866241455e-01 1.886480487883090973e-02
7.006179999999201755e+03 3.778469562530517578e-01 1.852847076952457428e-02
7.007659999999201318e+03 3.796809017658233643e-01 1.876019686460494995e-02
7.009139999999200882e+03 3.995421528816223145e-01 1.924245990812778473e-02
7.010619999999200445e+03 4.357048571109771729e-01 1.966353133320808411e-02
7.012099999999200008e+03 4.114561378955841064e-01 1.919914223253726959e-02
7.013579999999199572e+03 3.878217339515686035e-01 1.871511898934841156e-02
7.015059999999199135e+03 3.862713277339935303e-01 1.856174692511558533e-02
7.016539999999198699e+03 3.759450912475585938e-01 1.845896989107131958e-02
7.018019999999198262e+03 3.788371682167053223e-01 1.871012337505817413e-02
7.019499999999197826e+03 3.720989823341369629e-01 1.858582533895969391e-02
7.020979999999197389e+03 3.778182566165924072e-01 1.850612647831439972e-02
7.022459999999196953e+03 3.786486387252807617e-01 1.847778074443340302e-02
7.023939999999196516e+03 3.733160197734832764e-01 1.841406710445880890e-02
7.025419999999196079e+03 3.845714032649993896e-01 1.862704940140247345e-02
7.026899999999195643e+03 3.613396584987640381e-01 1.840060576796531677e-02
7.028379999999195206e+03 3.784191906452178955e-01 1.864228956401348114e-02
7.029859999999194770e+03 4.325299859046936035e-01 1.930551230907440186e-02
7.031339999999194333e+03 4.190533161163330078e-01 1.918747276067733765e-02
7.032819999999193897e+03 4.074016213417053223e-01 1.896524243056774139e-02
7.034299999999193460e+03 3.828850090503692627e-01 1.859753206372261047e-02
7.035779999999193024e+03 4.036507308483123779e-01 1.883594132959842682e-02
7.037259999999192587e+03 4.077508151531219482e-01 1.888029836118221283e-02
7.038739999999192150e+03 3.853141367435455322e-01 1.870512589812278748e-02
7.040219999999191714e+03 3.997518420219421387e-01 1.905924640595912933e-02
7.041699999999191277e+03 4.169737100601196289e-01 1.925166882574558258e-02
7.043179999999190841e+03 3.871345520019531250e-01 1.885254122316837311e-02
7.044659999999190404e+03 3.760238289833068848e-01 1.868238486349582672e-02
7.046139999999189968e+03 3.973506093025207520e-01 1.905949041247367859e-02
7.047619999999189531e+03 4.019816219806671143e-01 1.923670619726181030e-02
7.049099999999189095e+03 4.023122787475585938e-01 1.902103982865810394e-02
7.050579999999188658e+03 4.004719257354736328e-01 1.892158016562461853e-02
7.052059999999188221e+03 4.064127802848815918e-01 1.899860240519046783e-02
7.053539999999187785e+03 4.251393973827362061e-01 1.922826282680034637e-02
7.055019999999187348e+03 3.959569931030273438e-01 1.881027780473232269e-02
7.056499999999186912e+03 3.985818326473236084e-01 1.882657222449779510e-02
7.057979999999186475e+03 3.688170909881591797e-01 1.850748620927333832e-02
7.059459999999186039e+03 4.135303497314453125e-01 1.900334469974040985e-02
7.060939999999185602e+03 4.294766187667846680e-01 1.917324215173721313e-02
7.062419999999185166e+03 3.966529667377471924e-01 1.888827420771121979e-02
7.063899999999184729e+03 4.010128676891326904e-01 1.894824206829071045e-02
7.065379999999184292e+03 4.018787741661071777e-01 1.894559338688850403e-02
7.066859999999183856e+03 3.927654027938842773e-01 1.872857473790645599e-02
7.068339999999183419e+03 3.958913087844848633e-01 1.877291314303874969e-02
7.069819999999182983e+03 3.724209964275360107e-01 1.846981793642044067e-02
7.071299999999182546e+03 3.698632717132568359e-01 1.843251287937164307e-02
7.072779999999182110e+03 3.995403349399566650e-01 1.883481442928314209e-02
7.074259999999181673e+03 4.093642830848693848e-01 1.894165016710758209e-02
7.075739999999181236e+03 3.885752856731414795e-01 1.871123351156711578e-02
7.077219999999180800e+03 3.666923344135284424e-01 1.847625523805618286e-02
7.078699999999180363e+03 3.691659271717071533e-01 1.845474168658256531e-02
7.080179999999179927e+03 3.681659996509552002e-01 1.852233707904815674e-02
7.081659999999179490e+03 3.939611017704010010e-01 1.877932250499725342e-02
7.083139999999179054e+03 4.193603396415710449e-01 1.891599968075752258e-02
7.084619999999178617e+03 4.381330907344818115e-01 1.922700740396976471e-02
7.086099999999178181e+03 3.996981084346771240e-01 1.877332478761672974e-02
7.087579999999177744e+03 3.762590289115905762e-01 1.848542690277099609e-02
7.089059999999177307e+03 3.682609796524047852e-01 1.839304156601428986e-02
7.090539999999176871e+03 3.713624477386474609e-01 1.839312911033630371e-02
7.092019999999176434e+03 3.565788269042968750e-01 1.811406947672367096e-02
7.093499999999175998e+03 3.544794023036956787e-01 1.812040619552135468e-02
7.094979999999175561e+03 3.725563287734985352e-01 1.835185103118419647e-02
7.096459999999175125e+03 3.786472082138061523e-01 1.836217939853668213e-02
