4.300739999999999782e+03 -8.000000000000000000e+00 2.828427076339721680e+00
4.302219999999999345e+03 -8.000000000000000000e+00 2.828427076339721680e+00
4.303699999999998909e+03 -8.000000000000000000e+00 2.828427076339721680e+00
4.305179999999998472e+03 -8.000000000000000000e+00 2.828427076339721680e+00
4.306659999999998035e+03 -8.000000000000000000e+00 2.828427076339721680e+00
4.308139999999997599e+03 -8.000000000000000000e+00 2.828427076339721680e+00
4.309619999999997162e+03 -8.000000000000000000e+00 2.828427076339721680e+00
4.311099999999996726e+03 -8.000000000000000000e+00 2.828427076339721680e+00
4.312579999999996289e+03 -8.000000000000000000e+00 2.828427076339721680e+00
4.314059999999995853e+03 -8.000000000000000000e+00 2.828427076339721680e+00
4.315539999999995416e+03 -8.000000000000000000e+00 2.828427076339721680e+00
4.317019999999994980e+03 -8.000000000000000000e+00 2.828427076339721680e+00
4.318499999999994543e+03 -8.000000000000000000e+00 2.828427076339721680e+00
4.319979999999994106e+03 -8.000000000000000000e+00 2.828427076339721680e+00
4.321459999999993670e+03 -8.000000000000000000e+00 2.828427076339721680e+00
4.322939999999993233e+03 -8.000000000000000000e+00 2.828427076339721680e+00
4.324419999999992797e+03 -8.000000000000000000e+00 2.828427076339721680e+00
4.325899999999992360e+03 -8.000000000000000000e+00 2.828427076339721680e+00
4.327379999999991924e+03 -8.000000000000000000e+00 2.828427076339721680e+00
4.328859999999991487e+03 -8.000000000000000000e+00 2.828427076339721680e+00
4.330339999999991051e+03 -8.000000000000000000e+00 2.828427076339721680e+00
4.331819999999990614e+03 -8.000000000000000000e+00 2.828427076339721680e+00
4.333299999999990177e+03 -8.000000000000000000e+00 2.828427076339721680e+00
4.334779999999989741e+03 -8.000000000000000000e+00 2.828427076339721680e+00
4.336259999999989304e+03 -8.000000000000000000e+00 2.828427076339721680e+00
4.337739999999988868e+03 -8.000000000000000000e+00 2.828427076339721680e+00
4.339219999999988431e+03 -8.000000000000000000e+00 2.828427076339721680e+00
4.340699999999987995e+03 -8.000000000000000000e+00 2.828427076339721680e+00
4.342179999999987558e+03 -8.000000000000000000e+00 2.828427076339721680e+00
4.343659999999987122e+03 -8.000000000000000000e+00 2.828427076339721680e+00
4.345139999999986685e+03 -8.000000000000000000e+00 2.828427076339721680e+00
4.346619999999986248e+03 -8.000000000000000000e+00 2.828427076339721680e+00
4.348099999999985812e+03 -8.000000000000000000e+00 2.828427076339721680e+00
4.349579999999985375e+03 -8.000000000000000000e+00 2.828427076339721680e+00
4.351059999999984939e+03 -8.000000000000000000e+00 2.828427076339721680e+00
4.352539999999984502e+03 -8.000000000000000000e+00 2.828427076339721680e+00
4.354019999999984066e+03 -8.000000000000000000e+00 2.828427076339721680e+00
4.355499999999983629e+03 -8.000000000000000000e+00 2.828427076339721680e+00
4.356979999999983193e+03 -8.000000000000000000e+00 2.828427076339721680e+00
4.358459999999982756e+03 -8.000000000000000000e+00 2.828427076339721680e+00
4.359939999999982319e+03 -8.000000000000000000e+00 2.828427076339721680e+00
4.361419999999981883e+03 -8.000000000000000000e+00 2.828427076339721680e+00
4.362899999999981446e+03 -8.000000000000000000e+00 2.828427076339721680e+00
4.364379999999981010e+03 -8.000000000000000000e+00 2.828427076339721680e+00
4.365859999999980573e+03 -8.000000000000000000e+00 2.828427076339721680e+00
4.367339999999980137e+03 -8.000000000000000000e+00 2.828427076339721680e+00
4.368819999999979700e+03 -8.000000000000000000e+00 2.828427076339721680e+00
4.370299999999979264e+03 -8.000000000000000000e+00 2.828427076339721680e+00
4.371779999999978827e+03 -8.000000000000000000e+00 2.828427076339721680e+00
4.373259999999978390e+03 -8.000000000000000000e+00 2.828427076339721680e+00
4.374739999999977954e+03 -8.000000000000000000e+00 2.828427076339721680e+00
4.376219999999977517e+03 -8.000000000000000000e+00 2.828427076339721680e+00
4.377699999999977081e+03 -8.000000000000000000e+00 2.828427076339721680e+00
4.379179999999976644e+03 -8.000000000000000000e+00 2.828427076339721680e+00
4.380659999999976208e+03 -8.000000000000000000e+00 2.828427076339721680e+00
4.382139999999975771e+03 -8.000000000000000000e+00 2.828427076339721680e+00
4.383619999999975335e+03 -8.000000000000000000e+00 2.828427076339721680e+00
4.385099999999974898e+03 -8.000000000000000000e+00 2.828427076339721680e+00
4.386579999999974461e+03 -8.000000000000000000e+00 2.828427076339721680e+00
4.388059999999974025e+03 -8.000000000000000000e+00 2.828427076339721680e+00
4.389539999999973588e+03 -8.000000000000000000e+00 2.828427076339721680e+00
4.391019999999973152e+03 -8.000000000000000000e+00 2.828427076339721680e+00
4.392499999999972715e+03 -8.000000000000000000e+00 2.828427076339721680e+00
4.393979999999972279e+03 -8.000000000000000000e+00 2.828427076339721680e+00
4.395459999999971842e+03 -8.000000000000000000e+00 2.828427076339721680e+00
4.396939999999971405e+03 -8.000000000000000000e+00 2.828427076339721680e+00
4.398419999999970969e+03 -8.000000000000000000e+00 2.828427076339721680e+00
4.399899999999970532e+03 -8.000000000000000000e+00 2.828427076339721680e+00
4.401379999999970096e+03 -8.000000000000000000e+00 2.828427076339721680e+00
4.402859999999969659e+03 -8.000000000000000000e+00 2.828427076339721680e+00
4.404339999999969223e+03 -8.000000000000000000e+00 2.828427076339721680e+00
4.405819999999968786e+03 -8.000000000000000000e+00 2.828427076339721680e+00
4.407299999999968350e+03 -8.000000000000000000e+00 2.828427076339721680e+00
4.408779999999967913e+03 -8.000000000000000000e+00 2.828427076339721680e+00
4.410259999999967476e+03 -8.000000000000000000e+00 2.828427076339721680e+00
4.411739999999967040e+03 -8.000000000000000000e+00 2.828427076339721680e+00
4.413219999999966603e+03 -8.000000000000000000e+00 2.828427076339721680e+00
4.414699999999966167e+03 -8.000000000000000000e+00 2.828427076339721680e+00
4.416179999999965730e+03 -8.000000000000000000e+00 2.828427076339721680e+00
4.417659999999965294e+03 -8.000000000000000000e+00 2.828427076339721680e+00
4.419139999999964857e+03 -8.000000000000000000e+00 2.828427076339721680e+00
4.420619999999964421e+03 -8.000000000000000000e+00 2.828427076339721680e+00
4.422099999999963984e+03 -8.000000000000000000e+00 2.828427076339721680e+00
4.423579999999963547e+03 -8.000000000000000000e+00 2.828427076339721680e+00
4.425059999999963111e+03 -8.000000000000000000e+00 2.828427076339721680e+00
4.426539999999962674e+03 -8.000000000000000000e+00 2.828427076339721680e+00
4.428019999999962238e+03 -8.000000000000000000e+00 2.828427076339721680e+00
4.429499999999961801e+03 -8.000000000000000000e+00 2.828427076339721680e+00
4.430979999999961365e+03 -8.000000000000000000e+00 2.828427076339721680e+00
4.432459999999960928e+03 -8.000000000000000000e+00 2.828427076339721680e+00
4.433939999999960492e+03 -8.000000000000000000e+00 2.828427076339721680e+00
4.435419999999960055e+03 -8.000000000000000000e+00 2.828427076339721680e+00
4.436899999999959618e+03 -8.000000000000000000e+00 2.828427076339721680e+00
4.438379999999959182e+03 -8.000000000000000000e+00 2.828427076339721680e+00
4.439859999999958745e+03 -8.000000000000000000e+00 2.828427076339721680e+00
4.441339999999958309e+03 -8.000000000000000000e+00 2.828427076339721680e+00
4.442819999999957872e+03 -8.000000000000000000e+00 2.828427076339721680e+00
4.444299999999957436e+03 -8.000000000000000000e+00 2.828427076339721680e+00
4.445779999999956999e+03 -8.000000000000000000e+00 2.828427076339721680e+00
4.447259999999956563e+03 -8.000000000000000000e+00 2.828427076339721680e+00
4.448739999999956126e+03 -8.000000000000000000e+00 2.828427076339721680e+00
4.450219999999955689e+03 -8.000000000000000000e+00 2.828427076339721680e+00
4.451699999999955253e+03 1.965765506029129028e-01 1.175599638372659683e-02
4.453179999999954816e+03 1.976711750030517578e-01 1.173286978155374527e-02
4.454659999999954380e+03 1.596014201641082764e-01 1.075009815394878387e-02
4.456139999999953943e+03 1.801742613315582275e-01 1.121420040726661682e-02
4.457619999999953507e+03 1.669043600559234619e-01 1.084749586880207062e-02
4.459099999999953070e+03 1.823236942291259766e-01 1.124823652207851410e-02
4.460579999999952634e+03 1.931116133928298950e-01 1.142303459346294403e-02
4.462059999999952197e+03 1.765503138303756714e-01 1.103556249290704727e-02
4.463539999999951760e+03 1.693187952041625977e-01 1.101708505302667618e-02
4.465019999999951324e+03 1.798216253519058228e-01 1.121556665748357773e-02
4.466499999999950887e+03 1.835607588291168213e-01 1.123632304370403290e-02
4.467979999999950451e+03 1.584577560424804688e-01 1.075797528028488159e-02
4.469459999999950014e+03 1.858644336462020874e-01 1.122934557497501373e-02
4.470939999999949578e+03 1.621322035789489746e-01 1.069506723433732986e-02
4.472419999999949141e+03 1.884023100137710571e-01 1.136848144233226776e-02
4.473899999999948704e+03 1.749922037124633789e-01 1.118576154112815857e-02
4.475379999999948268e+03 1.773242950439453125e-01 1.117907278239727020e-02
4.476859999999947831e+03 1.819801330566406250e-01 1.123194303363561630e-02
4.478339999999947395e+03 1.824027746915817261e-01 1.113088056445121765e-02
4.479819999999946958e+03 1.886815279722213745e-01 1.120243873447179794e-02
4.481299999999946522e+03 1.824837923049926758e-01 1.107030548155307770e-02
4.482779999999946085e+03 1.868031173944473267e-01 1.121003460139036179e-02
4.484259999999945649e+03 1.940578818321228027e-01 1.139709632843732834e-02
4.485739999999945212e+03 1.870424151420593262e-01 1.132139284163713455e-02
4.487219999999944775e+03 1.651948094367980957e-01 1.077575702220201492e-02
4.488699999999944339e+03 1.795962750911712646e-01 1.095153670758008957e-02
4.490179999999943902e+03 1.845958679914474487e-01 1.105299592018127441e-02
4.491659999999943466e+03 1.914597302675247192e-01 1.124780531972646713e-02
4.493139999999943029e+03 1.772640943527221680e-01 1.103652734309434891e-02
4.494619999999942593e+03 1.749056279659271240e-01 1.096108555793762207e-02
4.496099999999942156e+03 1.659071892499923706e-01 1.070126332342624664e-02
4.497579999999941720e+03 1.780138760805130005e-01 1.101125217974185944e-02
4.499059999999941283e+03 1.725676059722900391e-01 1.092438958585262299e-02
4.500539999999940846e+03 1.862409710884094238e-01 1.107533369213342667e-02
4.502019999999940410e+03 1.879668384790420532e-01 1.109496317803859711e-02
4.503499999999939973e+03 1.952834129333496094e-01 1.125434786081314087e-02
4.504979999999939537e+03 1.819566190242767334e-01 1.103442814201116562e-02
4.506459999999939100e+03 1.947806030511856079e-01 1.126456446945667267e-02
4.507939999999938664e+03 1.720003336668014526e-01 1.074798218905925751e-02
4.509419999999938227e+03 1.889381110668182373e-01 1.105893310159444809e-02
4.510899999999937791e+03 1.807357966899871826e-01 1.096480712294578552e-02
4.512379999999937354e+03 1.966542452573776245e-01 1.114520616829395294e-02
4.513859999999936917e+03 1.876483261585235596e-01 1.089008059352636337e-02
4.515339999999936481e+03 1.826106309890747070e-01 1.086226943880319595e-02
4.516819999999936044e+03 1.654506325721740723e-01 1.056509930640459061e-02
4.518299999999935608e+03 1.893896311521530151e-01 1.096833217889070511e-02
4.519779999999935171e+03 1.951158195734024048e-01 1.110955700278282166e-02
4.521259999999934735e+03 1.877130568027496338e-01 1.097059156745672226e-02
4.522739999999934298e+03 1.826578974723815918e-01 1.077586878091096878e-02
4.524219999999933862e+03 1.675111502408981323e-01 1.047747395932674408e-02
4.525699999999933425e+03 1.567305028438568115e-01 1.018426567316055298e-02
4.527179999999932988e+03 1.811607033014297485e-01 1.065864507108926773e-02
4.528659999999932552e+03 1.986385136842727661e-01 1.102561969310045242e-02
4.530139999999932115e+03 1.827056854963302612e-01 1.075675897300243378e-02
4.531619999999931679e+03 1.834113895893096924e-01 1.073040720075368881e-02
4.533099999999931242e+03 1.802307665348052979e-01 1.071691047400236130e-02
4.534579999999930806e+03 1.886243969202041626e-01 1.087312679737806320e-02
4.536059999999930369e+03 2.086574286222457886e-01 1.120860222727060318e-02
4.537539999999929933e+03 2.014668434858322144e-01 1.113674975931644440e-02
4.539019999999929496e+03 1.590339243412017822e-01 1.033760048449039459e-02
4.540499999999929059e+03 1.870775073766708374e-01 1.079435367137193680e-02
4.541979999999928623e+03 1.791318953037261963e-01 1.060348376631736755e-02
4.543459999999928186e+03 1.682176738977432251e-01 1.047721132636070251e-02
4.544939999999927750e+03 1.702947765588760376e-01 1.045910455286502838e-02
4.546419999999927313e+03 1.889035850763320923e-01 1.074458565562963486e-02
4.547899999999926877e+03 1.802476793527603149e-01 1.056718174368143082e-02
4.549379999999926440e+03 1.952085494995117188e-01 1.072989311069250107e-02
4.550859999999926004e+03 1.556605100631713867e-01 9.954548440873622894e-03
4.552339999999925567e+03 1.646644175052642822e-01 1.025922037661075592e-02
4.553819999999925130e+03 2.004861533641815186e-01 1.082920189946889877e-02
4.555299999999924694e+03 2.023341953754425049e-01 1.080362033098936081e-02
4.556779999999924257e+03 1.724124103784561157e-01 1.036062184721231461e-02
4.558259999999923821e+03 1.866509020328521729e-01 1.058279816061258316e-02
4.559739999999923384e+03 1.895338594913482666e-01 1.062647346407175064e-02
4.561219999999922948e+03 1.854254007339477539e-01 1.059805974364280701e-02
4.562699999999922511e+03 2.003543972969055176e-01 1.078311819583177567e-02
4.564179999999922074e+03 1.663253456354141235e-01 9.985120035707950592e-03
4.565659999999921638e+03 1.537277102470397949e-01 9.784849360585212708e-03
4.567139999999921201e+03 1.799737662076950073e-01 4.323196411132812500e-02
4.568619999999920765e+03 1.769142001867294312e-01 1.210486236959695816e-02
4.570099999999920328e+03 1.849509328603744507e-01 1.040490530431270599e-02
4.571579999999919892e+03 1.941120475530624390e-01 1.054286956787109375e-02
4.573059999999919455e+03 1.720807403326034546e-01 1.007833424955606461e-02
4.574539999999919019e+03 1.740424335002899170e-01 1.011659670621156693e-02
4.576019999999918582e+03 1.883156150579452515e-01 1.044653262943029404e-02
4.577499999999918145e+03 1.726841032505035400e-01 1.013857964426279068e-02
4.578979999999917709e+03 1.630792319774627686e-01 9.936145506799221039e-03
4.580459999999917272e+03 1.837844550609588623e-01 1.026750262826681137e-02
4.581939999999916836e+03 1.902977079153060913e-01 1.039030868560075760e-02
4.583419999999916399e+03 1.851237714290618896e-01 1.025473885238170624e-02
4.584899999999915963e+03 1.653127074241638184e-01 9.789369069039821625e-03
4.586379999999915526e+03 1.783837378025054932e-01 1.014212798327207565e-02
4.587859999999915090e+03 1.818777173757553101e-01 1.019006781280040741e-02
4.589339999999914653e+03 1.895281374454498291e-01 1.035608630627393723e-02
4.590819999999914216e+03 1.924502998590469360e-01 1.032142061740159988e-02
4.592299999999913780e+03 2.085142880678176880e-01 1.055823918431997299e-02
4.593779999999913343e+03 1.830320358276367188e-01 1.010155677795410156e-02
4.595259999999912907e+03 1.875619739294052124e-01 1.015016436576843262e-02
4.596739999999912470e+03 1.891456097364425659e-01 1.017809286713600159e-02
4.598219999999912034e+03 1.689251959323883057e-01 9.767665527760982513e-03
4.599699999999911597e+03 1.643468290567398071e-01 9.745550341904163361e-03
4.601179999999911161e+03 1.801870614290237427e-01 9.986556135118007660e-03
4.602659999999910724e+03 1.864634752273559570e-01 1.008335407823324203e-02
4.604139999999910287e+03 1.930800676345825195e-01 1.025156769901514053e-02
4.605619999999909851e+03 1.651614755392074585e-01 9.707517921924591064e-03
4.607099999999909414e+03 1.927160918712615967e-01 1.018442679196596146e-02
4.608579999999908978e+03 1.494749486446380615e-01 9.464136324822902679e-03
4.610059999999908541e+03 1.660037785768508911e-01 9.734543971717357635e-03
4.611539999999908105e+03 1.648945957422256470e-01 9.665326215326786041e-03
4.613019999999907668e+03 1.851271092891693115e-01 1.002206560224294662e-02
4.614499999999907232e+03 1.826077401638031006e-01 9.944022633135318756e-03
4.615979999999906795e+03 1.665393412113189697e-01 9.694410488009452820e-03
4.617459999999906358e+03 1.720122992992401123e-01 9.754267521202564240e-03
4.618939999999905922e+03 1.435458809137344360e-01 9.187710471451282501e-03
4.620419999999905485e+03 1.543441563844680786e-01 9.452965110540390015e-03
4.621899999999905049e+03 1.630779951810836792e-01 9.572202339768409729e-03
4.623379999999904612e+03 1.689473837614059448e-01 9.629767388105392456e-03
4.624859999999904176e+03 1.669266521930694580e-01 9.632654488086700439e-03
4.626339999999903739e+03 1.845189332962036133e-01 9.930423460900783539e-03
4.627819999999903303e+03 1.705240607261657715e-01 9.638891555368900299e-03
4.629299999999902866e+03 1.777205318212509155e-01 9.743681177496910095e-03
4.630779999999902429e+03 1.750106215476989746e-01 9.700812399387359619e-03
4.632259999999901993e+03 1.706551611423492432e-01 9.584770537912845612e-03
4.633739999999901556e+03 1.508904993534088135e-01 9.215075522661209106e-03
4.635219999999901120e+03 1.600565761327743530e-01 9.358678013086318970e-03
4.636699999999900683e+03 1.670033633708953857e-01 9.383209049701690674e-03
4.638179999999900247e+03 1.529211401939392090e-01 9.124000556766986847e-03
4.639659999999899810e+03 1.585874557495117188e-01 9.237607009708881378e-03
4.641139999999899374e+03 1.604644358158111572e-01 9.325486607849597931e-03
4.642619999999898937e+03 1.732229888439178467e-01 9.505489841103553772e-03
4.644099999999898500e+03 1.826673448085784912e-01 9.648802690207958221e-03
4.645579999999898064e+03 1.584880053997039795e-01 9.195450693368911743e-03
4.647059999999897627e+03 1.714796125888824463e-01 9.356914088129997253e-03
4.648539999999897191e+03 1.810573935508728027e-01 9.500569663941860199e-03
4.650019999999896754e+03 1.574079394340515137e-01 9.108235128223896027e-03
4.651499999999896318e+03 1.618610769510269165e-01 9.249940514564514160e-03
4.652979999999895881e+03 1.652227789163589478e-01 9.316550567746162415e-03
4.654459999999895444e+03 1.694764494895935059e-01 9.330620989203453064e-03
4.655939999999895008e+03 1.643911451101303101e-01 9.250135160982608795e-03
4.657419999999894571e+03 1.782418638467788696e-01 9.568411856889724731e-03
4.658899999999894135e+03 1.874204427003860474e-01 9.760345332324504852e-03
4.660379999999893698e+03 1.588193774223327637e-01 9.209869429469108582e-03
4.661859999999893262e+03 1.767568439245223999e-01 9.517152793705463409e-03
4.663339999999892825e+03 1.845636814832687378e-01 9.578452445566654205e-03
4.664819999999892389e+03 1.535105109214782715e-01 8.978930301964282990e-03
4.666299999999891952e+03 1.797252893447875977e-01 9.418882429599761963e-03
4.667779999999891515e+03 1.750824898481369019e-01 9.240003302693367004e-03
4.669259999999891079e+03 1.730797737836837769e-01 9.257280267775058746e-03
4.670739999999890642e+03 1.479774713516235352e-01 8.856111206114292145e-03
4.672219999999890206e+03 1.728727370500564575e-01 9.269572794437408447e-03
4.673699999999889769e+03 1.593818962574005127e-01 9.084309451282024384e-03
4.675179999999889333e+03 1.723806262016296387e-01 9.255231358110904694e-03
4.676659999999888896e+03 1.690307855606079102e-01 9.186920709908008575e-03
4.678139999999888460e+03 1.641787588596343994e-01 9.064122103154659271e-03
4.679619999999888023e+03 1.662780642509460449e-01 9.115800261497497559e-03
4.681099999999887586e+03 1.535152494907379150e-01 8.774362504482269287e-03
4.682579999999887150e+03 1.808580458164215088e-01 9.357067756354808807e-03
4.684059999999886713e+03 1.718829870223999023e-01 9.289603680372238159e-03
4.685539999999886277e+03 1.704600602388381958e-01 9.195808321237564087e-03
4.687019999999885840e+03 1.747402548789978027e-01 9.215521626174449921e-03
4.688499999999885404e+03 1.791116297245025635e-01 9.281736798584461212e-03
4.689979999999884967e+03 1.711456775665283203e-01 9.148498065769672394e-03
4.691459999999884531e+03 1.592491269111633301e-01 8.859664201736450195e-03
4.692939999999884094e+03 1.646315008401870728e-01 8.982300758361816406e-03
4.694419999999883657e+03 1.852161735296249390e-01 9.396418929100036621e-03
4.695899999999883221e+03 1.786690354347229004e-01 9.261732921004295349e-03
4.697379999999882784e+03 1.741242855787277222e-01 9.054612368345260620e-03
4.698859999999882348e+03 1.731207668781280518e-01 9.030153974890708923e-03
4.700339999999881911e+03 1.683759093284606934e-01 8.963446132838726044e-03
4.701819999999881475e+03 1.583119034767150879e-01 8.713694289326667786e-03
4.703299999999881038e+03 1.662339866161346436e-01 8.813796564936637878e-03
4.704779999999880602e+03 1.669564843177795410e-01 1.349444780498743057e-02
4.706259999999880165e+03 1.692758649587631226e-01 2.406514622271060944e-02
4.707739999999879728e+03 1.752322316169738770e-01 2.791046723723411560e-02
4.709219999999879292e+03 1.732630580663681030e-01 2.058984152972698212e-02
4.710699999999878855e+03 1.675062030553817749e-01 2.331124059855937958e-02
4.712179999999878419e+03 1.661414206027984619e-01 1.648548990488052368e-02
4.713659999999877982e+03 1.642023324966430664e-01 8.830456994473934174e-03
4.715139999999877546e+03 1.688549816608428955e-01 8.896013721823692322e-03
4.716619999999877109e+03 1.672807037830352783e-01 8.940557949244976044e-03
4.718099999999876673e+03 1.794157475233078003e-01 9.208548814058303833e-03
4.719579999999876236e+03 1.730485856533050537e-01 9.051207453012466431e-03
4.721059999999875799e+03 1.725129336118698120e-01 8.970363996922969818e-03
4.722539999999875363e+03 1.703119426965713501e-01 8.980124257504940033e-03
4.724019999999874926e+03 1.653638929128646851e-01 8.915842510759830475e-03
4.725499999999874490e+03 1.673092097043991089e-01 8.912546560168266296e-03
4.726979999999874053e+03 1.529329568147659302e-01 8.584655821323394775e-03
4.728459999999873617e+03 1.539929360151290894e-01 8.542031049728393555e-03
4.729939999999873180e+03 1.523396819829940796e-01 8.534727618098258972e-03
4.731419999999872744e+03 1.754900217056274414e-01 8.929305709898471832e-03
4.732899999999872307e+03 1.663230061531066895e-01 8.767006918787956238e-03
4.734379999999871870e+03 1.522120535373687744e-01 8.505721576511859894e-03
4.735859999999871434e+03 1.671614795923233032e-01 8.784871548414230347e-03
4.737339999999870997e+03 1.476617157459259033e-01 8.464668877422809601e-03
4.738819999999870561e+03 1.582226157188415527e-01 8.627247996628284454e-03
4.740299999999870124e+03 1.656005531549453735e-01 8.770923130214214325e-03
4.741779999999869688e+03 1.640945076942443848e-01 8.752917870879173279e-03
4.743259999999869251e+03 1.791287362575531006e-01 9.043985977768898010e-03
4.744739999999868814e+03 1.635445952415466309e-01 8.713871240615844727e-03
4.746219999999868378e+03 1.845673173666000366e-01 9.027293883264064789e-03
4.747699999999867941e+03 1.837642043828964233e-01 9.058017283678054810e-03
4.749179999999867505e+03 1.679537594318389893e-01 8.799428120255470276e-03
4.750659999999867068e+03 1.832805871963500977e-01 8.995520882308483124e-03
4.752139999999866632e+03 1.563282012939453125e-01 8.557784371078014374e-03
4.753619999999866195e+03 1.507098972797393799e-01 8.425123058259487152e-03
4.755099999999865759e+03 1.487900614738464355e-01 8.370378986001014709e-03
4.756579999999865322e+03 1.471706330776214600e-01 8.301897905766963959e-03
4.758059999999864885e+03 1.485402584075927734e-01 8.351511321961879730e-03
4.759539999999864449e+03 1.538998633623123169e-01 8.493173867464065552e-03
4.761019999999864012e+03 1.510421186685562134e-01 8.390324190258979797e-03
4.762499999999863576e+03 1.676119118928909302e-01 8.589734323322772980e-03
4.763979999999863139e+03 1.584453433752059937e-01 8.456552401185035706e-03
4.765459999999862703e+03 1.602105945348739624e-01 8.528575301170349121e-03
4.766939999999862266e+03 1.479295492172241211e-01 8.289791643619537354e-03
4.768419999999861830e+03 1.604952961206436157e-01 8.551124483346939087e-03
4.769899999999861393e+03 1.699300110340118408e-01 8.696123026311397552e-03
4.771379999999860956e+03 1.517139971256256104e-01 8.385922759771347046e-03
4.772859999999860520e+03 1.537785083055496216e-01 8.428265340626239777e-03
4.774339999999860083e+03 1.604785919189453125e-01 8.563661947846412659e-03
4.775819999999859647e+03 1.660626083612442017e-01 8.611441589891910553e-03
4.777299999999859210e+03 1.476014256477355957e-01 8.346840739250183105e-03
4.778779999999858774e+03 1.569918394088745117e-01 8.499472402036190033e-03
4.780259999999858337e+03 1.510890275239944458e-01 8.333134464919567108e-03
4.781739999999857901e+03 1.624742597341537476e-01 8.532984182238578796e-03
4.783219999999857464e+03 1.714098006486892700e-01 8.727360516786575317e-03
4.784699999999857027e+03 1.426084786653518677e-01 8.209730498492717743e-03
4.786179999999856591e+03 1.499608904123306274e-01 8.296695537865161896e-03
4.787659999999856154e+03 1.565497368574142456e-01 8.355922996997833252e-03
4.789139999999855718e+03 1.737719178199768066e-01 8.692552335560321808e-03
4.790619999999855281e+03 1.637779027223587036e-01 8.532862178981304169e-03
4.792099999999854845e+03 1.512053906917572021e-01 8.360918611288070679e-03
4.793579999999854408e+03 1.598780900239944458e-01 8.506019599735736847e-03
4.795059999999853972e+03 1.447904556989669800e-01 8.246445097029209137e-03
4.796539999999853535e+03 1.373142302036285400e-01 8.125009015202522278e-03
4.798019999999853098e+03 1.487470567226409912e-01 8.297984488308429718e-03
4.799499999999852662e+03 1.659927219152450562e-01 8.506878279149532318e-03
4.800979999999852225e+03 1.326685696840286255e-01 7.905915379524230957e-03
4.802459999999851789e+03 1.534493863582611084e-01 8.362752385437488556e-03
4.803939999999851352e+03 1.529289782047271729e-01 8.351098746061325073e-03
4.805419999999850916e+03 1.540757268667221069e-01 8.331668563187122345e-03
4.806899999999850479e+03 1.769595295190811157e-01 8.640227839350700378e-03
4.808379999999850043e+03 1.716604828834533691e-01 8.525052107870578766e-03
4.809859999999849606e+03 1.538478881120681763e-01 8.336433209478855133e-03
4.811339999999849169e+03 1.484813094139099121e-01 8.265086449682712555e-03
4.812819999999848733e+03 1.574862003326416016e-01 8.402353152632713318e-03
4.814299999999848296e+03 1.614514589309692383e-01 8.461423218250274658e-03
4.815779999999847860e+03 1.662708669900894165e-01 8.604578673839569092e-03
4.817259999999847423e+03 1.584174484014511108e-01 8.501086384057998657e-03
4.818739999999846987e+03 1.481044590473175049e-01 8.359393104910850525e-03
4.820219999999846550e+03 1.457391679286956787e-01 8.273801766335964203e-03
4.821699999999846113e+03 1.462697684764862061e-01 8.240076713263988495e-03
4.823179999999845677e+03 1.524763554334640503e-01 8.284707553684711456e-03
4.824659999999845240e+03 1.552184075117111206e-01 8.391964249312877655e-03
4.826139999999844804e+03 1.558007895946502686e-01 8.361360058188438416e-03
4.827619999999844367e+03 1.626691669225692749e-01 8.460003882646560669e-03
4.829099999999843931e+03 1.404402852058410645e-01 8.073467761278152466e-03
4.830579999999843494e+03 1.594964712858200073e-01 8.407162502408027649e-03
4.832059999999843058e+03 1.604751646518707275e-01 8.455486036837100983e-03
4.833539999999842621e+03 1.573159098625183105e-01 8.400753140449523926e-03
4.835019999999842184e+03 1.517210751771926880e-01 8.298675529658794403e-03
4.836499999999841748e+03 1.611012071371078491e-01 8.477807044982910156e-03
4.837979999999841311e+03 1.633531600236892700e-01 8.461643010377883911e-03
4.839459999999840875e+03 1.614036262035369873e-01 8.409109897911548615e-03
4.840939999999840438e+03 1.525051444768905640e-01 8.250161074101924896e-03
4.842419999999840002e+03 1.682049781084060669e-01 8.423367515206336975e-03
4.843899999999839565e+03 1.620376408100128174e-01 8.375102654099464417e-03
4.845379999999839129e+03 1.553795337677001953e-01 8.259475231170654297e-03
4.846859999999838692e+03 1.453492045402526855e-01 8.067950606346130371e-03
4.848339999999838255e+03 1.665606498718261719e-01 8.346986025571823120e-03
4.849819999999837819e+03 1.648699194192886353e-01 8.279899135231971741e-03
4.851299999999837382e+03 1.505121886730194092e-01 8.074643090367317200e-03
4.852779999999836946e+03 1.542800366878509521e-01 8.146498352289199829e-03
4.854259999999836509e+03 1.551704704761505127e-01 8.093508891761302948e-03
4.855739999999836073e+03 1.586396396160125732e-01 8.072211407124996185e-03
4.857219999999835636e+03 1.559638381004333496e-01 8.031915873289108276e-03
4.858699999999835200e+03 1.462519764900207520e-01 7.930874824523925781e-03
4.860179999999834763e+03 1.506745219230651855e-01 8.297708816826343536e-03
4.861659999999834326e+03 1.613726019859313965e-01 8.413892239332199097e-03
4.863139999999833890e+03 1.694205850362777710e-01 8.334811776876449585e-03
4.864619999999833453e+03 1.558116674423217773e-01 7.977676577866077423e-03
4.866099999999833017e+03 1.550842225551605225e-01 8.030904456973075867e-03
4.867579999999832580e+03 1.586157977581024170e-01 8.148484863340854645e-03
4.869059999999832144e+03 1.577112674713134766e-01 8.070233277976512909e-03
4.870539999999831707e+03 1.628774404525756836e-01 8.068267256021499634e-03
4.872019999999831271e+03 1.574500501155853271e-01 7.957633584737777710e-03
4.873499999999830834e+03 1.622447669506072998e-01 8.115645498037338257e-03
4.874979999999830397e+03 1.495248824357986450e-01 7.929669693112373352e-03
4.876459999999829961e+03 1.530981510877609253e-01 8.014693856239318848e-03
4.877939999999829524e+03 1.524654477834701538e-01 8.004574105143547058e-03
4.879419999999829088e+03 1.561547219753265381e-01 8.095644414424896240e-03
4.880899999999828651e+03 1.663957834243774414e-01 8.347899653017520905e-03
4.882379999999828215e+03 1.591602116823196411e-01 8.132616057991981506e-03
4.883859999999827778e+03 1.628966331481933594e-01 8.160494267940521240e-03
4.885339999999827342e+03 1.692362278699874878e-01 8.257087320089340210e-03
4.886819999999826905e+03 1.546439081430435181e-01 7.958894595503807068e-03
4.888299999999826468e+03 1.409379839897155762e-01 7.772940210998058319e-03
4.889779999999826032e+03 1.534875631332397461e-01 7.978191599249839783e-03
4.891259999999825595e+03 1.523286104202270508e-01 7.906142622232437134e-03
4.892739999999825159e+03 1.497884094715118408e-01 7.890526205301284790e-03
4.894219999999824722e+03 1.506286114454269409e-01 7.976399734616279602e-03
4.895699999999824286e+03 1.578089743852615356e-01 8.140273392200469971e-03
4.897179999999823849e+03 1.604514271020889282e-01 8.174824528396129608e-03
4.898659999999823413e+03 1.510653495788574219e-01 7.949800230562686920e-03
4.900139999999822976e+03 1.450237333774566650e-01 7.788571529090404510e-03
4.901619999999822539e+03 1.538338065147399902e-01 7.988885045051574707e-03
4.903099999999822103e+03 1.663162112236022949e-01 8.204887621104717255e-03
4.904579999999821666e+03 1.586349904537200928e-01 8.134149014949798584e-03
4.906059999999821230e+03 1.595400273799896240e-01 8.131854236125946045e-03
4.907539999999820793e+03 1.519578397274017334e-01 7.878958247601985931e-03
4.909019999999820357e+03 1.619260162115097046e-01 8.047453127801418304e-03
4.910499999999819920e+03 1.492551416158676147e-01 7.842193357646465302e-03
4.911979999999819483e+03 1.539571285247802734e-01 7.969389669597148895e-03
4.913459999999819047e+03 1.596790701150894165e-01 8.086230605840682983e-03
4.914939999999818610e+03 1.559982746839523315e-01 8.035650476813316345e-03
4.916419999999818174e+03 1.588876992464065552e-01 7.973833940923213959e-03
4.917899999999817737e+03 1.519131064414978027e-01 7.795796263962984085e-03
4.919379999999817301e+03 1.479334980249404907e-01 7.678244728595018387e-03
4.920859999999816864e+03 1.456747055053710938e-01 7.640290539711713791e-03
4.922339999999816428e+03 1.397362202405929565e-01 7.627458311617374420e-03
4.923819999999815991e+03 1.633459031581878662e-01 8.060896769165992737e-03
4.925299999999815554e+03 1.549965739250183105e-01 7.974354550242424011e-03
4.926779999999815118e+03 1.434011459350585938e-01 7.829339243471622467e-03
4.928259999999814681e+03 1.520516127347946167e-01 7.879743352532386780e-03
4.929739999999814245e+03 1.268656849861145020e-01 7.411567494273185730e-03
4.931219999999813808e+03 1.590488404035568237e-01 7.941135205328464508e-03
4.932699999999813372e+03 1.542172729969024658e-01 7.882983423769474030e-03
4.934179999999812935e+03 1.549355536699295044e-01 7.902902550995349884e-03
4.935659999999812499e+03 1.486468017101287842e-01 7.844766601920127869e-03
4.937139999999812062e+03 1.466481834650039673e-01 7.753430400043725967e-03
4.938619999999811625e+03 1.439637094736099243e-01 7.606170140206813812e-03
4.940099999999811189e+03 1.420885920524597168e-01 7.599112577736377716e-03
4.941579999999810752e+03 1.446044892072677612e-01 7.773256860673427582e-03
4.943059999999810316e+03 1.570359170436859131e-01 7.957590743899345398e-03
4.944539999999809879e+03 1.434362530708312988e-01 7.710499688982963562e-03
4.946019999999809443e+03 1.249643638730049133e-01 7.387105375528335571e-03
4.947499999999809006e+03 1.315245926380157471e-01 7.481186650693416595e-03
4.948979999999808570e+03 1.862182468175888062e-01 8.423517458140850067e-03
4.950459999999808133e+03 7.958375811576843262e-01 1.520654093474149704e-02
4.951939999999807696e+03 1.371621966361999512e+00 1.954309083521366119e-02
4.953419999999807260e+03 8.954629302024841309e-01 1.608153991401195526e-02
4.954899999999806823e+03 1.515771895647048950e-01 7.693045772612094879e-03
4.956379999999806387e+03 1.282994598150253296e-01 7.340007461607456207e-03
4.957859999999805950e+03 1.390120983123779297e-01 7.637821603566408157e-03
4.959339999999805514e+03 1.302464902400970459e-01 7.560456171631813049e-03
4.960819999999805077e+03 1.307569593191146851e-01 7.519016508013010025e-03
4.962299999999804641e+03 1.360041052103042603e-01 7.581811863929033279e-03
4.963779999999804204e+03 1.340057551860809326e-01 7.552976720035076141e-03
4.965259999999803767e+03 1.405947804450988770e-01 7.577645592391490936e-03
4.966739999999803331e+03 1.292500793933868408e-01 7.418484427034854889e-03
4.968219999999802894e+03 1.496885716915130615e-01 7.809467148035764694e-03
4.969699999999802458e+03 1.432178467512130737e-01 7.706460077315568924e-03
4.971179999999802021e+03 1.535696089267730713e-01 7.861115038394927979e-03
4.972659999999801585e+03 1.566911637783050537e-01 7.882740348577499390e-03
4.974139999999801148e+03 1.489663124084472656e-01 7.772201672196388245e-03
4.975619999999800712e+03 1.509106457233428955e-01 7.796758320182561874e-03
4.977099999999800275e+03 1.615389585494995117e-01 7.949596270918846130e-03
4.978579999999799838e+03 1.587525457143783569e-01 7.878393866121768951e-03
4.980059999999799402e+03 1.449923962354660034e-01 7.586942054331302643e-03
4.981539999999798965e+03 1.584425717592239380e-01 7.731635123491287231e-03
4.983019999999798529e+03 1.498109847307205200e-01 7.594830356538295746e-03
4.984499999999798092e+03 1.469515264034271240e-01 7.569451350718736649e-03
4.985979999999797656e+03 1.518650650978088379e-01 7.757866289466619492e-03
4.987459999999797219e+03 1.720531582832336426e-01 8.121444843709468842e-03
4.988939999999796783e+03 1.621500700712203979e-01 7.923065684735774994e-03
4.990419999999796346e+03 1.600125283002853394e-01 7.888858206570148468e-03
4.991899999999795909e+03 1.598086059093475342e-01 7.921148091554641724e-03
4.993379999999795473e+03 1.354171633720397949e-01 7.517713587731122971e-03
4.994859999999795036e+03 1.542322784662246704e-01 7.809892296791076660e-03
4.996339999999794600e+03 1.564399003982543945e-01 7.850361987948417664e-03
4.997819999999794163e+03 1.541892290115356445e-01 7.785038556903600693e-03
4.999299999999793727e+03 1.534905731678009033e-01 7.724293041974306107e-03
5.000779999999793290e+03 1.427471786737442017e-01 7.550628390163183212e-03
5.002259999999792853e+03 1.410256475210189819e-01 7.541815750300884247e-03
5.003739999999792417e+03 1.437020897865295410e-01 7.649727165699005127e-03
5.005219999999791980e+03 1.420205086469650269e-01 7.951085455715656281e-03
5.006699999999791544e+03 1.630660444498062134e-01 8.273372426629066467e-03
5.008179999999791107e+03 1.574014723300933838e-01 7.934907451272010803e-03
5.009659999999790671e+03 1.432782262563705444e-01 7.543922867625951767e-03
5.011139999999790234e+03 1.329345554113388062e-01 7.336447015404701233e-03
5.012619999999789798e+03 1.449185162782669067e-01 7.508325856178998947e-03
5.014099999999789361e+03 1.444648951292037964e-01 7.519115228205919266e-03
5.015579999999788924e+03 1.386299431324005127e-01 7.405903190374374390e-03
5.017059999999788488e+03 1.612399071455001831e-01 7.793510332703590393e-03
5.018539999999788051e+03 1.570262461900711060e-01 7.678687572479248047e-03
5.020019999999787615e+03 1.579580903053283691e-01 7.777908816933631897e-03
5.021499999999787178e+03 1.438448280096054077e-01 7.489815354347229004e-03
5.022979999999786742e+03 1.651829630136489868e-01 7.894582115113735199e-03
5.024459999999786305e+03 1.710101366043090820e-01 7.986612617969512939e-03
5.025939999999785869e+03 1.533540785312652588e-01 7.632536813616752625e-03
5.027419999999785432e+03 1.535623371601104736e-01 7.608196232467889786e-03
5.028899999999784995e+03 1.513677239418029785e-01 7.611908018589019775e-03
5.030379999999784559e+03 1.360776871442794800e-01 7.426934316754341125e-03
5.031859999999784122e+03 1.342404335737228394e-01 7.433872204273939133e-03
5.033339999999783686e+03 1.422708779573440552e-01 7.486714981496334076e-03
5.034819999999783249e+03 1.435914635658264160e-01 7.490747608244419098e-03
5.036299999999782813e+03 1.615642011165618896e-01 7.780679035931825638e-03
5.037779999999782376e+03 1.532383710145950317e-01 7.633132860064506531e-03
5.039259999999781940e+03 1.666486859321594238e-01 7.774762809276580811e-03
5.040739999999781503e+03 1.620734930038452148e-01 7.667209953069686890e-03
5.042219999999781066e+03 1.646483987569808960e-01 7.799518294632434845e-03
5.043699999999780630e+03 1.500780731439590454e-01 7.601290475577116013e-03
5.045179999999780193e+03 1.454676836729049683e-01 7.529156282544136047e-03
5.046659999999779757e+03 1.523917615413665771e-01 7.598785683512687683e-03
5.048139999999779320e+03 1.695736348628997803e-01 7.841055281460285187e-03
5.049619999999778884e+03 3.516823053359985352e-01 1.034475769847631454e-02
5.051099999999778447e+03 6.034500002861022949e-01 1.309573836624622345e-02
5.052579999999778011e+03 4.763179421424865723e-01 1.181618496775627136e-02
5.054059999999777574e+03 1.911242157220840454e-01 8.236090652644634247e-03
5.055539999999777137e+03 1.596941053867340088e-01 7.755607832223176956e-03
5.057019999999776701e+03 1.529459357261657715e-01 7.627894170582294464e-03
5.058499999999776264e+03 1.615454107522964478e-01 7.821804843842983246e-03
5.059979999999775828e+03 1.546719670295715332e-01 7.685034535825252533e-03
5.061459999999775391e+03 1.573700606822967529e-01 7.706304546445608139e-03
5.062939999999774955e+03 1.444718539714813232e-01 7.455233018845319748e-03
5.064419999999774518e+03 1.564297080039978027e-01 7.609220221638679504e-03
5.065899999999774082e+03 1.495244801044464111e-01 7.492846809327602386e-03
5.067379999999773645e+03 1.496272385120391846e-01 7.505322806537151337e-03
5.068859999999773208e+03 1.497176140546798706e-01 7.560436613857746124e-03
5.070339999999772772e+03 1.477904468774795532e-01 7.493635639548301697e-03
5.071819999999772335e+03 1.608028411865234375e-01 7.698258385062217712e-03
5.073299999999771899e+03 1.427946984767913818e-01 7.417246699333190918e-03
5.074779999999771462e+03 1.441595107316970825e-01 7.419673260301351547e-03
5.076259999999771026e+03 1.578718125820159912e-01 7.660987786948680878e-03
5.077739999999770589e+03 1.637310683727264404e-01 7.708101999014616013e-03
5.079219999999770152e+03 1.565567553043365479e-01 7.557425182312726974e-03
5.080699999999769716e+03 1.578378677368164062e-01 7.973771542310714722e-03
5.082179999999769279e+03 1.528243422508239746e-01 1.457355171442031860e-02
5.083659999999768843e+03 1.551260203123092651e-01 1.599159650504589081e-02
5.085139999999768406e+03 1.535453051328659058e-01 7.810431066900491714e-03
5.086619999999767970e+03 1.564871370792388916e-01 7.513780612498521805e-03
5.088099999999767533e+03 1.570705920457839966e-01 7.613124325871467590e-03
5.089579999999767097e+03 1.484056413173675537e-01 7.472633384168148041e-03
5.091059999999766660e+03 1.456337720155715942e-01 7.467855699360370636e-03
5.092539999999766223e+03 1.493668556213378906e-01 7.548955734819173813e-03
5.094019999999765787e+03 1.573618501424789429e-01 7.687509991228580475e-03
5.095499999999765350e+03 1.512589901685714722e-01 7.524654734879732132e-03
5.096979999999764914e+03 1.905747056007385254e-01 8.109728805720806122e-03
5.098459999999764477e+03 7.872806191444396973e-01 1.458166819065809250e-02
5.099939999999764041e+03 1.516473054885864258e+00 1.997661776840686798e-02
5.101419999999763604e+03 1.035344958305358887e+00 1.664673350751399994e-02
5.102899999999763168e+03 1.745057851076126099e-01 7.906407117843627930e-03
5.104379999999762731e+03 1.514370739459991455e-01 7.528736721724271774e-03
5.105859999999762294e+03 1.577258110046386719e-01 7.594535127282142639e-03
5.107339999999761858e+03 1.619764268398284912e-01 7.630979176610708237e-03
5.108819999999761421e+03 1.742152273654937744e-01 7.819189690053462982e-03
5.110299999999760985e+03 1.536566168069839478e-01 7.473143283277750015e-03
5.111779999999760548e+03 1.376228630542755127e-01 7.271321490406990051e-03
5.113259999999760112e+03 1.300795674324035645e-01 7.190148346126079559e-03
5.114739999999759675e+03 1.359473466873168945e-01 7.271922193467617035e-03
5.116219999999759239e+03 1.361528337001800537e-01 7.260187063366174698e-03
5.117699999999758802e+03 1.529877483844757080e-01 7.566308602690696716e-03
5.119179999999758365e+03 1.519105434417724609e-01 7.493559271097183228e-03
5.120659999999757929e+03 1.594496369361877441e-01 7.568116299808025360e-03
5.122139999999757492e+03 1.571082770824432373e-01 7.506604306399822235e-03
5.123619999999757056e+03 1.492525041103363037e-01 7.427906151860952377e-03
5.125099999999756619e+03 1.453023403882980347e-01 7.319594733417034149e-03
5.126579999999756183e+03 1.493178606033325195e-01 7.431958336383104324e-03
5.128059999999755746e+03 1.568727940320968628e-01 7.550949230790138245e-03
5.129539999999755310e+03 1.474644243717193604e-01 7.411613129079341888e-03
5.131019999999754873e+03 1.576302349567413330e-01 7.591008208692073822e-03
5.132499999999754436e+03 1.478983610868453979e-01 7.409845478832721710e-03
5.133979999999754000e+03 1.492969542741775513e-01 7.442684378474950790e-03
5.135459999999753563e+03 1.449122875928878784e-01 7.435361854732036591e-03
5.136939999999753127e+03 1.412791609764099121e-01 7.295825518667697906e-03
5.138419999999752690e+03 1.473971009254455566e-01 7.406716234982013702e-03
5.139899999999752254e+03 1.569093167781829834e-01 7.551160641014575958e-03
5.141379999999751817e+03 1.348651945590972900e-01 7.175010163336992264e-03
5.142859999999751381e+03 1.447317451238632202e-01 7.332494016736745834e-03
5.144339999999750944e+03 1.576932370662689209e-01 7.594112306833267212e-03
5.145819999999750507e+03 1.467685997486114502e-01 7.395474240183830261e-03
5.147299999999750071e+03 1.580733954906463623e-01 7.558055687695741653e-03
5.148779999999749634e+03 1.507932394742965698e-01 7.455740123987197876e-03
5.150259999999749198e+03 1.561521738767623901e-01 7.566277869045734406e-03
5.151739999999748761e+03 1.492307931184768677e-01 7.459407206624746323e-03
5.153219999999748325e+03 1.378357261419296265e-01 7.214241661131381989e-03
5.154699999999747888e+03 1.433507353067398071e-01 7.300064899027347565e-03
5.156179999999747452e+03 1.487781107425689697e-01 7.442493457347154617e-03
5.157659999999747015e+03 1.528253704309463501e-01 7.500135805457830429e-03
5.159139999999746578e+03 1.441299319267272949e-01 7.348774466663599014e-03
5.160619999999746142e+03 1.340064257383346558e-01 7.179371081292629242e-03
5.162099999999745705e+03 1.553703844547271729e-01 7.478588260710239410e-03
5.163579999999745269e+03 1.560730785131454468e-01 7.482397835701704025e-03
5.165059999999744832e+03 1.534262746572494507e-01 7.333630695939064026e-03
5.166539999999744396e+03 1.507261991500854492e-01 7.195744197815656662e-03
5.168019999999743959e+03 1.442970484495162964e-01 7.102469913661479950e-03
5.169499999999743522e+03 1.445657908916473389e-01 7.144224364310503006e-03
5.170979999999743086e+03 1.525287479162216187e-01 7.249552290886640549e-03
5.172459999999742649e+03 1.452257633209228516e-01 7.076940964907407761e-03
5.173939999999742213e+03 1.458908170461654663e-01 7.253363262861967087e-03
5.175419999999741776e+03 1.410441249608993530e-01 7.250223308801651001e-03
5.176899999999741340e+03 1.459998339414596558e-01 7.353152148425579071e-03
5.178379999999740903e+03 1.502857953310012817e-01 7.375941611826419830e-03
5.179859999999740467e+03 1.383603215217590332e-01 7.113520987331867218e-03
5.181339999999740030e+03 1.574182957410812378e-01 7.266397587954998016e-03
5.182819999999739593e+03 1.543852686882019043e-01 7.131620310246944427e-03
5.184299999999739157e+03 1.438992023468017578e-01 7.060061674565076828e-03
5.185779999999738720e+03 1.399973034858703613e-01 7.189936470240354538e-03
5.187259999999738284e+03 1.428471803665161133e-01 7.360771298408508301e-03
5.188739999999737847e+03 1.471326053142547607e-01 7.385588716715574265e-03
5.190219999999737411e+03 1.404417157173156738e-01 7.189092691987752914e-03
5.191699999999736974e+03 1.384079903364181519e-01 7.089271210134029388e-03
5.193179999999736538e+03 1.396449059247970581e-01 7.131146732717752457e-03
5.194659999999736101e+03 1.450288891792297363e-01 7.242242339998483658e-03
5.196139999999735664e+03 1.358602046966552734e-01 7.340213749557733536e-03
5.197619999999735228e+03 1.372304558753967285e-01 7.569671142846345901e-03
5.199099999999734791e+03 1.455132663249969482e-01 7.673860061913728714e-03
5.200579999999734355e+03 1.365914493799209595e-01 7.410859223455190659e-03
5.202059999999733918e+03 1.473494172096252441e-01 7.481467910110950470e-03
5.203539999999733482e+03 1.468157023191452026e-01 7.285475265234708786e-03
5.205019999999733045e+03 1.433643102645874023e-01 7.131292019039392471e-03
5.206499999999732609e+03 1.530758142471313477e-01 7.294475100934505463e-03
5.207979999999732172e+03 1.619645655155181885e-01 7.464575115591287613e-03
5.209459999999731735e+03 1.514258533716201782e-01 7.350111380219459534e-03
5.210939999999731299e+03 1.370601803064346313e-01 7.144835777580738068e-03
5.212419999999730862e+03 1.340382397174835205e-01 7.111572194844484329e-03
5.213899999999730426e+03 1.366449743509292603e-01 7.095059379935264587e-03
5.215379999999729989e+03 1.477728337049484253e-01 7.231799419969320297e-03
5.216859999999729553e+03 1.495107114315032959e-01 7.324357517063617706e-03
5.218339999999729116e+03 1.418162584304809570e-01 7.232353091239929199e-03
5.219819999999728680e+03 1.378239691257476807e-01 7.127884775400161743e-03
5.221299999999728243e+03 1.495805531740188599e-01 7.339976727962493896e-03
5.222779999999727806e+03 1.461636573076248169e-01 7.353828754276037216e-03
5.224259999999727370e+03 1.383553594350814819e-01 7.182150147855281830e-03
5.225739999999726933e+03 1.413545012474060059e-01 7.095855195075273514e-03
5.227219999999726497e+03 1.366792321205139160e-01 6.994908209890127182e-03
5.228699999999726060e+03 1.390160918235778809e-01 7.127535995095968246e-03
5.230179999999725624e+03 1.394255906343460083e-01 7.180201821029186249e-03
5.231659999999725187e+03 1.378832161426544189e-01 7.075232919305562973e-03
5.233139999999724751e+03 1.400613486766815186e-01 7.113533560186624527e-03
5.234619999999724314e+03 1.343079060316085815e-01 7.006584666669368744e-03
5.236099999999723877e+03 1.270653903484344482e-01 6.962102372199296951e-03
5.237579999999723441e+03 1.465015411376953125e-01 7.388604339212179184e-03
5.239059999999723004e+03 1.522168517112731934e-01 7.471358869224786758e-03
5.240539999999722568e+03 1.431088149547576904e-01 7.254673168063163757e-03
5.242019999999722131e+03 1.407700628042221069e-01 7.144305855035781860e-03
5.243499999999721695e+03 1.369575411081314087e-01 7.063642144203186035e-03
5.244979999999721258e+03 1.345529556274414062e-01 7.015756331384181976e-03
5.246459999999720822e+03 1.371981203556060791e-01 7.046760991215705872e-03
5.247939999999720385e+03 1.402605026960372925e-01 7.103314157575368881e-03
5.249419999999719948e+03 1.391988843679428101e-01 7.104658987373113632e-03
5.250899999999719512e+03 1.381468176841735840e-01 7.043336052447557449e-03
5.252379999999719075e+03 1.454556584358215332e-01 7.148442789912223816e-03
5.253859999999718639e+03 1.601200997829437256e-01 7.447172887623310089e-03
5.255339999999718202e+03 1.395394504070281982e-01 7.255788426846265793e-03
5.256819999999717766e+03 1.474925577640533447e-01 7.358433213084936142e-03
5.258299999999717329e+03 1.382943838834762573e-01 7.130187470465898514e-03
5.259779999999716892e+03 1.502304822206497192e-01 7.257681805640459061e-03
5.261259999999716456e+03 1.335447728633880615e-01 6.956276483833789825e-03
5.262739999999716019e+03 1.293506622314453125e-01 6.806527730077505112e-03
5.264219999999715583e+03 1.369084715843200684e-01 6.861474364995956421e-03
5.265699999999715146e+03 1.373630762100219727e-01 6.863789632916450500e-03
5.267179999999714710e+03 1.318191438913345337e-01 6.783468183130025864e-03
5.268659999999714273e+03 1.343629956245422363e-01 6.820587906986474991e-03
5.270139999999713837e+03 1.296565681695938110e-01 6.775247398763895035e-03
5.271619999999713400e+03 1.489876508712768555e-01 7.165812421590089798e-03
5.273099999999712963e+03 1.320528537034988403e-01 6.938409525901079178e-03
5.274579999999712527e+03 1.382109224796295166e-01 7.106021512299776077e-03
5.276059999999712090e+03 1.506725102663040161e-01 7.341424003243446350e-03
5.277539999999711654e+03 1.350220888853073120e-01 7.050510030239820480e-03
5.279019999999711217e+03 1.276175975799560547e-01 6.890377495437860489e-03
5.280499999999710781e+03 1.243509873747825623e-01 6.741832010447978973e-03
5.281979999999710344e+03 1.303098797798156738e-01 6.834222935140132904e-03
5.283459999999709908e+03 1.362119466066360474e-01 6.920793559402227402e-03
5.284939999999709471e+03 1.354531049728393555e-01 6.970516405999660492e-03
5.286419999999709034e+03 1.411783695220947266e-01 7.078865543007850647e-03
5.287899999999708598e+03 1.378455162048339844e-01 7.084841374307870865e-03
5.289379999999708161e+03 1.372016072273254395e-01 7.088463287800550461e-03
5.290859999999707725e+03 1.299879997968673706e-01 6.943061947822570801e-03
5.292339999999707288e+03 1.278451234102249146e-01 6.915668491274118423e-03
5.293819999999706852e+03 1.434808820486068726e-01 7.175704464316368103e-03
5.295299999999706415e+03 1.622750461101531982e-01 7.395582273602485657e-03
5.296779999999705979e+03 1.609974950551986694e-01 7.380114868283271790e-03
5.298259999999705542e+03 1.359467506408691406e-01 7.032507564872503281e-03
5.299739999999705105e+03 1.375402808189392090e-01 6.998588331043720245e-03
5.301219999999704669e+03 1.304279118776321411e-01 6.847219076007604599e-03
5.302699999999704232e+03 1.173873096704483032e-01 6.687706336379051208e-03
5.304179999999703796e+03 1.285737305879592896e-01 6.906894035637378693e-03
5.305659999999703359e+03 1.447414457798004150e-01 7.180510088801383972e-03
5.307139999999702923e+03 1.400131732225418091e-01 7.103282958269119263e-03
5.308619999999702486e+03 1.453687846660614014e-01 7.206799462437629700e-03
5.310099999999702050e+03 1.415406614542007446e-01 7.157408632338047028e-03
5.311579999999701613e+03 1.452695429325103760e-01 7.216486148536205292e-03
5.313059999999701176e+03 1.341011524200439453e-01 7.004068698734045029e-03
5.314539999999700740e+03 1.280419826507568359e-01 6.821993738412857056e-03
5.316019999999700303e+03 1.492983996868133545e-01 7.205091416835784912e-03
5.317499999999699867e+03 1.413872838020324707e-01 7.059013471007347107e-03
5.318979999999699430e+03 1.635974347591400146e-01 7.432974409312009811e-03
5.320459999999698994e+03 1.273766309022903442e-01 6.901419721543788910e-03
5.321939999999698557e+03 1.365571320056915283e-01 6.987979635596275330e-03
5.323419999999698121e+03 1.407151371240615845e-01 7.058810442686080933e-03
5.324899999999697684e+03 1.364704221487045288e-01 7.033669855445623398e-03
5.326379999999697247e+03 1.198651418089866638e-01 6.679747253656387329e-03
5.327859999999696811e+03 1.323720514774322510e-01 6.859612651169300079e-03
5.329339999999696374e+03 1.368126273155212402e-01 7.043057586997747421e-03
5.330819999999695938e+03 1.353925317525863647e-01 7.062159478664398193e-03
5.332299999999695501e+03 1.343793720006942749e-01 7.011711597442626953e-03
5.333779999999695065e+03 1.452846080064773560e-01 7.170603610575199127e-03
5.335259999999694628e+03 1.422043591737747192e-01 7.098782807588577271e-03
5.336739999999694192e+03 1.343071758747100830e-01 6.960441824048757553e-03
5.338219999999693755e+03 1.458664983510971069e-01 7.088884245604276657e-03
5.339699999999693318e+03 1.450480371713638306e-01 7.068339269608259201e-03
5.341179999999692882e+03 1.316808909177780151e-01 6.903197150677442551e-03
5.342659999999692445e+03 1.386498212814331055e-01 7.054742891341447830e-03
5.344139999999692009e+03 1.436633318662643433e-01 7.135882042348384857e-03
5.345619999999691572e+03 1.336549222469329834e-01 6.945204455405473709e-03
5.347099999999691136e+03 1.419911533594131470e-01 7.067408412694931030e-03
5.348579999999690699e+03 1.322432458400726318e-01 6.918015424162149429e-03
5.350059999999690262e+03 1.270360648632049561e-01 6.869254168123006821e-03
5.351539999999689826e+03 1.462123543024063110e-01 7.163485046476125717e-03
5.353019999999689389e+03 1.278129518032073975e-01 6.845628842711448669e-03
5.354499999999688953e+03 1.365914493799209595e-01 7.030088454484939575e-03
5.355979999999688516e+03 1.466300338506698608e-01 7.133576553314924240e-03
5.357459999999688080e+03 1.434483975172042847e-01 7.113852538168430328e-03
5.358939999999687643e+03 1.324665248394012451e-01 6.916023325175046921e-03
5.360419999999687207e+03 1.316599547863006592e-01 6.894696038216352463e-03
5.361899999999686770e+03 1.319447755813598633e-01 6.852540187537670135e-03
5.363379999999686333e+03 1.340743899345397949e-01 6.897024810314178467e-03
5.364859999999685897e+03 1.362935602664947510e-01 6.889956071972846985e-03
5.366339999999685460e+03 1.369635462760925293e-01 6.959666032344102859e-03
5.367819999999685024e+03 1.322352141141891479e-01 6.848619785159826279e-03
5.369299999999684587e+03 1.304911822080612183e-01 6.764447316527366638e-03
5.370779999999684151e+03 1.369902044534683228e-01 6.886281073093414307e-03
5.372259999999683714e+03 1.330771446228027344e-01 6.881431676447391510e-03
5.373739999999683278e+03 1.368702054023742676e-01 6.974944379180669785e-03
5.375219999999682841e+03 1.343508660793304443e-01 6.902757100760936737e-03
5.376699999999682404e+03 1.371465027332305908e-01 6.966625340282917023e-03
5.378179999999681968e+03 1.418450325727462769e-01 7.025416474789381027e-03
5.379659999999681531e+03 1.395756751298904419e-01 6.987011060118675232e-03
5.381139999999681095e+03 1.334585696458816528e-01 6.871638353914022446e-03
5.382619999999680658e+03 1.363134980201721191e-01 6.895707454532384872e-03
5.384099999999680222e+03 1.363237798213958740e-01 6.936413701623678207e-03
5.385579999999679785e+03 1.471613496541976929e-01 7.114522159099578857e-03
5.387059999999679349e+03 1.424116194248199463e-01 7.041941396892070770e-03
5.388539999999678912e+03 1.381794214248657227e-01 6.951703689992427826e-03
5.390019999999678475e+03 1.413896828889846802e-01 6.983662024140357971e-03
5.391499999999678039e+03 1.417342275381088257e-01 6.975968834012746811e-03
5.392979999999677602e+03 1.279344260692596436e-01 6.740647368133068085e-03
5.394459999999677166e+03 1.339737921953201294e-01 6.832369137555360794e-03
5.395939999999676729e+03 1.397503763437271118e-01 6.891203112900257111e-03
5.397419999999676293e+03 1.467974483966827393e-01 7.008406799286603928e-03
5.398899999999675856e+03 1.335914731025695801e-01 6.799670401960611343e-03
5.400379999999675420e+03 1.509602367877960205e-01 7.103996351361274719e-03
5.401859999999674983e+03 1.373035013675689697e-01 6.849876139312982559e-03
5.403339999999674546e+03 1.231152117252349854e-01 6.600982975214719772e-03
5.404819999999674110e+03 1.436406672000885010e-01 6.877469830214977264e-03
5.406299999999673673e+03 1.356793344020843506e-01 6.843528710305690765e-03
5.407779999999673237e+03 1.394549608230590820e-01 6.911564618349075317e-03
5.409259999999672800e+03 1.386492699384689331e-01 6.908935029059648514e-03
5.410739999999672364e+03 1.336182951927185059e-01 6.842872127890586853e-03
5.412219999999671927e+03 1.242192685604095459e-01 6.700801663100719452e-03
5.413699999999671491e+03 1.354199349880218506e-01 6.873529404401779175e-03
5.415179999999671054e+03 1.308179199695587158e-01 6.787544116377830505e-03
5.416659999999670617e+03 1.320041418075561523e-01 6.811075843870639801e-03
5.418139999999670181e+03 1.351381838321685791e-01 6.882635876536369324e-03
5.419619999999669744e+03 1.310183703899383545e-01 6.811148021370172501e-03
5.421099999999669308e+03 1.394157260656356812e-01 6.924679502844810486e-03
5.422579999999668871e+03 1.478699147701263428e-01 6.996865849941968918e-03
5.424059999999668435e+03 1.378667652606964111e-01 6.820938084274530411e-03
5.425539999999667998e+03 1.300784647464752197e-01 6.737587973475456238e-03
5.427019999999667561e+03 1.310772597789764404e-01 6.784195546060800552e-03
5.428499999999667125e+03 1.373763084411621094e-01 6.871948484331369400e-03
5.429979999999666688e+03 1.326518952846527100e-01 6.773435510694980621e-03
5.431459999999666252e+03 1.350868493318557739e-01 6.848456803709268570e-03
5.432939999999665815e+03 1.320927888154983521e-01 6.797583308070898056e-03
5.434419999999665379e+03 1.431744843721389771e-01 6.968650501221418381e-03
5.435899999999664942e+03 1.402593553066253662e-01 6.962936837226152420e-03
5.437379999999664506e+03 1.325574666261672974e-01 6.873757578432559967e-03
5.438859999999664069e+03 1.338836103677749634e-01 6.853742059320211411e-03
5.440339999999663632e+03 1.345100849866867065e-01 6.907046306878328323e-03
5.441819999999663196e+03 1.315671801567077637e-01 6.838540080934762955e-03
5.443299999999662759e+03 1.308193951845169067e-01 6.777331698685884476e-03
5.444779999999662323e+03 1.367920637130737305e-01 6.793242413550615311e-03
5.446259999999661886e+03 1.241915822029113770e-01 6.579173728823661804e-03
5.447739999999661450e+03 1.372897922992706299e-01 6.857157684862613678e-03
5.449219999999661013e+03 1.294891536235809326e-01 6.733830086886882782e-03
5.450699999999660577e+03 1.234638690948486328e-01 6.643344182521104813e-03
5.452179999999660140e+03 1.461693346500396729e-01 7.047543767839670181e-03
5.453659999999659703e+03 1.365447193384170532e-01 6.754500325769186020e-03
5.455139999999659267e+03 1.362919360399246216e-01 6.807240657508373260e-03
5.456619999999658830e+03 1.319060921669006348e-01 6.794119719415903091e-03
5.458099999999658394e+03 1.428873091936111450e-01 7.054660469293594360e-03
5.459579999999657957e+03 1.298898905515670776e-01 6.894025951623916626e-03
5.461059999999657521e+03 1.182572618126869202e-01 6.658770143985748291e-03
5.462539999999657084e+03 1.176201254129409790e-01 6.553274113684892654e-03
5.464019999999656648e+03 1.260815560817718506e-01 6.677994970232248306e-03
5.465499999999656211e+03 1.359303444623947144e-01 6.857164669781923294e-03
5.466979999999655774e+03 1.333745419979095459e-01 6.807667203247547150e-03
5.468459999999655338e+03 1.328239589929580688e-01 6.798098795115947723e-03
5.469939999999654901e+03 1.444677412509918213e-01 6.971616297960281372e-03
5.471419999999654465e+03 1.368811726570129395e-01 6.839710287749767303e-03
5.472899999999654028e+03 1.295407712459564209e-01 6.716331932693719864e-03
5.474379999999653592e+03 1.380794048309326172e-01 6.787236314266920090e-03
5.475859999999653155e+03 1.420384198427200317e-01 6.809444166719913483e-03
5.477339999999652719e+03 1.384561061859130859e-01 6.797011941671371460e-03
5.478819999999652282e+03 1.424124985933303833e-01 6.898337975144386292e-03
5.480299999999651845e+03 1.409121155738830566e-01 6.832369603216648102e-03
5.481779999999651409e+03 1.431728005409240723e-01 6.866000127047300339e-03
5.483259999999650972e+03 1.420304924249649048e-01 6.907706148922443390e-03
5.484739999999650536e+03 1.358963996171951294e-01 6.873717065900564194e-03
5.486219999999650099e+03 1.286716312170028687e-01 6.674696225672960281e-03
5.487699999999649663e+03 1.365443468093872070e-01 6.839905865490436554e-03
5.489179999999649226e+03 1.452115625143051147e-01 7.016830146312713623e-03
5.490659999999648790e+03 1.403161883354187012e-01 6.929906085133552551e-03
5.492139999999648353e+03 1.313110440969467163e-01 6.774812471121549606e-03
5.493619999999647916e+03 1.344198584556579590e-01 6.779779214411973953e-03
5.495099999999647480e+03 1.304968595504760742e-01 6.708912085741758347e-03
5.496579999999647043e+03 1.279599964618682861e-01 6.696328055113554001e-03
5.498059999999646607e+03 1.428743451833724976e-01 6.954859942197799683e-03
5.499539999999646170e+03 1.286942511796951294e-01 6.719007156789302826e-03
5.501019999999645734e+03 1.270255148410797119e-01 6.689713802188634872e-03
5.502499999999645297e+03 1.341656893491744995e-01 6.811434868723154068e-03
5.503979999999644861e+03 1.274253576993942261e-01 6.685672327876091003e-03
5.505459999999644424e+03 1.239754706621170044e-01 6.580241490155458450e-03
5.506939999999643987e+03 1.275088787078857422e-01 6.653016898781061172e-03
5.508419999999643551e+03 1.364067792892456055e-01 6.811122409999370575e-03
5.509899999999643114e+03 1.345945894718170166e-01 6.779699120670557022e-03
5.511379999999642678e+03 1.217756420373916626e-01 6.530886515974998474e-03
5.512859999999642241e+03 1.290968358516693115e-01 6.677048746496438980e-03
5.514339999999641805e+03 1.335616111755371094e-01 6.774874869734048843e-03
5.515819999999641368e+03 1.356700062751770020e-01 6.793732289224863052e-03
5.517299999999640931e+03 1.318554878234863281e-01 6.796666886657476425e-03
5.518779999999640495e+03 1.306397616863250732e-01 6.756469141691923141e-03
5.520259999999640058e+03 1.360794901847839355e-01 6.853580009192228317e-03
5.521739999999639622e+03 1.374475508928298950e-01 6.854694336652755737e-03
5.523219999999639185e+03 1.245793253183364868e-01 6.626787595450878143e-03
5.524699999999638749e+03 1.259067356586456299e-01 6.638952996581792831e-03
5.526179999999638312e+03 1.351155787706375122e-01 6.786271929740905762e-03
5.527659999999637876e+03 1.316062659025192261e-01 6.691267248243093491e-03
5.529139999999637439e+03 1.270264685153961182e-01 6.624709814786911011e-03
5.530619999999637002e+03 1.254316717386245728e-01 6.642519030719995499e-03
5.532099999999636566e+03 1.347925066947937012e-01 6.796887610107660294e-03
5.533579999999636129e+03 1.423489898443222046e-01 6.901497021317481995e-03
5.535059999999635693e+03 1.407516151666641235e-01 6.852848455309867859e-03
5.536539999999635256e+03 1.311152875423431396e-01 6.741850636899471283e-03
5.538019999999634820e+03 1.192367672920227051e-01 6.534036714583635330e-03
5.539499999999634383e+03 1.240307986736297607e-01 6.655011326074600220e-03
5.540979999999633947e+03 1.341579556465148926e-01 6.892622914165258408e-03
5.542459999999633510e+03 1.390686482191085815e-01 6.989115383476018906e-03
5.543939999999633073e+03 1.372661292552947998e-01 6.972037721425294876e-03
5.545419999999632637e+03 1.433895081281661987e-01 6.973771378397941589e-03
5.546899999999632200e+03 1.341644078493118286e-01 6.784422788769006729e-03
5.548379999999631764e+03 1.259702146053314209e-01 6.671029143035411835e-03
5.549859999999631327e+03 1.308867633342742920e-01 6.742250174283981323e-03
5.551339999999630891e+03 1.384409964084625244e-01 6.833506748080253601e-03
5.552819999999630454e+03 1.363400071859359741e-01 6.758642382919788361e-03
5.554299999999630018e+03 1.335575282573699951e-01 6.724327802658081055e-03
5.555779999999629581e+03 1.190518662333488464e-01 6.514043081551790237e-03
5.557259999999629144e+03 1.177637651562690735e-01 6.498400121927261353e-03
5.558739999999628708e+03 1.232937276363372803e-01 6.611301098018884659e-03
5.560219999999628271e+03 1.265346705913543701e-01 6.643853615969419479e-03
5.561699999999627835e+03 1.274769455194473267e-01 6.764690391719341278e-03
5.563179999999627398e+03 1.278423964977264404e-01 6.919878069311380386e-03
5.564659999999626962e+03 1.233163326978683472e-01 6.792478263378143311e-03
5.566139999999626525e+03 1.325252503156661987e-01 6.800486240535974503e-03
5.567619999999626089e+03 1.306118071079254150e-01 6.772919092327356339e-03
5.569099999999625652e+03 1.348906755447387695e-01 6.852489896118640900e-03
5.570579999999625215e+03 1.356495469808578491e-01 6.785512436181306839e-03
5.572059999999624779e+03 1.480754464864730835e-01 6.934196688234806061e-03
5.573539999999624342e+03 1.102872043848037720e-01 6.853573024272918701e-03
5.575019999999623906e+03 9.458094835281372070e-02 1.589549332857131958e-02
5.576499999999623469e+03 9.165128320455551147e-02 2.342611365020275116e-02
5.577979999999623033e+03 8.518289029598236084e-02 2.030113711953163147e-02
5.579459999999622596e+03 4.939888417720794678e-02 8.928281255066394806e-03
5.580939999999622160e+03 1.134417876601219177e-01 6.674636155366897583e-03
5.582419999999621723e+03 1.283223032951354980e-01 6.647481117397546768e-03
5.583899999999621286e+03 1.219856664538383484e-01 6.559299770742654800e-03
5.585379999999620850e+03 1.307889819145202637e-01 6.635722704231739044e-03
5.586859999999620413e+03 1.323952227830886841e-01 6.754019297659397125e-03
5.588339999999619977e+03 1.434255838394165039e-01 7.019579410552978516e-03
5.589819999999619540e+03 1.335540711879730225e-01 6.801176350563764572e-03
5.591299999999619104e+03 1.211348921060562134e-01 6.475934293121099472e-03
5.592779999999618667e+03 1.419710814952850342e-01 6.812562234699726105e-03
5.594259999999618231e+03 1.426881849765777588e-01 6.786115467548370361e-03
5.595739999999617794e+03 1.280121952295303345e-01 6.670550443232059479e-03
5.597219999999617357e+03 1.297096163034439087e-01 6.669028196483850479e-03
5.598699999999616921e+03 1.279565989971160889e-01 6.632041186094284058e-03
5.600179999999616484e+03 1.124693602323532104e-01 6.337365135550498962e-03
5.601659999999616048e+03 1.274077892303466797e-01 6.550714839249849319e-03
5.603139999999615611e+03 1.358135193586349487e-01 6.850339006632566452e-03
5.604619999999615175e+03 1.299818158149719238e-01 6.928883958607912064e-03
5.606099999999614738e+03 1.323844492435455322e-01 6.899022031575441360e-03
5.607579999999614301e+03 1.216318085789680481e-01 6.531035993248224258e-03
5.609059999999613865e+03 1.248926892876625061e-01 6.618746556341648102e-03
5.610539999999613428e+03 1.315162032842636108e-01 6.696267053484916687e-03
5.612019999999612992e+03 1.142563298344612122e-01 6.409153342247009277e-03
5.613499999999612555e+03 1.323037892580032349e-01 6.641217973083257675e-03
5.614979999999612119e+03 1.355975568294525146e-01 6.681880448013544083e-03
5.616459999999611682e+03 1.293046027421951294e-01 6.677104625850915909e-03
5.617939999999611246e+03 1.324185878038406372e-01 6.699119228869676590e-03
5.619419999999610809e+03 1.347294449806213379e-01 6.729808170348405838e-03
5.620899999999610372e+03 1.345133483409881592e-01 6.760716438293457031e-03
5.622379999999609936e+03 1.277199834585189819e-01 6.788865663111209869e-03
5.623859999999609499e+03 1.331371366977691650e-01 6.840503774583339691e-03
5.625339999999609063e+03 1.274919211864471436e-01 6.662244442850351334e-03
5.626819999999608626e+03 1.289820671081542969e-01 6.632681470364332199e-03
5.628299999999608190e+03 1.163587868213653564e-01 6.441612262278795242e-03
5.629779999999607753e+03 1.244176328182220459e-01 6.595356389880180359e-03
5.631259999999607317e+03 1.239129602909088135e-01 6.580667104572057724e-03
5.632739999999606880e+03 1.170027926564216614e-01 6.448417436331510544e-03
5.634219999999606443e+03 1.165780797600746155e-01 6.392255891114473343e-03
5.635699999999606007e+03 1.181873306632041931e-01 6.411995273083448410e-03
5.637179999999605570e+03 1.282691210508346558e-01 6.592775229364633560e-03
5.638659999999605134e+03 1.331836730241775513e-01 6.708460394293069839e-03
5.640139999999604697e+03 1.314308494329452515e-01 6.645666435360908508e-03
5.641619999999604261e+03 1.347387880086898804e-01 6.686916574835777283e-03
5.643099999999603824e+03 1.298884898424148560e-01 6.676227319985628128e-03
5.644579999999603388e+03 1.264266073703765869e-01 6.690253037959337234e-03
5.646059999999602951e+03 1.378319114446640015e-01 6.817298475652933121e-03
5.647539999999602514e+03 1.340484470129013062e-01 6.667693145573139191e-03
5.649019999999602078e+03 1.288597583770751953e-01 6.568731274455785751e-03
5.650499999999601641e+03 1.302904188632965088e-01 6.601645611226558685e-03
5.651979999999601205e+03 1.251134276390075684e-01 6.533323321491479874e-03
5.653459999999600768e+03 1.329613029956817627e-01 6.638439372181892395e-03
5.654939999999600332e+03 1.317166835069656372e-01 6.606509909033775330e-03
5.656419999999599895e+03 1.262451708316802979e-01 6.495967041701078415e-03
5.657899999999599459e+03 1.294909715652465820e-01 6.530850660055875778e-03
5.659379999999599022e+03 1.357208490371704102e-01 6.650859955698251724e-03
5.660859999999598585e+03 1.350050270557403564e-01 6.649346556514501572e-03
5.662339999999598149e+03 1.288608014583587646e-01 6.577847991138696671e-03
5.663819999999597712e+03 1.302530914545059204e-01 6.638589780777692795e-03
5.665299999999597276e+03 1.322602927684783936e-01 6.643286906182765961e-03
5.666779999999596839e+03 1.396528482437133789e-01 6.749617867171764374e-03
5.668259999999596403e+03 1.328646391630172729e-01 6.672705058008432388e-03
5.669739999999595966e+03 1.353674381971359253e-01 6.717243697494268417e-03
5.671219999999595530e+03 1.330970674753189087e-01 6.650016643106937408e-03
5.672699999999595093e+03 1.351174563169479370e-01 6.679552141577005386e-03
5.674179999999594656e+03 1.244525462388992310e-01 6.503471639007329941e-03
5.675659999999594220e+03 1.254252046346664429e-01 6.530301179736852646e-03
5.677139999999593783e+03 1.349887698888778687e-01 6.712756119668483734e-03
5.678619999999593347e+03 1.271391212940216064e-01 6.575307808816432953e-03
5.680099999999592910e+03 1.343678086996078491e-01 6.650111638009548187e-03
5.681579999999592474e+03 1.239931881427764893e-01 6.481997203081846237e-03
5.683059999999592037e+03 1.227204054594039917e-01 6.459849420934915543e-03
5.684539999999591600e+03 1.168982237577438354e-01 6.386756431311368942e-03
5.686019999999591164e+03 1.174870133399963379e-01 6.390393245965242386e-03
5.687499999999590727e+03 1.353902667760848999e-01 6.686894223093986511e-03
5.688979999999590291e+03 1.244674026966094971e-01 6.545732729136943817e-03
5.690459999999589854e+03 1.139890775084495544e-01 6.397052202373743057e-03
5.691939999999589418e+03 1.157763823866844177e-01 6.391265895217657089e-03
5.693419999999588981e+03 1.315407156944274902e-01 6.661530118435621262e-03
5.694899999999588545e+03 1.368664801120758057e-01 6.790214218199253082e-03
5.696379999999588108e+03 1.268333643674850464e-01 6.620085798203945160e-03
5.697859999999587671e+03 1.127456650137901306e-01 6.370018702000379562e-03
5.699339999999587235e+03 1.249102279543876648e-01 6.550268735736608505e-03
5.700819999999586798e+03 1.331294625997543335e-01 6.699705962091684341e-03
5.702299999999586362e+03 1.271300166845321655e-01 6.594258826225996017e-03
5.703779999999585925e+03 1.179891750216484070e-01 6.455596536397933960e-03
5.705259999999585489e+03 1.261339336633682251e-01 6.556244567036628723e-03
5.706739999999585052e+03 1.214134246110916138e-01 6.460625678300857544e-03
5.708219999999584616e+03 1.227371841669082642e-01 6.488578394055366516e-03
5.709699999999584179e+03 1.275769919157028198e-01 6.531759165227413177e-03
5.711179999999583742e+03 1.218062490224838257e-01 6.457186304032802582e-03
5.712659999999583306e+03 1.117797493934631348e-01 6.367645226418972015e-03
5.714139999999582869e+03 1.120073348283767700e-01 6.354824174195528030e-03
5.715619999999582433e+03 1.195597052574157715e-01 8.433766663074493408e-03
5.717099999999581996e+03 1.230146512389183044e-01 9.618580341339111328e-03
5.718579999999581560e+03 1.277385503053665161e-01 7.791081909090280533e-03
5.720059999999581123e+03 1.169286593794822693e-01 6.413387600332498550e-03
5.721539999999580687e+03 1.127303987741470337e-01 6.389972753822803497e-03
5.723019999999580250e+03 1.079099997878074646e-01 6.320043932646512985e-03
5.724499999999579813e+03 1.277043670415878296e-01 6.640211213380098343e-03
5.725979999999579377e+03 1.329635232686996460e-01 6.703319028019905090e-03
5.727459999999578940e+03 1.279112547636032104e-01 6.629964336752891541e-03
5.728939999999578504e+03 1.298395991325378418e-01 6.667684298008680344e-03
5.730419999999578067e+03 1.229849532246589661e-01 6.519028451293706894e-03
5.731899999999577631e+03 1.216138005256652832e-01 6.491013802587985992e-03
5.733379999999577194e+03 1.262473911046981812e-01 6.594467442482709885e-03
5.734859999999576758e+03 1.179053410887718201e-01 6.477917078882455826e-03
5.736339999999576321e+03 1.242318823933601379e-01 6.550465710461139679e-03
5.737819999999575884e+03 1.270319819450378418e-01 6.592514924705028534e-03
5.739299999999575448e+03 1.116130724549293518e-01 6.307514384388923645e-03
5.740779999999575011e+03 1.160511374473571777e-01 6.387187633663415909e-03
5.742259999999574575e+03 1.125140041112899780e-01 6.384303327649831772e-03
5.743739999999574138e+03 1.130475252866744995e-01 6.376564968377351761e-03
5.745219999999573702e+03 1.182146668434143066e-01 6.442316807806491852e-03
5.746699999999573265e+03 1.226397678256034851e-01 6.495513487607240677e-03
5.748179999999572829e+03 1.196701675653457642e-01 6.446586921811103821e-03
5.749659999999572392e+03 1.095911338925361633e-01 6.281647831201553345e-03
5.751139999999571955e+03 1.205060333013534546e-01 6.442144047468900681e-03
5.752619999999571519e+03 1.206091642379760742e-01 6.397790275514125824e-03
5.754099999999571082e+03 1.254037916660308838e-01 6.546094082295894623e-03
5.755579999999570646e+03 1.216645836830139160e-01 6.513114552944898605e-03
5.757059999999570209e+03 1.159224137663841248e-01 6.413700990378856659e-03
5.758539999999569773e+03 1.190423890948295593e-01 6.454844493418931961e-03
5.760019999999569336e+03 1.228531002998352051e-01 6.493587512522935867e-03
5.761499999999568900e+03 1.161626130342483521e-01 6.365275476127862930e-03
5.762979999999568463e+03 1.238441020250320435e-01 6.471127271652221680e-03
5.764459999999568026e+03 1.172186955809593201e-01 6.401491351425647736e-03
5.765939999999567590e+03 1.143718212842941284e-01 6.410794332623481750e-03
5.767419999999567153e+03 1.150371879339218140e-01 6.407858803868293762e-03
5.768899999999566717e+03 1.188679262995719910e-01 6.475721020251512527e-03
5.770379999999566280e+03 1.193441674113273621e-01 6.472052074968814850e-03
5.771859999999565844e+03 1.182337775826454163e-01 6.440811790525913239e-03
5.773339999999565407e+03 1.154925823211669922e-01 6.355470046401023865e-03
5.774819999999564970e+03 1.078378558158874512e-01 6.249698344618082047e-03
5.776299999999564534e+03 1.196504831314086914e-01 6.448508705943822861e-03
5.777779999999564097e+03 1.205624714493751526e-01 6.457579787820577621e-03
5.779259999999563661e+03 1.164383143186569214e-01 6.369615904986858368e-03
5.780739999999563224e+03 1.200843900442123413e-01 6.413668394088745117e-03
5.782219999999562788e+03 1.260488480329513550e-01 6.485174410045146942e-03
5.783699999999562351e+03 1.162219494581222534e-01 6.345303263515233994e-03
5.785179999999561915e+03 1.154162138700485229e-01 6.340406369417905807e-03
5.786659999999561478e+03 1.171296536922454834e-01 6.396519485861063004e-03
5.788139999999561041e+03 1.196338236331939697e-01 6.430667359381914139e-03
5.789619999999560605e+03 1.163064315915107727e-01 6.404002662748098373e-03
5.791099999999560168e+03 1.132724806666374207e-01 6.335891783237457275e-03
5.792579999999559732e+03 1.292043030261993408e-01 6.551725789904594421e-03
5.794059999999559295e+03 1.339502632617950439e-01 6.619703490287065506e-03
5.795539999999558859e+03 1.245359480381011963e-01 6.500459276139736176e-03
5.797019999999558422e+03 1.141535937786102295e-01 6.336243823170661926e-03
5.798499999999557986e+03 1.196655109524726868e-01 6.409313064068555832e-03
5.799979999999557549e+03 1.192177906632423401e-01 6.413610652089118958e-03
5.801459999999557112e+03 1.160022169351577759e-01 6.397651974111795425e-03
5.802939999999556676e+03 1.158743575215339661e-01 6.363267078995704651e-03
5.804419999999556239e+03 1.164855062961578369e-01 6.345320492982864380e-03
5.805899999999555803e+03 1.235960647463798523e-01 6.434106267988681793e-03
5.807379999999555366e+03 1.248149946331977844e-01 6.500328890979290009e-03
5.808859999999554930e+03 1.213881596922874451e-01 6.450611166656017303e-03
5.810339999999554493e+03 1.248322427272796631e-01 6.449772045016288757e-03
5.811819999999554057e+03 1.250114887952804565e-01 6.466862279921770096e-03
5.813299999999553620e+03 1.079604774713516235e-01 6.218504626303911209e-03
5.814779999999553183e+03 9.973289072513580322e-02 6.054424680769443512e-03
5.816259999999552747e+03 1.123814731836318970e-01 6.237445399165153503e-03
5.817739999999552310e+03 1.165861338376998901e-01 6.347578018903732300e-03
5.819219999999551874e+03 1.125136539340019226e-01 6.307222880423069000e-03
5.820699999999551437e+03 1.247057765722274780e-01 6.503183860331773758e-03
5.822179999999551001e+03 1.238294243812561035e-01 6.475639063864946365e-03
5.823659999999550564e+03 1.221864521503448486e-01 6.443166639655828476e-03
5.825139999999550128e+03 1.285861730575561523e-01 6.520127877593040466e-03
5.826619999999549691e+03 1.228472962975502014e-01 6.453746929764747620e-03
5.828099999999549254e+03 1.062030866742134094e-01 6.179359275847673416e-03
5.829579999999548818e+03 1.243796572089195251e-01 6.448014639317989349e-03
5.831059999999548381e+03 1.280012875795364380e-01 6.528332363814115524e-03
5.832539999999547945e+03 1.156020462512969971e-01 6.329744122922420502e-03
5.834019999999547508e+03 1.350704133510589600e-01 6.644556764513254166e-03
5.835499999999547072e+03 1.298705041408538818e-01 6.548238918185234070e-03
5.836979999999546635e+03 1.145612001419067383e-01 6.307078991085290909e-03
5.838459999999546199e+03 1.230181604623794556e-01 6.422002334147691727e-03
5.839939999999545762e+03 1.273740231990814209e-01 6.476860493421554565e-03
5.841419999999545325e+03 1.259362548589706421e-01 6.483011413365602493e-03
5.842899999999544889e+03 1.194749027490615845e-01 6.397319026291370392e-03
5.844379999999544452e+03 1.251653879880905151e-01 6.456212140619754791e-03
5.845859999999544016e+03 1.193353086709976196e-01 6.345783825963735580e-03
5.847339999999543579e+03 1.199251487851142883e-01 6.368624046444892883e-03
5.848819999999543143e+03 1.294695734977722168e-01 6.492386106401681900e-03
5.850299999999542706e+03 1.280277073383331299e-01 6.464518606662750244e-03
5.851779999999542270e+03 1.277165710926055908e-01 6.481270305812358856e-03
5.853259999999541833e+03 1.190723925828933716e-01 6.337816361337900162e-03
5.854739999999541396e+03 1.172728762030601501e-01 6.300727371126413345e-03
5.856219999999540960e+03 1.213521510362625122e-01 6.358368787914514542e-03
5.857699999999540523e+03 1.187815070152282715e-01 6.334306672215461731e-03
5.859179999999540087e+03 1.201996803283691406e-01 6.368631962686777115e-03
5.860659999999539650e+03 1.223713681101799011e-01 6.393100135028362274e-03
5.862139999999539214e+03 1.207072064280509949e-01 6.411131937056779861e-03
5.863619999999538777e+03 1.238663718104362488e-01 6.661808118224143982e-03
5.865099999999538340e+03 1.225577294826507568e-01 6.954099051654338837e-03
5.866579999999537904e+03 1.254410445690155029e-01 7.161664776504039764e-03
5.868059999999537467e+03 1.216870397329330444e-01 6.982955150306224823e-03
5.869539999999537031e+03 1.115030944347381592e-01 6.504330784082412720e-03
5.871019999999536594e+03 1.149944588541984558e-01 6.418294738978147507e-03
5.872499999999536158e+03 1.209673732519149780e-01 6.535544525831937790e-03
5.873979999999535721e+03 1.218056529760360718e-01 6.549294572323560715e-03
5.875459999999535285e+03 1.176822558045387268e-01 6.460843142122030258e-03
5.876939999999534848e+03 1.160647049546241760e-01 6.410652771592140198e-03
5.878419999999534411e+03 1.103806644678115845e-01 6.289086770266294479e-03
5.879899999999533975e+03 1.201042160391807556e-01 6.445277016609907150e-03
5.881379999999533538e+03 1.247767508029937744e-01 6.503051612526178360e-03
5.882859999999533102e+03 1.142384409904479980e-01 6.350804585963487625e-03
5.884339999999532665e+03 1.162755042314529419e-01 6.336731370538473129e-03
5.885819999999532229e+03 9.312079101800918579e-02 6.546504329890012741e-03
5.887299999999531792e+03 6.232558563351631165e-02 1.200414635241031647e-02
5.888779999999531356e+03 8.970234543085098267e-02 2.089137211441993713e-02
5.890259999999530919e+03 8.415389060974121094e-02 2.140347100794315338e-02
5.891739999999530482e+03 4.448367655277252197e-02 1.364907622337341309e-02
5.893219999999530046e+03 5.861811712384223938e-02 6.840460468083620071e-03
5.894699999999529609e+03 1.285060197114944458e-01 7.943267002701759338e-03
5.896179999999529173e+03 1.327911615371704102e-01 8.012668229639530182e-03
5.897659999999528736e+03 1.128246113657951355e-01 6.846064236015081406e-03
5.899139999999528300e+03 1.229223310947418213e-01 6.461837794631719589e-03
5.900619999999527863e+03 1.321193873882293701e-01 6.622260436415672302e-03
5.902099999999527427e+03 1.257339566946029663e-01 6.572783924639225006e-03
5.903579999999526990e+03 1.202757135033607483e-01 6.517645437270402908e-03
5.905059999999526553e+03 1.151797175407409668e-01 6.507134065032005310e-03
5.906539999999526117e+03 1.154873520135879517e-01 6.574857048690319061e-03
5.908019999999525680e+03 1.163011714816093445e-01 6.498258560895919800e-03
5.909499999999525244e+03 1.073538139462471008e-01 6.229345221072435379e-03
5.910979999999524807e+03 1.081234812736511230e-01 6.234216969460248947e-03
5.912459999999524371e+03 1.223765909671783447e-01 6.544325500726699829e-03
5.913939999999523934e+03 1.356362253427505493e-01 7.152366451919078827e-03
5.915419999999523498e+03 1.250708848237991333e-01 7.155004888772964478e-03
5.916899999999523061e+03 1.053683087229728699e-01 6.511783227324485779e-03
5.918379999999522624e+03 1.136001572012901306e-01 6.279042456299066544e-03
5.919859999999522188e+03 1.324248462915420532e-01 6.583582144230604172e-03
5.921339999999521751e+03 1.232637539505958557e-01 6.450633518397808075e-03
5.922819999999521315e+03 1.112639456987380981e-01 6.367248483002185822e-03
5.924299999999520878e+03 1.026332303881645203e-01 6.375102791935205460e-03
5.925779999999520442e+03 1.185061559081077576e-01 6.537004373967647552e-03
5.927259999999520005e+03 1.172319054603576660e-01 6.345188245177268982e-03
5.928739999999519569e+03 1.249855309724807739e-01 6.422743201255798340e-03
5.930219999999519132e+03 1.253487914800643921e-01 6.567448843270540237e-03
5.931699999999518695e+03 1.228464543819427490e-01 7.057178299874067307e-03
5.933179999999518259e+03 1.365079581737518311e-01 7.300206925719976425e-03
5.934659999999517822e+03 1.058215722441673279e-01 6.345327943563461304e-03
5.936139999999517386e+03 1.161019280552864075e-01 6.282317917793989182e-03
5.937619999999516949e+03 1.240035295486450195e-01 6.399441044777631760e-03
5.939099999999516513e+03 1.391002982854843140e-01 6.627899594604969025e-03
5.940579999999516076e+03 1.155001670122146606e-01 6.231204606592655182e-03
5.942059999999515640e+03 1.310464292764663696e-01 6.506069563329219818e-03
5.943539999999515203e+03 1.143663004040718079e-01 6.331277545541524887e-03
5.945019999999514766e+03 1.147619932889938354e-01 6.479586474597454071e-03
5.946499999999514330e+03 1.349727809429168701e-01 6.771834567189216614e-03
5.947979999999513893e+03 1.234256103634834290e-01 6.397568155080080032e-03
5.949459999999513457e+03 1.090926602482795715e-01 6.163879297673702240e-03
5.950939999999513020e+03 1.160875558853149414e-01 6.483802571892738342e-03
5.952419999999512584e+03 1.237500980496406555e-01 6.936374586075544357e-03
5.953899999999512147e+03 1.234555020928382874e-01 6.966998334974050522e-03
5.955379999999511710e+03 1.163721233606338501e-01 6.483629811555147171e-03
5.956859999999511274e+03 1.095892041921615601e-01 6.139945704489946365e-03
5.958339999999510837e+03 1.067886501550674438e-01 6.111520808190107346e-03
5.959819999999510401e+03 1.079927831888198853e-01 6.175354123115539551e-03
5.961299999999509964e+03 1.125906556844711304e-01 6.251091603189706802e-03
5.962779999999509528e+03 1.177123039960861206e-01 6.293464917689561844e-03
5.964259999999509091e+03 1.179107502102851868e-01 6.328360177576541901e-03
5.965739999999508655e+03 1.134224385023117065e-01 6.256694439798593521e-03
5.967219999999508218e+03 1.176556050777435303e-01 6.307950709015130997e-03
5.968699999999507781e+03 1.100833266973495483e-01 6.303385831415653229e-03
5.970179999999507345e+03 1.182759255170822144e-01 6.464598700404167175e-03
5.971659999999506908e+03 1.128933131694793701e-01 6.325048860162496567e-03
5.973139999999506472e+03 1.147434711456298828e-01 6.286739371716976166e-03
5.974619999999506035e+03 1.234717443585395813e-01 6.453760433942079544e-03
5.976099999999505599e+03 1.232193931937217712e-01 6.665916647762060165e-03
5.977579999999505162e+03 1.206405013799667358e-01 6.659953389316797256e-03
5.979059999999504726e+03 1.178042367100715637e-01 6.387102417647838593e-03
5.980539999999504289e+03 1.108460426330566406e-01 6.132157985121011734e-03
5.982019999999503852e+03 1.100338324904441833e-01 6.112211849540472031e-03
5.983499999999503416e+03 1.674127727746963501e-01 6.978529505431652069e-03
5.984979999999502979e+03 2.470962852239608765e-01 8.011651225388050079e-03
5.986459999999502543e+03 2.256819009780883789e-01 7.740153465420007706e-03
5.987939999999502106e+03 1.375393122434616089e-01 6.551978178322315216e-03
5.989419999999501670e+03 1.063719391822814941e-01 6.040383130311965942e-03
5.990899999999501233e+03 1.157365962862968445e-01 6.164096295833587646e-03
5.992379999999500797e+03 1.175754219293594360e-01 6.162885576486587524e-03
5.993859999999500360e+03 1.135512888431549072e-01 1.117042172700166702e-02
5.995339999999499923e+03 1.197209358215332031e-01 1.490314770489931107e-02
5.996819999999499487e+03 1.226025298237800598e-01 9.845333173871040344e-03
5.998299999999499050e+03 1.201125532388687134e-01 6.256814580410718918e-03
5.999779999999498614e+03 1.079399511218070984e-01 6.071870680898427963e-03
6.001259999999498177e+03 1.001197025179862976e-01 5.980417132377624512e-03
6.002739999999497741e+03 1.146846264600753784e-01 6.336452905088663101e-03
6.004219999999497304e+03 1.231054663658142090e-01 6.483407691121101379e-03
6.005699999999496868e+03 1.070283427834510803e-01 6.095291581004858017e-03
6.007179999999496431e+03 1.002238318324089050e-01 5.889547523111104965e-03
6.008659999999495994e+03 1.050807833671569824e-01 5.999658256769180298e-03
6.010139999999495558e+03 1.094001308083534241e-01 6.104445550590753555e-03
6.011619999999495121e+03 1.024306491017341614e-01 5.970021709799766541e-03
6.013099999999494685e+03 1.244780123233795166e-01 6.317388266324996948e-03
6.014579999999494248e+03 1.172960251569747925e-01 6.199773401021957397e-03
6.016059999999493812e+03 1.109730973839759827e-01 6.081196479499340057e-03
6.017539999999493375e+03 1.151942983269691467e-01 6.130580790340900421e-03
6.019019999999492939e+03 1.130539923906326294e-01 6.090569775551557541e-03
6.020499999999492502e+03 1.100572422146797180e-01 6.024563685059547424e-03
6.021979999999492065e+03 1.159707084298133850e-01 6.107337307184934616e-03
6.023459999999491629e+03 1.213054209947586060e-01 6.209269165992736816e-03
6.024939999999491192e+03 1.152415797114372253e-01 6.091695744544267654e-03
6.026419999999490756e+03 1.202046945691108704e-01 6.204365752637386322e-03
6.027899999999490319e+03 1.137345880270004272e-01 6.153955124318599701e-03
6.029379999999489883e+03 1.111737862229347229e-01 6.117483600974082947e-03
6.030859999999489446e+03 1.123024299740791321e-01 6.074308417737483978e-03
6.032339999999489009e+03 1.219196319580078125e-01 6.326781120151281357e-03
6.033819999999488573e+03 1.235926896333694458e-01 6.362678017467260361e-03
6.035299999999488136e+03 1.120011582970619202e-01 6.145736202597618103e-03
6.036779999999487700e+03 1.312297135591506958e-01 6.369255017489194870e-03
6.038259999999487263e+03 1.180489659309387207e-01 6.178432609885931015e-03
6.039739999999486827e+03 1.130093410611152649e-01 6.079764105379581451e-03
6.041219999999486390e+03 1.141602694988250732e-01 6.106562912464141846e-03
6.042699999999485954e+03 1.097146868705749512e-01 6.014477461576461792e-03
6.044179999999485517e+03 1.147508323192596436e-01 6.115052383393049240e-03
6.045659999999485080e+03 1.178915202617645264e-01 6.128049921244382858e-03
6.047139999999484644e+03 1.098503395915031433e-01 6.027505733072757721e-03
6.048619999999484207e+03 1.065911650657653809e-01 5.964106414467096329e-03
6.050099999999483771e+03 1.074583753943443298e-01 5.984278395771980286e-03
6.051579999999483334e+03 9.683676064014434814e-02 5.814993288367986679e-03
6.053059999999482898e+03 1.087150573730468750e-01 6.030957214534282684e-03
6.054539999999482461e+03 1.122598648071289062e-01 6.061904132366180420e-03
6.056019999999482025e+03 1.112842410802841187e-01 6.020357832312583923e-03
6.057499999999481588e+03 1.044713482260704041e-01 5.964364856481552124e-03
6.058979999999481151e+03 1.042438521981239319e-01 5.947629455476999283e-03
6.060459999999480715e+03 1.139370352029800415e-01 6.109334994107484818e-03
6.061939999999480278e+03 1.204736158251762390e-01 6.232827901840209961e-03
6.063419999999479842e+03 1.110684573650360107e-01 6.063106935471296310e-03
6.064899999999479405e+03 1.148324981331825256e-01 6.098098587244749069e-03
6.066379999999478969e+03 1.192547604441642761e-01 6.182833109050989151e-03
6.067859999999478532e+03 1.101656630635261536e-01 6.052940618246793747e-03
6.069339999999478096e+03 1.136087551712989807e-01 6.077683996409177780e-03
6.070819999999477659e+03 1.181479170918464661e-01 6.097721401602029800e-03
6.072299999999477222e+03 1.139171868562698364e-01 6.042979191988706589e-03
6.073779999999476786e+03 1.093965694308280945e-01 5.981618538498878479e-03
6.075259999999476349e+03 1.108514815568923950e-01 6.000714842230081558e-03
6.076739999999475913e+03 1.166766956448554993e-01 6.089740432798862457e-03
6.078219999999475476e+03 1.120962649583816528e-01 5.986957810819149017e-03
6.079699999999475040e+03 1.108845919370651245e-01 5.998738110065460205e-03
6.081179999999474603e+03 1.067575961351394653e-01 5.943121854215860367e-03
6.082659999999474167e+03 9.656187891960144043e-02 5.777122452855110168e-03
6.084139999999473730e+03 1.084065735340118408e-01 5.975496955215930939e-03
6.085619999999473293e+03 1.106018573045730591e-01 6.003719754517078400e-03
6.087099999999472857e+03 9.943199157714843750e-02 5.812516901642084122e-03
6.088579999999472420e+03 1.018413007259368896e-01 5.845162086188793182e-03
6.090059999999471984e+03 1.118968948721885681e-01 6.022930145263671875e-03
6.091539999999471547e+03 1.066133081912994385e-01 5.886278580874204636e-03
6.093019999999471111e+03 1.155114099383354187e-01 6.047489587217569351e-03
6.094499999999470674e+03 1.091554686427116394e-01 5.974465981125831604e-03
6.095979999999470238e+03 1.125621795654296875e-01 5.994681734591722488e-03
6.097459999999469801e+03 1.215111464262008667e-01 6.169894244521856308e-03
6.098939999999469364e+03 1.078059375286102295e-01 5.955299362540245056e-03
6.100419999999468928e+03 1.121802702546119690e-01 6.005833856761455536e-03
6.101899999999468491e+03 1.128831058740615845e-01 5.982896778732538223e-03
6.103379999999468055e+03 1.056941822171211243e-01 5.829180125147104263e-03
6.104859999999467618e+03 1.165530681610107422e-01 6.095673888921737671e-03
6.106339999999467182e+03 1.186074912548065186e-01 6.093657109886407852e-03
6.107819999999466745e+03 1.098132357001304626e-01 5.961793474853038788e-03
6.109299999999466309e+03 1.062453687191009521e-01 5.887178238481283188e-03
6.110779999999465872e+03 1.180711612105369568e-01 6.074981298297643661e-03
6.112259999999465435e+03 1.131306067109107971e-01 6.005753297358751297e-03
6.113739999999464999e+03 1.145476326346397400e-01 6.020538508892059326e-03
6.115219999999464562e+03 1.149856150150299072e-01 6.035747006535530090e-03
6.116699999999464126e+03 1.094135046005249023e-01 5.933283362537622452e-03
6.118179999999463689e+03 1.170063391327857971e-01 6.082776468247175217e-03
6.119659999999463253e+03 1.134830638766288757e-01 5.993499420583248138e-03
6.121139999999462816e+03 1.018381565809249878e-01 5.762899294495582581e-03
6.122619999999462379e+03 1.050624176859855652e-01 5.856578703969717026e-03
6.124099999999461943e+03 1.157254353165626526e-01 6.039096508175134659e-03
6.125579999999461506e+03 1.026204600930213928e-01 5.836375057697296143e-03
6.127059999999461070e+03 1.121419295668601990e-01 6.014479789882898331e-03
6.128539999999460633e+03 1.168457493185997009e-01 6.067248526960611343e-03
6.130019999999460197e+03 1.003266423940658569e-01 5.753010511398315430e-03
6.131499999999459760e+03 1.109307408332824707e-01 5.939340218901634216e-03
6.132979999999459324e+03 1.166853457689285278e-01 6.040372885763645172e-03
6.134459999999458887e+03 1.072127148509025574e-01 5.909940693527460098e-03
6.135939999999458450e+03 1.048448011279106140e-01 5.876025650650262833e-03
6.137419999999458014e+03 1.129844263195991516e-01 6.024460308253765106e-03
6.138899999999457577e+03 1.150306388735771179e-01 6.137701682746410370e-03
6.140379999999457141e+03 1.148063242435455322e-01 6.114158779382705688e-03
6.141859999999456704e+03 1.189820021390914917e-01 6.164245307445526123e-03
6.143339999999456268e+03 1.098361462354660034e-01 6.118451710790395737e-03
6.144819999999455831e+03 1.028087660670280457e-01 6.011421792209148407e-03
6.146299999999455395e+03 1.098137572407722473e-01 6.004394497722387314e-03
6.147779999999454958e+03 1.166918650269508362e-01 6.027224007993936539e-03
6.149259999999454521e+03 1.085668876767158508e-01 5.919765681028366089e-03
6.150739999999454085e+03 1.050536185503005981e-01 5.915678571909666061e-03
6.152219999999453648e+03 1.131451278924942017e-01 6.019367836415767670e-03
6.153699999999453212e+03 1.217288523912429810e-01 6.125779822468757629e-03
6.155179999999452775e+03 1.237164884805679321e-01 6.168202962726354599e-03
6.156659999999452339e+03 1.153585314750671387e-01 6.040643434971570969e-03
6.158139999999451902e+03 1.043237745761871338e-01 5.827697459608316422e-03
6.159619999999451466e+03 1.173766106367111206e-01 6.024573463946580887e-03
6.161099999999451029e+03 1.159839853644371033e-01 5.958278197795152664e-03
6.162579999999450592e+03 1.138718351721763611e-01 5.881439428776502609e-03
6.164059999999450156e+03 1.087594777345657349e-01 5.820326507091522217e-03
6.165539999999449719e+03 1.049485430121421814e-01 5.788099486380815506e-03
6.167019999999449283e+03 1.054848879575729370e-01 5.797125864773988724e-03
6.168499999999448846e+03 1.167629361152648926e-01 6.129781249910593033e-03
6.169979999999448410e+03 1.032113730907440186e-01 6.105451378971338272e-03
6.171459999999447973e+03 1.109721586108207703e-01 6.184450350701808929e-03
6.172939999999447537e+03 1.043881326913833618e-01 5.886472761631011963e-03
6.174419999999447100e+03 1.097808554768562317e-01 5.995980463922023773e-03
6.175899999999446663e+03 1.127297729253768921e-01 6.074512377381324768e-03
6.177379999999446227e+03 1.102088019251823425e-01 5.968125071376562119e-03
6.178859999999445790e+03 1.104541569948196411e-01 5.919048096984624863e-03
6.180339999999445354e+03 1.114592477679252625e-01 5.946408491581678391e-03
6.181819999999444917e+03 1.087404862046241760e-01 5.929037928581237793e-03
6.183299999999444481e+03 1.154259815812110901e-01 6.077089346945285797e-03
6.184779999999444044e+03 1.063835769891738892e-01 5.917456001043319702e-03
6.186259999999443608e+03 1.157908588647842407e-01 6.022146437317132950e-03
6.187739999999443171e+03 1.164791136980056763e-01 6.040007807314395905e-03
6.189219999999442734e+03 1.065741702914237976e-01 5.865931045264005661e-03
6.190699999999442298e+03 1.001804098486900330e-01 5.742635112255811691e-03
6.192179999999441861e+03 1.126789078116416931e-01 5.970363039523363113e-03
6.193659999999441425e+03 1.198471859097480774e-01 6.087291985750198364e-03
6.195139999999440988e+03 1.112085431814193726e-01 5.910332780331373215e-03
6.196619999999440552e+03 1.089755967259407043e-01 5.841882433742284775e-03
6.198099999999440115e+03 1.151730790734291077e-01 5.933899898082017899e-03
6.199579999999439679e+03 1.080810576677322388e-01 5.870094522833824158e-03
6.201059999999439242e+03 9.911794215440750122e-02 5.932911299169063568e-03
6.202539999999438805e+03 1.035625413060188293e-01 6.126711145043373108e-03
6.204019999999438369e+03 1.031902134418487549e-01 6.012024823576211929e-03
6.205499999999437932e+03 1.075973212718963623e-01 5.901478230953216553e-03
6.206979999999437496e+03 1.111861690878868103e-01 5.956359207630157471e-03
6.208459999999437059e+03 1.135095357894897461e-01 6.024193484336137772e-03
6.209939999999436623e+03 1.059876829385757446e-01 5.859551485627889633e-03
6.211419999999436186e+03 1.078198403120040894e-01 5.937852896749973297e-03
6.212899999999435749e+03 1.045746356248855591e-01 5.941708572208881378e-03
6.214379999999435313e+03 9.975823760032653809e-02 5.772980395704507828e-03
6.215859999999434876e+03 1.052478924393653870e-01 5.831424612551927567e-03
6.217339999999434440e+03 1.026540696620941162e-01 5.801445804536342621e-03
6.218819999999434003e+03 1.014127731323242188e-01 5.808691959828138351e-03
6.220299999999433567e+03 9.481900930404663086e-02 5.901606753468513489e-03
6.221779999999433130e+03 1.079844906926155090e-01 6.199122406542301178e-03
6.223259999999432694e+03 1.103300377726554871e-01 6.048511248081922531e-03
6.224739999999432257e+03 1.157925501465797424e-01 5.995076615363359451e-03
6.226219999999431820e+03 1.111363545060157776e-01 5.887487437576055527e-03
6.227699999999431384e+03 9.853919595479965210e-02 5.692607723176479340e-03
6.229179999999430947e+03 1.034079641103744507e-01 5.743346177041530609e-03
6.230659999999430511e+03 1.049432381987571716e-01 5.793876945972442627e-03
6.232139999999430074e+03 1.033657565712928772e-01 6.028821226209402084e-03
6.233619999999429638e+03 9.771703928709030151e-02 6.646238267421722412e-03
6.235099999999429201e+03 1.057500392198562622e-01 7.266920525580644608e-03
6.236579999999428765e+03 1.081625074148178101e-01 7.072826847434043884e-03
6.238059999999428328e+03 1.066646575927734375e-01 6.415151059627532959e-03
6.239539999999427891e+03 1.005428805947303772e-01 6.092866417020559311e-03
6.241019999999427455e+03 9.914086014032363892e-02 6.163841579109430313e-03
6.242499999999427018e+03 1.040658429265022278e-01 6.235216744244098663e-03
6.243979999999426582e+03 9.346345812082290649e-02 5.878294818103313446e-03
6.245459999999426145e+03 9.953985363245010376e-02 5.783364642411470413e-03
6.246939999999425709e+03 1.132127493619918823e-01 5.971426609903573990e-03
6.248419999999425272e+03 1.099709719419479370e-01 5.931425374001264572e-03
6.249899999999424836e+03 1.060870587825775146e-01 5.800050217658281326e-03
6.251379999999424399e+03 1.006583943963050842e-01 5.665634758770465851e-03
6.252859999999423962e+03 1.002013757824897766e-01 5.630924366414546967e-03
6.254339999999423526e+03 1.039192974567413330e-01 5.828454624861478806e-03
6.255819999999423089e+03 1.092994362115859985e-01 1.081688422709703445e-02
6.257299999999422653e+03 1.218454539775848389e-01 1.288783177733421326e-02
6.258779999999422216e+03 1.147537082433700562e-01 6.891616620123386383e-03
6.260259999999421780e+03 1.077398434281349182e-01 6.105450913310050964e-03
6.261739999999421343e+03 1.120064333081245422e-01 6.024768110364675522e-03
6.263219999999420907e+03 1.038450375199317932e-01 6.119031924754381180e-03
6.264699999999420470e+03 1.005773320794105530e-01 6.256901659071445465e-03
6.266179999999420033e+03 1.103944107890129089e-01 6.319570820778608322e-03
6.267659999999419597e+03 1.098022162914276123e-01 6.044387817382812500e-03
6.269139999999419160e+03 1.053363755345344543e-01 5.895927082747220993e-03
6.270619999999418724e+03 1.067678406834602356e-01 5.858265329152345657e-03
6.272099999999418287e+03 1.008498221635818481e-01 5.778502207249403000e-03
6.273579999999417851e+03 1.012343466281890869e-01 5.828199442476034164e-03
6.275059999999417414e+03 1.005307137966156006e-01 5.901116412132978439e-03
6.276539999999416978e+03 8.808928728103637695e-02 5.716895684599876404e-03
6.278019999999416541e+03 8.595556020736694336e-02 5.639132112264633179e-03
6.279499999999416104e+03 9.771393984556198120e-02 5.719233304262161255e-03
6.280979999999415668e+03 1.006867885589599609e-01 5.686007440090179443e-03
6.282459999999415231e+03 1.029084101319313049e-01 5.747110582888126373e-03
6.283939999999414795e+03 9.502611309289932251e-02 5.677248351275920868e-03
6.285419999999414358e+03 9.816721081733703613e-02 6.390387658029794693e-03
6.286899999999413922e+03 1.001283824443817139e-01 7.001684047281742096e-03
6.288379999999413485e+03 9.232838451862335205e-02 6.614799611270427704e-03
6.289859999999413048e+03 9.426255524158477783e-02 5.902652628719806671e-03
6.291339999999412612e+03 9.461661428213119507e-02 5.587701220065355301e-03
6.292819999999412175e+03 1.111840009689331055e-01 5.904300138354301453e-03
6.294299999999411739e+03 1.102914214134216309e-01 5.877770017832517624e-03
6.295779999999411302e+03 1.003965586423873901e-01 5.757382139563560486e-03
6.297259999999410866e+03 3.936255723237991333e-02 7.315037772059440613e-03
6.298739999999410429e+03 6.431738287210464478e-02 1.371685601770877838e-02
6.300219999999409993e+03 1.737998276948928833e-01 1.598237641155719757e-02
6.301699999999409556e+03 1.178060024976730347e-01 1.238348614424467087e-02
6.303179999999409119e+03 5.800252407789230347e-02 5.976517684757709503e-03
6.304659999999408683e+03 1.006846502423286438e-01 6.176879163831472397e-03
6.306139999999408246e+03 1.122332662343978882e-01 7.272609975188970566e-03
6.307619999999407810e+03 1.127741336822509766e-01 7.065904792398214340e-03
6.309099999999407373e+03 9.632191061973571777e-02 5.961408838629722595e-03
6.310579999999406937e+03 1.028639450669288635e-01 5.750252865254878998e-03
6.312059999999406500e+03 1.105892285704612732e-01 5.861884914338588715e-03
6.313539999999406064e+03 1.028205975890159607e-01 5.699178203940391541e-03
6.315019999999405627e+03 9.389607608318328857e-02 5.528367590159177780e-03
6.316499999999405190e+03 1.028474271297454834e-01 5.699940025806427002e-03
6.317979999999404754e+03 1.197284683585166931e-01 5.988921504467725754e-03
6.319459999999404317e+03 1.058384925127029419e-01 5.981442984193563461e-03
6.320939999999403881e+03 1.093845441937446594e-01 6.246999837458133698e-03
6.322419999999403444e+03 1.168631166219711304e-01 6.235669367015361786e-03
6.323899999999403008e+03 1.033112406730651855e-01 5.795487202703952789e-03
6.325379999999402571e+03 9.683503210544586182e-02 5.648216698318719864e-03
6.326859999999402135e+03 9.360818564891815186e-02 5.810046102851629257e-03
6.328339999999401698e+03 1.106519028544425964e-01 6.769569590687751770e-03
6.329819999999401261e+03 1.041773185133934021e-01 6.944276392459869385e-03
6.331299999999400825e+03 1.075993478298187256e-01 6.398496218025684357e-03
6.332779999999400388e+03 1.118151247501373291e-01 5.915926769375801086e-03
6.334259999999399952e+03 1.022271886467933655e-01 5.697481799870729446e-03
6.335739999999399515e+03 9.899762272834777832e-02 5.628503393381834030e-03
6.337219999999399079e+03 1.044194996356964111e-01 5.733934231102466583e-03
6.338699999999398642e+03 1.038550958037376404e-01 5.750417243689298630e-03
6.340179999999398206e+03 9.748581051826477051e-02 5.636910442262887955e-03
6.341659999999397769e+03 1.043857485055923462e-01 5.776786711066961288e-03
6.343139999999397332e+03 1.179624497890472412e-01 5.983385723084211349e-03
6.344619999999396896e+03 1.095947846770286560e-01 5.814041476696729660e-03
6.346099999999396459e+03 9.436341375112533569e-02 5.704056937247514725e-03
6.347579999999396023e+03 9.802714735269546509e-02 5.948294885456562042e-03
6.349059999999395586e+03 9.627579152584075928e-02 5.904912948608398438e-03
6.350539999999395150e+03 9.404167532920837402e-02 5.676863249391317368e-03
6.352019999999394713e+03 9.914681315422058105e-02 5.674018990248441696e-03
6.353499999999394277e+03 1.020459160208702087e-01 5.906819365918636322e-03
6.354979999999393840e+03 1.014695912599563599e-01 6.344098132103681564e-03
6.356459999999393403e+03 9.478425234556198120e-02 6.325390189886093140e-03
6.357939999999392967e+03 9.398769587278366089e-02 5.897897761315107346e-03
6.359419999999392530e+03 9.900975227355957031e-02 5.712622310966253281e-03
6.360899999999392094e+03 8.551484346389770508e-02 6.383474916219711304e-03
6.362379999999391657e+03 1.158898919820785522e-01 9.632620029151439667e-03
6.363859999999391221e+03 1.260785758495330811e-01 1.021072175353765488e-02
6.365339999999390784e+03 9.023970365524291992e-02 7.675875909626483917e-03
6.366819999999390348e+03 1.001734882593154907e-01 5.873265676200389862e-03
6.368299999999389911e+03 1.006185486912727356e-01 5.602629389613866806e-03
6.369779999999389474e+03 1.020034179091453552e-01 5.699730478227138519e-03
6.371259999999389038e+03 1.009933352470397949e-01 5.664692725986242294e-03
6.372739999999388601e+03 9.619395434856414795e-02 5.615725647658109665e-03
6.374219999999388165e+03 9.896999597549438477e-02 5.663543939590454102e-03
6.375699999999387728e+03 1.032763049006462097e-01 5.765025503933429718e-03
6.377179999999387292e+03 1.098947823047637939e-01 5.942179821431636810e-03
6.378659999999386855e+03 1.049517542123794556e-01 5.959037691354751587e-03
6.380139999999386418e+03 1.038754284381866455e-01 5.892583634704351425e-03
6.381619999999385982e+03 1.034631431102752686e-01 5.746808834373950958e-03
6.383099999999385545e+03 1.018165349960327148e-01 5.709683522582054138e-03
6.384579999999385109e+03 1.029299497604370117e-01 5.934409331530332565e-03
6.386059999999384672e+03 1.050450056791305542e-01 6.121159065514802933e-03
6.387539999999384236e+03 1.024238914251327515e-01 5.913940258324146271e-03
6.389019999999383799e+03 1.020614653825759888e-01 5.711081437766551971e-03
6.390499999999383363e+03 1.104765310883522034e-01 5.833177827298641205e-03
6.391979999999382926e+03 1.106113195419311523e-01 5.814000032842159271e-03
6.393459999999382489e+03 1.059062629938125610e-01 5.749147851020097733e-03
6.394939999999382053e+03 1.073895767331123352e-01 5.784288048744201660e-03
6.396419999999381616e+03 1.063683107495307922e-01 5.753763485699892044e-03
6.397899999999381180e+03 1.015416085720062256e-01 5.642103496938943863e-03
6.399379999999380743e+03 1.043447256088256836e-01 5.673246923834085464e-03
6.400859999999380307e+03 1.002548635005950928e-01 5.613941233605146408e-03
6.402339999999379870e+03 9.244582056999206543e-02 5.510696209967136383e-03
6.403819999999379434e+03 1.017648503184318542e-01 5.650254432111978531e-03
6.405299999999378997e+03 1.051300689578056335e-01 5.673381034284830093e-03
6.406779999999378560e+03 1.043711081147193909e-01 5.635985173285007477e-03
6.408259999999378124e+03 1.074531525373458862e-01 5.683465860784053802e-03
6.409739999999377687e+03 9.899924695491790771e-02 5.594463087618350983e-03
6.411219999999377251e+03 1.016259416937828064e-01 5.674760323017835617e-03
6.412699999999376814e+03 1.005720198154449463e-01 5.716527346521615982e-03
6.414179999999376378e+03 1.066665053367614746e-01 5.808879155665636063e-03
6.415659999999375941e+03 1.179430484771728516e-01 5.965126212686300278e-03
6.417139999999375505e+03 1.668866425752639771e-01 6.683672312647104263e-03
6.418619999999375068e+03 1.757830679416656494e-01 6.871099583804607391e-03
6.420099999999374631e+03 1.307933926582336426e-01 6.283740513026714325e-03
6.421579999999374195e+03 9.601844847202301025e-02 5.632920656353235245e-03
6.423059999999373758e+03 9.795382618904113770e-02 5.573475267738103867e-03
6.424539999999373322e+03 1.020169109106063843e-01 5.635417532175779343e-03
6.426019999999372885e+03 9.357646107673645020e-02 5.481472238898277283e-03
6.427499999999372449e+03 9.986197948455810547e-02 5.572646390646696091e-03
6.428979999999372012e+03 1.134269535541534424e-01 5.791615694761276245e-03
6.430459999999371576e+03 1.137896403670310974e-01 5.806958302855491638e-03
6.431939999999371139e+03 1.043057963252067566e-01 5.698117427527904510e-03
6.433419999999370702e+03 1.002411395311355591e-01 5.634247325360774994e-03
6.434899999999370266e+03 1.030432879924774170e-01 5.654903128743171692e-03
6.436379999999369829e+03 9.020993113517761230e-02 5.451552569866180420e-03
6.437859999999369393e+03 8.837317675352096558e-02 5.392402410507202148e-03
6.439339999999368956e+03 9.791090339422225952e-02 5.553564056754112244e-03
6.440819999999368520e+03 1.013702675700187683e-01 5.620685871690511703e-03
6.442299999999368083e+03 1.067844331264495850e-01 5.721709690988063812e-03
6.443779999999367647e+03 1.111845821142196655e-01 5.804988089948892593e-03
6.445259999999367210e+03 1.111335456371307373e-01 5.794894881546497345e-03
6.446739999999366773e+03 1.003767177462577820e-01 5.612174514681100845e-03
6.448219999999366337e+03 9.913372248411178589e-02 5.620677955448627472e-03
6.449699999999365900e+03 1.061638370156288147e-01 5.754917860031127930e-03
6.451179999999365464e+03 1.046521961688995361e-01 5.758145824074745178e-03
6.452659999999365027e+03 1.016897857189178467e-01 5.731072276830673218e-03
6.454139999999364591e+03 1.004960313439369202e-01 5.679386202245950699e-03
6.455619999999364154e+03 9.250927716493606567e-02 5.535659380257129669e-03
6.457099999999363718e+03 9.440467506647109985e-02 5.634551402181386948e-03
6.458579999999363281e+03 1.079893037676811218e-01 5.864493548870086670e-03
6.460059999999362844e+03 1.044791042804718018e-01 5.767622962594032288e-03
6.461539999999362408e+03 1.074195951223373413e-01 5.897612776607275009e-03
6.463019999999361971e+03 9.702894091606140137e-02 6.005162373185157776e-03
6.464499999999361535e+03 1.003153547644615173e-01 6.327708251774311066e-03
6.465979999999361098e+03 1.195200234651565552e-01 6.514543667435646057e-03
6.467459999999360662e+03 1.091848686337471008e-01 6.123175378888845444e-03
6.468939999999360225e+03 9.880936890840530396e-02 6.117253564298152924e-03
6.470419999999359788e+03 1.044321358203887939e-01 6.383440922945737839e-03
6.471899999999359352e+03 1.081786006689071655e-01 6.179569289088249207e-03
6.473379999999358915e+03 1.087597459554672241e-01 5.843953695148229599e-03
6.474859999999358479e+03 1.020453497767448425e-01 5.716911517083644867e-03
6.476339999999358042e+03 9.668140858411788940e-02 5.735250655561685562e-03
6.477819999999357606e+03 9.149732440710067749e-02 5.683951545506715775e-03
6.479299999999357169e+03 9.805208444595336914e-02 5.706210620701313019e-03
6.480779999999356733e+03 1.141815111041069031e-01 5.875030532479286194e-03
6.482259999999356296e+03 1.099389940500259399e-01 5.773189943283796310e-03
6.483739999999355859e+03 1.230750903487205505e-01 5.973988678306341171e-03
6.485219999999355423e+03 1.096357554197311401e-01 5.737999454140663147e-03
6.486699999999354986e+03 1.082675457000732422e-01 5.715110804885625839e-03
6.488179999999354550e+03 9.748695790767669678e-02 5.547173321247100830e-03
6.489659999999354113e+03 1.012977361679077148e-01 5.612447392195463181e-03
6.491139999999353677e+03 9.954327344894409180e-02 5.579621531069278717e-03
6.492619999999353240e+03 1.043742224574089050e-01 5.649547558277845383e-03
6.494099999999352804e+03 9.461972117424011230e-02 5.477117840200662613e-03
6.495579999999352367e+03 7.947904616594314575e-02 5.574900191277265549e-03
6.497059999999351930e+03 1.018526032567024231e-01 6.824286188930273056e-03
6.498539999999351494e+03 1.071552932262420654e-01 7.202577311545610428e-03
6.500019999999351057e+03 9.680772572755813599e-02 6.370223592966794968e-03
6.501499999999350621e+03 9.671095013618469238e-02 5.690074991434812546e-03
6.502979999999350184e+03 1.063713952898979187e-01 5.956772249191999435e-03
6.504459999999349748e+03 1.092149168252944946e-01 6.211849395185709000e-03
6.505939999999349311e+03 9.850309789180755615e-02 5.859937984496355057e-03
6.507419999999348875e+03 9.630075842142105103e-02 5.582635290920734406e-03
6.508899999999348438e+03 1.000563278794288635e-01 5.596779752522706985e-03
6.510379999999348001e+03 9.957483410835266113e-02 5.598613992333412170e-03
6.511859999999347565e+03 9.560185670852661133e-02 5.611878819763660431e-03
6.513339999999347128e+03 8.850829303264617920e-02 5.565287545323371887e-03
6.514819999999346692e+03 9.682982414960861206e-02 5.617060698568820953e-03
6.516299999999346255e+03 1.033491417765617371e-01 5.614113528281450272e-03
6.517779999999345819e+03 9.647150337696075439e-02 5.470178090035915375e-03
6.519259999999345382e+03 1.076117977499961853e-01 5.752335302531719208e-03
6.520739999999344946e+03 9.761673212051391602e-02 5.824468564242124557e-03
6.522219999999344509e+03 1.122046113014221191e-01 6.095352582633495331e-03
6.523699999999344072e+03 1.048847287893295288e-01 5.816631019115447998e-03
6.525179999999343636e+03 1.109540462493896484e-01 5.805873312056064606e-03
6.526659999999343199e+03 9.483926743268966675e-02 5.522851832211017609e-03
6.528139999999342763e+03 9.585802257061004639e-02 5.525318905711174011e-03
6.529619999999342326e+03 9.483981877565383911e-02 5.661594681441783905e-03
6.531099999999341890e+03 1.005335971713066101e-01 6.459490861743688583e-03
6.532579999999341453e+03 1.110447570681571960e-01 6.952423602342605591e-03
6.534059999999341017e+03 1.092000082135200500e-01 6.497457157820463181e-03
6.535539999999340580e+03 1.019517034292221069e-01 5.745127331465482712e-03
6.537019999999340143e+03 1.044957116246223450e-01 5.660517141222953796e-03
6.538499999999339707e+03 9.740925580263137817e-02 5.583003163337707520e-03
6.539979999999339270e+03 9.710045158863067627e-02 5.609144456684589386e-03
6.541459999999338834e+03 1.080425083637237549e-01 6.012093275785446167e-03
6.542939999999338397e+03 1.077981069684028625e-01 6.206349469721317291e-03
6.544419999999337961e+03 1.028082966804504395e-01 6.081446539610624313e-03
6.545899999999337524e+03 1.033021584153175354e-01 5.932439118623733521e-03
6.547379999999337088e+03 1.028577089309692383e-01 5.829591769725084305e-03
6.548859999999336651e+03 9.366384893655776978e-02 5.558495409786701202e-03
6.550339999999336214e+03 8.996403962373733521e-02 5.660261493176221848e-03
6.551819999999335778e+03 9.906227886676788330e-02 6.638469174504280090e-03
6.553299999999335341e+03 1.035483554005622864e-01 6.935227662324905396e-03
6.554779999999334905e+03 9.820577502250671387e-02 6.289611104875802994e-03
6.556259999999334468e+03 9.791871160268783569e-02 5.580361932516098022e-03
6.557739999999334032e+03 1.000910773873329163e-01 5.498802755028009415e-03
6.559219999999333595e+03 8.286964893341064453e-02 5.588535219430923462e-03
6.560699999999333158e+03 9.216622263193130493e-02 7.164010312408208847e-03
6.562179999999332722e+03 1.165321916341781616e-01 7.995306514203548431e-03
6.563659999999332285e+03 1.104034855961799622e-01 7.077313959598541260e-03
6.565139999999331849e+03 1.014598459005355835e-01 5.811694078147411346e-03
6.566619999999331412e+03 1.088508218526840210e-01 5.855269730091094971e-03
6.568099999999330976e+03 1.057594716548919678e-01 6.014611106365919113e-03
6.569579999999330539e+03 9.608127176761627197e-02 5.795096978545188904e-03
6.571059999999330103e+03 1.020033061504364014e-01 5.707783624529838562e-03
6.572539999999329666e+03 9.527322649955749512e-02 5.455407779663801193e-03
6.574019999999329229e+03 9.577518701553344727e-02 5.663604475557804108e-03
6.575499999999328793e+03 9.798430651426315308e-02 6.260518450289964676e-03
6.576979999999328356e+03 1.077895909547805786e-01 6.565943360328674316e-03
6.578459999999327920e+03 1.106346324086189270e-01 6.242771632969379425e-03
6.579939999999327483e+03 9.555733203887939453e-02 5.728066433221101761e-03
6.581419999999327047e+03 1.025718301534652710e-01 6.072668358683586121e-03
6.582899999999326610e+03 1.033357754349708557e-01 6.096211727708578110e-03
6.584379999999326174e+03 9.430440515279769897e-02 5.687577649950981140e-03
6.585859999999325737e+03 9.607024490833282471e-02 5.516555625945329666e-03
6.587339999999325300e+03 1.085850745439529419e-01 5.705770570784807205e-03
6.588819999999324864e+03 1.051992624998092651e-01 5.661038681864738464e-03
6.590299999999324427e+03 9.660974889993667603e-02 5.517835263162851334e-03
6.591779999999323991e+03 9.919942170381546021e-02 5.519151687622070312e-03
6.593259999999323554e+03 1.018332839012145996e-01 5.594173446297645569e-03
6.594739999999323118e+03 1.009515225887298584e-01 5.764038767665624619e-03
6.596219999999322681e+03 9.804064035415649414e-02 5.749472416937351227e-03
6.597699999999322245e+03 1.036594137549400330e-01 5.749658215790987015e-03
6.599179999999321808e+03 1.003330573439598083e-01 5.609049927443265915e-03
6.600659999999321371e+03 1.014323458075523376e-01 5.683181807398796082e-03
6.602139999999320935e+03 1.007833555340766907e-01 5.963047966361045837e-03
6.603619999999320498e+03 9.687323868274688721e-02 6.049393210560083389e-03
6.605099999999320062e+03 9.954112768173217773e-02 5.857671611011028290e-03
6.606579999999319625e+03 1.073460802435874939e-01 5.710462108254432678e-03
6.608059999999319189e+03 1.044884324073791504e-01 5.589738022536039352e-03
6.609539999999318752e+03 1.033622846007347107e-01 5.593293346464633942e-03
6.611019999999318316e+03 1.010309010744094849e-01 5.566003266721963882e-03
6.612499999999317879e+03 9.338092803955078125e-02 5.434537772089242935e-03
6.613979999999317442e+03 9.592421352863311768e-02 5.504643544554710388e-03
6.615459999999317006e+03 9.883627295494079590e-02 5.557351280003786087e-03
6.616939999999316569e+03 9.384623169898986816e-02 5.445410497486591339e-03
6.618419999999316133e+03 8.801362663507461548e-02 5.357351154088973999e-03
6.619899999999315696e+03 9.886497259140014648e-02 5.571736022830009460e-03
6.621379999999315260e+03 1.011262759566307068e-01 5.587907973676919937e-03
6.622859999999314823e+03 9.957490116357803345e-02 5.533381830900907516e-03
6.624339999999314387e+03 9.994978457689285278e-02 5.541931837797164917e-03
6.625819999999313950e+03 1.017934158444404602e-01 5.641979165375232697e-03
6.627299999999313513e+03 9.946838021278381348e-02 5.609099287539720535e-03
6.628779999999313077e+03 1.063190773129463196e-01 5.708038806915283203e-03
6.630259999999312640e+03 1.084854304790496826e-01 5.677081178873777390e-03
6.631739999999312204e+03 9.921653568744659424e-02 5.645229481160640717e-03
6.633219999999311767e+03 9.425782412290573120e-02 5.648357793688774109e-03
6.634699999999311331e+03 9.349793195724487305e-02 5.608848296105861664e-03
6.636179999999310894e+03 9.783197194337844849e-02 5.578255746513605118e-03
6.637659999999310457e+03 9.868836402893066406e-02 5.538877565413713455e-03
6.639139999999310021e+03 1.007944941520690918e-01 5.566485691815614700e-03
6.640619999999309584e+03 9.926453977823257446e-02 5.533187650144100189e-03
6.642099999999309148e+03 1.065985485911369324e-01 5.632283631712198257e-03
6.643579999999308711e+03 1.065962910652160645e-01 5.625548306852579117e-03
6.645059999999308275e+03 1.043105423450469971e-01 5.605563521385192871e-03
6.646539999999307838e+03 1.107509359717369080e-01 5.719713401049375534e-03
6.648019999999307402e+03 1.016637459397315979e-01 5.587497260421514511e-03
6.649499999999306965e+03 9.740670770406723022e-02 5.533164367079734802e-03
6.650979999999306528e+03 1.000638902187347412e-01 5.579381249845027924e-03
6.652459999999306092e+03 9.392844885587692261e-02 5.444197915494441986e-03
6.653939999999305655e+03 9.663505107164382935e-02 5.494775250554084778e-03
6.655419999999305219e+03 9.960200637578964233e-02 5.558040924370288849e-03
6.656899999999304782e+03 1.052722111344337463e-01 5.626854021102190018e-03
6.658379999999304346e+03 1.006029546260833740e-01 5.540231708437204361e-03
6.659859999999303909e+03 9.976194053888320923e-02 5.539157893508672714e-03
6.661339999999303473e+03 9.269221127033233643e-02 5.436976440250873566e-03
6.662819999999303036e+03 1.013315021991729736e-01 5.570544395595788956e-03
6.664299999999302599e+03 1.044716164469718933e-01 5.624487530440092087e-03
6.665779999999302163e+03 1.080708503723144531e-01 5.746476817876100540e-03
6.667259999999301726e+03 1.478364169597625732e-01 6.377341225743293762e-03
6.668739999999301290e+03 2.793014347553253174e-01 8.096757344901561737e-03
6.670219999999300853e+03 3.468999266624450684e-01 8.782527409493923187e-03
6.671699999999300417e+03 2.337394505739212036e-01 7.457644212990999222e-03
6.673179999999299980e+03 1.115869283676147461e-01 5.711350589990615845e-03
6.674659999999299544e+03 1.055963039398193359e-01 5.578876473009586334e-03
6.676139999999299107e+03 1.045009940862655640e-01 5.557196680456399918e-03
6.677619999999298670e+03 1.005876287817955017e-01 5.481705069541931152e-03
6.679099999999298234e+03 1.006079390645027161e-01 5.508175585418939590e-03
6.680579999999297797e+03 1.168863922357559204e-01 5.800107028335332870e-03
6.682059999999297361e+03 6.290323734283447266e-01 1.134960353374481201e-02
6.683539999999296924e+03 2.928212642669677734e+00 2.387235313653945923e-02
6.685019999999296488e+03 4.211944103240966797e+00 2.866621129214763641e-02
6.686499999999296051e+03 2.504592657089233398e+00 2.202377840876579285e-02
6.687979999999295615e+03 4.174796044826507568e-01 9.457176551222801208e-03
6.689459999999295178e+03 1.456194669008255005e-01 6.230158731341362000e-03
6.690939999999294741e+03 1.109151244163513184e-01 5.673217587172985077e-03
6.692419999999294305e+03 8.850741386413574219e-02 5.310125183314085007e-03
6.693899999999293868e+03 9.649938344955444336e-02 5.440545268356800079e-03
6.695379999999293432e+03 9.637042880058288574e-02 5.424904171377420425e-03
6.696859999999292995e+03 1.021062284708023071e-01 5.617924500256776810e-03
6.698339999999292559e+03 1.004600673913955688e-01 5.608836654573678970e-03
6.699819999999292122e+03 1.012862399220466614e-01 5.612894892692565918e-03
6.701299999999291686e+03 1.115001812577247620e-01 5.783222150057554245e-03
6.702779999999291249e+03 1.424880027770996094e-01 6.235972978174686432e-03
6.704259999999290812e+03 5.141064524650573730e-01 1.041889749467372894e-02
6.705739999999290376e+03 8.219550848007202148e-01 1.287320815026760101e-02
6.707219999999289939e+03 6.256466507911682129e-01 1.135447155684232712e-02
6.708699999999289503e+03 1.846134513616561890e-01 6.815419998019933701e-03
6.710179999999289066e+03 1.062316969037055969e-01 5.622176919132471085e-03
6.711659999999288630e+03 1.119892969727516174e-01 5.727777723222970963e-03
6.713139999999288193e+03 1.067354977130889893e-01 5.781623534858226776e-03
6.714619999999287757e+03 9.961937367916107178e-02 5.807397421449422836e-03
6.716099999999287320e+03 9.725837409496307373e-02 5.713312420994043350e-03
6.717579999999286883e+03 8.426316827535629272e-02 5.324720405042171478e-03
6.719059999999286447e+03 9.677577018737792969e-02 5.446500610560178757e-03
6.720539999999286010e+03 1.030549928545951843e-01 5.555962212383747101e-03
6.722019999999285574e+03 1.026873514056205750e-01 5.494102835655212402e-03
6.723499999999285137e+03 1.084337979555130005e-01 5.606923718005418777e-03
6.724979999999284701e+03 9.638755768537521362e-02 5.415255669504404068e-03
6.726459999999284264e+03 9.460952877998352051e-02 5.442170891910791397e-03
6.727939999999283827e+03 9.269063174724578857e-02 5.527718458324670792e-03
6.729419999999283391e+03 1.037496924400329590e-01 5.795379169285297394e-03
6.730899999999282954e+03 9.943655133247375488e-02 5.628734827041625977e-03
6.732379999999282518e+03 9.528370201587677002e-02 5.466049071401357651e-03
6.733859999999282081e+03 1.047966405749320984e-01 5.588701926171779633e-03
6.735339999999281645e+03 1.014796942472457886e-01 5.503188353031873703e-03
6.736819999999281208e+03 9.959492087364196777e-02 5.439279600977897644e-03
6.738299999999280772e+03 9.838183224201202393e-02 5.483007989823818207e-03
6.739779999999280335e+03 9.732516855001449585e-02 5.496452096849679947e-03
6.741259999999279898e+03 1.012760996818542480e-01 5.549889057874679565e-03
6.742739999999279462e+03 1.000993400812149048e-01 5.560459569096565247e-03
6.744219999999279025e+03 9.807787090539932251e-02 5.537012591958045959e-03
6.745699999999278589e+03 9.334997832775115967e-02 5.441705696284770966e-03
6.747179999999278152e+03 9.296748787164688110e-02 5.399516317993402481e-03
6.748659999999277716e+03 9.377451241016387939e-02 5.401557311415672302e-03
6.750139999999277279e+03 8.954890817403793335e-02 5.297837778925895691e-03
6.751619999999276843e+03 1.050067543983459473e-01 5.546771921217441559e-03
6.753099999999276406e+03 9.856008738279342651e-02 5.426371470093727112e-03
6.754579999999275969e+03 1.022228896617889404e-01 5.496877711266279221e-03
6.756059999999275533e+03 9.773736447095870972e-02 5.423883441835641861e-03
6.757539999999275096e+03 9.613490104675292969e-02 5.401467904448509216e-03
6.759019999999274660e+03 1.023056134581565857e-01 5.526694469153881073e-03
6.760499999999274223e+03 9.887368977069854736e-02 5.502770654857158661e-03
6.761979999999273787e+03 9.011351317167282104e-02 5.338621325790882111e-03
6.763459999999273350e+03 9.814791381359100342e-02 5.450404714792966843e-03
6.764939999999272914e+03 9.932743757963180542e-02 5.441733170300722122e-03
6.766419999999272477e+03 9.243392944335937500e-02 5.311499815434217453e-03
6.767899999999272040e+03 9.103602916002273560e-02 5.285099148750305176e-03
6.769379999999271604e+03 9.231665730476379395e-02 5.316553637385368347e-03
6.770859999999271167e+03 9.243071079254150391e-02 5.317158997058868408e-03
6.772339999999270731e+03 9.322499483823776245e-02 5.338845308870077133e-03
6.773819999999270294e+03 9.617933630943298340e-02 5.407542455941438675e-03
6.775299999999269858e+03 9.093105047941207886e-02 5.327756050974130630e-03
6.776779999999269421e+03 9.713164716958999634e-02 5.424229893833398819e-03
6.778259999999268985e+03 1.043424457311630249e-01 5.541197489947080612e-03
6.779739999999268548e+03 1.004290804266929626e-01 5.466370377689599991e-03
6.781219999999268111e+03 1.010259017348289490e-01 5.479964427649974823e-03
6.782699999999267675e+03 8.994752168655395508e-02 5.289353430271148682e-03
6.784179999999267238e+03 9.963705390691757202e-02 5.463735200464725494e-03
6.785659999999266802e+03 1.023229658603668213e-01 5.479117855429649353e-03
6.787139999999266365e+03 9.489648789167404175e-02 5.418936721980571747e-03
6.788619999999265929e+03 9.496053308248519897e-02 5.411097314208745956e-03
6.790099999999265492e+03 8.795858174562454224e-02 5.276376847177743912e-03
6.791579999999265056e+03 8.331595361232757568e-02 5.191528238356113434e-03
6.793059999999264619e+03 8.994076400995254517e-02 5.304604768753051758e-03
6.794539999999264182e+03 8.821302652359008789e-02 5.243387073278427124e-03
6.796019999999263746e+03 9.240788966417312622e-02 5.285731051117181778e-03
6.797499999999263309e+03 9.920749068260192871e-02 5.389979574829339981e-03
6.798979999999262873e+03 9.740611910820007324e-02 5.379267968237400055e-03
6.800459999999262436e+03 1.071792468428611755e-01 5.565780680626630783e-03
6.801939999999262000e+03 1.314013898372650146e-01 5.964252166450023651e-03
6.803419999999261563e+03 1.315986216068267822e-01 5.978269502520561218e-03
6.804899999999261127e+03 1.082795560359954834e-01 5.598458927124738693e-03
6.806379999999260690e+03 9.939645230770111084e-02 5.457102321088314056e-03
6.807859999999260253e+03 9.028246253728866577e-02 5.289567168802022934e-03
6.809339999999259817e+03 9.796013683080673218e-02 5.408693570643663406e-03
6.810819999999259380e+03 9.068772196769714355e-02 5.290630273520946503e-03
6.812299999999258944e+03 9.699518978595733643e-02 5.380754824727773666e-03
6.813779999999258507e+03 9.710585325956344604e-02 5.379857495427131653e-03
6.815259999999258071e+03 8.461338281631469727e-02 5.182330030947923660e-03
6.816739999999257634e+03 9.515557438135147095e-02 5.386032164096832275e-03
6.818219999999257197e+03 9.672933816909790039e-02 5.391831044107675552e-03
6.819699999999256761e+03 9.300013631582260132e-02 5.326501093804836273e-03
6.821179999999256324e+03 9.742886573076248169e-02 5.412383470684289932e-03
6.822659999999255888e+03 9.877470135688781738e-02 5.416619125753641129e-03
6.824139999999255451e+03 9.326960146427154541e-02 5.478006321936845779e-03
6.825619999999255015e+03 8.197680115699768066e-02 5.879470612853765488e-03
6.827099999999254578e+03 9.603695571422576904e-02 6.978046149015426636e-03
6.828579999999254142e+03 1.035933643579483032e-01 7.297691423445940018e-03
6.830059999999253705e+03 8.470092713832855225e-02 6.438662763684988022e-03
6.831539999999253268e+03 8.687043935060501099e-02 6.484920624643564224e-03
6.833019999999252832e+03 1.037211865186691284e-01 7.231596857309341431e-03
6.834499999999252395e+03 1.068397164344787598e-01 6.937489379197359085e-03
6.835979999999251959e+03 8.866436779499053955e-02 5.703036207705736160e-03
6.837459999999251522e+03 1.024866402149200439e-01 5.624698940664529800e-03
6.838939999999251086e+03 3.096916079521179199e-01 8.460395969450473785e-03
6.840419999999250649e+03 7.323284745216369629e-01 1.227976381778717041e-02
6.841899999999250213e+03 7.634040117263793945e-01 1.250071171671152115e-02
6.843379999999249776e+03 3.439048826694488525e-01 8.681999519467353821e-03
6.844859999999249339e+03 1.218155398964881897e-01 5.812615621834993362e-03
6.846339999999248903e+03 9.876763075590133667e-02 5.412639118731021881e-03
6.847819999999248466e+03 9.835562855005264282e-02 5.459299311041831970e-03
6.849299999999248030e+03 9.602478891611099243e-02 5.489423405379056931e-03
6.850779999999247593e+03 9.481769800186157227e-02 5.429175216704607010e-03
6.852259999999247157e+03 1.043301671743392944e-01 5.546797066926956177e-03
6.853739999999246720e+03 2.831641435623168945e-01 7.936992682516574860e-03
6.855219999999246284e+03 5.861690044403076172e-01 1.089225988835096359e-02
6.856699999999245847e+03 5.583826303482055664e-01 1.065376214683055878e-02
6.858179999999245410e+03 2.467246651649475098e-01 7.448928896337747574e-03
6.859659999999244974e+03 8.185132592916488647e-02 5.993387661874294281e-03
6.861139999999244537e+03 8.343050628900527954e-02 7.121854461729526520e-03
6.862619999999244101e+03 1.123501509428024292e-01 8.536227978765964508e-03
6.864099999999243664e+03 9.770049154758453369e-02 7.922369055449962616e-03
6.865579999999243228e+03 7.094632834196090698e-02 5.565436556935310364e-03
6.867059999999242791e+03 6.800282001495361328e-02 4.814185667783021927e-03
6.868539999999242355e+03 7.115618884563446045e-02 5.005811806768178940e-03
6.870019999999241918e+03 7.557249814271926880e-02 5.226949695497751236e-03
6.871499999999241481e+03 7.953336089849472046e-02 5.153078120201826096e-03
6.872979999999241045e+03 7.081535458564758301e-02 4.762068390846252441e-03
6.874459999999240608e+03 8.062434196472167969e-02 4.927193280309438705e-03
6.875939999999240172e+03 8.025377243757247925e-02 4.948038142174482346e-03
6.877419999999239735e+03 7.637712359428405762e-02 5.024129990488290787e-03
6.878899999999239299e+03 7.211447507143020630e-02 5.221866071224212646e-03
6.880379999999238862e+03 8.228502422571182251e-02 5.579307675361633301e-03
6.881859999999238426e+03 9.115579724311828613e-02 5.549268797039985657e-03
6.883339999999237989e+03 8.744701743125915527e-02 5.201882217079401016e-03
6.884819999999237552e+03 7.722656428813934326e-02 5.045698955655097961e-03
6.886299999999237116e+03 8.072822540998458862e-02 5.401004571467638016e-03
6.887779999999236679e+03 9.002766013145446777e-02 5.897219758480787277e-03
6.889259999999236243e+03 8.204271644353866577e-02 5.689055193215608597e-03
6.890739999999235806e+03 7.542144507169723511e-02 5.135187879204750061e-03
6.892219999999235370e+03 7.266467064619064331e-02 4.965877626091241837e-03
6.893699999999234933e+03 7.863779366016387939e-02 5.058545153588056564e-03
6.895179999999234496e+03 7.816725224256515503e-02 4.956063814461231232e-03
6.896659999999234060e+03 7.748731225728988647e-02 4.970762412995100021e-03
6.898139999999233623e+03 7.724100351333618164e-02 5.508003756403923035e-03
6.899619999999233187e+03 9.104975312948226929e-02 6.054634228348731995e-03
6.901099999999232750e+03 8.814686536788940430e-02 5.814826115965843201e-03
6.902579999999232314e+03 8.906137198209762573e-02 5.377385765314102173e-03
6.904059999999231877e+03 7.960379123687744141e-02 5.043876357376575470e-03
6.905539999999231441e+03 8.505433052778244019e-02 5.114177241921424866e-03
6.907019999999231004e+03 8.486723154783248901e-02 5.086645483970642090e-03
6.908499999999230567e+03 8.382464945316314697e-02 5.158437881618738174e-03
6.909979999999230131e+03 9.200865775346755981e-02 5.824471358209848404e-03
6.911459999999229694e+03 1.009604781866073608e-01 6.357967387884855270e-03
6.912939999999229258e+03 9.489224851131439209e-02 6.035045254975557327e-03
6.914419999999228821e+03 8.825092762708663940e-02 5.328848026692867279e-03
6.915899999999228385e+03 8.705778419971466064e-02 5.163400433957576752e-03
6.917379999999227948e+03 8.238567411899566650e-02 5.058338399976491928e-03
6.918859999999227512e+03 8.191695064306259155e-02 5.257342476397752762e-03
6.920339999999227075e+03 8.788607269525527954e-02 6.280936766415834427e-03
6.921819999999226638e+03 1.087383106350898743e-01 7.323621772229671478e-03
6.923299999999226202e+03 8.004435151815414429e-02 6.718018557876348495e-03
6.924779999999225765e+03 8.357643336057662964e-02 5.602501332759857178e-03
6.926259999999225329e+03 9.420181810855865479e-02 5.373402033001184464e-03
6.927739999999224892e+03 7.513789087533950806e-02 4.978255368769168854e-03
6.929219999999224456e+03 9.778057783842086792e-02 5.380421411246061325e-03
6.930699999999224019e+03 8.747906982898712158e-02 5.177826620638370514e-03
6.932179999999223583e+03 9.212154895067214966e-02 5.257103126496076584e-03
6.933659999999223146e+03 9.584440290927886963e-02 5.342391785234212875e-03
6.935139999999222709e+03 8.586138486862182617e-02 5.202454514801502228e-03
6.936619999999222273e+03 8.804556727409362793e-02 5.635632202029228210e-03
6.938099999999221836e+03 9.704229980707168579e-02 6.186408922076225281e-03
6.939579999999221400e+03 9.763516485691070557e-02 6.057342048734426498e-03
6.941059999999220963e+03 8.376145362854003906e-02 5.353718064725399017e-03
6.942539999999220527e+03 7.713072001934051514e-02 5.035165231674909592e-03
6.944019999999220090e+03 8.340287208557128906e-02 5.102547816932201385e-03
6.945499999999219654e+03 8.196020126342773438e-02 5.650577601045370102e-03
6.946979999999219217e+03 9.033671766519546509e-02 7.075451780110597610e-03
6.948459999999218780e+03 8.873385936021804810e-02 7.301034871488809586e-03
6.949939999999218344e+03 9.013977646827697754e-02 6.431458983570337296e-03
6.951419999999217907e+03 9.114714711904525757e-02 5.498983897268772125e-03
6.952899999999217471e+03 8.302242308855056763e-02 5.175556056201457977e-03
6.954379999999217034e+03 9.068936854600906372e-02 5.303800571709871292e-03
6.955859999999216598e+03 9.230740368366241455e-02 5.380105227231979370e-03
6.957339999999216161e+03 9.771695733070373535e-02 5.482869688421487808e-03
6.958819999999215725e+03 9.502990543842315674e-02 5.421244539320468903e-03
6.960299999999215288e+03 9.358251094818115234e-02 5.392448045313358307e-03
6.961779999999214851e+03 8.799227327108383179e-02 5.284851882606744766e-03
6.963259999999214415e+03 8.586846292018890381e-02 5.211817100644111633e-03
6.964739999999213978e+03 8.493924140930175781e-02 5.209093913435935974e-03
6.966219999999213542e+03 9.197286516427993774e-02 5.470871459692716599e-03
6.967699999999213105e+03 8.979345113039016724e-02 5.721942521631717682e-03
6.969179999999212669e+03 8.670612424612045288e-02 5.801656749099493027e-03
6.970659999999212232e+03 9.557113051414489746e-02 5.712193436920642853e-03
6.972139999999211796e+03 8.825954049825668335e-02 5.294009111821651459e-03
6.973619999999211359e+03 9.012515842914581299e-02 5.313345231115818024e-03
6.975099999999210922e+03 8.878082782030105591e-02 5.591604392975568771e-03
6.976579999999210486e+03 1.033555492758750916e-01 6.556338164955377579e-03
6.978059999999210049e+03 1.044743433594703674e-01 6.606069859117269516e-03
6.979539999999209613e+03 9.575740247964859009e-02 5.791083909571170807e-03
6.981019999999209176e+03 9.184059500694274902e-02 5.387164186686277390e-03
6.982499999999208740e+03 9.762782603502273560e-02 5.433836951851844788e-03
6.983979999999208303e+03 1.007088571786880493e-01 5.509186536073684692e-03
6.985459999999207866e+03 8.253771066665649414e-02 5.207109730690717697e-03
6.986939999999207430e+03 8.051332086324691772e-02 5.158797837793827057e-03
6.988419999999206993e+03 8.481519669294357300e-02 5.225551314651966095e-03
6.989899999999206557e+03 8.784661442041397095e-02 5.249927286058664322e-03
6.991379999999206120e+03 8.905688673257827759e-02 5.216959863901138306e-03
6.992859999999205684e+03 9.326776117086410522e-02 5.285240709781646729e-03
6.994339999999205247e+03 9.735952317714691162e-02 5.420478526502847672e-03
6.995819999999204811e+03 9.005253016948699951e-02 5.350789986550807953e-03
6.997299999999204374e+03 8.683894574642181396e-02 5.256497301161289215e-03
6.998779999999203937e+03 8.810564875602722168e-02 5.270164925605058670e-03
7.000259999999203501e+03 9.384796023368835449e-02 5.445813760161399841e-03
7.001739999999203064e+03 9.546697139739990234e-02 5.617654882371425629e-03
7.003219999999202628e+03 9.419654309749603271e-02 5.611953791230916977e-03
7.004699999999202191e+03 9.284799546003341675e-02 5.435328930616378784e-03
7.006179999999201755e+03 9.874882549047470093e-02 5.378264468163251877e-03
7.007659999999201318e+03 9.006725251674652100e-02 5.333258304744958878e-03
7.009139999999200882e+03 9.733506292104721069e-02 5.827927961945533752e-03
7.010619999999200445e+03 8.684398978948593140e-02 5.861408542841672897e-03
7.012099999999200008e+03 8.353982865810394287e-02 5.498525686562061310e-03
7.013579999999199572e+03 9.184278547763824463e-02 5.340115632861852646e-03
7.015059999999199135e+03 9.651288390159606934e-02 5.344033241271972656e-03
7.016539999999198699e+03 9.262911975383758545e-02 5.246139597147703171e-03
7.018019999999198262e+03 9.361235797405242920e-02 5.283868405967950821e-03
7.019499999999197826e+03 9.779453277587890625e-02 5.365036893635988235e-03
7.020979999999197389e+03 9.428266435861587524e-02 5.277034826576709747e-03
7.022459999999196953e+03 9.268706291913986206e-02 5.259990226477384567e-03
7.023939999999196516e+03 9.249980747699737549e-02 5.298314616084098816e-03
7.025419999999196079e+03 9.112710505723953247e-02 5.262737162411212921e-03
7.026899999999195643e+03 9.209867566823959351e-02 5.303527228534221649e-03
7.028379999999195206e+03 9.192761033773422241e-02 5.306405480951070786e-03
7.029859999999194770e+03 9.052342921495437622e-02 5.260406993329524994e-03
7.031339999999194333e+03 9.180775284767150879e-02 5.255271214991807938e-03
7.032819999999193897e+03 9.241481870412826538e-02 5.251442547887563705e-03
7.034299999999193460e+03 8.144228905439376831e-02 5.080221686512231827e-03
7.035779999999193024e+03 9.204539656639099121e-02 5.265021696686744690e-03
7.037259999999192587e+03 9.052027016878128052e-02 5.254594609141349792e-03
7.038739999999192150e+03 9.597342461347579956e-02 5.471381358802318573e-03
7.040219999999191714e+03 9.280957281589508057e-02 5.499759223312139511e-03
7.041699999999191277e+03 8.377528190612792969e-02 5.278016440570354462e-03
7.043179999999190841e+03 9.082433581352233887e-02 5.358621478080749512e-03
7.044659999999190404e+03 9.537124633789062500e-02 5.609590560197830200e-03
7.046139999999189968e+03 8.882194757461547852e-02 5.780503619462251663e-03
7.047619999999189531e+03 8.800297230482101440e-02 5.867705214768648148e-03
7.049099999999189095e+03 8.901683986186981201e-02 5.717713385820388794e-03
7.050579999999188658e+03 8.741494268178939819e-02 5.543205887079238892e-03
7.052059999999188221e+03 9.213235974311828613e-02 5.588873755186796188e-03
7.053539999999187785e+03 8.742345124483108521e-02 5.457896739244461060e-03
7.055019999999187348e+03 9.422548860311508179e-02 5.442406516522169113e-03
7.056499999999186912e+03 9.767446666955947876e-02 5.420568864792585373e-03
7.057979999999186475e+03 9.532859921455383301e-02 5.418115761131048203e-03
7.059459999999186039e+03 9.441528469324111938e-02 5.445585120469331741e-03
7.060939999999185602e+03 8.953739702701568604e-02 5.411353893578052521e-03
7.062419999999185166e+03 9.579916298389434814e-02 5.587939172983169556e-03
7.063899999999184729e+03 9.548963606357574463e-02 5.610206164419651031e-03
7.065379999999184292e+03 9.372022002935409546e-02 5.596112925559282303e-03
7.066859999999183856e+03 9.360671043395996094e-02 5.539506673812866211e-03
7.068339999999183419e+03 9.289806336164474487e-02 5.497561767697334290e-03
7.069819999999182983e+03 8.739922940731048584e-02 5.402714479714632034e-03
7.071299999999182546e+03 8.908981829881668091e-02 5.431427620351314545e-03
7.072779999999182110e+03 9.831666946411132812e-02 5.597299896180629730e-03
7.074259999999181673e+03 9.394641965627670288e-02 5.492055788636207581e-03
7.075739999999181236e+03 9.008257836103439331e-02 5.424887873232364655e-03
7.077219999999180800e+03 9.220736473798751831e-02 5.534561350941658020e-03
7.078699999999180363e+03 8.451184630393981934e-02 5.355491302907466888e-03
7.080179999999179927e+03 8.997134864330291748e-02 5.468029528856277466e-03
7.081659999999179490e+03 9.612969309091567993e-02 5.602620542049407959e-03
7.083139999999179054e+03 9.006579220294952393e-02 5.428244825452566147e-03
7.084619999999178617e+03 8.769483864307403564e-02 5.343360360711812973e-03
7.086099999999178181e+03 9.480231255292892456e-02 5.597764626145362854e-03
7.087579999999177744e+03 9.639407694339752197e-02 5.713289137929677963e-03
7.089059999999177307e+03 8.982161432504653931e-02 5.608656443655490875e-03
7.090539999999176871e+03 8.659853786230087280e-02 5.438515916466712952e-03
7.092019999999176434e+03 9.103503078222274780e-02 5.401576869189739227e-03
7.093499999999175998e+03 9.212321043014526367e-02 5.366052966564893723e-03
7.094979999999175561e+03 9.099213033914566040e-02 5.313698668032884598e-03
7.096459999999175125e+03 8.658271282911300659e-02 5.253587383776903152e-03
