4.300739999999999782e+03 -8.000000000000000000e+00 2.828427076339721680e+00
4.302219999999999345e+03 -8.000000000000000000e+00 2.828427076339721680e+00
4.303699999999998909e+03 -8.000000000000000000e+00 2.828427076339721680e+00
4.305179999999998472e+03 -8.000000000000000000e+00 2.828427076339721680e+00
4.306659999999998035e+03 -8.000000000000000000e+00 2.828427076339721680e+00
4.308139999999997599e+03 -8.000000000000000000e+00 2.828427076339721680e+00
4.309619999999997162e+03 -8.000000000000000000e+00 2.828427076339721680e+00
4.311099999999996726e+03 -8.000000000000000000e+00 2.828427076339721680e+00
4.312579999999996289e+03 -8.000000000000000000e+00 2.828427076339721680e+00
4.314059999999995853e+03 -8.000000000000000000e+00 2.828427076339721680e+00
4.315539999999995416e+03 -8.000000000000000000e+00 2.828427076339721680e+00
4.317019999999994980e+03 -8.000000000000000000e+00 2.828427076339721680e+00
4.318499999999994543e+03 -8.000000000000000000e+00 2.828427076339721680e+00
4.319979999999994106e+03 -8.000000000000000000e+00 2.828427076339721680e+00
4.321459999999993670e+03 -8.000000000000000000e+00 2.828427076339721680e+00
4.322939999999993233e+03 -8.000000000000000000e+00 2.828427076339721680e+00
4.324419999999992797e+03 -8.000000000000000000e+00 2.828427076339721680e+00
4.325899999999992360e+03 -8.000000000000000000e+00 2.828427076339721680e+00
4.327379999999991924e+03 -8.000000000000000000e+00 2.828427076339721680e+00
4.328859999999991487e+03 -8.000000000000000000e+00 2.828427076339721680e+00
4.330339999999991051e+03 -8.000000000000000000e+00 2.828427076339721680e+00
4.331819999999990614e+03 -8.000000000000000000e+00 2.828427076339721680e+00
4.333299999999990177e+03 -8.000000000000000000e+00 2.828427076339721680e+00
4.334779999999989741e+03 -8.000000000000000000e+00 2.828427076339721680e+00
4.336259999999989304e+03 -8.000000000000000000e+00 2.828427076339721680e+00
4.337739999999988868e+03 -8.000000000000000000e+00 2.828427076339721680e+00
4.339219999999988431e+03 -8.000000000000000000e+00 2.828427076339721680e+00
4.340699999999987995e+03 -8.000000000000000000e+00 2.828427076339721680e+00
4.342179999999987558e+03 -8.000000000000000000e+00 2.828427076339721680e+00
4.343659999999987122e+03 -8.000000000000000000e+00 2.828427076339721680e+00
4.345139999999986685e+03 -8.000000000000000000e+00 2.828427076339721680e+00
4.346619999999986248e+03 -8.000000000000000000e+00 2.828427076339721680e+00
4.348099999999985812e+03 -8.000000000000000000e+00 2.828427076339721680e+00
4.349579999999985375e+03 -8.000000000000000000e+00 2.828427076339721680e+00
4.351059999999984939e+03 -8.000000000000000000e+00 2.828427076339721680e+00
4.352539999999984502e+03 -8.000000000000000000e+00 2.828427076339721680e+00
4.354019999999984066e+03 -8.000000000000000000e+00 2.828427076339721680e+00
4.355499999999983629e+03 -8.000000000000000000e+00 2.828427076339721680e+00
4.356979999999983193e+03 -8.000000000000000000e+00 2.828427076339721680e+00
4.358459999999982756e+03 -8.000000000000000000e+00 2.828427076339721680e+00
4.359939999999982319e+03 -8.000000000000000000e+00 2.828427076339721680e+00
4.361419999999981883e+03 -8.000000000000000000e+00 2.828427076339721680e+00
4.362899999999981446e+03 -8.000000000000000000e+00 2.828427076339721680e+00
4.364379999999981010e+03 -8.000000000000000000e+00 2.828427076339721680e+00
4.365859999999980573e+03 -8.000000000000000000e+00 2.828427076339721680e+00
4.367339999999980137e+03 -8.000000000000000000e+00 2.828427076339721680e+00
4.368819999999979700e+03 -8.000000000000000000e+00 2.828427076339721680e+00
4.370299999999979264e+03 -8.000000000000000000e+00 2.828427076339721680e+00
4.371779999999978827e+03 -8.000000000000000000e+00 2.828427076339721680e+00
4.373259999999978390e+03 -8.000000000000000000e+00 2.828427076339721680e+00
4.374739999999977954e+03 -8.000000000000000000e+00 2.828427076339721680e+00
4.376219999999977517e+03 -8.000000000000000000e+00 2.828427076339721680e+00
4.377699999999977081e+03 -8.000000000000000000e+00 2.828427076339721680e+00
4.379179999999976644e+03 -8.000000000000000000e+00 2.828427076339721680e+00
4.380659999999976208e+03 -8.000000000000000000e+00 2.828427076339721680e+00
4.382139999999975771e+03 -8.000000000000000000e+00 2.828427076339721680e+00
4.383619999999975335e+03 -8.000000000000000000e+00 2.828427076339721680e+00
4.385099999999974898e+03 -8.000000000000000000e+00 2.828427076339721680e+00
4.386579999999974461e+03 -8.000000000000000000e+00 2.828427076339721680e+00
4.388059999999974025e+03 -8.000000000000000000e+00 2.828427076339721680e+00
4.389539999999973588e+03 -8.000000000000000000e+00 2.828427076339721680e+00
4.391019999999973152e+03 -8.000000000000000000e+00 2.828427076339721680e+00
4.392499999999972715e+03 -8.000000000000000000e+00 2.828427076339721680e+00
4.393979999999972279e+03 -8.000000000000000000e+00 2.828427076339721680e+00
4.395459999999971842e+03 -8.000000000000000000e+00 2.828427076339721680e+00
4.396939999999971405e+03 -8.000000000000000000e+00 2.828427076339721680e+00
4.398419999999970969e+03 -8.000000000000000000e+00 2.828427076339721680e+00
4.399899999999970532e+03 -8.000000000000000000e+00 2.828427076339721680e+00
4.401379999999970096e+03 -8.000000000000000000e+00 2.828427076339721680e+00
4.402859999999969659e+03 -8.000000000000000000e+00 2.828427076339721680e+00
4.404339999999969223e+03 -8.000000000000000000e+00 2.828427076339721680e+00
4.405819999999968786e+03 -8.000000000000000000e+00 2.828427076339721680e+00
4.407299999999968350e+03 -8.000000000000000000e+00 2.828427076339721680e+00
4.408779999999967913e+03 -8.000000000000000000e+00 2.828427076339721680e+00
4.410259999999967476e+03 -8.000000000000000000e+00 2.828427076339721680e+00
4.411739999999967040e+03 -8.000000000000000000e+00 2.828427076339721680e+00
4.413219999999966603e+03 -8.000000000000000000e+00 2.828427076339721680e+00
4.414699999999966167e+03 -8.000000000000000000e+00 2.828427076339721680e+00
4.416179999999965730e+03 -8.000000000000000000e+00 2.828427076339721680e+00
4.417659999999965294e+03 -8.000000000000000000e+00 2.828427076339721680e+00
4.419139999999964857e+03 -8.000000000000000000e+00 2.828427076339721680e+00
4.420619999999964421e+03 -8.000000000000000000e+00 2.828427076339721680e+00
4.422099999999963984e+03 -8.000000000000000000e+00 2.828427076339721680e+00
4.423579999999963547e+03 -8.000000000000000000e+00 2.828427076339721680e+00
4.425059999999963111e+03 -8.000000000000000000e+00 2.828427076339721680e+00
4.426539999999962674e+03 -8.000000000000000000e+00 2.828427076339721680e+00
4.428019999999962238e+03 -8.000000000000000000e+00 2.828427076339721680e+00
4.429499999999961801e+03 -8.000000000000000000e+00 2.828427076339721680e+00
4.430979999999961365e+03 -8.000000000000000000e+00 2.828427076339721680e+00
4.432459999999960928e+03 -8.000000000000000000e+00 2.828427076339721680e+00
4.433939999999960492e+03 -8.000000000000000000e+00 2.828427076339721680e+00
4.435419999999960055e+03 -8.000000000000000000e+00 2.828427076339721680e+00
4.436899999999959618e+03 -8.000000000000000000e+00 2.828427076339721680e+00
4.438379999999959182e+03 -8.000000000000000000e+00 2.828427076339721680e+00
4.439859999999958745e+03 -8.000000000000000000e+00 2.828427076339721680e+00
4.441339999999958309e+03 -8.000000000000000000e+00 2.828427076339721680e+00
4.442819999999957872e+03 -8.000000000000000000e+00 2.828427076339721680e+00
4.444299999999957436e+03 -8.000000000000000000e+00 2.828427076339721680e+00
4.445779999999956999e+03 -8.000000000000000000e+00 2.828427076339721680e+00
4.447259999999956563e+03 -8.000000000000000000e+00 2.828427076339721680e+00
4.448739999999956126e+03 -8.000000000000000000e+00 2.828427076339721680e+00
4.450219999999955689e+03 -8.000000000000000000e+00 2.828427076339721680e+00
4.451699999999955253e+03 1.449948847293853760e-01 1.060182228684425354e-02
4.453179999999954816e+03 1.455528587102890015e-01 1.061025634407997131e-02
4.454659999999954380e+03 1.392190158367156982e-01 1.031367387622594833e-02
4.456139999999953943e+03 1.493887305259704590e-01 1.056290604174137115e-02
4.457619999999953507e+03 1.586889028549194336e-01 1.083919778466224670e-02
4.459099999999953070e+03 1.605075001716613770e-01 1.075626350939273834e-02
4.460579999999952634e+03 1.513493806123733521e-01 1.056555472314357758e-02
4.462059999999952197e+03 1.462034285068511963e-01 1.048335153609514236e-02
4.463539999999951760e+03 1.474853157997131348e-01 1.053064223378896713e-02
4.465019999999951324e+03 1.491988599300384521e-01 1.055922172963619232e-02
4.466499999999950887e+03 1.387160867452621460e-01 1.034957915544509888e-02
4.467979999999950451e+03 1.503015905618667603e-01 1.047438569366931915e-02
4.469459999999950014e+03 1.579556465148925781e-01 1.072442531585693359e-02
4.470939999999949578e+03 1.422638446092605591e-01 1.031537167727947235e-02
4.472419999999949141e+03 1.312403827905654907e-01 1.012938190251588821e-02
4.473899999999948704e+03 1.429097950458526611e-01 1.053818501532077789e-02
4.475379999999948268e+03 1.555759906768798828e-01 1.074011344462633133e-02
4.476859999999947831e+03 1.558329761028289795e-01 1.067788712680339813e-02
4.478339999999947395e+03 1.485419869422912598e-01 1.051320880651473999e-02
4.479819999999946958e+03 1.766763180494308472e-01 1.094173546880483627e-02
4.481299999999946522e+03 1.653858870267868042e-01 1.074502989649772644e-02
4.482779999999946085e+03 1.491434723138809204e-01 1.044489443302154541e-02
4.484259999999945649e+03 1.662986278533935547e-01 1.085623726248741150e-02
4.485739999999945212e+03 1.516719758510589600e-01 1.062900666147470474e-02
4.487219999999944775e+03 1.667428761720657349e-01 1.079924870282411575e-02
4.488699999999944339e+03 1.494341045618057251e-01 1.030715368688106537e-02
4.490179999999943902e+03 1.555294245481491089e-01 1.049399375915527344e-02
4.491659999999943466e+03 1.477314382791519165e-01 1.042247097939252853e-02
4.493139999999943029e+03 1.492979675531387329e-01 1.040353905409574509e-02
4.494619999999942593e+03 1.681445389986038208e-01 1.082275621592998505e-02
4.496099999999942156e+03 1.422019004821777344e-01 1.031870394945144653e-02
4.497579999999941720e+03 1.759923845529556274e-01 1.094248052686452866e-02
4.499059999999941283e+03 1.294426620006561279e-01 1.000478677451610565e-02
4.500539999999940846e+03 1.495636701583862305e-01 1.033002976328134537e-02
4.502019999999940410e+03 1.411292403936386108e-01 1.014636456966400146e-02
4.503499999999939973e+03 1.507732123136520386e-01 1.046323869377374649e-02
4.504979999999939537e+03 1.619194000959396362e-01 1.062447112053632736e-02
4.506459999999939100e+03 1.616201847791671753e-01 1.059872657060623169e-02
4.507939999999938664e+03 1.644773036241531372e-01 1.065151672810316086e-02
4.509419999999938227e+03 1.586161404848098755e-01 1.054097712039947510e-02
4.510899999999937791e+03 1.579565405845642090e-01 1.045855879783630371e-02
4.512379999999937354e+03 1.530568897724151611e-01 1.034412812441587448e-02
4.513859999999936917e+03 1.584063023328781128e-01 1.038118451833724976e-02
4.515339999999936481e+03 1.394261717796325684e-01 1.005485095083713531e-02
4.516819999999936044e+03 1.389062553644180298e-01 1.009917818009853363e-02
4.518299999999935608e+03 1.613287180662155151e-01 1.051920838654041290e-02
4.519779999999935171e+03 1.641668826341629028e-01 1.052035577595233917e-02
4.521259999999934735e+03 1.623931974172592163e-01 1.047952193766832352e-02
4.522739999999934298e+03 1.506429463624954224e-01 1.019078027456998825e-02
4.524219999999933862e+03 1.632716208696365356e-01 1.037266105413436890e-02
4.525699999999933425e+03 1.607811450958251953e-01 1.026026718318462372e-02
4.527179999999932988e+03 1.270145326852798462e-01 9.653754532337188721e-03
4.528659999999932552e+03 1.427108496427536011e-01 9.883483871817588806e-03
4.530139999999932115e+03 1.542607694864273071e-01 1.025307178497314453e-02
4.531619999999931679e+03 1.493855714797973633e-01 1.020171120762825012e-02
4.533099999999931242e+03 1.428756713867187500e-01 1.003137510269880295e-02
4.534579999999930806e+03 1.633718162775039673e-01 1.038897223770618439e-02
4.536059999999930369e+03 1.385261118412017822e-01 9.972144849598407745e-03
4.537539999999929933e+03 1.640150696039199829e-01 1.043852604925632477e-02
4.539019999999929496e+03 1.617682576179504395e-01 1.045695971697568893e-02
4.540499999999929059e+03 1.421655267477035522e-01 1.004543434828519821e-02
4.541979999999928623e+03 1.693031936883926392e-01 1.036747451871633530e-02
4.543459999999928186e+03 1.222423687577247620e-01 9.563389234244823456e-03
4.544939999999927750e+03 1.470123827457427979e-01 1.002869568765163422e-02
4.546419999999927313e+03 1.495296061038970947e-01 1.003687828779220581e-02
4.547899999999926877e+03 1.381575912237167358e-01 9.761562570929527283e-03
4.549379999999926440e+03 1.380474120378494263e-01 9.687104262411594391e-03
4.550859999999926004e+03 1.553308963775634766e-01 9.977136738598346710e-03
4.552339999999925567e+03 1.428320705890655518e-01 9.792579337954521179e-03
4.553819999999925130e+03 1.664112806320190430e-01 1.023626234382390976e-02
4.555299999999924694e+03 1.648263335227966309e-01 1.011323835700750351e-02
4.556779999999924257e+03 1.582861244678497314e-01 1.005699671804904938e-02
4.558259999999923821e+03 1.290835291147232056e-01 9.584379382431507111e-03
4.559739999999923384e+03 1.600649207830429077e-01 1.009767781943082809e-02
4.561219999999922948e+03 1.429310888051986694e-01 9.759289212524890900e-03
4.562699999999922511e+03 1.466679275035858154e-01 9.776353836059570312e-03
4.564179999999922074e+03 1.483366191387176514e-01 9.719615802168846130e-03
4.565659999999921638e+03 1.278404146432876587e-01 9.239950217306613922e-03
4.567139999999921201e+03 1.342555582523345947e-01 9.498765692114830017e-03
4.568619999999920765e+03 1.409377753734588623e-01 9.627444669604301453e-03
4.570099999999920328e+03 1.409736871719360352e-01 9.528293274343013763e-03
4.571579999999919892e+03 1.419098079204559326e-01 9.518627077341079712e-03
4.573059999999919455e+03 1.586631536483764648e-01 9.825889952480792999e-03
4.574539999999919019e+03 1.490644812583923340e-01 9.643663652241230011e-03
4.576019999999918582e+03 1.424339562654495239e-01 9.600031189620494843e-03
4.577499999999918145e+03 1.536644846200942993e-01 9.852048009634017944e-03
4.578979999999917709e+03 1.381309032440185547e-01 9.416637942194938660e-03
4.580459999999917272e+03 1.471640616655349731e-01 9.576166979968547821e-03
4.581939999999916836e+03 1.409290581941604614e-01 9.499298408627510071e-03
4.583419999999916399e+03 1.573778241872787476e-01 9.816545993089675903e-03
4.584899999999915963e+03 1.494234204292297363e-01 9.505387395620346069e-03
4.586379999999915526e+03 1.506492644548416138e-01 9.549000300467014313e-03
4.587859999999915090e+03 1.526861190795898438e-01 9.650380350649356842e-03
4.589339999999914653e+03 1.477718502283096313e-01 9.528465569019317627e-03
4.590819999999914216e+03 1.615122854709625244e-01 9.775297716259956360e-03
4.592299999999913780e+03 1.406739205121994019e-01 9.331440553069114685e-03
4.593779999999913343e+03 1.484207063913345337e-01 9.446556679904460907e-03
4.595259999999912907e+03 1.636178344488143921e-01 9.656552225351333618e-03
4.596739999999912470e+03 1.548475027084350586e-01 9.532514959573745728e-03
4.598219999999912034e+03 1.515554338693618774e-01 9.487526491284370422e-03
4.599699999999911597e+03 1.466918438673019409e-01 9.347875602543354034e-03
4.601179999999911161e+03 1.387279033660888672e-01 9.206579066812992096e-03
4.602659999999910724e+03 1.377791464328765869e-01 9.203192777931690216e-03
4.604139999999910287e+03 1.507253944873809814e-01 9.352764114737510681e-03
4.605619999999909851e+03 1.483272612094879150e-01 9.319775737822055817e-03
4.607099999999909414e+03 1.482031345367431641e-01 9.388143196702003479e-03
4.608579999999908978e+03 1.429778486490249634e-01 9.313863702118396759e-03
4.610059999999908541e+03 1.448407024145126343e-01 9.253646247088909149e-03
4.611539999999908105e+03 1.495908349752426147e-01 9.458825923502445221e-03
4.613019999999907668e+03 1.322655081748962402e-01 9.022602811455726624e-03
4.614499999999907232e+03 1.470351964235305786e-01 9.283198975026607513e-03
4.615979999999906795e+03 1.440915614366531372e-01 9.255352430045604706e-03
4.617459999999906358e+03 1.234830394387245178e-01 8.793181739747524261e-03
4.618939999999905922e+03 1.579183191061019897e-01 9.385359473526477814e-03
4.620419999999905485e+03 1.415579319000244141e-01 9.176549501717090607e-03
4.621899999999905049e+03 1.737699061632156372e-01 9.794384241104125977e-03
4.623379999999904612e+03 1.673327535390853882e-01 9.607616811990737915e-03
4.624859999999904176e+03 1.609058678150177002e-01 9.452262893319129944e-03
4.626339999999903739e+03 1.485649049282073975e-01 9.300041012465953827e-03
4.627819999999903303e+03 1.374402344226837158e-01 8.984354324638843536e-03
4.629299999999902866e+03 1.381103247404098511e-01 8.954439312219619751e-03
4.630779999999902429e+03 1.436651498079299927e-01 9.106827899813652039e-03
4.632259999999901993e+03 1.440940946340560913e-01 9.131932631134986877e-03
4.633739999999901556e+03 1.382959932088851929e-01 8.930684998631477356e-03
4.635219999999901120e+03 1.324540227651596069e-01 8.806367404758930206e-03
4.636699999999900683e+03 1.427437961101531982e-01 8.961988613009452820e-03
4.638179999999900247e+03 1.387577950954437256e-01 8.815745823085308075e-03
4.639659999999899810e+03 1.222190409898757935e-01 8.490660227835178375e-03
4.641139999999899374e+03 1.582760065793991089e-01 9.296136908233165741e-03
4.642619999999898937e+03 1.432130783796310425e-01 9.004925377666950226e-03
4.644099999999898500e+03 1.511172056198120117e-01 9.069649502635002136e-03
4.645579999999898064e+03 1.572806388139724731e-01 9.105035103857517242e-03
4.647059999999897627e+03 1.534920483827590942e-01 9.002074599266052246e-03
4.648539999999897191e+03 1.317368894815444946e-01 8.587313815951347351e-03
4.650019999999896754e+03 1.377624720335006714e-01 8.691917173564434052e-03
4.651499999999896318e+03 1.349575817584991455e-01 8.715193718671798706e-03
4.652979999999895881e+03 1.436930149793624878e-01 8.876499719917774200e-03
4.654459999999895444e+03 1.495966613292694092e-01 8.988034911453723907e-03
4.655939999999895008e+03 1.458861827850341797e-01 8.854959160089492798e-03
4.657419999999894571e+03 1.416565626859664917e-01 8.854939602315425873e-03
4.658899999999894135e+03 1.418010443449020386e-01 8.981724269688129425e-03
4.660379999999893698e+03 1.527162194252014160e-01 9.110834449529647827e-03
4.661859999999893262e+03 1.259739100933074951e-01 8.597628213465213776e-03
4.663339999999892825e+03 1.280683428049087524e-01 8.552826009690761566e-03
4.664819999999892389e+03 1.407511532306671143e-01 8.749574422836303711e-03
4.666299999999891952e+03 1.433317065238952637e-01 8.719348348677158356e-03
4.667779999999891515e+03 1.379407793283462524e-01 8.579645305871963501e-03
4.669259999999891079e+03 1.158894002437591553e-01 8.221502415835857391e-03
4.670739999999890642e+03 1.466987282037734985e-01 8.840393275022506714e-03
4.672219999999890206e+03 1.342721581459045410e-01 8.570446632802486420e-03
4.673699999999889769e+03 1.279531717300415039e-01 8.511835709214210510e-03
4.675179999999889333e+03 1.324964910745620728e-01 8.586914278566837311e-03
4.676659999999888896e+03 1.538022458553314209e-01 8.917104452848434448e-03
4.678139999999888460e+03 1.372101902961730957e-01 8.558779954910278320e-03
4.679619999999888023e+03 1.161180809140205383e-01 8.191906847059726715e-03
4.681099999999887586e+03 1.255363970994949341e-01 8.312820456922054291e-03
4.682579999999887150e+03 1.407960951328277588e-01 8.706446737051010132e-03
4.684059999999886713e+03 1.280767023563385010e-01 8.420665748417377472e-03
4.685539999999886277e+03 1.514190435409545898e-01 8.914707228541374207e-03
4.687019999999885840e+03 1.336637437343597412e-01 8.521880023181438446e-03
4.688499999999885404e+03 1.287884861230850220e-01 8.392962627112865448e-03
4.689979999999884967e+03 1.411620825529098511e-01 8.623924106359481812e-03
4.691459999999884531e+03 1.322976350784301758e-01 8.408299647271633148e-03
4.692939999999884094e+03 1.383969783782958984e-01 8.433107286691665649e-03
4.694419999999883657e+03 1.406715363264083862e-01 8.575556799769401550e-03
4.695899999999883221e+03 1.224174201488494873e-01 8.209685795009136200e-03
4.697379999999882784e+03 1.410201191902160645e-01 8.529501035809516907e-03
4.698859999999882348e+03 1.396408528089523315e-01 8.402566425502300262e-03
4.700339999999881911e+03 1.245078295469284058e-01 8.124837651848793030e-03
4.701819999999881475e+03 1.334735155105590820e-01 8.317922241985797882e-03
4.703299999999881038e+03 1.413881331682205200e-01 8.416191674768924713e-03
4.704779999999880602e+03 1.398927420377731323e-01 8.435559459030628204e-03
4.706259999999880165e+03 1.169552206993103027e-01 7.966701872646808624e-03
4.707739999999879728e+03 1.292548924684524536e-01 8.272981271147727966e-03
4.709219999999879292e+03 1.509342044591903687e-01 8.617308922111988068e-03
4.710699999999878855e+03 1.348504275083541870e-01 8.304350078105926514e-03
4.712179999999878419e+03 1.508635729551315308e-01 8.632994256913661957e-03
4.713659999999877982e+03 1.528984755277633667e-01 8.644103072583675385e-03
4.715139999999877546e+03 1.305582225322723389e-01 8.160481229424476624e-03
4.716619999999877109e+03 1.393380761146545410e-01 8.368209004402160645e-03
4.718099999999876673e+03 1.376407742500305176e-01 8.412501774728298187e-03
4.719579999999876236e+03 1.299051642417907715e-01 8.288486860692501068e-03
4.721059999999875799e+03 1.333794891834259033e-01 8.284664712846279144e-03
4.722539999999875363e+03 1.288786083459854126e-01 8.158057928085327148e-03
4.724019999999874926e+03 1.235696300864219666e-01 8.122366853058338165e-03
4.725499999999874490e+03 1.265992373228073120e-01 8.192402310669422150e-03
4.726979999999874053e+03 1.354189962148666382e-01 8.195946924388408661e-03
4.728459999999873617e+03 1.212831810116767883e-01 7.901540026068687439e-03
4.729939999999873180e+03 1.432599276304244995e-01 8.357184939086437225e-03
4.731419999999872744e+03 1.282945126295089722e-01 8.168084546923637390e-03
4.732899999999872307e+03 1.238766312599182129e-01 7.984328083693981171e-03
4.734379999999871870e+03 1.227041408419609070e-01 7.902159355580806732e-03
4.735859999999871434e+03 1.358209252357482910e-01 8.187715895473957062e-03
4.737339999999870997e+03 1.295396834611892700e-01 8.124150335788726807e-03
4.738819999999870561e+03 1.166347488760948181e-01 7.870494388043880463e-03
4.740299999999870124e+03 1.373893469572067261e-01 8.223329670727252960e-03
4.741779999999869688e+03 1.240722835063934326e-01 7.963484153151512146e-03
4.743259999999869251e+03 1.402747631072998047e-01 8.326944895088672638e-03
4.744739999999868814e+03 1.358047574758529663e-01 8.208852261304855347e-03
4.746219999999868378e+03 1.266982555389404297e-01 7.968721911311149597e-03
4.747699999999867941e+03 1.230136007070541382e-01 8.008425123989582062e-03
4.749179999999867505e+03 1.250467151403427124e-01 8.037238381803035736e-03
4.750659999999867068e+03 1.357518732547760010e-01 8.148401044309139252e-03
4.752139999999866632e+03 1.432393193244934082e-01 8.229340426623821259e-03
4.753619999999866195e+03 1.316761225461959839e-01 8.034797385334968567e-03
4.755099999999865759e+03 1.103409677743911743e-01 7.660422008484601974e-03
4.756579999999865322e+03 1.307422220706939697e-01 8.004788309335708618e-03
4.758059999999864885e+03 1.306648850440979004e-01 8.023946546018123627e-03
4.759539999999864449e+03 1.309260129928588867e-01 8.085665293037891388e-03
4.761019999999864012e+03 1.284859031438827515e-01 8.007452823221683502e-03
4.762499999999863576e+03 1.314326524734497070e-01 8.019051514565944672e-03
4.763979999999863139e+03 1.454513967037200928e-01 8.242521435022354126e-03
4.765459999999862703e+03 1.474219858646392822e-01 8.272278122603893280e-03
4.766939999999862266e+03 1.316009610891342163e-01 8.018691092729568481e-03
4.768419999999861830e+03 1.192827820777893066e-01 7.801220286637544632e-03
4.769899999999861393e+03 1.379597187042236328e-01 8.121541701257228851e-03
4.771379999999860956e+03 1.288914382457733154e-01 7.951111532747745514e-03
4.772859999999860520e+03 1.312735825777053833e-01 7.992291823029518127e-03
4.774339999999860083e+03 1.556657552719116211e-01 8.482166565954685211e-03
4.775819999999859647e+03 1.381184458732604980e-01 8.161547593772411346e-03
4.777299999999859210e+03 1.397562325000762939e-01 8.188505657017230988e-03
4.778779999999858774e+03 1.366267800331115723e-01 8.122505620121955872e-03
4.780259999999858337e+03 1.418344080448150635e-01 8.203998208045959473e-03
4.781739999999857901e+03 1.320935934782028198e-01 8.000998757779598236e-03
4.783219999999857464e+03 1.489744782447814941e-01 8.269538171589374542e-03
4.784699999999857027e+03 1.466020047664642334e-01 8.231292478740215302e-03
4.786179999999856591e+03 1.278585791587829590e-01 7.874684408307075500e-03
4.787659999999856154e+03 1.404186338186264038e-01 8.119471371173858643e-03
4.789139999999855718e+03 1.178375408053398132e-01 7.655257824808359146e-03
4.790619999999855281e+03 1.329194158315658569e-01 7.932703942060470581e-03
4.792099999999854845e+03 1.281834095716476440e-01 7.913019508123397827e-03
4.793579999999854408e+03 1.444696485996246338e-01 8.222487755119800568e-03
4.795059999999853972e+03 1.255852729082107544e-01 7.870377972722053528e-03
4.796539999999853535e+03 1.258462816476821899e-01 7.845644839107990265e-03
4.798019999999853098e+03 1.430973857641220093e-01 8.143893443048000336e-03
4.799499999999852662e+03 1.271951794624328613e-01 7.820808328688144684e-03
4.800979999999852225e+03 1.438129842281341553e-01 8.118459023535251617e-03
4.802459999999851789e+03 1.276437938213348389e-01 7.787125185132026672e-03
4.803939999999851352e+03 1.335536390542984009e-01 7.958656176924705505e-03
4.805419999999850916e+03 1.228744387626647949e-01 7.762533146888017654e-03
4.806899999999850479e+03 1.387159526348114014e-01 7.888136431574821472e-03
4.808379999999850043e+03 1.539793461561203003e-01 1.299608778208494186e-02
4.809859999999849606e+03 1.297764778137207031e-01 1.317474246025085449e-02
4.811339999999849169e+03 1.339357942342758179e-01 7.880521006882190704e-03
4.812819999999848733e+03 1.180320233106613159e-01 7.744666654616594315e-03
4.814299999999848296e+03 1.116163879632949829e-01 7.532669696956872940e-03
4.815779999999847860e+03 1.186375170946121216e-01 7.749722339212894440e-03
4.817259999999847423e+03 1.374124437570571899e-01 8.133367635309696198e-03
4.818739999999846987e+03 1.332838535308837891e-01 8.075934834778308868e-03
4.820219999999846550e+03 1.328589320182800293e-01 8.056649006903171539e-03
4.821699999999846113e+03 1.216909065842628479e-01 7.772212848067283630e-03
4.823179999999845677e+03 1.301524639129638672e-01 7.833778858184814453e-03
4.824659999999845240e+03 1.218975335359573364e-01 7.727519143372774124e-03
4.826139999999844804e+03 1.234699338674545288e-01 7.828820496797561646e-03
4.827619999999844367e+03 1.353422999382019043e-01 7.981861941516399384e-03
4.829099999999843931e+03 1.224720999598503113e-01 7.728158030658960342e-03
4.830579999999843494e+03 1.409348994493484497e-01 8.040437474846839905e-03
4.832059999999843058e+03 1.431509554386138916e-01 8.163507096469402313e-03
4.833539999999842621e+03 1.347142308950424194e-01 8.049594238400459290e-03
4.835019999999842184e+03 1.386740803718566895e-01 8.091664873063564301e-03
4.836499999999841748e+03 1.450511664152145386e-01 8.139004930853843689e-03
4.837979999999841311e+03 1.389606297016143799e-01 8.013661950826644897e-03
4.839459999999840875e+03 1.296052038669586182e-01 7.885265164077281952e-03
4.840939999999840438e+03 1.297496110200881958e-01 7.848927751183509827e-03
4.842419999999840002e+03 1.277593076229095459e-01 7.754202932119369507e-03
4.843899999999839565e+03 1.356585174798965454e-01 7.887970656156539917e-03
4.845379999999839129e+03 1.287931352853775024e-01 7.818730548024177551e-03
4.846859999999838692e+03 1.291653364896774292e-01 7.827396504580974579e-03
4.848339999999838255e+03 1.185413077473640442e-01 7.549211382865905762e-03
4.849819999999837819e+03 1.180723235011100769e-01 7.461705710738897324e-03
4.851299999999837382e+03 1.258375793695449829e-01 7.639551069587469101e-03
4.852779999999836946e+03 1.219297423958778381e-01 7.594970520585775375e-03
4.854259999999836509e+03 1.222833469510078430e-01 7.562459446489810944e-03
4.855739999999836073e+03 1.349174082279205322e-01 7.678471039980649948e-03
4.857219999999835636e+03 1.333371400833129883e-01 7.658580783754587173e-03
4.858699999999835200e+03 1.372307837009429932e-01 7.793695665895938873e-03
4.860179999999834763e+03 1.356485486030578613e-01 8.049490861594676971e-03
4.861659999999834326e+03 1.336072087287902832e-01 8.069840259850025177e-03
4.863139999999833890e+03 1.303284019231796265e-01 7.682102266699075699e-03
4.864619999999833453e+03 1.304073035717010498e-01 7.537363097071647644e-03
4.866099999999833017e+03 1.337829381227493286e-01 7.672498933970928192e-03
4.867579999999832580e+03 1.294820159673690796e-01 7.644928526133298874e-03
4.869059999999832144e+03 1.289544403553009033e-01 7.612461224198341370e-03
4.870539999999831707e+03 1.277755647897720337e-01 7.499436382204294205e-03
4.872019999999831271e+03 1.361384242773056030e-01 7.573651615530252457e-03
4.873499999999830834e+03 1.228303089737892151e-01 7.399986498057842255e-03
4.874979999999830397e+03 1.272059679031372070e-01 7.582744583487510681e-03
4.876459999999829961e+03 1.281552314758300781e-01 7.623908109962940216e-03
4.877939999999829524e+03 1.249525398015975952e-01 7.526034489274024963e-03
4.879419999999829088e+03 1.265066117048263550e-01 7.601191755384206772e-03
4.880899999999828651e+03 1.363792717456817627e-01 7.837321609258651733e-03
4.882379999999828215e+03 1.240734159946441650e-01 7.602521218359470367e-03
4.883859999999827778e+03 1.430484354496002197e-01 7.926695048809051514e-03
4.885339999999827342e+03 1.336965411901473999e-01 7.662366610020399094e-03
4.886819999999826905e+03 1.361717581748962402e-01 7.670476101338863373e-03
4.888299999999826468e+03 1.360845267772674561e-01 7.658502086997032166e-03
4.889779999999826032e+03 1.162620931863784790e-01 7.308534346520900726e-03
4.891259999999825595e+03 1.228882148861885071e-01 7.472965400665998459e-03
4.892739999999825159e+03 1.341982781887054443e-01 7.671631872653961182e-03
4.894219999999824722e+03 1.262937933206558228e-01 7.550668902695178986e-03
4.895699999999824286e+03 1.296536326408386230e-01 7.638356182724237442e-03
4.897179999999823849e+03 1.306751370429992676e-01 7.674792781472206116e-03
4.898659999999823413e+03 1.300871670246124268e-01 7.647254504263401031e-03
4.900139999999822976e+03 1.417354792356491089e-01 7.765417918562889099e-03
4.901619999999822539e+03 1.456264555454254150e-01 7.820931263267993927e-03
4.903099999999822103e+03 1.377347856760025024e-01 7.706898264586925507e-03
4.904579999999821666e+03 1.385598480701446533e-01 7.793476339429616928e-03
4.906059999999821230e+03 1.205652356147766113e-01 7.503964006900787354e-03
4.907539999999820793e+03 1.306525617837905884e-01 7.590342313051223755e-03
4.909019999999820357e+03 1.255081892013549805e-01 7.408338133245706558e-03
4.910499999999819920e+03 1.308074593544006348e-01 7.512684911489486694e-03
4.911979999999819483e+03 1.376952528953552246e-01 7.656378671526908875e-03
4.913459999999819047e+03 1.293386816978454590e-01 7.553274743258953094e-03
4.914939999999818610e+03 1.303159743547439575e-01 7.602088153362274170e-03
4.916419999999818174e+03 1.400585472583770752e-01 7.733905222266912460e-03
4.917899999999817737e+03 1.413196325302124023e-01 7.607855834066867828e-03
4.919379999999817301e+03 1.212496459484100342e-01 7.216922938823699951e-03
4.920859999999816864e+03 1.249213814735412598e-01 7.326801307499408722e-03
4.922339999999816428e+03 1.241244301199913025e-01 7.390562910586595535e-03
4.923819999999815991e+03 1.320735961198806763e-01 7.524789776653051376e-03
4.925299999999815554e+03 1.367887407541275024e-01 7.646864280104637146e-03
4.926779999999815118e+03 1.401891708374023438e-01 7.726448122411966324e-03
4.928259999999814681e+03 1.285292804241180420e-01 7.502205669879913330e-03
4.929739999999814245e+03 1.156514361500740051e-01 7.232760544866323471e-03
4.931219999999813808e+03 1.225092187523841858e-01 7.344217970967292786e-03
4.932699999999813372e+03 1.222537606954574585e-01 7.326575927436351776e-03
4.934179999999812935e+03 1.279740035533905029e-01 7.410810329020023346e-03
4.935659999999812499e+03 1.217822581529617310e-01 7.342826575040817261e-03
4.937139999999812062e+03 1.289758086204528809e-01 7.474669255316257477e-03
4.938619999999811625e+03 1.249401569366455078e-01 7.281561847776174545e-03
4.940099999999811189e+03 1.295021176338195801e-01 7.386338431388139725e-03
4.941579999999810752e+03 1.339415013790130615e-01 7.569462060928344727e-03
4.943059999999810316e+03 1.090393811464309692e-01 7.082042284309864044e-03
4.944539999999809879e+03 1.142136976122856140e-01 7.207955233752727509e-03
4.946019999999809443e+03 9.874422103166580200e-02 6.883657071739435196e-03
4.947499999999809006e+03 9.747172892093658447e-02 6.902194116264581680e-03
4.948979999999808570e+03 1.462457925081253052e-01 7.750717923045158386e-03
4.950459999999808133e+03 4.566973447799682617e-01 1.188014540821313858e-02
4.951939999999807696e+03 5.748587846755981445e-01 1.317885331809520721e-02
4.953419999999807260e+03 2.710402607917785645e-01 9.648170322179794312e-03
4.954899999999806823e+03 1.064693257212638855e-01 6.988190114498138428e-03
4.956379999999806387e+03 1.092403009533882141e-01 7.014121394604444504e-03
4.957859999999805950e+03 1.206140071153640747e-01 7.331836037337779999e-03
4.959339999999805514e+03 1.198132932186126709e-01 7.349110208451747894e-03
4.960819999999805077e+03 1.052663326263427734e-01 7.046571467071771622e-03
4.962299999999804641e+03 1.105514764785766602e-01 7.185323163866996765e-03
4.963779999999804204e+03 1.107032448053359985e-01 7.189150433987379074e-03
4.965259999999803767e+03 1.225140690803527832e-01 7.292018271982669830e-03
4.966739999999803331e+03 1.265753060579299927e-01 7.393003907054662704e-03
4.968219999999802894e+03 1.283295899629592896e-01 7.395820226520299911e-03
4.969699999999802458e+03 1.270769089460372925e-01 7.425582036375999451e-03
4.971179999999802021e+03 1.268436312675476074e-01 7.434398401528596878e-03
4.972659999999801585e+03 1.177401170134544373e-01 7.288986817002296448e-03
4.974139999999801148e+03 1.358760595321655273e-01 7.518099620938301086e-03
4.975619999999800712e+03 1.191272959113121033e-01 7.203492801636457443e-03
4.977099999999800275e+03 1.105441451072692871e-01 7.078241091221570969e-03
4.978579999999799838e+03 1.282808184623718262e-01 7.345322519540786743e-03
4.980059999999799402e+03 1.305566728115081787e-01 7.387303281575441360e-03
4.981539999999798965e+03 1.182279884815216064e-01 7.075503468513488770e-03
4.983019999999798529e+03 1.281195282936096191e-01 7.192212156951427460e-03
4.984499999999798092e+03 1.305343955755233765e-01 7.266013417392969131e-03
4.985979999999797656e+03 1.129037737846374512e-01 7.077206391841173172e-03
4.987459999999797219e+03 1.332447826862335205e-01 7.478053215891122818e-03
4.988939999999796783e+03 1.336887478828430176e-01 7.487395778298377991e-03
4.990419999999796346e+03 1.307092308998107910e-01 7.451034151017665863e-03
4.991899999999795909e+03 1.299936920404434204e-01 7.428701035678386688e-03
4.993379999999795473e+03 1.220468729734420776e-01 7.274007890373468399e-03
4.994859999999795036e+03 1.254926919937133789e-01 7.334610447287559509e-03
4.996339999999794600e+03 1.349889636039733887e-01 7.511497009545564651e-03
4.997819999999794163e+03 1.272065937519073486e-01 7.378394715487957001e-03
4.999299999999793727e+03 1.267703473567962646e-01 7.269030902534723282e-03
5.000779999999793290e+03 1.278024613857269287e-01 7.250936236232519150e-03
5.002259999999792853e+03 1.399569660425186157e-01 7.506981026381254196e-03
5.003739999999792417e+03 1.273174136877059937e-01 7.351858541369438171e-03
5.005219999999791980e+03 1.180121377110481262e-01 7.524286396801471710e-03
5.006699999999791544e+03 1.211082935333251953e-01 7.684951648116111755e-03
5.008179999999791107e+03 1.332990676164627075e-01 7.541740778833627701e-03
5.009659999999790671e+03 1.205417066812515259e-01 7.125037256628274918e-03
5.011139999999790234e+03 1.202930882573127747e-01 7.124813273549079895e-03
5.012619999999789798e+03 1.211680993437767029e-01 7.098817266523838043e-03
5.014099999999789361e+03 1.277633756399154663e-01 7.221895735710859299e-03
5.015579999999788924e+03 1.091814488172531128e-01 6.945994216948747635e-03
5.017059999999788488e+03 1.319080293178558350e-01 7.351458538323640823e-03
5.018539999999788051e+03 1.320598274469375610e-01 7.237944286316633224e-03
5.020019999999787615e+03 1.306244879961013794e-01 7.280764169991016388e-03
5.021499999999787178e+03 1.322378963232040405e-01 7.313519716262817383e-03
5.022979999999786742e+03 1.339211016893386841e-01 7.337556686252355576e-03
5.024459999999786305e+03 1.304889470338821411e-01 7.299484685063362122e-03
5.025939999999785869e+03 1.358570307493209839e-01 7.337856106460094452e-03
5.027419999999785432e+03 1.277668625116348267e-01 7.197550963610410690e-03
5.028899999999784995e+03 1.282001286745071411e-01 7.243678905069828033e-03
5.030379999999784559e+03 1.187856346368789673e-01 7.096002344042062759e-03
5.031859999999784122e+03 1.293212324380874634e-01 7.331740111112594604e-03
5.033339999999783686e+03 1.443048268556594849e-01 7.533835712820291519e-03
5.034819999999783249e+03 1.132581755518913269e-01 6.976323202252388000e-03
5.036299999999782813e+03 1.306371986865997314e-01 7.303261198103427887e-03
5.037779999999782376e+03 1.305824965238571167e-01 7.205831352621316910e-03
5.039259999999781940e+03 1.316662579774856567e-01 7.179299835115671158e-03
5.040739999999781503e+03 1.339219659566879272e-01 7.194833364337682724e-03
5.042219999999781066e+03 1.170704811811447144e-01 7.006125524640083313e-03
5.043699999999780630e+03 1.252629458904266357e-01 7.203268818557262421e-03
5.045179999999780193e+03 1.252903342247009277e-01 7.233737036585807800e-03
5.046659999999779757e+03 1.241836994886398315e-01 7.120130583643913269e-03
5.048139999999779320e+03 1.506375968456268311e-01 7.496763020753860474e-03
5.049619999999778884e+03 2.914466559886932373e-01 9.588592685759067535e-03
5.051099999999778447e+03 3.546865880489349365e-01 1.042076572775840759e-02
5.052579999999778011e+03 2.334303855895996094e-01 8.875275030732154846e-03
5.054059999999777574e+03 1.353355944156646729e-01 7.395400200039148331e-03
5.055539999999777137e+03 1.103131175041198730e-01 6.944181863218545914e-03
5.057019999999776701e+03 1.274253427982330322e-01 7.219628430902957916e-03
5.058499999999776264e+03 1.212390288710594177e-01 7.120017893612384796e-03
5.059979999999775828e+03 1.280595511198043823e-01 7.231419440358877182e-03
5.061459999999775391e+03 1.337387114763259888e-01 7.321478798985481262e-03
5.062939999999774955e+03 1.239537000656127930e-01 7.117061875760555267e-03
5.064419999999774518e+03 1.302969455718994141e-01 7.182007655501365662e-03
5.065899999999774082e+03 1.262747347354888916e-01 7.151498924940824509e-03
5.067379999999773645e+03 1.327818036079406738e-01 7.268019951879978180e-03
5.068859999999773208e+03 1.334212422370910645e-01 7.249318994581699371e-03
5.070339999999772772e+03 1.258067190647125244e-01 7.106325589120388031e-03
5.071819999999772335e+03 1.159602031111717224e-01 6.919342093169689178e-03
5.073299999999771899e+03 1.167024523019790649e-01 6.980698555707931519e-03
5.074779999999771462e+03 1.161891222000122070e-01 7.012457121163606644e-03
5.076259999999771026e+03 1.192410960793495178e-01 7.018712814897298813e-03
5.077739999999770589e+03 1.396920382976531982e-01 7.291608955711126328e-03
5.079219999999770152e+03 1.312591880559921265e-01 7.142272312194108963e-03
5.080699999999769716e+03 1.307971030473709106e-01 7.090489845722913742e-03
5.082179999999769279e+03 1.237719953060150146e-01 7.095483597368001938e-03
5.083659999999768843e+03 1.273223161697387695e-01 7.161994464695453644e-03
5.085139999999768406e+03 1.243601739406585693e-01 7.150467950850725174e-03
5.086619999999767970e+03 1.202140599489212036e-01 7.057936862111091614e-03
5.088099999999767533e+03 1.310397088527679443e-01 7.205734029412269592e-03
5.089579999999767097e+03 1.362156867980957031e-01 7.266079075634479523e-03
5.091059999999766660e+03 1.314872652292251587e-01 7.204376626759767532e-03
5.092539999999766223e+03 1.231299713253974915e-01 7.077360060065984726e-03
5.094019999999765787e+03 1.355030387639999390e-01 7.309536449611186981e-03
5.095499999999765350e+03 1.362414360046386719e-01 7.280829828232526779e-03
5.096979999999764914e+03 1.774080842733383179e-01 7.886350154876708984e-03
5.098459999999764477e+03 6.456850171089172363e-01 1.341053843498229980e-02
5.099939999999764041e+03 8.204411268234252930e-01 1.492297369986772537e-02
5.101419999999763604e+03 4.012963175773620605e-01 1.085453201085329056e-02
5.102899999999763168e+03 1.400090008974075317e-01 7.337287999689579010e-03
5.104379999999762731e+03 1.230086237192153931e-01 7.033967878669500351e-03
5.105859999999762294e+03 1.207000017166137695e-01 6.952414754778146744e-03
5.107339999999761858e+03 1.290408521890640259e-01 7.132951170206069946e-03
5.108819999999761421e+03 1.280527114868164062e-01 7.061474956572055817e-03
5.110299999999760985e+03 1.274846643209457397e-01 7.019214332103729248e-03
5.111779999999760548e+03 1.278631389141082764e-01 7.092404179275035858e-03
5.113259999999760112e+03 1.188591942191123962e-01 6.964904721826314926e-03
5.114739999999759675e+03 1.139237284660339355e-01 6.868864875286817551e-03
5.116219999999759239e+03 1.152968406677246094e-01 6.913180928677320480e-03
5.117699999999758802e+03 1.184299290180206299e-01 6.960051599889993668e-03
5.119179999999758365e+03 1.233059540390968323e-01 7.026216946542263031e-03
5.120659999999757929e+03 1.311505287885665894e-01 7.089826744049787521e-03
5.122139999999757492e+03 1.133994832634925842e-01 6.788619328290224075e-03
5.123619999999757056e+03 1.307640373706817627e-01 7.054341025650501251e-03
5.125099999999756619e+03 1.278808414936065674e-01 6.976954638957977295e-03
5.126579999999756183e+03 1.217920109629631042e-01 6.931063719093799591e-03
5.128059999999755746e+03 1.230163797736167908e-01 6.975031923502683640e-03
5.129539999999755310e+03 1.306267827749252319e-01 7.133643142879009247e-03
5.131019999999754873e+03 1.191174760460853577e-01 6.990717258304357529e-03
5.132499999999754436e+03 1.224948614835739136e-01 7.001017220318317413e-03
5.133979999999754000e+03 1.251974999904632568e-01 7.018588948994874954e-03
5.135459999999753563e+03 1.334936171770095825e-01 7.208740338683128357e-03
5.136939999999753127e+03 1.281056851148605347e-01 7.057210430502891541e-03
5.138419999999752690e+03 1.330024302005767822e-01 7.139809895306825638e-03
5.139899999999752254e+03 1.337279230356216431e-01 7.179647684097290039e-03
5.141379999999751817e+03 1.314651370048522949e-01 7.158076390624046326e-03
5.142859999999751381e+03 1.237834095954895020e-01 7.033111527562141418e-03
5.144339999999750944e+03 1.145006641745567322e-01 6.811273749917745590e-03
5.145819999999750507e+03 1.119773611426353455e-01 6.766195874661207199e-03
5.147299999999750071e+03 1.332900524139404297e-01 7.152445614337921143e-03
5.148779999999749634e+03 1.344226598739624023e-01 7.151282858103513718e-03
5.150259999999749198e+03 1.185134276747703552e-01 6.925748661160469055e-03
5.151739999999748761e+03 1.305927485227584839e-01 7.166984956711530685e-03
5.153219999999748325e+03 1.175864785909652710e-01 6.912839133292436600e-03
5.154699999999747888e+03 1.378978937864303589e-01 7.258964236825704575e-03
5.156179999999747452e+03 1.311099231243133545e-01 7.127032149583101273e-03
5.157659999999747015e+03 1.285863667726516724e-01 7.067631464451551437e-03
5.159139999999746578e+03 1.221709698438644409e-01 6.934461649507284164e-03
5.160619999999746142e+03 1.151172295212745667e-01 6.838405970484018326e-03
5.162099999999745705e+03 1.332327127456665039e-01 7.135474123060703278e-03
5.163579999999745269e+03 1.268371790647506714e-01 6.988037377595901489e-03
5.165059999999744832e+03 1.185813993215560913e-01 6.751730106770992279e-03
5.166539999999744396e+03 1.112969666719436646e-01 6.526463199406862259e-03
5.168019999999743959e+03 1.087456494569778442e-01 6.547075696289539337e-03
5.169499999999743522e+03 1.186958923935890198e-01 6.733885034918785095e-03
5.170979999999743086e+03 1.300137042999267578e-01 6.821510847657918930e-03
5.172459999999742649e+03 1.181394383311271667e-01 6.602962035685777664e-03
5.173939999999742213e+03 1.275330781936645508e-01 6.926034577190876007e-03
5.175419999999741776e+03 1.216688305139541626e-01 6.919377483427524567e-03
5.176899999999741340e+03 1.166191697120666504e-01 6.885481532663106918e-03
5.178379999999740903e+03 1.115788444876670837e-01 6.774127483367919922e-03
5.179859999999740467e+03 1.286879330873489380e-01 6.975236814469099045e-03
5.181339999999740030e+03 1.369085013866424561e-01 6.952304393053054810e-03
5.182819999999739593e+03 1.373753249645233154e-01 6.850916892290115356e-03
5.184299999999739157e+03 1.230259537696838379e-01 6.699005607515573502e-03
5.185779999999738720e+03 1.124448701739311218e-01 6.737428251653909683e-03
5.187259999999738284e+03 1.216845437884330750e-01 6.992782000452280045e-03
5.188739999999737847e+03 1.321145892143249512e-01 7.148363161832094193e-03
5.190219999999737411e+03 1.234289705753326416e-01 6.913990247994661331e-03
5.191699999999736974e+03 1.085515245795249939e-01 6.633131299167871475e-03
5.193179999999736538e+03 1.250963658094406128e-01 6.934462115168571472e-03
5.194659999999736101e+03 1.163791418075561523e-01 6.796183530241250992e-03
5.196139999999735664e+03 1.212457194924354553e-01 7.075834553688764572e-03
5.197619999999735228e+03 1.340077221393585205e-01 7.513405755162239075e-03
5.199099999999734791e+03 1.172103062272071838e-01 7.232946809381246567e-03
5.200579999999734355e+03 1.210764944553375244e-01 7.180954329669475555e-03
5.202059999999733918e+03 1.410803496837615967e-01 7.391087245196104050e-03
5.203539999999733482e+03 1.280330419540405273e-01 7.064321544021368027e-03
5.205019999999733045e+03 1.100720018148422241e-01 6.614889483898878098e-03
5.206499999999732609e+03 1.253478974103927612e-01 6.863296031951904297e-03
5.207979999999732172e+03 1.267143338918685913e-01 6.902739871293306351e-03
5.209459999999731735e+03 1.316239088773727417e-01 7.047569844871759415e-03
5.210939999999731299e+03 1.378074884414672852e-01 7.204329129308462143e-03
5.212419999999730862e+03 1.272373199462890625e-01 6.956739351153373718e-03
5.213899999999730426e+03 1.256656050682067871e-01 6.901800632476806641e-03
5.215379999999729989e+03 1.161067634820938110e-01 6.731619127094745636e-03
5.216859999999729553e+03 1.119081825017929077e-01 6.698011886328458786e-03
5.218339999999729116e+03 1.205224692821502686e-01 6.880535278469324112e-03
5.219819999999728680e+03 1.227985844016075134e-01 6.926284171640872955e-03
5.221299999999728243e+03 1.152741834521293640e-01 6.802347023040056229e-03
5.222779999999727806e+03 1.173351928591728210e-01 6.891062948852777481e-03
5.224259999999727370e+03 1.101026311516761780e-01 6.674558855593204498e-03
5.225739999999726933e+03 1.248598098754882812e-01 6.810145918279886246e-03
5.227219999999726497e+03 1.040548831224441528e-01 6.384287495166063309e-03
5.228699999999726060e+03 1.216670498251914978e-01 6.805906537920236588e-03
5.230179999999725624e+03 1.159124299883842468e-01 6.780260242521762848e-03
5.231659999999725187e+03 1.106249690055847168e-01 6.640153937041759491e-03
5.233139999999724751e+03 1.281408220529556274e-01 6.933475378900766373e-03
5.234619999999724314e+03 1.045144498348236084e-01 6.519838701933622360e-03
5.236099999999723877e+03 1.189513355493545532e-01 6.848395802080631256e-03
5.237579999999723441e+03 1.281965672969818115e-01 7.078869733959436417e-03
5.239059999999723004e+03 1.293760985136032104e-01 7.093003019690513611e-03
5.240539999999722568e+03 1.280565708875656128e-01 7.001604884862899780e-03
5.242019999999722131e+03 1.230347529053688049e-01 6.832626648247241974e-03
5.243499999999721695e+03 1.165652796626091003e-01 6.725972052663564682e-03
5.244979999999721258e+03 1.204957738518714905e-01 6.791308056563138962e-03
5.246459999999720822e+03 1.144899055361747742e-01 6.710171233862638474e-03
5.247939999999720385e+03 1.134820729494094849e-01 6.680469028651714325e-03
5.249419999999719948e+03 1.238018646836280823e-01 6.857110187411308289e-03
5.250899999999719512e+03 1.136675626039505005e-01 6.708001252263784409e-03
5.252379999999719075e+03 1.220462843775749207e-01 6.749180145561695099e-03
5.253859999999718639e+03 1.355016827583312988e-01 7.054209709167480469e-03
5.255339999999718202e+03 1.221501529216766357e-01 6.965719163417816162e-03
5.256819999999717766e+03 1.299838721752166748e-01 7.071387488394975662e-03
5.258299999999717329e+03 1.131281033158302307e-01 6.699535995721817017e-03
5.259779999999716892e+03 1.209921240806579590e-01 6.774845533072948456e-03
5.261259999999716456e+03 9.346212446689605713e-02 6.238765548914670944e-03
5.262739999999716019e+03 9.515723586082458496e-02 6.200321484357118607e-03
5.264219999999715583e+03 1.039434298872947693e-01 6.343447137624025345e-03
5.265699999999715146e+03 1.207970753312110901e-01 6.634569726884365082e-03
5.267179999999714710e+03 1.095169708132743835e-01 6.422896403819322586e-03
5.268659999999714273e+03 1.052576154470443726e-01 6.315818522125482559e-03
5.270139999999713837e+03 1.228046789765357971e-01 6.659664679318666458e-03
5.271619999999713400e+03 1.112374067306518555e-01 6.523441988974809647e-03
5.273099999999712963e+03 1.043546572327613831e-01 6.440416909754276276e-03
5.274579999999712527e+03 1.189337149262428284e-01 6.765755824744701385e-03
5.276059999999712090e+03 1.270722001791000366e-01 6.961021572351455688e-03
5.277539999999711654e+03 1.163168847560882568e-01 6.751502398401498795e-03
5.279019999999711217e+03 1.147060692310333252e-01 6.680788472294807434e-03
5.280499999999710781e+03 1.173862516880035400e-01 6.658192723989486694e-03
5.281979999999710344e+03 1.063677221536636353e-01 6.450841668993234634e-03
5.283459999999709908e+03 1.169381514191627502e-01 6.598243489861488342e-03
5.284939999999709471e+03 1.302720159292221069e-01 6.876843050122261047e-03
5.286419999999709034e+03 1.132039651274681091e-01 6.634469144046306610e-03
5.287899999999708598e+03 1.038254275918006897e-01 6.484683603048324585e-03
5.289379999999708161e+03 1.253287494182586670e-01 6.862836424261331558e-03
5.290859999999707725e+03 1.263648122549057007e-01 6.850970908999443054e-03
5.292339999999707288e+03 1.180887594819068909e-01 6.796490401029586792e-03
5.293819999999706852e+03 1.230020895600318909e-01 6.854427512735128403e-03
5.295299999999706415e+03 1.376419663429260254e-01 7.026030216366052628e-03
5.296779999999705979e+03 1.261692494153976440e-01 6.822107825428247452e-03
5.298259999999705542e+03 1.120442822575569153e-01 6.654977332800626755e-03
5.299739999999705105e+03 1.187451258301734924e-01 6.760714109987020493e-03
5.301219999999704669e+03 1.092181950807571411e-01 6.520712748169898987e-03
5.302699999999704232e+03 1.111855208873748779e-01 6.590881384909152985e-03
5.304179999999703796e+03 1.247868910431861877e-01 6.847919430583715439e-03
5.305659999999703359e+03 1.178197264671325684e-01 6.739003583788871765e-03
5.307139999999702923e+03 1.192578747868537903e-01 6.725688464939594269e-03
5.308619999999702486e+03 1.237675771117210388e-01 6.827773991972208023e-03
5.310099999999702050e+03 1.160334274172782898e-01 6.747618317604064941e-03
5.311579999999701613e+03 1.129122003912925720e-01 6.718373857438564301e-03
5.313059999999701176e+03 1.240259334444999695e-01 6.867411546409130096e-03
5.314539999999700740e+03 1.199155151844024658e-01 6.700736004859209061e-03
5.316019999999700303e+03 1.137889996170997620e-01 6.613459903746843338e-03
5.317499999999699867e+03 1.198079511523246765e-01 6.751205772161483765e-03
5.318979999999699430e+03 1.208319887518882751e-01 6.742432247847318649e-03
5.320459999999698994e+03 1.038787439465522766e-01 6.464536301791667938e-03
5.321939999999698557e+03 1.235827505588531494e-01 6.789932958781719208e-03
5.323419999999698121e+03 1.065352186560630798e-01 6.462236866354942322e-03
5.324899999999697684e+03 1.141060516238212585e-01 6.634131539613008499e-03
5.326379999999697247e+03 1.176305115222930908e-01 6.617767736315727234e-03
5.327859999999696811e+03 1.226701885461807251e-01 6.708012893795967102e-03
5.329339999999696374e+03 1.203015148639678955e-01 6.799412425607442856e-03
5.330819999999695938e+03 1.225307136774063110e-01 6.862577982246875763e-03
5.332299999999695501e+03 1.146510839462280273e-01 6.668115966022014618e-03
5.333779999999695065e+03 1.136164367198944092e-01 6.669994443655014038e-03
5.335259999999694628e+03 1.233910471200942993e-01 6.820952519774436951e-03
5.336739999999694192e+03 1.116698682308197021e-01 6.576997693628072739e-03
5.338219999999693755e+03 1.121513992547988892e-01 6.508875172585248947e-03
5.339699999999693318e+03 1.187337636947631836e-01 6.608559750020503998e-03
5.341179999999692882e+03 1.134745478630065918e-01 6.585079245269298553e-03
5.342659999999692445e+03 1.095147505402565002e-01 6.560926791280508041e-03
5.344139999999692009e+03 1.212656944990158081e-01 6.733065005391836166e-03
5.345619999999691572e+03 1.258176416158676147e-01 6.791435182094573975e-03
5.347099999999691136e+03 1.121465489268302917e-01 6.564390379935503006e-03
5.348579999999690699e+03 1.118309944868087769e-01 6.594583857804536819e-03
5.350059999999690262e+03 1.172794401645660400e-01 6.741912569850683212e-03
5.351539999999689826e+03 1.106749102473258972e-01 6.623085588216781616e-03
5.353019999999689389e+03 1.075118929147720337e-01 6.525714881718158722e-03
5.354499999999688953e+03 1.115301251411437988e-01 6.652773357927799225e-03
5.355979999999688516e+03 1.219309866428375244e-01 6.751818116754293442e-03
5.357459999999688080e+03 1.220058575272560120e-01 6.739507894963026047e-03
5.358939999999687643e+03 1.096635609865188599e-01 6.540062837302684784e-03
5.360419999999687207e+03 1.188104301691055298e-01 6.646413821727037430e-03
5.361899999999686770e+03 9.824026376008987427e-02 6.274105515331029892e-03
5.363379999999686333e+03 1.021232753992080688e-01 6.356581114232540131e-03
5.364859999999685897e+03 1.165130063891410828e-01 6.547573022544384003e-03
5.366339999999685460e+03 1.165721863508224487e-01 6.611662916839122772e-03
5.367819999999685024e+03 1.047862693667411804e-01 6.392733659595251083e-03
5.369299999999684587e+03 1.103137657046318054e-01 6.439371034502983093e-03
5.370779999999684151e+03 9.964828193187713623e-02 6.263774819672107697e-03
5.372259999999683714e+03 1.165927350521087646e-01 6.642372813075780869e-03
5.373739999999683278e+03 1.165512353181838989e-01 6.689122878015041351e-03
5.375219999999682841e+03 1.120873913168907166e-01 6.578055676072835922e-03
5.376699999999682404e+03 1.224302276968955994e-01 6.727366242557764053e-03
5.378179999999681968e+03 1.212412565946578979e-01 6.676582619547843933e-03
5.379659999999681531e+03 1.165479645133018494e-01 6.595047190785408020e-03
5.381139999999681095e+03 1.144918054342269897e-01 6.524415686726570129e-03
5.382619999999680658e+03 1.219085305929183960e-01 6.660903338342905045e-03
5.384099999999680222e+03 1.199040859937667847e-01 6.654147058725357056e-03
5.385579999999679785e+03 1.193515062332153320e-01 6.633609533309936523e-03
5.387059999999679349e+03 1.234323680400848389e-01 6.703899241983890533e-03
5.388539999999678912e+03 1.154074147343635559e-01 6.569912657141685486e-03
5.390019999999678475e+03 1.151876673102378845e-01 6.565180607140064240e-03
5.391499999999678039e+03 1.198428049683570862e-01 6.632847245782613754e-03
5.392979999999677602e+03 1.236746832728385925e-01 6.686987821012735367e-03
5.394459999999677166e+03 1.052563190460205078e-01 6.397610064595937729e-03
5.395939999999676729e+03 1.040293872356414795e-01 6.330742500722408295e-03
5.397419999999676293e+03 1.193106919527053833e-01 6.573034916073083878e-03
5.398899999999675856e+03 1.104649379849433899e-01 6.432099733501672745e-03
5.400379999999675420e+03 1.214510649442672729e-01 6.589623633772134781e-03
5.401859999999674983e+03 1.040419638156890869e-01 6.274186540395021439e-03
5.403339999999674546e+03 1.186661571264266968e-01 6.526354700326919556e-03
5.404819999999674110e+03 1.152436360716819763e-01 6.389546208083629608e-03
5.406299999999673673e+03 1.190286353230476379e-01 6.534028798341751099e-03
5.407779999999673237e+03 1.194464340806007385e-01 6.584249436855316162e-03
5.409259999999672800e+03 1.199985742568969727e-01 6.596732884645462036e-03
5.410739999999672364e+03 1.138584688305854797e-01 6.529063452035188675e-03
5.412219999999671927e+03 1.143108904361724854e-01 6.535533815622329712e-03
5.413699999999671491e+03 1.171471029520034790e-01 6.573028396815061569e-03
5.415179999999671054e+03 1.106897443532943726e-01 6.487377453595399857e-03
5.416659999999670617e+03 1.236021965742111206e-01 6.716584321111440659e-03
5.418139999999670181e+03 1.159050315618515015e-01 6.586460862308740616e-03
5.419619999999669744e+03 1.143596395850181580e-01 6.539748981595039368e-03
5.421099999999669308e+03 1.298184543848037720e-01 6.807733327150344849e-03
5.422579999999668871e+03 1.143766269087791443e-01 6.479961331933736801e-03
5.424059999999668435e+03 1.175311952829360962e-01 6.493055261671543121e-03
5.425539999999667998e+03 1.068468317389488220e-01 6.338049657642841339e-03
5.427019999999667561e+03 1.061718836426734924e-01 6.327087059617042542e-03
5.428499999999667125e+03 1.168793067336082458e-01 6.504919379949569702e-03
5.429979999999666688e+03 1.183492466807365417e-01 6.535791791975498199e-03
5.431459999999666252e+03 1.179666295647621155e-01 6.535646505653858185e-03
5.432939999999665815e+03 1.150083392858505249e-01 6.501856260001659393e-03
5.434419999999665379e+03 1.129332333803176880e-01 6.478546652942895889e-03
5.435899999999664942e+03 1.203170120716094971e-01 6.618424784392118454e-03
5.437379999999664506e+03 1.176327690482139587e-01 6.610848940908908844e-03
5.438859999999664069e+03 1.076630428433418274e-01 6.439541932195425034e-03
5.440339999999663632e+03 1.070835664868354797e-01 6.462451070547103882e-03
5.441819999999663196e+03 1.159099638462066650e-01 6.574104540050029755e-03
5.443299999999662759e+03 1.191358268260955811e-01 6.623784080147743225e-03
5.444779999999662323e+03 1.125160455703735352e-01 6.419940385967493057e-03
5.446259999999661886e+03 1.232185140252113342e-01 6.586412899196147919e-03
5.447739999999661450e+03 1.089134663343429565e-01 6.426270585507154465e-03
5.449219999999661013e+03 1.207592636346817017e-01 6.588728632777929306e-03
5.450699999999660577e+03 1.118946298956871033e-01 6.429287139326334000e-03
5.452179999999660140e+03 1.242513209581375122e-01 6.668307818472385406e-03
5.453659999999659703e+03 1.184437647461891174e-01 6.473372690379619598e-03
5.455139999999659267e+03 1.221614480018615723e-01 6.570613477379083633e-03
5.456619999999658830e+03 1.168304383754730225e-01 6.519817747175693512e-03
5.458099999999658394e+03 1.164621934294700623e-01 6.599485408514738083e-03
5.459579999999657957e+03 1.131909787654876709e-01 6.587541662156581879e-03
5.461059999999657521e+03 1.007366478443145752e-01 6.354155950248241425e-03
5.462539999999657084e+03 1.064624562859535217e-01 6.385109852999448776e-03
5.464019999999656648e+03 1.030148044228553772e-01 6.308066193014383316e-03
5.465499999999656211e+03 1.305522620677947998e-01 6.781453732401132584e-03
5.466979999999655774e+03 1.140421032905578613e-01 6.500969175249338150e-03
5.468459999999655338e+03 1.080245524644851685e-01 6.418329663574695587e-03
5.469939999999654901e+03 1.159053593873977661e-01 6.547951139509677887e-03
5.471419999999654465e+03 1.209021881222724915e-01 6.594443228095769882e-03
5.472899999999654028e+03 1.054354608058929443e-01 6.343241315335035324e-03
5.474379999999653592e+03 1.197614371776580811e-01 6.539855152368545532e-03
5.475859999999653155e+03 1.201923787593841553e-01 6.500466261059045792e-03
5.477339999999652719e+03 1.226889416575431824e-01 6.546467542648315430e-03
5.478819999999652282e+03 1.144339889287948608e-01 6.442726589739322662e-03
5.480299999999651845e+03 1.115338355302810669e-01 6.367020774632692337e-03
5.481779999999651409e+03 1.126437634229660034e-01 6.380833685398101807e-03
5.483259999999650972e+03 1.148007512092590332e-01 6.472645327448844910e-03
5.484739999999650536e+03 1.187395229935646057e-01 6.578621454536914825e-03
5.486219999999650099e+03 1.030454784631729126e-01 6.268110591918230057e-03
5.487699999999649663e+03 1.029032692313194275e-01 6.250252481549978256e-03
5.489179999999649226e+03 1.174772158265113831e-01 6.540841422975063324e-03
5.490659999999648790e+03 1.212876439094543457e-01 6.626729387789964676e-03
5.492139999999648353e+03 1.154054105281829834e-01 6.504109594970941544e-03
5.493619999999647916e+03 1.108783036470413208e-01 6.383845582604408264e-03
5.495099999999647480e+03 1.181665584444999695e-01 6.527658551931381226e-03
5.496579999999647043e+03 1.167903393507003784e-01 6.554895080626010895e-03
5.498059999999646607e+03 1.295488774776458740e-01 6.779848132282495499e-03
5.499539999999646170e+03 1.063951626420021057e-01 6.397595163434743881e-03
5.501019999999645734e+03 1.064009889960289001e-01 6.367257796227931976e-03
5.502499999999645297e+03 1.216857656836509705e-01 6.599431857466697693e-03
5.503979999999644861e+03 1.165046095848083496e-01 6.544042378664016724e-03
5.505459999999644424e+03 9.555305540561676025e-02 6.151494570076465607e-03
5.506939999999643987e+03 1.068983525037765503e-01 6.362349726259708405e-03
5.508419999999643551e+03 1.018339395523071289e-01 6.293443031609058380e-03
5.509899999999643114e+03 1.141450777649879456e-01 6.460109259933233261e-03
5.511379999999642678e+03 1.161142960190773010e-01 6.461152341216802597e-03
5.512859999999642241e+03 1.112660691142082214e-01 6.385677494108676910e-03
5.514339999999641805e+03 1.235706657171249390e-01 6.619188003242015839e-03
5.515819999999641368e+03 1.241989359259605408e-01 6.629324518144130707e-03
5.517299999999640931e+03 1.220999807119369507e-01 6.618651095777750015e-03
5.518779999999640495e+03 1.171926930546760559e-01 6.496557034552097321e-03
5.520259999999640058e+03 1.180177256464958191e-01 6.545863114297389984e-03
5.521739999999639622e+03 1.204816773533821106e-01 6.595814134925603867e-03
5.523219999999639185e+03 1.289616376161575317e-01 6.714689079672098160e-03
5.524699999999638749e+03 1.082271337509155273e-01 6.334390491247177124e-03
5.526179999999638312e+03 1.098185032606124878e-01 6.328186485916376114e-03
5.527659999999637876e+03 1.231175288558006287e-01 6.563898175954818726e-03
5.529139999999637439e+03 1.080690324306488037e-01 6.304590497165918350e-03
5.530619999999637002e+03 1.081398054957389832e-01 6.369315553456544876e-03
5.532099999999636566e+03 1.082975566387176514e-01 6.360858213156461716e-03
5.533579999999636129e+03 1.032110452651977539e-01 6.280478090047836304e-03
5.535059999999635693e+03 1.124965846538543701e-01 6.428293883800506592e-03
5.536539999999635256e+03 1.151043847203254700e-01 6.501279771327972412e-03
5.538019999999634820e+03 1.134971529245376587e-01 6.452088709920644760e-03
5.539499999999634383e+03 1.063637733459472656e-01 6.390260066837072372e-03
5.540979999999633947e+03 1.070199906826019287e-01 6.493577733635902405e-03
5.542459999999633510e+03 1.112353801727294922e-01 6.574694998562335968e-03
5.543939999999633073e+03 1.143479794263839722e-01 6.637988612055778503e-03
5.545419999999632637e+03 1.091877296566963196e-01 6.469175219535827637e-03
5.546899999999632200e+03 1.162223368883132935e-01 6.519824732095003128e-03
5.548379999999631764e+03 1.136423349380493164e-01 6.487519014626741409e-03
5.549859999999631327e+03 1.078874319791793823e-01 6.382399704307317734e-03
5.551339999999630891e+03 1.073228567838668823e-01 6.332917138934135437e-03
5.552819999999630454e+03 1.088069528341293335e-01 6.300790701061487198e-03
5.554299999999630018e+03 1.066066399216651917e-01 6.259889807552099228e-03
5.555779999999629581e+03 1.157078817486763000e-01 6.450500804930925369e-03
5.557259999999629144e+03 1.060602813959121704e-01 6.317869294434785843e-03
5.558739999999628708e+03 1.055504456162452698e-01 6.274241954088211060e-03
5.560219999999628271e+03 1.171127557754516602e-01 6.459597498178482056e-03
5.561699999999627835e+03 1.148846372961997986e-01 6.595764774829149246e-03
5.563179999999627398e+03 1.148475036025047302e-01 6.687693297863006592e-03
5.564659999999626962e+03 1.074543371796607971e-01 6.513003259897232056e-03
5.566139999999626525e+03 1.097774505615234375e-01 6.427643354982137680e-03
5.567619999999626089e+03 1.093142628669738770e-01 6.409594323486089706e-03
5.569099999999625652e+03 1.191247403621673584e-01 6.583007983863353729e-03
5.570579999999625215e+03 1.185268536210060120e-01 6.528214085847139359e-03
5.572059999999624779e+03 1.136852204799652100e-01 6.302601657807826996e-03
5.573539999999624342e+03 7.328040897846221924e-02 6.384573876857757568e-03
5.575019999999623906e+03 1.483712494373321533e-01 1.652785018086433411e-02
5.576499999999623469e+03 2.147311270236968994e-01 2.343606576323509216e-02
5.577979999999623033e+03 2.268324419856071472e-02 1.986580900847911835e-02
5.579459999999622596e+03 2.593517303466796875e-02 8.798048831522464752e-03
5.580939999999622160e+03 1.190292611718177795e-01 6.403031758964061737e-03
5.582419999999621723e+03 1.170556619763374329e-01 6.520328577607870102e-03
5.583899999999621286e+03 1.124212294816970825e-01 6.428164895623922348e-03
5.585379999999620850e+03 1.167873889207839966e-01 6.420796737074851990e-03
5.586859999999620413e+03 1.152144670486450195e-01 6.485647987574338913e-03
5.588339999999619977e+03 1.154005974531173706e-01 6.618983577936887741e-03
5.589819999999619540e+03 1.211323142051696777e-01 6.617683917284011841e-03
5.591299999999619104e+03 1.191320419311523438e-01 6.476874928921461105e-03
5.592779999999618667e+03 1.158135011792182922e-01 6.388894282281398773e-03
5.594259999999618231e+03 1.190616413950920105e-01 6.460289005190134048e-03
5.595739999999617794e+03 9.516201168298721313e-02 6.133669055998325348e-03
5.597219999999617357e+03 1.026105061173439026e-01 6.247419398277997971e-03
5.598699999999616921e+03 1.118997856974601746e-01 6.362157873809337616e-03
5.600179999999616484e+03 1.045422330498695374e-01 6.180552300065755844e-03
5.601659999999616048e+03 1.055148094892501831e-01 6.190305575728416443e-03
5.603139999999615611e+03 1.126048713922500610e-01 6.454747170209884644e-03
5.604619999999615175e+03 1.129150241613388062e-01 6.647791713476181030e-03
5.606099999999614738e+03 1.127671003341674805e-01 6.551689468324184418e-03
5.607579999999614301e+03 1.026977822184562683e-01 6.229996681213378906e-03
5.609059999999613865e+03 1.115457564592361450e-01 6.364370230585336685e-03
5.610539999999613428e+03 1.159621328115463257e-01 6.445071659982204437e-03
5.612019999999612992e+03 1.102874279022216797e-01 6.320495624095201492e-03
5.613499999999612555e+03 1.076933965086936951e-01 6.211894098669290543e-03
5.614979999999612119e+03 1.131187528371810913e-01 6.305136717855930328e-03
5.616459999999611682e+03 1.042031943798065186e-01 6.202649325132369995e-03
5.617939999999611246e+03 9.712256491184234619e-02 6.109839305281639099e-03
5.619419999999610809e+03 1.115572229027748108e-01 6.318149622529745102e-03
5.620899999999610372e+03 1.149459630250930786e-01 6.432452239096164703e-03
5.622379999999609936e+03 1.098536029458045959e-01 6.470767315477132797e-03
5.623859999999609499e+03 1.097788512706756592e-01 6.406038068234920502e-03
5.625339999999609063e+03 1.160651519894599915e-01 6.502530537545681000e-03
5.626819999999608626e+03 1.131514683365821838e-01 9.089702740311622620e-03
5.628299999999608190e+03 1.173605397343635559e-01 1.203605625778436661e-02
5.629779999999607753e+03 1.124883294105529785e-01 6.358209997415542603e-03
5.631259999999607317e+03 1.063576042652130127e-01 6.279926747083663940e-03
5.632739999999606880e+03 1.121010705828666687e-01 6.347558461129665375e-03
5.634219999999606443e+03 1.018791869282722473e-01 6.158167030662298203e-03
5.635699999999606007e+03 1.090135499835014343e-01 6.293786689639091492e-03
5.637179999999605570e+03 1.130742579698562622e-01 6.385623477399349213e-03
5.638659999999605134e+03 1.116586327552795410e-01 6.368431728333234787e-03
5.640139999999604697e+03 9.944140166044235229e-02 6.127378903329372406e-03
5.641619999999604261e+03 1.063057035207748413e-01 6.235593929886817932e-03
5.643099999999603824e+03 1.130349040031433105e-01 6.445068400353193283e-03
5.644579999999603388e+03 1.152031347155570984e-01 6.509840488433837891e-03
5.646059999999602951e+03 1.036385595798492432e-01 6.291932892054319382e-03
5.647539999999602514e+03 9.877958893775939941e-02 6.135276518762111664e-03
5.649019999999602078e+03 1.103293597698211670e-01 6.275873631238937378e-03
5.650499999999601641e+03 1.191669553518295288e-01 6.449943874031305313e-03
5.651979999999601205e+03 1.027147248387336731e-01 6.202573422342538834e-03
5.653459999999600768e+03 1.038173437118530273e-01 6.168262101709842682e-03
5.654939999999600332e+03 1.095223352313041687e-01 6.309211254119873047e-03
5.656419999999599895e+03 1.104220896959304810e-01 6.268496625125408173e-03
5.657899999999599459e+03 1.110506728291511536e-01 6.230277940630912781e-03
5.659379999999599022e+03 1.076545715332031250e-01 6.192495580762624741e-03
5.660859999999598585e+03 1.071975454688072205e-01 6.213965825736522675e-03
5.662339999999598149e+03 1.052340343594551086e-01 6.203359924256801605e-03
5.663819999999597712e+03 1.120097264647483826e-01 6.356567610055208206e-03
5.665299999999597276e+03 1.144745871424674988e-01 6.371607538312673569e-03
5.666779999999596839e+03 1.037791967391967773e-01 6.180468481034040451e-03
5.668259999999596403e+03 1.044816151261329651e-01 6.240402814000844955e-03
5.669739999999595966e+03 1.042379587888717651e-01 6.230308208614587784e-03
5.671219999999595530e+03 1.120282262563705444e-01 6.317010615020990372e-03
5.672699999999595093e+03 1.139043569564819336e-01 6.339399609714746475e-03
5.674179999999594656e+03 1.067799106240272522e-01 6.222144700586795807e-03
5.675659999999594220e+03 1.026533767580986023e-01 6.168594583868980408e-03
5.677139999999593783e+03 1.096036657691001892e-01 6.261204835027456284e-03
5.678619999999593347e+03 1.113617271184921265e-01 6.277217064052820206e-03
5.680099999999592910e+03 1.087199151515960693e-01 6.242016796022653580e-03
5.681579999999592474e+03 1.079353243112564087e-01 6.218523252755403519e-03
5.683059999999592037e+03 1.012899950146675110e-01 6.106199230998754501e-03
5.684539999999591600e+03 1.107786148786544800e-01 6.289056967943906784e-03
5.686019999999591164e+03 1.158420220017433167e-01 6.340641528367996216e-03
5.687499999999590727e+03 1.075896844267845154e-01 6.202099844813346863e-03
5.688979999999590291e+03 1.119190678000450134e-01 6.332080811262130737e-03
5.690459999999589854e+03 1.067930459976196289e-01 6.271404214203357697e-03
5.691939999999589418e+03 1.042531430721282959e-01 6.205174606293439865e-03
5.693419999999588981e+03 1.075735837221145630e-01 6.241426803171634674e-03
5.694899999999588545e+03 9.912605583667755127e-02 6.144242826849222183e-03
5.696379999999588108e+03 1.046467795968055725e-01 6.252794060856103897e-03
5.697859999999587671e+03 1.110795438289642334e-01 6.318826228380203247e-03
5.699339999999587235e+03 1.142378598451614380e-01 6.356608122587203979e-03
5.700819999999586798e+03 1.139872893691062927e-01 6.359490565955638885e-03
5.702299999999586362e+03 1.033559143543243408e-01 6.189200095832347870e-03
5.703779999999585925e+03 1.012862473726272583e-01 6.154566071927547455e-03
5.705259999999585489e+03 1.069797351956367493e-01 6.236150860786437988e-03
5.706739999999585052e+03 1.028326898813247681e-01 6.134031340479850769e-03
5.708219999999584616e+03 1.015592142939567566e-01 6.116354372352361679e-03
5.709699999999584179e+03 1.138419061899185181e-01 6.308452226221561432e-03
5.711179999999583742e+03 1.131088882684707642e-01 6.319050211459398270e-03
5.712659999999583306e+03 1.048979908227920532e-01 6.224472541362047195e-03
5.714139999999582869e+03 9.566588699817657471e-02 6.059003062546253204e-03
5.715619999999582433e+03 1.010071486234664917e-01 6.132666952908039093e-03
5.717099999999581996e+03 1.132902726531028748e-01 6.348005030304193497e-03
5.718579999999581560e+03 1.044485643506050110e-01 6.233875639736652374e-03
5.720059999999581123e+03 1.034736558794975281e-01 6.241985596716403961e-03
5.721539999999580687e+03 1.139679625630378723e-01 6.390892434865236282e-03
5.723019999999580250e+03 1.156975030899047852e-01 6.411831360310316086e-03
5.724499999999579813e+03 1.161759793758392334e-01 6.423945538699626923e-03
5.725979999999579377e+03 1.152585372328758240e-01 6.414420902729034424e-03
5.727459999999578940e+03 1.095565184950828552e-01 6.307109724730253220e-03
5.728939999999578504e+03 1.009454876184463501e-01 6.129411514848470688e-03
5.730419999999578067e+03 9.752280265092849731e-02 6.074050907045602798e-03
5.731899999999577631e+03 9.804751724004745483e-02 6.088648457080125809e-03
5.733379999999577194e+03 1.113669723272323608e-01 6.341363769024610519e-03
5.734859999999576758e+03 1.117701083421707153e-01 6.352603435516357422e-03
5.736339999999576321e+03 1.045404002070426941e-01 6.213190034031867981e-03
5.737819999999575884e+03 1.064096167683601379e-01 6.221851333975791931e-03
5.739299999999575448e+03 1.027350574731826782e-01 6.155236158519983292e-03
5.740779999999575011e+03 1.029101163148880005e-01 6.157378200441598892e-03
5.742259999999574575e+03 1.065517663955688477e-01 6.248558871448040009e-03
5.743739999999574138e+03 1.064884364604949951e-01 6.250905338674783707e-03
5.745219999999573702e+03 1.094661206007003784e-01 6.287063471972942352e-03
5.746699999999573265e+03 1.022648960351943970e-01 6.156356539577245712e-03
5.748179999999572829e+03 1.044556275010108948e-01 6.206720601767301559e-03
5.749659999999572392e+03 9.790535271167755127e-02 6.066408473998308182e-03
5.751139999999571955e+03 1.060660481452941895e-01 6.205021869391202927e-03
5.752619999999571519e+03 1.118307262659072876e-01 6.244754884392023087e-03
5.754099999999571082e+03 1.073105186223983765e-01 6.203709635883569717e-03
5.755579999999570646e+03 1.105786561965942383e-01 6.327293347567319870e-03
5.757059999999570209e+03 1.109168902039527893e-01 6.319164298474788666e-03
5.758539999999569773e+03 1.132032275199890137e-01 6.330746226012706757e-03
5.760019999999569336e+03 1.064432710409164429e-01 6.202953867614269257e-03
5.761499999999568900e+03 1.048818379640579224e-01 6.154288537800312042e-03
5.762979999999568463e+03 1.005495041608810425e-01 6.087319925427436829e-03
5.764459999999568026e+03 1.056322455406188965e-01 6.197084207087755203e-03
5.765939999999567590e+03 1.013258025050163269e-01 6.165423430502414703e-03
5.767419999999567153e+03 9.309221059083938599e-02 6.046081427484750748e-03
5.768899999999566717e+03 1.005300804972648621e-01 6.128368899226188660e-03
5.770379999999566280e+03 1.205884590744972229e-01 6.485209800302982330e-03
5.771859999999565844e+03 1.077036112546920776e-01 6.265169475227594376e-03
5.773339999999565407e+03 1.080538630485534668e-01 6.207956466823816299e-03
5.774819999999564970e+03 1.043563708662986755e-01 6.183821242302656174e-03
5.776299999999564534e+03 1.019084900617599487e-01 6.144775077700614929e-03
5.777779999999564097e+03 1.007682532072067261e-01 6.120461970567703247e-03
5.779259999999563661e+03 9.789778292179107666e-02 6.067625712603330612e-03
5.780739999999563224e+03 9.781375527381896973e-02 6.045677699148654938e-03
5.782219999999562788e+03 1.058668792247772217e-01 6.157652474939823151e-03
5.783699999999562351e+03 1.099424809217453003e-01 6.229321938008069992e-03
5.785179999999561915e+03 1.015429124236106873e-01 6.074042059481143951e-03
5.786659999999561478e+03 9.714046120643615723e-02 6.043044384568929672e-03
5.788139999999561041e+03 9.763441234827041626e-02 6.062811240553855896e-03
5.789619999999560605e+03 1.097334995865821838e-01 6.262246053665876389e-03
5.791099999999560168e+03 1.081047505140304565e-01 6.210826802998781204e-03
5.792579999999559732e+03 1.015547513961791992e-01 6.110519636422395706e-03
5.794059999999559295e+03 9.802021086215972900e-02 6.047901231795549393e-03
5.795539999999558859e+03 9.455321729183197021e-02 5.982927512377500534e-03
5.797019999999558422e+03 1.044617444276809692e-01 6.154450587928295135e-03
5.798499999999557986e+03 1.050945371389389038e-01 6.170731969177722931e-03
5.799979999999557549e+03 1.107750311493873596e-01 6.254331208765506744e-03
5.801459999999557112e+03 1.185015663504600525e-01 6.380631588399410248e-03
5.802939999999556676e+03 1.085350885987281799e-01 6.224596407264471054e-03
5.804419999999556239e+03 1.083702147006988525e-01 6.186623591929674149e-03
5.805899999999555803e+03 1.089679226279258728e-01 6.206185556948184967e-03
5.807379999999555366e+03 9.504171460866928101e-02 5.987192038446664810e-03
5.808859999999554930e+03 1.017656400799751282e-01 6.114097777754068375e-03
5.810339999999554493e+03 1.018833667039871216e-01 6.084052380174398422e-03
5.811819999999554057e+03 8.501195907592773438e-02 5.790293682366609573e-03
5.813299999999553620e+03 9.605524688959121704e-02 6.015881430357694626e-03
5.814779999999553183e+03 1.049697101116180420e-01 6.124988663941621780e-03
5.816259999999552747e+03 9.851001948118209839e-02 6.012691650539636612e-03
5.817739999999552310e+03 1.011439114809036255e-01 6.092280615121126175e-03
5.819219999999551874e+03 1.080997437238693237e-01 6.218823138624429703e-03
5.820699999999551437e+03 1.083718687295913696e-01 6.208704784512519836e-03
5.822179999999551001e+03 1.006488427519798279e-01 6.057634949684143066e-03
5.823659999999550564e+03 9.944766759872436523e-02 6.051628384739160538e-03
5.825139999999550128e+03 1.069963201880455017e-01 6.166321225464344025e-03
5.826619999999549691e+03 1.034389734268188477e-01 6.100687198340892792e-03
5.828099999999549254e+03 1.064848899841308594e-01 6.181937642395496368e-03
5.829579999999548818e+03 1.150775030255317688e-01 6.312051787972450256e-03
5.831059999999548381e+03 1.073973998427391052e-01 6.180538330227136612e-03
5.832539999999547945e+03 1.079426556825637817e-01 6.180459633469581604e-03
5.834019999999547508e+03 1.133956834673881531e-01 6.254085805267095566e-03
5.835499999999547072e+03 1.080290824174880981e-01 6.196151487529277802e-03
5.836979999999546635e+03 1.071430444717407227e-01 6.175910588353872299e-03
5.838459999999546199e+03 1.062756776809692383e-01 6.135331932455301285e-03
5.839939999999545762e+03 1.096395775675773621e-01 6.192978005856275558e-03
5.841419999999545325e+03 1.116791740059852600e-01 6.247146055102348328e-03
5.842899999999544889e+03 1.071662157773971558e-01 6.163512822240591049e-03
5.844379999999544452e+03 1.054703295230865479e-01 6.134149618446826935e-03
5.845859999999544016e+03 1.053210794925689697e-01 6.120344623923301697e-03
5.847339999999543579e+03 1.062857806682586670e-01 6.130278576165437698e-03
5.848819999999543143e+03 1.101846396923065186e-01 6.195168010890483856e-03
5.850299999999542706e+03 1.083473488688468933e-01 6.163275800645351410e-03
5.851779999999542270e+03 1.080268323421478271e-01 6.164290942251682281e-03
5.853259999999541833e+03 1.114909499883651733e-01 6.218998227268457413e-03
5.854739999999541396e+03 1.039227992296218872e-01 6.086194887757301331e-03
5.856219999999540960e+03 9.785763919353485107e-02 5.996045656502246857e-03
5.857699999999540523e+03 1.086054816842079163e-01 6.197684444487094879e-03
5.859179999999540087e+03 1.095585525035858154e-01 6.215513683855533600e-03
5.860659999999539650e+03 9.490098804235458374e-02 5.966058466583490372e-03
5.862139999999539214e+03 9.958425164222717285e-02 6.093541160225868225e-03
5.863619999999538777e+03 1.068834662437438965e-01 6.431959569454193115e-03
5.865099999999538340e+03 1.046039462089538574e-01 6.731049157679080963e-03
5.866579999999537904e+03 1.084404662251472473e-01 6.954763550311326981e-03
5.868059999999537467e+03 9.882810711860656738e-02 6.628703325986862183e-03
5.869539999999537031e+03 9.965381026268005371e-02 6.360164843499660492e-03
5.871019999999536594e+03 1.002518311142921448e-01 6.220685783773660660e-03
5.872499999999536158e+03 1.015315204858779907e-01 6.279834546148777008e-03
5.873979999999535721e+03 1.041534841060638428e-01 6.327870767563581467e-03
5.875459999999535285e+03 1.092318147420883179e-01 6.360741332173347473e-03
5.876939999999534848e+03 1.010835170745849609e-01 6.223659031093120575e-03
5.878419999999534411e+03 1.038314849138259888e-01 6.208936683833599091e-03
5.879899999999533975e+03 1.136939600110054016e-01 6.362225860357284546e-03
5.881379999999533538e+03 1.039527058601379395e-01 6.209296640008687973e-03
5.882859999999533102e+03 9.999060630798339844e-02 6.142897997051477432e-03
5.884339999999532665e+03 1.040791347622871399e-01 6.129502784460783005e-03
5.885819999999532229e+03 9.764349460601806641e-02 6.574708502739667892e-03
5.887299999999531792e+03 6.705053895711898804e-02 1.171991787850856781e-02
5.888779999999531356e+03 8.516820520162582397e-02 1.854481175541877747e-02
5.890259999999530919e+03 2.005425095558166504e-02 1.801521144807338715e-02
5.891739999999530482e+03 -3.553885966539382935e-02 1.233484782278537750e-02
5.893219999999530046e+03 6.909518688917160034e-02 6.480896845459938049e-03
5.894699999999529609e+03 9.640787541866302490e-02 7.588915992528200150e-03
5.896179999999529173e+03 9.530813246965408325e-02 7.506764959543943405e-03
5.897659999999528736e+03 8.820662647485733032e-02 6.470332853496074677e-03
5.899139999999528300e+03 9.445474296808242798e-02 6.038371939212083817e-03
5.900619999999527863e+03 9.943945705890655518e-02 6.128654349595308304e-03
5.902099999999527427e+03 1.014824882149696350e-01 6.178368348628282547e-03
5.903579999999526990e+03 9.072532504796981812e-02 6.038667168468236923e-03
5.905059999999526553e+03 1.042307391762733459e-01 6.317973136901855469e-03
5.906539999999526117e+03 1.110049635171890259e-01 6.487532518804073334e-03
5.908019999999525680e+03 9.758324176073074341e-02 6.193102337419986725e-03
5.909499999999525244e+03 9.868751466274261475e-02 6.067001260817050934e-03
5.910979999999524807e+03 9.327293187379837036e-02 5.972461309283971786e-03
5.912459999999524371e+03 9.919386357069015503e-02 6.172487512230873108e-03
5.913939999999523934e+03 1.171749904751777649e-01 6.880175322294235229e-03
5.915419999999523498e+03 9.618078172206878662e-02 6.695139687508344650e-03
5.916899999999523061e+03 8.642510324716567993e-02 6.176723167300224304e-03
5.918379999999522624e+03 1.055827140808105469e-01 6.153074558824300766e-03
5.919859999999522188e+03 9.438227117061614990e-02 5.963107571005821228e-03
5.921339999999521751e+03 1.083024144172668457e-01 6.205320823937654495e-03
5.922819999999521315e+03 1.211737319827079773e-01 6.505254656076431274e-03
5.924299999999520878e+03 1.061141788959503174e-01 6.418808363378047943e-03
5.925779999999520442e+03 9.402211755514144897e-02 6.148838903754949570e-03
5.927259999999520005e+03 1.026146560907363892e-01 6.100895348936319351e-03
5.928739999999519569e+03 1.089812517166137695e-01 6.140459328889846802e-03
5.930219999999519132e+03 9.148022532463073730e-02 6.052309647202491760e-03
5.931699999999518695e+03 1.116465777158737183e-01 6.891973782330751419e-03
5.933179999999518259e+03 1.033980101346969604e-01 6.840478628873825073e-03
5.934659999999517822e+03 1.117142513394355774e-01 6.458452437072992325e-03
5.936139999999517386e+03 8.849170804023742676e-02 5.855057854205369949e-03
5.937619999999516949e+03 1.086142286658287048e-01 6.164221093058586121e-03
5.939099999999516513e+03 1.051168292760848999e-01 6.115130614489316940e-03
5.940579999999516076e+03 9.154346585273742676e-02 5.872301291674375534e-03
5.942059999999515640e+03 9.953737258911132812e-02 6.009139120578765869e-03
5.943539999999515203e+03 1.016498655080795288e-01 6.144216749817132950e-03
5.945019999999514766e+03 9.649594128131866455e-02 6.222744937986135483e-03
5.946499999999514330e+03 9.970091283321380615e-02 6.272580008953809738e-03
5.947979999999513893e+03 9.992298483848571777e-02 6.058648228645324707e-03
5.949459999999513457e+03 8.976615965366363525e-02 5.847030319273471832e-03
5.950939999999513020e+03 1.072473526000976562e-01 6.362830288708209991e-03
5.952419999999512584e+03 1.072352603077888489e-01 6.717057898640632629e-03
5.953899999999512147e+03 9.647982567548751831e-02 6.595971528440713882e-03
5.955379999999511710e+03 9.215916693210601807e-02 6.119493395090103149e-03
5.956859999999511274e+03 9.063158184289932251e-02 5.802917759865522385e-03
5.958339999999510837e+03 8.694420009851455688e-02 5.782734602689743042e-03
5.959819999999510401e+03 9.817512333393096924e-02 6.007990334182977676e-03
5.961299999999509964e+03 9.299925714731216431e-02 5.918312352150678635e-03
5.962779999999509528e+03 9.158975630998611450e-02 5.868209525942802429e-03
5.964259999999509091e+03 9.371782839298248291e-02 5.922215059399604797e-03
5.965739999999508655e+03 9.491953998804092407e-02 5.923820193856954575e-03
5.967219999999508218e+03 9.854226559400558472e-02 5.995800253003835678e-03
5.968699999999507781e+03 9.386178851127624512e-02 6.031488068401813507e-03
5.970179999999507345e+03 9.865562617778778076e-02 6.166628561913967133e-03
5.971659999999506908e+03 9.182707965373992920e-02 5.960390437394380569e-03
5.973139999999506472e+03 1.018919199705123901e-01 6.002986337989568710e-03
5.974619999999506035e+03 1.107223331928253174e-01 6.222925148904323578e-03
5.976099999999505599e+03 9.537300467491149902e-02 6.218081340193748474e-03
5.977579999999505162e+03 9.991180151700973511e-02 6.305850576609373093e-03
5.979059999999504726e+03 1.034962385892868042e-01 6.138937082141637802e-03
5.980539999999504289e+03 9.767603129148483276e-02 5.897029303014278412e-03
5.982019999999503852e+03 1.059506908059120178e-01 6.026313174515962601e-03
5.983499999999503416e+03 1.448539495468139648e-01 6.636158097535371780e-03
5.984979999999502979e+03 1.607270985841751099e-01 6.882843561470508575e-03
5.986459999999502543e+03 1.223462298512458801e-01 6.279344670474529266e-03
5.987939999999502106e+03 1.016856282949447632e-01 5.962348543107509613e-03
5.989419999999501670e+03 9.920924901962280273e-02 5.942692980170249939e-03
5.990899999999501233e+03 8.399882167577743530e-02 5.674631334841251373e-03
5.992379999999500797e+03 9.331722557544708252e-02 5.838167853653430939e-03
5.993859999999500360e+03 9.308283030986785889e-02 5.822048056870698929e-03
5.995339999999499923e+03 8.521348237991333008e-02 5.708039738237857819e-03
5.996819999999499487e+03 1.046572774648666382e-01 6.114284507930278778e-03
5.998299999999499050e+03 1.036667972803115845e-01 6.077898200601339340e-03
5.999779999999498614e+03 8.966199308633804321e-02 5.783022381365299225e-03
6.001259999999498177e+03 9.664352238178253174e-02 5.931393709033727646e-03
6.002739999999497741e+03 1.057020872831344604e-01 6.216512527316808701e-03
6.004219999999497304e+03 9.287635236978530884e-02 6.006760988384485245e-03
6.005699999999496868e+03 9.619947522878646851e-02 5.927516613155603409e-03
6.007179999999496431e+03 8.946193754673004150e-02 5.700099281966686249e-03
6.008659999999495994e+03 9.253031015396118164e-02 5.800552200525999069e-03
6.010139999999495558e+03 9.646912664175033569e-02 5.898138042539358139e-03
6.011619999999495121e+03 1.002341806888580322e-01 5.942382384091615677e-03
6.013099999999494685e+03 9.606726467609405518e-02 5.859208758920431137e-03
6.014579999999494248e+03 8.923325687646865845e-02 5.702549591660499573e-03
6.016059999999493812e+03 9.838028252124786377e-02 5.866562481969594955e-03
6.017539999999493375e+03 1.041564419865608215e-01 5.957982968538999557e-03
6.019019999999492939e+03 1.028384044766426086e-01 5.896457470953464508e-03
6.020499999999492502e+03 1.016978174448013306e-01 5.893684923648834229e-03
6.021979999999492065e+03 1.069870218634605408e-01 5.953005049377679825e-03
6.023459999999491629e+03 1.010858267545700073e-01 5.880362819880247116e-03
6.024939999999491192e+03 1.022814065217971802e-01 5.894285161048173904e-03
6.026419999999490756e+03 9.427294880151748657e-02 5.783188156783580780e-03
6.027899999999490319e+03 1.034209579229354858e-01 5.939916241914033890e-03
6.029379999999489883e+03 1.017210111021995544e-01 5.926987156271934509e-03
6.030859999999489446e+03 8.650218695402145386e-02 5.637985654175281525e-03
6.032339999999489009e+03 9.703006595373153687e-02 5.910098552703857422e-03
6.033819999999488573e+03 9.133809804916381836e-02 5.855375435203313828e-03
6.035299999999488136e+03 9.416664391756057739e-02 5.859973840415477753e-03
6.036779999999487700e+03 9.657581150531768799e-02 5.838879384100437164e-03
6.038259999999487263e+03 9.052336961030960083e-02 5.723096895962953568e-03
6.039739999999486827e+03 9.365376830101013184e-02 5.776184611022472382e-03
6.041219999999486390e+03 8.700919896364212036e-02 5.671598482877016068e-03
6.042699999999485954e+03 8.915396034717559814e-02 5.695706233382225037e-03
6.044179999999485517e+03 9.380371123552322388e-02 5.784709472209215164e-03
6.045659999999485080e+03 8.899357169866561890e-02 5.667136982083320618e-03
6.047139999999484644e+03 9.037715196609497070e-02 5.707256495952606201e-03
6.048619999999484207e+03 8.913269639015197754e-02 5.676398053765296936e-03
6.050099999999483771e+03 9.628501534461975098e-02 5.809199530631303787e-03
6.051579999999483334e+03 1.047536209225654602e-01 5.944615695625543594e-03
6.053059999999482898e+03 1.047662198543548584e-01 5.935335997492074966e-03
6.054539999999482461e+03 8.619512617588043213e-02 5.613527260720729828e-03
6.056019999999482025e+03 9.089177846908569336e-02 5.684316158294677734e-03
6.057499999999481588e+03 9.642990678548812866e-02 5.794810131192207336e-03
6.058979999999481151e+03 1.015447974205017090e-01 5.884407553821802139e-03
6.060459999999480715e+03 1.098674610257148743e-01 6.014000624418258667e-03
6.061939999999480278e+03 9.881946444511413574e-02 5.854997783899307251e-03
6.063419999999479842e+03 9.048941731452941895e-02 5.706883501261472702e-03
6.064899999999479405e+03 1.060621663928031921e-01 5.918690469115972519e-03
6.066379999999478969e+03 1.140858605504035950e-01 6.080011837184429169e-03
6.067859999999478532e+03 1.004962399601936340e-01 5.898409057408571243e-03
6.069339999999478096e+03 8.875193446874618530e-02 5.676698405295610428e-03
6.070819999999477659e+03 9.926542639732360840e-02 5.811060778796672821e-03
6.072299999999477222e+03 9.883505105972290039e-02 5.820946767926216125e-03
6.073779999999476786e+03 8.567339181900024414e-02 5.601448938250541687e-03
6.075259999999476349e+03 9.592894464731216431e-02 5.789951886981725693e-03
6.076739999999475913e+03 1.030171662569046021e-01 5.882934667170047760e-03
6.078219999999475476e+03 9.890407323837280273e-02 5.790434312075376511e-03
6.079699999999475040e+03 9.620034694671630859e-02 5.764023400843143463e-03
6.081179999999474603e+03 9.431039541959762573e-02 5.747940391302108765e-03
6.082659999999474167e+03 9.557732939720153809e-02 5.757568404078483582e-03
6.084139999999473730e+03 8.363053202629089355e-02 5.550121888518333435e-03
6.085619999999473293e+03 8.851452171802520752e-02 5.638465285301208496e-03
6.087099999999472857e+03 8.309014141559600830e-02 5.529586691409349442e-03
6.088579999999472420e+03 8.847621828317642212e-02 5.608768202364444733e-03
6.090059999999471984e+03 1.037705242633819580e-01 5.878945346921682358e-03
6.091539999999471547e+03 9.255689382553100586e-02 5.654905457049608231e-03
6.093019999999471111e+03 9.430419653654098511e-02 5.662923678755760193e-03
6.094499999999470674e+03 9.419547021389007568e-02 5.708416458219289780e-03
6.095979999999470238e+03 1.001209020614624023e-01 5.774986930191516876e-03
6.097459999999469801e+03 1.075358316302299500e-01 5.928984377533197403e-03
6.098939999999469364e+03 1.064775213599205017e-01 5.931385792791843414e-03
6.100419999999468928e+03 1.089119762182235718e-01 5.928109865635633469e-03
6.101899999999468491e+03 1.045532375574111938e-01 5.827027373015880585e-03
6.103379999999468055e+03 1.013066470623016357e-01 5.768013652414083481e-03
6.104859999999467618e+03 1.108654290437698364e-01 5.998929031193256378e-03
6.106339999999467182e+03 9.724147617816925049e-02 5.744732916355133057e-03
6.107819999999466745e+03 9.579140692949295044e-02 5.742150358855724335e-03
6.109299999999466309e+03 9.520874172449111938e-02 5.742543842643499374e-03
6.110779999999465872e+03 1.000027582049369812e-01 5.811209324747323990e-03
6.112259999999465435e+03 1.029932051897048950e-01 5.852366797626018524e-03
6.113739999999464999e+03 8.690685778856277466e-02 5.574943963438272476e-03
6.115219999999464562e+03 9.897021949291229248e-02 5.797767080366611481e-03
6.116699999999464126e+03 1.042075976729393005e-01 5.868368316441774368e-03
6.118179999999463689e+03 9.201237559318542480e-02 5.669606383889913559e-03
6.119659999999463253e+03 9.058073163032531738e-02 5.623731296509504318e-03
6.121139999999462816e+03 9.509242326021194458e-02 5.630386993288993835e-03
6.122619999999462379e+03 8.875114470720291138e-02 5.558770615607500076e-03
6.124099999999461943e+03 8.486733585596084595e-02 5.510899703949689865e-03
6.125579999999461506e+03 9.450457990169525146e-02 5.702298600226640701e-03
6.127059999999461070e+03 1.031723842024803162e-01 5.845245439559221268e-03
6.128539999999460633e+03 9.683897346258163452e-02 5.695094354450702667e-03
6.130019999999460197e+03 9.456239640712738037e-02 5.656143650412559509e-03
6.131499999999459760e+03 9.342677891254425049e-02 5.631976295262575150e-03
6.132979999999459324e+03 8.685720711946487427e-02 5.528022069483995438e-03
6.134459999999458887e+03 8.298520743846893311e-02 5.501144099980592728e-03
6.135939999999458450e+03 9.517547488212585449e-02 5.698577035218477249e-03
6.137419999999458014e+03 9.514150023460388184e-02 5.721754860132932663e-03
6.138899999999457577e+03 8.588419854640960693e-02 5.678161978721618652e-03
6.140379999999457141e+03 9.857183694839477539e-02 5.872188135981559753e-03
6.141859999999456704e+03 9.892566502094268799e-02 5.886567290872335434e-03
6.143339999999456268e+03 9.339310973882675171e-02 5.910747684538364410e-03
6.144819999999455831e+03 9.221553802490234375e-02 5.883709993213415146e-03
6.146299999999455395e+03 8.498072624206542969e-02 5.592654459178447723e-03
6.147779999999454958e+03 9.360118955373764038e-02 5.651262123137712479e-03
6.149259999999454521e+03 9.314011037349700928e-02 5.716794636100530624e-03
6.150739999999454085e+03 8.989774435758590698e-02 5.671302322298288345e-03
6.152219999999453648e+03 1.006293743848800659e-01 5.807322449982166290e-03
6.153699999999453212e+03 1.029755696654319763e-01 5.828307010233402252e-03
6.155179999999452775e+03 9.543550759553909302e-02 5.689112935215234756e-03
6.156659999999452339e+03 9.578149765729904175e-02 5.693812388926744461e-03
6.158139999999451902e+03 1.048708856105804443e-01 5.824409425258636475e-03
6.159619999999451466e+03 9.593637287616729736e-02 5.662528797984123230e-03
6.161099999999451029e+03 9.923708438873291016e-02 5.670768674463033676e-03
6.162579999999450592e+03 1.068773865699768066e-01 5.766303744167089462e-03
6.164059999999450156e+03 9.963781386613845825e-02 5.681613925844430923e-03
6.165539999999449719e+03 9.957133233547210693e-02 5.676423199474811554e-03
6.167019999999449283e+03 9.975339472293853760e-02 5.708175711333751678e-03
6.168499999999448846e+03 9.801116585731506348e-02 5.844024475663900375e-03
6.169979999999448410e+03 9.756341576576232910e-02 6.068949121981859207e-03
6.171459999999447973e+03 1.054382473230361938e-01 6.157939787954092026e-03
6.172939999999447537e+03 9.846046566963195801e-02 5.821194034069776535e-03
6.174419999999447100e+03 9.283603727817535400e-02 5.719662178307771683e-03
6.175899999999446663e+03 9.669544547796249390e-02 5.841660313308238983e-03
6.177379999999446227e+03 8.893302083015441895e-02 5.661579314619302750e-03
6.178859999999445790e+03 9.211832284927368164e-02 5.632062908262014389e-03
6.180339999999445354e+03 9.545673429965972900e-02 5.679529160261154175e-03
6.181819999999444917e+03 1.056754067540168762e-01 5.871881265193223953e-03
6.183299999999444481e+03 1.013685911893844604e-01 5.825262051075696945e-03
6.184779999999444044e+03 9.423665702342987061e-02 5.693090613931417465e-03
6.186259999999443608e+03 9.177910536527633667e-02 5.618916824460029602e-03
6.187739999999443171e+03 9.189917147159576416e-02 5.639931652694940567e-03
6.189219999999442734e+03 1.008744984865188599e-01 5.767605267465114594e-03
6.190699999999442298e+03 9.820103645324707031e-02 5.701951216906309128e-03
6.192179999999441861e+03 9.726467728614807129e-02 5.756053142249584198e-03
6.193659999999441425e+03 9.741868078708648682e-02 5.730031058192253113e-03
6.195139999999440988e+03 8.838053047657012939e-02 5.516274366527795792e-03
6.196619999999440552e+03 9.658609330654144287e-02 5.650692619383335114e-03
6.198099999999440115e+03 1.041786521673202515e-01 5.763224326074123383e-03
6.199579999999439679e+03 1.057068109512329102e-01 5.854724440723657608e-03
6.201059999999439242e+03 1.094903945922851562e-01 6.103198509663343430e-03
6.202539999999438805e+03 9.683593362569808960e-02 6.076128687709569931e-03
6.204019999999438369e+03 9.071978926658630371e-02 5.832779221236705780e-03
6.205499999999437932e+03 9.197057783603668213e-02 5.631323438137769699e-03
6.206979999999437496e+03 9.007028490304946899e-02 5.613604560494422913e-03
6.208459999999437059e+03 9.041785448789596558e-02 5.647336598485708237e-03
6.209939999999436623e+03 9.569546580314636230e-02 5.717791151255369186e-03
6.211419999999436186e+03 9.155595302581787109e-02 5.663779098540544510e-03
6.212899999999435749e+03 9.744291752576828003e-02 5.789008922874927521e-03
6.214379999999435313e+03 9.698653221130371094e-02 5.702768918126821518e-03
6.215859999999434876e+03 8.654583245515823364e-02 5.504948552697896957e-03
6.217339999999434440e+03 8.757196366786956787e-02 5.490230396389961243e-03
6.218819999999434003e+03 1.011305674910545349e-01 5.789121612906455994e-03
6.220299999999433567e+03 9.735477715730667114e-02 5.940089002251625061e-03
6.221779999999433130e+03 9.855269640684127808e-02 6.034302990883588791e-03
6.223259999999432694e+03 1.021462231874465942e-01 5.939658731222152710e-03
6.224739999999432257e+03 1.001965999603271484e-01 5.754559766501188278e-03
6.226219999999431820e+03 1.009930595755577087e-01 5.737497936934232712e-03
6.227699999999431384e+03 9.661054611206054688e-02 5.693076644092798233e-03
6.229179999999430947e+03 9.926235675811767578e-02 5.713257007300853729e-03
6.230659999999430511e+03 1.001100540161132812e-01 5.727372597903013229e-03
6.232139999999430074e+03 9.862241894006729126e-02 5.998952779918909073e-03
6.233619999999429638e+03 8.013005554676055908e-02 6.406222935765981674e-03
6.235099999999429201e+03 8.778232336044311523e-02 7.039580028504133224e-03
6.236579999999428765e+03 8.893275260925292969e-02 6.845004856586456299e-03
6.238059999999428328e+03 8.265003561973571777e-02 6.040678359568119049e-03
6.239539999999427891e+03 8.560723066329956055e-02 5.846725776791572571e-03
6.241019999999427455e+03 9.469765424728393555e-02 6.075819022953510284e-03
6.242499999999427018e+03 9.789669513702392578e-02 6.099226884543895721e-03
6.243979999999426582e+03 9.959385544061660767e-02 5.976332817226648331e-03
6.245459999999426145e+03 9.929067641496658325e-02 5.783034954220056534e-03
6.246939999999425709e+03 9.243865311145782471e-02 5.620739422738552094e-03
6.248419999999425272e+03 9.376250207424163818e-02 5.678917746990919113e-03
6.249899999999424836e+03 9.242311865091323853e-02 5.604364909231662750e-03
6.251379999999424399e+03 8.452912420034408569e-02 5.415563005954027176e-03
6.252859999999423962e+03 8.260320127010345459e-02 5.359504371881484985e-03
6.254339999999423526e+03 8.622702211141586304e-02 5.557017400860786438e-03
6.255819999999423089e+03 8.429794013500213623e-02 6.306668277829885483e-03
6.257299999999422653e+03 9.253288805484771729e-02 7.128633093088865280e-03
6.258779999999422216e+03 9.304502606391906738e-02 6.782019045203924179e-03
6.260259999999421780e+03 8.620590716600418091e-02 5.775222554802894592e-03
6.261739999999421343e+03 9.203108400106430054e-02 5.672431550920009613e-03
6.263219999999420907e+03 9.424393624067306519e-02 5.946571007370948792e-03
6.264699999999420470e+03 1.006494015455245972e-01 6.240712013095617294e-03
6.266179999999420033e+03 1.007503494620323181e-01 6.174776703119277954e-03
6.267659999999419597e+03 9.328333288431167603e-02 5.770517978817224503e-03
6.269139999999419160e+03 9.083073586225509644e-02 5.652849562466144562e-03
6.270619999999418724e+03 9.095244109630584717e-02 5.574983544647693634e-03
6.272099999999418287e+03 9.257590025663375854e-02 5.625494290143251419e-03
6.273579999999417851e+03 8.387479931116104126e-02 5.560721270740032196e-03
6.275059999999417414e+03 8.333383500576019287e-02 5.611747037619352341e-03
6.276539999999416978e+03 8.740451186895370483e-02 5.753744393587112427e-03
6.278019999999416541e+03 7.476294785737991333e-02 5.491619464010000229e-03
6.279499999999416104e+03 8.794301003217697144e-02 5.568603985011577606e-03
6.280979999999415668e+03 8.961115032434463501e-02 5.494917742908000946e-03
6.282459999999415231e+03 8.957132697105407715e-02 5.515355151146650314e-03
6.283939999999414795e+03 8.013900369405746460e-02 5.427713505923748016e-03
6.285419999999414358e+03 7.909720391035079956e-02 6.093087140470743179e-03
6.286899999999413922e+03 8.886367827653884888e-02 6.678362376987934113e-03
6.288379999999413485e+03 9.741275757551193237e-02 1.552550029009580612e-02
6.289859999999413048e+03 1.068824380636215210e-01 1.336561236530542374e-02
6.291339999999412612e+03 9.404847025871276855e-02 5.462234839797019958e-03
6.292819999999412175e+03 8.829119801521301270e-02 5.494511686265468597e-03
6.294299999999411739e+03 9.359619021415710449e-02 5.618874449282884598e-03
6.295779999999411302e+03 8.119255304336547852e-02 5.603079218417406082e-03
6.297259999999410866e+03 5.105468258261680603e-02 7.622342556715011597e-03
6.298739999999410429e+03 9.480398893356323242e-02 1.388855464756488800e-02
6.300219999999409993e+03 1.830035597085952759e-01 1.603323407471179962e-02
6.301699999999409556e+03 1.284566372632980347e-01 1.227388344705104828e-02
6.303179999999409119e+03 5.415463447570800781e-02 5.789796821773052216e-03
6.304659999999408683e+03 8.164101094007492065e-02 5.986206233501434326e-03
6.306139999999408246e+03 8.593545854091644287e-02 6.884978152811527252e-03
6.307619999999407810e+03 8.434550464153289795e-02 6.689461879432201385e-03
6.309099999999407373e+03 7.456874102354049683e-02 5.598326679319143295e-03
6.310579999999406937e+03 8.891363441944122314e-02 5.521025974303483963e-03
6.312059999999406500e+03 9.280243515968322754e-02 5.562510807067155838e-03
6.313539999999406064e+03 9.325245767831802368e-02 5.519566126167774200e-03
6.315019999999405627e+03 1.023627221584320068e-01 5.672615021467208862e-03
6.316499999999405190e+03 9.187560528516769409e-02 5.479575134813785553e-03
6.317979999999404754e+03 8.301763236522674561e-02 5.356794688850641251e-03
6.319459999999404317e+03 9.248915314674377441e-02 5.754352547228336334e-03
6.320939999999403881e+03 9.819987416267395020e-02 6.092627998441457748e-03
6.322419999999403444e+03 9.012203663587570190e-02 5.827622953802347183e-03
6.323899999999403008e+03 9.700364619493484497e-02 5.707239732146263123e-03
6.325379999999402571e+03 9.085209667682647705e-02 5.549049004912376404e-03
6.326859999999402135e+03 8.770067244768142700e-02 5.753770004957914352e-03
6.328339999999401698e+03 9.107673913240432739e-02 6.507454439997673035e-03
6.329819999999401261e+03 9.195096045732498169e-02 6.738109979778528214e-03
6.331299999999400825e+03 8.381508290767669678e-02 6.041970103979110718e-03
6.332779999999400388e+03 8.441228419542312622e-02 5.458688363432884216e-03
6.334259999999399952e+03 9.035670757293701172e-02 5.489809904247522354e-03
6.335739999999399515e+03 8.570841699838638306e-02 5.400730762630701065e-03
6.337219999999399079e+03 8.500379323959350586e-02 5.388279911130666733e-03
6.338699999999398642e+03 9.323512762784957886e-02 5.549319088459014893e-03
6.340179999999398206e+03 9.846349060535430908e-02 5.636757239699363708e-03
6.341659999999397769e+03 1.002474352717399597e-01 5.678609944880008698e-03
6.343139999999397332e+03 9.649396687746047974e-02 5.611534696072340012e-03
6.344619999999396896e+03 8.888279646635055542e-02 5.480623804032802582e-03
6.346099999999396459e+03 8.297544717788696289e-02 5.534035153687000275e-03
6.347579999999396023e+03 7.863648235797882080e-02 5.653186235576868057e-03
6.349059999999395586e+03 8.838070929050445557e-02 5.782573483884334564e-03
6.350539999999395150e+03 8.853398263454437256e-02 5.593476817011833191e-03
6.352019999999394713e+03 8.640345185995101929e-02 5.468093790113925934e-03
6.353499999999394277e+03 9.293995797634124756e-02 5.742377601563930511e-03
6.354979999999393840e+03 1.015262603759765625e-01 6.328698247671127319e-03
6.356459999999393403e+03 8.189196884632110596e-02 6.101146340370178223e-03
6.357939999999392967e+03 8.637645095586776733e-02 5.716872867196798325e-03
6.359419999999392530e+03 8.828390389680862427e-02 5.554667674005031586e-03
6.360899999999392094e+03 6.259713321924209595e-02 6.058769300580024719e-03
6.362379999999391657e+03 9.724725782871246338e-02 9.344330057501792908e-03
6.363859999999391221e+03 1.374390423297882080e-01 1.025386154651641846e-02
6.365339999999390784e+03 9.957635402679443359e-02 7.798378821462392807e-03
6.366819999999390348e+03 7.865938544273376465e-02 5.471460055559873581e-03
6.368299999999389911e+03 8.414658904075622559e-02 5.327525082975625992e-03
6.369779999999389474e+03 8.666388690471649170e-02 5.435251165181398392e-03
6.371259999999389038e+03 8.437826484441757202e-02 5.407782737165689468e-03
6.372739999999388601e+03 7.788647711277008057e-02 5.305835511535406113e-03
6.374219999999388165e+03 7.720202207565307617e-02 5.294728558510541916e-03
6.375699999999387728e+03 7.839856296777725220e-02 5.306589417159557343e-03
6.377179999999387292e+03 9.376896917819976807e-02 5.677562206983566284e-03
6.378659999999386855e+03 9.055712074041366577e-02 5.699183791875839233e-03
6.380139999999386418e+03 8.431446552276611328e-02 5.542448256164789200e-03
6.381619999999385982e+03 8.450046926736831665e-02 5.426051095128059387e-03
6.383099999999385545e+03 7.768678665161132812e-02 5.324490368366241455e-03
6.384579999999385109e+03 8.368434756994247437e-02 5.623684730380773544e-03
6.386059999999384672e+03 8.355784416198730469e-02 5.762434098869562149e-03
6.387539999999384236e+03 7.458663731813430786e-02 5.459613166749477386e-03
6.389019999999383799e+03 8.033500611782073975e-02 5.365379620343446732e-03
6.390499999999383363e+03 8.385378122329711914e-02 5.412413273006677628e-03
6.391979999999382926e+03 7.833261787891387939e-02 5.280066281557083130e-03
6.393459999999382489e+03 9.029210358858108521e-02 5.489917006343603134e-03
6.394939999999382053e+03 9.322027117013931274e-02 5.536651238799095154e-03
6.396419999999381616e+03 8.712936937808990479e-02 5.442848894745111465e-03
6.397899999999381180e+03 8.462020754814147949e-02 5.338730756193399429e-03
6.399379999999380743e+03 8.550840616226196289e-02 5.360723007470369339e-03
6.400859999999380307e+03 9.028722345829010010e-02 5.419269204139709473e-03
6.402339999999379870e+03 9.266893565654754639e-02 5.499593913555145264e-03
6.403819999999379434e+03 9.339894354343414307e-02 5.501988343894481659e-03
6.405299999999378997e+03 9.947956353425979614e-02 5.598720163106918335e-03
6.406779999999378560e+03 9.419207274913787842e-02 5.459665320813655853e-03
6.408259999999378124e+03 8.066511899232864380e-02 5.223322194069623947e-03
6.409739999999377687e+03 8.469108492136001587e-02 5.371799226850271225e-03
6.411219999999377251e+03 8.985488861799240112e-02 5.506137851625680923e-03
6.412699999999376814e+03 8.493514358997344971e-02 5.465935915708541870e-03
6.414179999999376378e+03 8.448872715234756470e-02 5.436188541352748871e-03
6.415659999999375941e+03 1.151122897863388062e-01 5.903039593249559402e-03
6.417139999999375505e+03 1.353103816509246826e-01 6.229090504348278046e-03
6.418619999999375068e+03 1.196092963218688965e-01 6.039605941623449326e-03
6.420099999999374631e+03 9.635659307241439819e-02 5.721899680793285370e-03
6.421579999999374195e+03 9.089741855859756470e-02 5.542961414903402328e-03
6.423059999999373758e+03 9.330484271049499512e-02 5.486067850142717361e-03
6.424539999999373322e+03 9.480958431959152222e-02 5.502025596797466278e-03
6.426019999999372885e+03 9.161823987960815430e-02 5.465494003146886826e-03
6.427499999999372449e+03 9.171085059642791748e-02 5.429520271718502045e-03
6.428979999999372012e+03 9.340977668762207031e-02 5.450054537504911423e-03
6.430459999999371576e+03 9.197543561458587646e-02 5.451560951769351959e-03
6.431939999999371139e+03 9.283701330423355103e-02 5.492688156664371490e-03
6.433419999999370702e+03 8.664093166589736938e-02 5.390761420130729675e-03
6.434899999999370266e+03 8.327804505825042725e-02 5.325310863554477692e-03
6.436379999999369829e+03 8.909861743450164795e-02 5.420431960374116898e-03
6.437859999999369393e+03 7.872567325830459595e-02 5.194912198930978775e-03
6.439339999999368956e+03 9.558776021003723145e-02 5.498752463608980179e-03
6.440819999999368520e+03 9.342803061008453369e-02 5.472412332892417908e-03
6.442299999999368083e+03 8.309338241815567017e-02 5.303454119712114334e-03
6.443779999999367647e+03 8.566331118345260620e-02 5.359926726669073105e-03
6.445259999999367210e+03 8.546726405620574951e-02 5.326347891241312027e-03
6.446739999999366773e+03 8.687908202409744263e-02 5.364628508687019348e-03
6.448219999999366337e+03 8.587450534105300903e-02 5.379800219088792801e-03
6.449699999999365900e+03 8.401508629322052002e-02 5.384859628975391388e-03
6.451179999999365464e+03 8.514618873596191406e-02 5.462563596665859222e-03
6.452659999999365027e+03 8.487187325954437256e-02 5.473262630403041840e-03
6.454139999999364591e+03 8.933059126138687134e-02 5.469088908284902573e-03
6.455619999999364154e+03 8.881142735481262207e-02 5.467706825584173203e-03
6.457099999999363718e+03 9.140440821647644043e-02 5.605210550129413605e-03
6.458579999999363281e+03 9.697248041629791260e-02 5.659502465277910233e-03
6.460059999999362844e+03 8.689118176698684692e-02 5.413201637566089630e-03
6.461539999999362408e+03 7.631734758615493774e-02 5.366151221096515656e-03
6.463019999999361971e+03 8.041653037071228027e-02 5.749000702053308487e-03
6.464499999999361535e+03 8.681707084178924561e-02 6.088636349886655807e-03
6.465979999999361098e+03 8.525796234607696533e-02 5.962610710412263870e-03
6.467459999999360662e+03 7.984633743762969971e-02 5.685417447239160538e-03
6.468939999999360225e+03 8.070732653141021729e-02 5.857213865965604782e-03
6.470419999999359788e+03 8.896503597497940063e-02 6.168212741613388062e-03
6.471899999999359352e+03 9.247677028179168701e-02 5.950552877038717270e-03
6.473379999999358915e+03 8.818595111370086670e-02 5.496213212609291077e-03
6.474859999999358479e+03 8.566446602344512939e-02 5.441846325993537903e-03
6.476339999999358042e+03 8.308133482933044434e-02 5.474102217704057693e-03
6.477819999999357606e+03 8.354915678501129150e-02 5.552240647375583649e-03
6.479299999999357169e+03 8.809072524309158325e-02 5.506353918462991714e-03
6.480779999999356733e+03 1.041530668735504150e-01 5.683050956577062607e-03
6.482259999999356296e+03 9.912399947643280029e-02 5.574801936745643616e-03
6.483739999999355859e+03 9.637352824211120605e-02 5.509617738425731659e-03
6.485219999999355423e+03 9.240390360355377197e-02 5.463472101837396622e-03
6.486699999999354986e+03 7.476719468832015991e-02 5.151275545358657837e-03
6.488179999999354550e+03 8.963018655776977539e-02 5.436945240944623947e-03
6.489659999999354113e+03 8.636865019798278809e-02 5.375398788601160049e-03
6.491139999999353677e+03 8.351500332355499268e-02 5.304581951349973679e-03
6.492619999999353240e+03 8.911437541246414185e-02 5.389157682657241821e-03
6.494099999999352804e+03 9.126055240631103516e-02 5.401319824159145355e-03
6.495579999999352367e+03 7.679651677608489990e-02 5.549769848585128784e-03
6.497059999999351930e+03 8.464461565017700195e-02 6.560181733220815659e-03
6.498539999999351494e+03 1.035246476531028748e-01 6.992015987634658813e-03
6.500019999999351057e+03 9.152111411094665527e-02 6.258639506995677948e-03
6.501499999999350621e+03 8.306005597114562988e-02 5.503916647285223007e-03
6.502979999999350184e+03 9.143113344907760620e-02 5.741304252296686172e-03
6.504459999999349748e+03 9.778483211994171143e-02 6.014235783368349075e-03
6.505939999999349311e+03 9.428189694881439209e-02 5.805543623864650726e-03
6.507419999999348875e+03 8.204925805330276489e-02 5.318830721080303192e-03
6.508899999999348438e+03 7.789695262908935547e-02 5.218071397393941879e-03
6.510379999999348001e+03 7.547862082719802856e-02 5.167191848158836365e-03
6.511859999999347565e+03 8.453911542892456055e-02 5.428678356111049652e-03
6.513339999999347128e+03 8.810141682624816895e-02 5.543378181755542755e-03
6.514819999999346692e+03 9.900406002998352051e-02 5.645595490932464600e-03
6.516299999999346255e+03 8.392783254384994507e-02 5.270014517009258270e-03
6.517779999999345819e+03 8.753073960542678833e-02 5.322037264704704285e-03
6.519259999999345382e+03 7.577753067016601562e-02 5.194037221372127533e-03
6.520739999999344946e+03 8.800512552261352539e-02 5.661274306476116180e-03
6.522219999999344509e+03 9.182729572057723999e-02 5.766969174146652222e-03
6.523699999999344072e+03 9.024485945701599121e-02 5.607177969068288803e-03
6.525179999999343636e+03 9.477884322404861450e-02 5.564883351325988770e-03
6.526659999999343199e+03 9.704639762639999390e-02 5.586097482591867447e-03
6.528139999999342763e+03 8.915118128061294556e-02 5.421504843980073929e-03
6.529619999999342326e+03 8.165137469768524170e-02 5.408597178757190704e-03
6.531099999999341890e+03 8.086941391229629517e-02 6.115912925451993942e-03
6.532579999999341453e+03 9.513872116804122925e-02 6.743519101291894913e-03
6.534059999999341017e+03 9.291661530733108521e-02 6.243508309125900269e-03
6.535539999999340580e+03 8.652990311384201050e-02 5.486138630658388138e-03
6.537019999999340143e+03 8.066958189010620117e-02 5.207460839301347733e-03
6.538499999999339707e+03 7.637475430965423584e-02 5.171902943402528763e-03
6.539979999999339270e+03 8.232236653566360474e-02 5.355190020054578781e-03
6.541459999999338834e+03 8.939400315284729004e-02 5.712655838578939438e-03
6.542939999999338397e+03 9.679074585437774658e-02 6.068549584597349167e-03
6.544419999999337961e+03 8.952471613883972168e-02 5.898253992199897766e-03
6.545899999999337524e+03 7.941667735576629639e-02 5.522821098566055298e-03
6.547379999999337088e+03 7.683275640010833740e-02 5.362889263778924942e-03
6.548859999999336651e+03 8.059499412775039673e-02 5.334239918738603592e-03
6.550339999999336214e+03 8.311747014522552490e-02 5.556137766689062119e-03
6.551819999999335778e+03 8.939395099878311157e-02 6.448163185268640518e-03
6.553299999999335341e+03 9.826902300119400024e-02 6.829599849879741669e-03
6.554779999999334905e+03 1.062799394130706787e-01 6.354250479489564896e-03
6.556259999999334468e+03 8.657351136207580566e-02 5.408302415162324905e-03
6.557739999999334032e+03 8.896437287330627441e-02 5.305319093167781830e-03
6.559219999999333595e+03 7.012514024972915649e-02 5.390428937971591949e-03
6.560699999999333158e+03 6.713733077049255371e-02 6.791073828935623169e-03
6.562179999999332722e+03 9.624315053224563599e-02 7.812105584889650345e-03
6.563659999999332285e+03 8.718004822731018066e-02 6.806319113820791245e-03
6.565139999999331849e+03 8.424998819828033447e-02 5.538729485124349594e-03
6.566619999999331412e+03 8.339896053075790405e-02 5.428175441920757294e-03
6.568099999999330976e+03 8.673022687435150146e-02 5.694724153727293015e-03
6.569579999999330539e+03 8.946590870618820190e-02 5.652660969644784927e-03
6.571059999999330103e+03 9.128893911838531494e-02 5.506060551851987839e-03
6.572539999999329666e+03 8.842528611421585083e-02 5.357505287975072861e-03
6.574019999999329229e+03 7.813913375139236450e-02 5.418496672064065933e-03
6.575499999999328793e+03 7.943749427795410156e-02 6.000961177051067352e-03
6.576979999999328356e+03 8.983016759157180786e-02 6.410446483641862869e-03
6.578459999999327920e+03 9.121975302696228027e-02 5.982887465506792068e-03
6.579939999999327483e+03 8.216581493616104126e-02 5.482227541506290436e-03
6.581419999999327047e+03 9.217053651809692383e-02 5.929552949965000153e-03
6.582899999999326610e+03 8.087160438299179077e-02 5.758762359619140625e-03
6.584379999999326174e+03 8.196805417537689209e-02 5.463646259158849716e-03
6.585859999999325737e+03 8.869569748640060425e-02 5.409827455878257751e-03
6.587339999999325300e+03 9.469407051801681519e-02 5.463473498821258545e-03
6.588819999999324864e+03 9.596998244524002075e-02 5.514891352504491806e-03
6.590299999999324427e+03 8.745923638343811035e-02 5.326314363628625870e-03
6.591779999999323991e+03 7.706209272146224976e-02 5.137463565915822983e-03
6.593259999999323554e+03 8.187404274940490723e-02 5.251660477370023727e-03
6.594739999999323118e+03 7.949966937303543091e-02 5.414421204477548599e-03
6.596219999999322681e+03 8.041854947805404663e-02 5.484237801283597946e-03
6.597699999999322245e+03 9.159855544567108154e-02 5.546549335122108459e-03
6.599179999999321808e+03 8.629938960075378418e-02 5.375822540372610092e-03
6.600659999999321371e+03 7.922185212373733521e-02 5.316114053130149841e-03
6.602139999999320935e+03 7.817764580249786377e-02 5.573174916207790375e-03
6.603619999999320498e+03 8.959423005580902100e-02 5.881382618099451065e-03
6.605099999999320062e+03 9.424435347318649292e-02 5.754350218921899796e-03
6.606579999999319625e+03 8.734958618879318237e-02 5.349800456315279007e-03
6.608059999999319189e+03 8.794873207807540894e-02 5.310923792421817780e-03
6.609539999999318752e+03 9.050313383340835571e-02 5.371071863919496536e-03
6.611019999999318316e+03 8.406155556440353394e-02 5.276964977383613586e-03
6.612499999999317879e+03 8.603033423423767090e-02 5.327122285962104797e-03
6.613979999999317442e+03 8.750753104686737061e-02 5.354424472898244858e-03
6.615459999999317006e+03 7.858230918645858765e-02 5.188819020986557007e-03
6.616939999999316569e+03 7.716358453035354614e-02 5.153365898877382278e-03
6.618419999999316133e+03 8.343796432018280029e-02 5.268878303468227386e-03
6.619899999999315696e+03 8.649216592311859131e-02 5.320725962519645691e-03
6.621379999999315260e+03 7.737234234809875488e-02 5.172745324671268463e-03
6.622859999999314823e+03 8.623375743627548218e-02 5.257202778011560440e-03
6.624339999999314387e+03 8.669008314609527588e-02 5.304303951561450958e-03
6.625819999999313950e+03 9.090235084295272827e-02 5.459139123558998108e-03
6.627299999999313513e+03 8.638764172792434692e-02 5.407659802585840225e-03
6.628779999999313077e+03 8.100815117359161377e-02 5.291900131851434708e-03
6.630259999999312640e+03 8.316418528556823730e-02 5.275276489555835724e-03
6.631739999999312204e+03 8.074411004781723022e-02 5.329284351319074631e-03
6.633219999999311767e+03 8.450462669134140015e-02 5.484106484800577164e-03
6.634699999999311331e+03 9.065914899110794067e-02 5.529287271201610565e-03
6.636179999999310894e+03 8.867424726486206055e-02 5.393734201788902283e-03
6.637659999999310457e+03 8.429503440856933594e-02 5.279074888676404953e-03
6.639139999999310021e+03 8.290106058120727539e-02 5.261895712465047836e-03
6.640619999999309584e+03 7.688391208648681641e-02 5.130683071911334991e-03
6.642099999999309148e+03 7.891700416803359985e-02 5.144306458532810211e-03
6.643579999999308711e+03 8.532057702541351318e-02 5.273852963000535965e-03
6.645059999999308275e+03 8.171645551919937134e-02 5.239595193415880203e-03
6.646539999999307838e+03 8.594602346420288086e-02 5.317565053701400757e-03
6.648019999999307402e+03 9.011135250329971313e-02 5.389810539782047272e-03
6.649499999999306965e+03 8.208876848220825195e-02 5.263563711196184158e-03
6.650979999999306528e+03 8.353689312934875488e-02 5.283662583678960800e-03
6.652459999999306092e+03 7.981253415346145630e-02 5.179055966436862946e-03
6.653939999999305655e+03 8.282835036516189575e-02 5.243106745183467865e-03
6.655419999999305219e+03 9.668656438589096069e-02 5.471513140946626663e-03
6.656899999999304782e+03 8.296955376863479614e-02 5.224300082772970200e-03
6.658379999999304346e+03 9.029780328273773193e-02 5.355535075068473816e-03
6.659859999999303909e+03 8.946381509304046631e-02 5.378732457756996155e-03
6.661339999999303473e+03 8.182142674922943115e-02 5.305357277393341064e-03
6.662819999999303036e+03 8.248402178287506104e-02 5.260802339762449265e-03
6.664299999999302599e+03 7.870519906282424927e-02 5.201745312660932541e-03
6.665779999999302163e+03 8.196526765823364258e-02 5.307182203978300095e-03
6.667259999999301726e+03 1.294937282800674438e-01 6.108788307756185532e-03
6.668739999999301290e+03 1.826966255903244019e-01 6.842743605375289917e-03
6.670219999999300853e+03 1.657192856073379517e-01 6.552465725690126419e-03
6.671699999999300417e+03 1.048333048820495605e-01 5.593017674982547760e-03
6.673179999999299980e+03 8.120086789131164551e-02 5.191500764340162277e-03
6.674659999999299544e+03 8.724486082792282104e-02 5.260760895907878876e-03
6.676139999999299107e+03 8.942063152790069580e-02 5.323374643921852112e-03
6.677619999999298670e+03 8.420202881097793579e-02 5.236655008047819138e-03
6.679099999999298234e+03 8.347133547067642212e-02 5.205917637795209885e-03
6.680579999999297797e+03 1.025522947311401367e-01 5.575132556259632111e-03
6.682059999999297361e+03 5.773511528968811035e-01 1.096643134951591492e-02
6.683539999999296924e+03 1.477699041366577148e+00 1.711191982030868530e-02
6.685019999999296488e+03 1.437678575515747070e+00 1.691333949565887451e-02
6.686499999999296051e+03 5.895817279815673828e-01 1.105920877307653427e-02
6.687979999999295615e+03 1.657283157110214233e-01 6.543987896293401718e-03
6.689459999999295178e+03 9.433712810277938843e-02 5.392895080149173737e-03
6.690939999999294741e+03 8.789363503456115723e-02 5.295823328197002411e-03
6.692419999999294305e+03 8.152842521667480469e-02 5.195759702473878860e-03
6.693899999999293868e+03 8.231449872255325317e-02 5.192402284592390060e-03
6.695379999999293432e+03 8.135293424129486084e-02 5.189056508243083954e-03
6.696859999999292995e+03 8.934205770492553711e-02 5.398983135819435120e-03
6.698339999999292559e+03 8.693845570087432861e-02 5.380155984312295914e-03
6.699819999999292122e+03 8.421536535024642944e-02 5.332284606993198395e-03
6.701299999999291686e+03 8.358085155487060547e-02 5.299749318510293961e-03
6.702779999999291249e+03 1.556959748268127441e-01 6.417367141693830490e-03
6.704259999999290812e+03 3.453783392906188965e-01 8.746345527470111847e-03
6.705739999999290376e+03 3.729345500469207764e-01 9.040608070790767670e-03
6.707219999999289939e+03 2.083133161067962646e-01 7.139532361179590225e-03
6.708699999999289503e+03 9.326939284801483154e-02 5.402428563684225082e-03
6.710179999999289066e+03 8.671303838491439819e-02 5.299870856106281281e-03
6.711659999999288630e+03 9.015723317861557007e-02 5.358771421015262604e-03
6.713139999999288193e+03 8.368786424398422241e-02 5.357837304472923279e-03
6.714619999999287757e+03 8.602986484766006470e-02 5.574265494942665100e-03
6.716099999999287320e+03 8.347199857234954834e-02 5.468309391289949417e-03
6.717579999999286883e+03 8.394993841648101807e-02 5.281823221594095230e-03
6.719059999999286447e+03 8.723478019237518311e-02 5.280793178826570511e-03
6.720539999999286010e+03 8.481588214635848999e-02 5.218996200710535049e-03
6.722019999999285574e+03 7.697357982397079468e-02 5.063536111265420914e-03
6.723499999999285137e+03 8.200506865978240967e-02 5.186125636100769043e-03
6.724979999999284701e+03 8.050318062305450439e-02 5.169425625354051590e-03
6.726459999999284264e+03 8.080609142780303955e-02 5.203054286539554596e-03
6.727939999999283827e+03 8.640000224113464355e-02 5.417005624622106552e-03
6.729419999999283391e+03 9.066604822874069214e-02 5.562522448599338531e-03
6.730899999999282954e+03 8.619908243417739868e-02 5.385617259889841080e-03
6.732379999999282518e+03 9.091903269290924072e-02 5.355255212634801865e-03
6.733859999999282081e+03 8.847904950380325317e-02 5.298230797052383423e-03
6.735339999999281645e+03 7.861874997615814209e-02 5.097988992929458618e-03
6.736819999999281208e+03 8.454284816980361938e-02 5.183518864214420319e-03
6.738299999999280772e+03 8.512815088033676147e-02 5.262009799480438232e-03
6.739779999999280335e+03 7.684311270713806152e-02 5.153287667781114578e-03
6.741259999999279898e+03 8.142060786485671997e-02 5.214398726820945740e-03
6.742739999999279462e+03 8.270456641912460327e-02 5.269141867756843567e-03
6.744219999999279025e+03 8.111894130706787109e-02 5.244269035756587982e-03
6.745699999999278589e+03 9.330107271671295166e-02 5.395670421421527863e-03
6.747179999999278152e+03 8.831512182950973511e-02 5.293816793709993362e-03
6.748659999999277716e+03 7.804071158170700073e-02 5.078591406345367432e-03
6.750139999999277279e+03 8.880288153886795044e-02 5.268822424113750458e-03
6.751619999999276843e+03 9.066734462976455688e-02 5.268579814583063126e-03
6.753099999999276406e+03 9.590695798397064209e-02 5.367842502892017365e-03
6.754579999999275969e+03 8.355466276407241821e-02 5.187015514820814133e-03
6.756059999999275533e+03 7.613651454448699951e-02 5.080497823655605316e-03
6.757539999999275096e+03 8.268858492374420166e-02 5.189004354178905487e-03
6.759019999999274660e+03 8.750929683446884155e-02 5.267604719847440720e-03
6.760499999999274223e+03 7.722361385822296143e-02 5.095066968351602554e-03
6.761979999999273787e+03 8.227720856666564941e-02 5.184371955692768097e-03
6.763459999999273350e+03 8.219214528799057007e-02 5.147716030478477478e-03
6.764939999999272914e+03 7.184930145740509033e-02 4.935977980494499207e-03
6.766419999999272477e+03 8.358119428157806396e-02 5.140258930623531342e-03
6.767899999999272040e+03 9.476148337125778198e-02 5.324881058186292648e-03
6.769379999999271604e+03 8.151310682296752930e-02 5.111771635711193085e-03
6.770859999999271167e+03 7.674987614154815674e-02 5.054929293692111969e-03
6.772339999999270731e+03 8.119451999664306641e-02 5.133409518748521805e-03
6.773819999999270294e+03 8.349701017141342163e-02 5.181034561246633530e-03
6.775299999999269858e+03 8.668698370456695557e-02 5.229559727013111115e-03
6.776779999999269421e+03 8.725883066654205322e-02 5.239477846771478653e-03
6.778259999999268985e+03 8.257934451103210449e-02 5.146619398146867752e-03
6.779739999999268548e+03 8.370827883481979370e-02 5.156274884939193726e-03
6.781219999999268111e+03 8.741720020771026611e-02 5.211227107793092728e-03
6.782699999999267675e+03 8.738090097904205322e-02 5.235469434410333633e-03
6.784179999999267238e+03 7.445191591978073120e-02 5.025500431656837463e-03
6.785659999999266802e+03 7.551619410514831543e-02 5.037972703576087952e-03
6.787139999999266365e+03 7.349359244108200073e-02 5.040952004492282867e-03
6.788619999999265929e+03 8.000259101390838623e-02 5.143009591847658157e-03
6.790099999999265492e+03 7.709590345621109009e-02 5.065410397946834564e-03
6.791579999999265056e+03 7.347572594881057739e-02 4.982092417776584625e-03
6.793059999999264619e+03 7.569831609725952148e-02 4.996053408831357956e-03
6.794539999999264182e+03 7.699770480394363403e-02 5.013879854232072830e-03
6.796019999999263746e+03 8.694174140691757202e-02 5.180920474231243134e-03
6.797499999999263309e+03 8.782355487346649170e-02 5.190179217606782913e-03
6.798979999999262873e+03 7.728749513626098633e-02 5.028189159929752350e-03
6.800459999999262436e+03 8.378553390502929688e-02 5.178349092602729797e-03
6.801939999999262000e+03 9.604271501302719116e-02 5.390163045376539230e-03
6.803419999999261563e+03 9.379837661981582642e-02 5.352903623133897781e-03
6.804899999999261127e+03 9.071452170610427856e-02 5.289282184094190598e-03
6.806379999999260690e+03 8.983239531517028809e-02 5.258166696876287460e-03
6.807859999999260253e+03 8.210279792547225952e-02 5.102508235722780228e-03
6.809339999999259817e+03 8.378950506448745728e-02 5.142517387866973877e-03
6.810819999999259380e+03 8.209133148193359375e-02 5.120185669511556625e-03
6.812299999999258944e+03 8.499855548143386841e-02 5.157122388482093811e-03
6.813779999999258507e+03 8.093242347240447998e-02 5.117477849125862122e-03
6.815259999999258071e+03 7.823956757783889771e-02 5.079763941466808319e-03
6.816739999999257634e+03 7.590962946414947510e-02 5.027791485190391541e-03
6.818219999999257197e+03 7.900933921337127686e-02 5.085610318928956985e-03
6.819699999999256761e+03 7.798156887292861938e-02 5.065893288701772690e-03
6.821179999999256324e+03 8.247098326683044434e-02 5.123722832649946213e-03
6.822659999999255888e+03 9.013464301824569702e-02 5.251965485513210297e-03
6.824139999999255451e+03 8.578727394342422485e-02 5.366316065192222595e-03
6.825619999999255015e+03 7.611843198537826538e-02 5.849209148436784744e-03
6.827099999999254578e+03 7.741595059633255005e-02 6.764680147171020508e-03
6.828579999999254142e+03 9.158968925476074219e-02 7.078442722558975220e-03
6.830059999999253705e+03 8.725602179765701294e-02 6.499230396002531052e-03
6.831539999999253268e+03 7.046331465244293213e-02 6.236598361283540726e-03
6.833019999999252832e+03 8.304517716169357300e-02 6.924074143171310425e-03
6.834499999999252395e+03 8.609487116336822510e-02 6.648543290793895721e-03
6.835979999999251959e+03 8.127601444721221924e-02 5.570712499320507050e-03
6.837459999999251522e+03 1.140076890587806702e-01 5.787122529000043869e-03
6.838939999999251086e+03 2.717493176460266113e-01 8.039899170398712158e-03
6.840419999999250649e+03 3.953271508216857910e-01 9.437632746994495392e-03
6.841899999999250213e+03 3.174745440483093262e-01 8.564126677811145782e-03
6.843379999999249776e+03 1.566022634506225586e-01 6.417501252144575119e-03
6.844859999999249339e+03 9.044384211301803589e-02 5.292033310979604721e-03
6.846339999999248903e+03 7.794794440269470215e-02 5.053312052041292191e-03
6.847819999999248466e+03 7.662296295166015625e-02 5.065658595412969589e-03
6.849299999999248030e+03 7.634077221155166626e-02 5.112759303301572800e-03
6.850779999999247593e+03 8.334964513778686523e-02 5.207192618399858475e-03
6.852259999999247157e+03 1.152382940053939819e-01 5.695136263966560364e-03
6.853739999999246720e+03 2.477502375841140747e-01 7.504730951040983200e-03
6.855219999999246284e+03 3.155269324779510498e-01 8.290863595902919769e-03
6.856699999999245847e+03 2.154914885759353638e-01 7.116474676877260208e-03
6.858179999999245410e+03 1.005979329347610474e-01 5.430406425148248672e-03
6.859659999999244974e+03 6.672754883766174316e-02 5.277387797832489014e-03
6.861139999999244537e+03 6.363116949796676636e-02 6.851170677691698074e-03
6.862619999999244101e+03 9.605416655540466309e-02 8.278322406113147736e-03
6.864099999999243664e+03 9.109267592430114746e-02 7.811923045665025711e-03
6.865579999999243228e+03 5.794927850365638733e-02 5.363876000046730042e-03
6.867059999999242791e+03 5.297556519508361816e-02 4.526565317064523697e-03
6.868539999999242355e+03 5.219973996281623840e-02 4.645779263228178024e-03
6.870019999999241918e+03 5.921605229377746582e-02 4.972552880644798279e-03
6.871499999999241481e+03 5.588187277317047119e-02 4.751542117446660995e-03
6.872979999999241045e+03 5.842919647693634033e-02 4.517293069511651993e-03
6.874459999999240608e+03 5.627371743321418762e-02 4.449683241546154022e-03
6.875939999999240172e+03 6.660394370555877686e-02 4.679996520280838013e-03
6.877419999999239735e+03 6.614812463521957397e-02 4.817201290279626846e-03
6.878899999999239299e+03 7.192780822515487671e-02 5.220761988312005997e-03
6.880379999999238862e+03 7.307986170053482056e-02 5.389423109591007233e-03
6.881859999999238426e+03 7.820877432823181152e-02 5.299719516187906265e-03
6.883339999999237989e+03 8.104170113801956177e-02 5.077550187706947327e-03
6.884819999999237552e+03 6.362447142601013184e-02 4.766877274960279465e-03
6.886299999999237116e+03 6.067159771919250488e-02 5.067022517323493958e-03
6.887779999999236679e+03 6.898989528417587280e-02 5.618020426481962204e-03
6.889259999999236243e+03 7.808273285627365112e-02 5.635990761220455170e-03
6.890739999999235806e+03 7.548287510871887207e-02 5.134599283337593079e-03
6.892219999999235370e+03 6.289508193731307983e-02 4.756714683026075363e-03
6.893699999999234933e+03 6.227900087833404541e-02 4.735072609037160873e-03
6.895179999999234496e+03 7.292272150516510010e-02 4.883198067545890808e-03
6.896659999999234060e+03 6.248264014720916748e-02 4.684764891862869263e-03
6.898139999999233623e+03 6.651372462511062622e-02 5.352889187633991241e-03
6.899619999999233187e+03 7.593014836311340332e-02 5.858127493411302567e-03
6.901099999999232750e+03 8.069353550672531128e-02 5.710853729397058487e-03
6.902579999999232314e+03 7.476346194744110107e-02 5.133324302732944489e-03
6.904059999999231877e+03 6.829944252967834473e-02 4.806036595255136490e-03
6.905539999999231441e+03 7.105123996734619141e-02 4.845368675887584686e-03
6.907019999999231004e+03 6.942347437143325806e-02 4.777704831212759018e-03
6.908499999999230567e+03 6.773642450571060181e-02 4.852676298469305038e-03
6.909979999999230131e+03 8.141732960939407349e-02 5.666390527039766312e-03
6.911459999999229694e+03 8.711075782775878906e-02 6.154925562441349030e-03
6.912939999999229258e+03 7.239235937595367432e-02 5.687469150871038437e-03
6.914419999999228821e+03 6.474554538726806641e-02 4.901232663542032242e-03
6.915899999999228385e+03 7.187614589929580688e-02 4.903818015009164810e-03
6.917379999999227948e+03 7.227241247892379761e-02 4.872771445661783218e-03
6.918859999999227512e+03 6.507475674152374268e-02 4.928712267428636551e-03
6.920339999999227075e+03 7.022106647491455078e-02 5.983906798064708710e-03
6.921819999999226638e+03 8.183794468641281128e-02 6.955404765903949738e-03
6.923299999999226202e+03 8.553240448236465454e-02 6.752576678991317749e-03
6.924779999999225765e+03 8.100175857543945312e-02 5.527535919100046158e-03
6.926259999999225329e+03 8.329195529222488403e-02 5.199996288865804672e-03
6.927739999999224892e+03 8.295262604951858521e-02 5.145234055817127228e-03
6.929219999999224456e+03 7.924227416515350342e-02 5.043586716055870056e-03
6.930699999999224019e+03 7.458630204200744629e-02 4.948825109750032425e-03
6.932179999999223583e+03 7.475341111421585083e-02 4.955619573593139648e-03
6.933659999999223146e+03 7.285221666097640991e-02 4.911555442959070206e-03
6.935139999999222709e+03 7.002948969602584839e-02 4.922334104776382446e-03
6.936619999999222273e+03 8.141421526670455933e-02 5.534991156309843063e-03
6.938099999999221836e+03 9.221621602773666382e-02 6.149780470877885818e-03
6.939579999999221400e+03 8.520084619522094727e-02 5.912102293223142624e-03
6.941059999999220963e+03 7.560096681118011475e-02 5.205584224313497543e-03
6.942539999999220527e+03 7.422058284282684326e-02 4.962063394486904144e-03
6.944019999999220090e+03 7.504912465810775757e-02 4.973785020411014557e-03
6.945499999999219654e+03 7.354407012462615967e-02 5.511888302862644196e-03
6.946979999999219217e+03 7.940673083066940308e-02 6.895734462887048721e-03
6.948459999999218780e+03 8.987782895565032959e-02 7.259484380483627319e-03
6.949939999999218344e+03 7.881712168455123901e-02 6.222087424248456955e-03
6.951419999999217907e+03 7.659704983234405518e-02 5.247280001640319824e-03
6.952899999999217471e+03 7.333157211542129517e-02 5.013462156057357788e-03
6.954379999999217034e+03 8.679476380348205566e-02 5.269202403724193573e-03
6.955859999999216598e+03 8.555077016353607178e-02 5.271586589515209198e-03
6.957339999999216161e+03 7.078537344932556152e-02 5.026267375797033310e-03
6.958819999999215725e+03 6.526669859886169434e-02 4.898515995591878891e-03
6.960299999999215288e+03 6.761234998703002930e-02 4.914734512567520142e-03
6.961779999999214851e+03 7.889532297849655151e-02 5.110515747219324112e-03
6.963259999999214415e+03 7.903580367565155029e-02 5.092584062367677689e-03
6.964739999999213978e+03 7.407204061746597290e-02 5.007512867450714111e-03
6.966219999999213542e+03 7.908999174833297729e-02 5.260318052023649216e-03
6.967699999999213105e+03 7.935792207717895508e-02 5.598232150077819824e-03
6.969179999999212669e+03 7.816743105649948120e-02 5.660998634994029999e-03
6.970659999999212232e+03 7.436541467905044556e-02 5.370207596570253372e-03
6.972139999999211796e+03 7.646190375089645386e-02 5.052526947110891342e-03
6.973619999999211359e+03 8.460711687803268433e-02 5.196147132664918900e-03
6.975099999999210922e+03 7.737518101930618286e-02 5.403078161180019379e-03
6.976579999999210486e+03 9.359389543533325195e-02 6.395497824996709824e-03
6.978059999999210049e+03 9.683299809694290161e-02 6.498528178781270981e-03
6.979539999999209613e+03 8.160983771085739136e-02 5.590033717453479767e-03
6.981019999999209176e+03 7.503208518028259277e-02 5.089021753519773483e-03
6.982499999999208740e+03 8.510927855968475342e-02 5.240937229245901108e-03
6.983979999999208303e+03 8.573432266712188721e-02 5.260403733700513840e-03
6.985459999999207866e+03 7.521192729473114014e-02 5.079674068838357925e-03
6.986939999999207430e+03 7.625654339790344238e-02 5.064981989562511444e-03
6.988419999999206993e+03 7.598448544740676880e-02 5.047240294516086578e-03
6.989899999999206557e+03 7.295697182416915894e-02 4.975166637450456619e-03
6.991379999999206120e+03 7.485288381576538086e-02 4.966937005519866943e-03
6.992859999999205684e+03 7.874815911054611206e-02 5.073511973023414612e-03
6.994339999999205247e+03 8.267183601856231689e-02 5.202770698815584183e-03
6.995819999999204811e+03 8.152750879526138306e-02 5.218497011810541153e-03
6.997299999999204374e+03 7.770545780658721924e-02 5.113589577376842499e-03
6.998779999999203937e+03 7.630667090415954590e-02 5.055585876107215881e-03
7.000259999999203501e+03 8.486668765544891357e-02 5.278148688375949860e-03
7.001739999999203064e+03 8.042687922716140747e-02 5.340890027582645416e-03
7.003219999999202628e+03 8.156876266002655029e-02 5.392097868025302887e-03
7.004699999999202191e+03 8.920675516128540039e-02 5.360762588679790497e-03
7.006179999999201755e+03 7.617674022912979126e-02 4.986604209989309311e-03
7.007659999999201318e+03 7.192426919937133789e-02 5.016467068344354630e-03
7.009139999999200882e+03 7.591436058282852173e-02 5.494442302733659744e-03
7.010619999999200445e+03 8.250115811824798584e-02 5.809362512081861496e-03
7.012099999999200008e+03 7.885767519474029541e-02 5.433547776192426682e-03
7.013579999999199572e+03 7.527300715446472168e-02 5.052005406469106674e-03
7.015059999999199135e+03 8.039067685604095459e-02 5.039079580456018448e-03
7.016539999999198699e+03 8.557426929473876953e-02 5.115030799061059952e-03
7.018019999999198262e+03 8.128633350133895874e-02 5.058916285634040833e-03
7.019499999999197826e+03 7.768210023641586304e-02 5.026218481361865997e-03
7.020979999999197389e+03 7.610655575990676880e-02 4.967143759131431580e-03
7.022459999999196953e+03 7.509441673755645752e-02 4.949031863361597061e-03
7.023939999999196516e+03 8.113722503185272217e-02 5.084882955998182297e-03
7.025419999999196079e+03 7.354445755481719971e-02 4.927394911646842957e-03
7.026899999999195643e+03 7.646373659372329712e-02 5.017990712076425552e-03
7.028379999999195206e+03 8.070722967386245728e-02 5.101087503135204315e-03
7.029859999999194770e+03 7.164774835109710693e-02 4.924394655972719193e-03
7.031339999999194333e+03 8.108491450548171997e-02 5.081413779407739639e-03
7.032819999999193897e+03 8.256090432405471802e-02 5.093292798846960068e-03
7.034299999999193460e+03 7.432853430509567261e-02 4.964094609022140503e-03
7.035779999999193024e+03 8.253359049558639526e-02 5.101509392261505127e-03
7.037259999999192587e+03 7.979984581470489502e-02 5.050078500062227249e-03
7.038739999999192150e+03 7.130126655101776123e-02 5.023531615734100342e-03
7.040219999999191714e+03 7.001929730176925659e-02 5.102721508592367172e-03
7.041699999999191277e+03 7.426605373620986938e-02 5.114247556775808334e-03
7.043179999999190841e+03 8.056077361106872559e-02 5.173190962523221970e-03
7.044659999999190404e+03 7.861360162496566772e-02 5.332152824848890305e-03
7.046139999999189968e+03 7.604158669710159302e-02 5.618248600512742996e-03
7.047619999999189531e+03 8.120063692331314087e-02 5.749909672886133194e-03
7.049099999999189095e+03 7.855373620986938477e-02 5.563556682318449020e-03
7.050579999999188658e+03 7.487747818231582642e-02 5.314837209880352020e-03
7.052059999999188221e+03 8.270643651485443115e-02 5.380933638662099838e-03
7.053539999999187785e+03 6.897182762622833252e-02 5.103692878037691116e-03
7.055019999999187348e+03 8.440679311752319336e-02 5.282508675009012222e-03
7.056499999999186912e+03 7.466785609722137451e-02 5.034499801695346832e-03
7.057979999999186475e+03 6.839142739772796631e-02 4.919257946312427521e-03
7.059459999999186039e+03 7.516966760158538818e-02 5.102808121591806412e-03
7.060939999999185602e+03 8.251500129699707031e-02 5.299329757690429688e-03
7.062419999999185166e+03 8.034202456474304199e-02 5.316272843629121780e-03
7.063899999999184729e+03 7.514194399118423462e-02 5.251802969723939896e-03
7.065379999999184292e+03 7.890494167804718018e-02 5.322896875441074371e-03
7.066859999999183856e+03 7.770401239395141602e-02 5.248868372291326523e-03
7.068339999999183419e+03 7.110379636287689209e-02 5.116571206599473953e-03
7.069819999999182983e+03 8.337850123643875122e-02 5.350556224584579468e-03
7.071299999999182546e+03 8.862288296222686768e-02 5.423526745289564133e-03
7.072779999999182110e+03 8.061467111110687256e-02 5.313130561262369156e-03
7.074259999999181673e+03 8.399374783039093018e-02 5.336376838386058807e-03
7.075739999999181236e+03 7.589440047740936279e-02 5.167096853256225586e-03
7.077219999999180800e+03 8.614985644817352295e-02 5.413515493273735046e-03
7.078699999999180363e+03 6.970767676830291748e-02 5.086343269795179367e-03
7.080179999999179927e+03 7.486181706190109253e-02 5.195281933993101120e-03
7.081659999999179490e+03 8.251450955867767334e-02 5.363899748772382736e-03
7.083139999999179054e+03 7.905802130699157715e-02 5.248065572232007980e-03
7.084619999999178617e+03 7.915434986352920532e-02 5.206537898629903793e-03
7.086099999999178181e+03 8.413773030042648315e-02 5.422166083008050919e-03
7.087579999999177744e+03 8.388721942901611328e-02 5.503704771399497986e-03
7.089059999999177307e+03 7.913596183061599731e-02 5.406200420111417770e-03
7.090539999999176871e+03 7.744386792182922363e-02 5.237693898379802704e-03
7.092019999999176434e+03 7.546672970056533813e-02 5.100999493151903152e-03
7.093499999999175998e+03 7.825043797492980957e-02 5.126132629811763763e-03
7.094979999999175561e+03 8.610088378190994263e-02 5.247275810688734055e-03
7.096459999999175125e+03 8.347992599010467529e-02 5.221631377935409546e-03
