4.300739999999999782e+03 -7.000000000000000000e+00 2.645751237869262695e+00
4.302219999999999345e+03 -7.000000000000000000e+00 2.645751237869262695e+00
4.303699999999998909e+03 -7.000000000000000000e+00 2.645751237869262695e+00
4.305179999999998472e+03 -7.000000000000000000e+00 2.645751237869262695e+00
4.306659999999998035e+03 -7.000000000000000000e+00 2.645751237869262695e+00
4.308139999999997599e+03 -7.000000000000000000e+00 2.645751237869262695e+00
4.309619999999997162e+03 -7.000000000000000000e+00 2.645751237869262695e+00
4.311099999999996726e+03 -7.000000000000000000e+00 2.645751237869262695e+00
4.312579999999996289e+03 -7.000000000000000000e+00 2.645751237869262695e+00
4.314059999999995853e+03 -7.000000000000000000e+00 2.645751237869262695e+00
4.315539999999995416e+03 -7.000000000000000000e+00 2.645751237869262695e+00
4.317019999999994980e+03 -7.000000000000000000e+00 2.645751237869262695e+00
4.318499999999994543e+03 -7.000000000000000000e+00 2.645751237869262695e+00
4.319979999999994106e+03 -7.000000000000000000e+00 2.645751237869262695e+00
4.321459999999993670e+03 -7.000000000000000000e+00 2.645751237869262695e+00
4.322939999999993233e+03 -7.000000000000000000e+00 2.645751237869262695e+00
4.324419999999992797e+03 -7.000000000000000000e+00 2.645751237869262695e+00
4.325899999999992360e+03 -7.000000000000000000e+00 2.645751237869262695e+00
4.327379999999991924e+03 -7.000000000000000000e+00 2.645751237869262695e+00
4.328859999999991487e+03 -7.000000000000000000e+00 2.645751237869262695e+00
4.330339999999991051e+03 -7.000000000000000000e+00 2.645751237869262695e+00
4.331819999999990614e+03 -7.000000000000000000e+00 2.645751237869262695e+00
4.333299999999990177e+03 -7.000000000000000000e+00 2.645751237869262695e+00
4.334779999999989741e+03 -7.000000000000000000e+00 2.645751237869262695e+00
4.336259999999989304e+03 -7.000000000000000000e+00 2.645751237869262695e+00
4.337739999999988868e+03 -7.000000000000000000e+00 2.645751237869262695e+00
4.339219999999988431e+03 -7.000000000000000000e+00 2.645751237869262695e+00
4.340699999999987995e+03 -7.000000000000000000e+00 2.645751237869262695e+00
4.342179999999987558e+03 -7.000000000000000000e+00 2.645751237869262695e+00
4.343659999999987122e+03 -7.000000000000000000e+00 2.645751237869262695e+00
4.345139999999986685e+03 -7.000000000000000000e+00 2.645751237869262695e+00
4.346619999999986248e+03 -7.000000000000000000e+00 2.645751237869262695e+00
4.348099999999985812e+03 -7.000000000000000000e+00 2.645751237869262695e+00
4.349579999999985375e+03 -7.000000000000000000e+00 2.645751237869262695e+00
4.351059999999984939e+03 -7.000000000000000000e+00 2.645751237869262695e+00
4.352539999999984502e+03 -7.000000000000000000e+00 2.645751237869262695e+00
4.354019999999984066e+03 -7.000000000000000000e+00 2.645751237869262695e+00
4.355499999999983629e+03 -7.000000000000000000e+00 2.645751237869262695e+00
4.356979999999983193e+03 -7.000000000000000000e+00 2.645751237869262695e+00
4.358459999999982756e+03 -7.000000000000000000e+00 2.645751237869262695e+00
4.359939999999982319e+03 -7.000000000000000000e+00 2.645751237869262695e+00
4.361419999999981883e+03 -7.000000000000000000e+00 2.645751237869262695e+00
4.362899999999981446e+03 -7.000000000000000000e+00 2.645751237869262695e+00
4.364379999999981010e+03 -7.000000000000000000e+00 2.645751237869262695e+00
4.365859999999980573e+03 -7.000000000000000000e+00 2.645751237869262695e+00
4.367339999999980137e+03 -7.000000000000000000e+00 2.645751237869262695e+00
4.368819999999979700e+03 -7.000000000000000000e+00 2.645751237869262695e+00
4.370299999999979264e+03 -7.000000000000000000e+00 2.645751237869262695e+00
4.371779999999978827e+03 -7.000000000000000000e+00 2.645751237869262695e+00
4.373259999999978390e+03 -7.000000000000000000e+00 2.645751237869262695e+00
4.374739999999977954e+03 -7.000000000000000000e+00 2.645751237869262695e+00
4.376219999999977517e+03 -7.000000000000000000e+00 2.645751237869262695e+00
4.377699999999977081e+03 -7.000000000000000000e+00 2.645751237869262695e+00
4.379179999999976644e+03 -7.000000000000000000e+00 2.645751237869262695e+00
4.380659999999976208e+03 -7.000000000000000000e+00 2.645751237869262695e+00
4.382139999999975771e+03 -7.000000000000000000e+00 2.645751237869262695e+00
4.383619999999975335e+03 -7.000000000000000000e+00 2.645751237869262695e+00
4.385099999999974898e+03 -7.000000000000000000e+00 2.645751237869262695e+00
4.386579999999974461e+03 -7.000000000000000000e+00 2.645751237869262695e+00
4.388059999999974025e+03 -7.000000000000000000e+00 2.645751237869262695e+00
4.389539999999973588e+03 -7.000000000000000000e+00 2.645751237869262695e+00
4.391019999999973152e+03 -7.000000000000000000e+00 2.645751237869262695e+00
4.392499999999972715e+03 -7.000000000000000000e+00 2.645751237869262695e+00
4.393979999999972279e+03 -7.000000000000000000e+00 2.645751237869262695e+00
4.395459999999971842e+03 -7.000000000000000000e+00 2.645751237869262695e+00
4.396939999999971405e+03 -7.000000000000000000e+00 2.645751237869262695e+00
4.398419999999970969e+03 -7.000000000000000000e+00 2.645751237869262695e+00
4.399899999999970532e+03 -7.000000000000000000e+00 2.645751237869262695e+00
4.401379999999970096e+03 -7.000000000000000000e+00 2.645751237869262695e+00
4.402859999999969659e+03 -7.000000000000000000e+00 2.645751237869262695e+00
4.404339999999969223e+03 -7.000000000000000000e+00 2.645751237869262695e+00
4.405819999999968786e+03 -7.000000000000000000e+00 2.645751237869262695e+00
4.407299999999968350e+03 -7.000000000000000000e+00 2.645751237869262695e+00
4.408779999999967913e+03 -7.000000000000000000e+00 2.645751237869262695e+00
4.410259999999967476e+03 -7.000000000000000000e+00 2.645751237869262695e+00
4.411739999999967040e+03 -7.000000000000000000e+00 2.645751237869262695e+00
4.413219999999966603e+03 -7.000000000000000000e+00 2.645751237869262695e+00
4.414699999999966167e+03 -7.000000000000000000e+00 2.645751237869262695e+00
4.416179999999965730e+03 -7.000000000000000000e+00 2.645751237869262695e+00
4.417659999999965294e+03 -7.000000000000000000e+00 2.645751237869262695e+00
4.419139999999964857e+03 -7.000000000000000000e+00 2.645751237869262695e+00
4.420619999999964421e+03 -7.000000000000000000e+00 2.645751237869262695e+00
4.422099999999963984e+03 -7.000000000000000000e+00 2.645751237869262695e+00
4.423579999999963547e+03 -7.000000000000000000e+00 2.645751237869262695e+00
4.425059999999963111e+03 -7.000000000000000000e+00 2.645751237869262695e+00
4.426539999999962674e+03 -7.000000000000000000e+00 2.645751237869262695e+00
4.428019999999962238e+03 -7.000000000000000000e+00 2.645751237869262695e+00
4.429499999999961801e+03 -7.000000000000000000e+00 2.645751237869262695e+00
4.430979999999961365e+03 -7.000000000000000000e+00 2.645751237869262695e+00
4.432459999999960928e+03 -7.000000000000000000e+00 2.645751237869262695e+00
4.433939999999960492e+03 -7.000000000000000000e+00 2.645751237869262695e+00
4.435419999999960055e+03 -7.000000000000000000e+00 2.645751237869262695e+00
4.436899999999959618e+03 -7.000000000000000000e+00 2.645751237869262695e+00
4.438379999999959182e+03 -7.000000000000000000e+00 2.645751237869262695e+00
4.439859999999958745e+03 -7.000000000000000000e+00 2.645751237869262695e+00
4.441339999999958309e+03 -7.000000000000000000e+00 2.645751237869262695e+00
4.442819999999957872e+03 -7.000000000000000000e+00 2.645751237869262695e+00
4.444299999999957436e+03 -7.000000000000000000e+00 2.645751237869262695e+00
4.445779999999956999e+03 -7.000000000000000000e+00 2.645751237869262695e+00
4.447259999999956563e+03 -7.000000000000000000e+00 2.645751237869262695e+00
4.448739999999956126e+03 -7.000000000000000000e+00 2.645751237869262695e+00
4.450219999999955689e+03 -7.000000000000000000e+00 2.645751237869262695e+00
4.451699999999955253e+03 8.766584396362304688e-01 3.213415294885635376e-02
4.453179999999954816e+03 8.883192539215087891e-01 3.227998688817024231e-02
4.454659999999954380e+03 8.767607212066650391e-01 3.189208358526229858e-02
4.456139999999953943e+03 8.762336969375610352e-01 3.178023919463157654e-02
4.457619999999953507e+03 9.150944948196411133e-01 3.231009095907211304e-02
4.459099999999953070e+03 8.578894138336181641e-01 3.151718527078628540e-02
4.460579999999952634e+03 8.585865497589111328e-01 3.141224011778831482e-02
4.462059999999952197e+03 8.951710462570190430e-01 3.181101009249687195e-02
4.463539999999951760e+03 8.808366060256958008e-01 3.179500997066497803e-02
4.465019999999951324e+03 8.657922744750976562e-01 3.132574260234832764e-02
4.466499999999950887e+03 8.804102540016174316e-01 3.167738765478134155e-02
4.467979999999950451e+03 9.427492022514343262e-01 3.255850821733474731e-02
4.469459999999950014e+03 8.470472693443298340e-01 3.106334432959556580e-02
4.470939999999949578e+03 9.051789045333862305e-01 3.181426599621772766e-02
4.472419999999949141e+03 9.356255531311035156e-01 3.246769309043884277e-02
4.473899999999948704e+03 9.422042369842529297e-01 3.258333355188369751e-02
4.475379999999948268e+03 8.794815540313720703e-01 3.154074028134346008e-02
4.476859999999947831e+03 9.208245277404785156e-01 3.225922957062721252e-02
4.478339999999947395e+03 9.063665866851806641e-01 3.179317340254783630e-02
4.479819999999946958e+03 8.533177375793457031e-01 3.093791007995605469e-02
4.481299999999946522e+03 8.419203758239746094e-01 3.051381371915340424e-02
4.482779999999946085e+03 9.241864681243896484e-01 3.195004537701606750e-02
4.484259999999945649e+03 9.226682186126708984e-01 3.194874525070190430e-02
4.485739999999945212e+03 8.348466753959655762e-01 3.057066909968852997e-02
4.487219999999944775e+03 9.064798355102539062e-01 3.169710189104080200e-02
4.488699999999944339e+03 9.785734415054321289e-01 3.264883905649185181e-02
4.490179999999943902e+03 1.392396926879882812e+00 3.835386410355567932e-02
4.491659999999943466e+03 1.347692847251892090e+00 3.778677433729171753e-02
4.493139999999943029e+03 9.483735561370849609e-01 3.214649856090545654e-02
4.494619999999942593e+03 9.049509763717651367e-01 3.155217692255973816e-02
4.496099999999942156e+03 9.050717353820800781e-01 3.131806105375289917e-02
4.497579999999941720e+03 9.063327908515930176e-01 3.144320473074913025e-02
4.499059999999941283e+03 8.679855465888977051e-01 3.066425025463104248e-02
4.500539999999940846e+03 8.103700876235961914e-01 2.975164353847503662e-02
4.502019999999940410e+03 8.730933070182800293e-01 3.070865571498870850e-02
4.503499999999939973e+03 8.332403898239135742e-01 3.009144030511379242e-02
4.504979999999939537e+03 8.997916579246520996e-01 3.115611523389816284e-02
4.506459999999939100e+03 8.647586107254028320e-01 3.052688948810100555e-02
4.507939999999938664e+03 8.640201687812805176e-01 3.049512207508087158e-02
4.509419999999938227e+03 9.410530328750610352e-01 3.153218701481819153e-02
4.510899999999937791e+03 8.743160963058471680e-01 3.059829771518707275e-02
4.512379999999937354e+03 8.662999868392944336e-01 3.038427606225013733e-02
4.513859999999936917e+03 9.066804647445678711e-01 3.099818713963031769e-02
4.515339999999936481e+03 7.927109599113464355e-01 2.906752750277519226e-02
4.516819999999936044e+03 8.748897314071655273e-01 3.027551993727684021e-02
4.518299999999935608e+03 8.232268691062927246e-01 2.951672300696372986e-02
4.519779999999935171e+03 8.972273468971252441e-01 3.068385273218154907e-02
4.521259999999934735e+03 9.410119056701660156e-01 3.123361431062221527e-02
4.522739999999934298e+03 9.166206717491149902e-01 3.079890459775924683e-02
4.524219999999933862e+03 9.173089861869812012e-01 3.092067688703536987e-02
4.525699999999933425e+03 8.940137624740600586e-01 3.028467111289501190e-02
4.527179999999932988e+03 8.350378870964050293e-01 2.941944636404514313e-02
4.528659999999932552e+03 8.594424724578857422e-01 2.978743985295295715e-02
4.530139999999932115e+03 8.456062078475952148e-01 2.959512174129486084e-02
4.531619999999931679e+03 8.816061019897460938e-01 3.013274632394313812e-02
4.533099999999931242e+03 8.640694618225097656e-01 2.979212813079357147e-02
4.534579999999930806e+03 8.467453718185424805e-01 2.963846176862716675e-02
4.536059999999930369e+03 9.027599096298217773e-01 3.026993758976459503e-02
4.537539999999929933e+03 8.858113884925842285e-01 3.010640479624271393e-02
4.539019999999929496e+03 8.554400801658630371e-01 2.966696955263614655e-02
4.540499999999929059e+03 9.042370915412902832e-01 3.022992424666881561e-02
4.541979999999928623e+03 8.701819181442260742e-01 2.975336648523807526e-02
4.543459999999928186e+03 8.624181747436523438e-01 2.957511693239212036e-02
4.544939999999927750e+03 8.815277218818664551e-01 2.983287163078784943e-02
4.546419999999927313e+03 9.226181507110595703e-01 3.046585433185100555e-02
4.547899999999926877e+03 8.953007459640502930e-01 2.991118468344211578e-02
4.549379999999926440e+03 8.653139472007751465e-01 2.926676161587238312e-02
4.550859999999926004e+03 8.610200881958007812e-01 2.923883497714996338e-02
4.552339999999925567e+03 8.890490531921386719e-01 2.977910079061985016e-02
4.553819999999925130e+03 8.472232818603515625e-01 2.890972048044204712e-02
4.555299999999924694e+03 8.687158823013305664e-01 2.922514081001281738e-02
4.556779999999924257e+03 8.644406199455261230e-01 2.915504947304725647e-02
4.558259999999923821e+03 8.863568902015686035e-01 2.956628985702991486e-02
4.559739999999923384e+03 8.903314471244812012e-01 2.954873256385326385e-02
4.561219999999922948e+03 8.169225454330444336e-01 2.832623384892940521e-02
4.562699999999922511e+03 8.727463483810424805e-01 2.904603630304336548e-02
4.564179999999922074e+03 8.334469199180603027e-01 2.831205166876316071e-02
4.565659999999921638e+03 8.839369416236877441e-01 2.918682806193828583e-02
4.567139999999921201e+03 8.831409811973571777e-01 2.912307903170585632e-02
4.568619999999920765e+03 9.027943015098571777e-01 2.942569553852081299e-02
4.570099999999920328e+03 8.671032190322875977e-01 2.883068285882472992e-02
4.571579999999919892e+03 8.786143660545349121e-01 2.896468341350555420e-02
4.573059999999919455e+03 9.002014398574829102e-01 2.915170416235923767e-02
4.574539999999919019e+03 8.825244903564453125e-01 2.899142354726791382e-02
4.576019999999918582e+03 8.631621599197387695e-01 2.861747704446315765e-02
4.577499999999918145e+03 8.749749064445495605e-01 2.871881984174251556e-02
4.578979999999917709e+03 8.450958132743835449e-01 2.838002704083919525e-02
4.580459999999917272e+03 8.788702487945556641e-01 2.877573482692241669e-02
4.581939999999916836e+03 9.136007428169250488e-01 2.912653982639312744e-02
4.583419999999916399e+03 8.527704477310180664e-01 2.829681150615215302e-02
4.584899999999915963e+03 8.383401632308959961e-01 2.800775691866874695e-02
4.586379999999915526e+03 8.951629400253295898e-01 2.893082238733768463e-02
4.587859999999915090e+03 8.336727619171142578e-01 2.791913971304893494e-02
4.589339999999914653e+03 8.133587241172790527e-01 2.770241722464561462e-02
4.590819999999914216e+03 8.598216176033020020e-01 2.823588065803050995e-02
4.592299999999913780e+03 8.714438080787658691e-01 2.847516164183616638e-02
4.593779999999913343e+03 8.962414264678955078e-01 2.873103134334087372e-02
4.595259999999912907e+03 8.135033845901489258e-01 2.740734070539474487e-02
4.596739999999912470e+03 8.997523784637451172e-01 2.874864637851715088e-02
4.598219999999912034e+03 7.908042073249816895e-01 2.703272737562656403e-02
4.599699999999911597e+03 8.584156632423400879e-01 2.803459763526916504e-02
4.601179999999911161e+03 8.206340074539184570e-01 2.735542133450508118e-02
4.602659999999910724e+03 7.936939001083374023e-01 2.694994397461414337e-02
4.604139999999910287e+03 8.654118776321411133e-01 2.813847176730632782e-02
4.605619999999909851e+03 8.548308014869689941e-01 2.779673784971237183e-02
4.607099999999909414e+03 8.201152086257934570e-01 2.741731144487857819e-02
4.608579999999908978e+03 8.550651073455810547e-01 2.794434875249862671e-02
4.610059999999908541e+03 8.403096199035644531e-01 2.764552831649780273e-02
4.611539999999908105e+03 8.353793621063232422e-01 2.747432142496109009e-02
4.613019999999907668e+03 8.791828751564025879e-01 2.808666788041591644e-02
4.614499999999907232e+03 8.145949244499206543e-01 2.716251276433467865e-02
4.615979999999906795e+03 8.188767433166503906e-01 2.707011252641677856e-02
4.617459999999906358e+03 8.630660772323608398e-01 2.781646139919757843e-02
4.618939999999905922e+03 7.446503639221191406e-01 2.601533010601997375e-02
4.620419999999905485e+03 8.251959681510925293e-01 2.722134627401828766e-02
4.621899999999905049e+03 8.375619649887084961e-01 2.728369645774364471e-02
4.623379999999904612e+03 8.440163135528564453e-01 2.736353687942028046e-02
4.624859999999904176e+03 8.398712873458862305e-01 2.732245251536369324e-02
4.626339999999903739e+03 8.315003514289855957e-01 2.714684791862964630e-02
4.627819999999903303e+03 8.392126560211181641e-01 2.714533358812332153e-02
4.629299999999902866e+03 8.556690812110900879e-01 2.736581489443778992e-02
4.630779999999902429e+03 8.321170806884765625e-01 2.698802947998046875e-02
4.632259999999901993e+03 8.239026069641113281e-01 2.684254944324493408e-02
4.633739999999901556e+03 8.641063570976257324e-01 2.742664888501167297e-02
4.635219999999901120e+03 8.304269313812255859e-01 2.682306058704853058e-02
4.636699999999900683e+03 8.508827090263366699e-01 2.697730995714664459e-02
4.638179999999900247e+03 8.482927083969116211e-01 2.690675295889377594e-02
4.639659999999899810e+03 7.986278533935546875e-01 2.625299990177154541e-02
4.641139999999899374e+03 8.329666256904602051e-01 2.676580846309661865e-02
4.642619999999898937e+03 8.339514136314392090e-01 2.667448483407497406e-02
4.644099999999898500e+03 8.270348906517028809e-01 2.651567570865154266e-02
4.645579999999898064e+03 8.172177076339721680e-01 2.635688334703445435e-02
4.647059999999897627e+03 8.054628968238830566e-01 2.609893679618835449e-02
4.648539999999897191e+03 7.830104231834411621e-01 2.567741274833679199e-02
4.650019999999896754e+03 7.964888811111450195e-01 2.600018866360187531e-02
4.651499999999896318e+03 8.361077308654785156e-01 2.645347267389297485e-02
4.652979999999895881e+03 8.447138071060180664e-01 2.658262662589550018e-02
4.654459999999895444e+03 8.117880821228027344e-01 2.614950761198997498e-02
4.655939999999895008e+03 8.297117948532104492e-01 2.626847289502620697e-02
4.657419999999894571e+03 8.354938030242919922e-01 2.640747092664241791e-02
4.658899999999894135e+03 8.005290627479553223e-01 2.593965642154216766e-02
4.660379999999893698e+03 8.276993036270141602e-01 2.631147205829620361e-02
4.661859999999893262e+03 8.319330811500549316e-01 2.631312422454357147e-02
4.663339999999892825e+03 8.167918324470520020e-01 2.601471357047557831e-02
4.664819999999892389e+03 8.105614185333251953e-01 2.589744515717029572e-02
4.666299999999891952e+03 7.939856052398681641e-01 2.558483928442001343e-02
4.667779999999891515e+03 8.643682003021240234e-01 2.659210376441478729e-02
4.669259999999891079e+03 7.944699525833129883e-01 2.542982436716556549e-02
4.670739999999890642e+03 8.352649807929992676e-01 2.618510089814662933e-02
4.672219999999890206e+03 8.279001116752624512e-01 2.602007240056991577e-02
4.673699999999889769e+03 8.212894201278686523e-01 2.594180591404438019e-02
4.675179999999889333e+03 8.233056068420410156e-01 2.587147988379001617e-02
4.676659999999888896e+03 8.420875668525695801e-01 2.608226239681243896e-02
4.678139999999888460e+03 9.078299999237060547e-01 2.685986645519733429e-02
4.679619999999888023e+03 8.903592824935913086e-01 2.668144367635250092e-02
4.681099999999887586e+03 8.488066196441650391e-01 2.601013146340847015e-02
4.682579999999887150e+03 8.001798391342163086e-01 2.530586160719394684e-02
4.684059999999886713e+03 8.178697228431701660e-01 2.558418735861778259e-02
4.685539999999886277e+03 7.894694209098815918e-01 2.526398561894893646e-02
4.687019999999885840e+03 7.718762159347534180e-01 2.495860867202281952e-02
4.688499999999885404e+03 7.986485362052917480e-01 2.522348053753376007e-02
4.689979999999884967e+03 8.176387548446655273e-01 2.550856210291385651e-02
4.691459999999884531e+03 8.384950757026672363e-01 2.573920786380767822e-02
4.692939999999884094e+03 8.261953592300415039e-01 2.565083652734756470e-02
4.694419999999883657e+03 8.265708684921264648e-01 2.562361955642700195e-02
4.695899999999883221e+03 8.146027922630310059e-01 2.545870095491409302e-02
4.697379999999882784e+03 8.322107195854187012e-01 2.559456229209899902e-02
4.698859999999882348e+03 8.255678415298461914e-01 2.551429532468318939e-02
4.700339999999881911e+03 7.870978116989135742e-01 2.484308555722236633e-02
4.701819999999881475e+03 8.399489521980285645e-01 2.562213130295276642e-02
4.703299999999881038e+03 8.511716127395629883e-01 2.572725526988506317e-02
4.704779999999880602e+03 8.627922534942626953e-01 2.592501975595951080e-02
4.706259999999880165e+03 8.859206438064575195e-01 2.623176947236061096e-02
4.707739999999879728e+03 9.235680699348449707e-01 2.666674368083477020e-02
4.709219999999879292e+03 8.163725733757019043e-01 2.522671408951282501e-02
4.710699999999878855e+03 8.036442995071411133e-01 2.500043250620365143e-02
4.712179999999878419e+03 8.290818333625793457e-01 2.535887993872165680e-02
4.713659999999877982e+03 8.274523019790649414e-01 2.524912543594837189e-02
4.715139999999877546e+03 8.111758232116699219e-01 2.514215931296348572e-02
4.716619999999877109e+03 7.985147237777709961e-01 2.486233040690422058e-02
4.718099999999876673e+03 8.224407434463500977e-01 2.513705752789974213e-02
4.719579999999876236e+03 8.194903135299682617e-01 2.515800297260284424e-02
4.721059999999875799e+03 8.223412036895751953e-01 2.509718947112560272e-02
4.722539999999875363e+03 8.274761438369750977e-01 2.522286772727966309e-02
4.724019999999874926e+03 7.956195473670959473e-01 2.470767684280872345e-02
4.725499999999874490e+03 8.132113218307495117e-01 2.498536370694637299e-02
4.726979999999874053e+03 7.735214829444885254e-01 2.439507469534873962e-02
4.728459999999873617e+03 7.747892737388610840e-01 2.432511746883392334e-02
4.729939999999873180e+03 7.917268872261047363e-01 2.454442717134952545e-02
4.731419999999872744e+03 8.711094856262207031e-01 2.556229010224342346e-02
4.732899999999872307e+03 8.386450409889221191e-01 2.517138235270977020e-02
4.734379999999871870e+03 8.212481737136840820e-01 2.488051354885101318e-02
4.735859999999871434e+03 7.981088161468505859e-01 2.461128495633602142e-02
4.737339999999870997e+03 7.865003347396850586e-01 2.444984018802642822e-02
4.738819999999870561e+03 7.922098040580749512e-01 2.449771761894226074e-02
4.740299999999870124e+03 7.633089423179626465e-01 2.405120059847831726e-02
4.741779999999869688e+03 7.773230075836181641e-01 2.425778657197952271e-02
4.743259999999869251e+03 7.977203130722045898e-01 2.462228760123252869e-02
4.744739999999868814e+03 8.126435279846191406e-01 2.462985180318355560e-02
4.746219999999868378e+03 7.655444145202636719e-01 2.386583946645259857e-02
4.747699999999867941e+03 7.685279846191406250e-01 2.413981035351753235e-02
4.749179999999867505e+03 7.520862221717834473e-01 2.386813051998615265e-02
4.750659999999867068e+03 7.556030154228210449e-01 2.384866215288639069e-02
4.752139999999866632e+03 7.458503842353820801e-01 2.380598336458206177e-02
4.753619999999866195e+03 7.801616191864013672e-01 2.416893653571605682e-02
4.755099999999865759e+03 7.898051142692565918e-01 2.436877042055130005e-02
4.756579999999865322e+03 7.880982756614685059e-01 2.422009035944938660e-02
4.758059999999864885e+03 7.629058957099914551e-01 2.386691048741340637e-02
4.759539999999864449e+03 8.416306376457214355e-01 2.496730536222457886e-02
4.761019999999864012e+03 8.057763576507568359e-01 2.447488345205783844e-02
4.762499999999863576e+03 7.637823224067687988e-01 2.383466623723506927e-02
4.763979999999863139e+03 7.607203722000122070e-01 2.377218380570411682e-02
4.765459999999862703e+03 7.472219467163085938e-01 2.360397204756736755e-02
4.766939999999862266e+03 7.847190499305725098e-01 2.395839057862758636e-02
4.768419999999861830e+03 7.677335739135742188e-01 2.387565188109874725e-02
4.769899999999861393e+03 7.928777933120727539e-01 2.427531965076923370e-02
4.771379999999860956e+03 7.578094005584716797e-01 2.369904704391956329e-02
4.772859999999860520e+03 7.296298742294311523e-01 2.329396642744541168e-02
4.774339999999860083e+03 7.963266372680664062e-01 2.421884238719940186e-02
4.775819999999859647e+03 7.955989837646484375e-01 2.420700900256633759e-02
4.777299999999859210e+03 8.000129461288452148e-01 2.429581433534622192e-02
4.778779999999858774e+03 7.831819653511047363e-01 2.395458705723285675e-02
4.780259999999858337e+03 7.833460569381713867e-01 2.389699220657348633e-02
4.781739999999857901e+03 7.855958938598632812e-01 2.395770698785781860e-02
4.783219999999857464e+03 8.181920051574707031e-01 2.440900728106498718e-02
4.784699999999857027e+03 7.677461504936218262e-01 2.374559827148914337e-02
4.786179999999856591e+03 7.530318498611450195e-01 2.338236011564731598e-02
4.787659999999856154e+03 8.338285684585571289e-01 2.455011568963527679e-02
4.789139999999855718e+03 7.775061726570129395e-01 2.382193692028522491e-02
4.790619999999855281e+03 7.508290410041809082e-01 2.334482967853546143e-02
4.792099999999854845e+03 7.925284504890441895e-01 2.397152967751026154e-02
4.793579999999854408e+03 7.867474555969238281e-01 2.386883646249771118e-02
4.795059999999853972e+03 7.513009905815124512e-01 2.340731769800186157e-02
4.796539999999853535e+03 7.815348505973815918e-01 2.379805967211723328e-02
4.798019999999853098e+03 7.597329020500183105e-01 2.343164756894111633e-02
4.799499999999852662e+03 7.871347069740295410e-01 2.371361106634140015e-02
4.800979999999852225e+03 7.644301056861877441e-01 2.347405068576335907e-02
4.802459999999851789e+03 7.786999940872192383e-01 2.376698330044746399e-02
4.803939999999851352e+03 7.755112648010253906e-01 2.364199794828891754e-02
4.805419999999850916e+03 7.381416559219360352e-01 2.302597835659980774e-02
4.806899999999850479e+03 7.829908132553100586e-01 2.364798076450824738e-02
4.808379999999850043e+03 7.611159086227416992e-01 2.332342416048049927e-02
4.809859999999849606e+03 7.647389769554138184e-01 2.338513173162937164e-02
4.811339999999849169e+03 7.524855136871337891e-01 2.328376285731792450e-02
4.812819999999848733e+03 7.432495355606079102e-01 2.304250188171863556e-02
4.814299999999848296e+03 7.540396451950073242e-01 2.325363457202911377e-02
4.815779999999847860e+03 7.825945019721984863e-01 2.360758930444717407e-02
4.817259999999847423e+03 7.772809863090515137e-01 2.361956238746643066e-02
4.818739999999846987e+03 7.505595684051513672e-01 2.330866269767284393e-02
4.820219999999846550e+03 8.003864288330078125e-01 2.386598847806453705e-02
4.821699999999846113e+03 7.657141089439392090e-01 2.342635206878185272e-02
4.823179999999845677e+03 7.514578700065612793e-01 2.308476716279983521e-02
4.824659999999845240e+03 7.256085276603698730e-01 2.277940511703491211e-02
4.826139999999844804e+03 7.639845609664916992e-01 2.331852167844772339e-02
4.827619999999844367e+03 7.202527523040771484e-01 2.257383801043033600e-02
4.829099999999843931e+03 7.642346620559692383e-01 2.325917407870292664e-02
4.830579999999843494e+03 7.339516878128051758e-01 2.278369106352329254e-02
4.832059999999843058e+03 7.731524705886840820e-01 2.340600080788135529e-02
4.833539999999842621e+03 8.233408331871032715e-01 2.401896193623542786e-02
4.835019999999842184e+03 8.108883500099182129e-01 2.384716644883155823e-02
4.836499999999841748e+03 7.283540368080139160e-01 2.287141419947147369e-02
4.837979999999841311e+03 7.436543703079223633e-01 2.294229902327060699e-02
4.839459999999840875e+03 7.481452226638793945e-01 2.298390306532382965e-02
4.840939999999840438e+03 7.675173282623291016e-01 2.321940660476684570e-02
4.842419999999840002e+03 7.686712145805358887e-01 2.312584593892097473e-02
4.843899999999839565e+03 7.300366163253784180e-01 2.260227501392364502e-02
4.845379999999839129e+03 7.848129868507385254e-01 2.334378473460674286e-02
4.846859999999838692e+03 7.870103716850280762e-01 2.335993759334087372e-02
4.848339999999838255e+03 7.387813329696655273e-01 2.268098480999469757e-02
4.849819999999837819e+03 7.541520595550537109e-01 2.291153371334075928e-02
4.851299999999837382e+03 7.331089973449707031e-01 2.253857813775539398e-02
4.852779999999836946e+03 8.008266687393188477e-01 2.341614663600921631e-02
4.854259999999836509e+03 7.512096166610717773e-01 2.269819192588329315e-02
4.855739999999836073e+03 8.006938695907592773e-01 2.328788302838802338e-02
4.857219999999835636e+03 7.575234174728393555e-01 2.278351597487926483e-02
4.858699999999835200e+03 7.534666061401367188e-01 2.269477955996990204e-02
4.860179999999834763e+03 7.375250458717346191e-01 2.256949804723262787e-02
4.861659999999834326e+03 7.749324440956115723e-01 2.297476306557655334e-02
4.863139999999833890e+03 7.505977153778076172e-01 2.261807397007942200e-02
4.864619999999833453e+03 7.385649681091308594e-01 2.237579599022865295e-02
4.866099999999833017e+03 7.629598975181579590e-01 2.276273258030414581e-02
4.867579999999832580e+03 7.653580307960510254e-01 2.281140163540840149e-02
4.869059999999832144e+03 7.784274816513061523e-01 2.286080643534660339e-02
4.870539999999831707e+03 7.055674791336059570e-01 2.190782129764556885e-02
4.872019999999831271e+03 7.452434301376342773e-01 2.242126874625682831e-02
4.873499999999830834e+03 7.065297961235046387e-01 2.187965437769889832e-02
4.874979999999830397e+03 7.374470829963684082e-01 2.235542610287666321e-02
4.876459999999829961e+03 6.966920495033264160e-01 2.174471132457256317e-02
4.877939999999829524e+03 7.284679412841796875e-01 2.217390574514865875e-02
4.879419999999829088e+03 1.962095022201538086e+00 3.466815501451492310e-02
4.880899999999828651e+03 1.273557853698730469e+01 9.061168879270553589e-02
4.882379999999828215e+03 1.628673362731933594e+01 1.014497205615043640e-01
4.883859999999827778e+03 6.736244201660156250e+00 6.469175219535827637e-02
4.885339999999827342e+03 7.657747864723205566e-01 2.263966389000415802e-02
4.886819999999826905e+03 6.748647093772888184e-01 2.132454514503479004e-02
4.888299999999826468e+03 7.441448569297790527e-01 2.230388857424259186e-02
4.889779999999826032e+03 7.901939153671264648e-01 2.293782494962215424e-02
4.891259999999825595e+03 7.024821043014526367e-01 2.170816622674465179e-02
4.892739999999825159e+03 6.807141900062561035e-01 2.139884233474731445e-02
4.894219999999824722e+03 7.224555015563964844e-01 2.205643616616725922e-02
4.895699999999824286e+03 7.479768395423889160e-01 2.239990048110485077e-02
4.897179999999823849e+03 7.290716171264648438e-01 2.208144590258598328e-02
4.898659999999823413e+03 7.409735321998596191e-01 2.224007062613964081e-02
4.900139999999822976e+03 7.595825195312500000e-01 2.238469012081623077e-02
4.901619999999822539e+03 7.494134306907653809e-01 2.242302335798740387e-02
4.903099999999822103e+03 7.282456159591674805e-01 2.208759635686874390e-02
4.904579999999821666e+03 7.375428676605224609e-01 2.220034599304199219e-02
4.906059999999821230e+03 7.330568432807922363e-01 2.207323163747787476e-02
4.907539999999820793e+03 7.419444322586059570e-01 2.209497243165969849e-02
4.909019999999820357e+03 7.911975979804992676e-01 2.281401306390762329e-02
4.910499999999819920e+03 7.721884250640869141e-01 2.247088216245174408e-02
4.911979999999819483e+03 7.644797563552856445e-01 2.248799987137317657e-02
4.913459999999819047e+03 7.560377120971679688e-01 2.237346954643726349e-02
4.914939999999818610e+03 8.015893697738647461e-01 2.302988991141319275e-02
4.916419999999818174e+03 7.339645028114318848e-01 2.201116643846035004e-02
4.917899999999817737e+03 7.173771858215332031e-01 2.171865291893482208e-02
4.919379999999817301e+03 7.656429409980773926e-01 2.232861146330833435e-02
4.920859999999816864e+03 7.258244156837463379e-01 2.178807370364665985e-02
4.922339999999816428e+03 7.468689680099487305e-01 2.212364971637725830e-02
4.923819999999815991e+03 7.486453056335449219e-01 2.218682505190372467e-02
4.925299999999815554e+03 7.377520799636840820e-01 2.217955701053142548e-02
4.926779999999815118e+03 7.492969036102294922e-01 2.232634276151657104e-02
4.928259999999814681e+03 7.725944519042968750e-01 2.240916527807712555e-02
4.929739999999814245e+03 7.227021455764770508e-01 2.171916700899600983e-02
4.931219999999813808e+03 7.622162103652954102e-01 2.223582752048969269e-02
4.932699999999813372e+03 7.386503219604492188e-01 2.201726101338863373e-02
4.934179999999812935e+03 7.075345516204833984e-01 2.147383242845535278e-02
4.935659999999812499e+03 7.267093658447265625e-01 2.180327475070953369e-02
4.937139999999812062e+03 7.866863608360290527e-01 2.265604585409164429e-02
4.938619999999811625e+03 7.696817517280578613e-01 2.235449478030204773e-02
4.940099999999811189e+03 7.071449756622314453e-01 2.144414372742176056e-02
4.941579999999810752e+03 8.245759010314941406e-01 2.307286299765110016e-02
4.943059999999810316e+03 8.948535323143005371e-01 2.390166744589805603e-02
4.944539999999809879e+03 7.819373607635498047e-01 2.248010598123073578e-02
4.946019999999809443e+03 7.434548139572143555e-01 2.201032266020774841e-02
4.947499999999809006e+03 7.372854351997375488e-01 2.184789255261421204e-02
4.948979999999808570e+03 7.186069488525390625e-01 2.174039930105209351e-02
4.950459999999808133e+03 7.522638440132141113e-01 2.206300944089889526e-02
4.951939999999807696e+03 7.513412833213806152e-01 2.207277156412601471e-02
4.953419999999807260e+03 7.656815648078918457e-01 2.231684699654579163e-02
4.954899999999806823e+03 7.434499263763427734e-01 2.188201807439327240e-02
4.956379999999806387e+03 7.463905215263366699e-01 2.178406901657581329e-02
4.957859999999805950e+03 7.521141171455383301e-01 2.193537354469299316e-02
4.959339999999805514e+03 7.369406223297119141e-01 2.181190438568592072e-02
4.960819999999805077e+03 7.456274032592773438e-01 2.196162007749080658e-02
4.962299999999804641e+03 7.716429233551025391e-01 2.224787697196006775e-02
4.963779999999804204e+03 7.797276973724365234e-01 2.247171103954315186e-02
4.965259999999803767e+03 7.118484377861022949e-01 2.144780382513999939e-02
4.966739999999803331e+03 7.539943456649780273e-01 2.206933870911598206e-02
4.968219999999802894e+03 7.901349067687988281e-01 2.250163257122039795e-02
4.969699999999802458e+03 7.768305540084838867e-01 2.233707346022129059e-02
4.971179999999802021e+03 7.747691869735717773e-01 2.229807339608669281e-02
4.972659999999801585e+03 7.686707973480224609e-01 2.220249362289905548e-02
4.974139999999801148e+03 7.574211359024047852e-01 2.209242619574069977e-02
4.975619999999800712e+03 7.805229425430297852e-01 2.236668206751346588e-02
4.977099999999800275e+03 1.747548341751098633e+00 3.127843141555786133e-02
4.978579999999799838e+03 1.887404632568359375e+01 1.088802963495254517e-01
4.980059999999799402e+03 2.844535446166992188e+01 1.359416991472244263e-01
4.981539999999798965e+03 1.350586986541748047e+01 9.077116101980209351e-02
4.983019999999798529e+03 9.702858924865722656e-01 2.423069439828395844e-02
4.984499999999798092e+03 7.724589109420776367e-01 2.203795872628688812e-02
4.985979999999797656e+03 7.836180329322814941e-01 2.228606678545475006e-02
4.987459999999797219e+03 8.031307458877563477e-01 2.252694778144359589e-02
4.988939999999796783e+03 7.710129618644714355e-01 2.213634923100471497e-02
4.990419999999796346e+03 7.745528221130371094e-01 2.212157100439071655e-02
4.991899999999795909e+03 7.921826839447021484e-01 2.249891310930252075e-02
4.993379999999795473e+03 7.648922801017761230e-01 2.210305631160736084e-02
4.994859999999795036e+03 7.539086341857910156e-01 2.192110940814018250e-02
4.996339999999794600e+03 7.878761887550354004e-01 2.235662192106246948e-02
4.997819999999794163e+03 7.471048235893249512e-01 2.176506444811820984e-02
4.999299999999793727e+03 7.433892488479614258e-01 2.172793075442314148e-02
5.000779999999793290e+03 7.325801253318786621e-01 2.154869772493839264e-02
5.002259999999792853e+03 7.234050035476684570e-01 2.148324996232986450e-02
5.003739999999792417e+03 7.630515098571777344e-01 2.188627049326896667e-02
5.005219999999791980e+03 7.919228076934814453e-01 2.228499762713909149e-02
5.006699999999791544e+03 8.896910548210144043e-01 2.346061915159225464e-02
5.008179999999791107e+03 8.587131500244140625e-01 2.316202409565448761e-02
5.009659999999790671e+03 8.039354085922241211e-01 2.243459038436412811e-02
5.011139999999790234e+03 7.594068646430969238e-01 2.183844149112701416e-02
5.012619999999789798e+03 7.396942377090454102e-01 2.156263031065464020e-02
5.014099999999789361e+03 7.330242395401000977e-01 2.145618386566638947e-02
5.015579999999788924e+03 7.667996287345886230e-01 2.192084118723869324e-02
5.017059999999788488e+03 8.010808229446411133e-01 2.234304323792457581e-02
5.018539999999788051e+03 8.112242221832275391e-01 2.246366813778877258e-02
5.020019999999787615e+03 8.333055973052978516e-01 2.276522293686866760e-02
5.021499999999787178e+03 8.371915817260742188e-01 2.276940271258354187e-02
5.022979999999786742e+03 9.217977523803710938e-01 2.378942072391510010e-02
5.024459999999786305e+03 1.347158432006835938e+00 2.838523872196674347e-02
5.025939999999785869e+03 2.747685241699218750e+01 1.335967630147933960e-01
5.027419999999785432e+03 8.216088867187500000e+01 2.510438263416290283e-01
5.028899999999784995e+03 7.091154479980468750e+01 2.308085858821868896e-01
5.030379999999784559e+03 1.444785499572753906e+01 9.379579126834869385e-02
5.031859999999784122e+03 9.319645762443542480e-01 2.402204461395740509e-02
5.033339999999783686e+03 8.262790441513061523e-01 2.258142270147800446e-02
5.034819999999783249e+03 9.301543831825256348e-01 2.385021373629570007e-02
5.036299999999782813e+03 1.124807596206665039e+00 2.597116120159626007e-02
5.037779999999782376e+03 1.002125263214111328e+00 2.468049153685569763e-02
5.039259999999781940e+03 7.964195609092712402e-01 2.207889035344123840e-02
5.040739999999781503e+03 7.732462882995605469e-01 2.182372659444808960e-02
5.042219999999781066e+03 7.374129295349121094e-01 2.138310298323631287e-02
5.043699999999780630e+03 7.210522890090942383e-01 2.120657078921794891e-02
5.045179999999780193e+03 7.649655938148498535e-01 2.171118743717670441e-02
5.046659999999779757e+03 7.480419874191284180e-01 2.153849042952060699e-02
5.048139999999779320e+03 7.280887365341186523e-01 2.128423377871513367e-02
5.049619999999778884e+03 7.821164131164550781e-01 2.191351912915706635e-02
5.051099999999778447e+03 7.500196695327758789e-01 2.158503234386444092e-02
5.052579999999778011e+03 7.347056269645690918e-01 2.132361568510532379e-02
5.054059999999777574e+03 7.452718019485473633e-01 2.144755423069000244e-02
5.055539999999777137e+03 7.342754602432250977e-01 2.127429656684398651e-02
5.057019999999776701e+03 7.091064453125000000e-01 2.102891728281974792e-02
5.058499999999776264e+03 7.123445868492126465e-01 2.109730429947376251e-02
5.059979999999775828e+03 7.293277978897094727e-01 2.130310237407684326e-02
5.061459999999775391e+03 7.090085148811340332e-01 2.096117474138736725e-02
5.062939999999774955e+03 7.358450889587402344e-01 2.126256749033927917e-02
5.064419999999774518e+03 7.298175096511840820e-01 2.118874900043010712e-02
5.065899999999774082e+03 6.998540759086608887e-01 2.075052633881568909e-02
5.067379999999773645e+03 7.312054634094238281e-01 2.123945951461791992e-02
5.068859999999773208e+03 7.347542643547058105e-01 2.131165377795696259e-02
5.070339999999772772e+03 7.214993238449096680e-01 2.106096036732196808e-02
5.071819999999772335e+03 7.437167167663574219e-01 2.136390283703804016e-02
5.073299999999771899e+03 7.591376900672912598e-01 2.162840776145458221e-02
5.074779999999771462e+03 7.348084449768066406e-01 2.117607556283473969e-02
5.076259999999771026e+03 7.650285959243774414e-01 2.163003943860530853e-02
5.077739999999770589e+03 7.262667417526245117e-01 2.108857780694961548e-02
5.079219999999770152e+03 7.353810667991638184e-01 2.118038758635520935e-02
5.080699999999769716e+03 7.043782472610473633e-01 2.072594314813613892e-02
5.082179999999769279e+03 7.534997463226318359e-01 2.140111289918422699e-02
5.083659999999768843e+03 7.007473707199096680e-01 2.077600173652172089e-02
5.085139999999768406e+03 7.047594785690307617e-01 2.080594003200531006e-02
5.086619999999767970e+03 7.294849157333374023e-01 2.111108601093292236e-02
5.088099999999767533e+03 7.071650028228759766e-01 2.083104662597179413e-02
5.089579999999767097e+03 6.953557729721069336e-01 2.071672305464744568e-02
5.091059999999766660e+03 7.311351299285888672e-01 2.115137502551078796e-02
5.092539999999766223e+03 7.357060909271240234e-01 2.119012735784053802e-02
5.094019999999765787e+03 7.310264110565185547e-01 2.119718492031097412e-02
5.095499999999765350e+03 6.922920942306518555e-01 2.052189595997333527e-02
5.096979999999764914e+03 7.043423652648925781e-01 2.075674943625926971e-02
5.098459999999764477e+03 7.122930288314819336e-01 2.075847797095775604e-02
5.099939999999764041e+03 7.033405303955078125e-01 2.070303447544574738e-02
5.101419999999763604e+03 7.119919657707214355e-01 2.080687321722507477e-02
5.102899999999763168e+03 7.116152048110961914e-01 2.081241458654403687e-02
5.104379999999762731e+03 6.939207315444946289e-01 2.065807767212390900e-02
5.105859999999762294e+03 7.252885103225708008e-01 2.094707265496253967e-02
5.107339999999761858e+03 7.211114764213562012e-01 2.084726281464099884e-02
5.108819999999761421e+03 6.831694841384887695e-01 2.041853591799736023e-02
5.110299999999760985e+03 6.657251119613647461e-01 2.014357596635818481e-02
5.111779999999760548e+03 7.011923789978027344e-01 2.064737118780612946e-02
5.113259999999760112e+03 6.819072365760803223e-01 2.046916447579860687e-02
5.114739999999759675e+03 6.954371929168701172e-01 2.056694962084293365e-02
5.116219999999759239e+03 7.574427723884582520e-01 2.132480405271053314e-02
5.117699999999758802e+03 7.283839583396911621e-01 2.108457684516906738e-02
5.119179999999758365e+03 6.923103332519531250e-01 2.044775895774364471e-02
5.120659999999757929e+03 6.912039518356323242e-01 2.051426284015178680e-02
5.122139999999757492e+03 7.070145010948181152e-01 2.060071378946304321e-02
5.123619999999757056e+03 7.066397666931152344e-01 2.060986310243606567e-02
5.125099999999756619e+03 7.126584053039550781e-01 2.065154537558555603e-02
5.126579999999756183e+03 7.023260593414306641e-01 2.059039287269115448e-02
5.128059999999755746e+03 6.761829257011413574e-01 2.024434693157672882e-02
5.129539999999755310e+03 6.740016937255859375e-01 2.019989490509033203e-02
5.131019999999754873e+03 6.934921741485595703e-01 2.043147012591362000e-02
5.132499999999754436e+03 7.248682975769042969e-01 2.092305198311805725e-02
5.133979999999754000e+03 7.174344062805175781e-01 2.084294892847537994e-02
5.135459999999753563e+03 6.821872591972351074e-01 2.033649198710918427e-02
5.136939999999753127e+03 6.857510209083557129e-01 2.034814096987247467e-02
5.138419999999752690e+03 6.979215145111083984e-01 2.048083581030368805e-02
5.139899999999752254e+03 7.114590406417846680e-01 2.063107304275035858e-02
5.141379999999751817e+03 6.801622509956359863e-01 2.016264200210571289e-02
5.142859999999751381e+03 7.002916932106018066e-01 2.050155587494373322e-02
5.144339999999750944e+03 7.283158302307128906e-01 2.088199183344841003e-02
5.145819999999750507e+03 6.987097859382629395e-01 2.046646364033222198e-02
5.147299999999750071e+03 7.361702322959899902e-01 2.095325291156768799e-02
5.148779999999749634e+03 6.774286627769470215e-01 2.015607431530952454e-02
5.150259999999749198e+03 6.906153559684753418e-01 2.033077180385589600e-02
5.151739999999748761e+03 6.778671741485595703e-01 2.019636891782283783e-02
5.153219999999748325e+03 6.869692206382751465e-01 2.030579373240470886e-02
5.154699999999747888e+03 7.188783884048461914e-01 2.072467468678951263e-02
5.156179999999747452e+03 7.184569835662841797e-01 2.077410370111465454e-02
5.157659999999747015e+03 6.937981843948364258e-01 2.044484764337539673e-02
5.159139999999746578e+03 6.709033250808715820e-01 2.008519321680068970e-02
5.160619999999746142e+03 7.069029808044433594e-01 2.054323256015777588e-02
5.162099999999745705e+03 7.033742666244506836e-01 2.049020677804946899e-02
5.163579999999745269e+03 7.244682312011718750e-01 2.076595649123191833e-02
5.165059999999744832e+03 6.623480319976806641e-01 1.974881067872047424e-02
5.166539999999744396e+03 7.118427157402038574e-01 2.041154354810714722e-02
5.168019999999743959e+03 6.721494197845458984e-01 1.988513022661209106e-02
5.169499999999743522e+03 6.631504893302917480e-01 1.974043622612953186e-02
5.170979999999743086e+03 6.903891563415527344e-01 2.012856863439083099e-02
5.172459999999742649e+03 6.865584254264831543e-01 1.993604935705661774e-02
5.173939999999742213e+03 6.615226864814758301e-01 1.978100650012493134e-02
5.175419999999741776e+03 6.710109710693359375e-01 1.995424181222915649e-02
5.176899999999741340e+03 6.937479376792907715e-01 2.025083824992179871e-02
5.178379999999740903e+03 7.204701900482177734e-01 2.056308090686798096e-02
5.179859999999740467e+03 7.142381072044372559e-01 2.046778425574302673e-02
5.181339999999740030e+03 7.279788851737976074e-01 2.044011838734149933e-02
5.182819999999739593e+03 6.943930983543395996e-01 1.997427083551883698e-02
5.184299999999739157e+03 6.641383171081542969e-01 1.980469748377799988e-02
5.185779999999738720e+03 6.891384720802307129e-01 2.020545676350593567e-02
5.187259999999738284e+03 6.743491291999816895e-01 2.012471109628677368e-02
5.188739999999737847e+03 6.840661168098449707e-01 2.018183656036853790e-02
5.190219999999737411e+03 6.368671655654907227e-01 1.942261308431625366e-02
5.191699999999736974e+03 6.827267408370971680e-01 1.992437615990638733e-02
5.193179999999736538e+03 6.767588257789611816e-01 1.990721561014652252e-02
5.194659999999736101e+03 6.859459877014160156e-01 2.013714797794818878e-02
5.196139999999735664e+03 6.856828331947326660e-01 2.035474404692649841e-02
5.197619999999735228e+03 6.942443251609802246e-01 2.069864608347415924e-02
5.199099999999734791e+03 6.828557848930358887e-01 2.044084854423999786e-02
5.200579999999734355e+03 6.675930023193359375e-01 2.013065293431282043e-02
5.202059999999733918e+03 6.751279830932617188e-01 2.005569450557231903e-02
5.203539999999733482e+03 7.185039520263671875e-01 2.046456187963485718e-02
5.205019999999733045e+03 6.798788905143737793e-01 1.986525021493434906e-02
5.206499999999732609e+03 6.738834977149963379e-01 1.977290026843547821e-02
5.207979999999732172e+03 7.113474011421203613e-01 2.026165276765823364e-02
5.209459999999731735e+03 6.827234029769897461e-01 2.002154663205146790e-02
5.210939999999731299e+03 6.758460402488708496e-01 1.990832760930061340e-02
5.212419999999730862e+03 7.136263847351074219e-01 2.035528980195522308e-02
5.213899999999730426e+03 6.920964121818542480e-01 2.006546594202518463e-02
5.215379999999729989e+03 6.776554584503173828e-01 1.985182985663414001e-02
5.216859999999729553e+03 6.638449430465698242e-01 1.977348141372203827e-02
5.218339999999729116e+03 7.149925231933593750e-01 2.037668973207473755e-02
5.219819999999728680e+03 7.444521784782409668e-01 2.069163508713245392e-02
5.221299999999728243e+03 7.291080951690673828e-01 2.058891393244266510e-02
5.222779999999727806e+03 7.126799821853637695e-01 2.050896175205707550e-02
5.224259999999727370e+03 6.762322783470153809e-01 1.996146328747272491e-02
5.225739999999726933e+03 6.801950931549072266e-01 1.982161402702331543e-02
5.227219999999726497e+03 6.526160836219787598e-01 1.947737112641334534e-02
5.228699999999726060e+03 6.305383443832397461e-01 1.919602043926715851e-02
5.230179999999725624e+03 6.772993803024291992e-01 1.985221728682518005e-02
5.231659999999725187e+03 7.145262360572814941e-01 2.033439464867115021e-02
5.233139999999724751e+03 6.905743479728698730e-01 2.001084946095943451e-02
5.234619999999724314e+03 6.547092795372009277e-01 1.953985728323459625e-02
5.236099999999723877e+03 6.596004366874694824e-01 1.968531869351863861e-02
5.237579999999723441e+03 6.820736527442932129e-01 2.014608122408390045e-02
5.239059999999723004e+03 6.826009750366210938e-01 2.007578127086162567e-02
5.240539999999722568e+03 6.539377570152282715e-01 1.954211853444576263e-02
5.242019999999722131e+03 6.615560650825500488e-01 1.954541169106960297e-02
5.243499999999721695e+03 6.823397874832153320e-01 1.984939351677894592e-02
5.244979999999721258e+03 6.862272620201110840e-01 1.988789252936840057e-02
5.246459999999720822e+03 6.572935581207275391e-01 1.952852867543697357e-02
5.247939999999720385e+03 6.620553731918334961e-01 1.960906758904457092e-02
5.249419999999719948e+03 6.472754478454589844e-01 1.944881677627563477e-02
5.250899999999719512e+03 6.915121078491210938e-01 1.989113911986351013e-02
5.252379999999719075e+03 6.689294576644897461e-01 1.970882713794708252e-02
5.253859999999718639e+03 6.740307211875915527e-01 1.986863836646080017e-02
5.255339999999718202e+03 7.163922786712646484e-01 2.048953808844089508e-02
5.256819999999717766e+03 6.634598970413208008e-01 1.973553746938705444e-02
5.258299999999717329e+03 6.648020148277282715e-01 1.961464993655681610e-02
5.259779999999716892e+03 6.843910813331604004e-01 1.986911147832870483e-02
5.261259999999716456e+03 6.885240077972412109e-01 1.988500542938709259e-02
5.262739999999716019e+03 6.600596904754638672e-01 1.939155533909797668e-02
5.264219999999715583e+03 6.593800187110900879e-01 1.936643011868000031e-02
5.265699999999715146e+03 6.443118453025817871e-01 1.911371573805809021e-02
5.267179999999714710e+03 6.448466777801513672e-01 1.913277432322502136e-02
5.268659999999714273e+03 6.418800354003906250e-01 1.910213753581047058e-02
5.270139999999713837e+03 6.646236777305603027e-01 1.949095539748668671e-02
5.271619999999713400e+03 6.376353502273559570e-01 1.915385015308856964e-02
5.273099999999712963e+03 6.361044645309448242e-01 1.918036490678787231e-02
5.274579999999712527e+03 6.725579500198364258e-01 1.976682804524898529e-02
5.276059999999712090e+03 6.674981713294982910e-01 1.968229562044143677e-02
5.277539999999711654e+03 6.690779328346252441e-01 1.961781084537506104e-02
5.279019999999711217e+03 6.531844139099121094e-01 1.938258670270442963e-02
5.280499999999710781e+03 6.616567373275756836e-01 1.932794414460659027e-02
5.281979999999710344e+03 6.508089900016784668e-01 1.924970559775829315e-02
5.283459999999709908e+03 6.459627151489257812e-01 1.918345876038074493e-02
5.284939999999709471e+03 6.742783188819885254e-01 1.966989785432815552e-02
5.286419999999709034e+03 6.746639013290405273e-01 1.961859501898288727e-02
5.287899999999708598e+03 6.401602029800415039e-01 1.922183670103549957e-02
5.289379999999708161e+03 6.579266786575317383e-01 1.943118311464786530e-02
5.290859999999707725e+03 6.603781580924987793e-01 1.950778998434543610e-02
5.292339999999707288e+03 6.745817661285400391e-01 1.967634819447994232e-02
5.293819999999706852e+03 6.848064661026000977e-01 1.978158764541149139e-02
5.295299999999706415e+03 6.631560325622558594e-01 1.940965093672275543e-02
5.296779999999705979e+03 6.455022692680358887e-01 1.924146525561809540e-02
5.298259999999705542e+03 6.507882475852966309e-01 1.939000375568866730e-02
5.299739999999705105e+03 6.824883222579956055e-01 1.970569230616092682e-02
5.301219999999704669e+03 6.601510643959045410e-01 1.935945823788642883e-02
5.302699999999704232e+03 6.316065788269042969e-01 1.903414167463779449e-02
5.304179999999703796e+03 6.586431860923767090e-01 1.937556639313697815e-02
5.305659999999703359e+03 6.368126869201660156e-01 1.916976273059844971e-02
5.307139999999702923e+03 6.247827410697937012e-01 1.894803717732429504e-02
5.308619999999702486e+03 6.556717157363891602e-01 1.934940740466117859e-02
5.310099999999702050e+03 6.481384634971618652e-01 1.926654390990734100e-02
5.311579999999701613e+03 6.660403609275817871e-01 1.958044618368148804e-02
5.313059999999701176e+03 6.578238010406494141e-01 1.946358941495418549e-02
5.314539999999700740e+03 6.820174455642700195e-01 1.967456005513668060e-02
5.316019999999700303e+03 5.921980142593383789e-01 1.851109042763710022e-02
5.317499999999699867e+03 6.856309771537780762e-01 1.974014937877655029e-02
5.318979999999699430e+03 6.126359701156616211e-01 1.884024962782859802e-02
5.320459999999698994e+03 6.482853889465332031e-01 1.935607567429542542e-02
5.321939999999698557e+03 6.569854021072387695e-01 1.937020942568778992e-02
5.323419999999698121e+03 6.720060110092163086e-01 1.960332691669464111e-02
5.324899999999697684e+03 6.429287195205688477e-01 1.916641928255558014e-02
5.326379999999697247e+03 6.316485404968261719e-01 1.897297799587249756e-02
5.327859999999696811e+03 6.386873722076416016e-01 1.908868364989757538e-02
5.329339999999696374e+03 6.273061037063598633e-01 1.900684647262096405e-02
5.330819999999695938e+03 6.276769042015075684e-01 1.908587478101253510e-02
5.332299999999695501e+03 6.305297613143920898e-01 1.897736452519893646e-02
5.333779999999695065e+03 6.634967327117919922e-01 1.945007033646106720e-02
5.335259999999694628e+03 6.939455866813659668e-01 1.984252035617828369e-02
5.336739999999694192e+03 6.686201691627502441e-01 1.944296434521675110e-02
5.338219999999693755e+03 6.467764377593994141e-01 1.919224113225936890e-02
5.339699999999693318e+03 6.453205943107604980e-01 1.913337595760822296e-02
5.341179999999692882e+03 6.199040412902832031e-01 1.878954097628593445e-02
5.342659999999692445e+03 6.234918832778930664e-01 1.887713000178337097e-02
5.344139999999692009e+03 6.341966986656188965e-01 1.903934963047504425e-02
5.345619999999691572e+03 6.297236680984497070e-01 1.895121857523918152e-02
5.347099999999691136e+03 6.180695891380310059e-01 1.872574724256992340e-02
5.348579999999690699e+03 6.704410314559936523e-01 1.945635862648487091e-02
5.350059999999690262e+03 6.091620922088623047e-01 1.864974573254585266e-02
5.351539999999689826e+03 6.231606602668762207e-01 1.875060796737670898e-02
5.353019999999689389e+03 6.541825532913208008e-01 1.921389251947402954e-02
5.354499999999688953e+03 6.744378209114074707e-01 1.949618570506572723e-02
5.355979999999688516e+03 6.284212470054626465e-01 1.881394721567630768e-02
5.357459999999688080e+03 6.647797822952270508e-01 1.943849027156829834e-02
5.358939999999687643e+03 6.215173602104187012e-01 1.881990209221839905e-02
5.360419999999687207e+03 6.054792404174804688e-01 1.853882521390914917e-02
5.361899999999686770e+03 6.147551536560058594e-01 1.867753453552722931e-02
5.363379999999686333e+03 6.071445345878601074e-01 1.859028078615665436e-02
5.364859999999685897e+03 6.499800086021423340e-01 1.906997524201869965e-02
5.366339999999685460e+03 6.678514480590820312e-01 1.934171654284000397e-02
5.367819999999685024e+03 6.606834530830383301e-01 1.921474747359752655e-02
5.369299999999684587e+03 6.544385552406311035e-01 1.909501850605010986e-02
5.370779999999684151e+03 6.474481821060180664e-01 1.897184178233146667e-02
5.372259999999683714e+03 6.647592782974243164e-01 1.927584595978260040e-02
5.373739999999683278e+03 6.830835342407226562e-01 1.954286731779575348e-02
5.375219999999682841e+03 6.576325297355651855e-01 1.921107433736324310e-02
5.376699999999682404e+03 6.653143167495727539e-01 1.928504370152950287e-02
5.378179999999681968e+03 6.460091471672058105e-01 1.903479918837547302e-02
5.379659999999681531e+03 6.187232136726379395e-01 1.873564906418323517e-02
5.381139999999681095e+03 5.914226770401000977e-01 1.822381466627120972e-02
5.382619999999680658e+03 6.133872866630554199e-01 1.857108809053897858e-02
5.384099999999680222e+03 6.025620698928833008e-01 1.843109168112277985e-02
5.385579999999679785e+03 6.445142030715942383e-01 1.896844431757926941e-02
5.387059999999679349e+03 6.320986747741699219e-01 1.880459673702716827e-02
5.388539999999678912e+03 6.019725203514099121e-01 1.840617507696151733e-02
5.390019999999678475e+03 6.137124300003051758e-01 1.854429207742214203e-02
5.391499999999678039e+03 6.481064558029174805e-01 1.900306716561317444e-02
5.392979999999677602e+03 6.335685849189758301e-01 1.873472891747951508e-02
5.394459999999677166e+03 6.353788375854492188e-01 1.882687583565711975e-02
5.395939999999676729e+03 6.254225373268127441e-01 1.864547096192836761e-02
5.397419999999676293e+03 6.463369131088256836e-01 1.893489994108676910e-02
5.398899999999675856e+03 6.286293268203735352e-01 1.867575198411941528e-02
5.400379999999675420e+03 6.066389679908752441e-01 1.841582544147968292e-02
5.401859999999674983e+03 6.398065090179443359e-01 1.891365833580493927e-02
5.403339999999674546e+03 6.552869081497192383e-01 1.905302330851554871e-02
5.404819999999674110e+03 6.267013549804687500e-01 1.865645311772823334e-02
5.406299999999673673e+03 6.222162246704101562e-01 1.862242445349693298e-02
5.407779999999673237e+03 6.356517672538757324e-01 1.874759979546070099e-02
5.409259999999672800e+03 6.001251339912414551e-01 1.831651479005813599e-02
5.410739999999672364e+03 6.486543416976928711e-01 1.898185536265373230e-02
5.412219999999671927e+03 6.077194213867187500e-01 1.838486455380916595e-02
5.413699999999671491e+03 6.352123618125915527e-01 1.878540962934494019e-02
5.415179999999671054e+03 6.389200687408447266e-01 1.885887794196605682e-02
5.416659999999670617e+03 6.174967885017395020e-01 1.852111704647541046e-02
5.418139999999670181e+03 6.626266837120056152e-01 1.910790242254734039e-02
5.419619999999669744e+03 6.395576000213623047e-01 1.884995587170124054e-02
5.421099999999669308e+03 6.391908526420593262e-01 1.875308342278003693e-02
5.422579999999668871e+03 6.714843511581420898e-01 1.921402476727962494e-02
5.424059999999668435e+03 6.363431215286254883e-01 1.878485642373561859e-02
5.425539999999667998e+03 6.141711473464965820e-01 1.845661737024784088e-02
5.427019999999667561e+03 6.255533099174499512e-01 1.861353777348995209e-02
5.428499999999667125e+03 6.386231780052185059e-01 1.878565549850463867e-02
5.429979999999666688e+03 6.372261047363281250e-01 1.875545457005500793e-02
5.431459999999666252e+03 6.349568963050842285e-01 1.867611333727836609e-02
5.432939999999665815e+03 6.110452413558959961e-01 1.838075555860996246e-02
5.434419999999665379e+03 6.270549297332763672e-01 1.858828775584697723e-02
5.435899999999664942e+03 6.156376004219055176e-01 1.852764561772346497e-02
5.437379999999664506e+03 6.162289977073669434e-01 1.845903135836124420e-02
5.438859999999664069e+03 6.534910798072814941e-01 1.897667907178401947e-02
5.440339999999663632e+03 6.387595534324645996e-01 1.875654980540275574e-02
5.441819999999663196e+03 6.011623144149780273e-01 1.830278523266315460e-02
5.443299999999662759e+03 6.122024059295654297e-01 1.839880459010601044e-02
5.444779999999662323e+03 6.285631656646728516e-01 1.848977617919445038e-02
5.446259999999661886e+03 6.032044291496276855e-01 1.818407326936721802e-02
5.447739999999661450e+03 6.251549720764160156e-01 1.854432746767997742e-02
5.449219999999661013e+03 6.283826828002929688e-01 1.850166544318199158e-02
5.450699999999660577e+03 6.226601600646972656e-01 1.853994838893413544e-02
5.452179999999660140e+03 6.224638223648071289e-01 1.863493025302886963e-02
5.453659999999659703e+03 6.387258172035217285e-01 1.855309493839740753e-02
5.455139999999659267e+03 6.069329380989074707e-01 1.827308908104896545e-02
5.456619999999658830e+03 6.070132255554199219e-01 1.833769120275974274e-02
5.458099999999658394e+03 5.757088065147399902e-01 1.795353740453720093e-02
5.459579999999657957e+03 5.906073451042175293e-01 1.816294714808464050e-02
5.461059999999657521e+03 6.130842566490173340e-01 1.851435750722885132e-02
5.462539999999657084e+03 6.078485846519470215e-01 1.829751022160053253e-02
5.464019999999656648e+03 6.357405185699462891e-01 1.860058680176734924e-02
5.465499999999656211e+03 6.124517321586608887e-01 1.835133694112300873e-02
5.466979999999655774e+03 5.921575427055358887e-01 1.809524558484554291e-02
5.468459999999655338e+03 5.904799699783325195e-01 1.802813261747360229e-02
5.469939999999654901e+03 6.094933152198791504e-01 1.829121634364128113e-02
5.471419999999654465e+03 6.093713045120239258e-01 1.824679411947727203e-02
5.472899999999654028e+03 6.056684851646423340e-01 1.816506683826446533e-02
5.474379999999653592e+03 6.166634559631347656e-01 1.830736175179481506e-02
5.475859999999653155e+03 6.169638633728027344e-01 1.829794421792030334e-02
5.477339999999652719e+03 5.941761732101440430e-01 1.801941916346549988e-02
5.478819999999652282e+03 6.057780981063842773e-01 1.817555166780948639e-02
5.480299999999651845e+03 6.032961606979370117e-01 1.851648092269897461e-02
5.481779999999651409e+03 6.179090142250061035e-01 1.888128183782100677e-02
5.483259999999650972e+03 6.551902294158935547e-01 1.890104264020919800e-02
5.484739999999650536e+03 6.257649660110473633e-01 1.849668100476264954e-02
5.486219999999650099e+03 6.051133275032043457e-01 1.825006864964962006e-02
5.487699999999649663e+03 6.076264381408691406e-01 1.824633777141571045e-02
5.489179999999649226e+03 6.189216971397399902e-01 1.842996291816234589e-02
5.490659999999648790e+03 6.192133426666259766e-01 1.840672083199024200e-02
5.492139999999648353e+03 5.987373590469360352e-01 1.816084794700145721e-02
5.493619999999647916e+03 6.175600886344909668e-01 1.835336908698081970e-02
5.495099999999647480e+03 5.908516645431518555e-01 1.797021552920341492e-02
5.496579999999647043e+03 6.017962694168090820e-01 1.812016777694225311e-02
5.498059999999646607e+03 6.278095841407775879e-01 1.852016150951385498e-02
5.499539999999646170e+03 5.843480229377746582e-01 1.785705424845218658e-02
5.501019999999645734e+03 5.986197590827941895e-01 1.811286807060241699e-02
5.502499999999645297e+03 5.840412974357604980e-01 1.789910905063152313e-02
5.503979999999644861e+03 6.064515709877014160e-01 1.820953004062175751e-02
5.505459999999644424e+03 6.253159046173095703e-01 1.839208975434303284e-02
5.506939999999643987e+03 6.385466456413269043e-01 1.864098571240901947e-02
5.508419999999643551e+03 6.242106556892395020e-01 1.844494789838790894e-02
5.509899999999643114e+03 5.971167087554931641e-01 1.807203330099582672e-02
5.511379999999642678e+03 5.938509106636047363e-01 1.794642582535743713e-02
5.512859999999642241e+03 5.940456986427307129e-01 1.802158914506435394e-02
5.514339999999641805e+03 5.875925421714782715e-01 1.788396388292312622e-02
5.515819999999641368e+03 5.803415775299072266e-01 1.783527992665767670e-02
5.517299999999640931e+03 6.434240937232971191e-01 1.871063560247421265e-02
5.518779999999640495e+03 5.870094299316406250e-01 1.798793114721775055e-02
5.520259999999640058e+03 5.841113924980163574e-01 1.780851930379867554e-02
5.521739999999639622e+03 6.032764911651611328e-01 1.813408918678760529e-02
5.523219999999639185e+03 5.847777128219604492e-01 1.790115609765052795e-02
5.524699999999638749e+03 6.176847219467163086e-01 1.830176077783107758e-02
5.526179999999638312e+03 6.064400076866149902e-01 1.816990785300731659e-02
5.527659999999637876e+03 5.888445973396301270e-01 1.786665990948677063e-02
5.529139999999637439e+03 6.182301640510559082e-01 1.827452145516872406e-02
5.530619999999637002e+03 5.927523374557495117e-01 1.800444163382053375e-02
5.532099999999636566e+03 5.832139849662780762e-01 1.784068532288074493e-02
5.533579999999636129e+03 6.154744029045104980e-01 1.825899630784988403e-02
5.535059999999635693e+03 6.079369783401489258e-01 1.812724396586418152e-02
5.536539999999635256e+03 5.770750045776367188e-01 1.774364337325096130e-02
5.538019999999634820e+03 5.992277264595031738e-01 1.797283999621868134e-02
5.539499999999634383e+03 6.572837829589843750e-01 1.885585300624370575e-02
5.540979999999633947e+03 6.490015387535095215e-01 1.883621327579021454e-02
5.542459999999633510e+03 6.345673799514770508e-01 1.870356500148773193e-02
5.543939999999633073e+03 6.112462282180786133e-01 1.841432414948940277e-02
5.545419999999632637e+03 6.019875407218933105e-01 1.815553382039070129e-02
5.546899999999632200e+03 6.042003631591796875e-01 1.810703426599502563e-02
5.548379999999631764e+03 5.593081712722778320e-01 1.761339791119098663e-02
5.549859999999631327e+03 5.797835588455200195e-01 1.784969493746757507e-02
5.551339999999630891e+03 6.139132976531982422e-01 1.821894571185112000e-02
5.552819999999630454e+03 5.626035928726196289e-01 1.751766912639141083e-02
5.554299999999630018e+03 5.847684144973754883e-01 1.784480549395084381e-02
5.555779999999629581e+03 5.890132188796997070e-01 1.784721016883850098e-02
5.557259999999629144e+03 5.734376907348632812e-01 1.766160875558853149e-02
5.558739999999628708e+03 6.060290336608886719e-01 1.813081279397010803e-02
5.560219999999628271e+03 6.220945715904235840e-01 1.830596476793289185e-02
5.561699999999627835e+03 6.469547748565673828e-01 1.880553737282752991e-02
5.563179999999627398e+03 6.301376819610595703e-01 1.882735453546047211e-02
5.564659999999626962e+03 5.944483280181884766e-01 1.814712956547737122e-02
5.566139999999626525e+03 5.643365383148193359e-01 1.755619235336780548e-02
5.567619999999626089e+03 5.552953481674194336e-01 1.748105511069297791e-02
5.569099999999625652e+03 5.849816799163818359e-01 1.799280010163784027e-02
5.570579999999625215e+03 6.099715232849121094e-01 1.817330345511436462e-02
5.572059999999624779e+03 6.116135120391845703e-01 1.811881549656391144e-02
5.573539999999624342e+03 5.476080179214477539e-01 1.807189360260963440e-02
5.575019999999623906e+03 5.570692420005798340e-01 3.113764338195323944e-02
5.576499999999623469e+03 7.086671590805053711e-01 3.970742970705032349e-02
5.577979999999623033e+03 6.015895605087280273e-01 3.346047550439834595e-02
5.579459999999622596e+03 5.268586874008178711e-01 1.933044195175170898e-02
5.580939999999622160e+03 6.074361205101013184e-01 1.793552935123443604e-02
5.582419999999621723e+03 5.930302143096923828e-01 1.788127049803733826e-02
5.583899999999621286e+03 6.108335852622985840e-01 1.808793656527996063e-02
5.585379999999620850e+03 6.177176833152770996e-01 1.811805553734302521e-02
5.586859999999620413e+03 6.046321392059326172e-01 1.818324811756610870e-02
5.588339999999619977e+03 6.113180518150329590e-01 1.833390817046165466e-02
5.589819999999619540e+03 6.067699790000915527e-01 1.824985630810260773e-02
5.591299999999619104e+03 5.904710292816162109e-01 1.779844611883163452e-02
5.592779999999618667e+03 5.973410010337829590e-01 1.791869662702083588e-02
5.594259999999618231e+03 6.062020659446716309e-01 1.797253452241420746e-02
5.595739999999617794e+03 6.162924766540527344e-01 1.823183707892894745e-02
5.597219999999617357e+03 5.836675167083740234e-01 1.779554411768913269e-02
5.598699999999616921e+03 5.912014842033386230e-01 1.782787591218948364e-02
5.600179999999616484e+03 5.596787929534912109e-01 1.740844920277595520e-02
5.601659999999616048e+03 5.764694213867187500e-01 1.762689650058746338e-02
5.603139999999615611e+03 5.800924301147460938e-01 1.793032884597778320e-02
5.604619999999615175e+03 5.908936262130737305e-01 1.827337779104709625e-02
5.606099999999614738e+03 5.965012311935424805e-01 1.821606419980525970e-02
5.607579999999614301e+03 6.024138927459716797e-01 1.798676885664463043e-02
5.609059999999613865e+03 5.778800845146179199e-01 1.770990900695323944e-02
5.610539999999613428e+03 5.749998688697814941e-01 1.764156110584735870e-02
5.612019999999612992e+03 5.741940736770629883e-01 1.760464347898960114e-02
5.613499999999612555e+03 5.936576724052429199e-01 1.777887716889381409e-02
5.614979999999612119e+03 5.920600891113281250e-01 1.790854521095752716e-02
5.616459999999611682e+03 5.868047475814819336e-01 1.784743927419185638e-02
5.617939999999611246e+03 5.774082541465759277e-01 1.761214435100555420e-02
5.619419999999610809e+03 5.640501976013183594e-01 1.750249788165092468e-02
5.620899999999610372e+03 5.982705354690551758e-01 1.797250658273696899e-02
5.622379999999609936e+03 5.730435848236083984e-01 1.782440394163131714e-02
5.623859999999609499e+03 5.707597732543945312e-01 1.778266951441764832e-02
5.625339999999609063e+03 5.708293318748474121e-01 1.759906671941280365e-02
5.626819999999608626e+03 5.549166798591613770e-01 1.731959730386734009e-02
5.628299999999608190e+03 5.744509100914001465e-01 1.757477410137653351e-02
5.629779999999607753e+03 5.788003802299499512e-01 1.768667995929718018e-02
5.631259999999607317e+03 6.064715981483459473e-01 1.801265589892864227e-02
5.632739999999606880e+03 5.854405760765075684e-01 1.770789548754692078e-02
5.634219999999606443e+03 5.497083067893981934e-01 1.724875159561634064e-02
5.635699999999606007e+03 5.791722536087036133e-01 1.759147457778453827e-02
5.637179999999605570e+03 5.839148163795471191e-01 1.766055449843406677e-02
5.638659999999605134e+03 5.596513748168945312e-01 1.740987226366996765e-02
5.640139999999604697e+03 5.970535278320312500e-01 1.783969625830650330e-02
5.641619999999604261e+03 6.083979606628417969e-01 1.797809079289436340e-02
5.643099999999603824e+03 5.781478881835937500e-01 1.767091080546379089e-02
5.644579999999603388e+03 5.504311323165893555e-01 1.739259622991085052e-02
5.646059999999602951e+03 5.816465020179748535e-01 1.772131025791168213e-02
5.647539999999602514e+03 5.854088068008422852e-01 1.763894595205783844e-02
5.649019999999602078e+03 5.719723105430603027e-01 1.746195740997791290e-02
5.650499999999601641e+03 5.710610151290893555e-01 1.745847612619400024e-02
5.651979999999601205e+03 5.660912394523620605e-01 1.736457459628582001e-02
5.653459999999600768e+03 5.804325342178344727e-01 1.752925477921962738e-02
5.654939999999600332e+03 5.675612688064575195e-01 1.739128120243549347e-02
5.656419999999599895e+03 5.884215831756591797e-01 2.123550325632095337e-02
5.657899999999599459e+03 6.045944094657897949e-01 3.082451783120632172e-02
5.659379999999599022e+03 5.675147175788879395e-01 2.710795961320400238e-02
5.660859999999598585e+03 5.595902204513549805e-01 1.720623485743999481e-02
5.662339999999598149e+03 5.658068060874938965e-01 1.730201579630374908e-02
5.663819999999597712e+03 5.908567905426025391e-01 1.776502840220928192e-02
5.665299999999597276e+03 5.710900425910949707e-01 1.744945906102657318e-02
5.666779999999596839e+03 5.805675387382507324e-01 1.759008690714836121e-02
5.668259999999596403e+03 5.934956669807434082e-01 1.782829686999320984e-02
5.669739999999595966e+03 5.742902159690856934e-01 1.755861937999725342e-02
5.671219999999595530e+03 5.724594593048095703e-01 1.749053038656711578e-02
5.672699999999595093e+03 5.622796416282653809e-01 1.733873784542083740e-02
5.674179999999594656e+03 5.886052250862121582e-01 1.768671907484531403e-02
5.675659999999594220e+03 5.693355202674865723e-01 1.743249408900737762e-02
5.677139999999593783e+03 5.482621788978576660e-01 1.714361645281314850e-02
5.678619999999593347e+03 5.717687606811523438e-01 1.747189648449420929e-02
5.680099999999592910e+03 5.954276919364929199e-01 1.778821274638175964e-02
5.681579999999592474e+03 5.806863903999328613e-01 1.759796217083930969e-02
5.683059999999592037e+03 5.566206574440002441e-01 1.725181750953197479e-02
5.684539999999591600e+03 5.628283023834228516e-01 1.737378165125846863e-02
5.686019999999591164e+03 5.750327706336975098e-01 1.751472800970077515e-02
5.687499999999590727e+03 5.444586873054504395e-01 1.709221675992012024e-02
5.688979999999590291e+03 5.610845088958740234e-01 1.742247305810451508e-02
5.690459999999589854e+03 5.559042692184448242e-01 1.735514029860496521e-02
5.691939999999589418e+03 5.358819365501403809e-01 1.699874363839626312e-02
5.693419999999588981e+03 5.766749978065490723e-01 1.759666018187999725e-02
5.694899999999588545e+03 5.569180250167846680e-01 1.736652851104736328e-02
5.696379999999588108e+03 5.557222962379455566e-01 1.728564500808715820e-02
5.697859999999587671e+03 5.738514065742492676e-01 1.757304929196834564e-02
5.699339999999587235e+03 5.554916262626647949e-01 1.728396117687225342e-02
5.700819999999586798e+03 5.561537742614746094e-01 1.730530336499214172e-02
5.702299999999586362e+03 5.794019699096679688e-01 1.755836792290210724e-02
5.703779999999585925e+03 5.608269572257995605e-01 1.735784858465194702e-02
5.705259999999585489e+03 5.516733527183532715e-01 1.728502660989761353e-02
5.706739999999585052e+03 5.708624720573425293e-01 1.746230386197566986e-02
5.708219999999584616e+03 5.709962844848632812e-01 1.743944734334945679e-02
5.709699999999584179e+03 5.533234477043151855e-01 1.721205934882164001e-02
5.711179999999583742e+03 5.403695106506347656e-01 1.703953184187412262e-02
5.712659999999583306e+03 5.516005158424377441e-01 1.722709275782108307e-02
5.714139999999582869e+03 5.558744668960571289e-01 1.723807677626609802e-02
5.715619999999582433e+03 5.610565543174743652e-01 1.733226142823696136e-02
5.717099999999581996e+03 5.624509453773498535e-01 1.735031791031360626e-02
5.718579999999581560e+03 5.481804609298706055e-01 1.717461086809635162e-02
5.720059999999581123e+03 5.683099627494812012e-01 1.744505763053894043e-02
5.721539999999580687e+03 5.659723877906799316e-01 1.744771935045719147e-02
5.723019999999580250e+03 5.443065166473388672e-01 1.710613444447517395e-02
5.724499999999579813e+03 5.771059393882751465e-01 1.756931468844413757e-02
5.725979999999579377e+03 5.612784624099731445e-01 1.732077077031135559e-02
5.727459999999578940e+03 5.782672166824340820e-01 1.756419613957405090e-02
5.728939999999578504e+03 5.537449121475219727e-01 1.725477166473865509e-02
5.730419999999578067e+03 5.612251758575439453e-01 1.733450405299663544e-02
5.731899999999577631e+03 5.416909456253051758e-01 1.695653423666954041e-02
5.733379999999577194e+03 5.411847829818725586e-01 1.700346358120441437e-02
5.734859999999576758e+03 5.556568503379821777e-01 1.725954934954643250e-02
5.736339999999576321e+03 5.518181920051574707e-01 1.718383654952049255e-02
5.737819999999575884e+03 5.347733497619628906e-01 1.692627742886543274e-02
5.739299999999575448e+03 5.586621761322021484e-01 1.723257265985012054e-02
5.740779999999575011e+03 5.597862005233764648e-01 1.729245297610759735e-02
5.742259999999574575e+03 5.683417916297912598e-01 1.739311590790748596e-02
5.743739999999574138e+03 5.667270421981811523e-01 1.735311746597290039e-02
5.745219999999573702e+03 5.572102069854736328e-01 1.721240021288394928e-02
5.746699999999573265e+03 5.746621489524841309e-01 1.744786836206912994e-02
5.748179999999572829e+03 5.678591132164001465e-01 1.737842522561550140e-02
5.749659999999572392e+03 5.316670536994934082e-01 1.683827862143516541e-02
5.751139999999571955e+03 5.322160124778747559e-01 1.685825921595096588e-02
5.752619999999571519e+03 5.390202999114990234e-01 1.691809296607971191e-02
5.754099999999571082e+03 5.359854698181152344e-01 1.690001785755157471e-02
5.755579999999570646e+03 5.338959693908691406e-01 1.694759540259838104e-02
5.757059999999570209e+03 5.512983798980712891e-01 1.714552380144596100e-02
5.758539999999569773e+03 5.656862854957580566e-01 1.734705828130245209e-02
5.760019999999569336e+03 5.509480237960815430e-01 1.710093393921852112e-02
5.761499999999568900e+03 5.355886816978454590e-01 1.685500703752040863e-02
5.762979999999568463e+03 5.575135350227355957e-01 1.710408180952072144e-02
5.764459999999568026e+03 5.599300861358642578e-01 1.725320890545845032e-02
5.765939999999567590e+03 5.356356501579284668e-01 1.697433181107044220e-02
5.767419999999567153e+03 5.391774773597717285e-01 1.695428416132926941e-02
5.768899999999566717e+03 5.575244426727294922e-01 1.721485704183578491e-02
5.770379999999566280e+03 5.581457018852233887e-01 1.724746637046337128e-02
5.771859999999565844e+03 5.662146806716918945e-01 1.732262969017028809e-02
5.773339999999565407e+03 5.518907904624938965e-01 1.704389229416847229e-02
5.774819999999564970e+03 5.499781370162963867e-01 1.708100736141204834e-02
5.776299999999564534e+03 5.408762097358703613e-01 1.696966961026191711e-02
5.777779999999564097e+03 5.179636478424072266e-01 1.664482057094573975e-02
5.779259999999563661e+03 5.560799837112426758e-01 1.712013594806194305e-02
5.780739999999563224e+03 5.671052932739257812e-01 1.722600124776363373e-02
5.782219999999562788e+03 5.563548803329467773e-01 1.707430928945541382e-02
5.783699999999562351e+03 5.337265133857727051e-01 1.683893613517284393e-02
5.785179999999561915e+03 5.553872585296630859e-01 1.713001355528831482e-02
5.786659999999561478e+03 5.499278306961059570e-01 1.701335236430168152e-02
5.788139999999561041e+03 5.207499265670776367e-01 1.659349724650382996e-02
5.789619999999560605e+03 5.238787531852722168e-01 1.663960888981819153e-02
5.791099999999560168e+03 5.535460710525512695e-01 1.703725196421146393e-02
5.792579999999559732e+03 5.525159835815429688e-01 1.703724451363086700e-02
5.794059999999559295e+03 5.434720516204833984e-01 1.693144813179969788e-02
5.795539999999558859e+03 5.547602176666259766e-01 1.706903241574764252e-02
5.797019999999558422e+03 5.500902533531188965e-01 1.700482517480850220e-02
5.798499999999557986e+03 5.539739727973937988e-01 1.702165231108665466e-02
5.799979999999557549e+03 5.638762116432189941e-01 1.718665286898612976e-02
5.801459999999557112e+03 5.560852885246276855e-01 1.714266836643218994e-02
5.802939999999556676e+03 5.510470867156982422e-01 1.698303595185279846e-02
5.804419999999556239e+03 5.512450933456420898e-01 1.697547733783721924e-02
5.805899999999555803e+03 5.462827086448669434e-01 1.687292382121086121e-02
5.807379999999555366e+03 5.545405745506286621e-01 1.702078431844711304e-02
5.808859999999554930e+03 5.533866882324218750e-01 1.703950203955173492e-02
5.810339999999554493e+03 5.466052889823913574e-01 1.686492003500461578e-02
5.811819999999554057e+03 5.258793830871582031e-01 1.658533327281475067e-02
5.813299999999553620e+03 5.147858262062072754e-01 1.646266132593154907e-02
5.814779999999553183e+03 5.594107508659362793e-01 1.706265285611152649e-02
5.816259999999552747e+03 5.577775239944458008e-01 1.699822209775447845e-02
5.817739999999552310e+03 5.402784347534179688e-01 1.682312600314617157e-02
5.819219999999551874e+03 5.276379585266113281e-01 1.663814298808574677e-02
5.820699999999551437e+03 5.450626611709594727e-01 1.692300476133823395e-02
5.822179999999551001e+03 5.418125987052917480e-01 1.687109097838401794e-02
5.823659999999550564e+03 5.396329164505004883e-01 1.682006940245628357e-02
5.825139999999550128e+03 5.776764154434204102e-01 1.730165258049964905e-02
5.826619999999549691e+03 5.569407939910888672e-01 1.708684116601943970e-02
5.828099999999549254e+03 5.370365381240844727e-01 1.676536723971366882e-02
5.829579999999548818e+03 5.387654304504394531e-01 1.679562404751777649e-02
5.831059999999548381e+03 5.446624755859375000e-01 1.686722971498966217e-02
5.832539999999547945e+03 5.677021741867065430e-01 1.719481125473976135e-02
5.834019999999547508e+03 5.673334598541259766e-01 1.721442304551601410e-02
5.835499999999547072e+03 5.448914170265197754e-01 1.679759845137596130e-02
5.836979999999546635e+03 5.311336517333984375e-01 1.664803549647331238e-02
5.838459999999546199e+03 5.232517719268798828e-01 1.652198284864425659e-02
5.839939999999545762e+03 5.479965806007385254e-01 1.683110743761062622e-02
5.841419999999545325e+03 5.275068879127502441e-01 1.660256460309028625e-02
5.842899999999544889e+03 5.226517915725708008e-01 1.653687283396720886e-02
5.844379999999544452e+03 5.663012266159057617e-01 1.712551154196262360e-02
5.845859999999544016e+03 5.533403754234313965e-01 1.692951843142509460e-02
5.847339999999543579e+03 5.249118804931640625e-01 1.656178012490272522e-02
5.848819999999543143e+03 5.317416191101074219e-01 1.666569523513317108e-02
5.850299999999542706e+03 5.385085940361022949e-01 1.672033406794071198e-02
5.851779999999542270e+03 5.262135267257690430e-01 1.654635369777679443e-02
5.853259999999541833e+03 5.538113117218017578e-01 1.689898408949375153e-02
5.854739999999541396e+03 5.692111849784851074e-01 1.705641299486160278e-02
5.856219999999540960e+03 5.344107151031494141e-01 1.660524494946002960e-02
5.857699999999540523e+03 5.430510640144348145e-01 1.672065071761608124e-02
5.859179999999540087e+03 5.407480001449584961e-01 1.668741367757320404e-02
5.860659999999539650e+03 5.453582406044006348e-01 1.673798821866512299e-02
5.862139999999539214e+03 5.519190430641174316e-01 1.689090393483638763e-02
5.863619999999538777e+03 5.370243191719055176e-01 1.704501360654830933e-02
5.865099999999538340e+03 5.427496433258056641e-01 1.761604286730289459e-02
5.866579999999537904e+03 5.240801572799682617e-01 1.756910048425197601e-02
5.868059999999537467e+03 5.278292894363403320e-01 1.731913909316062927e-02
5.869539999999537031e+03 5.591033101081848145e-01 1.726116053760051727e-02
5.871019999999536594e+03 5.667183399200439453e-01 1.720664650201797485e-02
5.872499999999536158e+03 5.556062459945678711e-01 1.709689013659954071e-02
5.873979999999535721e+03 5.790185332298278809e-01 1.740483194589614868e-02
5.875459999999535285e+03 5.614414215087890625e-01 1.709696277976036072e-02
5.876939999999534848e+03 5.204888582229614258e-01 1.647850312292575836e-02
5.878419999999534411e+03 5.153609514236450195e-01 1.641988754272460938e-02
5.879899999999533975e+03 5.453307032585144043e-01 1.676408387720584869e-02
5.881379999999533538e+03 5.411277413368225098e-01 1.667181588709354401e-02
5.882859999999533102e+03 5.443187355995178223e-01 1.676993072032928467e-02
5.884339999999532665e+03 5.414982438087463379e-01 1.681988500058650970e-02
5.885819999999532229e+03 5.145847797393798828e-01 1.682361587882041931e-02
5.887299999999531792e+03 5.193130373954772949e-01 1.874479278922080994e-02
5.888779999999531356e+03 4.969145655632019043e-01 1.988115161657333374e-02
5.890259999999530919e+03 5.213533639907836914e-01 1.931055821478366852e-02
5.891739999999530482e+03 5.411143898963928223e-01 1.755112223327159882e-02
5.893219999999530046e+03 5.020292997360229492e-01 1.694666780531406403e-02
5.894699999999529609e+03 5.155479907989501953e-01 1.814334653317928314e-02
5.896179999999529173e+03 5.219849348068237305e-01 1.759984344244003296e-02
5.897659999999528736e+03 6.038988828659057617e-01 1.793300360441207886e-02
5.899139999999528300e+03 1.616181731224060059e+00 2.765968814492225647e-02
5.900619999999527863e+03 2.451226711273193359e+00 3.386006876826286316e-02
5.902099999999527427e+03 1.730494976043701172e+00 2.868025936186313629e-02
5.903579999999526990e+03 6.046466827392578125e-01 1.778558641672134399e-02
5.905059999999526553e+03 5.210232138633728027e-01 1.674118451774120331e-02
5.906539999999526117e+03 5.590924024581909180e-01 1.721868664026260376e-02
5.908019999999525680e+03 5.124872326850891113e-01 1.650936901569366455e-02
5.909499999999525244e+03 5.138874650001525879e-01 1.639125123620033264e-02
5.910979999999524807e+03 5.219851732254028320e-01 1.648696884512901306e-02
5.912459999999524371e+03 5.561473965644836426e-01 1.714943908154964447e-02
5.913939999999523934e+03 5.329673886299133301e-01 1.761047542095184326e-02
5.915419999999523498e+03 4.921291470527648926e-01 1.708785444498062134e-02
5.916899999999523061e+03 5.225412845611572266e-01 1.687539555132389069e-02
5.918379999999522624e+03 5.345835685729980469e-01 1.659974455833435059e-02
5.919859999999522188e+03 5.163900256156921387e-01 1.640878617763519287e-02
5.921339999999521751e+03 4.902636706829071045e-01 1.607078500092029572e-02
5.922819999999521315e+03 4.925839900970458984e-01 1.639047265052795410e-02
5.924299999999520878e+03 5.269364118576049805e-01 1.703297160565853119e-02
5.925779999999520442e+03 5.230563282966613770e-01 1.673159189522266388e-02
5.927259999999520005e+03 5.360144972801208496e-01 1.665888912975788116e-02
5.928739999999519569e+03 5.096444487571716309e-01 1.628466695547103882e-02
5.930219999999519132e+03 5.380297899246215820e-01 1.698714680969715118e-02
5.931699999999518695e+03 5.360904335975646973e-01 1.779678463935852051e-02
5.933179999999518259e+03 5.646575689315795898e-01 1.807803660631179810e-02
5.934659999999517822e+03 5.411505699157714844e-01 1.701023243367671967e-02
5.936139999999517386e+03 5.629363059997558594e-01 1.695381663739681244e-02
5.937619999999516949e+03 5.203047394752502441e-01 1.912113837897777557e-02
5.939099999999516513e+03 5.249742269515991211e-01 1.660842634737491608e-02
5.940579999999516076e+03 5.131839513778686523e-01 1.626143045723438263e-02
5.942059999999515640e+03 5.128686428070068359e-01 1.628535613417625427e-02
5.943539999999515203e+03 5.022008419036865234e-01 1.630762964487075806e-02
5.945019999999514766e+03 5.155773758888244629e-01 1.671184971928596497e-02
5.946499999999514330e+03 5.271227359771728516e-01 1.678042672574520111e-02
5.947979999999513893e+03 5.300035476684570312e-01 1.657033711671829224e-02
5.949459999999513457e+03 5.304999947547912598e-01 1.653900183737277985e-02
5.950939999999513020e+03 5.031309723854064941e-01 1.657811179757118225e-02
5.952419999999512584e+03 5.260297060012817383e-01 1.739832945168018341e-02
5.953899999999512147e+03 5.149477720260620117e-01 1.716624945402145386e-02
5.955379999999511710e+03 4.919992685317993164e-01 1.625631190836429596e-02
5.956859999999511274e+03 5.123184323310852051e-01 1.625439710915088654e-02
5.958339999999510837e+03 5.047801733016967773e-01 1.611065119504928589e-02
5.959819999999510401e+03 4.987556338310241699e-01 1.606166549026966095e-02
5.961299999999509964e+03 4.743413925170898438e-01 1.576445624232292175e-02
5.962779999999509528e+03 4.905514121055603027e-01 1.600629277527332306e-02
5.964259999999509091e+03 5.145119428634643555e-01 1.635208912193775177e-02
5.965739999999508655e+03 5.006388425827026367e-01 1.616537012159824371e-02
5.967219999999508218e+03 5.130475759506225586e-01 1.630282774567604065e-02
5.968699999999507781e+03 4.997540712356567383e-01 1.631279103457927704e-02
5.970179999999507345e+03 4.900165796279907227e-01 1.627864316105842590e-02
5.971659999999506908e+03 5.267730951309204102e-01 1.660134643316268921e-02
5.973139999999506472e+03 5.168716907501220703e-01 1.634093932807445526e-02
5.974619999999506035e+03 4.995614886283874512e-01 1.631747744977474213e-02
5.976099999999505599e+03 5.261385440826416016e-01 1.697399094700813293e-02
5.977579999999505162e+03 5.245240330696105957e-01 1.695765927433967590e-02
5.979059999999504726e+03 4.991088807582855225e-01 1.617435552179813385e-02
5.980539999999504289e+03 5.155999660491943359e-01 1.625487022101879120e-02
5.982019999999503852e+03 5.366889834403991699e-01 1.653475686907768250e-02
5.983499999999503416e+03 5.282828211784362793e-01 1.642000675201416016e-02
5.984979999999502979e+03 5.387621521949768066e-01 1.653830148279666901e-02
5.986459999999502543e+03 5.230226516723632812e-01 1.628450676798820496e-02
5.987939999999502106e+03 4.914842545986175537e-01 1.591755449771881104e-02
5.989419999999501670e+03 4.898155629634857178e-01 1.587857492268085480e-02
5.990899999999501233e+03 5.039059519767761230e-01 1.603508926928043365e-02
5.992379999999500797e+03 5.124800801277160645e-01 1.616572402417659760e-02
5.993859999999500360e+03 5.013216137886047363e-01 1.603530906140804291e-02
5.995339999999499923e+03 5.055675506591796875e-01 1.612731069326400757e-02
5.996819999999499487e+03 4.942578971385955811e-01 1.603441312909126282e-02
5.998299999999499050e+03 4.676744043827056885e-01 1.560418028384447098e-02
5.999779999999498614e+03 5.226854681968688965e-01 1.628613658249378204e-02
6.001259999999498177e+03 5.170434713363647461e-01 1.633977703750133514e-02
6.002739999999497741e+03 4.918586015701293945e-01 1.618630066514015198e-02
6.004219999999497304e+03 5.334359407424926758e-01 1.671231351792812347e-02
6.005699999999496868e+03 5.430591702461242676e-01 1.662365905940532684e-02
6.007179999999496431e+03 5.295565724372863770e-01 1.627033390104770660e-02
6.008659999999495994e+03 5.307302474975585938e-01 1.633756607770919800e-02
6.010139999999495558e+03 5.024191737174987793e-01 1.608109101653099060e-02
6.011619999999495121e+03 5.025402903556823730e-01 1.603573560714721680e-02
6.013099999999494685e+03 5.314280986785888672e-01 1.637998968362808228e-02
6.014579999999494248e+03 5.035770535469055176e-01 1.599309965968132019e-02
6.016059999999493812e+03 5.291883349418640137e-01 1.634488627314567566e-02
6.017539999999493375e+03 4.947918355464935303e-01 1.584167219698429108e-02
6.019019999999492939e+03 5.212082862854003906e-01 1.620117202401161194e-02
6.020499999999492502e+03 5.141490697860717773e-01 1.616465114057064056e-02
6.021979999999492065e+03 4.890495538711547852e-01 1.579106040298938751e-02
6.023459999999491629e+03 4.892265200614929199e-01 1.577208563685417175e-02
6.024939999999491192e+03 4.822116196155548096e-01 1.569502428174018860e-02
6.026419999999490756e+03 4.923488497734069824e-01 1.589376665651798248e-02
6.027899999999490319e+03 4.979512095451354980e-01 1.599761098623275757e-02
6.029379999999489883e+03 4.876943230628967285e-01 1.583163812756538391e-02
6.030859999999489446e+03 5.046927928924560547e-01 1.596820913255214691e-02
6.032339999999489009e+03 4.806531071662902832e-01 1.574616320431232452e-02
6.033819999999488573e+03 4.995827376842498779e-01 1.601500622928142548e-02
6.035299999999488136e+03 4.924475848674774170e-01 1.592389866709709167e-02
6.036779999999487700e+03 5.011547207832336426e-01 1.590450480580329895e-02
6.038259999999487263e+03 5.209293961524963379e-01 1.623833552002906799e-02
6.039739999999486827e+03 4.975604116916656494e-01 1.579632423818111420e-02
6.041219999999486390e+03 4.845204651355743408e-01 1.567183248698711395e-02
6.042699999999485954e+03 4.760953187942504883e-01 1.557315327227115631e-02
6.044179999999485517e+03 4.876020848751068115e-01 1.571543328464031219e-02
6.045659999999485080e+03 4.951412975788116455e-01 1.584615372121334076e-02
6.047139999999484644e+03 4.788596928119659424e-01 1.558537036180496216e-02
6.048619999999484207e+03 5.061507225036621094e-01 1.595594920217990875e-02
6.050099999999483771e+03 5.116223692893981934e-01 1.600162684917449951e-02
6.051579999999483334e+03 4.917382895946502686e-01 1.573286578059196472e-02
6.053059999999482898e+03 4.834834039211273193e-01 1.563576236367225647e-02
6.054539999999482461e+03 5.029791593551635742e-01 1.591938734054565430e-02
6.056019999999482025e+03 4.989278018474578857e-01 1.586946099996566772e-02
6.057499999999481588e+03 5.108502507209777832e-01 1.607367210090160370e-02
6.058979999999481151e+03 5.065720677375793457e-01 1.599238999187946320e-02
6.060459999999480715e+03 4.867339134216308594e-01 1.571348868310451508e-02
6.061939999999480278e+03 5.199249982833862305e-01 1.622829400002956390e-02
6.063419999999479842e+03 5.024070739746093750e-01 1.592469587922096252e-02
6.064899999999479405e+03 5.006689429283142090e-01 1.587866432964801788e-02
6.066379999999478969e+03 5.149114131927490234e-01 1.616412401199340820e-02
6.067859999999478532e+03 4.975113868713378906e-01 1.589361764490604401e-02
6.069339999999478096e+03 4.933036565780639648e-01 1.585409231483936310e-02
6.070819999999477659e+03 5.084666013717651367e-01 1.598435267806053162e-02
6.072299999999477222e+03 5.269474387168884277e-01 1.619749516248703003e-02
6.073779999999476786e+03 5.202753543853759766e-01 1.613330468535423279e-02
6.075259999999476349e+03 5.064105391502380371e-01 1.592393219470977783e-02
6.076739999999475913e+03 4.954360127449035645e-01 1.578433997929096222e-02
6.078219999999475476e+03 4.953947961330413818e-01 1.573342457413673401e-02
6.079699999999475040e+03 5.129162073135375977e-01 1.603073999285697937e-02
6.081179999999474603e+03 5.183593034744262695e-01 1.612415723502635956e-02
6.082659999999474167e+03 4.991781115531921387e-01 1.581254601478576660e-02
6.084139999999473730e+03 5.019539594650268555e-01 1.582817174494266510e-02
6.085619999999473293e+03 5.018492937088012695e-01 1.586949825286865234e-02
6.087099999999472857e+03 4.925935268402099609e-01 1.574532128870487213e-02
6.088579999999472420e+03 4.993873834609985352e-01 1.578893885016441345e-02
6.090059999999471984e+03 4.816424548625946045e-01 1.559364516288042068e-02
6.091539999999471547e+03 4.918482303619384766e-01 1.568306796252727509e-02
6.093019999999471111e+03 4.978935122489929199e-01 1.572872698307037354e-02
6.094499999999470674e+03 4.953667521476745605e-01 1.579811237752437592e-02
6.095979999999470238e+03 5.032175183296203613e-01 1.582966558635234833e-02
6.097459999999469801e+03 5.031276941299438477e-01 1.587639190256595612e-02
6.098939999999469364e+03 5.130998492240905762e-01 1.604331843554973602e-02
6.100419999999468928e+03 4.784275293350219727e-01 1.554155815392732620e-02
6.101899999999468491e+03 4.882285892963409424e-01 1.565898209810256958e-02
6.103379999999468055e+03 4.876116216182708740e-01 1.555856596678495407e-02
6.104859999999467618e+03 5.164953470230102539e-01 1.608385331928730011e-02
6.106339999999467182e+03 4.861490428447723389e-01 1.557036768645048141e-02
6.107819999999466745e+03 4.708555936813354492e-01 1.533999945968389511e-02
6.109299999999466309e+03 5.067065954208374023e-01 1.587296836078166962e-02
6.110779999999465872e+03 5.090991258621215820e-01 1.588346809148788452e-02
6.112259999999465435e+03 4.936387538909912109e-01 1.564409025013446808e-02
6.113739999999464999e+03 4.805130064487457275e-01 1.549570448696613312e-02
6.115219999999464562e+03 4.926226735115051270e-01 1.565989665687084198e-02
6.116699999999464126e+03 4.797866046428680420e-01 1.544989459216594696e-02
6.118179999999463689e+03 4.935588240623474121e-01 1.567258127033710480e-02
6.119659999999463253e+03 4.971656501293182373e-01 1.574127376079559326e-02
6.121139999999462816e+03 4.963082671165466309e-01 1.571150124073028564e-02
6.122619999999462379e+03 5.007048249244689941e-01 1.571328751742839813e-02
6.124099999999461943e+03 4.873863160610198975e-01 1.553987897932529449e-02
6.125579999999461506e+03 4.960637092590332031e-01 1.566774025559425354e-02
6.127059999999461070e+03 5.136702060699462891e-01 1.593230478465557098e-02
6.128539999999460633e+03 4.718432426452636719e-01 1.533060614019632339e-02
6.130019999999460197e+03 4.680640995502471924e-01 1.524872425943613052e-02
6.131499999999459760e+03 4.744176268577575684e-01 1.539390254765748978e-02
6.132979999999459324e+03 4.804415404796600342e-01 1.546030305325984955e-02
6.134459999999458887e+03 5.092436671257019043e-01 1.589070260524749756e-02
6.135939999999458450e+03 4.981754720211029053e-01 1.576554402709007263e-02
6.137419999999458014e+03 4.791236519813537598e-01 1.563150621950626373e-02
6.138899999999457577e+03 4.750857055187225342e-01 1.560608483850955963e-02
6.140379999999457141e+03 4.790026545524597168e-01 1.557326689362525940e-02
6.141859999999456704e+03 4.833500385284423828e-01 1.569327712059020996e-02
6.143339999999456268e+03 4.781597256660461426e-01 1.575881242752075195e-02
6.144819999999455831e+03 5.039011240005493164e-01 1.602866128087043762e-02
6.146299999999455395e+03 4.961701929569244385e-01 1.573777757585048676e-02
6.147779999999454958e+03 4.835409224033355713e-01 1.548697985708713531e-02
6.149259999999454521e+03 4.902012944221496582e-01 1.559857558459043503e-02
6.150739999999454085e+03 4.867052137851715088e-01 1.559059415012598038e-02
6.152219999999453648e+03 4.878656268119812012e-01 1.562827825546264648e-02
6.153699999999453212e+03 4.968697130680084229e-01 1.562532037496566772e-02
6.155179999999452775e+03 4.714040458202362061e-01 1.530568860471248627e-02
6.156659999999452339e+03 4.632893204689025879e-01 1.522179786115884781e-02
6.158139999999451902e+03 4.875137507915496826e-01 1.546034123748540878e-02
6.159619999999451466e+03 4.973111450672149658e-01 1.563581265509128571e-02
6.161099999999451029e+03 4.934482574462890625e-01 1.560858916491270065e-02
6.162579999999450592e+03 4.647996127605438232e-01 1.512642763555049896e-02
6.164059999999450156e+03 4.768710732460021973e-01 1.531495992094278336e-02
6.165539999999449719e+03 4.683299660682678223e-01 1.519503910094499588e-02
6.167019999999449283e+03 4.754423201084136963e-01 1.533385738730430603e-02
6.168499999999448846e+03 4.688388705253601074e-01 1.555003970861434937e-02
6.169979999999448410e+03 4.943594932556152344e-01 1.620521768927574158e-02
6.171459999999447973e+03 4.713708460330963135e-01 1.567917503416538239e-02
6.172939999999447537e+03 4.801123440265655518e-01 1.545498240739107132e-02
6.174419999999447100e+03 5.029954314231872559e-01 1.583315245807170868e-02
6.175899999999446663e+03 4.982666671276092529e-01 1.586604863405227661e-02
6.177379999999446227e+03 4.944393634796142578e-01 1.566529273986816406e-02
6.178859999999445790e+03 5.087103247642517090e-01 1.580433361232280731e-02
6.180339999999445354e+03 4.778255820274353027e-01 1.535597257316112518e-02
6.181819999999444917e+03 4.592391848564147949e-01 1.515668351203203201e-02
6.183299999999444481e+03 4.471633434295654297e-01 1.500209141522645950e-02
6.184779999999444044e+03 4.733955264091491699e-01 1.536875125020742416e-02
6.186259999999443608e+03 4.779440164566040039e-01 1.537290029227733612e-02
6.187739999999443171e+03 4.454288184642791748e-01 1.495105586946010590e-02
6.189219999999442734e+03 4.706152081489562988e-01 1.532174088060855865e-02
6.190699999999442298e+03 4.961443245410919189e-01 1.565535366535186768e-02
6.192179999999441861e+03 4.859448075294494629e-01 1.560440007597208023e-02
6.193659999999441425e+03 4.771936833858489990e-01 1.547863986343145370e-02
6.195139999999440988e+03 4.770548939704895020e-01 1.537419203668832779e-02
6.196619999999440552e+03 4.773278832435607910e-01 1.531007979065179825e-02
6.198099999999440115e+03 4.834847152233123779e-01 1.533797476440668106e-02
6.199579999999439679e+03 4.747863113880157471e-01 1.537725329399108887e-02
6.201059999999439242e+03 4.703896641731262207e-01 1.565686427056789398e-02
6.202539999999438805e+03 4.925980567932128906e-01 1.605913601815700531e-02
6.204019999999438369e+03 4.884500801563262939e-01 1.576566137373447418e-02
6.205499999999437932e+03 4.755068421363830566e-01 1.534033380448818207e-02
6.206979999999437496e+03 4.581470191478729248e-01 1.510196086019277573e-02
6.208459999999437059e+03 4.641390740871429443e-01 1.513900607824325562e-02
6.209939999999436623e+03 4.737673997879028320e-01 1.532853767275810242e-02
6.211419999999436186e+03 4.792187809944152832e-01 1.558108627796173096e-02
6.212899999999435749e+03 5.032625198364257812e-01 1.596895605325698853e-02
6.214379999999435313e+03 4.975416064262390137e-01 1.557735260576009750e-02
6.215859999999434876e+03 4.874133169651031494e-01 1.548824366182088852e-02
6.217339999999434440e+03 4.723635613918304443e-01 1.528285443782806396e-02
6.218819999999434003e+03 4.709214866161346436e-01 1.533306483179330826e-02
6.220299999999433567e+03 4.803418815135955811e-01 1.585469953715801239e-02
6.221779999999433130e+03 5.001782178878784180e-01 1.620876230299472809e-02
6.223259999999432694e+03 4.807476699352264404e-01 1.559015549719333649e-02
6.224739999999432257e+03 5.003769993782043457e-01 1.565703749656677246e-02
6.226219999999431820e+03 4.526638984680175781e-01 1.492906454950571060e-02
6.227699999999431384e+03 4.824855327606201172e-01 1.537700463086366653e-02
6.229179999999430947e+03 4.739787876605987549e-01 1.526348944753408432e-02
6.230659999999430511e+03 4.464676678180694580e-01 1.494580879807472229e-02
6.232139999999430074e+03 4.416562318801879883e-01 1.527631748467683792e-02
6.233619999999429638e+03 4.692322611808776855e-01 1.674692705273628235e-02
6.235099999999429201e+03 5.068296790122985840e-01 1.786559075117111206e-02
6.236579999999428765e+03 4.838598966598510742e-01 1.722954772412776947e-02
6.238059999999428328e+03 4.832094311714172363e-01 1.620179601013660431e-02
6.239539999999427891e+03 4.587255120277404785e-01 1.553619652986526489e-02
6.241019999999427455e+03 4.520688056945800781e-01 1.563510671257972717e-02
6.242499999999427018e+03 4.553088843822479248e-01 1.567354984581470490e-02
6.243979999999426582e+03 4.736679196357727051e-01 1.567295007407665253e-02
6.245459999999426145e+03 4.693732261657714844e-01 1.536074653267860413e-02
6.246939999999425709e+03 4.322273135185241699e-01 1.480211969465017319e-02
6.248419999999425272e+03 4.357319176197052002e-01 1.480685733258724213e-02
6.249899999999424836e+03 4.605717658996582031e-01 1.507153548300266266e-02
6.251379999999424399e+03 4.826491475105285645e-01 1.540056895464658737e-02
6.252859999999423962e+03 4.700288772583007812e-01 1.512192841619253159e-02
6.254339999999423526e+03 4.315391480922698975e-01 1.481295283883810043e-02
6.255819999999423089e+03 4.444475471973419189e-01 1.624960824847221375e-02
6.257299999999422653e+03 4.616249501705169678e-01 1.728463917970657349e-02
6.258779999999422216e+03 4.727538228034973145e-01 1.676193252205848694e-02
6.260259999999421780e+03 4.858253002166748047e-01 1.572208106517791748e-02
6.261739999999421343e+03 4.692503809928894043e-01 1.543472241610288620e-02
6.263219999999420907e+03 4.587982892990112305e-01 1.563781313598155975e-02
6.264699999999420470e+03 4.477491676807403564e-01 1.567061059176921844e-02
6.266179999999420033e+03 4.589307904243469238e-01 1.561572495847940445e-02
6.267659999999419597e+03 4.967708587646484375e-01 1.581233553588390350e-02
6.269139999999419160e+03 4.717214703559875488e-01 1.542606018483638763e-02
6.270619999999418724e+03 4.828869104385375977e-01 1.544998213648796082e-02
6.272099999999418287e+03 4.527353048324584961e-01 1.499727740883827209e-02
6.273579999999417851e+03 4.561276137828826904e-01 1.514228340238332748e-02
6.275059999999417414e+03 4.126674830913543701e-01 1.469161920249462128e-02
6.276539999999416978e+03 4.412651360034942627e-01 1.509199570864439011e-02
6.278019999999416541e+03 4.399578869342803955e-01 1.499908883124589920e-02
6.279499999999416104e+03 4.484112560749053955e-01 1.491267606616020203e-02
6.280979999999415668e+03 4.408993124961853027e-01 1.468403544276952744e-02
6.282459999999415231e+03 4.440972208976745605e-01 1.484489254653453827e-02
6.283939999999414795e+03 4.533452093601226807e-01 1.504865568131208420e-02
6.285419999999414358e+03 4.499593973159790039e-01 1.609024778008460999e-02
6.286899999999413922e+03 4.647460579872131348e-01 1.698125898838043213e-02
6.288379999999413485e+03 4.640225172042846680e-01 1.642525754868984222e-02
6.289859999999413048e+03 4.364607334136962891e-01 1.497346628457307816e-02
6.291339999999412612e+03 4.087511897087097168e-01 1.423292886465787888e-02
6.292819999999412175e+03 4.238768219947814941e-01 1.453133393079042435e-02
6.294299999999411739e+03 4.608938694000244141e-01 1.510592456907033920e-02
6.295779999999411302e+03 4.634798765182495117e-01 1.520562544465065002e-02
6.297259999999410866e+03 3.785813450813293457e-01 1.727182045578956604e-02
6.298739999999410429e+03 4.364167451858520508e-01 2.447940409183502197e-02
6.300219999999409993e+03 5.875405669212341309e-01 2.677722461521625519e-02
6.301699999999409556e+03 5.308506488800048828e-01 2.138191461563110352e-02
6.303179999999409119e+03 4.242156147956848145e-01 1.511786039918661118e-02
6.304659999999408683e+03 4.361005127429962158e-01 1.576614379882812500e-02
6.306139999999408246e+03 4.819931685924530029e-01 1.755011081695556641e-02
6.307619999999407810e+03 4.676487445831298828e-01 1.681910268962383270e-02
6.309099999999407373e+03 4.525798559188842773e-01 1.520653255283832550e-02
6.310579999999406937e+03 4.386000335216522217e-01 1.471872068941593170e-02
6.312059999999406500e+03 4.501557052135467529e-01 1.487617753446102142e-02
6.313539999999406064e+03 4.598103463649749756e-01 1.494292449206113815e-02
6.315019999999405627e+03 4.561247229576110840e-01 1.488148700445890427e-02
6.316499999999405190e+03 4.675518572330474854e-01 1.512366347014904022e-02
6.317979999999404754e+03 4.513140618801116943e-01 1.491086930036544800e-02
6.319459999999404317e+03 4.593430459499359131e-01 1.538418419659137726e-02
6.320939999999403881e+03 4.667558372020721436e-01 1.573781110346317291e-02
6.322419999999403444e+03 4.575880765914916992e-01 1.536902599036693573e-02
6.323899999999403008e+03 4.870913326740264893e-01 1.547726988792419434e-02
6.325379999999402571e+03 5.949724316596984863e-01 1.683899015188217163e-02
6.326859999999402135e+03 8.069585561752319336e-01 1.963580399751663208e-02
6.328339999999401698e+03 7.365385293960571289e-01 1.964717172086238861e-02
6.329819999999401261e+03 5.398498177528381348e-01 1.774899289011955261e-02
6.331299999999400825e+03 4.485585689544677734e-01 1.552009209990501404e-02
6.332779999999400388e+03 4.512601196765899658e-01 1.496465504169464111e-02
6.334259999999399952e+03 4.486749768257141113e-01 1.476745307445526123e-02
6.335739999999399515e+03 4.604865312576293945e-01 1.496602501720190048e-02
6.337219999999399079e+03 6.079294681549072266e-01 1.694647036492824554e-02
6.338699999999398642e+03 7.424314618110656738e-01 1.853197067975997925e-02
6.340179999999398206e+03 6.556141376495361328e-01 1.752083934843540192e-02
6.341659999999397769e+03 4.806812405586242676e-01 1.530527044087648392e-02
6.343139999999397332e+03 4.500583112239837646e-01 1.485526468604803085e-02
6.344619999999396896e+03 4.709171354770660400e-01 1.512695662677288055e-02
6.346099999999396459e+03 4.697077274322509766e-01 1.533317286521196365e-02
6.347579999999396023e+03 4.459106922149658203e-01 1.528150867670774460e-02
6.349059999999395586e+03 4.391547143459320068e-01 1.504896208643913269e-02
6.350539999999395150e+03 4.750972688198089600e-01 1.525838393718004227e-02
6.352019999999394713e+03 4.789654016494750977e-01 1.520418375730514526e-02
6.353499999999394277e+03 4.600132107734680176e-01 1.530765928328037262e-02
6.354979999999393840e+03 4.564865529537200928e-01 1.602336578071117401e-02
6.356459999999393403e+03 4.370953738689422607e-01 1.572384126484394073e-02
6.357939999999392967e+03 4.797646999359130859e-01 1.561110280454158783e-02
6.359419999999392530e+03 4.664992690086364746e-01 1.513325050473213196e-02
6.360899999999392094e+03 4.411396086215972900e-01 1.579280570149421692e-02
6.362379999999391657e+03 4.792320132255554199e-01 1.907744631171226501e-02
6.363859999999391221e+03 4.656450152397155762e-01 1.923518441617488861e-02
6.365339999999390784e+03 4.635141491889953613e-01 1.661671511828899384e-02
6.366819999999390348e+03 4.459159374237060547e-01 1.486038789153099060e-02
6.368299999999389911e+03 4.815545082092285156e-01 1.519648637622594833e-02
6.369779999999389474e+03 4.756951928138732910e-01 1.517627947032451630e-02
6.371259999999389038e+03 4.412563145160675049e-01 1.465165149420499802e-02
6.372739999999388601e+03 4.741796553134918213e-01 1.520565990358591080e-02
6.374219999999388165e+03 4.550555050373077393e-01 1.489178743213415146e-02
6.375699999999387728e+03 4.573759138584136963e-01 1.499180775135755539e-02
6.377179999999387292e+03 4.484001994132995605e-01 1.500184834003448486e-02
6.378659999999386855e+03 4.577173888683319092e-01 1.524918153882026672e-02
6.380139999999386418e+03 4.632488489151000977e-01 1.522656157612800598e-02
6.381619999999385982e+03 4.502807557582855225e-01 1.488779298961162567e-02
6.383099999999385545e+03 4.651066958904266357e-01 1.510928943753242493e-02
6.384579999999385109e+03 4.719742536544799805e-01 1.552600134164094925e-02
6.386059999999384672e+03 4.675122201442718506e-01 1.561798900365829468e-02
6.387539999999384236e+03 4.506697654724121094e-01 1.508186943829059601e-02
6.389019999999383799e+03 4.883404672145843506e-01 1.534997392445802689e-02
6.390499999999383363e+03 5.675546526908874512e-01 1.641579717397689819e-02
6.391979999999382926e+03 5.510697364807128906e-01 1.615475863218307495e-02
6.393459999999382489e+03 4.777387976646423340e-01 1.513419300317764282e-02
6.394939999999382053e+03 4.384747743606567383e-01 1.462882105261087418e-02
6.396419999999381616e+03 4.532287120819091797e-01 1.483066938817501068e-02
6.397899999999381180e+03 4.358816444873809814e-01 1.455031335353851318e-02
6.399379999999380743e+03 4.501816630363464355e-01 1.472846046090126038e-02
6.400859999999380307e+03 4.655457735061645508e-01 1.501494552940130234e-02
6.402339999999379870e+03 4.448343217372894287e-01 1.468060910701751709e-02
6.403819999999379434e+03 4.479740262031555176e-01 1.475652772933244705e-02
6.405299999999378997e+03 4.283726513385772705e-01 1.443058997392654419e-02
6.406779999999378560e+03 4.546163380146026611e-01 1.478433050215244293e-02
6.408259999999378124e+03 4.534523785114288330e-01 1.479679811745882034e-02
6.409739999999377687e+03 4.571224153041839600e-01 1.482639648020267487e-02
6.411219999999377251e+03 4.553943276405334473e-01 1.486646197736263275e-02
6.412699999999376814e+03 4.787611663341522217e-01 1.526742056012153625e-02
6.414179999999376378e+03 4.609535932540893555e-01 1.496772468090057373e-02
6.415659999999375941e+03 4.393156766891479492e-01 1.459854189306497574e-02
6.417139999999375505e+03 4.404135644435882568e-01 1.468765828758478165e-02
6.418619999999375068e+03 4.416816234588623047e-01 1.483703032135963440e-02
6.420099999999374631e+03 4.475061297416687012e-01 1.464959047734737396e-02
6.421579999999374195e+03 4.646396934986114502e-01 4.073711484670639038e-02
6.423059999999373758e+03 4.556525349617004395e-01 3.364750742912292480e-02
6.424539999999373322e+03 4.582163393497467041e-01 1.469367649406194687e-02
6.426019999999372885e+03 4.632455110549926758e-01 1.493082102388143539e-02
6.427499999999372449e+03 4.309577941894531250e-01 1.442797947674989700e-02
6.428979999999372012e+03 4.191436767578125000e-01 1.424500625580549240e-02
6.430459999999371576e+03 4.472695887088775635e-01 1.464115176349878311e-02
6.431939999999371139e+03 4.602063596248626709e-01 1.485285907983779907e-02
6.433419999999370702e+03 4.504235684871673584e-01 1.476468984037637711e-02
6.434899999999370266e+03 4.371537566184997559e-01 1.450608670711517334e-02
6.436379999999369829e+03 4.193770289421081543e-01 1.427145116031169891e-02
6.437859999999369393e+03 4.328304529190063477e-01 1.447987649589776993e-02
6.439339999999368956e+03 4.397591650485992432e-01 1.452487334609031677e-02
6.440819999999368520e+03 4.581206440925598145e-01 1.483527570962905884e-02
6.442299999999368083e+03 4.262824058532714844e-01 1.437568292021751404e-02
6.443779999999367647e+03 4.545351266860961914e-01 1.481617800891399384e-02
6.445259999999367210e+03 4.300036728382110596e-01 1.447456050664186478e-02
6.446739999999366773e+03 4.419793188571929932e-01 1.464978232979774475e-02
6.448219999999366337e+03 4.524884521961212158e-01 1.477465685456991196e-02
6.449699999999365900e+03 4.544345736503601074e-01 1.482137292623519897e-02
6.451179999999365464e+03 4.207568764686584473e-01 1.884244568645954132e-02
6.452659999999365027e+03 4.403841495513916016e-01 3.150658309459686279e-02
6.454139999999364591e+03 4.476747214794158936e-01 3.013342618942260742e-02
6.455619999999364154e+03 4.617531597614288330e-01 2.778559550642967224e-02
6.457099999999363718e+03 4.616799652576446533e-01 2.390356361865997314e-02
6.458579999999363281e+03 4.340755343437194824e-01 1.704058237373828888e-02
6.460059999999362844e+03 4.428715109825134277e-01 1.457768864929676056e-02
6.461539999999362408e+03 4.399586915969848633e-01 1.485949568450450897e-02
6.463019999999361971e+03 4.443008005619049072e-01 1.550929248332977295e-02
6.464499999999361535e+03 4.601619243621826172e-01 1.608402095735073090e-02
6.465979999999361098e+03 4.508051276206970215e-01 1.567655988037586212e-02
6.467459999999360662e+03 4.093762338161468506e-01 1.480116695165634155e-02
6.468939999999360225e+03 4.388895630836486816e-01 1.553725730627775192e-02
6.470419999999359788e+03 4.767927527427673340e-01 1.621413603425025940e-02
6.471899999999359352e+03 4.414488971233367920e-01 1.523868273943662643e-02
6.473379999999358915e+03 4.361710548400878906e-01 1.467419695109128952e-02
6.474859999999358479e+03 4.501795470714569092e-01 1.485456805676221848e-02
6.476339999999358042e+03 4.656015634536743164e-01 1.523291599005460739e-02
6.477819999999357606e+03 4.377612769603729248e-01 1.490728929638862610e-02
6.479299999999357169e+03 4.225583672523498535e-01 1.453455165028572083e-02
6.480779999999356733e+03 4.376149475574493408e-01 1.459084171801805496e-02
6.482259999999356296e+03 4.149237275123596191e-01 1.423051208257675171e-02
6.483739999999355859e+03 4.400874078273773193e-01 1.458604633808135986e-02
6.485219999999355423e+03 4.398943781852722168e-01 1.456851139664649963e-02
6.486699999999354986e+03 4.467946588993072510e-01 1.466718874871730804e-02
6.488179999999354550e+03 4.411794543266296387e-01 1.461049541831016541e-02
6.489659999999354113e+03 4.365120232105255127e-01 1.451472844928503036e-02
6.491139999999353677e+03 4.361453056335449219e-01 1.451419387012720108e-02
6.492619999999353240e+03 4.345678389072418213e-01 1.447443477809429169e-02
6.494099999999352804e+03 4.346856772899627686e-01 1.450258959084749222e-02
6.495579999999352367e+03 4.425813257694244385e-01 1.530429068952798843e-02
6.497059999999351930e+03 4.574299454689025879e-01 1.698729768395423889e-02
6.498539999999351494e+03 4.697864055633544922e-01 1.734703965485095978e-02
6.500019999999351057e+03 4.611596167087554932e-01 1.601439714431762695e-02
6.501499999999350621e+03 4.352283477783203125e-01 1.474886946380138397e-02
6.502979999999350184e+03 4.261068403720855713e-01 1.486226916313171387e-02
6.504459999999349748e+03 4.459636807441711426e-01 1.544508803635835648e-02
6.505939999999349311e+03 4.713841080665588379e-01 1.539432723075151443e-02
6.507419999999348875e+03 4.507176876068115234e-01 1.473538298159837723e-02
6.508899999999348438e+03 4.275258183479309082e-01 1.437179651111364365e-02
6.510379999999348001e+03 4.447848200798034668e-01 1.465335581451654434e-02
6.511859999999347565e+03 4.294598400592803955e-01 1.456044148653745651e-02
6.513339999999347128e+03 4.231395423412322998e-01 1.454410888254642487e-02
6.514819999999346692e+03 4.469633102416992188e-01 1.476795040071010590e-02
6.516299999999346255e+03 4.276167750358581543e-01 1.434687152504920959e-02
6.517779999999345819e+03 4.454713165760040283e-01 1.459816843271255493e-02
6.519259999999345382e+03 4.165343046188354492e-01 1.430850941687822342e-02
6.520739999999344946e+03 4.565663933753967285e-01 1.517629716545343399e-02
6.522219999999344509e+03 4.510997235774993896e-01 1.528279390186071396e-02
6.523699999999344072e+03 4.336764812469482422e-01 1.470367796719074249e-02
6.525179999999343636e+03 4.311163127422332764e-01 1.448279526084661484e-02
6.526659999999343199e+03 4.245343506336212158e-01 1.437197532504796982e-02
6.528139999999342763e+03 4.511270225048065186e-01 1.465967297554016113e-02
6.529619999999342326e+03 4.202588200569152832e-01 1.454450469464063644e-02
6.531099999999341890e+03 4.177951216697692871e-01 1.569081842899322510e-02
6.532579999999341453e+03 4.705414175987243652e-01 1.695537567138671875e-02
6.534059999999341017e+03 4.600859880447387695e-01 1.591178029775619507e-02
6.535539999999340580e+03 4.431039392948150635e-01 1.472850143909454346e-02
6.537019999999340143e+03 4.410004615783691406e-01 1.453172042965888977e-02
6.538499999999339707e+03 4.336149990558624268e-01 1.452107448130846024e-02
6.539979999999339270e+03 4.362642467021942139e-01 1.460823137313127518e-02
6.541459999999338834e+03 4.351266324520111084e-01 1.491135731339454651e-02
6.542939999999338397e+03 4.258770346641540527e-01 1.514133997261524200e-02
6.544419999999337961e+03 4.208960533142089844e-01 1.491137500852346420e-02
6.545899999999337524e+03 4.359774589538574219e-01 1.468805409967899323e-02
6.547379999999337088e+03 4.459177851676940918e-01 1.469629164785146713e-02
6.548859999999336651e+03 4.399829804897308350e-01 1.452839467674493790e-02
6.550339999999336214e+03 4.402770996093750000e-01 1.505906600505113602e-02
6.551819999999335778e+03 4.277163743972778320e-01 1.639809086918830872e-02
6.553299999999335341e+03 4.496469497680664062e-01 1.685451529920101166e-02
6.554779999999334905e+03 4.516023695468902588e-01 1.573872938752174377e-02
6.556259999999334468e+03 4.282945692539215088e-01 1.444302778691053391e-02
6.557739999999334032e+03 4.324229955673217773e-01 1.435878966003656387e-02
6.559219999999333595e+03 4.073419272899627686e-01 1.424951013177633286e-02
6.560699999999333158e+03 4.433302581310272217e-01 1.569852232933044434e-02
6.562179999999332722e+03 4.635465443134307861e-01 1.622078940272331238e-02
6.563659999999332285e+03 4.452444016933441162e-01 1.530420221388339996e-02
6.565139999999331849e+03 4.404493868350982666e-01 1.472338661551475525e-02
6.566619999999331412e+03 4.466451704502105713e-01 1.501611061394214630e-02
6.568099999999330976e+03 4.596346020698547363e-01 1.547437161207199097e-02
6.569579999999330539e+03 4.795115888118743896e-01 1.547566056251525879e-02
6.571059999999330103e+03 4.692167937755584717e-01 1.496511977165937424e-02
6.572539999999329666e+03 4.706386029720306396e-01 1.496546342968940735e-02
6.574019999999329229e+03 6.080990433692932129e-01 1.709620095789432526e-02
6.575499999999328793e+03 7.657527923583984375e-01 1.973271369934082031e-02
6.576979999999328356e+03 7.250175476074218750e-01 1.947902329266071320e-02
6.578459999999327920e+03 5.607755780220031738e-01 1.686235517263412476e-02
6.579939999999327483e+03 4.680824577808380127e-01 1.501934509724378586e-02
6.581419999999327047e+03 4.459742307662963867e-01 1.467384118586778641e-02
6.582899999999326610e+03 4.684599339962005615e-01 1.501549873501062393e-02
6.584379999999326174e+03 5.661408305168151855e-01 1.633986644446849823e-02
6.585859999999325737e+03 7.700440287590026855e-01 1.868370547890663147e-02
6.587339999999325300e+03 4.146390914916992188e+00 4.125762358307838440e-02
6.588819999999324864e+03 2.737066650390625000e+01 1.103377863764762878e-01
6.590299999999324427e+03 5.022216033935546875e+01 1.526845544576644897e-01
6.591779999999323991e+03 3.894947433471679688e+01 1.329058408737182617e-01
6.593259999999323554e+03 8.858630180358886719e+00 6.171971932053565979e-02
6.594739999999323118e+03 1.269824624061584473e+00 2.389243990182876587e-02
6.596219999999322681e+03 6.495288014411926270e-01 1.754043623805046082e-02
6.597699999999322245e+03 5.375318527221679688e-01 1.590438373386859894e-02
6.599179999999321808e+03 5.049956440925598145e-01 1.544023025780916214e-02
6.600659999999321371e+03 4.951123595237731934e-01 1.540179178118705750e-02
6.602139999999320935e+03 5.111521482467651367e-01 1.617355644702911377e-02
6.603619999999320498e+03 4.836293160915374756e-01 1.603245548903942108e-02
6.605099999999320062e+03 4.572269320487976074e-01 1.520861126482486725e-02
6.606579999999319625e+03 4.438901543617248535e-01 1.459346339106559753e-02
6.608059999999319189e+03 4.720263481140136719e-01 1.494209282100200653e-02
6.609539999999318752e+03 9.586709141731262207e-01 2.063784003257751465e-02
6.611019999999318316e+03 1.447082042694091797e+00 2.505153417587280273e-02
6.612499999999317879e+03 1.245144844055175781e+00 2.331243827939033508e-02
6.613979999999317442e+03 6.269400119781494141e-01 1.691622473299503326e-02
6.615459999999317006e+03 4.369203448295593262e-01 1.442586444318294525e-02
6.616939999999316569e+03 4.623208343982696533e-01 1.479677017778158188e-02
6.618419999999316133e+03 4.578122496604919434e-01 1.473428495228290558e-02
6.619899999999315696e+03 4.221796095371246338e-01 1.426436938345432281e-02
6.621379999999315260e+03 4.268957376480102539e-01 1.427235826849937439e-02
6.622859999999314823e+03 4.407839179039001465e-01 1.449149753898382187e-02
6.624339999999314387e+03 4.376266300678253174e-01 1.446846127510070801e-02
6.625819999999313950e+03 4.392684698104858398e-01 1.463986933231353760e-02
6.627299999999313513e+03 4.249303936958312988e-01 1.443714369088411331e-02
6.628779999999313077e+03 4.444085359573364258e-01 1.461057458072900772e-02
6.630259999999312640e+03 4.220625162124633789e-01 1.424115337431430817e-02
6.631739999999312204e+03 4.248328506946563721e-01 1.451137941330671310e-02
6.633219999999311767e+03 4.392138719558715820e-01 1.483859773725271225e-02
6.634699999999311331e+03 4.391917586326599121e-01 1.471039187163114548e-02
6.636179999999310894e+03 4.277005493640899658e-01 1.436705421656370163e-02
6.637659999999310457e+03 4.221900105476379395e-01 1.425221189856529236e-02
6.639139999999310021e+03 4.247733354568481445e-01 1.430533733218908310e-02
6.640619999999309584e+03 4.325100481510162354e-01 1.435176748782396317e-02
6.642099999999309148e+03 4.404858052730560303e-01 1.442083623260259628e-02
6.643579999999308711e+03 4.399334490299224854e-01 1.443738397210836411e-02
6.645059999999308275e+03 4.362638294696807861e-01 1.440728735178709030e-02
6.646539999999307838e+03 4.328704476356506348e-01 1.435324735939502716e-02
6.648019999999307402e+03 4.233215451240539551e-01 1.423780713230371475e-02
6.649499999999306965e+03 4.193979203701019287e-01 1.419581193476915359e-02
6.650979999999306528e+03 4.218122065067291260e-01 1.420511864125728607e-02
6.652459999999306092e+03 4.170499742031097412e-01 1.411933079361915588e-02
6.653939999999305655e+03 4.131268858909606934e-01 1.403026282787322998e-02
6.655419999999305219e+03 4.351533949375152588e-01 1.436872594058513641e-02
6.656899999999304782e+03 4.205962121486663818e-01 1.419151574373245239e-02
6.658379999999304346e+03 4.259043335914611816e-01 1.425015833228826523e-02
6.659859999999303909e+03 4.445453882217407227e-01 1.452229171991348267e-02
6.661339999999303473e+03 4.292437732219696045e-01 1.429972611367702484e-02
6.662819999999303036e+03 4.226783514022827148e-01 1.420414820313453674e-02
6.664299999999302599e+03 4.113263785839080811e-01 1.402331236749887466e-02
6.665779999999302163e+03 4.125486612319946289e-01 1.416410785168409348e-02
6.667259999999301726e+03 4.128689765930175781e-01 1.416137721389532089e-02
6.668739999999301290e+03 4.238194227218627930e-01 1.432496123015880585e-02
6.670219999999300853e+03 3.895964622497558594e-01 1.370018813759088516e-02
6.671699999999300417e+03 4.136140346527099609e-01 1.405056100338697433e-02
6.673179999999299980e+03 4.203659594058990479e-01 1.416691020131111145e-02
6.674659999999299544e+03 4.155730903148651123e-01 1.402656454592943192e-02
6.676139999999299107e+03 4.202067255973815918e-01 1.408547163009643555e-02
6.677619999999298670e+03 4.043651819229125977e-01 1.388639863580465317e-02
6.679099999999298234e+03 4.085769355297088623e-01 1.393744349479675293e-02
6.680579999999297797e+03 3.954010307788848877e-01 1.376550551503896713e-02
6.682059999999297361e+03 4.054638147354125977e-01 1.392683014273643494e-02
6.683539999999296924e+03 4.368098974227905273e-01 1.437703706324100494e-02
6.685019999999296488e+03 4.133714139461517334e-01 1.411819178611040115e-02
6.686499999999296051e+03 3.818570077419281006e-01 1.358863152563571930e-02
6.687979999999295615e+03 3.979779481887817383e-01 1.376394741237163544e-02
6.689459999999295178e+03 4.220217466354370117e-01 1.413493510335683823e-02
6.690939999999294741e+03 4.227394461631774902e-01 1.419060863554477692e-02
6.692419999999294305e+03 3.983979821205139160e-01 1.373293623328208923e-02
6.693899999999293868e+03 4.362257719039916992e-01 1.432920154184103012e-02
6.695379999999293432e+03 4.089721441268920898e-01 1.395685225725173950e-02
6.696859999999292995e+03 4.033911228179931641e-01 1.393657736480236053e-02
6.698339999999292559e+03 4.050586223602294922e-01 1.400959119200706482e-02
6.699819999999292122e+03 4.041723608970642090e-01 1.394033059477806091e-02
6.701299999999291686e+03 4.029647111892700195e-01 1.397479791194200516e-02
6.702779999999291249e+03 4.183600842952728271e-01 1.419612113386392593e-02
6.704259999999290812e+03 6.348524093627929688e-01 1.696239039301872253e-02
6.705739999999290376e+03 8.742474913597106934e-01 1.966297626495361328e-02
6.707219999999289939e+03 8.189738988876342773e-01 1.907979510724544525e-02
6.708699999999289503e+03 5.505502223968505859e-01 1.591963693499565125e-02
6.710179999999289066e+03 4.093736112117767334e-01 1.390126533806324005e-02
6.711659999999288630e+03 4.083948135375976562e-01 1.390733197331428528e-02
6.713139999999288193e+03 4.334844648838043213e-01 1.433564070612192154e-02
6.714619999999287757e+03 4.068826436996459961e-01 1.399272680282592773e-02
6.716099999999287320e+03 3.986001908779144287e-01 1.386609487235546112e-02
6.717579999999286883e+03 4.229190349578857422e-01 1.416371110826730728e-02
6.719059999999286447e+03 3.973920345306396484e-01 1.375850476324558258e-02
6.720539999999286010e+03 4.233170747756958008e-01 1.413130573928356171e-02
6.722019999999285574e+03 4.099729657173156738e-01 1.393879670649766922e-02
6.723499999999285137e+03 4.097312390804290771e-01 1.391214970499277115e-02
6.724979999999284701e+03 4.068739414215087891e-01 1.383512280881404877e-02
6.726459999999284264e+03 4.034215211868286133e-01 1.384005881845951080e-02
6.727939999999283827e+03 4.087873697280883789e-01 1.394718606024980545e-02
6.729419999999283391e+03 3.990983366966247559e-01 1.383326202630996704e-02
6.730899999999282954e+03 4.018397927284240723e-01 1.380654703825712204e-02
6.732379999999282518e+03 3.923938572406768799e-01 1.366928219795227051e-02
6.733859999999282081e+03 3.851364850997924805e-01 1.358252391219139099e-02
6.735339999999281645e+03 3.995902240276336670e-01 1.373503170907497406e-02
6.736819999999281208e+03 4.092616438865661621e-01 1.385427732020616531e-02
6.738299999999280772e+03 4.190944135189056396e-01 1.412529870867729187e-02
6.739779999999280335e+03 4.089991152286529541e-01 1.394600048661231995e-02
6.741259999999279898e+03 4.351875782012939453e-01 1.426692213863134384e-02
6.742739999999279462e+03 1.278033852577209473e+00 2.352557890117168427e-02
6.744219999999279025e+03 2.426846742630004883e+00 3.207909688353538513e-02
6.745699999999278589e+03 2.247752428054809570e+00 3.085085190832614899e-02
6.747179999999278152e+03 9.615510702133178711e-01 2.045583166182041168e-02
6.748659999999277716e+03 4.594568312168121338e-01 1.463068742305040359e-02
6.750139999999277279e+03 4.164509475231170654e-01 1.399630401283502579e-02
6.751619999999276843e+03 3.989251255989074707e-01 1.367725338786840439e-02
6.753099999999276406e+03 3.934731483459472656e-01 1.363874319940805435e-02
6.754579999999275969e+03 4.184598028659820557e-01 1.403215993195772171e-02
6.756059999999275533e+03 4.980078041553497314e-01 1.512173656374216080e-02
6.757539999999275096e+03 1.204083442687988281e+00 2.277137711644172668e-02
6.759019999999274660e+03 1.889349937438964844e+00 2.831478230655193329e-02
6.760499999999274223e+03 1.573662638664245605e+00 2.590260282158851624e-02
6.761979999999273787e+03 6.812786459922790527e-01 1.740570552647113800e-02
6.763459999999273350e+03 4.435267746448516846e-01 1.438619941473007202e-02
6.764939999999272914e+03 3.889415264129638672e-01 1.358759030699729919e-02
6.766419999999272477e+03 3.997805416584014893e-01 1.374485902488231659e-02
6.767899999999272040e+03 4.131936132907867432e-01 1.393557246774435043e-02
6.769379999999271604e+03 3.980762958526611328e-01 1.366578508168458939e-02
6.770859999999271167e+03 4.057548344135284424e-01 1.377795077860355377e-02
6.772339999999270731e+03 3.933328390121459961e-01 1.360036712139844894e-02
6.773819999999270294e+03 3.848417997360229492e-01 1.349239144474267960e-02
6.775299999999269858e+03 3.917681872844696045e-01 1.357951480895280838e-02
6.776779999999269421e+03 3.957421183586120605e-01 1.363555435091257095e-02
6.778259999999268985e+03 4.049864113330841064e-01 1.377172674983739853e-02
6.779739999999268548e+03 4.012463688850402832e-01 1.372523792088031769e-02
6.781219999999268111e+03 3.756324946880340576e-01 1.336131338030099869e-02
6.782699999999267675e+03 3.929638564586639404e-01 1.361497584730386734e-02
6.784179999999267238e+03 3.884109556674957275e-01 1.359451096504926682e-02
6.785659999999266802e+03 3.921110033988952637e-01 1.359562482684850693e-02
6.787139999999266365e+03 3.921987414360046387e-01 1.365112513303756714e-02
6.788619999999265929e+03 4.172730445861816406e-01 1.398066431283950806e-02
6.790099999999265492e+03 3.926047980785369873e-01 1.360674109309911728e-02
6.791579999999265056e+03 3.782214820384979248e-01 1.339662447571754456e-02
6.793059999999264619e+03 4.082444906234741211e-01 1.383288763463497162e-02
6.794539999999264182e+03 3.887307047843933105e-01 1.348974835127592087e-02
6.796019999999263746e+03 3.850292563438415527e-01 1.343409810215234756e-02
6.797499999999263309e+03 4.007699489593505859e-01 1.372473966330289841e-02
6.798979999999262873e+03 3.782091736793518066e-01 1.341460831463336945e-02
6.800459999999262436e+03 3.737925589084625244e-01 1.330447755753993988e-02
6.801939999999262000e+03 3.977126777172088623e-01 1.364871300756931305e-02
6.803419999999261563e+03 4.098265469074249268e-01 1.382926572114229202e-02
6.804899999999261127e+03 4.017517268657684326e-01 1.371947024017572403e-02
6.806379999999260690e+03 3.988800048828125000e-01 1.369161717593669891e-02
6.807859999999260253e+03 3.938980698585510254e-01 1.359747443348169327e-02
6.809339999999259817e+03 3.906310200691223145e-01 1.350285019725561142e-02
6.810819999999259380e+03 3.959947824478149414e-01 1.368337962776422501e-02
6.812299999999258944e+03 3.905490636825561523e-01 1.356332935392856598e-02
6.813779999999258507e+03 3.800565004348754883e-01 1.337652746587991714e-02
6.815259999999258071e+03 3.831511139869689941e-01 1.344794966280460358e-02
6.816739999999257634e+03 4.005539119243621826e-01 1.370463706552982330e-02
6.818219999999257197e+03 3.863449692726135254e-01 1.347830332815647125e-02
6.819699999999256761e+03 3.958439826965332031e-01 1.359632983803749084e-02
6.821179999999256324e+03 3.977167010307312012e-01 1.366004999727010727e-02
6.822659999999255888e+03 4.041263759136199951e-01 1.375036127865314484e-02
6.824139999999255451e+03 3.948554396629333496e-01 1.393998973071575165e-02
6.825619999999255015e+03 3.914642035961151123e-01 1.492176484316587448e-02
6.827099999999254578e+03 4.044404029846191406e-01 1.658226735889911652e-02
6.828579999999254142e+03 4.142542779445648193e-01 1.686850376427173615e-02
6.830059999999253705e+03 4.043060243129730225e-01 1.562798395752906799e-02
6.831539999999253268e+03 3.910024762153625488e-01 1.569467596709728241e-02
6.833019999999252832e+03 4.057321548461914062e-01 1.679883338510990143e-02
6.834499999999252395e+03 4.056338071823120117e-01 1.598831452429294586e-02
6.835979999999251959e+03 3.936603665351867676e-01 1.401403173804283142e-02
6.837459999999251522e+03 3.873221576213836670e-01 1.371014956384897232e-02
6.838939999999251086e+03 3.921568393707275391e-01 1.409918628633022308e-02
6.840419999999250649e+03 3.889311850070953369e-01 1.432332210242748260e-02
6.841899999999250213e+03 4.031256437301635742e-01 1.433204952627420425e-02
6.843379999999249776e+03 3.794395327568054199e-01 1.352707669138908386e-02
6.844859999999249339e+03 3.813863396644592285e-01 1.347123645246028900e-02
6.846339999999248903e+03 3.807368278503417969e-01 1.336463354527950287e-02
6.847819999999248466e+03 4.013368785381317139e-01 1.370677072554826736e-02
6.849299999999248030e+03 3.846222758293151855e-01 1.358859613537788391e-02
6.850779999999247593e+03 3.422698080539703369e-01 1.289094053208827972e-02
6.852259999999247157e+03 3.590822219848632812e-01 1.308887451887130737e-02
6.853739999999246720e+03 3.938264250755310059e-01 1.356350909918546677e-02
6.855219999999246284e+03 4.069515764713287354e-01 1.372683141380548477e-02
6.856699999999245847e+03 4.104468822479248047e-01 1.378020271658897400e-02
6.858179999999245410e+03 3.937278687953948975e-01 1.351377274841070175e-02
6.859659999999244974e+03 3.490633964538574219e-01 1.375043485313653946e-02
6.861139999999244537e+03 3.406825363636016846e-01 1.659213192760944366e-02
6.862619999999244101e+03 4.158898890018463135e-01 1.896660029888153076e-02
6.864099999999243664e+03 4.125909805297851562e-01 1.780944317579269409e-02
6.865579999999243228e+03 3.329350054264068604e-01 1.340179424732923508e-02
6.867059999999242791e+03 2.821712195873260498e-01 1.189672295004129410e-02
6.868539999999242355e+03 2.706242203712463379e-01 1.198815368115901947e-02
6.870019999999241918e+03 2.845901846885681152e-01 1.241518370807170868e-02
6.871499999999241481e+03 2.836971879005432129e-01 1.207065954804420471e-02
6.872979999999241045e+03 3.070333302021026611e-01 1.209609489887952805e-02
6.874459999999240608e+03 3.069573938846588135e-01 1.206707302480936050e-02
6.875939999999240172e+03 3.286514878273010254e-01 1.246319524943828583e-02
6.877419999999239735e+03 3.175781071186065674e-01 1.253875624388456345e-02
6.878899999999239299e+03 3.437358140945434570e-01 1.335403230041265488e-02
6.880379999999238862e+03 3.851927518844604492e-01 1.413520984351634979e-02
6.881859999999238426e+03 3.775086402893066406e-01 1.373545080423355103e-02
6.883339999999237989e+03 3.456820547580718994e-01 1.284557394683361053e-02
6.884819999999237552e+03 3.354089856147766113e-01 1.273491699248552322e-02
6.886299999999237116e+03 3.426715433597564697e-01 1.342768222093582153e-02
6.887779999999236679e+03 3.511514663696289062e-01 1.409611199051141739e-02
6.889259999999236243e+03 3.335750102996826172e-01 1.357917021960020065e-02
6.890739999999235806e+03 3.040700256824493408e-01 1.239541918039321899e-02
6.892219999999235370e+03 3.241650164127349854e-01 1.253118459135293961e-02
6.893699999999234933e+03 3.531091511249542236e-01 1.299593131989240646e-02
6.895179999999234496e+03 3.508714735507965088e-01 1.284671481698751450e-02
6.896659999999234060e+03 3.584367930889129639e-01 1.300774328410625458e-02
6.898139999999233623e+03 3.557150959968566895e-01 1.383309159427881241e-02
6.899619999999233187e+03 3.374871313571929932e-01 1.399193704128265381e-02
6.901099999999232750e+03 3.416638672351837158e-01 1.359998621046543121e-02
6.902579999999232314e+03 3.443393707275390625e-01 1.294823270291090012e-02
6.904059999999231877e+03 3.565100431442260742e-01 1.295378897339105606e-02
6.905539999999231441e+03 3.493376672267913818e-01 1.284242887049913406e-02
6.907019999999231004e+03 3.401477932929992676e-01 1.265536062419414520e-02
6.908499999999230567e+03 3.487783968448638916e-01 1.305669173598289490e-02
6.909979999999230131e+03 3.928380906581878662e-01 1.462144218385219574e-02
6.911459999999229694e+03 3.918826878070831299e-01 1.521918084472417831e-02
6.912939999999229258e+03 3.759092688560485840e-01 1.435038447380065918e-02
6.914419999999228821e+03 3.768903911113739014e-01 1.340831071138381958e-02
6.915899999999228385e+03 3.533025979995727539e-01 1.292699761688709259e-02
6.917379999999227948e+03 3.445597887039184570e-01 1.272637117654085159e-02
6.918859999999227512e+03 3.576589226722717285e-01 1.325077563524246216e-02
6.920339999999227075e+03 3.625504076480865479e-01 1.505608204752206802e-02
6.921819999999226638e+03 3.590458333492279053e-01 1.627238094806671143e-02
6.923299999999226202e+03 3.607594370841979980e-01 1.566174440085887909e-02
6.924779999999225765e+03 3.705592751502990723e-01 1.377309393137693405e-02
6.926259999999225329e+03 3.840771019458770752e-01 1.351770665496587753e-02
6.927739999999224892e+03 3.481369018554687500e-01 1.288512442260980606e-02
6.929219999999224456e+03 3.679721355438232422e-01 1.318666711449623108e-02
6.930699999999224019e+03 3.828622996807098389e-01 1.335408538579940796e-02
6.932179999999223583e+03 3.759532272815704346e-01 1.326829008758068085e-02
6.933659999999223146e+03 3.739056587219238281e-01 1.325276214629411697e-02
6.935139999999222709e+03 3.721809089183807373e-01 1.329194288700819016e-02
6.936619999999222273e+03 3.968518972396850586e-01 1.442738808691501617e-02
6.938099999999221836e+03 3.931757807731628418e-01 1.502322312444448471e-02
6.939579999999221400e+03 3.660570681095123291e-01 1.428253762423992157e-02
6.941059999999220963e+03 3.459181189537048340e-01 1.310408767312765121e-02
6.942539999999220527e+03 3.525907397270202637e-01 1.290232595056295395e-02
6.944019999999220090e+03 3.838464617729187012e-01 1.331256236881017685e-02
6.945499999999219654e+03 3.713916242122650146e-01 1.424892712384462357e-02
6.946979999999219217e+03 3.763051629066467285e-01 1.668492704629898071e-02
6.948459999999218780e+03 3.893985450267791748e-01 1.701725646853446960e-02
6.949939999999218344e+03 3.560590445995330811e-01 1.465230714529752731e-02
6.951419999999217907e+03 3.803108930587768555e-01 1.375883724540472031e-02
6.952899999999217471e+03 3.990590572357177734e-01 1.366477552801370621e-02
6.954379999999217034e+03 3.809916675090789795e-01 1.340961083769798279e-02
6.955859999999216598e+03 3.959609270095825195e-01 1.369204279035329819e-02
6.957339999999216161e+03 3.924488723278045654e-01 1.364963594824075699e-02
6.958819999999215725e+03 3.812058568000793457e-01 1.344766095280647278e-02
6.960299999999215288e+03 3.710977435111999512e-01 1.327081769704818726e-02
6.961779999999214851e+03 3.797884583473205566e-01 1.340139284729957581e-02
6.963259999999214415e+03 3.666184842586517334e-01 1.324791274964809418e-02
6.964739999999213978e+03 3.794271945953369141e-01 1.348028425127267838e-02
6.966219999999213542e+03 3.823968470096588135e-01 1.374303270131349564e-02
6.967699999999213105e+03 3.820529580116271973e-01 1.424006186425685883e-02
6.969179999999212669e+03 3.884135484695434570e-01 1.445167325437068939e-02
6.970659999999212232e+03 3.668621182441711426e-01 1.364978961646556854e-02
6.972139999999211796e+03 3.719179332256317139e-01 1.328754704445600510e-02
6.973619999999211359e+03 3.546496629714965820e-01 1.306283939629793167e-02
6.975099999999210922e+03 3.689005672931671143e-01 1.391699910163879395e-02
6.976579999999210486e+03 4.053246974945068359e-01 1.572574675083160400e-02
6.978059999999210049e+03 3.915918469429016113e-01 1.546913385391235352e-02
6.979539999999209613e+03 3.873606920242309570e-01 1.408011931926012039e-02
6.981019999999209176e+03 3.783839344978332520e-01 1.345761213451623917e-02
6.982499999999208740e+03 3.910980224609375000e-01 1.359338872134685516e-02
6.983979999999208303e+03 3.609129786491394043e-01 1.319099962711334229e-02
6.985459999999207866e+03 3.713346421718597412e-01 1.330548059195280075e-02
6.986939999999207430e+03 3.765473961830139160e-01 1.335520949214696884e-02
6.988419999999206993e+03 3.620618283748626709e-01 1.315142400562763214e-02
6.989899999999206557e+03 3.461328744888305664e-01 1.287013292312622070e-02
6.991379999999206120e+03 3.453270196914672852e-01 1.281357742846012115e-02
6.992859999999205684e+03 3.513026237487792969e-01 1.294224709272384644e-02
6.994339999999205247e+03 3.634833693504333496e-01 1.318054553121328354e-02
6.995819999999204811e+03 3.773642182350158691e-01 1.341340038925409317e-02
6.997299999999204374e+03 3.757865726947784424e-01 1.335851289331912994e-02
6.998779999999203937e+03 3.753113150596618652e-01 1.330114249140024185e-02
7.000259999999203501e+03 3.562897443771362305e-01 1.315689645707607269e-02
7.001739999999203064e+03 3.592575192451477051e-01 1.352116186171770096e-02
7.003219999999202628e+03 3.827738463878631592e-01 1.388178672641515732e-02
7.004699999999202191e+03 3.616566956043243408e-01 1.332269608974456787e-02
7.006179999999201755e+03 3.589636385440826416e-01 1.299342513084411621e-02
7.007659999999201318e+03 3.539628386497497559e-01 1.312581636011600494e-02
7.009139999999200882e+03 3.481604754924774170e-01 1.374247856438159943e-02
7.010619999999200445e+03 3.616850674152374268e-01 1.414801646023988724e-02
7.012099999999200008e+03 3.618955314159393311e-01 1.357982214540243149e-02
7.013579999999199572e+03 3.739845454692840576e-01 1.329282112419605255e-02
7.015059999999199135e+03 3.780813515186309814e-01 1.332103740423917770e-02
7.016539999999198699e+03 3.755240142345428467e-01 1.328403595834970474e-02
7.018019999999198262e+03 3.699332475662231445e-01 1.319644786417484283e-02
7.019499999999197826e+03 3.796835243701934814e-01 1.334462314844131470e-02
7.020979999999197389e+03 3.679654598236083984e-01 1.314674224704504013e-02
7.022459999999196953e+03 3.511535525321960449e-01 1.288753468543291092e-02
7.023939999999196516e+03 3.753755390644073486e-01 1.326193287968635559e-02
7.025419999999196079e+03 3.553545176982879639e-01 1.297131832689046860e-02
7.026899999999195643e+03 3.527948260307312012e-01 1.300124451518058777e-02
7.028379999999195206e+03 3.704533874988555908e-01 1.327096205204725266e-02
7.029859999999194770e+03 3.801351785659790039e-01 1.337829977273941040e-02
7.031339999999194333e+03 3.669648468494415283e-01 1.315386779606342316e-02
7.032819999999193897e+03 3.650240898132324219e-01 1.311564166098833084e-02
7.034299999999193460e+03 3.850353360176086426e-01 1.344717014580965042e-02
7.035779999999193024e+03 3.629280328750610352e-01 1.308973412960767746e-02
7.037259999999192587e+03 3.561485111713409424e-01 1.304274983704090118e-02
7.038739999999192150e+03 3.744550645351409912e-01 1.349982246756553650e-02
7.040219999999191714e+03 3.714503049850463867e-01 1.359124761074781418e-02
7.041699999999191277e+03 3.748689591884613037e-01 1.356202643364667892e-02
7.043179999999190841e+03 3.703649640083312988e-01 1.336633041501045227e-02
7.044659999999190404e+03 3.548716008663177490e-01 1.334748975932598114e-02
7.046139999999189968e+03 3.634962737560272217e-01 1.394853740930557251e-02
7.047619999999189531e+03 3.721779584884643555e-01 1.416130457073450089e-02
7.049099999999189095e+03 3.583321571350097656e-01 1.367212645709514618e-02
7.050579999999188658e+03 3.566237390041351318e-01 1.341636292636394501e-02
7.052059999999188221e+03 3.681480586528778076e-01 1.351725682616233826e-02
7.053539999999187785e+03 3.549238443374633789e-01 1.322306599467992783e-02
7.055019999999187348e+03 3.446400761604309082e-01 1.299464423209428787e-02
7.056499999999186912e+03 3.607236444950103760e-01 1.314028259366750717e-02
7.057979999999186475e+03 3.618807494640350342e-01 1.320251356810331345e-02
7.059459999999186039e+03 3.546071052551269531e-01 1.313769631087779999e-02
7.060939999999185602e+03 3.639824986457824707e-01 1.328896731138229370e-02
7.062419999999185166e+03 3.558135330677032471e-01 1.325994078069925308e-02
7.063899999999184729e+03 3.561711907386779785e-01 1.333795115351676941e-02
7.065379999999184292e+03 3.495716750621795654e-01 1.325630024075508118e-02
7.066859999999183856e+03 3.591185808181762695e-01 1.336746849119663239e-02
7.068339999999183419e+03 3.569493293762207031e-01 1.329535152763128281e-02
7.069819999999182983e+03 3.387901186943054199e-01 1.297417096793651581e-02
7.071299999999182546e+03 3.499111235141754150e-01 1.313803158700466156e-02
7.072779999999182110e+03 3.623085618019104004e-01 1.332489773631095886e-02
7.074259999999181673e+03 3.711700141429901123e-01 1.343156490474939346e-02
7.075739999999181236e+03 3.839980363845825195e-01 1.363898906856775284e-02
7.077219999999180800e+03 3.798534572124481201e-01 1.362384017556905746e-02
7.078699999999180363e+03 3.658392727375030518e-01 1.336716488003730774e-02
7.080179999999179927e+03 3.416380584239959717e-01 1.313191186636686325e-02
7.081659999999179490e+03 3.941021263599395752e-01 1.389127224683761597e-02
7.083139999999179054e+03 3.524987399578094482e-01 1.316300593316555023e-02
7.084619999999178617e+03 3.480052947998046875e-01 1.306829135864973068e-02
7.086099999999178181e+03 3.888465762138366699e-01 1.388662960380315781e-02
7.087579999999177744e+03 3.889491260051727295e-01 1.397970691323280334e-02
7.089059999999177307e+03 3.681459724903106689e-01 1.358009595423936844e-02
7.090539999999176871e+03 3.401783108711242676e-01 1.294104009866714478e-02
7.092019999999176434e+03 4.000598788261413574e-01 1.378212403506040573e-02
7.093499999999175998e+03 6.329284906387329102e-01 1.687746308743953705e-02
7.094979999999175561e+03 7.141926884651184082e-01 1.782084256410598755e-02
7.096459999999175125e+03 5.646432042121887207e-01 1.595334522426128387e-02
