4.300739999999999782e+03 -4.000000000000000000e+00 2.000000000000000000e+00
4.302219999999999345e+03 -4.000000000000000000e+00 2.000000000000000000e+00
4.303699999999998909e+03 -4.000000000000000000e+00 2.000000000000000000e+00
4.305179999999998472e+03 -4.000000000000000000e+00 2.000000000000000000e+00
4.306659999999998035e+03 -4.000000000000000000e+00 2.000000000000000000e+00
4.308139999999997599e+03 -4.000000000000000000e+00 2.000000000000000000e+00
4.309619999999997162e+03 -4.000000000000000000e+00 2.000000000000000000e+00
4.311099999999996726e+03 -4.000000000000000000e+00 2.000000000000000000e+00
4.312579999999996289e+03 -4.000000000000000000e+00 2.000000000000000000e+00
4.314059999999995853e+03 -4.000000000000000000e+00 2.000000000000000000e+00
4.315539999999995416e+03 -4.000000000000000000e+00 2.000000000000000000e+00
4.317019999999994980e+03 -4.000000000000000000e+00 2.000000000000000000e+00
4.318499999999994543e+03 -4.000000000000000000e+00 2.000000000000000000e+00
4.319979999999994106e+03 -4.000000000000000000e+00 2.000000000000000000e+00
4.321459999999993670e+03 -4.000000000000000000e+00 2.000000000000000000e+00
4.322939999999993233e+03 -4.000000000000000000e+00 2.000000000000000000e+00
4.324419999999992797e+03 -4.000000000000000000e+00 2.000000000000000000e+00
4.325899999999992360e+03 -4.000000000000000000e+00 2.000000000000000000e+00
4.327379999999991924e+03 -4.000000000000000000e+00 2.000000000000000000e+00
4.328859999999991487e+03 -4.000000000000000000e+00 2.000000000000000000e+00
4.330339999999991051e+03 -4.000000000000000000e+00 2.000000000000000000e+00
4.331819999999990614e+03 -4.000000000000000000e+00 2.000000000000000000e+00
4.333299999999990177e+03 -4.000000000000000000e+00 2.000000000000000000e+00
4.334779999999989741e+03 -4.000000000000000000e+00 2.000000000000000000e+00
4.336259999999989304e+03 -4.000000000000000000e+00 2.000000000000000000e+00
4.337739999999988868e+03 -4.000000000000000000e+00 2.000000000000000000e+00
4.339219999999988431e+03 -4.000000000000000000e+00 2.000000000000000000e+00
4.340699999999987995e+03 -4.000000000000000000e+00 2.000000000000000000e+00
4.342179999999987558e+03 -4.000000000000000000e+00 2.000000000000000000e+00
4.343659999999987122e+03 -4.000000000000000000e+00 2.000000000000000000e+00
4.345139999999986685e+03 -4.000000000000000000e+00 2.000000000000000000e+00
4.346619999999986248e+03 -4.000000000000000000e+00 2.000000000000000000e+00
4.348099999999985812e+03 -4.000000000000000000e+00 2.000000000000000000e+00
4.349579999999985375e+03 -4.000000000000000000e+00 2.000000000000000000e+00
4.351059999999984939e+03 -4.000000000000000000e+00 2.000000000000000000e+00
4.352539999999984502e+03 -4.000000000000000000e+00 2.000000000000000000e+00
4.354019999999984066e+03 -4.000000000000000000e+00 2.000000000000000000e+00
4.355499999999983629e+03 -4.000000000000000000e+00 2.000000000000000000e+00
4.356979999999983193e+03 -4.000000000000000000e+00 2.000000000000000000e+00
4.358459999999982756e+03 -4.000000000000000000e+00 2.000000000000000000e+00
4.359939999999982319e+03 -4.000000000000000000e+00 2.000000000000000000e+00
4.361419999999981883e+03 -4.000000000000000000e+00 2.000000000000000000e+00
4.362899999999981446e+03 -4.000000000000000000e+00 2.000000000000000000e+00
4.364379999999981010e+03 -4.000000000000000000e+00 2.000000000000000000e+00
4.365859999999980573e+03 -4.000000000000000000e+00 2.000000000000000000e+00
4.367339999999980137e+03 -4.000000000000000000e+00 2.000000000000000000e+00
4.368819999999979700e+03 -4.000000000000000000e+00 2.000000000000000000e+00
4.370299999999979264e+03 -4.000000000000000000e+00 2.000000000000000000e+00
4.371779999999978827e+03 -4.000000000000000000e+00 2.000000000000000000e+00
4.373259999999978390e+03 -4.000000000000000000e+00 2.000000000000000000e+00
4.374739999999977954e+03 -4.000000000000000000e+00 2.000000000000000000e+00
4.376219999999977517e+03 -4.000000000000000000e+00 2.000000000000000000e+00
4.377699999999977081e+03 -4.000000000000000000e+00 2.000000000000000000e+00
4.379179999999976644e+03 -4.000000000000000000e+00 2.000000000000000000e+00
4.380659999999976208e+03 -4.000000000000000000e+00 2.000000000000000000e+00
4.382139999999975771e+03 -4.000000000000000000e+00 2.000000000000000000e+00
4.383619999999975335e+03 -4.000000000000000000e+00 2.000000000000000000e+00
4.385099999999974898e+03 -4.000000000000000000e+00 2.000000000000000000e+00
4.386579999999974461e+03 -4.000000000000000000e+00 2.000000000000000000e+00
4.388059999999974025e+03 -4.000000000000000000e+00 2.000000000000000000e+00
4.389539999999973588e+03 -4.000000000000000000e+00 2.000000000000000000e+00
4.391019999999973152e+03 -4.000000000000000000e+00 2.000000000000000000e+00
4.392499999999972715e+03 -4.000000000000000000e+00 2.000000000000000000e+00
4.393979999999972279e+03 -4.000000000000000000e+00 2.000000000000000000e+00
4.395459999999971842e+03 -4.000000000000000000e+00 2.000000000000000000e+00
4.396939999999971405e+03 -4.000000000000000000e+00 2.000000000000000000e+00
4.398419999999970969e+03 -4.000000000000000000e+00 2.000000000000000000e+00
4.399899999999970532e+03 -4.000000000000000000e+00 2.000000000000000000e+00
4.401379999999970096e+03 -4.000000000000000000e+00 2.000000000000000000e+00
4.402859999999969659e+03 -4.000000000000000000e+00 2.000000000000000000e+00
4.404339999999969223e+03 -4.000000000000000000e+00 2.000000000000000000e+00
4.405819999999968786e+03 -4.000000000000000000e+00 2.000000000000000000e+00
4.407299999999968350e+03 -4.000000000000000000e+00 2.000000000000000000e+00
4.408779999999967913e+03 -4.000000000000000000e+00 2.000000000000000000e+00
4.410259999999967476e+03 -4.000000000000000000e+00 2.000000000000000000e+00
4.411739999999967040e+03 -4.000000000000000000e+00 2.000000000000000000e+00
4.413219999999966603e+03 -4.000000000000000000e+00 2.000000000000000000e+00
4.414699999999966167e+03 -4.000000000000000000e+00 2.000000000000000000e+00
4.416179999999965730e+03 -4.000000000000000000e+00 2.000000000000000000e+00
4.417659999999965294e+03 -4.000000000000000000e+00 2.000000000000000000e+00
4.419139999999964857e+03 -4.000000000000000000e+00 2.000000000000000000e+00
4.420619999999964421e+03 -4.000000000000000000e+00 2.000000000000000000e+00
4.422099999999963984e+03 -4.000000000000000000e+00 2.000000000000000000e+00
4.423579999999963547e+03 -4.000000000000000000e+00 2.000000000000000000e+00
4.425059999999963111e+03 -4.000000000000000000e+00 2.000000000000000000e+00
4.426539999999962674e+03 -4.000000000000000000e+00 2.000000000000000000e+00
4.428019999999962238e+03 -4.000000000000000000e+00 2.000000000000000000e+00
4.429499999999961801e+03 -4.000000000000000000e+00 2.000000000000000000e+00
4.430979999999961365e+03 -4.000000000000000000e+00 2.000000000000000000e+00
4.432459999999960928e+03 -4.000000000000000000e+00 2.000000000000000000e+00
4.433939999999960492e+03 -4.000000000000000000e+00 2.000000000000000000e+00
4.435419999999960055e+03 -4.000000000000000000e+00 2.000000000000000000e+00
4.436899999999959618e+03 -4.000000000000000000e+00 2.000000000000000000e+00
4.438379999999959182e+03 -4.000000000000000000e+00 2.000000000000000000e+00
4.439859999999958745e+03 -4.000000000000000000e+00 2.000000000000000000e+00
4.441339999999958309e+03 -4.000000000000000000e+00 2.000000000000000000e+00
4.442819999999957872e+03 -4.000000000000000000e+00 2.000000000000000000e+00
4.444299999999957436e+03 -4.000000000000000000e+00 2.000000000000000000e+00
4.445779999999956999e+03 -4.000000000000000000e+00 2.000000000000000000e+00
4.447259999999956563e+03 -4.000000000000000000e+00 2.000000000000000000e+00
4.448739999999956126e+03 -4.000000000000000000e+00 2.000000000000000000e+00
4.450219999999955689e+03 -4.000000000000000000e+00 2.000000000000000000e+00
4.451699999999955253e+03 3.508925437927246094e-02 1.262606494128704071e-02
4.453179999999954816e+03 3.504178673028945923e-02 1.249770354479551315e-02
4.454659999999954380e+03 2.930101938545703888e-02 1.193900499492883682e-02
4.456139999999953943e+03 3.659284859895706177e-02 1.230276376008987427e-02
4.457619999999953507e+03 3.619335219264030457e-02 1.240275986492633820e-02
4.459099999999953070e+03 5.850999802350997925e-02 1.329385023564100266e-02
4.460579999999952634e+03 7.739017158746719360e-02 1.391072012484073639e-02
4.462059999999952197e+03 5.256237462162971497e-02 1.303488574922084808e-02
4.463539999999951760e+03 3.384393453598022461e-02 1.224476844072341919e-02
4.465019999999951324e+03 6.969868391752243042e-02 1.369825750589370728e-02
4.466499999999950887e+03 5.456700176000595093e-02 1.328657567501068115e-02
4.467979999999950451e+03 4.376853257417678833e-02 1.268287841230630875e-02
4.469459999999950014e+03 6.419304758310317993e-02 1.319082267582416534e-02
4.470939999999949578e+03 5.023266654461622238e-03 1.063517387956380844e-02
4.472419999999949141e+03 6.676867604255676270e-02 1.347014028578996658e-02
4.473899999999948704e+03 6.591404229402542114e-02 1.360009424388408661e-02
4.475379999999948268e+03 3.378231078386306763e-02 1.243956573307514191e-02
4.476859999999947831e+03 6.388463079929351807e-02 1.383055560290813446e-02
4.478339999999947395e+03 7.079930603504180908e-02 1.377138309180736542e-02
4.479819999999946958e+03 4.835963249206542969e-02 1.255872752517461777e-02
4.481299999999946522e+03 6.814700365066528320e-02 1.343504432588815689e-02
4.482779999999946085e+03 4.825909435749053955e-02 1.257069036364555359e-02
4.484259999999945649e+03 6.154227256774902344e-02 1.345109939575195312e-02
4.485739999999945212e+03 6.118799746036529541e-02 1.358448900282382965e-02
4.487219999999944775e+03 7.582173496484756470e-02 1.375362556427717209e-02
4.488699999999944339e+03 7.480224221944808960e-02 1.347809191793203354e-02
4.490179999999943902e+03 7.099889963865280151e-02 1.338503044098615646e-02
4.491659999999943466e+03 3.419595956802368164e-02 1.213121786713600159e-02
4.493139999999943029e+03 6.508731842041015625e-02 1.338403951376676559e-02
4.494619999999942593e+03 6.217990070581436157e-02 1.316075213253498077e-02
4.496099999999942156e+03 5.948473513126373291e-02 1.303059235215187073e-02
4.497579999999941720e+03 2.867533080279827118e-02 1.202949695289134979e-02
4.499059999999941283e+03 5.640293657779693604e-02 1.305863168090581894e-02
4.500539999999940846e+03 5.524559319019317627e-02 1.288370508700609207e-02
4.502019999999940410e+03 5.767641216516494751e-02 1.302043814212083817e-02
4.503499999999939973e+03 4.254490882158279419e-02 1.254624966531991959e-02
4.504979999999939537e+03 4.638023674488067627e-02 1.274709124118089676e-02
4.506459999999939100e+03 4.441833496093750000e-02 1.256862934678792953e-02
4.507939999999938664e+03 5.866277590394020081e-02 1.298479735851287842e-02
4.509419999999938227e+03 4.446997120976448059e-02 1.233357097953557968e-02
4.510899999999937791e+03 3.721753507852554321e-02 1.220772694796323776e-02
4.512379999999937354e+03 3.120144456624984741e-02 1.164245419204235077e-02
4.513859999999936917e+03 6.235107406973838806e-02 1.284259650856256485e-02
4.515339999999936481e+03 3.775668516755104065e-02 1.198209449648857117e-02
4.516819999999936044e+03 4.487123712897300720e-02 1.238409616053104401e-02
4.518299999999935608e+03 6.768590211868286133e-02 1.308134105056524277e-02
4.519779999999935171e+03 4.555420204997062683e-02 1.245160866528749466e-02
4.521259999999934735e+03 3.541906177997589111e-02 1.234767120331525803e-02
4.522739999999934298e+03 4.561617970466613770e-02 1.229768153280019760e-02
4.524219999999933862e+03 6.544193625450134277e-02 1.298978086560964584e-02
4.525699999999933425e+03 6.252069771289825439e-02 1.272980030626058578e-02
4.527179999999932988e+03 5.645434185862541199e-02 1.233850885182619095e-02
4.528659999999932552e+03 4.651345312595367432e-02 1.210463140159845352e-02
4.530139999999932115e+03 3.829257562756538391e-02 1.195275504142045975e-02
4.531619999999931679e+03 2.421470731496810913e-02 1.129120588302612305e-02
4.533099999999931242e+03 3.804606944322586060e-02 1.196867134422063828e-02
4.534579999999930806e+03 5.026781186461448669e-02 1.233327481895685196e-02
4.536059999999930369e+03 3.946167603135108948e-02 1.186397206038236618e-02
4.537539999999929933e+03 4.215944558382034302e-02 1.241052523255348206e-02
4.539019999999929496e+03 7.532501220703125000e-02 1.354896556586027145e-02
4.540499999999929059e+03 3.431805968284606934e-02 1.191021781414747238e-02
4.541979999999928623e+03 3.008888103067874908e-02 1.169010065495967865e-02
4.543459999999928186e+03 5.043416842818260193e-02 1.261400990188121796e-02
4.544939999999927750e+03 5.440301075577735901e-02 1.264346484094858170e-02
4.546419999999927313e+03 4.941508919000625610e-02 1.228974293917417526e-02
4.547899999999926877e+03 4.630207642912864685e-02 1.205142214894294739e-02
4.549379999999926440e+03 3.065085224807262421e-02 1.142109837383031845e-02
4.550859999999926004e+03 3.461094945669174194e-02 1.128447242081165314e-02
4.552339999999925567e+03 4.229358583688735962e-02 1.195077132433652878e-02
4.553819999999925130e+03 4.140560328960418701e-02 1.164961978793144226e-02
4.555299999999924694e+03 4.835694283246994019e-02 1.176638808101415634e-02
4.556779999999924257e+03 5.076669156551361084e-02 1.198797021061182022e-02
4.558259999999923821e+03 6.247612833976745605e-02 1.267864555120468140e-02
4.559739999999923384e+03 6.370434910058975220e-02 1.259462814778089523e-02
4.561219999999922948e+03 5.113825201988220215e-02 1.227029226720333099e-02
4.562699999999922511e+03 4.690538346767425537e-02 1.190853212028741837e-02
4.564179999999922074e+03 5.783889815211296082e-02 1.215055584907531738e-02
4.565659999999921638e+03 6.011925637722015381e-02 1.201136969029903412e-02
4.567139999999921201e+03 6.367576122283935547e-02 1.237872336059808731e-02
4.568619999999920765e+03 4.305962845683097839e-02 1.166699174791574478e-02
4.570099999999920328e+03 6.058457121253013611e-02 1.204069331288337708e-02
4.571579999999919892e+03 3.453455120325088501e-02 1.117129437625408173e-02
4.573059999999919455e+03 4.870277643203735352e-02 1.168598514050245285e-02
4.574539999999919019e+03 6.211651116609573364e-02 1.208642311394214630e-02
4.576019999999918582e+03 4.420845583081245422e-02 1.156496535986661911e-02
4.577499999999918145e+03 3.556539118289947510e-02 1.147479563951492310e-02
4.578979999999917709e+03 9.582912921905517578e-02 1.334095280617475510e-02
4.580459999999917272e+03 4.890343174338340759e-02 1.171773672103881836e-02
4.581939999999916836e+03 3.018130548298358917e-02 1.111930236220359802e-02
4.583419999999916399e+03 6.653742492198944092e-02 1.211503986269235611e-02
4.584899999999915963e+03 6.378056108951568604e-02 1.202714908868074417e-02
4.586379999999915526e+03 4.720507189631462097e-02 1.152117177844047546e-02
4.587859999999915090e+03 4.597342014312744141e-02 1.156103052198886871e-02
4.589339999999914653e+03 5.060270428657531738e-02 1.161040179431438446e-02
4.590819999999914216e+03 3.060958161950111389e-02 1.075646653771400452e-02
4.592299999999913780e+03 4.804052412509918213e-02 1.120963506400585175e-02
4.593779999999913343e+03 6.516227126121520996e-02 1.183489616960287094e-02
4.595259999999912907e+03 5.725458264350891113e-02 1.160007342696189880e-02
4.596739999999912470e+03 6.862422078847885132e-02 1.202704012393951416e-02
4.598219999999912034e+03 7.374233007431030273e-02 1.222083624452352524e-02
4.599699999999911597e+03 3.948098793625831604e-02 1.094738207757472992e-02
4.601179999999911161e+03 6.201378256082534790e-02 1.171064749360084534e-02
4.602659999999910724e+03 5.491748452186584473e-02 1.146017294377088547e-02
4.604139999999910287e+03 3.715204074978828430e-02 1.073898375034332275e-02
4.605619999999909851e+03 6.130470335483551025e-02 1.173646003007888794e-02
4.607099999999909414e+03 5.847005918622016907e-02 1.147838123142719269e-02
4.608579999999908978e+03 5.826660990715026855e-02 1.169432885944843292e-02
4.610059999999908541e+03 6.541533768177032471e-02 1.195570174604654312e-02
4.611539999999908105e+03 6.243542209267616272e-02 1.177034433931112289e-02
4.613019999999907668e+03 6.395573914051055908e-02 1.162247825413942337e-02
4.614499999999907232e+03 3.646825253963470459e-02 1.068322360515594482e-02
4.615979999999906795e+03 5.307277664542198181e-02 1.150449085980653763e-02
4.617459999999906358e+03 3.963386639952659607e-02 1.090804580599069595e-02
4.618939999999905922e+03 4.323372989892959595e-02 1.092829462140798569e-02
4.620419999999905485e+03 4.648505523800849915e-02 1.119105704128742218e-02
4.621899999999905049e+03 7.932798564434051514e-02 1.227837894111871719e-02
4.623379999999904612e+03 4.753544926643371582e-02 1.116944570094347000e-02
4.624859999999904176e+03 4.710669443011283875e-02 1.103447284549474716e-02
4.626339999999903739e+03 4.077202454209327698e-02 1.091613620519638062e-02
4.627819999999903303e+03 6.983848661184310913e-02 1.185491215437650681e-02
4.629299999999902866e+03 5.012039840221405029e-02 1.099972054362297058e-02
4.630779999999902429e+03 3.358009457588195801e-02 1.064494904130697250e-02
4.632259999999901993e+03 5.936602503061294556e-02 1.141462381929159164e-02
4.633739999999901556e+03 5.947495251893997192e-02 1.135114021599292755e-02
4.635219999999901120e+03 2.780766971409320831e-02 1.020845212042331696e-02
4.636699999999900683e+03 4.871297627687454224e-02 1.092024706304073334e-02
4.638179999999900247e+03 5.014250054955482483e-02 1.090989075601100922e-02
4.639659999999899810e+03 4.540172964334487915e-02 1.066322531551122665e-02
4.641139999999899374e+03 6.488276273012161255e-02 1.148757711052894592e-02
4.642619999999898937e+03 6.361038237810134888e-02 1.145688630640506744e-02
4.644099999999898500e+03 4.433024302124977112e-02 1.054260600358247757e-02
4.645579999999898064e+03 3.613478690385818481e-02 1.017803233116865158e-02
4.647059999999897627e+03 6.562554836273193359e-02 1.112944167107343674e-02
4.648539999999897191e+03 6.283187121152877808e-02 1.100100670009851456e-02
4.650019999999896754e+03 3.279224783182144165e-02 1.013940759003162384e-02
4.651499999999896318e+03 5.554177612066268921e-02 1.095095742493867874e-02
4.652979999999895881e+03 5.415677279233932495e-02 1.083447504788637161e-02
4.654459999999895444e+03 5.261088162660598755e-02 1.073316391557455063e-02
4.655939999999895008e+03 5.153593048453330994e-02 1.063066627830266953e-02
4.657419999999894571e+03 4.866802692413330078e-02 1.086603198200464249e-02
4.658899999999894135e+03 6.047179549932479858e-02 1.147920917719602585e-02
4.660379999999893698e+03 6.799703836441040039e-02 1.154099404811859131e-02
4.661859999999893262e+03 3.963370248675346375e-02 1.063756644725799561e-02
4.663339999999892825e+03 3.598131611943244934e-02 1.045541744679212570e-02
4.664819999999892389e+03 4.403908178210258484e-02 1.054801512509584427e-02
4.666299999999891952e+03 5.660412460565567017e-02 1.076610200107097626e-02
4.667779999999891515e+03 5.261588096618652344e-02 1.044509280472993851e-02
4.669259999999891079e+03 4.936373233795166016e-02 1.049426104873418808e-02
4.670739999999890642e+03 4.698561131954193115e-02 1.053114794194698334e-02
4.672219999999890206e+03 4.741689935326576233e-02 1.051869243383407593e-02
4.673699999999889769e+03 5.235210806131362915e-02 1.071079447865486145e-02
4.675179999999889333e+03 6.170276552438735962e-02 1.110465824604034424e-02
4.676659999999888896e+03 8.052451908588409424e-02 1.162266731262207031e-02
4.678139999999888460e+03 7.116243243217468262e-02 1.141827180981636047e-02
4.679619999999888023e+03 5.034851282835006714e-02 1.069017685949802399e-02
4.681099999999887586e+03 5.509855598211288452e-02 1.066102273762226105e-02
4.682579999999887150e+03 4.618740454316139221e-02 1.051227841526269913e-02
4.684059999999886713e+03 4.657563194632530212e-02 1.061652973294258118e-02
4.685539999999886277e+03 5.411208048462867737e-02 1.079709827899932861e-02
4.687019999999885840e+03 4.223265126347541809e-02 1.023329235613346100e-02
4.688499999999885404e+03 4.899431765079498291e-02 1.039469335228204727e-02
4.689979999999884967e+03 5.102369934320449829e-02 1.050843764096498489e-02
4.691459999999884531e+03 3.902039676904678345e-02 1.001331582665443420e-02
4.692939999999884094e+03 3.728945925831794739e-02 9.960386902093887329e-03
4.694419999999883657e+03 4.726751148700714111e-02 1.027388405054807663e-02
4.695899999999883221e+03 3.937787562608718872e-02 1.004827488213777542e-02
4.697379999999882784e+03 4.935204982757568359e-02 1.020959764719009399e-02
4.698859999999882348e+03 4.239170625805854797e-02 9.999387897551059723e-03
4.700339999999881911e+03 3.723292425274848938e-02 9.768103249371051788e-03
4.701819999999881475e+03 5.480078235268592834e-02 1.038712542504072189e-02
4.703299999999881038e+03 4.364743456244468689e-02 9.949341416358947754e-03
4.704779999999880602e+03 5.518458038568496704e-02 1.028142683207988739e-02
4.706259999999880165e+03 5.643700063228607178e-02 1.050223503261804581e-02
4.707739999999879728e+03 4.100536182522773743e-02 9.994678199291229248e-03
4.709219999999879292e+03 4.478302597999572754e-02 1.003885082900524139e-02
4.710699999999878855e+03 4.939471557736396790e-02 1.023399829864501953e-02
4.712179999999878419e+03 5.714922398328781128e-02 1.050879433751106262e-02
4.713659999999877982e+03 4.857334494590759277e-02 1.010909117758274078e-02
4.715139999999877546e+03 1.881810277700424194e-02 8.996838703751564026e-03
4.716619999999877109e+03 5.094494298100471497e-02 1.015014387667179108e-02
4.718099999999876673e+03 6.152246147394180298e-02 1.080546155571937561e-02
4.719579999999876236e+03 5.784959346055984497e-02 1.063491869717836380e-02
4.721059999999875799e+03 5.292727798223495483e-02 1.023263204842805862e-02
4.722539999999875363e+03 6.682160496711730957e-02 1.075356733053922653e-02
4.724019999999874926e+03 6.443396955728530884e-02 1.089049410074949265e-02
4.725499999999874490e+03 3.348195180296897888e-02 9.762804955244064331e-03
4.726979999999874053e+03 4.335987195372581482e-02 9.920424781739711761e-03
4.728459999999873617e+03 7.454532384872436523e-02 1.078527234494686127e-02
4.729939999999873180e+03 8.184918016195297241e-02 1.110617257654666901e-02
4.731419999999872744e+03 5.112997442483901978e-02 1.010054163634777069e-02
4.732899999999872307e+03 4.567445069551467896e-02 9.940912015736103058e-03
4.734379999999871870e+03 7.187292724847793579e-02 1.064982172101736069e-02
4.735859999999871434e+03 7.539335638284683228e-02 1.082457881420850754e-02
4.737339999999870997e+03 6.679523736238479614e-02 1.057881303131580353e-02
4.738819999999870561e+03 4.209974035620689392e-02 9.708195924758911133e-03
4.740299999999870124e+03 4.228751361370086670e-02 9.735117666423320770e-03
4.741779999999869688e+03 5.497347563505172729e-02 1.019895263016223907e-02
4.743259999999869251e+03 3.874523937702178955e-02 9.794672951102256775e-03
4.744739999999868814e+03 5.087989196181297302e-02 1.007380988448858261e-02
4.746219999999868378e+03 5.496435612440109253e-02 1.015819609165191650e-02
4.747699999999867941e+03 4.362743347883224487e-02 9.916683658957481384e-03
4.749179999999867505e+03 6.282516568899154663e-02 1.048745308071374893e-02
4.750659999999867068e+03 2.817909978330135345e-02 9.126069955527782440e-03
4.752139999999866632e+03 5.811196565628051758e-02 1.011473499238491058e-02
4.753619999999866195e+03 6.735335290431976318e-02 1.041905675083398819e-02
4.755099999999865759e+03 6.560562551021575928e-02 1.032981835305690765e-02
4.756579999999865322e+03 6.182762235403060913e-02 1.025431882590055466e-02
4.758059999999864885e+03 5.697699636220932007e-02 1.015587523579597473e-02
4.759539999999864449e+03 3.727208450436592102e-02 9.523236192762851715e-03
4.761019999999864012e+03 5.433540791273117065e-02 1.009784732013940811e-02
4.762499999999863576e+03 5.482329800724983215e-02 9.918696247041225433e-03
4.763979999999863139e+03 6.022230535745620728e-02 1.002903748303651810e-02
4.765459999999862703e+03 5.909496918320655823e-02 1.014661788940429688e-02
4.766939999999862266e+03 5.995367467403411865e-02 1.016982644796371460e-02
4.768419999999861830e+03 5.820188671350479126e-02 1.011178456246852875e-02
4.769899999999861393e+03 6.602678447961807251e-02 1.037301775068044662e-02
4.771379999999860956e+03 6.518498063087463379e-02 1.039012335240840912e-02
4.772859999999860520e+03 4.729494079947471619e-02 9.813861921429634094e-03
4.774339999999860083e+03 6.055932492017745972e-02 1.021839771419763565e-02
4.775819999999859647e+03 5.785739421844482422e-02 1.009435392916202545e-02
4.777299999999859210e+03 6.009063869714736938e-02 1.029681880027055740e-02
4.778779999999858774e+03 3.502481430768966675e-02 9.400679729878902435e-03
4.780259999999858337e+03 5.152951553463935852e-02 9.848295710980892181e-03
4.781739999999857901e+03 4.305793344974517822e-02 9.516256861388683319e-03
4.783219999999857464e+03 4.966562241315841675e-02 9.777396917343139648e-03
4.784699999999857027e+03 4.144973680377006531e-02 9.580849669873714447e-03
4.786179999999856591e+03 5.067266896367073059e-02 9.833531454205513000e-03
4.787659999999856154e+03 4.941179603338241577e-02 9.719340130686759949e-03
4.789139999999855718e+03 4.859695583581924438e-02 9.673680178821086884e-03
4.790619999999855281e+03 5.801568180322647095e-02 1.001721154898405075e-02
4.792099999999854845e+03 5.640421807765960693e-02 1.014816388487815857e-02
4.793579999999854408e+03 5.260498821735382080e-02 9.952596388757228851e-03
4.795059999999853972e+03 6.986117362976074219e-02 1.047828700393438339e-02
4.796539999999853535e+03 5.099584162235260010e-02 9.870889596641063690e-03
4.798019999999853098e+03 4.422491043806076050e-02 9.617665782570838928e-03
4.799499999999852662e+03 4.065596312284469604e-02 9.332812391221523285e-03
4.800979999999852225e+03 5.310888588428497314e-02 9.768317453563213348e-03
4.802459999999851789e+03 4.880080372095108032e-02 9.660235606133937836e-03
4.803939999999851352e+03 6.188863888382911682e-02 1.020205114036798477e-02
4.805419999999850916e+03 3.871358186006546021e-02 9.476003237068653107e-03
4.806899999999850479e+03 2.886836975812911987e-02 9.013689123094081879e-03
4.808379999999850043e+03 7.379248738288879395e-02 1.036658789962530136e-02
4.809859999999849606e+03 5.103796720504760742e-02 9.709374047815799713e-03
4.811339999999849169e+03 4.231885820627212524e-02 9.611825458705425262e-03
4.812819999999848733e+03 4.926547780632972717e-02 9.702486917376518250e-03
4.814299999999848296e+03 6.518147140741348267e-02 1.030185259878635406e-02
4.815779999999847860e+03 3.405546024441719055e-02 9.271021001040935516e-03
4.817259999999847423e+03 4.762761294841766357e-02 9.907834231853485107e-03
4.818739999999846987e+03 3.595837205648422241e-02 9.483739733695983887e-03
4.820219999999846550e+03 4.838159680366516113e-02 9.999960660934448242e-03
4.821699999999846113e+03 6.417887657880783081e-02 1.032034214586019516e-02
4.823179999999845677e+03 5.022784322500228882e-02 9.797620587050914764e-03
4.824659999999845240e+03 3.539248183369636536e-02 9.427920915186405182e-03
4.826139999999844804e+03 2.409216389060020447e-02 8.986202999949455261e-03
4.827619999999844367e+03 5.977350845932960510e-02 1.021163165569305420e-02
4.829099999999843931e+03 5.261786654591560364e-02 9.928731247782707214e-03
4.830579999999843494e+03 4.717279970645904541e-02 9.793990291655063629e-03
4.832059999999843058e+03 5.786071717739105225e-02 1.010160800069570541e-02
4.833539999999842621e+03 4.512833058834075928e-02 9.817244485020637512e-03
4.835019999999842184e+03 4.145064204931259155e-02 9.559347294270992279e-03
4.836499999999841748e+03 5.088207870721817017e-02 9.792979806661605835e-03
4.837979999999841311e+03 4.665723443031311035e-02 9.784852154552936554e-03
4.839459999999840875e+03 4.137837886810302734e-02 9.546875022351741791e-03
4.840939999999840438e+03 3.890256583690643311e-02 9.291617199778556824e-03
4.842419999999840002e+03 5.683489888906478882e-02 9.921537712216377258e-03
4.843899999999839565e+03 4.931015521287918091e-02 9.584740735590457916e-03
4.845379999999839129e+03 3.959006071090698242e-02 9.362939745187759399e-03
4.846859999999838692e+03 3.994967788457870483e-02 9.410043247044086456e-03
4.848339999999838255e+03 4.294793307781219482e-02 9.314578957855701447e-03
4.849819999999837819e+03 4.757296293973922729e-02 9.385718964040279388e-03
4.851299999999837382e+03 3.769316524267196655e-02 9.151537902653217316e-03
4.852779999999836946e+03 3.030472248792648315e-02 9.020500816404819489e-03
4.854259999999836509e+03 4.351968318223953247e-02 9.281481616199016571e-03
4.855739999999836073e+03 5.729223787784576416e-02 9.491821750998497009e-03
4.857219999999835636e+03 4.131820052862167358e-02 8.836570195853710175e-03
4.858699999999835200e+03 4.024664685130119324e-02 8.810101076960563660e-03
4.860179999999834763e+03 4.202168807387351990e-02 8.975908160209655762e-03
4.861659999999834326e+03 5.639931932091712952e-02 9.524225257337093353e-03
4.863139999999833890e+03 4.959021508693695068e-02 9.038250893354415894e-03
4.864619999999833453e+03 3.867449611425399780e-02 8.675114251673221588e-03
4.866099999999833017e+03 5.027721822261810303e-02 9.217503480613231659e-03
4.867579999999832580e+03 4.159305989742279053e-02 9.023819118738174438e-03
4.869059999999832144e+03 6.405659019947052002e-02 9.827114641666412354e-03
4.870539999999831707e+03 5.663593113422393799e-02 9.409003891050815582e-03
4.872019999999831271e+03 4.630448669195175171e-02 9.492182172834873199e-03
4.873499999999830834e+03 5.020850524306297302e-02 1.727534458041191101e-02
4.874979999999830397e+03 4.760817438364028931e-02 1.061515137553215027e-02
4.876459999999829961e+03 7.366743683815002441e-02 1.015252713114023209e-02
4.877939999999829524e+03 7.217533141374588013e-02 1.010684575885534286e-02
4.879419999999829088e+03 4.110628366470336914e-02 9.171263314783573151e-03
4.880899999999828651e+03 3.832070529460906982e-02 9.110619314014911652e-03
4.882379999999828215e+03 4.122455418109893799e-02 9.091120213270187378e-03
4.883859999999827778e+03 3.566980361938476562e-02 8.862214162945747375e-03
4.885339999999827342e+03 3.348650038242340088e-02 8.738770149648189545e-03
4.886819999999826905e+03 4.186405241489410400e-02 9.021368809044361115e-03
4.888299999999826468e+03 3.786181658506393433e-02 8.968027308583259583e-03
4.889779999999826032e+03 5.214930325746536255e-02 9.348435327410697937e-03
4.891259999999825595e+03 4.178496077656745911e-02 8.927624672651290894e-03
4.892739999999825159e+03 4.839861020445823669e-02 9.283365681767463684e-03
4.894219999999824722e+03 7.115633785724639893e-02 1.013333629816770554e-02
4.895699999999824286e+03 6.249225139617919922e-02 9.858193807303905487e-03
4.897179999999823849e+03 4.979857802391052246e-02 9.461824782192707062e-03
4.898659999999823413e+03 5.487480014562606812e-02 9.519478306174278259e-03
4.900139999999822976e+03 5.840380117297172546e-02 9.533870965242385864e-03
4.901619999999822539e+03 5.700116604566574097e-02 9.543173015117645264e-03
4.903099999999822103e+03 5.361136421561241150e-02 9.385300800204277039e-03
4.904579999999821666e+03 3.320531919598579407e-02 8.809389546513557434e-03
4.906059999999821230e+03 4.271122440695762634e-02 9.162782691419124603e-03
4.907539999999820793e+03 5.316462740302085876e-02 9.295460768043994904e-03
4.909019999999820357e+03 6.188296526670455933e-02 9.533649310469627380e-03
4.910499999999819920e+03 6.942252814769744873e-02 9.761680848896503448e-03
4.911979999999819483e+03 5.773194879293441772e-02 9.511390700936317444e-03
4.913459999999819047e+03 4.294543340802192688e-02 9.164016693830490112e-03
4.914939999999818610e+03 4.016510024666786194e-02 9.041033685207366943e-03
4.916419999999818174e+03 4.834973067045211792e-02 9.208085946738719940e-03
4.917899999999817737e+03 3.639243543148040771e-02 8.569156751036643982e-03
4.919379999999817301e+03 5.349256098270416260e-02 9.105343371629714966e-03
4.920859999999816864e+03 6.374831497669219971e-02 9.512124583125114441e-03
4.922339999999816428e+03 6.744056195020675659e-02 9.660535492002964020e-03
4.923819999999815991e+03 5.218858271837234497e-02 9.222475811839103699e-03
4.925299999999815554e+03 4.418472573161125183e-02 9.011623449623584747e-03
4.926779999999815118e+03 5.004567652940750122e-02 9.120509028434753418e-03
4.928259999999814681e+03 5.632777884602546692e-02 9.438924491405487061e-03
4.929739999999814245e+03 5.991952866315841675e-02 9.464506059885025024e-03
4.931219999999813808e+03 6.931591778993606567e-02 9.838301688432693481e-03
4.932699999999813372e+03 6.109843403100967407e-02 9.429981932044029236e-03
4.934179999999812935e+03 3.989049419760704041e-02 8.797291666269302368e-03
4.935659999999812499e+03 4.939359426498413086e-02 9.220222011208534241e-03
4.937139999999812062e+03 5.368668586015701294e-02 9.412662126123905182e-03
4.938619999999811625e+03 5.921065062284469604e-02 9.460703469812870026e-03
4.940099999999811189e+03 5.211536213755607605e-02 9.184184484183788300e-03
4.941579999999810752e+03 5.160303413867950439e-02 9.160080924630165100e-03
4.943059999999810316e+03 5.240211263298988342e-02 9.252063930034637451e-03
4.944539999999809879e+03 5.097103863954544067e-02 9.239731356501579285e-03
4.946019999999809443e+03 7.350296527147293091e-02 9.806297719478607178e-03
4.947499999999809006e+03 5.921079218387603760e-02 9.549196809530258179e-03
4.948979999999808570e+03 6.418050080537796021e-02 9.618207812309265137e-03
4.950459999999808133e+03 5.681715160608291626e-02 9.470224380493164062e-03
4.951939999999807696e+03 4.628925397992134094e-02 9.192461147904396057e-03
4.953419999999807260e+03 3.913313895463943481e-02 8.954667486250400543e-03
4.954899999999806823e+03 3.411196172237396240e-02 8.561167865991592407e-03
4.956379999999806387e+03 6.295916438102722168e-02 9.350210428237915039e-03
4.957859999999805950e+03 6.724016368389129639e-02 9.381407871842384338e-03
4.959339999999805514e+03 5.846071988344192505e-02 9.316247887909412384e-03
4.960819999999805077e+03 4.898550361394882202e-02 9.212368167936801910e-03
4.962299999999804641e+03 5.680715665221214294e-02 9.454100392758846283e-03
4.963779999999804204e+03 5.617360770702362061e-02 9.377134963870048523e-03
4.965259999999803767e+03 6.892350316047668457e-02 9.732598438858985901e-03
4.966739999999803331e+03 6.824457645416259766e-02 9.703399613499641418e-03
4.968219999999802894e+03 6.488676369190216064e-02 9.598224423825740814e-03
4.969699999999802458e+03 4.382107406854629517e-02 8.872786536812782288e-03
4.971179999999802021e+03 4.677190259099006653e-02 9.045360609889030457e-03
4.972659999999801585e+03 7.689443230628967285e-02 1.003818772733211517e-02
4.974139999999801148e+03 7.302691787481307983e-02 9.809152223169803619e-03
4.975619999999800712e+03 7.527443766593933105e-02 9.896756149828433990e-03
4.977099999999800275e+03 4.407255351543426514e-02 9.087457321584224701e-03
4.978579999999799838e+03 3.809615969657897949e-02 8.664021268486976624e-03
4.980059999999799402e+03 4.836889356374740601e-02 8.952112868428230286e-03
4.981539999999798965e+03 3.396766632795333862e-02 8.394832722842693329e-03
4.983019999999798529e+03 6.918311864137649536e-02 9.340239688754081726e-03
4.984499999999798092e+03 6.556112319231033325e-02 9.254229255020618439e-03
4.985979999999797656e+03 4.501438885927200317e-02 8.824297226965427399e-03
4.987459999999797219e+03 5.317882820963859558e-02 9.134435094892978668e-03
4.988939999999796783e+03 6.429214775562286377e-02 9.482818655669689178e-03
4.990419999999796346e+03 5.385472252964973450e-02 9.159046225249767303e-03
4.991899999999795909e+03 5.622598156332969666e-02 9.197174571454524994e-03
4.993379999999795473e+03 5.259121954441070557e-02 9.073995985090732574e-03
4.994859999999795036e+03 4.508439451456069946e-02 8.865449577569961548e-03
4.996339999999794600e+03 4.210284724831581116e-02 8.767159655690193176e-03
4.997819999999794163e+03 5.278168618679046631e-02 9.171712212264537811e-03
4.999299999999793727e+03 4.079445451498031616e-02 8.530324324965476990e-03
5.000779999999793290e+03 5.977191776037216187e-02 9.221184067428112030e-03
5.002259999999792853e+03 5.126549676060676575e-02 8.967116475105285645e-03
5.003739999999792417e+03 4.398111999034881592e-02 8.932935073971748352e-03
5.005219999999791980e+03 3.671882301568984985e-02 8.434392511844635010e-03
5.006699999999791544e+03 3.402861952781677246e-02 8.417876437306404114e-03
5.008179999999791107e+03 4.452576488256454468e-02 8.822468109428882599e-03
5.009659999999790671e+03 5.662158131599426270e-02 9.108902886509895325e-03
5.011139999999790234e+03 6.051659584045410156e-02 9.156612679362297058e-03
5.012619999999789798e+03 6.325962394475936890e-02 9.087022393941879272e-03
5.014099999999789361e+03 7.068715989589691162e-02 9.390472434461116791e-03
5.015579999999788924e+03 3.704103082418441772e-02 8.479452691972255707e-03
5.017059999999788488e+03 4.199712723493576050e-02 8.464559912681579590e-03
5.018539999999788051e+03 5.762523785233497620e-02 8.972215466201305389e-03
5.020019999999787615e+03 6.891116499900817871e-02 9.497751481831073761e-03
5.021499999999787178e+03 1.003724634647369385e-01 1.031786762177944183e-02
5.022979999999786742e+03 1.231587529182434082e-01 1.105542480945587158e-02
5.024459999999786305e+03 9.390167146921157837e-02 1.026188489049673080e-02
5.025939999999785869e+03 5.786502733826637268e-02 9.145786054432392120e-03
5.027419999999785432e+03 6.032148748636245728e-02 9.111549705266952515e-03
5.028899999999784995e+03 5.144851282238960266e-02 8.748326450586318970e-03
5.030379999999784559e+03 5.696886032819747925e-02 9.017411619424819946e-03
5.031859999999784122e+03 4.311092570424079895e-02 8.707925677299499512e-03
5.033339999999783686e+03 5.143565312027931213e-02 8.985624648630619049e-03
5.034819999999783249e+03 5.834478884935379028e-02 9.068861603736877441e-03
5.036299999999782813e+03 6.695695221424102783e-02 9.146916680037975311e-03
5.037779999999782376e+03 4.669132828712463379e-02 9.169211611151695251e-03
5.039259999999781940e+03 3.762995824217796326e-02 8.174612186849117279e-03
5.040739999999781503e+03 4.851383343338966370e-02 8.468580432236194611e-03
5.042219999999781066e+03 6.392431259155273438e-02 9.163141250610351562e-03
5.043699999999780630e+03 3.719816356897354126e-02 8.489272557199001312e-03
5.045179999999780193e+03 5.161688104271888733e-02 8.896052837371826172e-03
5.046659999999779757e+03 5.061164125800132751e-02 8.812040090560913086e-03
5.048139999999779320e+03 3.673781454563140869e-02 8.238341659307479858e-03
5.049619999999778884e+03 5.103728920221328735e-02 8.699488826096057892e-03
5.051099999999778447e+03 6.182242184877395630e-02 9.060202166438102722e-03
5.052579999999778011e+03 6.417571008205413818e-02 9.226485155522823334e-03
5.054059999999777574e+03 4.792517423629760742e-02 8.728953078389167786e-03
5.055539999999777137e+03 3.978031873703002930e-02 8.442425169050693512e-03
5.057019999999776701e+03 5.437771230936050415e-02 8.922329172492027283e-03
5.058499999999776264e+03 6.056088209152221680e-02 9.014819748699665070e-03
5.059979999999775828e+03 5.451541393995285034e-02 8.935048244893550873e-03
5.061459999999775391e+03 4.795574024319648743e-02 8.774966001510620117e-03
5.062939999999774955e+03 4.859277606010437012e-02 8.786306716501712799e-03
5.064419999999774518e+03 4.891452193260192871e-02 2.108992263674736023e-02
5.065899999999774082e+03 4.878872260451316833e-02 2.873410843312740326e-02
5.067379999999773645e+03 5.730646476149559021e-02 8.868300355970859528e-03
5.068859999999773208e+03 6.805414706468582153e-02 9.209150448441505432e-03
5.070339999999772772e+03 6.357748061418533325e-02 9.151925332844257355e-03
5.071819999999772335e+03 4.746584221720695496e-02 8.661278523504734039e-03
5.073299999999771899e+03 6.024276465177536011e-02 9.025746025145053864e-03
5.074779999999771462e+03 5.177490040659904480e-02 8.762565441429615021e-03
5.076259999999771026e+03 5.368304252624511719e-02 8.798293769359588623e-03
5.077739999999770589e+03 6.102419644594192505e-02 9.005460888147354126e-03
5.079219999999770152e+03 4.721017926931381226e-02 8.386452682316303253e-03
5.080699999999769716e+03 4.959189891815185547e-02 8.466975763440132141e-03
5.082179999999769279e+03 5.729853734374046326e-02 8.836023509502410889e-03
5.083659999999768843e+03 4.429135471582412720e-02 8.487782441079616547e-03
5.085139999999768406e+03 6.014450639486312866e-02 9.040423668920993805e-03
5.086619999999767970e+03 6.354455649852752686e-02 9.126648306846618652e-03
5.088099999999767533e+03 5.151151493191719055e-02 8.676030673086643219e-03
5.089579999999767097e+03 5.613669008016586304e-02 8.909824304282665253e-03
5.091059999999766660e+03 6.513525545597076416e-02 9.155523031949996948e-03
5.092539999999766223e+03 6.124398112297058105e-02 9.085480123758316040e-03
5.094019999999765787e+03 5.371275171637535095e-02 8.853932842612266541e-03
5.095499999999765350e+03 7.164774835109710693e-02 9.325262159109115601e-03
5.096979999999764914e+03 5.930051580071449280e-02 8.862574584782123566e-03
5.098459999999764477e+03 6.175416707992553711e-02 8.808072656393051147e-03
5.099939999999764041e+03 5.002873390913009644e-02 8.541746996343135834e-03
5.101419999999763604e+03 5.651693791151046753e-02 8.807469159364700317e-03
5.102899999999763168e+03 5.696771293878555298e-02 8.866820484399795532e-03
5.104379999999762731e+03 5.203067138791084290e-02 8.725668303668498993e-03
5.105859999999762294e+03 5.374919995665550232e-02 8.737044408917427063e-03
5.107339999999761858e+03 5.436756834387779236e-02 8.677675388753414154e-03
5.108819999999761421e+03 6.633712351322174072e-02 9.007198736071586609e-03
5.110299999999760985e+03 5.804309993982315063e-02 8.783009834587574005e-03
5.111779999999760548e+03 6.493494659662246704e-02 9.087809361517429352e-03
5.113259999999760112e+03 6.617642194032669067e-02 9.143060073256492615e-03
5.114739999999759675e+03 6.297348439693450928e-02 9.042487479746341705e-03
5.116219999999759239e+03 4.485614597797393799e-02 8.513306267559528351e-03
5.117699999999758802e+03 4.308152198791503906e-02 8.464473299682140350e-03
5.119179999999758365e+03 6.221443042159080505e-02 9.032126516103744507e-03
5.120659999999757929e+03 4.570708423852920532e-02 8.503730408847332001e-03
5.122139999999757492e+03 5.595175549387931824e-02 8.696348406374454498e-03
5.123619999999757056e+03 6.356830894947052002e-02 8.783610537648200989e-03
5.125099999999756619e+03 7.317624241113662720e-02 9.134624153375625610e-03
5.126579999999756183e+03 6.984262168407440186e-02 9.072253480553627014e-03
5.128059999999755746e+03 4.091887921094894409e-02 8.215822279453277588e-03
5.129539999999755310e+03 5.227249115705490112e-02 8.691578172147274017e-03
5.131019999999754873e+03 5.489055812358856201e-02 8.765656501054763794e-03
5.132499999999754436e+03 4.860962927341461182e-02 8.588942699134349823e-03
5.133979999999754000e+03 6.248950585722923279e-02 9.089834056794643402e-03
5.135459999999753563e+03 4.086022824048995972e-02 8.381803520023822784e-03
5.136939999999753127e+03 5.897429957985877991e-02 8.985152468085289001e-03
5.138419999999752690e+03 6.090363487601280212e-02 8.949824608862400055e-03
5.139899999999752254e+03 4.679287597537040710e-02 8.523935452103614807e-03
5.141379999999751817e+03 4.773900285363197327e-02 8.584495633840560913e-03
5.142859999999751381e+03 6.565351039171218872e-02 9.065249934792518616e-03
5.144339999999750944e+03 5.188784003257751465e-02 8.649823255836963654e-03
5.145819999999750507e+03 5.043425038456916809e-02 8.519841358065605164e-03
5.147299999999750071e+03 7.245245575904846191e-02 9.138050489127635956e-03
5.148779999999749634e+03 4.328496754169464111e-02 8.301548659801483154e-03
5.150259999999749198e+03 4.578524082899093628e-02 8.536486886441707611e-03
5.151739999999748761e+03 5.285831540822982788e-02 8.759906515479087830e-03
5.153219999999748325e+03 4.908417537808418274e-02 8.594081737101078033e-03
5.154699999999747888e+03 5.347993969917297363e-02 8.664484135806560516e-03
5.156179999999747452e+03 4.902437701821327209e-02 8.614512160420417786e-03
5.157659999999747015e+03 7.176078855991363525e-02 9.288473986089229584e-03
5.159139999999746578e+03 6.391804665327072144e-02 8.980573154985904694e-03
5.160619999999746142e+03 4.853927344083786011e-02 8.506665937602519989e-03
5.162099999999745705e+03 5.281058698892593384e-02 8.636798709630966187e-03
5.163579999999745269e+03 6.758759915828704834e-02 9.010287001729011536e-03
5.165059999999744832e+03 5.225721746683120728e-02 8.443539030849933624e-03
5.166539999999744396e+03 3.672011941671371460e-02 7.690504658967256546e-03
5.168019999999743959e+03 5.787718296051025391e-02 8.376735262572765350e-03
5.169499999999743522e+03 4.876608029007911682e-02 8.107357658445835114e-03
5.170979999999743086e+03 5.452699959278106689e-02 8.088946342468261719e-03
5.172459999999742649e+03 5.652825161814689636e-02 8.232844062149524689e-03
5.173939999999742213e+03 4.266188293695449829e-02 8.026259951293468475e-03
5.175419999999741776e+03 6.369837373495101929e-02 8.936668746173381805e-03
5.176899999999741340e+03 5.344695970416069031e-02 8.682496845722198486e-03
5.178379999999740903e+03 5.367057770490646362e-02 8.682096377015113831e-03
5.179859999999740467e+03 6.372623145580291748e-02 8.850002661347389221e-03
5.181339999999740030e+03 4.975761100649833679e-02 8.159164339303970337e-03
5.182819999999739593e+03 3.610387444496154785e-02 7.388272322714328766e-03
5.184299999999739157e+03 5.050937086343765259e-02 7.900293916463851929e-03
5.185779999999738720e+03 5.084247887134552002e-02 8.397016674280166626e-03
5.187259999999738284e+03 4.169885069131851196e-02 8.518088608980178833e-03
5.188739999999737847e+03 4.938989505171775818e-02 8.656029589474201202e-03
5.190219999999737411e+03 4.404177889227867126e-02 8.300593122839927673e-03
5.191699999999736974e+03 4.446751624345779419e-02 8.202864788472652435e-03
5.193179999999736538e+03 4.596228152513504028e-02 8.224219083786010742e-03
5.194659999999736101e+03 4.676086455583572388e-02 8.181768469512462616e-03
5.196139999999735664e+03 4.501200094819068909e-02 8.498135954141616821e-03
5.197619999999735228e+03 4.568943753838539124e-02 8.834153413772583008e-03
5.199099999999734791e+03 4.512841627001762390e-02 8.937078528106212616e-03
5.200579999999734355e+03 4.594801738858222961e-02 8.842058479785919189e-03
5.202059999999733918e+03 5.000855773687362671e-02 8.929380215704441071e-03
5.203539999999733482e+03 5.199228599667549133e-02 8.710190653800964355e-03
5.205019999999733045e+03 5.660688132047653198e-02 8.474566973745822906e-03
5.206499999999732609e+03 4.829537495970726013e-02 8.256757631897926331e-03
5.207979999999732172e+03 4.611995071172714233e-02 8.159579709172248840e-03
5.209459999999731735e+03 5.510559678077697754e-02 8.449158631265163422e-03
5.210939999999731299e+03 4.823612049221992493e-02 8.329289034008979797e-03
5.212419999999730862e+03 4.972015693783760071e-02 8.387289941310882568e-03
5.213899999999730426e+03 5.929785221815109253e-02 8.701982907950878143e-03
5.215379999999729989e+03 5.697952955961227417e-02 8.556562475860118866e-03
5.216859999999729553e+03 6.296849250793457031e-02 8.848718367516994476e-03
5.218339999999729116e+03 6.063137948513031006e-02 8.894838392734527588e-03
5.219819999999728680e+03 6.259742379188537598e-02 8.904726244509220123e-03
5.221299999999728243e+03 4.411976784467697144e-02 8.300424553453922272e-03
5.222779999999727806e+03 5.243780836462974548e-02 8.745862171053886414e-03
5.224259999999727370e+03 6.174049526453018188e-02 8.975896984338760376e-03
5.225739999999726933e+03 6.954453885555267334e-02 8.769420906901359558e-03
5.227219999999726497e+03 5.012927576899528503e-02 8.145531639456748962e-03
5.228699999999726060e+03 5.229032039642333984e-02 8.342841640114784241e-03
5.230179999999725624e+03 5.629525333642959595e-02 8.596724830567836761e-03
5.231659999999725187e+03 6.845329701900482178e-02 8.990342728793621063e-03
5.233139999999724751e+03 4.863205924630165100e-02 8.306596428155899048e-03
5.234619999999724314e+03 4.223468527197837830e-02 8.012162521481513977e-03
5.236099999999723877e+03 4.868266731500625610e-02 8.451240137219429016e-03
5.237579999999723441e+03 4.292238131165504456e-02 8.581548929214477539e-03
5.239059999999723004e+03 4.606681317090988159e-02 8.677269332110881805e-03
5.240539999999722568e+03 5.478214472532272339e-02 8.588945493102073669e-03
5.242019999999722131e+03 5.457590520381927490e-02 8.518210612237453461e-03
5.243499999999721695e+03 4.399432241916656494e-02 8.211636915802955627e-03
5.244979999999721258e+03 5.715107917785644531e-02 8.600694127380847931e-03
5.246459999999720822e+03 6.514485180377960205e-02 8.810695260763168335e-03
5.247939999999720385e+03 5.738804489374160767e-02 8.715038187801837921e-03
5.249419999999719948e+03 5.024127662181854248e-02 8.419227786362171173e-03
5.250899999999719512e+03 4.325136169791221619e-02 8.063732646405696869e-03
5.252379999999719075e+03 4.635152965784072876e-02 8.168706670403480530e-03
5.253859999999718639e+03 6.703180819749832153e-02 8.925813250243663788e-03
5.255339999999718202e+03 4.638873413205146790e-02 8.597214706242084503e-03
5.256819999999717766e+03 6.086131930351257324e-02 9.007724002003669739e-03
5.258299999999717329e+03 4.564627632498741150e-02 8.229678496718406677e-03
5.259779999999716892e+03 4.595143347978591919e-02 8.142987266182899475e-03
5.261259999999716456e+03 5.460728704929351807e-02 8.428772911429405212e-03
5.262739999999716019e+03 6.266087293624877930e-02 8.544482290744781494e-03
5.264219999999715583e+03 6.838746368885040283e-02 8.596281521022319794e-03
5.265699999999715146e+03 4.439295455813407898e-02 7.799264974892139435e-03
5.267179999999714710e+03 4.855682328343391418e-02 7.994947955012321472e-03
5.268659999999714273e+03 5.216101557016372681e-02 8.061903528869152069e-03
5.270139999999713837e+03 5.684939026832580566e-02 8.236070163547992706e-03
5.271619999999713400e+03 6.166793406009674072e-02 8.551549166440963745e-03
5.273099999999712963e+03 5.680221691727638245e-02 8.422068320214748383e-03
5.274579999999712527e+03 4.996531084179878235e-02 8.466931991279125214e-03
5.276059999999712090e+03 6.069040298461914062e-02 8.915360085666179657e-03
5.277539999999711654e+03 6.312283873558044434e-02 8.805899880826473236e-03
5.279019999999711217e+03 5.964524298906326294e-02 8.564107120037078857e-03
5.280499999999710781e+03 3.687534481287002563e-02 7.786695379763841629e-03
5.281979999999710344e+03 5.026720464229583740e-02 8.158703334629535675e-03
5.283459999999709908e+03 5.345776677131652832e-02 8.140253834426403046e-03
5.284939999999709471e+03 3.493811562657356262e-02 7.719153072685003281e-03
5.286419999999709034e+03 6.276838481426239014e-02 8.750181645154953003e-03
5.287899999999708598e+03 6.273494660854339600e-02 8.638811297714710236e-03
5.289379999999708161e+03 6.378328800201416016e-02 8.813896216452121735e-03
5.290859999999707725e+03 5.434287711977958679e-02 8.566168136894702911e-03
5.292339999999707288e+03 5.051134154200553894e-02 8.483185432851314545e-03
5.293819999999706852e+03 5.337017774581909180e-02 8.545216172933578491e-03
5.295299999999706415e+03 7.075011730194091797e-02 8.938093669712543488e-03
5.296779999999705979e+03 6.545040756464004517e-02 8.743003942072391510e-03
5.298259999999705542e+03 7.165356725454330444e-02 9.046659804880619049e-03
5.299739999999705105e+03 4.994806274771690369e-02 8.430737070739269257e-03
5.301219999999704669e+03 4.400138556957244873e-02 8.078194223344326019e-03
5.302699999999704232e+03 5.525328963994979858e-02 8.389676921069622040e-03
5.304179999999703796e+03 6.388088315725326538e-02 8.741114288568496704e-03
5.305659999999703359e+03 5.701563507318496704e-02 8.565234020352363586e-03
5.307139999999702923e+03 6.296012550592422485e-02 8.814411237835884094e-03
5.308619999999702486e+03 5.575046315789222717e-02 8.684444241225719452e-03
5.310099999999702050e+03 4.842482507228851318e-02 8.416508324444293976e-03
5.311579999999701613e+03 5.581682920455932617e-02 8.718099445104598999e-03
5.313059999999701176e+03 5.574515834450721741e-02 8.661624044179916382e-03
5.314539999999700740e+03 5.455419421195983887e-02 8.438192307949066162e-03
5.316019999999700303e+03 5.893789604306221008e-02 8.526157587766647339e-03
5.317499999999699867e+03 4.572213068604469299e-02 8.135333657264709473e-03
5.318979999999699430e+03 5.698346719145774841e-02 8.579215034842491150e-03
5.320459999999698994e+03 4.521529003977775574e-02 8.200268261134624481e-03
5.321939999999698557e+03 5.402838066220283508e-02 8.410017937421798706e-03
5.323419999999698121e+03 5.674231797456741333e-02 8.421697653830051422e-03
5.324899999999697684e+03 7.051660120487213135e-02 8.910586126148700714e-03
5.326379999999697247e+03 6.075178831815719604e-02 8.591677062213420868e-03
5.327859999999696811e+03 6.753011792898178101e-02 8.637423627078533173e-03
5.329339999999696374e+03 6.241870671510696411e-02 8.777958340942859650e-03
5.330819999999695938e+03 5.432701855897903442e-02 8.706909604370594025e-03
5.332299999999695501e+03 4.554970562458038330e-02 8.246029727160930634e-03
5.333779999999695065e+03 5.246130377054214478e-02 8.424714207649230957e-03
5.335259999999694628e+03 6.295802444219589233e-02 8.778723888099193573e-03
5.336739999999694192e+03 5.531248450279235840e-02 8.525543846189975739e-03
5.338219999999693755e+03 6.992748379707336426e-02 8.909426629543304443e-03
5.339699999999693318e+03 6.213995814323425293e-02 8.490924723446369171e-03
5.341179999999692882e+03 5.503592267632484436e-02 8.237584494054317474e-03
5.342659999999692445e+03 6.711140275001525879e-02 8.737777359783649445e-03
5.344139999999692009e+03 4.399865865707397461e-02 8.135261945426464081e-03
5.345619999999691572e+03 4.399720579385757446e-02 8.025864139199256897e-03
5.347099999999691136e+03 5.020978674292564392e-02 8.234593085944652557e-03
5.348579999999690699e+03 4.240823909640312195e-02 8.085053414106369019e-03
5.350059999999690262e+03 5.766120180487632751e-02 8.607520721852779388e-03
5.351539999999689826e+03 4.915322363376617432e-02 8.317410945892333984e-03
5.353019999999689389e+03 5.794444680213928223e-02 8.520031347870826721e-03
5.354499999999688953e+03 4.999158158898353577e-02 8.382288739085197449e-03
5.355979999999688516e+03 6.464557349681854248e-02 8.808642625808715820e-03
5.357459999999688080e+03 4.240464046597480774e-02 8.039499633014202118e-03
5.358939999999687643e+03 6.650285422801971436e-02 8.722211234271526337e-03
5.360419999999687207e+03 6.206090375781059265e-02 8.563701994717121124e-03
5.361899999999686770e+03 6.430228054523468018e-02 8.531161583960056305e-03
5.363379999999686333e+03 6.565978378057479858e-02 8.558334782719612122e-03
5.364859999999685897e+03 6.615278124809265137e-02 8.606947027146816254e-03
5.366339999999685460e+03 5.760951340198516846e-02 8.396354503929615021e-03
5.367819999999685024e+03 5.928668007254600525e-02 8.487135171890258789e-03
5.369299999999684587e+03 5.313429236412048340e-02 8.212204091250896454e-03
5.370779999999684151e+03 5.665603280067443848e-02 8.286009542644023895e-03
5.372259999999683714e+03 5.969443544745445251e-02 8.484783582389354706e-03
5.373739999999683278e+03 5.640288442373275757e-02 8.452747948467731476e-03
5.375219999999682841e+03 5.703725665807723999e-02 8.450130932033061981e-03
5.376699999999682404e+03 6.014598906040191650e-02 8.543489500880241394e-03
5.378179999999681968e+03 5.661245435476303101e-02 8.423511870205402374e-03
5.379659999999681531e+03 5.036010965704917908e-02 8.151557296514511108e-03
5.381139999999681095e+03 5.706200003623962402e-02 8.275014348328113556e-03
5.382619999999680658e+03 4.980476945638656616e-02 8.074815385043621063e-03
5.384099999999680222e+03 4.192037135362625122e-02 7.861783728003501892e-03
5.385579999999679785e+03 4.257914423942565918e-02 7.954866625368595123e-03
5.387059999999679349e+03 4.577854275703430176e-02 8.042665198445320129e-03
5.388539999999678912e+03 5.425743758678436279e-02 8.221455849707126617e-03
5.390019999999678475e+03 4.857379943132400513e-02 8.050792850553989410e-03
5.391499999999678039e+03 4.385132715106010437e-02 7.915401831269264221e-03
5.392979999999677602e+03 6.992594152688980103e-02 8.659614250063896179e-03
5.394459999999677166e+03 5.696976184844970703e-02 8.256501518189907074e-03
5.395939999999676729e+03 5.302548035979270935e-02 8.160996250808238983e-03
5.397419999999676293e+03 6.546029448509216309e-02 8.524729870259761810e-03
5.398899999999675856e+03 6.537108868360519409e-02 8.492927998304367065e-03
5.400379999999675420e+03 6.855712831020355225e-02 8.676349185407161713e-03
5.401859999999674983e+03 4.614738747477531433e-02 7.925391197204589844e-03
5.403339999999674546e+03 6.688854843378067017e-02 8.419266901910305023e-03
5.404819999999674110e+03 5.257255211472511292e-02 7.869478315114974976e-03
5.406299999999673673e+03 5.753610283136367798e-02 8.139194920659065247e-03
5.407779999999673237e+03 5.545049533247947693e-02 8.165385574102401733e-03
5.409259999999672800e+03 5.621423199772834778e-02 8.176068775355815887e-03
5.410739999999672364e+03 5.109694600105285645e-02 8.080003783106803894e-03
5.412219999999671927e+03 4.961477220058441162e-02 8.091809228062629700e-03
5.413699999999671491e+03 5.101120099425315857e-02 8.065372705459594727e-03
5.415179999999671054e+03 5.180059745907783508e-02 8.057443425059318542e-03
5.416659999999670617e+03 5.178094282746315002e-02 8.183864876627922058e-03
5.418139999999670181e+03 5.141628906130790710e-02 8.244166150689125061e-03
5.419619999999669744e+03 6.361555308103561401e-02 8.478259667754173279e-03
5.421099999999669308e+03 5.145359784364700317e-02 8.119265548884868622e-03
5.422579999999668871e+03 5.042134597897529602e-02 7.996208034455776215e-03
5.424059999999668435e+03 5.566961318254470825e-02 8.159739896655082703e-03
5.425539999999667998e+03 4.545678943395614624e-02 7.985865697264671326e-03
5.427019999999667561e+03 4.969282075762748718e-02 8.061873726546764374e-03
5.428499999999667125e+03 6.194407865405082703e-02 8.305342867970466614e-03
5.429979999999666688e+03 5.899167060852050781e-02 8.200488984584808350e-03
5.431459999999666252e+03 5.236930027604103088e-02 8.025779388844966888e-03
5.432939999999665815e+03 5.953054875135421753e-02 8.243520744144916534e-03
5.434419999999665379e+03 6.463661044836044312e-02 8.375090546905994415e-03
5.435899999999664942e+03 6.202337518334388733e-02 8.389137685298919678e-03
5.437379999999664506e+03 4.452464729547500610e-02 7.903177291154861450e-03
5.438859999999664069e+03 5.036976188421249390e-02 8.109060116112232208e-03
5.440339999999663632e+03 6.503657996654510498e-02 8.576022461056709290e-03
5.441819999999663196e+03 4.687394574284553528e-02 8.034487254917621613e-03
5.443299999999662759e+03 4.736671969294548035e-02 8.021961897611618042e-03
5.444779999999662323e+03 5.599242821335792542e-02 8.166048675775527954e-03
5.446259999999661886e+03 5.731305480003356934e-02 8.116493001580238342e-03
5.447739999999661450e+03 6.008969992399215698e-02 8.246714249253273010e-03
5.449219999999661013e+03 5.294041335582733154e-02 8.134380914270877838e-03
5.450699999999660577e+03 3.720220550894737244e-02 7.679199334233999252e-03
5.452179999999660140e+03 3.060767985880374908e-02 7.419832050800323486e-03
5.453659999999659703e+03 6.535440683364868164e-02 8.353570476174354553e-03
5.455139999999659267e+03 5.728065595030784607e-02 8.085397072136402130e-03
5.456619999999658830e+03 5.115111172199249268e-02 7.961092516779899597e-03
5.458099999999658394e+03 5.611024051904678345e-02 8.284940384328365326e-03
5.459579999999657957e+03 3.737000748515129089e-02 7.814067415893077850e-03
5.461059999999657521e+03 6.703809648752212524e-02 8.755652233958244324e-03
5.462539999999657084e+03 6.233498081564903259e-02 8.436702191829681396e-03
5.464019999999656648e+03 4.931134730577468872e-02 8.038667961955070496e-03
5.465499999999656211e+03 4.722293093800544739e-02 8.064523339271545410e-03
5.466979999999655774e+03 5.331515148282051086e-02 8.192884735763072968e-03
5.468459999999655338e+03 4.981610924005508423e-02 8.096473291516304016e-03
5.469939999999654901e+03 7.069272547960281372e-02 8.674073033034801483e-03
5.471419999999654465e+03 5.881094560027122498e-02 8.311354555189609528e-03
5.472899999999654028e+03 5.387953668832778931e-02 8.113797754049301147e-03
5.474379999999653592e+03 7.029300183057785034e-02 8.559687994420528412e-03
5.475859999999653155e+03 7.362225651741027832e-02 8.604889735579490662e-03
5.477339999999652719e+03 5.440958216786384583e-02 8.022788912057876587e-03
5.478819999999652282e+03 5.703023076057434082e-02 8.167664520442485809e-03
5.480299999999651845e+03 6.306834518909454346e-02 8.314064703881740570e-03
5.481779999999651409e+03 6.707268953323364258e-02 8.439208380877971649e-03
5.483259999999650972e+03 6.123796105384826660e-02 8.350423537194728851e-03
5.484739999999650536e+03 5.904521048069000244e-02 8.245959877967834473e-03
5.486219999999650099e+03 5.539885535836219788e-02 8.093175478279590607e-03
5.487699999999649663e+03 5.782613530755043030e-02 8.167900145053863525e-03
5.489179999999649226e+03 5.835149064660072327e-02 8.318468928337097168e-03
5.490659999999648790e+03 6.231460720300674438e-02 8.504328317940235138e-03
5.492139999999648353e+03 5.220530927181243896e-02 8.194359019398689270e-03
5.493619999999647916e+03 5.265948176383972168e-02 8.209959603846073151e-03
5.495099999999647480e+03 5.042627826333045959e-02 8.117750287055969238e-03
5.496579999999647043e+03 5.908538028597831726e-02 8.333182893693447113e-03
5.498059999999646607e+03 5.964023992419242859e-02 8.401143364608287811e-03
5.499539999999646170e+03 3.724837303161621094e-02 7.716719992458820343e-03
5.501019999999645734e+03 4.736785590648651123e-02 7.985946722328662872e-03
5.502499999999645297e+03 4.649784788489341736e-02 7.956909947097301483e-03
5.503979999999644861e+03 5.997790023684501648e-02 8.328073658049106598e-03
5.505459999999644424e+03 5.462773144245147705e-02 8.160747587680816650e-03
5.506939999999643987e+03 6.828666478395462036e-02 8.549628779292106628e-03
5.508419999999643551e+03 5.731768906116485596e-02 8.281988091766834259e-03
5.509899999999643114e+03 5.597103759646415710e-02 8.238153532147407532e-03
5.511379999999642678e+03 6.014689803123474121e-02 8.348168805241584778e-03
5.512859999999642241e+03 5.403702333569526672e-02 8.155865594744682312e-03
5.514339999999641805e+03 5.416055023670196533e-02 8.162708953022956848e-03
5.515819999999641368e+03 5.465126037597656250e-02 8.185478858649730682e-03
5.517299999999640931e+03 7.142702490091323853e-02 8.664183318614959717e-03
5.518779999999640495e+03 6.435605138540267944e-02 8.420777507126331329e-03
5.520259999999640058e+03 5.830678343772888184e-02 8.285819552838802338e-03
5.521739999999639622e+03 5.453161895275115967e-02 8.214056491851806641e-03
5.523219999999639185e+03 5.606619268655776978e-02 8.197433315217494965e-03
5.524699999999638749e+03 4.134204983711242676e-02 7.778256665915250778e-03
5.526179999999638312e+03 5.570935457944869995e-02 8.188883773982524872e-03
5.527659999999637876e+03 4.454003274440765381e-02 7.784998510032892227e-03
5.529139999999637439e+03 7.747025787830352783e-02 8.744589984416961670e-03
5.530619999999637002e+03 7.229973375797271729e-02 8.668916299939155579e-03
5.532099999999636566e+03 6.216816604137420654e-02 8.377071470022201538e-03
5.533579999999636129e+03 6.253039836883544922e-02 8.391710929572582245e-03
5.535059999999635693e+03 6.466202437877655029e-02 8.463365025818347931e-03
5.536539999999635256e+03 5.807164683938026428e-02 8.276332169771194458e-03
5.538019999999634820e+03 7.639047503471374512e-02 8.813734166324138641e-03
5.539499999999634383e+03 5.499331280589103699e-02 8.318959735333919525e-03
5.540979999999633947e+03 5.502472817897796631e-02 8.482597768306732178e-03
5.542459999999633510e+03 5.167493224143981934e-02 8.570276200771331787e-03
5.543939999999633073e+03 6.491559743881225586e-02 8.993751369416713715e-03
5.545419999999632637e+03 7.161129266023635864e-02 8.926578797399997711e-03
5.546899999999632200e+03 6.838483363389968872e-02 8.680540136992931366e-03
5.548379999999631764e+03 6.049582734704017639e-02 8.501150645315647125e-03
5.549859999999631327e+03 7.024209201335906982e-02 8.698163554072380066e-03
5.551339999999630891e+03 6.662707775831222534e-02 8.548746816813945770e-03
5.552819999999630454e+03 6.043359264731407166e-02 8.334539830684661865e-03
5.554299999999630018e+03 6.503883749246597290e-02 8.450166322290897369e-03
5.555779999999629581e+03 6.674949824810028076e-02 8.487679064273834229e-03
5.557259999999629144e+03 6.380017101764678955e-02 8.417608216404914856e-03
5.558739999999628708e+03 5.756308883428573608e-02 8.219520561397075653e-03
5.560219999999628271e+03 5.251482501626014709e-02 8.065048605203628540e-03
5.561699999999627835e+03 5.237045884132385254e-02 8.311820216476917267e-03
5.563179999999627398e+03 5.453950911760330200e-02 8.745537139475345612e-03
5.564659999999626962e+03 5.959707126021385193e-02 8.830270729959011078e-03
5.566139999999626525e+03 5.840262770652770996e-02 8.385171182453632355e-03
5.567619999999626089e+03 5.424314737319946289e-02 8.190958760678768158e-03
5.569099999999625652e+03 5.195822939276695251e-02 8.333903737366199493e-03
5.570579999999625215e+03 5.389642715454101562e-02 8.306009694933891296e-03
5.572059999999624779e+03 5.963250249624252319e-02 8.297259919345378876e-03
5.573539999999624342e+03 5.158016458153724670e-02 8.324296213686466217e-03
5.575019999999623906e+03 -2.288932353258132935e-02 2.403862588107585907e-02
5.576499999999623469e+03 4.418751224875450134e-03 4.233149439096450806e-02
5.577979999999623033e+03 1.217696815729141235e-01 4.138939827680587769e-02
5.579459999999622596e+03 9.201207198202610016e-03 1.918949745595455170e-02
5.580939999999622160e+03 2.004837431013584137e-02 8.494298905134201050e-03
5.582419999999621723e+03 5.926627665758132935e-02 8.140726946294307709e-03
5.583899999999621286e+03 5.936419963836669922e-02 8.389950729906558990e-03
5.585379999999620850e+03 5.187073722481727600e-02 8.031436242163181305e-03
5.586859999999620413e+03 5.487094074487686157e-02 8.135086856782436371e-03
5.588339999999619977e+03 5.489706620573997498e-02 8.565763011574745178e-03
5.589819999999619540e+03 4.302122443914413452e-02 8.151928894221782684e-03
5.591299999999619104e+03 4.585967212915420532e-02 7.867089472711086273e-03
5.592779999999618667e+03 5.779109895229339600e-02 8.075905032455921173e-03
5.594259999999618231e+03 6.356784701347351074e-02 8.266608230769634247e-03
5.595739999999617794e+03 4.934405907988548279e-02 8.049779571592807770e-03
5.597219999999617357e+03 4.009858518838882446e-02 7.826574146747589111e-03
5.598699999999616921e+03 5.637521669268608093e-02 8.217168040573596954e-03
5.600179999999616484e+03 3.750849887728691101e-02 7.598161697387695312e-03
5.601659999999616048e+03 5.374041199684143066e-02 7.974750362336635590e-03
5.603139999999615611e+03 5.900681018829345703e-02 8.466331288218498230e-03
5.604619999999615175e+03 3.838308900594711304e-02 8.332986384630203247e-03
5.606099999999614738e+03 3.302078321576118469e-02 8.055984042584896088e-03
5.607579999999614301e+03 5.974135175347328186e-02 8.313140831887722015e-03
5.609059999999613865e+03 5.538172274827957153e-02 8.117327466607093811e-03
5.610539999999613428e+03 5.120564624667167664e-02 7.978513836860656738e-03
5.612019999999612992e+03 5.443652719259262085e-02 8.067131042480468750e-03
5.613499999999612555e+03 4.803903400897979736e-02 7.754037156701087952e-03
5.614979999999612119e+03 5.910860002040863037e-02 8.149801753461360931e-03
5.616459999999611682e+03 5.730979144573211670e-02 8.199076168239116669e-03
5.617939999999611246e+03 5.123833939433097839e-02 8.140624500811100006e-03
5.619419999999610809e+03 4.621365293860435486e-02 7.877307012677192688e-03
5.620899999999610372e+03 5.267719179391860962e-02 8.004026487469673157e-03
5.622379999999609936e+03 5.866795033216476440e-02 8.574060164391994476e-03
5.623859999999609499e+03 6.346305459737777710e-02 8.888128213584423065e-03
5.625339999999609063e+03 5.126722157001495361e-02 8.221504278481006622e-03
5.626819999999608626e+03 4.926568642258644104e-02 7.927980273962020874e-03
5.628299999999608190e+03 5.556463077664375305e-02 8.157694712281227112e-03
5.629779999999607753e+03 4.779259860515594482e-02 7.967229001224040985e-03
5.631259999999607317e+03 4.855030402541160583e-02 8.001888170838356018e-03
5.632739999999606880e+03 6.548442691564559937e-02 8.408132009208202362e-03
5.634219999999606443e+03 5.864363908767700195e-02 8.186611346900463104e-03
5.635699999999606007e+03 4.902470111846923828e-02 7.836661301553249359e-03
5.637179999999605570e+03 5.391649156808853149e-02 8.054023608565330505e-03
5.638659999999605134e+03 5.694875866174697876e-02 8.315746672451496124e-03
5.640139999999604697e+03 5.059977248311042786e-02 8.001942187547683716e-03
5.641619999999604261e+03 4.723053798079490662e-02 7.799309678375720978e-03
5.643099999999603824e+03 5.617062747478485107e-02 8.131984621286392212e-03
5.644579999999603388e+03 6.138922274112701416e-02 8.623855188488960266e-03
5.646059999999602951e+03 4.641020670533180237e-02 8.131476119160652161e-03
5.647539999999602514e+03 5.135392025113105774e-02 8.010990917682647705e-03
5.649019999999602078e+03 5.155532807111740112e-02 7.965900935232639313e-03
5.650499999999601641e+03 4.818702489137649536e-02 7.843876257538795471e-03
5.651979999999601205e+03 5.983959883451461792e-02 8.213768713176250458e-03
5.653459999999600768e+03 6.504841893911361694e-02 8.341905660927295685e-03
5.654939999999600332e+03 6.407037377357482910e-02 8.214420638978481293e-03
5.656419999999599895e+03 5.103354528546333313e-02 7.836534641683101654e-03
5.657899999999599459e+03 5.660605430603027344e-02 7.913034409284591675e-03
5.659379999999599022e+03 5.563867092132568359e-02 7.885588333010673523e-03
5.660859999999598585e+03 5.984716117382049561e-02 8.034313097596168518e-03
5.662339999999598149e+03 5.613599717617034912e-02 8.024271577596664429e-03
5.663819999999597712e+03 6.126010790467262268e-02 8.319637738168239594e-03
5.665299999999597276e+03 5.067258328199386597e-02 7.919645868241786957e-03
5.666779999999596839e+03 5.544894188642501831e-02 8.026602678000926971e-03
5.668259999999596403e+03 6.007565557956695557e-02 8.296876214444637299e-03
5.669739999999595966e+03 5.177513509988784790e-02 8.145767264068126678e-03
5.671219999999595530e+03 5.293988436460494995e-02 8.091063238680362701e-03
5.672699999999595093e+03 5.626473203301429749e-02 8.147529326379299164e-03
5.674179999999594656e+03 4.643853753805160522e-02 7.800952065736055374e-03
5.675659999999594220e+03 5.316692590713500977e-02 8.025122806429862976e-03
5.677139999999593783e+03 5.612276494503021240e-02 8.117864839732646942e-03
5.678619999999593347e+03 5.454242974519729614e-02 8.056679740548133850e-03
5.680099999999592910e+03 5.656933039426803589e-02 8.087113499641418457e-03
5.681579999999592474e+03 5.788436904549598694e-02 8.083637803792953491e-03
5.683059999999592037e+03 5.748682096600532532e-02 8.076274767518043518e-03
5.684539999999591600e+03 5.437305942177772522e-02 8.019219152629375458e-03
5.686019999999591164e+03 5.695316940546035767e-02 8.077776990830898285e-03
5.687499999999590727e+03 5.210817232728004456e-02 7.909086532890796661e-03
5.688979999999590291e+03 4.546106606721878052e-02 7.774625439196825027e-03
5.690459999999589854e+03 4.139168560504913330e-02 7.724050432443618774e-03
5.691939999999589418e+03 6.037783622741699219e-02 8.261675015091896057e-03
5.693419999999588981e+03 6.764067709445953369e-02 8.435918018221855164e-03
5.694899999999588545e+03 6.412415206432342529e-02 8.386617526412010193e-03
5.696379999999588108e+03 5.578164011240005493e-02 8.135362528264522552e-03
5.697859999999587671e+03 5.626546591520309448e-02 8.168799802660942078e-03
5.699339999999587235e+03 6.109057739377021790e-02 8.264081552624702454e-03
5.700819999999586798e+03 4.879149049520492554e-02 7.883614860475063324e-03
5.702299999999586362e+03 5.804519355297088623e-02 8.213981054723262787e-03
5.703779999999585925e+03 6.148479133844375610e-02 8.242951706051826477e-03
5.705259999999585489e+03 5.983503535389900208e-02 8.171171881258487701e-03
5.706739999999585052e+03 5.402679741382598877e-02 7.948904298245906830e-03
5.708219999999584616e+03 4.929124563932418823e-02 7.759942673146724701e-03
5.709699999999584179e+03 6.243457645177841187e-02 8.111453615128993988e-03
5.711179999999583742e+03 6.104268133640289307e-02 8.125337772071361542e-03
5.712659999999583306e+03 5.787712335586547852e-02 8.111120201647281647e-03
5.714139999999582869e+03 5.162470415234565735e-02 7.952610030770301819e-03
5.715619999999582433e+03 4.678303003311157227e-02 7.826213724911212921e-03
5.717099999999581996e+03 4.193226248025894165e-02 7.698983885347843170e-03
5.718579999999581560e+03 4.342154040932655334e-02 7.803400978446006775e-03
5.720059999999581123e+03 4.911234229803085327e-02 7.962207309901714325e-03
5.721539999999580687e+03 5.219807475805282593e-02 8.064948953688144684e-03
5.723019999999580250e+03 5.088318884372711182e-02 8.029198274016380310e-03
5.724499999999579813e+03 5.991386994719505310e-02 8.267413824796676636e-03
5.725979999999579377e+03 4.913851618766784668e-02 7.909673266112804413e-03
5.727459999999578940e+03 4.577169567346572876e-02 7.803987711668014526e-03
5.728939999999578504e+03 4.719206690788269043e-02 7.829566486179828644e-03
5.730419999999578067e+03 3.819981217384338379e-02 7.489221636205911636e-03
5.731899999999577631e+03 4.127033799886703491e-02 7.591329980641603470e-03
5.733379999999577194e+03 6.447269022464752197e-02 8.349084295332431793e-03
5.734859999999576758e+03 6.664722412824630737e-02 8.391423150897026062e-03
5.736339999999576321e+03 5.313181504607200623e-02 7.983639836311340332e-03
5.737819999999575884e+03 4.466229677200317383e-02 7.784539833664894104e-03
5.739299999999575448e+03 4.008108749985694885e-02 7.601739838719367981e-03
5.740779999999575011e+03 6.786112487316131592e-02 8.407528512179851532e-03
5.742259999999574575e+03 6.641282141208648682e-02 8.447436615824699402e-03
5.743739999999574138e+03 4.787717014551162720e-02 7.959522306919097900e-03
5.745219999999573702e+03 3.404016420245170593e-02 7.455716375261545181e-03
5.746699999999573265e+03 4.030202701687812805e-02 7.602310273796319962e-03
5.748179999999572829e+03 5.389386788010597229e-02 7.978489622473716736e-03
5.749659999999572392e+03 5.852913483977317810e-02 8.113778196275234222e-03
5.751139999999571955e+03 6.403888016939163208e-02 8.263412863016128540e-03
5.752619999999571519e+03 5.982194840908050537e-02 8.094718679785728455e-03
5.754099999999571082e+03 5.909955501556396484e-02 8.090432733297348022e-03
5.755579999999570646e+03 4.774719849228858948e-02 7.842549122869968414e-03
5.757059999999570209e+03 5.584757775068283081e-02 8.059838786721229553e-03
5.758539999999569773e+03 5.993130058050155640e-02 8.190024644136428833e-03
5.760019999999569336e+03 4.809753969311714172e-02 7.847411558032035828e-03
5.761499999999568900e+03 6.958424299955368042e-02 8.410462178289890289e-03
5.762979999999568463e+03 6.770624965429306030e-02 8.369504474103450775e-03
5.764459999999568026e+03 3.622983768582344055e-02 7.515230681747198105e-03
5.765939999999567590e+03 3.785036876797676086e-02 7.624335121363401413e-03
5.767419999999567153e+03 5.321519076824188232e-02 8.108014240860939026e-03
5.768899999999566717e+03 7.138237357139587402e-02 8.573068305850028992e-03
5.770379999999566280e+03 5.945937335491180420e-02 8.226326666772365570e-03
5.771859999999565844e+03 5.457285791635513306e-02 8.011021651327610016e-03
5.773339999999565407e+03 5.758809670805931091e-02 8.040784858167171478e-03
5.774819999999564970e+03 4.641348868608474731e-02 7.740860804915428162e-03
5.776299999999564534e+03 5.185462534427642822e-02 7.922544144093990326e-03
5.777779999999564097e+03 5.947025492787361145e-02 8.140789344906806946e-03
5.779259999999563661e+03 5.282265692949295044e-02 7.882319390773773193e-03
5.780739999999563224e+03 5.183479562401771545e-02 7.799762301146984100e-03
5.782219999999562788e+03 5.257944390177726746e-02 7.801746483892202377e-03
5.783699999999562351e+03 5.692364275455474854e-02 7.895132526755332947e-03
5.785179999999561915e+03 4.766655713319778442e-02 7.745964452624320984e-03
5.786659999999561478e+03 4.569004103541374207e-02 7.712357211858034134e-03
5.788139999999561041e+03 6.641337275505065918e-02 8.296819403767585754e-03
5.789619999999560605e+03 6.263957172632217407e-02 8.248236961662769318e-03
5.791099999999560168e+03 6.066887825727462769e-02 8.216949179768562317e-03
5.792579999999559732e+03 5.098901316523551941e-02 7.886190898716449738e-03
5.794059999999559295e+03 4.491727799177169800e-02 7.683160714805126190e-03
5.795539999999558859e+03 6.012590229511260986e-02 8.144692517817020416e-03
5.797019999999558422e+03 7.136307656764984131e-02 8.403244428336620331e-03
5.798499999999557986e+03 5.886252224445343018e-02 8.017657324671745300e-03
5.799979999999557549e+03 5.022176355123519897e-02 7.765615824609994888e-03
5.801459999999557112e+03 5.156880617141723633e-02 7.890502922236919403e-03
5.802939999999556676e+03 5.869249626994132996e-02 8.064593188464641571e-03
5.804419999999556239e+03 5.399249494075775146e-02 7.856257259845733643e-03
5.805899999999555803e+03 5.643342435359954834e-02 7.914577610790729523e-03
5.807379999999555366e+03 4.544892534613609314e-02 7.580900099128484726e-03
5.808859999999554930e+03 3.915213048458099365e-02 7.403835654258728027e-03
5.810339999999554493e+03 4.941845312714576721e-02 7.735409308224916458e-03
5.811819999999554057e+03 5.873442813754081726e-02 8.074869401752948761e-03
5.813299999999553620e+03 5.116989091038703918e-02 7.866067811846733093e-03
5.814779999999553183e+03 4.345659911632537842e-02 7.525709457695484161e-03
5.816259999999552747e+03 4.168681427836418152e-02 7.468450814485549927e-03
5.817739999999552310e+03 4.812091216444969177e-02 7.703824434429407120e-03
5.819219999999551874e+03 5.954715609550476074e-02 8.021984249353408813e-03
5.820699999999551437e+03 5.134841054677963257e-02 7.770877797156572342e-03
5.822179999999551001e+03 5.946923792362213135e-02 7.988488301634788513e-03
5.823659999999550564e+03 6.492879241704940796e-02 8.125958032906055450e-03
5.825139999999550128e+03 5.508045479655265808e-02 7.860529236495494843e-03
5.826619999999549691e+03 3.649181872606277466e-02 7.287462241947650909e-03
5.828099999999549254e+03 3.299119323492050171e-02 7.192044053226709366e-03
5.829579999999548818e+03 5.140864476561546326e-02 7.768851239234209061e-03
5.831059999999548381e+03 4.923391342163085938e-02 7.703800685703754425e-03
5.832539999999547945e+03 5.539467930793762207e-02 7.906570099294185638e-03
5.834019999999547508e+03 5.469499528408050537e-02 7.897002622485160828e-03
5.835499999999547072e+03 6.086120754480361938e-02 8.086759597063064575e-03
5.836979999999546635e+03 6.376639008522033691e-02 8.104654960334300995e-03
5.838459999999546199e+03 4.390902817249298096e-02 7.537988480180501938e-03
5.839939999999545762e+03 4.974940046668052673e-02 7.749892305582761765e-03
5.841419999999545325e+03 5.513345450162887573e-02 7.922552525997161865e-03
5.842899999999544889e+03 5.545830726623535156e-02 7.917172275483608246e-03
5.844379999999544452e+03 5.898025631904602051e-02 7.956860587000846863e-03
5.845859999999544016e+03 5.550172924995422363e-02 7.836082018911838531e-03
5.847339999999543579e+03 5.575328692793846130e-02 7.870790548622608185e-03
5.848819999999543143e+03 6.791743636131286621e-02 8.229400031268596649e-03
5.850299999999542706e+03 5.456037074327468872e-02 7.845878601074218750e-03
5.851779999999542270e+03 3.515814989805221558e-02 7.304533850401639938e-03
5.853259999999541833e+03 4.931440204381942749e-02 7.748832926154136658e-03
5.854739999999541396e+03 5.862358957529067993e-02 7.945522665977478027e-03
5.856219999999540960e+03 5.677906796336174011e-02 7.869250141084194183e-03
5.857699999999540523e+03 5.631698668003082275e-02 7.894128561019897461e-03
5.859179999999540087e+03 5.242567509412765503e-02 7.810316514223814011e-03
5.860659999999539650e+03 6.656295806169509888e-02 8.219172246754169464e-03
5.862139999999539214e+03 7.049550116062164307e-02 8.324470371007919312e-03
5.863619999999538777e+03 6.223715469241142273e-02 8.508638478815555573e-03
5.865099999999538340e+03 6.048436835408210754e-02 9.440739639103412628e-03
5.866579999999537904e+03 7.062502205371856689e-02 1.012110617011785507e-02
5.868059999999537467e+03 6.807677447795867920e-02 9.862350299954414368e-03
5.869539999999537031e+03 5.821670219302177429e-02 8.859580382704734802e-03
5.871019999999536594e+03 5.121909826993942261e-02 8.170116692781448364e-03
5.872499999999536158e+03 5.341801792383193970e-02 8.271389640867710114e-03
5.873979999999535721e+03 6.908716261386871338e-02 8.652110584080219269e-03
5.875459999999535285e+03 5.710712820291519165e-02 8.125631138682365417e-03
5.876939999999534848e+03 5.510560795664787292e-02 8.032758720219135284e-03
5.878419999999534411e+03 5.505058541893959045e-02 8.016934618353843689e-03
5.879899999999533975e+03 4.975756257772445679e-02 7.792569231241941452e-03
5.881379999999533538e+03 5.263579264283180237e-02 7.871052250266075134e-03
5.882859999999533102e+03 4.936431720852851868e-02 7.869635708630084991e-03
5.884339999999532665e+03 5.791630595922470093e-02 8.105216547846794128e-03
5.885819999999532229e+03 4.549774900078773499e-02 8.298489265143871307e-03
5.887299999999531792e+03 3.283616155385971069e-02 1.053159032016992569e-02
5.888779999999531356e+03 3.531474992632865906e-02 1.445205323398113251e-02
5.890259999999530919e+03 3.795867785811424255e-02 1.458873692899942398e-02
5.891739999999530482e+03 4.717865586280822754e-02 1.130682788789272308e-02
5.893219999999530046e+03 2.568070963025093079e-02 8.114585652947425842e-03
5.894699999999529609e+03 5.057315528392791748e-02 1.181881222873926163e-02
5.896179999999529173e+03 6.079105660319328308e-02 1.258754171431064606e-02
5.897659999999528736e+03 3.275664895772933960e-02 9.721521288156509399e-03
5.899139999999528300e+03 4.634262248873710632e-02 7.699752226471900940e-03
5.900619999999527863e+03 6.143884360790252686e-02 8.151463232934474945e-03
5.902099999999527427e+03 4.462561011314392090e-02 7.850594818592071533e-03
5.903579999999526990e+03 6.087021529674530029e-02 8.386944420635700226e-03
5.905059999999526553e+03 5.962371081113815308e-02 8.538934402167797089e-03
5.906539999999526117e+03 4.167142882943153381e-02 8.175252936780452728e-03
5.908019999999525680e+03 5.057393014430999756e-02 8.306617848575115204e-03
5.909499999999525244e+03 4.404191672801971436e-02 7.769966032356023788e-03
5.910979999999524807e+03 5.410779267549514771e-02 7.964461110532283783e-03
5.912459999999524371e+03 4.988287761807441711e-02 7.947250269353389740e-03
5.913939999999523934e+03 5.718049407005310059e-02 9.149402379989624023e-03
5.915419999999523498e+03 7.166362553834915161e-02 9.977239184081554413e-03
5.916899999999523061e+03 5.309177190065383911e-02 8.953384123742580414e-03
5.918379999999522624e+03 4.715317860245704651e-02 7.750913035124540329e-03
5.919859999999522188e+03 3.497884050011634827e-02 7.305775769054889679e-03
5.921339999999521751e+03 6.344474107027053833e-02 8.136060088872909546e-03
5.922819999999521315e+03 4.564090445637702942e-02 7.986563257873058319e-03
5.924299999999520878e+03 7.495887577533721924e-02 9.195983409881591797e-03
5.925779999999520442e+03 4.571532830595970154e-02 8.244323544204235077e-03
5.927259999999520005e+03 5.860319733619689941e-02 8.524428121745586395e-03
5.928739999999519569e+03 3.938637673854827881e-02 7.472512312233448029e-03
5.930219999999519132e+03 3.520463407039642334e-02 7.577461656183004379e-03
5.931699999999518695e+03 4.539166390895843506e-02 9.392078034579753876e-03
5.933179999999518259e+03 5.739442259073257446e-02 9.982363320887088776e-03
5.934659999999517822e+03 4.871434345841407776e-02 8.686464279890060425e-03
5.936139999999517386e+03 3.957509621977806091e-02 7.528712972998619080e-03
5.937619999999516949e+03 5.914882570505142212e-02 7.988753728568553925e-03
5.939099999999516513e+03 4.958573728799819946e-02 7.696857210248708725e-03
5.940579999999516076e+03 4.984002932906150818e-02 7.719309534877538681e-03
5.942059999999515640e+03 6.481578201055526733e-02 8.157675154507160187e-03
5.943539999999515203e+03 5.215930938720703125e-02 7.903295569121837616e-03
5.945019999999514766e+03 5.744194239377975464e-02 8.623843081295490265e-03
5.946499999999514330e+03 5.577835440635681152e-02 8.588786236941814423e-03
5.947979999999513893e+03 4.037917405366897583e-02 7.682264782488346100e-03
5.949459999999513457e+03 3.767185285687446594e-02 7.338493596762418747e-03
5.950939999999513020e+03 5.212469771504402161e-02 8.073916658759117126e-03
5.952419999999512584e+03 6.788311153650283813e-02 9.682010859251022339e-03
5.953899999999512147e+03 5.772411078214645386e-02 9.774752892553806305e-03
5.955379999999511710e+03 4.997776448726654053e-02 8.557791821658611298e-03
5.956859999999511274e+03 5.009355396032333374e-02 7.800858002156019211e-03
5.958339999999510837e+03 4.518905282020568848e-02 7.625763770192861557e-03
5.959819999999510401e+03 5.246874317526817322e-02 7.860527373850345612e-03
5.961299999999509964e+03 5.180048197507858276e-02 7.845057174563407898e-03
5.962779999999509528e+03 5.521981045603752136e-02 7.915882393717765808e-03
5.964259999999509091e+03 5.092765763401985168e-02 7.833906449377536774e-03
5.965739999999508655e+03 5.432707071304321289e-02 7.945919409394264221e-03
5.967219999999508218e+03 4.181473702192306519e-02 7.576244883239269257e-03
5.968699999999507781e+03 4.836023598909378052e-02 8.050575852394104004e-03
5.970179999999507345e+03 6.427950412034988403e-02 8.722966536879539490e-03
5.971659999999506908e+03 5.416302010416984558e-02 8.275955915451049805e-03
5.973139999999506472e+03 5.330851674079895020e-02 7.919033989310264587e-03
5.974619999999506035e+03 5.628252029418945312e-02 8.098395541310310364e-03
5.976099999999505599e+03 6.294657289981842041e-02 8.955013006925582886e-03
5.977579999999505162e+03 6.180274114012718201e-02 9.096286259591579437e-03
5.979059999999504726e+03 4.834144189953804016e-02 8.113662712275981903e-03
5.980539999999504289e+03 4.563604667782783508e-02 7.573082577437162399e-03
5.982019999999503852e+03 5.591989308595657349e-02 7.782897911965847015e-03
5.983499999999503416e+03 6.111449375748634338e-02 7.873310707509517670e-03
5.984979999999502979e+03 6.946066021919250488e-02 8.137800730764865875e-03
5.986459999999502543e+03 6.651014834642410278e-02 8.095200173556804657e-03
5.987939999999502106e+03 5.311302468180656433e-02 7.709117606282234192e-03
5.989419999999501670e+03 5.482740327715873718e-02 7.738247979432344437e-03
5.990899999999501233e+03 5.564334243535995483e-02 7.744894362986087799e-03
5.992379999999500797e+03 5.726750195026397705e-02 7.805615663528442383e-03
5.993859999999500360e+03 4.347250983119010925e-02 7.411514408886432648e-03
5.995339999999499923e+03 4.817467182874679565e-02 7.674654480069875717e-03
5.996819999999499487e+03 5.458109825849533081e-02 8.010410703718662262e-03
5.998299999999499050e+03 4.146263748407363892e-02 7.647587917745113373e-03
5.999779999999498614e+03 3.437494486570358276e-02 7.284012623131275177e-03
6.001259999999498177e+03 4.198220372200012207e-02 7.511759176850318909e-03
6.002739999999497741e+03 4.211359098553657532e-02 7.956261746585369110e-03
6.004219999999497304e+03 4.772984236478805542e-02 8.250619284808635712e-03
6.005699999999496868e+03 5.376432463526725769e-02 8.082776330411434174e-03
6.007179999999496431e+03 5.362327396869659424e-02 7.626015227288007736e-03
6.008659999999495994e+03 6.884080171585083008e-02 8.061616681516170502e-03
6.010139999999495558e+03 4.960565641522407532e-02 7.623162586241960526e-03
6.011619999999495121e+03 5.304984003305435181e-02 7.725423201918601990e-03
6.013099999999494685e+03 5.699983984231948853e-02 7.821413688361644745e-03
6.014579999999494248e+03 5.006095021963119507e-02 7.554094307124614716e-03
6.016059999999493812e+03 4.146335273981094360e-02 7.268540561199188232e-03
6.017539999999493375e+03 5.111538991332054138e-02 7.564231753349304199e-03
6.019019999999492939e+03 5.299115180969238281e-02 7.645249832421541214e-03
6.020499999999492502e+03 6.550265848636627197e-02 7.919480092823505402e-03
6.021979999999492065e+03 5.078361183404922485e-02 7.464152295142412186e-03
6.023459999999491629e+03 4.718809202313423157e-02 7.406769320368766785e-03
6.024939999999491192e+03 4.436080157756805420e-02 7.374062202870845795e-03
6.026419999999490756e+03 5.250525474548339844e-02 7.648255210369825363e-03
6.027899999999490319e+03 6.552887707948684692e-02 8.055534213781356812e-03
6.029379999999489883e+03 5.827549844980239868e-02 7.915581576526165009e-03
6.030859999999489446e+03 5.014329031109809875e-02 7.573391776531934738e-03
6.032339999999489009e+03 5.207573249936103821e-02 7.778781466186046600e-03
6.033819999999488573e+03 5.556657910346984863e-02 8.039097301661968231e-03
6.035299999999488136e+03 6.498426944017410278e-02 8.200701326131820679e-03
6.036779999999487700e+03 4.574265703558921814e-02 7.439346052706241608e-03
6.038259999999487263e+03 3.852296620607376099e-02 7.142800837755203247e-03
6.039739999999486827e+03 4.037542268633842468e-02 7.197887171059846878e-03
6.041219999999486390e+03 5.684786289930343628e-02 7.720200810581445694e-03
6.042699999999485954e+03 4.771144688129425049e-02 7.424194831401109695e-03
6.044179999999485517e+03 5.276589468121528625e-02 7.587267551571130753e-03
6.045659999999485080e+03 5.391229689121246338e-02 7.582473102957010269e-03
6.047139999999484644e+03 4.785130172967910767e-02 7.482153363525867462e-03
6.048619999999484207e+03 5.443689227104187012e-02 7.638672832399606705e-03
6.050099999999483771e+03 5.282570049166679382e-02 7.621841970831155777e-03
6.051579999999483334e+03 5.116626620292663574e-02 7.560550700873136520e-03
6.053059999999482898e+03 6.932102143764495850e-02 8.039247244596481323e-03
6.054539999999482461e+03 5.383968353271484375e-02 7.619803771376609802e-03
6.056019999999482025e+03 4.948690906167030334e-02 7.473573088645935059e-03
6.057499999999481588e+03 5.355875194072723389e-02 7.632821332663297653e-03
6.058979999999481151e+03 4.512709751725196838e-02 7.346652913838624954e-03
6.060459999999480715e+03 5.143895372748374939e-02 7.535359356552362442e-03
6.061939999999480278e+03 4.767385870218276978e-02 7.519314531236886978e-03
6.063419999999479842e+03 4.787748306989669800e-02 7.460358552634716034e-03
6.064899999999479405e+03 5.352794751524925232e-02 7.474962156265974045e-03
6.066379999999478969e+03 4.920161515474319458e-02 7.465452421456575394e-03
6.067859999999478532e+03 5.567730963230133057e-02 7.778382860124111176e-03
6.069339999999478096e+03 5.202513560652732849e-02 7.607963401824235916e-03
6.070819999999477659e+03 4.299167543649673462e-02 7.243999745696783066e-03
6.072299999999477222e+03 5.510304123163223267e-02 7.547259796410799026e-03
6.073779999999476786e+03 6.036708131432533264e-02 7.712031248956918716e-03
6.075259999999476349e+03 6.317646801471710205e-02 7.829671725630760193e-03
6.076739999999475913e+03 6.276880204677581787e-02 7.762143388390541077e-03
6.078219999999475476e+03 4.562013968825340271e-02 7.288539316505193710e-03
6.079699999999475040e+03 4.647818580269813538e-02 7.322320714592933655e-03
6.081179999999474603e+03 4.572781175374984741e-02 7.327703759074211121e-03
6.082659999999474167e+03 4.916039109230041504e-02 7.441536989063024521e-03
6.084139999999473730e+03 5.379636958241462708e-02 7.511446252465248108e-03
6.085619999999473293e+03 5.296622961759567261e-02 7.501925341784954071e-03
6.087099999999472857e+03 4.916553199291229248e-02 7.380167953670024872e-03
6.088579999999472420e+03 6.176696717739105225e-02 7.711481768637895584e-03
6.090059999999471984e+03 5.726836249232292175e-02 7.611583918333053589e-03
6.091539999999471547e+03 5.952636152505874634e-02 7.646104786545038223e-03
6.093019999999471111e+03 4.395250231027603149e-02 7.251065690070390701e-03
6.094499999999470674e+03 5.563950911164283752e-02 7.554754614830017090e-03
6.095979999999470238e+03 5.290819704532623291e-02 7.506916299462318420e-03
6.097459999999469801e+03 4.857825487852096558e-02 7.389899343252182007e-03
6.098939999999469364e+03 6.840039789676666260e-02 7.977018132805824280e-03
6.100419999999468928e+03 5.211238563060760498e-02 7.490418851375579834e-03
6.101899999999468491e+03 6.138248741626739502e-02 7.628258783370256424e-03
6.103379999999468055e+03 5.317191034555435181e-02 7.552680559456348419e-03
6.104859999999467618e+03 6.908416002988815308e-02 8.001621812582015991e-03
6.106339999999467182e+03 4.952516406774520874e-02 7.353383116424083710e-03
6.107819999999466745e+03 5.714960396289825439e-02 7.560749538242816925e-03
6.109299999999466309e+03 6.413021683692932129e-02 7.760198321193456650e-03
6.110779999999465872e+03 5.124612152576446533e-02 7.418063469231128693e-03
6.112259999999465435e+03 5.500759184360504150e-02 7.524770218878984451e-03
6.113739999999464999e+03 4.547999054193496704e-02 7.251149043440818787e-03
6.115219999999464562e+03 6.490012258291244507e-02 7.744416594505310059e-03
6.116699999999464126e+03 5.878132209181785583e-02 7.607200182974338531e-03
6.118179999999463689e+03 5.174696817994117737e-02 7.403637748211622238e-03
6.119659999999463253e+03 4.606165736913681030e-02 7.237961050122976303e-03
6.121139999999462816e+03 4.209161922335624695e-02 7.066905032843351364e-03
6.122619999999462379e+03 4.598814249038696289e-02 7.145841605961322784e-03
6.124099999999461943e+03 4.919265955686569214e-02 7.329029031097888947e-03
6.125579999999461506e+03 5.127893760800361633e-02 7.443744689226150513e-03
6.127059999999461070e+03 5.075553804636001587e-02 7.410090416669845581e-03
6.128539999999460633e+03 6.028134375810623169e-02 7.630884181708097458e-03
6.130019999999460197e+03 5.506286770105361938e-02 7.453397847712039948e-03
6.131499999999459760e+03 3.936473280191421509e-02 6.958849728107452393e-03
6.132979999999459324e+03 5.172707512974739075e-02 7.294922601431608200e-03
6.134459999999458887e+03 6.768381595611572266e-02 7.827392779290676117e-03
6.135939999999458450e+03 5.050636827945709229e-02 7.459775079041719437e-03
6.137419999999458014e+03 4.920347779989242554e-02 7.568584289401769638e-03
6.138899999999457577e+03 5.162918567657470703e-02 7.820904254913330078e-03
6.140379999999457141e+03 4.505711048841476440e-02 7.556641008704900742e-03
6.141859999999456704e+03 5.445737019181251526e-02 7.756647653877735138e-03
6.143339999999456268e+03 6.300463527441024780e-02 8.219143375754356384e-03
6.144819999999455831e+03 6.526936590671539307e-02 8.286496624350547791e-03
6.146299999999455395e+03 5.442980676889419556e-02 7.640855386853218079e-03
6.147779999999454958e+03 5.061983317136764526e-02 7.318781223148107529e-03
6.149259999999454521e+03 5.251558497548103333e-02 7.451371289789676666e-03
6.150739999999454085e+03 6.449428945779800415e-02 7.881279103457927704e-03
6.152219999999453648e+03 6.493514031171798706e-02 7.857212796807289124e-03
6.153699999999453212e+03 5.423152074217796326e-02 7.481460459530353546e-03
6.155179999999452775e+03 4.194510355591773987e-02 7.123158778995275497e-03
6.156659999999452339e+03 5.223885178565979004e-02 7.406090851873159409e-03
6.158139999999451902e+03 4.515404254198074341e-02 7.260691840201616287e-03
6.159619999999451466e+03 5.549946799874305725e-02 7.469865493476390839e-03
6.161099999999451029e+03 6.938648223876953125e-02 7.846743799746036530e-03
6.162579999999450592e+03 4.995955154299736023e-02 7.132648956030607224e-03
6.164059999999450156e+03 5.786041542887687683e-02 7.404458709061145782e-03
6.165539999999449719e+03 4.556640982627868652e-02 7.070414721965789795e-03
6.167019999999449283e+03 6.132663041353225708e-02 7.525260560214519501e-03
6.168499999999448846e+03 5.113216489553451538e-02 7.623226381838321686e-03
6.169979999999448410e+03 3.718145191669464111e-02 7.785687688738107681e-03
6.171459999999447973e+03 6.197345256805419922e-02 8.391735143959522247e-03
6.172939999999447537e+03 5.860799551010131836e-02 7.709226571023464203e-03
6.174419999999447100e+03 4.350271075963973999e-02 7.241860032081604004e-03
6.175899999999446663e+03 4.867049306631088257e-02 7.580455392599105835e-03
6.177379999999446227e+03 6.184711307287216187e-02 7.801406551152467728e-03
6.178859999999445790e+03 6.376043707132339478e-02 7.747068535536527634e-03
6.180339999999445354e+03 5.996932461857795715e-02 7.572196424007415771e-03
6.181819999999444917e+03 4.854112118482589722e-02 7.247357629239559174e-03
6.183299999999444481e+03 4.044537246227264404e-02 7.125931791961193085e-03
6.184779999999444044e+03 4.064369946718215942e-02 7.211430929601192474e-03
6.186259999999443608e+03 4.484134539961814880e-02 7.215957157313823700e-03
6.187739999999443171e+03 4.678386822342872620e-02 7.224972825497388840e-03
6.189219999999442734e+03 4.799750447273254395e-02 7.294898387044668198e-03
6.190699999999442298e+03 4.287856817245483398e-02 7.092566695064306259e-03
6.192179999999441861e+03 4.800931364297866821e-02 7.271500770002603531e-03
6.193659999999441425e+03 5.568129196763038635e-02 7.567964028567075729e-03
6.195139999999440988e+03 5.508977174758911133e-02 7.482834160327911377e-03
6.196619999999440552e+03 5.384619161486625671e-02 7.373310625553131104e-03
6.198099999999440115e+03 4.875349998474121094e-02 7.173198740929365158e-03
6.199579999999439679e+03 4.783349856734275818e-02 7.162479683756828308e-03
6.201059999999439242e+03 4.799576476216316223e-02 7.637083530426025391e-03
6.202539999999438805e+03 4.615608602762222290e-02 7.984467782080173492e-03
6.204019999999438369e+03 4.649059101939201355e-02 7.719800341874361038e-03
6.205499999999437932e+03 4.714111611247062683e-02 7.322846911847591400e-03
6.206979999999437496e+03 4.789892211556434631e-02 7.170450408011674881e-03
6.208459999999437059e+03 4.495488479733467102e-02 7.158376276493072510e-03
6.209939999999436623e+03 3.877120092511177063e-02 7.007100619375705719e-03
6.211419999999436186e+03 3.435355797410011292e-02 7.045608013868331909e-03
6.212899999999435749e+03 4.629037901759147644e-02 7.504800334572792053e-03
6.214379999999435313e+03 5.917479097843170166e-02 7.717114407569169998e-03
6.215859999999434876e+03 3.845509514212608337e-02 6.951564457267522812e-03
6.217339999999434440e+03 4.885473847389221191e-02 7.238409947603940964e-03
6.218819999999434003e+03 5.735026672482490540e-02 7.551836315542459488e-03
6.220299999999433567e+03 5.436710268259048462e-02 7.931548170745372772e-03
6.221779999999433130e+03 6.376272439956665039e-02 8.481047116219997406e-03
6.223259999999432694e+03 4.665229842066764832e-02 7.700788322836160660e-03
6.224739999999432257e+03 4.581419005990028381e-02 7.178198546171188354e-03
6.226219999999431820e+03 3.960602730512619019e-02 6.911721546202898026e-03
6.227699999999431384e+03 4.146010056138038635e-02 6.982168648391962051e-03
6.229179999999430947e+03 4.601384326815605164e-02 7.054186426103115082e-03
6.230659999999430511e+03 5.012298375368118286e-02 7.205087225884199142e-03
6.232139999999430074e+03 4.920525476336479187e-02 7.675709202885627747e-03
6.233619999999429638e+03 4.993355646729469299e-02 9.315609000623226166e-03
6.235099999999429201e+03 5.100184306502342224e-02 1.073324494063854218e-02
6.236579999999428765e+03 3.210686147212982178e-02 1.064579468220472336e-02
6.238059999999428328e+03 3.932454437017440796e-02 9.078953415155410767e-03
6.239539999999427891e+03 5.237283930182456970e-02 8.411100134253501892e-03
6.241019999999427455e+03 5.182110518217086792e-02 8.544951677322387695e-03
6.242499999999427018e+03 5.739837884902954102e-02 8.682170882821083069e-03
6.243979999999426582e+03 5.062846094369888306e-02 8.182005025446414948e-03
6.245459999999426145e+03 6.422606855630874634e-02 8.054122328758239746e-03
6.246939999999425709e+03 6.456107646226882935e-02 7.841790094971656799e-03
6.248419999999425272e+03 5.194448679685592651e-02 7.523333188146352768e-03
6.249899999999424836e+03 4.959263652563095093e-02 7.317406591027975082e-03
6.251379999999424399e+03 4.133131727576255798e-02 6.910785101354122162e-03
6.252859999999423962e+03 4.482224211096763611e-02 6.914011202752590179e-03
6.254339999999423526e+03 3.663020953536033630e-02 6.970303598791360855e-03
6.255819999999423089e+03 4.583339393138885498e-02 8.645869791507720947e-03
6.257299999999422653e+03 5.555345863103866577e-02 1.053942833095788956e-02
6.258779999999422216e+03 4.841842129826545715e-02 1.004593074321746826e-02
6.260259999999421780e+03 6.116348877549171448e-02 8.484666235744953156e-03
6.261739999999421343e+03 4.655741527676582336e-02 7.449029479175806046e-03
6.263219999999420907e+03 4.319696128368377686e-02 7.796199992299079895e-03
6.264699999999420470e+03 3.795646876096725464e-02 8.240683004260063171e-03
6.266179999999420033e+03 4.542944952845573425e-02 8.317369036376476288e-03
6.267659999999419597e+03 4.981838539242744446e-02 7.886769250035285950e-03
6.269139999999419160e+03 4.934987425804138184e-02 7.616315037012100220e-03
6.270619999999418724e+03 5.621257424354553223e-02 7.478502113372087479e-03
6.272099999999418287e+03 5.416777729988098145e-02 7.365417666733264923e-03
6.273579999999417851e+03 5.697474628686904907e-02 7.659538183361291885e-03
6.275059999999417414e+03 5.559600889682769775e-02 7.869493216276168823e-03
6.276539999999416978e+03 3.961411491036415100e-02 7.463118992745876312e-03
6.278019999999416541e+03 5.089095607399940491e-02 7.607953622937202454e-03
6.279499999999416104e+03 6.014891713857650757e-02 8.779594674706459045e-03
6.280979999999415668e+03 5.869479477405548096e-02 7.773992605507373810e-03
6.282459999999415231e+03 6.031984090805053711e-02 7.487993221729993820e-03
6.283939999999414795e+03 5.039472505450248718e-02 7.253282703459262848e-03
6.285419999999414358e+03 3.290776908397674561e-02 8.055659011006355286e-03
6.286899999999413922e+03 4.645733535289764404e-02 9.890530258417129517e-03
6.288379999999413485e+03 4.836793243885040283e-02 9.653066284954547882e-03
6.289859999999413048e+03 4.488399624824523926e-02 7.987505756318569183e-03
6.291339999999412612e+03 4.698261618614196777e-02 7.241712883114814758e-03
6.292819999999412175e+03 5.136071890592575073e-02 7.281698286533355713e-03
6.294299999999411739e+03 5.497866123914718628e-02 7.356691174209117889e-03
6.295779999999411302e+03 4.847898334264755249e-02 7.798798382282257080e-03
6.297259999999410866e+03 -9.527476504445075989e-05 8.780369535088539124e-03
6.298739999999410429e+03 2.212031930685043335e-02 1.508113183081150055e-02
6.300219999999409993e+03 9.828363358974456787e-02 1.804244332015514374e-02
6.301699999999409556e+03 6.063617765903472900e-02 1.482253987342119217e-02
6.303179999999409119e+03 1.549845561385154724e-02 7.529460825026035309e-03
6.304659999999408683e+03 3.774219378829002380e-02 7.899491116404533386e-03
6.306139999999408246e+03 4.229274392127990723e-02 1.032018009573221207e-02
6.307619999999407810e+03 5.275776609778404236e-02 1.026256475597620010e-02
6.309099999999407373e+03 4.834379255771636963e-02 8.235399611294269562e-03
6.310579999999406937e+03 5.225129425525665283e-02 7.316840346902608871e-03
6.312059999999406500e+03 5.260130017995834351e-02 7.277186028659343719e-03
6.313539999999406064e+03 6.099495291709899902e-02 7.512485608458518982e-03
6.315019999999405627e+03 5.004166066646575928e-02 7.165886927396059036e-03
6.316499999999405190e+03 4.758892208337783813e-02 7.054904010146856308e-03
6.317979999999404754e+03 6.141852587461471558e-02 7.493017241358757019e-03
6.319459999999404317e+03 5.676221102476119995e-02 7.965504191815853119e-03
6.320939999999403881e+03 6.030335649847984314e-02 8.656712248921394348e-03
6.322419999999403444e+03 6.271867454051971436e-02 8.490990847349166870e-03
6.323899999999403008e+03 5.300229042768478394e-02 7.446798961609601974e-03
6.325379999999402571e+03 4.621231555938720703e-02 7.092059589922428131e-03
6.326859999999402135e+03 4.947989434003829956e-02 7.429625838994979858e-03
6.328339999999401698e+03 3.936525061726570129e-02 9.086254984140396118e-03
6.329819999999401261e+03 4.984285309910774231e-02 1.017219759523868561e-02
6.331299999999400825e+03 6.077212840318679810e-02 9.279491379857063293e-03
6.332779999999400388e+03 5.053387209773063660e-02 7.409423124045133591e-03
6.334259999999399952e+03 5.288906022906303406e-02 7.129302714020013809e-03
6.335739999999399515e+03 5.707520991563796997e-02 7.354270666837692261e-03
6.337219999999399079e+03 4.776254296302795410e-02 7.062073796987533569e-03
6.338699999999398642e+03 4.434432834386825562e-02 6.966125685721635818e-03
6.340179999999398206e+03 4.813604429364204407e-02 7.148364558815956116e-03
6.341659999999397769e+03 5.484753102064132690e-02 7.404520642012357712e-03
6.343139999999397332e+03 5.873086676001548767e-02 7.498363964259624481e-03
6.344619999999396896e+03 5.266121402382850647e-02 7.267125882208347321e-03
6.346099999999396459e+03 4.470159113407135010e-02 7.283121347427368164e-03
6.347579999999396023e+03 4.811332374811172485e-02 7.958438247442245483e-03
6.349059999999395586e+03 5.295277014374732971e-02 8.169325068593025208e-03
6.350539999999395150e+03 4.780379310250282288e-02 7.482327520847320557e-03
6.352019999999394713e+03 4.938952624797821045e-02 7.016670890152454376e-03
6.353499999999394277e+03 4.840976744890213013e-02 7.401947397738695145e-03
6.354979999999393840e+03 3.510836511850357056e-02 8.358295075595378876e-03
6.356459999999393403e+03 4.313642904162406921e-02 9.010762907564640045e-03
6.357939999999392967e+03 5.238407477736473083e-02 8.388477377593517303e-03
6.359419999999392530e+03 3.578687086701393127e-02 7.007487583905458450e-03
6.360899999999392094e+03 5.032818391919136047e-02 7.827032357454299927e-03
6.362379999999391657e+03 6.288357824087142944e-02 1.096703670918941498e-02
6.363859999999391221e+03 7.532998919486999512e-02 1.211119629442691803e-02
6.365339999999390784e+03 7.335636019706726074e-02 1.026074029505252838e-02
6.366819999999390348e+03 3.236323595046997070e-02 6.918614264577627182e-03
6.368299999999389911e+03 5.968098342418670654e-02 7.408083882182836533e-03
6.369779999999389474e+03 5.050418525934219360e-02 7.104428019374608994e-03
6.371259999999389038e+03 4.831819236278533936e-02 7.050886284559965134e-03
6.372739999999388601e+03 4.626415669918060303e-02 7.049800828099250793e-03
6.374219999999388165e+03 5.953099578619003296e-02 7.432998158037662506e-03
6.375699999999387728e+03 5.591609328985214233e-02 7.280580699443817139e-03
6.377179999999387292e+03 5.282829329371452332e-02 7.464431226253509521e-03
6.378659999999386855e+03 5.061516910791397095e-02 7.774475496262311935e-03
6.380139999999386418e+03 6.384874880313873291e-02 8.056071586906909943e-03
6.381619999999385982e+03 5.750042572617530823e-02 7.582026533782482147e-03
6.383099999999385545e+03 5.495790764689445496e-02 7.343896199017763138e-03
6.384579999999385109e+03 8.163836598396301270e-02 8.662939071655273438e-03
6.386059999999384672e+03 7.140084356069564819e-02 8.892847225069999695e-03
6.387539999999384236e+03 4.577057808637619019e-02 7.767894770950078964e-03
6.389019999999383799e+03 5.585728585720062256e-02 7.424188312143087387e-03
6.390499999999383363e+03 5.816970020532608032e-02 7.338013965636491776e-03
6.391979999999382926e+03 4.403486847877502441e-02 6.965704727917909622e-03
6.393459999999382489e+03 4.772386327385902405e-02 7.074932102113962173e-03
6.394939999999382053e+03 5.760544538497924805e-02 7.360520306974649429e-03
6.396419999999381616e+03 5.304592847824096680e-02 7.249112706631422043e-03
6.397899999999381180e+03 4.476416856050491333e-02 6.911553442478179932e-03
6.399379999999380743e+03 4.472927749156951904e-02 6.874114274978637695e-03
6.400859999999380307e+03 4.350268095731735229e-02 6.875488441437482834e-03
6.402339999999379870e+03 5.484848096966743469e-02 7.254368159919977188e-03
6.403819999999379434e+03 5.512826144695281982e-02 7.199595216661691666e-03
6.405299999999378997e+03 6.070480868220329285e-02 7.368273101747035980e-03
6.406779999999378560e+03 5.975614488124847412e-02 7.313436362892389297e-03
6.408259999999378124e+03 5.303226783871650696e-02 7.080166134983301163e-03
6.409739999999377687e+03 5.739289522171020508e-02 7.215724326670169830e-03
6.411219999999377251e+03 5.899812281131744385e-02 7.376086898148059845e-03
6.412699999999376814e+03 5.984309315681457520e-02 7.616091053932905197e-03
6.414179999999376378e+03 4.482113569974899292e-02 7.196351885795593262e-03
6.415659999999375941e+03 4.268930107355117798e-02 6.870095618069171906e-03
6.417139999999375505e+03 3.821859508752822876e-02 6.689615081995725632e-03
6.418619999999375068e+03 4.488359391689300537e-02 7.274163886904716492e-03
6.420099999999374631e+03 4.596130549907684326e-02 7.577712647616863251e-03
6.421579999999374195e+03 4.482764378190040588e-02 7.279956713318824768e-03
6.423059999999373758e+03 4.933164268732070923e-02 7.060700096189975739e-03
6.424539999999373322e+03 4.115437716245651245e-02 6.735288538038730621e-03
6.426019999999372885e+03 4.803264513611793518e-02 6.966588553041219711e-03
6.427499999999372449e+03 5.421722680330276489e-02 7.146492134779691696e-03
6.428979999999372012e+03 4.224199801683425903e-02 6.708022207021713257e-03
6.430459999999371576e+03 4.638735949993133545e-02 6.851177196949720383e-03
6.431939999999371139e+03 5.040042102336883545e-02 7.003144826740026474e-03
6.433419999999370702e+03 4.092572256922721863e-02 6.739583797752857208e-03
6.434899999999370266e+03 4.092798382043838501e-02 6.826966069638729095e-03
6.436379999999369829e+03 5.137729272246360779e-02 7.114411797374486923e-03
6.437859999999369393e+03 4.669668525457382202e-02 6.878306623548269272e-03
6.439339999999368956e+03 4.415801167488098145e-02 6.772160995751619339e-03
6.440819999999368520e+03 4.551271349191665649e-02 6.867877673357725143e-03
6.442299999999368083e+03 4.491832479834556580e-02 6.940793246030807495e-03
6.443779999999367647e+03 5.454004928469657898e-02 7.227291353046894073e-03
6.445259999999367210e+03 5.724050849676132202e-02 7.194458507001399994e-03
6.446739999999366773e+03 5.007268115878105164e-02 6.964132655411958694e-03
6.448219999999366337e+03 5.587217211723327637e-02 7.225226145237684250e-03
6.449699999999365900e+03 4.717782512307167053e-02 7.031830493360757828e-03
6.451179999999365464e+03 4.199661314487457275e-02 7.018839474767446518e-03
6.452659999999365027e+03 4.747601225972175598e-02 7.271138019859790802e-03
6.454139999999364591e+03 4.728657752275466919e-02 7.063655182719230652e-03
6.455619999999364154e+03 5.180008336901664734e-02 7.198154460638761520e-03
6.457099999999363718e+03 6.017387658357620239e-02 7.687930949032306671e-03
6.458579999999363281e+03 4.592735320329666138e-02 7.279907818883657455e-03
6.460059999999362844e+03 3.371711447834968567e-02 6.737760733813047409e-03
6.461539999999362408e+03 4.625491052865982056e-02 7.367334328591823578e-03
6.463019999999361971e+03 5.271104723215103149e-02 8.345546200871467590e-03
6.464499999999361535e+03 5.296818912029266357e-02 9.056377224624156952e-03
6.465979999999361098e+03 5.876690521836280823e-02 9.076784364879131317e-03
6.467459999999360662e+03 5.537925660610198975e-02 8.231927640736103058e-03
6.468939999999360225e+03 4.338656365871429443e-02 8.169842883944511414e-03
6.470419999999359788e+03 4.199774563312530518e-02 8.708024397492408752e-03
6.471899999999359352e+03 5.007825791835784912e-02 8.313385769724845886e-03
6.473379999999358915e+03 5.178536474704742432e-02 7.342471741139888763e-03
6.474859999999358479e+03 4.908786341547966003e-02 7.108948659151792526e-03
6.476339999999358042e+03 4.579043388366699219e-02 7.252478506416082382e-03
6.477819999999357606e+03 3.084981814026832581e-02 7.091178093105554581e-03
6.479299999999357169e+03 4.469833523035049438e-02 7.226999383419752121e-03
6.480779999999356733e+03 4.677469283342361450e-02 7.064707111567258835e-03
6.482259999999356296e+03 5.049787461757659912e-02 7.061249110847711563e-03
6.483739999999355859e+03 4.306374490261077881e-02 6.748893298208713531e-03
6.485219999999355423e+03 5.825617909431457520e-02 7.166616152971982956e-03
6.486699999999354986e+03 4.700689017772674561e-02 6.871254649013280869e-03
6.488179999999354550e+03 4.432709142565727234e-02 6.788944825530052185e-03
6.489659999999354113e+03 5.328003689646720886e-02 7.061955053359270096e-03
6.491139999999353677e+03 6.959822773933410645e-02 7.495563942939043045e-03
6.492619999999353240e+03 4.954263940453529358e-02 7.010831497609615326e-03
6.494099999999352804e+03 4.717936366796493530e-02 6.860078778117895126e-03
6.495579999999352367e+03 3.583145514130592346e-02 6.977779790759086609e-03
6.497059999999351930e+03 4.638353735208511353e-02 9.338899515569210052e-03
6.498539999999351494e+03 5.560644716024398804e-02 1.043779589235782623e-02
6.500019999999351057e+03 3.584984317421913147e-02 8.964803069829940796e-03
6.501499999999350621e+03 4.011623561382293701e-02 7.414177060127258301e-03
6.502979999999350184e+03 5.462966486811637878e-02 7.790241856127977371e-03
6.504459999999349748e+03 5.295713990926742554e-02 8.276957087218761444e-03
6.505939999999349311e+03 5.956798046827316284e-02 8.042594417929649353e-03
6.507419999999348875e+03 5.961734056472778320e-02 7.405432406812906265e-03
6.508899999999348438e+03 4.900494962930679321e-02 6.932188291102647781e-03
6.510379999999348001e+03 4.954800382256507874e-02 7.003941573202610016e-03
6.511859999999347565e+03 5.419737845659255981e-02 7.271509151905775070e-03
6.513339999999347128e+03 5.335922539234161377e-02 7.450798526406288147e-03
6.514819999999346692e+03 3.415213897824287415e-02 6.733804475516080856e-03
6.516299999999346255e+03 2.323298528790473938e-02 6.095063872635364532e-03
6.517779999999345819e+03 2.664970979094505310e-02 6.135933566838502884e-03
6.519259999999345382e+03 4.646956920623779297e-02 6.907220464199781418e-03
6.520739999999344946e+03 4.580684378743171692e-02 7.411224301904439926e-03
6.522219999999344509e+03 5.305406823754310608e-02 7.880484685301780701e-03
6.523699999999344072e+03 5.465849861502647400e-02 7.642689626663923264e-03
6.525179999999343636e+03 4.205077886581420898e-02 6.912757176905870438e-03
6.526659999999343199e+03 4.301027208566665649e-02 6.878135725855827332e-03
6.528139999999342763e+03 5.971160531044006348e-02 7.284450810402631760e-03
6.529619999999342326e+03 4.815196990966796875e-02 6.990358699113130569e-03
6.531099999999341890e+03 4.389825463294982910e-02 8.607078343629837036e-03
6.532579999999341453e+03 3.962517529726028442e-02 9.539303369820117950e-03
6.534059999999341017e+03 4.939035326242446899e-02 9.021192789077758789e-03
6.535539999999340580e+03 5.173490568995475769e-02 7.462183944880962372e-03
6.537019999999340143e+03 6.344033777713775635e-02 7.277422118932008743e-03
6.538499999999339707e+03 7.465577125549316406e-02 7.821474224328994751e-03
6.539979999999339270e+03 5.257468670606613159e-02 7.223975379019975662e-03
6.541459999999338834e+03 5.123575031757354736e-02 7.563129067420959473e-03
6.542939999999338397e+03 5.478716641664505005e-02 8.383682928979396820e-03
6.544419999999337961e+03 3.633662313222885132e-02 7.731200661510229111e-03
6.545899999999337524e+03 4.610254615545272827e-02 7.359911687672138214e-03
6.547379999999337088e+03 5.731920152902603149e-02 7.322911173105239868e-03
6.548859999999336651e+03 5.055477097630500793e-02 6.975577212870121002e-03
6.550339999999336214e+03 4.414278641343116760e-02 7.204260677099227905e-03
6.551819999999335778e+03 4.513194784522056580e-02 9.130523540079593658e-03
6.553299999999335341e+03 5.723752081394195557e-02 1.033199485391378403e-02
6.554779999999334905e+03 3.517220914363861084e-02 8.887792937457561493e-03
6.556259999999334468e+03 3.765181824564933777e-02 6.953095085918903351e-03
6.557739999999334032e+03 4.716431722044944763e-02 6.738414522260427475e-03
6.559219999999333595e+03 3.636034578084945679e-02 6.595026701688766479e-03
6.560699999999333158e+03 4.438889771699905396e-02 8.315759710967540741e-03
6.562179999999332722e+03 5.515931174159049988e-02 9.401736781001091003e-03
6.563659999999332285e+03 4.919820278882980347e-02 8.592599071562290192e-03
6.565139999999331849e+03 4.767164587974548340e-02 7.188094779849052429e-03
6.566619999999331412e+03 5.428965762257575989e-02 7.550430949777364731e-03
6.568099999999330976e+03 6.548694521188735962e-02 8.391925133764743805e-03
6.569579999999330539e+03 4.574454575777053833e-02 7.732117548584938049e-03
6.571059999999330103e+03 4.741900786757469177e-02 7.287751883268356323e-03
6.572539999999329666e+03 6.118190288543701172e-02 7.261343766003847122e-03
6.574019999999329229e+03 3.793900832533836365e-02 7.107729557901620865e-03
6.575499999999328793e+03 4.341677203774452209e-02 8.542279712855815887e-03
6.576979999999328356e+03 5.457540228962898254e-02 9.524055756628513336e-03
6.578459999999327920e+03 4.148397222161293030e-02 8.201415650546550751e-03
6.579939999999327483e+03 6.206053122878074646e-02 7.599255535751581192e-03
6.581419999999327047e+03 1.271728426218032837e-01 9.113014675676822662e-03
6.582899999999326610e+03 1.552156805992126465e-01 9.798798710107803345e-03
6.584379999999326174e+03 1.269507259130477905e-01 9.084274061024188995e-03
6.585859999999325737e+03 5.278750509023666382e-02 7.011777255684137344e-03
6.587339999999325300e+03 4.297702759504318237e-02 6.706088781356811523e-03
6.588819999999324864e+03 5.272526666522026062e-02 7.061556447297334671e-03
6.590299999999324427e+03 4.146360233426094055e-02 6.684410385787487030e-03
6.591779999999323991e+03 5.513660609722137451e-02 7.076356094330549240e-03
6.593259999999323554e+03 3.938446193933486938e-02 6.558359600603580475e-03
6.594739999999323118e+03 4.927820339798927307e-02 7.395734079182147980e-03
6.596219999999322681e+03 6.762804090976715088e-02 8.129508234560489655e-03
6.597699999999322245e+03 5.352080240845680237e-02 7.464384660124778748e-03
6.599179999999321808e+03 4.647407308220863342e-02 6.890326272696256638e-03
6.600659999999321371e+03 4.475317522883415222e-02 6.961879786103963852e-03
6.602139999999320935e+03 5.632799491286277771e-02 8.203532546758651733e-03
6.603619999999320498e+03 7.265751063823699951e-02 9.126750752329826355e-03
6.605099999999320062e+03 5.169053375720977783e-02 8.180611766874790192e-03
6.606579999999319625e+03 4.734360054135322571e-02 7.177052553743124008e-03
6.608059999999319189e+03 4.806575551629066467e-02 6.812322884798049927e-03
6.609539999999318752e+03 6.251002103090286255e-02 7.214109413325786591e-03
6.611019999999318316e+03 7.051578909158706665e-02 7.453868631273508072e-03
6.612499999999317879e+03 5.209686607122421265e-02 6.878860760480165482e-03
6.613979999999317442e+03 4.253220558166503906e-02 6.614628247916698456e-03
6.615459999999317006e+03 4.195968806743621826e-02 6.625119596719741821e-03
6.616939999999316569e+03 5.024525523185729980e-02 6.846779491752386093e-03
6.618419999999316133e+03 5.447511374950408936e-02 6.996151991188526154e-03
6.619899999999315696e+03 5.619534105062484741e-02 7.145887706428766251e-03
6.621379999999315260e+03 5.711891502141952515e-02 7.112258579581975937e-03
6.622859999999314823e+03 3.529141098260879517e-02 6.429072003811597824e-03
6.624339999999314387e+03 3.927596285939216614e-02 6.594852544367313385e-03
6.625819999999313950e+03 4.809720441699028015e-02 7.129003293812274933e-03
6.627299999999313513e+03 4.823175817728042603e-02 7.258158177137374878e-03
6.628779999999313077e+03 5.687498301267623901e-02 7.324069738388061523e-03
6.630259999999312640e+03 4.952658712863922119e-02 6.914291065186262131e-03
6.631739999999312204e+03 4.955663532018661499e-02 7.219733204692602158e-03
6.633219999999311767e+03 4.902601987123489380e-02 7.603165693581104279e-03
6.634699999999311331e+03 5.775393545627593994e-02 7.662960793823003769e-03
6.636179999999310894e+03 4.476915299892425537e-02 6.977131124585866928e-03
6.637659999999310457e+03 4.771530255675315857e-02 6.912531331181526184e-03
6.639139999999310021e+03 5.009697005152702332e-02 6.911188364028930664e-03
6.640619999999309584e+03 4.555925354361534119e-02 6.780344992876052856e-03
6.642099999999309148e+03 4.905521497130393982e-02 6.826241500675678253e-03
6.643579999999308711e+03 6.048974394798278809e-02 7.121261209249496460e-03
6.645059999999308275e+03 5.749411135911941528e-02 7.078264374285936356e-03
6.646539999999307838e+03 4.858420044183731079e-02 6.834621075540781021e-03
6.648019999999307402e+03 4.788783192634582520e-02 6.816983222961425781e-03
6.649499999999306965e+03 4.330032691359519958e-02 6.722212769091129303e-03
6.650979999999306528e+03 4.286294803023338318e-02 6.745145656168460846e-03
6.652459999999306092e+03 3.912535309791564941e-02 6.603367626667022705e-03
6.653939999999305655e+03 5.164685100317001343e-02 6.954629905521869659e-03
6.655419999999305219e+03 4.220834001898765564e-02 6.685049273073673248e-03
6.656899999999304782e+03 5.471787229180335999e-02 6.991784553974866867e-03
6.658379999999304346e+03 5.001714825630187988e-02 6.837971508502960205e-03
6.659859999999303909e+03 4.376415535807609558e-02 6.790236104279756546e-03
6.661339999999303473e+03 4.606966674327850342e-02 6.868403404951095581e-03
6.662819999999303036e+03 3.956878557801246643e-02 6.563535891473293304e-03
6.664299999999302599e+03 4.103034362196922302e-02 6.637093145400285721e-03
6.665779999999302163e+03 5.297070369124412537e-02 7.195010315626859665e-03
6.667259999999301726e+03 5.430556088685989380e-02 7.366962265223264694e-03
6.668739999999301290e+03 5.124025791883468628e-02 7.115529850125312805e-03
6.670219999999300853e+03 5.000607296824455261e-02 6.900410633534193039e-03
6.671699999999300417e+03 5.220967158675193787e-02 6.935310550034046173e-03
6.673179999999299980e+03 4.398002848029136658e-02 6.714271847158670425e-03
6.674659999999299544e+03 4.970092698931694031e-02 6.834969855844974518e-03
6.676139999999299107e+03 5.761730670928955078e-02 6.982475053519010544e-03
6.677619999999298670e+03 5.055811256170272827e-02 6.746205501258373260e-03
6.679099999999298234e+03 4.543267935514450073e-02 6.631728261709213257e-03
6.680579999999297797e+03 4.173209890723228455e-02 6.599448155611753464e-03
6.682059999999297361e+03 4.537551850080490112e-02 6.746252998709678650e-03
6.683539999999296924e+03 5.292341858148574829e-02 7.018904201686382294e-03
6.685019999999296488e+03 6.062711030244827271e-02 7.266564294695854187e-03
6.686499999999296051e+03 5.071441084146499634e-02 6.899675820022821426e-03
6.687979999999295615e+03 3.798539936542510986e-02 6.443675141781568527e-03
6.689459999999295178e+03 3.815861791372299194e-02 6.448592990636825562e-03
6.690939999999294741e+03 5.450007319450378418e-02 6.931883748620748520e-03
6.692419999999294305e+03 4.103938490152359009e-02 6.494311615824699402e-03
6.693899999999293868e+03 3.734643757343292236e-02 6.365793291479349136e-03
6.695379999999293432e+03 6.021105870604515076e-02 7.159454282373189926e-03
6.696859999999292995e+03 4.560151323676109314e-02 6.819906178861856461e-03
6.698339999999292559e+03 3.833211585879325867e-02 6.757706869393587112e-03
6.699819999999292122e+03 5.037873238325119019e-02 7.057868409901857376e-03
6.701299999999291686e+03 5.271802842617034912e-02 7.039464544504880905e-03
6.702779999999291249e+03 5.293957144021987915e-02 7.070034742355346680e-03
6.704259999999290812e+03 4.141166806221008301e-02 6.828049663454294205e-03
6.705739999999290376e+03 5.191639810800552368e-02 7.016697432845830917e-03
6.707219999999289939e+03 5.922281742095947266e-02 7.078484166413545609e-03
6.708699999999289503e+03 4.909890890121459961e-02 6.834716070443391800e-03
6.710179999999289066e+03 6.302997469902038574e-02 7.254851981997489929e-03
6.711659999999288630e+03 6.841346621513366699e-02 7.366482168436050415e-03
6.713139999999288193e+03 5.037747696042060852e-02 6.864305119961500168e-03
6.714619999999287757e+03 3.978947177529335022e-02 6.639206781983375549e-03
6.716099999999287320e+03 4.558841139078140259e-02 6.830574478954076767e-03
6.717579999999286883e+03 4.215504974126815796e-02 6.623871624469757080e-03
6.719059999999286447e+03 5.549352988600730896e-02 6.998927332460880280e-03
6.720539999999286010e+03 5.726074427366256714e-02 7.042335346341133118e-03
6.722019999999285574e+03 5.240835621953010559e-02 6.889929063618183136e-03
6.723499999999285137e+03 4.523427784442901611e-02 6.663090549409389496e-03
6.724979999999284701e+03 4.328183457255363464e-02 6.583840586245059967e-03
6.726459999999284264e+03 5.054449290037155151e-02 6.846691481769084930e-03
6.727939999999283827e+03 4.643369466066360474e-02 6.726786959916353226e-03
6.729419999999283391e+03 4.872274398803710938e-02 6.876952014863491058e-03
6.730899999999282954e+03 4.686526954174041748e-02 6.760967429727315903e-03
6.732379999999282518e+03 4.676055908203125000e-02 6.778297480195760727e-03
6.733859999999282081e+03 3.945131599903106689e-02 6.541919894516468048e-03
6.735339999999281645e+03 7.910808175802230835e-02 7.647386752068996429e-03
6.736819999999281208e+03 1.117801517248153687e-01 8.464629761874675751e-03
6.738299999999280772e+03 8.624417334794998169e-02 7.887454703450202942e-03
6.739779999999280335e+03 5.306529253721237183e-02 7.013247348368167877e-03
6.741259999999279898e+03 4.429259896278381348e-02 6.746011786162853241e-03
6.742739999999279462e+03 5.063433572649955750e-02 6.982605904340744019e-03
6.744219999999279025e+03 5.176284909248352051e-02 7.037576753646135330e-03
6.745699999999278589e+03 4.785915836691856384e-02 6.896575912833213806e-03
6.747179999999278152e+03 6.059452891349792480e-02 7.240276783704757690e-03
6.748659999999277716e+03 5.359898507595062256e-02 6.935310550034046173e-03
6.750139999999277279e+03 6.840959936380386353e-02 7.417648099362850189e-03
6.751619999999276843e+03 7.652910053730010986e-02 7.608491461724042892e-03
6.753099999999276406e+03 6.016229838132858276e-02 7.026694715023040771e-03
6.754579999999275969e+03 6.083796545863151550e-02 7.093476131558418274e-03
6.756059999999275533e+03 6.388641893863677979e-02 7.157478481531143188e-03
6.757539999999275096e+03 5.938526242971420288e-02 7.005836814641952515e-03
6.759019999999274660e+03 5.212220177054405212e-02 6.840774323791265488e-03
6.760499999999274223e+03 4.350737482309341431e-02 6.597876083105802536e-03
6.761979999999273787e+03 4.490082338452339172e-02 6.701385136693716049e-03
6.763459999999273350e+03 4.201573505997657776e-02 6.591925863176584244e-03
6.764939999999272914e+03 3.779869526624679565e-02 6.386273540556430817e-03
6.766419999999272477e+03 4.806574061512947083e-02 6.663095671683549881e-03
6.767899999999272040e+03 5.443536490201950073e-02 6.876399274915456772e-03
6.769379999999271604e+03 4.954462498426437378e-02 6.702065467834472656e-03
6.770859999999271167e+03 4.067709296941757202e-02 6.398764904588460922e-03
6.772339999999270731e+03 5.038768053054809570e-02 6.747448351234197617e-03
6.773819999999270294e+03 6.058285757899284363e-02 7.084163837134838104e-03
6.775299999999269858e+03 4.599638283252716064e-02 6.633367389440536499e-03
6.776779999999269421e+03 5.146206170320510864e-02 6.821740418672561646e-03
6.778259999999268985e+03 5.512560158967971802e-02 6.889811251312494278e-03
6.779739999999268548e+03 4.199541360139846802e-02 6.558453664183616638e-03
6.781219999999268111e+03 4.594436287879943848e-02 6.713326554745435715e-03
6.782699999999267675e+03 5.982058495283126831e-02 7.037778850644826889e-03
6.784179999999267238e+03 4.868812859058380127e-02 6.689365487545728683e-03
6.785659999999266802e+03 4.131174832582473755e-02 6.578698288649320602e-03
6.787139999999266365e+03 3.733550757169723511e-02 6.491044536232948303e-03
6.788619999999265929e+03 3.820473328232765198e-02 6.456284783780574799e-03
6.790099999999265492e+03 4.117648676037788391e-02 6.510039325803518295e-03
6.791579999999265056e+03 4.434730112552642822e-02 6.591460667550563812e-03
6.793059999999264619e+03 3.675150498747825623e-02 6.374984979629516602e-03
6.794539999999264182e+03 4.370917007327079773e-02 6.577180698513984680e-03
6.796019999999263746e+03 5.698373913764953613e-02 6.970030721276998520e-03
6.797499999999263309e+03 5.445326119661331177e-02 6.867094896733760834e-03
6.798979999999262873e+03 5.224704369902610779e-02 6.770944688469171524e-03
6.800459999999262436e+03 5.380487069487571716e-02 6.837779656052589417e-03
6.801939999999262000e+03 5.123796686530113220e-02 6.787659600377082825e-03
6.803419999999261563e+03 5.395824834704399109e-02 6.916925776749849319e-03
6.804899999999261127e+03 5.411190167069435120e-02 6.901499349623918533e-03
6.806379999999260690e+03 5.082538723945617676e-02 6.741453427821397781e-03
6.807859999999260253e+03 4.994670301675796509e-02 6.712976843118667603e-03
6.809339999999259817e+03 4.623259976506233215e-02 6.644209846854209900e-03
6.810819999999259380e+03 4.917198792099952698e-02 6.737139541655778885e-03
6.812299999999258944e+03 4.538079723715782166e-02 6.498273927718400955e-03
6.813779999999258507e+03 5.019388347864151001e-02 6.731719244271516800e-03
6.815259999999258071e+03 6.253150105476379395e-02 7.110485807061195374e-03
6.816739999999257634e+03 4.672061279416084290e-02 6.641570944339036942e-03
6.818219999999257197e+03 3.371179476380348206e-02 6.278186105191707611e-03
6.819699999999256761e+03 4.697054624557495117e-02 6.674094591289758682e-03
6.821179999999256324e+03 4.317166656255722046e-02 6.568723358213901520e-03
6.822659999999255888e+03 4.727541655302047729e-02 6.657275371253490448e-03
6.824139999999255451e+03 4.087661951780319214e-02 6.757841911166906357e-03
6.825619999999255015e+03 3.783522173762321472e-02 8.154853247106075287e-03
6.827099999999254578e+03 4.121717810630798340e-02 1.084067393094301224e-02
6.828579999999254142e+03 5.060382932424545288e-02 1.152516901493072510e-02
6.830059999999253705e+03 4.986964538693428040e-02 1.025665272027254105e-02
6.831539999999253268e+03 3.812788426876068115e-02 9.603954851627349854e-03
6.833019999999252832e+03 6.200820207595825195e-02 1.145650353282690048e-02
6.834499999999252395e+03 6.780899316072463989e-02 1.094334479421377182e-02
6.835979999999251959e+03 2.724912390112876892e-02 7.610673550516366959e-03
6.837459999999251522e+03 5.139388889074325562e-02 7.104846648871898651e-03
6.838939999999251086e+03 4.954927042126655579e-02 7.400179281830787659e-03
6.840419999999250649e+03 4.062015935778617859e-02 7.856893353164196014e-03
6.841899999999250213e+03 3.826598450541496277e-02 7.625279482454061508e-03
6.843379999999249776e+03 4.500217363238334656e-02 7.052260451018810272e-03
6.844859999999249339e+03 4.501937702298164368e-02 6.661708466708660126e-03
6.846339999999248903e+03 5.597750097513198853e-02 6.932320538908243179e-03
6.847819999999248466e+03 5.483025312423706055e-02 6.985750049352645874e-03
6.849299999999248030e+03 4.627160727977752686e-02 6.866208743304014206e-03
6.850779999999247593e+03 4.822375997900962830e-02 6.933740805834531784e-03
6.852259999999247157e+03 4.784711077809333801e-02 6.802375428378582001e-03
6.853739999999246720e+03 3.937888890504837036e-02 6.422199774533510208e-03
6.855219999999246284e+03 4.049877449870109558e-02 6.398208905011415482e-03
6.856699999999245847e+03 4.985027387738227844e-02 6.671294104307889938e-03
6.858179999999245410e+03 5.085352063179016113e-02 6.582880858331918716e-03
6.859659999999244974e+03 3.311307355761528015e-02 6.657645571976900101e-03
6.861139999999244537e+03 3.209374845027923584e-02 1.017826050519943237e-02
6.862619999999244101e+03 5.632754415273666382e-02 1.353883463889360428e-02
6.864099999999243664e+03 4.032735526561737061e-02 1.287030056118965149e-02
6.865579999999243228e+03 1.779788173735141754e-02 8.190672844648361206e-03
6.867059999999242791e+03 1.345563866198062897e-02 5.878270603716373444e-03
6.868539999999242355e+03 2.713395282626152039e-02 6.280453409999608994e-03
6.870019999999241918e+03 3.415247052907943726e-02 6.972489878535270691e-03
6.871499999999241481e+03 3.902541100978851318e-02 6.839363370090723038e-03
6.872979999999241045e+03 4.854986816644668579e-02 6.551764439791440964e-03
6.874459999999240608e+03 4.098818823695182800e-02 6.155854091048240662e-03
6.875939999999240172e+03 4.211586713790893555e-02 6.259736604988574982e-03
6.877419999999239735e+03 4.241378605365753174e-02 6.482380907982587814e-03
6.878899999999239299e+03 3.302744030952453613e-02 6.885590497404336929e-03
6.880379999999238862e+03 4.968174546957015991e-02 7.989477366209030151e-03
6.881859999999238426e+03 5.333922430872917175e-02 7.746885064989328384e-03
6.883339999999237989e+03 3.375649824738502502e-02 6.390493828803300858e-03
6.884819999999237552e+03 3.150720894336700439e-02 6.167027167975902557e-03
6.886299999999237116e+03 4.559244960546493530e-02 7.246223744004964828e-03
6.887779999999236679e+03 6.330365687608718872e-02 8.774287998676300049e-03
6.889259999999236243e+03 6.120314821600914001e-02 8.641133084893226624e-03
6.890739999999235806e+03 4.728477820754051208e-02 7.270143367350101471e-03
6.892219999999235370e+03 4.122512042522430420e-02 6.568386219441890717e-03
6.893699999999234933e+03 3.506148606538772583e-02 6.470369175076484680e-03
6.895179999999234496e+03 4.449171200394630432e-02 6.568421144038438797e-03
6.896659999999234060e+03 4.340669140219688416e-02 6.395373027771711349e-03
6.898139999999233623e+03 4.383883997797966003e-02 7.403390016406774521e-03
6.899619999999233187e+03 5.000444501638412476e-02 8.401318453252315521e-03
6.901099999999232750e+03 4.839798808097839355e-02 8.218830451369285583e-03
6.902579999999232314e+03 3.715973719954490662e-02 6.843511480838060379e-03
6.904059999999231877e+03 3.980571031570434570e-02 6.401410326361656189e-03
6.905539999999231441e+03 4.428814351558685303e-02 6.471611093729734421e-03
6.907019999999231004e+03 3.607014566659927368e-02 6.206620018929243088e-03
6.908499999999230567e+03 2.990055270493030548e-02 6.060866639018058777e-03
6.909979999999230131e+03 4.351667687296867371e-02 7.857033982872962952e-03
6.911459999999229694e+03 4.814508929848670959e-02 9.201562963426113129e-03
6.912939999999229258e+03 4.756329208612442017e-02 8.837942034006118774e-03
6.914419999999228821e+03 4.918562620878219604e-02 7.264807354658842087e-03
6.915899999999228385e+03 4.244190081954002380e-02 6.426068488508462906e-03
6.917379999999227948e+03 4.785095527768135071e-02 6.500450428575277328e-03
6.918859999999227512e+03 4.464139789342880249e-02 6.710418034344911575e-03
6.920339999999227075e+03 4.030586406588554382e-02 8.356044068932533264e-03
6.921819999999226638e+03 6.338584423065185547e-02 1.097025629132986069e-02
6.923299999999226202e+03 4.283838346600532532e-02 1.058604754507541656e-02
6.924779999999225765e+03 3.346541896462440491e-02 7.690361235290765762e-03
6.926259999999225329e+03 4.874289780855178833e-02 6.981838028877973557e-03
6.927739999999224892e+03 4.586441069841384888e-02 6.681258324533700943e-03
6.929219999999224456e+03 5.028101429343223572e-02 6.697103381156921387e-03
6.930699999999224019e+03 5.646152049303054810e-02 6.907803006470203400e-03
6.932179999999223583e+03 4.797263443470001221e-02 6.648620124906301498e-03
6.933659999999223146e+03 3.282538056373596191e-02 6.149082444608211517e-03
6.935139999999222709e+03 4.673869907855987549e-02 6.507087033241987228e-03
6.936619999999222273e+03 5.630249530076980591e-02 7.874175906181335449e-03
6.938099999999221836e+03 4.326370358467102051e-02 8.988982066512107849e-03
6.939579999999221400e+03 5.168730765581130981e-02 9.019379504024982452e-03
6.941059999999220963e+03 5.132287368178367615e-02 7.676889654248952866e-03
6.942539999999220527e+03 3.852768242359161377e-02 6.382809486240148544e-03
6.944019999999220090e+03 4.637720063328742981e-02 6.257779430598020554e-03
6.945499999999219654e+03 3.273736685514450073e-02 7.141473703086376190e-03
6.946979999999219217e+03 2.205952256917953491e-02 1.041542552411556244e-02
6.948459999999218780e+03 3.671991825103759766e-02 1.194427628070116043e-02
6.949939999999218344e+03 2.186645567417144775e-02 9.973389096558094025e-03
6.951419999999217907e+03 3.744357079267501831e-02 7.160950917750597000e-03
6.952899999999217471e+03 5.905940011143684387e-02 7.146622985601425171e-03
6.954379999999217034e+03 4.916747659444808960e-02 6.850180681794881821e-03
6.955859999999216598e+03 4.552669823169708252e-02 6.734425667673349380e-03
6.957339999999216161e+03 5.549712851643562317e-02 7.059533614665269852e-03
6.958819999999215725e+03 4.793035984039306641e-02 6.838603410869836807e-03
6.960299999999215288e+03 3.876771032810211182e-02 6.508042570203542709e-03
6.961779999999214851e+03 4.637782648205757141e-02 6.738397292792797089e-03
6.963259999999214415e+03 4.736356437206268311e-02 6.783124990761280060e-03
6.964739999999213978e+03 4.138846695423126221e-02 6.548279430717229843e-03
6.966219999999213542e+03 3.855043277144432068e-02 6.766012404114007950e-03
6.967699999999213105e+03 4.325167462229728699e-02 7.949931547045707703e-03
6.969179999999212669e+03 5.652399361133575439e-02 8.697321638464927673e-03
6.970659999999212232e+03 5.701718106865882874e-02 8.205858059227466583e-03
6.972139999999211796e+03 4.324580356478691101e-02 6.804808508604764938e-03
6.973619999999211359e+03 4.352346435189247131e-02 6.721124518662691116e-03
6.975099999999210922e+03 4.673959314823150635e-02 7.408390287309885025e-03
6.976579999999210486e+03 6.778690963983535767e-02 9.988567791879177094e-03
6.978059999999210049e+03 5.434533208608627319e-02 1.022825576364994049e-02
6.979539999999209613e+03 5.237752944231033325e-02 8.575210347771644592e-03
6.981019999999209176e+03 4.572455212473869324e-02 6.930533330887556076e-03
6.982499999999208740e+03 6.020157039165496826e-02 7.181957829743623734e-03
6.983979999999208303e+03 5.369784682989120483e-02 7.009152323007583618e-03
6.985459999999207866e+03 5.581542849540710449e-02 7.113100029528141022e-03
6.986939999999207430e+03 5.477291345596313477e-02 7.065068930387496948e-03
6.988419999999206993e+03 4.684835672378540039e-02 6.772708147764205933e-03
6.989899999999206557e+03 3.881480544805526733e-02 6.447009276598691940e-03
6.991379999999206120e+03 4.945710301399230957e-02 6.725632585585117340e-03
6.992859999999205684e+03 5.628133192658424377e-02 6.914737634360790253e-03
6.994339999999205247e+03 5.255431681871414185e-02 6.937763653695583344e-03
6.995819999999204811e+03 5.361633375287055969e-02 7.062778808176517487e-03
6.997299999999204374e+03 5.681473761796951294e-02 7.123440504074096680e-03
6.998779999999203937e+03 5.966521427035331726e-02 7.146927528083324432e-03
7.000259999999203501e+03 4.228498041629791260e-02 6.805853918194770813e-03
7.001739999999203064e+03 4.373638331890106201e-02 7.457407657057046890e-03
7.003219999999202628e+03 4.613089933991432190e-02 7.734482642263174057e-03
7.004699999999202191e+03 5.724006146192550659e-02 7.566552609205245972e-03
7.006179999999201755e+03 5.564569309353828430e-02 6.951697170734405518e-03
7.007659999999201318e+03 3.664835542440414429e-02 6.499269511550664902e-03
7.009139999999200882e+03 4.176658764481544495e-02 7.844055071473121643e-03
7.010619999999200445e+03 5.358263850212097168e-02 8.921829052269458771e-03
7.012099999999200008e+03 5.498478189110755920e-02 8.368441835045814514e-03
7.013579999999199572e+03 4.006116092205047607e-02 6.763203069567680359e-03
7.015059999999199135e+03 3.898943960666656494e-02 6.290069781243801117e-03
7.016539999999198699e+03 5.142521858215332031e-02 6.671561393886804581e-03
7.018019999999198262e+03 4.382032901048660278e-02 6.476849317550659180e-03
7.019499999999197826e+03 3.703472763299942017e-02 6.335297599434852600e-03
7.020979999999197389e+03 4.375704005360603333e-02 6.503663957118988037e-03
7.022459999999196953e+03 4.102831333875656128e-02 6.391048897057771683e-03
7.023939999999196516e+03 4.674104973673820496e-02 6.601491011679172516e-03
7.025419999999196079e+03 5.555722489953041077e-02 6.863543763756752014e-03
7.026899999999195643e+03 4.229082912206649780e-02 6.547580473124980927e-03
7.028379999999195206e+03 4.668167233467102051e-02 6.742848549038171768e-03
7.029859999999194770e+03 4.580259695649147034e-02 6.614277139306068420e-03
7.031339999999194333e+03 3.919800370931625366e-02 6.379039958119392395e-03
7.032819999999193897e+03 4.659413918852806091e-02 6.581689231097698212e-03
7.034299999999193460e+03 4.567888006567955017e-02 6.539727561175823212e-03
7.035779999999193024e+03 5.260912328958511353e-02 6.767290644347667694e-03
7.037259999999192587e+03 4.749434068799018860e-02 6.645246874541044235e-03
7.038739999999192150e+03 4.833688586950302124e-02 7.013564929366111755e-03
7.040219999999191714e+03 5.253376066684722900e-02 7.415283005684614182e-03
7.041699999999191277e+03 5.384479463100433350e-02 7.307779043912887573e-03
7.043179999999190841e+03 4.465389251708984375e-02 6.846122443675994873e-03
7.044659999999190404e+03 3.994558006525039673e-02 6.996499840170145035e-03
7.046139999999189968e+03 4.639603570103645325e-02 8.041564375162124634e-03
7.047619999999189531e+03 5.125448107719421387e-02 8.469642139971256256e-03
7.049099999999189095e+03 5.218452587723731995e-02 8.141255006194114685e-03
7.050579999999188658e+03 4.822914674878120422e-02 7.504219189286231995e-03
7.052059999999188221e+03 3.883990645408630371e-02 7.044472265988588333e-03
7.053539999999187785e+03 4.561953991651535034e-02 7.100486196577548981e-03
7.055019999999187348e+03 3.884364664554595947e-02 6.571083329617977142e-03
7.056499999999186912e+03 4.545610398054122925e-02 6.673446856439113617e-03
7.057979999999186475e+03 5.690276250243186951e-02 7.092449814081192017e-03
7.059459999999186039e+03 4.906238988041877747e-02 6.923702079802751541e-03
7.060939999999185602e+03 4.941415041685104370e-02 7.113027852028608322e-03
7.062419999999185166e+03 3.893375024199485779e-02 6.867473945021629333e-03
7.063899999999184729e+03 4.998112842440605164e-02 7.223193999379873276e-03
7.065379999999184292e+03 6.092668697237968445e-02 7.556458935141563416e-03
7.066859999999183856e+03 5.916858837008476257e-02 7.490509189665317535e-03
7.068339999999183419e+03 5.588399618864059448e-02 7.358566857874393463e-03
7.069819999999182983e+03 5.103604868054389954e-02 7.099049165844917297e-03
7.071299999999182546e+03 4.607010260224342346e-02 6.940972059965133667e-03
7.072779999999182110e+03 4.277306050062179565e-02 6.956089287996292114e-03
7.074259999999181673e+03 4.465763270854949951e-02 6.981193553656339645e-03
7.075739999999181236e+03 3.845060616731643677e-02 6.733842194080352783e-03
7.077219999999180800e+03 4.757302999496459961e-02 7.084559183567762375e-03
7.078699999999180363e+03 5.518800020217895508e-02 7.258234545588493347e-03
7.080179999999179927e+03 4.954151436686515808e-02 7.159952539950609207e-03
7.081659999999179490e+03 6.277306377887725830e-02 7.671057246625423431e-03
7.083139999999179054e+03 5.447842553257942200e-02 7.356639485806226730e-03
7.084619999999178617e+03 4.051681607961654663e-02 6.715972442179918289e-03
7.086099999999178181e+03 4.224347695708274841e-02 7.093650288879871368e-03
7.087579999999177744e+03 3.706104680895805359e-02 7.278682664036750793e-03
7.089059999999177307e+03 3.602116927504539490e-02 7.216745987534523010e-03
7.090539999999176871e+03 5.139754712581634521e-02 7.309029344469308853e-03
7.092019999999176434e+03 5.745063722133636475e-02 7.227470632642507553e-03
7.093499999999175998e+03 4.591297358274459839e-02 6.705880165100097656e-03
7.094979999999175561e+03 4.895715415477752686e-02 6.723631639033555984e-03
7.096459999999175125e+03 5.498667806386947632e-02 6.950055249035358429e-03
