4.300739999999999782e+03 -4.000000000000000000e+00 2.000000000000000000e+00
4.302219999999999345e+03 -4.000000000000000000e+00 2.000000000000000000e+00
4.303699999999998909e+03 -4.000000000000000000e+00 2.000000000000000000e+00
4.305179999999998472e+03 -4.000000000000000000e+00 2.000000000000000000e+00
4.306659999999998035e+03 -4.000000000000000000e+00 2.000000000000000000e+00
4.308139999999997599e+03 -4.000000000000000000e+00 2.000000000000000000e+00
4.309619999999997162e+03 -4.000000000000000000e+00 2.000000000000000000e+00
4.311099999999996726e+03 -4.000000000000000000e+00 2.000000000000000000e+00
4.312579999999996289e+03 -4.000000000000000000e+00 2.000000000000000000e+00
4.314059999999995853e+03 -4.000000000000000000e+00 2.000000000000000000e+00
4.315539999999995416e+03 -4.000000000000000000e+00 2.000000000000000000e+00
4.317019999999994980e+03 -4.000000000000000000e+00 2.000000000000000000e+00
4.318499999999994543e+03 -4.000000000000000000e+00 2.000000000000000000e+00
4.319979999999994106e+03 -4.000000000000000000e+00 2.000000000000000000e+00
4.321459999999993670e+03 -4.000000000000000000e+00 2.000000000000000000e+00
4.322939999999993233e+03 -4.000000000000000000e+00 2.000000000000000000e+00
4.324419999999992797e+03 -4.000000000000000000e+00 2.000000000000000000e+00
4.325899999999992360e+03 -4.000000000000000000e+00 2.000000000000000000e+00
4.327379999999991924e+03 -4.000000000000000000e+00 2.000000000000000000e+00
4.328859999999991487e+03 -4.000000000000000000e+00 2.000000000000000000e+00
4.330339999999991051e+03 -4.000000000000000000e+00 2.000000000000000000e+00
4.331819999999990614e+03 -4.000000000000000000e+00 2.000000000000000000e+00
4.333299999999990177e+03 -4.000000000000000000e+00 2.000000000000000000e+00
4.334779999999989741e+03 -4.000000000000000000e+00 2.000000000000000000e+00
4.336259999999989304e+03 -4.000000000000000000e+00 2.000000000000000000e+00
4.337739999999988868e+03 -4.000000000000000000e+00 2.000000000000000000e+00
4.339219999999988431e+03 -4.000000000000000000e+00 2.000000000000000000e+00
4.340699999999987995e+03 -4.000000000000000000e+00 2.000000000000000000e+00
4.342179999999987558e+03 -4.000000000000000000e+00 2.000000000000000000e+00
4.343659999999987122e+03 -4.000000000000000000e+00 2.000000000000000000e+00
4.345139999999986685e+03 -4.000000000000000000e+00 2.000000000000000000e+00
4.346619999999986248e+03 -4.000000000000000000e+00 2.000000000000000000e+00
4.348099999999985812e+03 -4.000000000000000000e+00 2.000000000000000000e+00
4.349579999999985375e+03 -4.000000000000000000e+00 2.000000000000000000e+00
4.351059999999984939e+03 -4.000000000000000000e+00 2.000000000000000000e+00
4.352539999999984502e+03 -4.000000000000000000e+00 2.000000000000000000e+00
4.354019999999984066e+03 -4.000000000000000000e+00 2.000000000000000000e+00
4.355499999999983629e+03 -4.000000000000000000e+00 2.000000000000000000e+00
4.356979999999983193e+03 -4.000000000000000000e+00 2.000000000000000000e+00
4.358459999999982756e+03 -4.000000000000000000e+00 2.000000000000000000e+00
4.359939999999982319e+03 -4.000000000000000000e+00 2.000000000000000000e+00
4.361419999999981883e+03 -4.000000000000000000e+00 2.000000000000000000e+00
4.362899999999981446e+03 -4.000000000000000000e+00 2.000000000000000000e+00
4.364379999999981010e+03 -4.000000000000000000e+00 2.000000000000000000e+00
4.365859999999980573e+03 -4.000000000000000000e+00 2.000000000000000000e+00
4.367339999999980137e+03 -4.000000000000000000e+00 2.000000000000000000e+00
4.368819999999979700e+03 -4.000000000000000000e+00 2.000000000000000000e+00
4.370299999999979264e+03 -4.000000000000000000e+00 2.000000000000000000e+00
4.371779999999978827e+03 -4.000000000000000000e+00 2.000000000000000000e+00
4.373259999999978390e+03 -4.000000000000000000e+00 2.000000000000000000e+00
4.374739999999977954e+03 -4.000000000000000000e+00 2.000000000000000000e+00
4.376219999999977517e+03 -4.000000000000000000e+00 2.000000000000000000e+00
4.377699999999977081e+03 -4.000000000000000000e+00 2.000000000000000000e+00
4.379179999999976644e+03 -4.000000000000000000e+00 2.000000000000000000e+00
4.380659999999976208e+03 -4.000000000000000000e+00 2.000000000000000000e+00
4.382139999999975771e+03 -4.000000000000000000e+00 2.000000000000000000e+00
4.383619999999975335e+03 -4.000000000000000000e+00 2.000000000000000000e+00
4.385099999999974898e+03 -4.000000000000000000e+00 2.000000000000000000e+00
4.386579999999974461e+03 -4.000000000000000000e+00 2.000000000000000000e+00
4.388059999999974025e+03 -4.000000000000000000e+00 2.000000000000000000e+00
4.389539999999973588e+03 -4.000000000000000000e+00 2.000000000000000000e+00
4.391019999999973152e+03 -4.000000000000000000e+00 2.000000000000000000e+00
4.392499999999972715e+03 -4.000000000000000000e+00 2.000000000000000000e+00
4.393979999999972279e+03 -4.000000000000000000e+00 2.000000000000000000e+00
4.395459999999971842e+03 -4.000000000000000000e+00 2.000000000000000000e+00
4.396939999999971405e+03 -4.000000000000000000e+00 2.000000000000000000e+00
4.398419999999970969e+03 -4.000000000000000000e+00 2.000000000000000000e+00
4.399899999999970532e+03 -4.000000000000000000e+00 2.000000000000000000e+00
4.401379999999970096e+03 -4.000000000000000000e+00 2.000000000000000000e+00
4.402859999999969659e+03 -4.000000000000000000e+00 2.000000000000000000e+00
4.404339999999969223e+03 -4.000000000000000000e+00 2.000000000000000000e+00
4.405819999999968786e+03 -4.000000000000000000e+00 2.000000000000000000e+00
4.407299999999968350e+03 -4.000000000000000000e+00 2.000000000000000000e+00
4.408779999999967913e+03 -4.000000000000000000e+00 2.000000000000000000e+00
4.410259999999967476e+03 -4.000000000000000000e+00 2.000000000000000000e+00
4.411739999999967040e+03 -4.000000000000000000e+00 2.000000000000000000e+00
4.413219999999966603e+03 -4.000000000000000000e+00 2.000000000000000000e+00
4.414699999999966167e+03 -4.000000000000000000e+00 2.000000000000000000e+00
4.416179999999965730e+03 -4.000000000000000000e+00 2.000000000000000000e+00
4.417659999999965294e+03 -4.000000000000000000e+00 2.000000000000000000e+00
4.419139999999964857e+03 -4.000000000000000000e+00 2.000000000000000000e+00
4.420619999999964421e+03 -4.000000000000000000e+00 2.000000000000000000e+00
4.422099999999963984e+03 -4.000000000000000000e+00 2.000000000000000000e+00
4.423579999999963547e+03 -4.000000000000000000e+00 2.000000000000000000e+00
4.425059999999963111e+03 -4.000000000000000000e+00 2.000000000000000000e+00
4.426539999999962674e+03 -4.000000000000000000e+00 2.000000000000000000e+00
4.428019999999962238e+03 -4.000000000000000000e+00 2.000000000000000000e+00
4.429499999999961801e+03 -4.000000000000000000e+00 2.000000000000000000e+00
4.430979999999961365e+03 -4.000000000000000000e+00 2.000000000000000000e+00
4.432459999999960928e+03 -4.000000000000000000e+00 2.000000000000000000e+00
4.433939999999960492e+03 -4.000000000000000000e+00 2.000000000000000000e+00
4.435419999999960055e+03 -4.000000000000000000e+00 2.000000000000000000e+00
4.436899999999959618e+03 -4.000000000000000000e+00 2.000000000000000000e+00
4.438379999999959182e+03 -4.000000000000000000e+00 2.000000000000000000e+00
4.439859999999958745e+03 -4.000000000000000000e+00 2.000000000000000000e+00
4.441339999999958309e+03 -4.000000000000000000e+00 2.000000000000000000e+00
4.442819999999957872e+03 -4.000000000000000000e+00 2.000000000000000000e+00
4.444299999999957436e+03 -4.000000000000000000e+00 2.000000000000000000e+00
4.445779999999956999e+03 -4.000000000000000000e+00 2.000000000000000000e+00
4.447259999999956563e+03 -4.000000000000000000e+00 2.000000000000000000e+00
4.448739999999956126e+03 -4.000000000000000000e+00 2.000000000000000000e+00
4.450219999999955689e+03 -4.000000000000000000e+00 2.000000000000000000e+00
4.451699999999955253e+03 7.824735343456268311e-02 8.620400913059711456e-03
4.453179999999954816e+03 1.048113927245140076e-01 9.349460713565349579e-03
4.454659999999954380e+03 7.480829954147338867e-02 8.171797730028629303e-03
4.456139999999953943e+03 8.077448606491088867e-02 8.511890657246112823e-03
4.457619999999953507e+03 8.448960632085800171e-02 8.538522757589817047e-03
4.459099999999953070e+03 7.531800121068954468e-02 8.273144252598285675e-03
4.460579999999952634e+03 9.774951636791229248e-02 9.020450524985790253e-03
4.462059999999952197e+03 1.000917479395866394e-01 9.060326963663101196e-03
4.463539999999951760e+03 9.239444136619567871e-02 8.906207978725433350e-03
4.465019999999951324e+03 9.754057228565216064e-02 8.996625430881977081e-03
4.466499999999950887e+03 8.680672198534011841e-02 8.650531992316246033e-03
4.467979999999950451e+03 8.205193281173706055e-02 8.494005538523197174e-03
4.469459999999950014e+03 7.825579494237899780e-02 8.353150449693202972e-03
4.470939999999949578e+03 9.209440648555755615e-02 8.691278286278247833e-03
4.472419999999949141e+03 5.714519694447517395e-02 7.735580205917358398e-03
4.473899999999948704e+03 8.671297132968902588e-02 8.695578202605247498e-03
4.475379999999948268e+03 8.540219068527221680e-02 8.660915307700634003e-03
4.476859999999947831e+03 7.677771896123886108e-02 8.366894908249378204e-03
4.478339999999947395e+03 7.747209072113037109e-02 8.297247812151908875e-03
4.479819999999946958e+03 9.987829625606536865e-02 9.006067179143428802e-03
4.481299999999946522e+03 8.567120134830474854e-02 8.465432561933994293e-03
4.482779999999946085e+03 8.804393559694290161e-02 8.542904630303382874e-03
4.484259999999945649e+03 8.463651686906814575e-02 8.566115051507949829e-03
4.485739999999945212e+03 7.658770680427551270e-02 8.357373997569084167e-03
4.487219999999944775e+03 7.906717061996459961e-02 8.262950927019119263e-03
4.488699999999944339e+03 7.873878628015518188e-02 8.298631757497787476e-03
4.490179999999943902e+03 7.393228262662887573e-02 8.150654844939708710e-03
4.491659999999943466e+03 8.536984026432037354e-02 8.458451367914676666e-03
4.493139999999943029e+03 9.656237065792083740e-02 8.804705925285816193e-03
4.494619999999942593e+03 9.957471489906311035e-02 8.855420164763927460e-03
4.496099999999942156e+03 7.234822213649749756e-02 7.990345358848571777e-03
4.497579999999941720e+03 6.761310994625091553e-02 7.825441658496856689e-03
4.499059999999941283e+03 8.837895095348358154e-02 8.557549677789211273e-03
4.500539999999940846e+03 8.445244282484054565e-02 8.325289934873580933e-03
4.502019999999940410e+03 7.798443734645843506e-02 8.141183294355869293e-03
4.503499999999939973e+03 8.240190148353576660e-02 8.420513942837715149e-03
4.504979999999939537e+03 9.691879153251647949e-02 8.739424869418144226e-03
4.506459999999939100e+03 9.652696549892425537e-02 8.821596391499042511e-03
4.507939999999938664e+03 9.329697489738464355e-02 8.617579936981201172e-03
4.509419999999938227e+03 8.267117291688919067e-02 8.290791884064674377e-03
4.510899999999937791e+03 7.728241384029388428e-02 8.115377277135848999e-03
4.512379999999937354e+03 8.363401889801025391e-02 8.333424106240272522e-03
4.513859999999936917e+03 9.464062750339508057e-02 8.524028584361076355e-03
4.515339999999936481e+03 1.008872538805007935e-01 8.801567368209362030e-03
4.516819999999936044e+03 8.246147632598876953e-02 8.170689456164836884e-03
4.518299999999935608e+03 7.611449807882308960e-02 7.935266941785812378e-03
4.519779999999935171e+03 7.830758392810821533e-02 8.068307302892208099e-03
4.521259999999934735e+03 1.010501086711883545e-01 8.782996796071529388e-03
4.522739999999934298e+03 8.267530053853988647e-02 8.174298331141471863e-03
4.524219999999933862e+03 8.809904754161834717e-02 8.411187678575515747e-03
4.525699999999933425e+03 7.300338149070739746e-02 7.783677428960800171e-03
4.527179999999932988e+03 8.987021446228027344e-02 8.337723091244697571e-03
4.528659999999932552e+03 8.489827811717987061e-02 8.168648928403854370e-03
4.530139999999932115e+03 7.714477181434631348e-02 7.935000583529472351e-03
4.531619999999931679e+03 8.953148126602172852e-02 8.273687213659286499e-03
4.533099999999931242e+03 9.921333193778991699e-02 8.615694008767604828e-03
4.534579999999930806e+03 7.478563487529754639e-02 7.843080908060073853e-03
4.536059999999930369e+03 9.212942421436309814e-02 8.411626331508159637e-03
4.537539999999929933e+03 9.699704498052597046e-02 8.479627780616283417e-03
4.539019999999929496e+03 7.571584731340408325e-02 7.920362055301666260e-03
4.540499999999929059e+03 7.613752037286758423e-02 7.868788205087184906e-03
4.541979999999928623e+03 8.766947686672210693e-02 8.174713701009750366e-03
4.543459999999928186e+03 9.903538227081298828e-02 8.626350201666355133e-03
4.544939999999927750e+03 9.543807804584503174e-02 8.393950760364532471e-03
4.546419999999927313e+03 9.708934277296066284e-02 8.475397713482379913e-03
4.547899999999926877e+03 1.029630973935127258e-01 8.624305017292499542e-03
4.549379999999926440e+03 9.010083973407745361e-02 8.032714016735553741e-03
4.550859999999926004e+03 9.147295355796813965e-02 8.244602009654045105e-03
4.552339999999925567e+03 8.114016056060791016e-02 7.958848029375076294e-03
4.553819999999925130e+03 8.064511418342590332e-02 7.797212805598974228e-03
4.555299999999924694e+03 9.908724576234817505e-02 8.316765539348125458e-03
4.556779999999924257e+03 1.082385331392288208e-01 8.649623952805995941e-03
4.558259999999923821e+03 6.380027532577514648e-02 7.394217886030673981e-03
4.559739999999923384e+03 8.916764706373214722e-02 8.130141533911228180e-03
4.561219999999922948e+03 8.573152869939804077e-02 8.049295283854007721e-03
4.562699999999922511e+03 8.917511254549026489e-02 8.098780177533626556e-03
4.564179999999922074e+03 7.835848629474639893e-02 7.718966808170080185e-03
4.565659999999921638e+03 7.852687686681747437e-02 7.705258671194314957e-03
4.567139999999921201e+03 8.055268228054046631e-02 7.837654091417789459e-03
4.568619999999920765e+03 9.259040653705596924e-02 8.042762055993080139e-03
4.570099999999920328e+03 1.027812808752059937e-01 8.396458812057971954e-03
4.571579999999919892e+03 9.051077067852020264e-02 8.029296994209289551e-03
4.573059999999919455e+03 8.791062235832214355e-02 7.887808606028556824e-03
4.574539999999919019e+03 7.972223311662673950e-02 7.694317493587732315e-03
4.576019999999918582e+03 7.938605546951293945e-02 7.754134945571422577e-03
4.577499999999918145e+03 9.645619243383407593e-02 8.182705380022525787e-03
4.578979999999917709e+03 7.837272435426712036e-02 7.635371759533882141e-03
4.580459999999917272e+03 8.711333572864532471e-02 7.861291058361530304e-03
4.581939999999916836e+03 9.122558683156967163e-02 7.947779260575771332e-03
4.583419999999916399e+03 7.901998609304428101e-02 7.608673069626092911e-03
4.584899999999915963e+03 8.134711533784866333e-02 7.751766592264175415e-03
4.586379999999915526e+03 9.589493274688720703e-02 8.096565492451190948e-03
4.587859999999915090e+03 9.745202213525772095e-02 8.067003451287746429e-03
4.589339999999914653e+03 9.610699862241744995e-02 8.077181875705718994e-03
4.590819999999914216e+03 8.426705002784729004e-02 7.719953544437885284e-03
4.592299999999913780e+03 9.735165536403656006e-02 7.962466217577457428e-03
4.593779999999913343e+03 9.344545006752014160e-02 7.938202470541000366e-03
4.595259999999912907e+03 7.579453289508819580e-02 7.423700764775276184e-03
4.596739999999912470e+03 1.047440767288208008e-01 8.177526295185089111e-03
4.598219999999912034e+03 8.851415663957595825e-02 7.762350607663393021e-03
4.599699999999911597e+03 7.254911959171295166e-02 7.292889989912509918e-03
4.601179999999911161e+03 9.618665277957916260e-02 7.916145026683807373e-03
4.602659999999910724e+03 8.080177009105682373e-02 7.473314646631479263e-03
4.604139999999910287e+03 8.008033037185668945e-02 7.462425157427787781e-03
4.605619999999909851e+03 8.935195207595825195e-02 7.705531083047389984e-03
4.607099999999909414e+03 8.942766487598419189e-02 7.673628162592649460e-03
4.608579999999908978e+03 9.326199442148208618e-02 7.867868058383464813e-03
4.610059999999908541e+03 7.929572463035583496e-02 7.511076051741838455e-03
4.611539999999908105e+03 8.143293857574462891e-02 7.492555771023035049e-03
4.613019999999907668e+03 8.793303370475769043e-02 7.607897743582725525e-03
4.614499999999907232e+03 8.442598581314086914e-02 7.557545322924852371e-03
4.615979999999906795e+03 8.783976733684539795e-02 7.637978065758943558e-03
4.617459999999906358e+03 7.822772860527038574e-02 7.375549990683794022e-03
4.618939999999905922e+03 8.673924952745437622e-02 7.592875976115465164e-03
4.620419999999905485e+03 7.015355676412582397e-02 7.136503700166940689e-03
4.621899999999905049e+03 8.411477506160736084e-02 7.518268190324306488e-03
4.623379999999904612e+03 9.241682291030883789e-02 7.725069299340248108e-03
4.624859999999904176e+03 8.320430666208267212e-02 7.534724660217761993e-03
4.626339999999903739e+03 8.383497595787048340e-02 7.479950319975614548e-03
4.627819999999903303e+03 9.422618895769119263e-02 7.703260518610477448e-03
4.629299999999902866e+03 8.773644268512725830e-02 7.499133702367544174e-03
4.630779999999902429e+03 7.588176429271697998e-02 7.209377363324165344e-03
4.632259999999901993e+03 7.595765590667724609e-02 7.216113619506359100e-03
4.633739999999901556e+03 9.160117805004119873e-02 7.581373676657676697e-03
4.635219999999901120e+03 9.051489830017089844e-02 7.535745389759540558e-03
4.636699999999900683e+03 8.966616541147232056e-02 7.537823170423507690e-03
4.638179999999900247e+03 8.802146464586257935e-02 7.406242657452821732e-03
4.639659999999899810e+03 8.796523511409759521e-02 7.481303531676530838e-03
4.641139999999899374e+03 7.486650347709655762e-02 7.179218344390392303e-03
4.642619999999898937e+03 7.553441077470779419e-02 7.158104795962572098e-03
4.644099999999898500e+03 8.467708528041839600e-02 7.336816284805536270e-03
4.645579999999898064e+03 7.886056602001190186e-02 7.142312824726104736e-03
4.647059999999897627e+03 7.406710088253021240e-02 6.964816711843013763e-03
4.648539999999897191e+03 9.934299439191818237e-02 7.622035220265388489e-03
4.650019999999896754e+03 7.477404177188873291e-02 6.995913572609424591e-03
4.651499999999896318e+03 8.463204652070999146e-02 7.385969627648591995e-03
4.652979999999895881e+03 9.068508446216583252e-02 7.462804671376943588e-03
4.654459999999895444e+03 9.005013108253479004e-02 7.429558783769607544e-03
4.655939999999895008e+03 9.016826748847961426e-02 7.424265146255493164e-03
4.657419999999894571e+03 8.055893331766128540e-02 7.209955248981714249e-03
4.658899999999894135e+03 9.359362721443176270e-02 7.578557822853326797e-03
4.660379999999893698e+03 9.197121858596801758e-02 7.576807402074337006e-03
4.661859999999893262e+03 7.108803093433380127e-02 6.930309813469648361e-03
4.663339999999892825e+03 7.663005590438842773e-02 7.053302135318517685e-03
4.664819999999892389e+03 7.241809368133544922e-02 6.839417852461338043e-03
4.666299999999891952e+03 7.803693413734436035e-02 6.932800635695457458e-03
4.667779999999891515e+03 7.240524888038635254e-02 6.830136291682720184e-03
4.669259999999891079e+03 8.620688319206237793e-02 7.181958761066198349e-03
4.670739999999890642e+03 8.067105710506439209e-02 7.116565015166997910e-03
4.672219999999890206e+03 8.692783117294311523e-02 7.288909982889890671e-03
4.673699999999889769e+03 8.217641711235046387e-02 7.173277903348207474e-03
4.675179999999889333e+03 9.782046824693679810e-02 7.465965580195188522e-03
4.676659999999888896e+03 7.708874344825744629e-02 6.985779386013746262e-03
4.678139999999888460e+03 6.200657039880752563e-02 6.482379976660013199e-03
4.679619999999888023e+03 7.803075760602951050e-02 6.935221608728170395e-03
4.681099999999887586e+03 6.198405101895332336e-02 6.500863470137119293e-03
4.682579999999887150e+03 8.643373847007751465e-02 7.254971191287040710e-03
4.684059999999886713e+03 9.288382530212402344e-02 7.420636713504791260e-03
4.685539999999886277e+03 9.494886547327041626e-02 7.457878906279802322e-03
4.687019999999885840e+03 7.793023437261581421e-02 6.939963903278112411e-03
4.688499999999885404e+03 7.866747677326202393e-02 6.952114403247833252e-03
4.689979999999884967e+03 9.100664407014846802e-02 7.240379694849252701e-03
4.691459999999884531e+03 9.527908265590667725e-02 7.327965926378965378e-03
4.692939999999884094e+03 8.162020146846771240e-02 6.949021480977535248e-03
4.694419999999883657e+03 8.440194278955459595e-02 7.050336804240942001e-03
4.695899999999883221e+03 8.907864987850189209e-02 7.196693681180477142e-03
4.697379999999882784e+03 7.270359247922897339e-02 6.675471086055040359e-03
4.698859999999882348e+03 7.963413745164871216e-02 6.836310029029846191e-03
4.700339999999881911e+03 8.152471482753753662e-02 6.888665258884429932e-03
4.701819999999881475e+03 7.554746419191360474e-02 6.731229368597269058e-03
4.703299999999881038e+03 7.506825774908065796e-02 6.658526603132486343e-03
4.704779999999880602e+03 7.804380357265472412e-02 6.828770972788333893e-03
4.706259999999880165e+03 8.965343236923217773e-02 7.140454370528459549e-03
4.707739999999879728e+03 7.354128360748291016e-02 6.650652736425399780e-03
4.709219999999879292e+03 9.149444848299026489e-02 7.106238510459661484e-03
4.710699999999878855e+03 9.059011936187744141e-02 7.138560060411691666e-03
4.712179999999878419e+03 8.450010418891906738e-02 6.991586182266473770e-03
4.713659999999877982e+03 8.307334780693054199e-02 6.922062020748853683e-03
4.715139999999877546e+03 7.412974536418914795e-02 6.608033552765846252e-03
4.716619999999877109e+03 7.436899840831756592e-02 6.705129519104957581e-03
4.718099999999876673e+03 6.966698169708251953e-02 6.582801695913076401e-03
4.719579999999876236e+03 8.637540042400360107e-02 7.015146780759096146e-03
4.721059999999875799e+03 7.896441221237182617e-02 6.781853735446929932e-03
4.722539999999875363e+03 6.984146684408187866e-02 6.541375070810317993e-03
4.724019999999874926e+03 9.350067377090454102e-02 7.259456906467676163e-03
4.725499999999874490e+03 8.009845763444900513e-02 6.861403584480285645e-03
4.726979999999874053e+03 8.212220668792724609e-02 6.837415043264627457e-03
4.728459999999873617e+03 8.971764892339706421e-02 7.025479804724454880e-03
4.729939999999873180e+03 9.368290007114410400e-02 7.107845973223447800e-03
4.731419999999872744e+03 8.592696487903594971e-02 6.905809510499238968e-03
4.732899999999872307e+03 8.317586779594421387e-02 6.836816202849149704e-03
4.734379999999871870e+03 7.855594158172607422e-02 6.756483577191829681e-03
4.735859999999871434e+03 8.268606662750244141e-02 6.835459265857934952e-03
4.737339999999870997e+03 9.129627048969268799e-02 6.986155174672603607e-03
4.738819999999870561e+03 9.177916496992111206e-02 7.014283910393714905e-03
4.740299999999870124e+03 7.280223071575164795e-02 6.577637046575546265e-03
4.741779999999869688e+03 7.293973863124847412e-02 6.599641870707273483e-03
4.743259999999869251e+03 8.555991202592849731e-02 6.931179668754339218e-03
4.744739999999868814e+03 7.834602147340774536e-02 6.641696207225322723e-03
4.746219999999868378e+03 7.077245414257049561e-02 6.469998043030500412e-03
4.747699999999867941e+03 7.032039761543273926e-02 6.549129728227853775e-03
4.749179999999867505e+03 8.110854029655456543e-02 6.743070203810930252e-03
4.750659999999867068e+03 9.828875213861465454e-02 7.123789750039577484e-03
4.752139999999866632e+03 9.756995737552642822e-02 7.180457003414630890e-03
4.753619999999866195e+03 8.816014230251312256e-02 6.880679167807102203e-03
4.755099999999865759e+03 7.235775887966156006e-02 6.437808740884065628e-03
4.756579999999865322e+03 8.400254696607589722e-02 6.765281781554222107e-03
4.758059999999864885e+03 8.108702301979064941e-02 6.729755084961652756e-03
4.759539999999864449e+03 7.693503051996231079e-02 6.652635522186756134e-03
4.761019999999864012e+03 7.523618638515472412e-02 6.551690865308046341e-03
4.762499999999863576e+03 8.533971011638641357e-02 6.745053920894861221e-03
4.763979999999863139e+03 8.690527081489562988e-02 6.815110798925161362e-03
4.765459999999862703e+03 7.777306437492370605e-02 6.610981654375791550e-03
4.766939999999862266e+03 7.094499468803405762e-02 6.391379982233047485e-03
4.768419999999861830e+03 7.881669700145721436e-02 6.629897747188806534e-03
4.769899999999861393e+03 7.164750248193740845e-02 6.415085867047309875e-03
4.771379999999860956e+03 7.705258578062057495e-02 6.579495035111904144e-03
4.772859999999860520e+03 7.824831455945968628e-02 6.613890174776315689e-03
4.774339999999860083e+03 8.501748740673065186e-02 6.786471698433160782e-03
4.775819999999859647e+03 8.592326194047927856e-02 6.829498801380395889e-03
4.777299999999859210e+03 7.341445237398147583e-02 6.488674785941839218e-03
4.778779999999858774e+03 7.308946549892425537e-02 6.487220991402864456e-03
4.780259999999858337e+03 7.243666052818298340e-02 6.430421024560928345e-03
4.781739999999857901e+03 8.393377810716629028e-02 6.690318696200847626e-03
4.783219999999857464e+03 9.099651128053665161e-02 6.926362868398427963e-03
4.784699999999857027e+03 8.650465309619903564e-02 6.773418281227350235e-03
4.786179999999856591e+03 7.589530944824218750e-02 6.510084494948387146e-03
4.787659999999856154e+03 7.434802502393722534e-02 6.386553402990102768e-03
4.789139999999855718e+03 7.947146892547607422e-02 6.565271876752376556e-03
4.790619999999855281e+03 7.610858231782913208e-02 6.491092033684253693e-03
4.792099999999854845e+03 8.437905460596084595e-02 6.739936303347349167e-03
4.793579999999854408e+03 8.064558357000350952e-02 6.608550436794757843e-03
4.795059999999853972e+03 8.052133023738861084e-02 6.606843322515487671e-03
4.796539999999853535e+03 8.039438724517822266e-02 6.692146882414817810e-03
4.798019999999853098e+03 7.461957633495330811e-02 6.440006196498870850e-03
4.799499999999852662e+03 8.228373527526855469e-02 6.605562753975391388e-03
4.800979999999852225e+03 9.662320464849472046e-02 6.957718636840581894e-03
4.802459999999851789e+03 7.544966042041778564e-02 6.492743734270334244e-03
4.803939999999851352e+03 7.901079952716827393e-02 6.576429586857557297e-03
4.805419999999850916e+03 8.957491070032119751e-02 6.820769049227237701e-03
4.806899999999850479e+03 8.493953198194503784e-02 6.669571157544851303e-03
4.808379999999850043e+03 8.458933979272842407e-02 6.657859310507774353e-03
4.809859999999849606e+03 9.113258868455886841e-02 6.836052983999252319e-03
4.811339999999849169e+03 8.506393432617187500e-02 6.703628227114677429e-03
4.812819999999848733e+03 8.141473680734634399e-02 6.574337836354970932e-03
4.814299999999848296e+03 7.902383804321289062e-02 6.500225048512220383e-03
4.815779999999847860e+03 7.897924631834030151e-02 6.608832627534866333e-03
4.817259999999847423e+03 6.113869696855545044e-02 6.146494299173355103e-03
4.818739999999846987e+03 7.153077423572540283e-02 6.401422433555126190e-03
4.820219999999846550e+03 7.768861949443817139e-02 6.557441316545009613e-03
4.821699999999846113e+03 7.661525160074234009e-02 6.472336128354072571e-03
4.823179999999845677e+03 7.644774019718170166e-02 6.501489784568548203e-03
4.824659999999845240e+03 8.389545977115631104e-02 6.651425268501043320e-03
4.826139999999844804e+03 8.103333413600921631e-02 6.569794379174709320e-03
4.827619999999844367e+03 7.094292342662811279e-02 6.314874161034822464e-03
4.829099999999843931e+03 8.534610271453857422e-02 6.673139519989490509e-03
4.830579999999843494e+03 7.376182079315185547e-02 6.382965482771396637e-03
4.832059999999843058e+03 8.082538843154907227e-02 6.616624537855386734e-03
4.833539999999842621e+03 7.484000921249389648e-02 6.427860353142023087e-03
4.835019999999842184e+03 7.491251826286315918e-02 6.430185865610837936e-03
4.836499999999841748e+03 7.652603834867477417e-02 6.463230121880769730e-03
4.837979999999841311e+03 8.129738271236419678e-02 6.566509138792753220e-03
4.839459999999840875e+03 7.804685831069946289e-02 6.432618014514446259e-03
4.840939999999840438e+03 8.578544110059738159e-02 6.676254328340291977e-03
4.842419999999840002e+03 8.535194396972656250e-02 6.591192446649074554e-03
4.843899999999839565e+03 9.367414563894271851e-02 6.888020783662796021e-03
4.845379999999839129e+03 9.175169467926025391e-02 6.793615408241748810e-03
4.846859999999838692e+03 7.419712096452713013e-02 6.322583183646202087e-03
4.848339999999838255e+03 7.390645146369934082e-02 6.244406104087829590e-03
4.849819999999837819e+03 7.872249931097030640e-02 6.386518012732267380e-03
4.851299999999837382e+03 7.554100453853607178e-02 6.323903333395719528e-03
4.852779999999836946e+03 8.591236919164657593e-02 6.545634474605321884e-03
4.854259999999836509e+03 7.043920457363128662e-02 6.048811133950948715e-03
4.855739999999836073e+03 8.142262697219848633e-02 6.333761382848024368e-03
4.857219999999835636e+03 7.677109539508819580e-02 6.224798969924449921e-03
4.858699999999835200e+03 8.038050681352615356e-02 6.370800081640481949e-03
4.860179999999834763e+03 8.093675971031188965e-02 6.521509494632482529e-03
4.861659999999834326e+03 8.204773068428039551e-02 6.543362978845834732e-03
4.863139999999833890e+03 8.268515765666961670e-02 6.378204561769962311e-03
4.864619999999833453e+03 8.422624319791793823e-02 6.405456457287073135e-03
4.866099999999833017e+03 7.810038328170776367e-02 6.282959599047899246e-03
4.867579999999832580e+03 8.281353116035461426e-02 6.440614350140094757e-03
4.869059999999832144e+03 8.173651248216629028e-02 6.332309916615486145e-03
4.870539999999831707e+03 7.964945584535598755e-02 6.240781862288713455e-03
4.872019999999831271e+03 8.025460690259933472e-02 6.260982714593410492e-03
4.873499999999830834e+03 7.218234241008758545e-02 6.083222106099128723e-03
4.874979999999830397e+03 7.629162818193435669e-02 6.192688830196857452e-03
4.876459999999829961e+03 7.929709553718566895e-02 6.280373316258192062e-03
4.877939999999829524e+03 8.323681354522705078e-02 6.410129833966493607e-03
4.879419999999829088e+03 7.581353187561035156e-02 6.333705969154834747e-03
4.880899999999828651e+03 7.700645178556442261e-02 6.331078708171844482e-03
4.882379999999828215e+03 7.069671154022216797e-02 6.093415897339582443e-03
4.883859999999827778e+03 8.682157844305038452e-02 6.525537930428981781e-03
4.885339999999827342e+03 8.295185863971710205e-02 6.396403536200523376e-03
4.886819999999826905e+03 8.019832521677017212e-02 6.303414702415466309e-03
4.888299999999826468e+03 8.240082859992980957e-02 6.402496714144945145e-03
4.889779999999826032e+03 9.002856165170669556e-02 6.542862392961978912e-03
4.891259999999825595e+03 7.925960421562194824e-02 6.268785800784826279e-03
4.892739999999825159e+03 7.483208924531936646e-02 6.210935302078723907e-03
4.894219999999824722e+03 8.939107507467269897e-02 6.556263193488121033e-03
4.895699999999824286e+03 8.136074990034103394e-02 6.366778630763292313e-03
4.897179999999823849e+03 7.942806184291839600e-02 6.321403663605451584e-03
4.898659999999823413e+03 7.512599974870681763e-02 6.165325641632080078e-03
4.900139999999822976e+03 7.483527809381484985e-02 6.139785982668399811e-03
4.901619999999822539e+03 6.573109328746795654e-02 5.869205109775066376e-03
4.903099999999822103e+03 7.751961052417755127e-02 6.217384245246648788e-03
4.904579999999821666e+03 7.944297045469284058e-02 6.273189559578895569e-03
4.906059999999821230e+03 7.503834366798400879e-02 6.192055996507406235e-03
4.907539999999820793e+03 6.878268718719482422e-02 5.944211035966873169e-03
4.909019999999820357e+03 8.349543809890747070e-02 6.302205380052328110e-03
4.910499999999819920e+03 9.059195965528488159e-02 6.522254552692174911e-03
4.911979999999819483e+03 8.316089212894439697e-02 6.344995461404323578e-03
4.913459999999819047e+03 8.006427437067031860e-02 6.271418649703264236e-03
4.914939999999818610e+03 7.714315503835678101e-02 6.165175698697566986e-03
4.916419999999818174e+03 8.969821035861968994e-02 6.504024378955364227e-03
4.917899999999817737e+03 7.524693757295608521e-02 6.037561222910881042e-03
4.919379999999817301e+03 8.389607816934585571e-02 6.224531680345535278e-03
4.920859999999816864e+03 7.819329947233200073e-02 6.139198318123817444e-03
4.922339999999816428e+03 6.746041774749755859e-02 5.890781059861183167e-03
4.923819999999815991e+03 7.337632775306701660e-02 6.033858284354209900e-03
4.925299999999815554e+03 7.833763957023620605e-02 6.182136479765176773e-03
4.926779999999815118e+03 8.386734873056411743e-02 6.399499252438545227e-03
4.928259999999814681e+03 8.218120038509368896e-02 6.334980949759483337e-03
4.929739999999814245e+03 7.391647249460220337e-02 6.095086690038442612e-03
4.931219999999813808e+03 7.992926985025405884e-02 6.229335907846689224e-03
4.932699999999813372e+03 7.818255573511123657e-02 6.137287244200706482e-03
4.934179999999812935e+03 9.032671153545379639e-02 6.470488850027322769e-03
4.935659999999812499e+03 7.532519102096557617e-02 6.113458424806594849e-03
4.937139999999812062e+03 6.738957762718200684e-02 5.944300442934036255e-03
4.938619999999811625e+03 8.248852193355560303e-02 6.250937934964895248e-03
4.940099999999811189e+03 7.477732747793197632e-02 5.981122609227895737e-03
4.941579999999810752e+03 7.296893000602722168e-02 6.057714577764272690e-03
4.943059999999810316e+03 6.460260599851608276e-02 5.845007486641407013e-03
4.944539999999809879e+03 6.359384953975677490e-02 5.748951807618141174e-03
4.946019999999809443e+03 5.983420088887214661e-02 5.602375138550996780e-03
4.947499999999809006e+03 7.157780975103378296e-02 5.960405804216861725e-03
4.948979999999808570e+03 7.731337845325469971e-02 6.175117567181587219e-03
4.950459999999808133e+03 2.461769133806228638e-01 9.544031694531440735e-03
4.951939999999807696e+03 4.862671196460723877e-01 1.287013664841651917e-02
4.953419999999807260e+03 3.488775193691253662e-01 1.111689768731594086e-02
4.954899999999806823e+03 7.338567078113555908e-02 5.962448660284280777e-03
4.956379999999806387e+03 5.776714533567428589e-02 5.519850645214319229e-03
4.957859999999805950e+03 6.675139069557189941e-02 5.896459799259901047e-03
4.959339999999805514e+03 6.917308270931243896e-02 6.011369172483682632e-03
4.960819999999805077e+03 5.690190941095352173e-02 5.626827012747526169e-03
4.962299999999804641e+03 6.261323392391204834e-02 5.743801128119230270e-03
4.963779999999804204e+03 7.021199166774749756e-02 5.918391514569520950e-03
4.965259999999803767e+03 8.274520933628082275e-02 6.251869723200798035e-03
4.966739999999803331e+03 7.037249952554702759e-02 5.941551644355058670e-03
4.968219999999802894e+03 7.224694639444351196e-02 5.973807070404291153e-03
4.969699999999802458e+03 7.629441469907760620e-02 6.079084239900112152e-03
4.971179999999802021e+03 7.356908917427062988e-02 6.070748902857303619e-03
4.972659999999801585e+03 8.477797359228134155e-02 6.308174226433038712e-03
4.974139999999801148e+03 7.934867590665817261e-02 6.148831918835639954e-03
4.975619999999800712e+03 6.762460619211196899e-02 5.861396435648202896e-03
4.977099999999800275e+03 7.854400575160980225e-02 6.166326347738504410e-03
4.978579999999799838e+03 7.863704860210418701e-02 6.091256160289049149e-03
4.980059999999799402e+03 8.746942877769470215e-02 6.305454764515161514e-03
4.981539999999798965e+03 7.344940304756164551e-02 5.905840545892715454e-03
4.983019999999798529e+03 7.977209240198135376e-02 5.980136804282665253e-03
4.984499999999798092e+03 6.786286085844039917e-02 5.744624417275190353e-03
4.985979999999797656e+03 7.949750125408172607e-02 6.142194382846355438e-03
4.987459999999797219e+03 9.520864486694335938e-02 6.541153416037559509e-03
4.988939999999796783e+03 8.226843923330307007e-02 6.176841445267200470e-03
4.990419999999796346e+03 8.499185740947723389e-02 6.250764243304729462e-03
4.991899999999795909e+03 7.900363206863403320e-02 6.099054124206304550e-03
4.993379999999795473e+03 7.879038155078887939e-02 6.148604676127433777e-03
4.994859999999795036e+03 7.450797408819198608e-02 6.071043200790882111e-03
4.996339999999794600e+03 7.881335169076919556e-02 6.103308871388435364e-03
4.997819999999794163e+03 8.333158493041992188e-02 6.199345458298921585e-03
4.999299999999793727e+03 7.808992266654968262e-02 6.027013529092073441e-03
5.000779999999793290e+03 7.460740953683853149e-02 5.920689553022384644e-03
5.002259999999792853e+03 7.954055070877075195e-02 6.073771975934505463e-03
5.003739999999792417e+03 8.154034614562988281e-02 6.250142119824886322e-03
5.005219999999791980e+03 7.957364618778228760e-02 6.411838345229625702e-03
5.006699999999791544e+03 8.296462893486022949e-02 6.440319120883941650e-03
5.008179999999791107e+03 8.321404457092285156e-02 6.293708458542823792e-03
5.009659999999790671e+03 7.252906262874603271e-02 5.915457382798194885e-03
5.011139999999790234e+03 7.259075343608856201e-02 5.871450528502464294e-03
5.012619999999789798e+03 7.378439605236053467e-02 5.875667091459035873e-03
5.014099999999789361e+03 7.655221968889236450e-02 6.011042743921279907e-03
5.015579999999788924e+03 8.108527958393096924e-02 6.094866897910833359e-03
5.017059999999788488e+03 7.834047824144363403e-02 5.986876785755157471e-03
5.018539999999788051e+03 7.665219902992248535e-02 5.927937570959329605e-03
5.020019999999787615e+03 9.162452816963195801e-02 6.383745931088924408e-03
5.021499999999787178e+03 7.563020288944244385e-02 5.947906523942947388e-03
5.022979999999786742e+03 8.553460985422134399e-02 6.231591571122407913e-03
5.024459999999786305e+03 8.409735560417175293e-02 6.168867461383342743e-03
5.025939999999785869e+03 8.112383633852005005e-02 6.072660908102989197e-03
5.027419999999785432e+03 7.741784304380416870e-02 5.944863893091678619e-03
5.028899999999784995e+03 7.194663584232330322e-02 5.830139853060245514e-03
5.030379999999784559e+03 7.187745720148086548e-02 5.876884795725345612e-03
5.031859999999784122e+03 7.918675243854522705e-02 6.061288062483072281e-03
5.033339999999783686e+03 6.520417332649230957e-02 5.729658063501119614e-03
5.034819999999783249e+03 8.195611834526062012e-02 6.077470257878303528e-03
5.036299999999782813e+03 7.813696563243865967e-02 5.957400426268577576e-03
5.037779999999782376e+03 7.669325172901153564e-02 5.928659811615943909e-03
5.039259999999781940e+03 8.382800221443176270e-02 6.042107008397579193e-03
5.040739999999781503e+03 7.296229153871536255e-02 5.800370592623949051e-03
5.042219999999781066e+03 8.851456642150878906e-02 6.225772202014923096e-03
5.043699999999780630e+03 8.657403290271759033e-02 6.198696326464414597e-03
5.045179999999780193e+03 7.691216468811035156e-02 5.965719930827617645e-03
5.046659999999779757e+03 8.348071575164794922e-02 6.074336357414722443e-03
5.048139999999779320e+03 7.265514135360717773e-02 5.820458754897117615e-03
5.049619999999778884e+03 1.120243817567825317e-01 6.747841835021972656e-03
5.051099999999778447e+03 1.770981848239898682e-01 8.125727064907550812e-03
5.052579999999778011e+03 1.432830244302749634e-01 7.439048960804939270e-03
5.054059999999777574e+03 9.900967776775360107e-02 6.437532603740692139e-03
5.055539999999777137e+03 7.753542810678482056e-02 5.951089318841695786e-03
5.057019999999776701e+03 7.292275130748748779e-02 5.833454430103302002e-03
5.058499999999776264e+03 8.013646304607391357e-02 6.050534546375274658e-03
5.059979999999775828e+03 7.831095904111862183e-02 6.006053183227777481e-03
5.061459999999775391e+03 7.571820914745330811e-02 5.985131021589040756e-03
5.062939999999774955e+03 8.265817165374755859e-02 6.068460177630186081e-03
5.064419999999774518e+03 6.997086107730865479e-02 5.717259831726551056e-03
5.065899999999774082e+03 7.902011275291442871e-02 5.973231047391891479e-03
5.067379999999773645e+03 8.588640391826629639e-02 6.101347506046295166e-03
5.068859999999773208e+03 8.298034220933914185e-02 6.057431455701589584e-03
5.070339999999772772e+03 8.326446264982223511e-02 6.114424671977758408e-03
5.071819999999772335e+03 7.242774218320846558e-02 5.803092382848262787e-03
5.073299999999771899e+03 7.155364006757736206e-02 5.796249490231275558e-03
5.074779999999771462e+03 7.962930947542190552e-02 5.957822781056165695e-03
5.076259999999771026e+03 7.584557682275772095e-02 5.880067124962806702e-03
5.077739999999770589e+03 6.986574083566665649e-02 5.694357678294181824e-03
5.079219999999770152e+03 7.870558649301528931e-02 5.924797151237726212e-03
5.080699999999769716e+03 7.336599379777908325e-02 5.786986090242862701e-03
5.082179999999769279e+03 7.533623278141021729e-02 5.845503415912389755e-03
5.083659999999768843e+03 7.849876582622528076e-02 5.957711022347211838e-03
5.085139999999768406e+03 7.819930464029312134e-02 5.925250239670276642e-03
5.086619999999767970e+03 7.638364285230636597e-02 5.881013814359903336e-03
5.088099999999767533e+03 7.760180532932281494e-02 5.873468704521656036e-03
5.089579999999767097e+03 7.611119002103805542e-02 5.874765571206808090e-03
5.091059999999766660e+03 8.014792203903198242e-02 6.012984085828065872e-03
5.092539999999766223e+03 7.761239260435104370e-02 5.973516963422298431e-03
5.094019999999765787e+03 7.384371757507324219e-02 5.872729700058698654e-03
5.095499999999765350e+03 7.294808328151702881e-02 5.800309125334024429e-03
5.096979999999764914e+03 7.024957984685897827e-02 5.670668557286262512e-03
5.098459999999764477e+03 1.924088001251220703e-01 8.276441134512424469e-03
5.099939999999764041e+03 3.521604537963867188e-01 1.079086866229772568e-02
5.101419999999763604e+03 2.715475559234619141e-01 9.642745368182659149e-03
5.102899999999763168e+03 8.243149518966674805e-02 6.063863635063171387e-03
5.104379999999762731e+03 7.366161048412322998e-02 5.819868296384811401e-03
5.105859999999762294e+03 7.047058641910552979e-02 5.702702794224023819e-03
5.107339999999761858e+03 6.952126324176788330e-02 5.624868907034397125e-03
5.108819999999761421e+03 8.562874048948287964e-02 6.019571796059608459e-03
5.110299999999760985e+03 8.111070096492767334e-02 5.931228864938020706e-03
5.111779999999760548e+03 7.993003726005554199e-02 5.949841812252998352e-03
5.113259999999760112e+03 7.595102488994598389e-02 5.872822366654872894e-03
5.114739999999759675e+03 7.017207145690917969e-02 5.720289424061775208e-03
5.116219999999759239e+03 7.395101338624954224e-02 5.803643260151147842e-03
5.117699999999758802e+03 7.486686855554580688e-02 5.853926762938499451e-03
5.119179999999758365e+03 5.959370732307434082e-02 5.428716540336608887e-03
5.120659999999757929e+03 7.320202142000198364e-02 5.746468901634216309e-03
5.122139999999757492e+03 8.187359571456909180e-02 5.922111216932535172e-03
5.123619999999757056e+03 7.637264579534530640e-02 5.801210645586252213e-03
5.125099999999756619e+03 7.906147092580795288e-02 5.888364277780056000e-03
5.126579999999756183e+03 8.190789073705673218e-02 5.969493184238672256e-03
5.128059999999755746e+03 8.363910019397735596e-02 6.025934126228094101e-03
5.129539999999755310e+03 7.533985376358032227e-02 5.796079058200120926e-03
5.131019999999754873e+03 7.341040670871734619e-02 5.782111547887325287e-03
5.132499999999754436e+03 8.117029815912246704e-02 5.980004090815782547e-03
5.133979999999754000e+03 8.190086483955383301e-02 5.972123239189386368e-03
5.135459999999753563e+03 7.092452794313430786e-02 5.743194371461868286e-03
5.136939999999753127e+03 8.056765049695968628e-02 5.905338563024997711e-03
5.138419999999752690e+03 8.372690528631210327e-02 5.984229501336812973e-03
5.139899999999752254e+03 8.157090842723846436e-02 5.980414804071187973e-03
5.141379999999751817e+03 8.436982333660125732e-02 6.006788462400436401e-03
5.142859999999751381e+03 8.538953959941864014e-02 6.030112970620393753e-03
5.144339999999750944e+03 6.614647805690765381e-02 5.538544151932001114e-03
5.145819999999750507e+03 8.324495702981948853e-02 5.996929947286844254e-03
5.147299999999750071e+03 8.982960134744644165e-02 6.157551426440477371e-03
5.148779999999749634e+03 7.735324651002883911e-02 5.827331449836492538e-03
5.150259999999749198e+03 7.274013757705688477e-02 5.746533628553152084e-03
5.151739999999748761e+03 8.701489120721817017e-02 6.101588718593120575e-03
5.153219999999748325e+03 8.170121908187866211e-02 5.928548984229564667e-03
5.154699999999747888e+03 7.673989981412887573e-02 5.780486389994621277e-03
5.156179999999747452e+03 9.348513185977935791e-02 6.220396608114242554e-03
5.157659999999747015e+03 8.906793594360351562e-02 6.127407308667898178e-03
5.159139999999746578e+03 7.598403841257095337e-02 5.788564682006835938e-03
5.160619999999746142e+03 6.885263323783874512e-02 5.643588956445455551e-03
5.162099999999745705e+03 8.638033270835876465e-02 6.050015334039926529e-03
5.163579999999745269e+03 7.467113435268402100e-02 5.700405687093734741e-03
5.165059999999744832e+03 7.309497892856597900e-02 5.626040045171976089e-03
5.166539999999744396e+03 8.394368737936019897e-02 5.756498780101537704e-03
5.168019999999743959e+03 8.650106191635131836e-02 5.876167677342891693e-03
5.169499999999743522e+03 7.460812479257583618e-02 5.602192133665084839e-03
5.170979999999743086e+03 7.004135847091674805e-02 5.472931079566478729e-03
5.172459999999742649e+03 7.594608515501022339e-02 5.580346565693616867e-03
5.173939999999742213e+03 7.479373365640640259e-02 5.690761376172304153e-03
5.175419999999741776e+03 7.525548338890075684e-02 5.776832811534404755e-03
5.176899999999741340e+03 7.264740765094757080e-02 5.695194005966186523e-03
5.178379999999740903e+03 7.517036795616149902e-02 5.739516578614711761e-03
5.179859999999740467e+03 7.139435410499572754e-02 5.562632344663143158e-03
5.181339999999740030e+03 7.300834357738494873e-02 5.507952999323606491e-03
5.182819999999739593e+03 8.815713226795196533e-02 5.796868819743394852e-03
5.184299999999739157e+03 8.007983863353729248e-02 5.695969797670841217e-03
5.185779999999738720e+03 7.342413067817687988e-02 5.689216312021017075e-03
5.187259999999738284e+03 9.016076475381851196e-02 6.188178434967994690e-03
5.188739999999737847e+03 8.189991116523742676e-02 5.964358337223529816e-03
5.190219999999737411e+03 7.698187977075576782e-02 5.761384963989257812e-03
5.191699999999736974e+03 7.386609911918640137e-02 5.629942752420902252e-03
5.193179999999736538e+03 6.791457533836364746e-02 5.487062968313694000e-03
5.194659999999736101e+03 6.988272070884704590e-02 5.601347889751195908e-03
5.196139999999735664e+03 9.259822219610214233e-02 6.416698917746543884e-03
5.197619999999735228e+03 7.258179783821105957e-02 6.197038106620311737e-03
5.199099999999734791e+03 8.042338490486145020e-02 6.370080634951591492e-03
5.200579999999734355e+03 6.999006867408752441e-02 5.894846748560667038e-03
5.202059999999733918e+03 7.625567913055419922e-02 5.881039891391992569e-03
5.203539999999733482e+03 7.458792626857757568e-02 5.740444641560316086e-03
5.205019999999733045e+03 7.596883177757263184e-02 5.638152826577425003e-03
5.206499999999732609e+03 7.619316875934600830e-02 5.647613201290369034e-03
5.207979999999732172e+03 8.083359152078628540e-02 5.801038350909948349e-03
5.209459999999731735e+03 7.161822915077209473e-02 5.593862850219011307e-03
5.210939999999731299e+03 7.180892676115036011e-02 5.646517500281333923e-03
5.212419999999730862e+03 8.266773819923400879e-02 5.927049089223146439e-03
5.213899999999730426e+03 7.429123669862747192e-02 5.713092163205146790e-03
5.215379999999729989e+03 6.793938577175140381e-02 5.521413870155811310e-03
5.216859999999729553e+03 6.522999703884124756e-02 5.463721696287393570e-03
5.218339999999729116e+03 7.549193501472473145e-02 5.740968044847249985e-03
5.219819999999728680e+03 6.429965794086456299e-02 5.454353988170623779e-03
5.221299999999728243e+03 7.355534285306930542e-02 5.694768857210874557e-03
5.222779999999727806e+03 7.611405849456787109e-02 5.774223245680332184e-03
5.224259999999727370e+03 6.449478864669799805e-02 5.464952439069747925e-03
5.225739999999726933e+03 6.431534141302108765e-02 5.332001484930515289e-03
5.227219999999726497e+03 7.678820192813873291e-02 5.659251008182764053e-03
5.228699999999726060e+03 7.898905128240585327e-02 5.763274617493152618e-03
5.230179999999725624e+03 7.753051817417144775e-02 5.773630458861589432e-03
5.231659999999725187e+03 7.307720184326171875e-02 5.625077057629823685e-03
5.233139999999724751e+03 6.434635072946548462e-02 5.387663841247558594e-03
5.234619999999724314e+03 6.903797388076782227e-02 5.494530778378248215e-03
5.236099999999723877e+03 6.622052192687988281e-02 5.509894341230392456e-03
5.237579999999723441e+03 6.428951770067214966e-02 5.516848526895046234e-03
5.239059999999723004e+03 7.215963304042816162e-02 5.719644948840141296e-03
5.240539999999722568e+03 7.490727305412292480e-02 5.730264354497194290e-03
5.242019999999722131e+03 6.958416104316711426e-02 5.521168466657400131e-03
5.243499999999721695e+03 7.436503469944000244e-02 5.634436849504709244e-03
5.244979999999721258e+03 8.737850934267044067e-02 6.006632931530475616e-03
5.246459999999720822e+03 6.601215898990631104e-02 5.457053892314434052e-03
5.247939999999720385e+03 7.045359164476394653e-02 5.548477638512849808e-03
5.249419999999719948e+03 7.353205978870391846e-02 5.518642719835042953e-03
5.250899999999719512e+03 7.580722868442535400e-02 2.896008640527725220e-02
5.252379999999719075e+03 8.261834084987640381e-02 5.694074090570211411e-03
5.253859999999718639e+03 8.013922721147537231e-02 5.828036461025476456e-03
5.255339999999718202e+03 8.239580690860748291e-02 5.979740992188453674e-03
5.256819999999717766e+03 8.218579739332199097e-02 5.942693911492824554e-03
5.258299999999717329e+03 7.205083221197128296e-02 5.658091977238655090e-03
5.259779999999716892e+03 7.696597278118133545e-02 5.712878424674272537e-03
5.261259999999716456e+03 7.500154525041580200e-02 5.593315232545137405e-03
5.262739999999716019e+03 6.088046729564666748e-02 5.195586010813713074e-03
5.264219999999715583e+03 6.329333782196044922e-02 5.218090023845434189e-03
5.265699999999715146e+03 7.030870020389556885e-02 5.396652966737747192e-03
5.267179999999714710e+03 7.174260914325714111e-02 5.424492992460727692e-03
5.268659999999714273e+03 5.818329751491546631e-02 5.056957714259624481e-03
5.270139999999713837e+03 6.481069326400756836e-02 5.340638104826211929e-03
5.271619999999713400e+03 7.041843980550765991e-02 5.516897886991500854e-03
5.273099999999712963e+03 7.094587385654449463e-02 5.541544873267412186e-03
5.274579999999712527e+03 7.739865779876708984e-02 5.762026179581880569e-03
5.276059999999712090e+03 7.637966424226760864e-02 5.746756214648485184e-03
5.277539999999711654e+03 7.357172667980194092e-02 5.661244969815015793e-03
5.279019999999711217e+03 6.209779158234596252e-02 5.341810639947652817e-03
5.280499999999710781e+03 6.054443866014480591e-02 5.243747495114803314e-03
5.281979999999710344e+03 6.808334589004516602e-02 5.367105826735496521e-03
5.283459999999709908e+03 7.396916300058364868e-02 5.523127503693103790e-03
5.284939999999709471e+03 7.900897413492202759e-02 5.716154817491769791e-03
5.286419999999709034e+03 7.358913868665695190e-02 5.618319846689701080e-03
5.287899999999708598e+03 7.359837740659713745e-02 5.644944962114095688e-03
5.289379999999708161e+03 6.167620792984962463e-02 5.342553835362195969e-03
5.290859999999707725e+03 6.328764557838439941e-02 5.383010953664779663e-03
5.292339999999707288e+03 7.501937448978424072e-02 5.673007573932409286e-03
5.293819999999706852e+03 7.248211652040481567e-02 5.591061897575855255e-03
5.295299999999706415e+03 8.293327689170837402e-02 5.797458346933126450e-03
5.296779999999705979e+03 8.623807877302169800e-02 5.878898315131664276e-03
5.298259999999705542e+03 6.726700067520141602e-02 5.443829111754894257e-03
5.299739999999705105e+03 7.293972373008728027e-02 5.591469351202249527e-03
5.301219999999704669e+03 7.293625175952911377e-02 5.547110456973314285e-03
5.302699999999704232e+03 6.821782141923904419e-02 5.460298620164394379e-03
5.304179999999703796e+03 6.332950294017791748e-02 5.405874922871589661e-03
5.305659999999703359e+03 6.078115850687026978e-02 5.346505437046289444e-03
5.307139999999702923e+03 6.294485181570053101e-02 5.381185561418533325e-03
5.308619999999702486e+03 6.760924309492111206e-02 5.490797106176614761e-03
5.310099999999702050e+03 7.183529436588287354e-02 5.591495428234338760e-03
5.311579999999701613e+03 6.896440684795379639e-02 5.508606787770986557e-03
5.313059999999701176e+03 6.251345574855804443e-02 5.366400815546512604e-03
5.314539999999700740e+03 7.199235260486602783e-02 5.583253223448991776e-03
5.316019999999700303e+03 7.122931629419326782e-02 5.510172341018915176e-03
5.317499999999699867e+03 8.041306585073471069e-02 5.721031222492456436e-03
5.318979999999699430e+03 6.814661622047424316e-02 5.449403077363967896e-03
5.320459999999698994e+03 6.670302152633666992e-02 5.425199866294860840e-03
5.321939999999698557e+03 6.198284402489662170e-02 5.353784654289484024e-03
5.323419999999698121e+03 6.534069776535034180e-02 5.385621916502714157e-03
5.324899999999697684e+03 5.940322577953338623e-02 5.235527642071247101e-03
5.326379999999697247e+03 7.853183150291442871e-02 5.629922728985548019e-03
5.327859999999696811e+03 7.911215722560882568e-02 5.652320105582475662e-03
5.329339999999696374e+03 6.837012618780136108e-02 5.471776239573955536e-03
5.330819999999695938e+03 6.698565185070037842e-02 5.450728815048933029e-03
5.332299999999695501e+03 6.706897914409637451e-02 5.436498206108808517e-03
5.333779999999695065e+03 8.051026612520217896e-02 5.770375020802021027e-03
5.335259999999694628e+03 6.885786354541778564e-02 5.458378233015537262e-03
5.336739999999694192e+03 7.342882454395294189e-02 5.539013538509607315e-03
5.338219999999693755e+03 7.688629627227783203e-02 5.631140898913145065e-03
5.339699999999693318e+03 7.598547637462615967e-02 5.606365855783224106e-03
5.341179999999692882e+03 8.226012438535690308e-02 5.793681368231773376e-03
5.342659999999692445e+03 8.687994629144668579e-02 5.897194612771272659e-03
5.344139999999692009e+03 7.876802235841751099e-02 5.705462768673896790e-03
5.345619999999691572e+03 7.290607690811157227e-02 5.565274506807327271e-03
5.347099999999691136e+03 7.233174145221710205e-02 5.521174520254135132e-03
5.348579999999690699e+03 7.808537781238555908e-02 5.667171441018581390e-03
5.350059999999690262e+03 6.824587285518646240e-02 5.462210625410079956e-03
5.351539999999689826e+03 7.801017910242080688e-02 5.666298791766166687e-03
5.353019999999689389e+03 8.603718131780624390e-02 5.838456097990274429e-03
5.354499999999688953e+03 7.064256072044372559e-02 5.515740718692541122e-03
5.355979999999688516e+03 8.420980721712112427e-02 5.791269242763519287e-03
5.357459999999688080e+03 7.606059312820434570e-02 5.641176830977201462e-03
5.358939999999687643e+03 7.492917031049728394e-02 5.634055472910404205e-03
5.360419999999687207e+03 7.710752636194229126e-02 5.661806091666221619e-03
5.361899999999686770e+03 6.488266587257385254e-02 5.300382617861032486e-03
5.363379999999686333e+03 7.336982339620590210e-02 5.513667128980159760e-03
5.364859999999685897e+03 6.493609398603439331e-02 5.324069876223802567e-03
5.366339999999685460e+03 6.501579284667968750e-02 5.333476234227418900e-03
5.367819999999685024e+03 6.313898414373397827e-02 5.241490900516510010e-03
5.369299999999684587e+03 7.072137296199798584e-02 5.395496729761362076e-03
5.370779999999684151e+03 7.228326797485351562e-02 5.444285925477743149e-03
5.372259999999683714e+03 6.819297373294830322e-02 5.436611827462911606e-03
5.373739999999683278e+03 7.964070141315460205e-02 5.680631380528211594e-03
5.375219999999682841e+03 7.969298958778381348e-02 5.657849833369255066e-03
5.376699999999682404e+03 7.421049475669860840e-02 5.523367319256067276e-03
5.378179999999681968e+03 7.433654367923736572e-02 5.516928620636463165e-03
5.379659999999681531e+03 6.963887065649032593e-02 5.435729864984750748e-03
5.381139999999681095e+03 6.983171403408050537e-02 5.421695299446582794e-03
5.382619999999680658e+03 8.349518477916717529e-02 5.735360085964202881e-03
5.384099999999680222e+03 7.304626703262329102e-02 5.530340597033500671e-03
5.385579999999679785e+03 7.524456083774566650e-02 5.614006426185369492e-03
5.387059999999679349e+03 7.307831197977066040e-02 5.522856023162603378e-03
5.388539999999678912e+03 7.251036912202835083e-02 5.501644685864448547e-03
5.390019999999678475e+03 8.410564064979553223e-02 5.745464935898780823e-03
5.391499999999678039e+03 6.075705215334892273e-02 5.156566854566335678e-03
5.392979999999677602e+03 6.767065823078155518e-02 5.322711542248725891e-03
5.394459999999677166e+03 5.741352960467338562e-02 5.060899537056684494e-03
5.395939999999676729e+03 6.919951736927032471e-02 5.306787323206663132e-03
5.397419999999676293e+03 7.549005746841430664e-02 5.508641712367534637e-03
5.398899999999675856e+03 8.163619786500930786e-02 5.644608754664659500e-03
5.400379999999675420e+03 6.731738895177841187e-02 5.277968477457761765e-03
5.401859999999674983e+03 8.065338432788848877e-02 5.615968722850084305e-03
5.403339999999674546e+03 7.812085002660751343e-02 5.522922147065401077e-03
5.404819999999674110e+03 7.491832226514816284e-02 5.448715295642614365e-03
5.406299999999673673e+03 6.842309236526489258e-02 5.380745045840740204e-03
5.407779999999673237e+03 7.572893798351287842e-02 5.534406751394271851e-03
5.409259999999672800e+03 7.998029887676239014e-02 5.617673974484205246e-03
5.410739999999672364e+03 7.441706210374832153e-02 5.513011477887630463e-03
5.412219999999671927e+03 7.082323729991912842e-02 5.430937279015779495e-03
5.413699999999671491e+03 8.048486709594726562e-02 5.610643886029720306e-03
5.415179999999671054e+03 7.466247677803039551e-02 5.497823469340801239e-03
5.416659999999670617e+03 6.876515597105026245e-02 5.369342863559722900e-03
5.418139999999670181e+03 7.202117145061492920e-02 5.433649756014347076e-03
5.419619999999669744e+03 7.818394154310226440e-02 5.567566026002168655e-03
5.421099999999669308e+03 8.462272584438323975e-02 5.701180081814527512e-03
5.422579999999668871e+03 7.764177024364471436e-02 5.523075815290212631e-03
5.424059999999668435e+03 7.354886084794998169e-02 5.433681886643171310e-03
5.425539999999667998e+03 6.734028458595275879e-02 5.308129824697971344e-03
5.427019999999667561e+03 6.849777698516845703e-02 5.333303473889827728e-03
5.428499999999667125e+03 7.167870551347732544e-02 5.410718265920877457e-03
5.429979999999666688e+03 6.981532275676727295e-02 5.368961952626705170e-03
5.431459999999666252e+03 7.251058518886566162e-02 5.455269943922758102e-03
5.432939999999665815e+03 7.136115431785583496e-02 5.407080519944429398e-03
5.434419999999665379e+03 7.811777293682098389e-02 5.549081135541200638e-03
5.435899999999664942e+03 7.171736657619476318e-02 5.455865524709224701e-03
5.437379999999664506e+03 6.980098038911819458e-02 5.435371305793523788e-03
5.438859999999664069e+03 6.060662865638732910e-02 5.195246543735265732e-03
5.440339999999663632e+03 6.354717910289764404e-02 5.243807099759578705e-03
5.441819999999663196e+03 6.997486203908920288e-02 5.407139658927917480e-03
5.443299999999662759e+03 8.104410022497177124e-02 5.654557608067989349e-03
5.444779999999662323e+03 8.160273730754852295e-02 5.582002922892570496e-03
5.446259999999661886e+03 7.862429320812225342e-02 5.536397919058799744e-03
5.447739999999661450e+03 7.313602417707443237e-02 5.414264742285013199e-03
5.449219999999661013e+03 6.098566204309463501e-02 5.136644467711448669e-03
5.450699999999660577e+03 7.884374260902404785e-02 5.590572021901607513e-03
5.452179999999660140e+03 7.383084297180175781e-02 5.476685706526041031e-03
5.453659999999659703e+03 7.451267540454864502e-02 5.391442216932773590e-03
5.455139999999659267e+03 8.321440964937210083e-02 5.649219267070293427e-03
5.456619999999658830e+03 7.469718158245086670e-02 5.529094487428665161e-03
5.458099999999658394e+03 7.667544484138488770e-02 5.620441399514675140e-03
5.459579999999657957e+03 7.345051318407058716e-02 5.548103712499141693e-03
5.461059999999657521e+03 7.162101566791534424e-02 5.479369778186082840e-03
5.462539999999657084e+03 6.836615502834320068e-02 5.325488280504941940e-03
5.464019999999656648e+03 6.760359555482864380e-02 5.295261275023221970e-03
5.465499999999656211e+03 7.633638381958007812e-02 5.535502918064594269e-03
5.466979999999655774e+03 7.293725758790969849e-02 5.437143612653017044e-03
5.468459999999655338e+03 7.059122622013092041e-02 5.376874934881925583e-03
5.469939999999654901e+03 7.291301339864730835e-02 5.438987631350755692e-03
5.471419999999654465e+03 6.939493119716644287e-02 5.347881931811571121e-03
5.472899999999654028e+03 6.757988780736923218e-02 5.273985676467418671e-03
5.474379999999653592e+03 7.737296074628829956e-02 5.450117401778697968e-03
5.475859999999653155e+03 7.650707662105560303e-02 5.427866242825984955e-03
5.477339999999652719e+03 7.493364810943603516e-02 5.436902400106191635e-03
5.478819999999652282e+03 8.035857975482940674e-02 5.586580373346805573e-03
5.480299999999651845e+03 8.083467930555343628e-02 5.561201367527246475e-03
5.481779999999651409e+03 7.669375836849212646e-02 5.494435783475637436e-03
5.483259999999650972e+03 7.406841963529586792e-02 5.464881192892789841e-03
5.484739999999650536e+03 7.198953628540039062e-02 5.443666595965623856e-03
5.486219999999650099e+03 7.655964046716690063e-02 5.523513536900281906e-03
5.487699999999649663e+03 8.134732395410537720e-02 5.619419738650321960e-03
5.489179999999649226e+03 7.497631013393402100e-02 5.483131390064954758e-03
5.490659999999648790e+03 6.935565173625946045e-02 5.373575724661350250e-03
5.492139999999648353e+03 6.798333674669265747e-02 5.291928071528673172e-03
5.493619999999647916e+03 7.789923250675201416e-02 5.545382387936115265e-03
5.495099999999647480e+03 7.943910360336303711e-02 5.579603370279073715e-03
5.496579999999647043e+03 6.441779434680938721e-02 5.221847910434007645e-03
5.498059999999646607e+03 7.888218015432357788e-02 5.572230555117130280e-03
5.499539999999646170e+03 7.100434601306915283e-02 5.401272326707839966e-03
5.501019999999645734e+03 6.569158285856246948e-02 5.264226347208023071e-03
5.502499999999645297e+03 7.178701460361480713e-02 5.409309174865484238e-03
5.503979999999644861e+03 8.460181951522827148e-02 5.669125355780124664e-03
5.505459999999644424e+03 6.823582202196121216e-02 5.263474769890308380e-03
5.506939999999643987e+03 7.593108713626861572e-02 5.461195018142461777e-03
5.508419999999643551e+03 7.450729608535766602e-02 5.424826871603727341e-03
5.509899999999643114e+03 7.687614113092422485e-02 5.497984588146209717e-03
5.511379999999642678e+03 7.208091020584106445e-02 5.341662559658288956e-03
5.512859999999642241e+03 7.445931434631347656e-02 5.439234431833028793e-03
5.514339999999641805e+03 8.946833759546279907e-02 5.802079103887081146e-03
5.515819999999641368e+03 7.059717178344726562e-02 5.369164049625396729e-03
5.517299999999640931e+03 7.791002839803695679e-02 5.566514562815427780e-03
5.518779999999640495e+03 7.416092604398727417e-02 5.465894471853971481e-03
5.520259999999640058e+03 6.798894703388214111e-02 5.314779467880725861e-03
5.521739999999639622e+03 7.676419615745544434e-02 5.519877187907695770e-03
5.523219999999639185e+03 7.513750344514846802e-02 5.496386904269456863e-03
5.524699999999638749e+03 7.235662639141082764e-02 5.407779011875391006e-03
5.526179999999638312e+03 6.566680967807769775e-02 5.229143891483545303e-03
5.527659999999637876e+03 7.368800044059753418e-02 5.399559624493122101e-03
5.529139999999637439e+03 7.782500237226486206e-02 5.507194902747869492e-03
5.530619999999637002e+03 7.227810472249984741e-02 5.424260161817073822e-03
5.532099999999636566e+03 7.509908080101013184e-02 5.466897506266832352e-03
5.533579999999636129e+03 7.021409273147583008e-02 5.308376625180244446e-03
5.535059999999635693e+03 6.517623364925384521e-02 5.170336924493312836e-03
5.536539999999635256e+03 6.416779756546020508e-02 5.189695395529270172e-03
5.538019999999634820e+03 6.707668304443359375e-02 5.283125210553407669e-03
5.539499999999634383e+03 7.381544262170791626e-02 5.445498041808605194e-03
5.540979999999633947e+03 7.746576517820358276e-02 5.569929257035255432e-03
5.542459999999633510e+03 8.334711194038391113e-02 5.760009866207838058e-03
5.543939999999633073e+03 8.883574604988098145e-02 5.889954511076211929e-03
5.545419999999632637e+03 7.407326251268386841e-02 5.480383988469839096e-03
5.546899999999632200e+03 6.988573074340820312e-02 5.356817040592432022e-03
5.548379999999631764e+03 7.290515303611755371e-02 5.429113283753395081e-03
5.549859999999631327e+03 7.263837754726409912e-02 5.427867174148559570e-03
5.551339999999630891e+03 8.005002140998840332e-02 5.559932906180620193e-03
5.552819999999630454e+03 7.994280010461807251e-02 5.535480566322803497e-03
5.554299999999630018e+03 7.346639037132263184e-02 5.386988632380962372e-03
5.555779999999629581e+03 6.972645223140716553e-02 5.331811029464006424e-03
5.557259999999629144e+03 6.372698396444320679e-02 5.195118952542543411e-03
5.558739999999628708e+03 7.544293999671936035e-02 5.462714470922946930e-03
5.560219999999628271e+03 7.957305014133453369e-02 5.561416037380695343e-03
5.561699999999627835e+03 6.367368251085281372e-02 5.291996989399194717e-03
5.563179999999627398e+03 6.267505139112472534e-02 5.352385807782411575e-03
5.564659999999626962e+03 6.957797706127166748e-02 5.490209441632032394e-03
5.566139999999626525e+03 7.441684603691101074e-02 5.464817397296428680e-03
5.567619999999626089e+03 7.340566813945770264e-02 5.474947858601808548e-03
5.569099999999625652e+03 7.393889129161834717e-02 5.518727004528045654e-03
5.570579999999625215e+03 6.971241533756256104e-02 5.373173393309116364e-03
5.572059999999624779e+03 7.101450115442276001e-02 5.324138328433036804e-03
5.573539999999624342e+03 6.872452795505523682e-02 5.361966323107481003e-03
5.575019999999623906e+03 6.288103759288787842e-02 1.295932754874229431e-02
5.576499999999623469e+03 5.112560093402862549e-02 1.805682480335235596e-02
5.577979999999623033e+03 3.261586278676986694e-02 1.513735111802816391e-02
5.579459999999622596e+03 2.705788984894752502e-02 6.584350951015949249e-03
5.580939999999622160e+03 6.549403816461563110e-02 5.197449587285518646e-03
5.582419999999621723e+03 7.474083453416824341e-02 5.444611888378858566e-03
5.583899999999621286e+03 7.633343338966369629e-02 5.474738776683807373e-03
5.585379999999620850e+03 7.521982491016387939e-02 5.403554532676935196e-03
5.586859999999620413e+03 8.436188846826553345e-02 5.703965667635202408e-03
5.588339999999619977e+03 7.244633138179779053e-02 5.473886150866746902e-03
5.589819999999619540e+03 6.678975373506546021e-02 5.317582283169031143e-03
5.591299999999619104e+03 7.290446758270263672e-02 5.345273297280073166e-03
5.592779999999618667e+03 6.353086978197097778e-02 5.117720458656549454e-03
5.594259999999618231e+03 7.032802700996398926e-02 5.300309043377637863e-03
5.595739999999617794e+03 7.377634197473526001e-02 5.387552082538604736e-03
5.597219999999617357e+03 7.080623507499694824e-02 5.326538346707820892e-03
5.598699999999616921e+03 7.622356712818145752e-02 5.427233409136533737e-03
5.600179999999616484e+03 6.886400282382965088e-02 5.232324358075857162e-03
5.601659999999616048e+03 8.396167308092117310e-02 5.590058397501707077e-03
5.603139999999615611e+03 7.481906563043594360e-02 5.486007779836654663e-03
5.604619999999615175e+03 6.748603284358978271e-02 5.458098836243152618e-03
5.606099999999614738e+03 7.958872616291046143e-02 5.688499193638563156e-03
5.607579999999614301e+03 7.729334384202957153e-02 5.490581039339303970e-03
5.609059999999613865e+03 6.632978469133377075e-02 5.271959118545055389e-03
5.610539999999613428e+03 5.956441164016723633e-02 5.059083923697471619e-03
5.612019999999612992e+03 6.773626804351806641e-02 5.255516618490219116e-03
5.613499999999612555e+03 7.015874981880187988e-02 5.268292035907506943e-03
5.614979999999612119e+03 6.818535923957824707e-02 5.242692306637763977e-03
5.616459999999611682e+03 7.393484562635421753e-02 5.412538070231676102e-03
5.617939999999611246e+03 7.001940906047821045e-02 5.335914436727762222e-03
5.619419999999610809e+03 6.425072997808456421e-02 5.186702590435743332e-03
5.620899999999610372e+03 7.229804247617721558e-02 5.360374692827463150e-03
5.622379999999609936e+03 7.506109029054641724e-02 5.561157129704952240e-03
5.623859999999609499e+03 7.337373495101928711e-02 5.496105179190635681e-03
5.625339999999609063e+03 7.784958183765411377e-02 5.490662064403295517e-03
5.626819999999608626e+03 7.742751389741897583e-02 5.441157612949609756e-03
5.628299999999608190e+03 6.756450235843658447e-02 5.226118955761194229e-03
5.629779999999607753e+03 6.102845817804336548e-02 5.079753231257200241e-03
5.631259999999607317e+03 6.649421900510787964e-02 5.214111879467964172e-03
5.632739999999606880e+03 7.040239125490188599e-02 5.320170428603887558e-03
5.634219999999606443e+03 7.254417240619659424e-02 5.336328409612178802e-03
5.635699999999606007e+03 6.955801695585250854e-02 5.230694543570280075e-03
5.637179999999605570e+03 7.268566638231277466e-02 5.353634711354970932e-03
5.638659999999605134e+03 6.330612301826477051e-02 5.134809296578168869e-03
5.640139999999604697e+03 6.544057279825210571e-02 5.179542116820812225e-03
5.641619999999604261e+03 7.529414445161819458e-02 5.390985403209924698e-03
5.643099999999603824e+03 7.265283167362213135e-02 5.374717060476541519e-03
5.644579999999603388e+03 7.369926571846008301e-02 5.424757953733205795e-03
5.646059999999602951e+03 7.416835427284240723e-02 5.411682184785604477e-03
5.647539999999602514e+03 7.077768445014953613e-02 5.290214903652667999e-03
5.649019999999602078e+03 7.129333168268203735e-02 5.287970881909132004e-03
5.650499999999601641e+03 6.976535916328430176e-02 5.241945851594209671e-03
5.651979999999601205e+03 6.169049814343452454e-02 5.055626388639211655e-03
5.653459999999600768e+03 7.150062918663024902e-02 5.252300761640071869e-03
5.654939999999600332e+03 7.267171144485473633e-02 5.282581783831119537e-03
5.656419999999599895e+03 6.774252653121948242e-02 5.161083769053220749e-03
5.657899999999599459e+03 7.519512623548507690e-02 5.322731565684080124e-03
5.659379999999599022e+03 7.702238857746124268e-02 5.388385616242885590e-03
5.660859999999598585e+03 7.500720024108886719e-02 5.368877667933702469e-03
5.662339999999598149e+03 6.829486787319183350e-02 5.203484557569026947e-03
5.663819999999597712e+03 6.263855099678039551e-02 5.080263596028089523e-03
5.665299999999597276e+03 6.477019935846328735e-02 5.128772929310798645e-03
5.666779999999596839e+03 7.693471759557723999e-02 5.399011075496673584e-03
5.668259999999596403e+03 6.841867417097091675e-02 5.227948073297739029e-03
5.669739999999595966e+03 6.704317033290863037e-02 5.207756068557500839e-03
5.671219999999595530e+03 7.641661912202835083e-02 5.407426040619611740e-03
5.672699999999595093e+03 7.262487709522247314e-02 5.298858508467674255e-03
5.674179999999594656e+03 7.349441200494766235e-02 5.330229178071022034e-03
5.675659999999594220e+03 6.786686182022094727e-02 5.190765485167503357e-03
5.677139999999593783e+03 7.024293392896652222e-02 5.229793488979339600e-03
5.678619999999593347e+03 7.385285198688507080e-02 5.347813013941049576e-03
5.680099999999592910e+03 7.164208590984344482e-02 5.300180986523628235e-03
5.681579999999592474e+03 7.018969953060150146e-02 5.262488033622503281e-03
5.683059999999592037e+03 7.199543714523315430e-02 5.312392488121986389e-03
5.684539999999591600e+03 7.569023221731185913e-02 5.401757080107927322e-03
5.686019999999591164e+03 7.628879696130752563e-02 5.404951982200145721e-03
5.687499999999590727e+03 7.375976443290710449e-02 5.361764691770076752e-03
5.688979999999590291e+03 6.820108741521835327e-02 5.245425272732973099e-03
5.690459999999589854e+03 6.889337301254272461e-02 5.276350304484367371e-03
5.691939999999589418e+03 6.660334020853042603e-02 5.222022533416748047e-03
5.693419999999588981e+03 6.680436432361602783e-02 5.209257360547780991e-03
5.694899999999588545e+03 6.874774396419525146e-02 5.264983978122472763e-03
5.696379999999588108e+03 6.146962195634841919e-02 5.120713263750076294e-03
5.697859999999587671e+03 6.711348891258239746e-02 5.248681176453828812e-03
5.699339999999587235e+03 6.986536085605621338e-02 5.281394347548484802e-03
5.700819999999586798e+03 6.962621212005615234e-02 5.276223178952932358e-03
5.702299999999586362e+03 7.009303569793701172e-02 5.255796015262603760e-03
5.703779999999585925e+03 6.602457165718078613e-02 5.179669708013534546e-03
5.705259999999585489e+03 6.637423485517501831e-02 5.190335679799318314e-03
5.706739999999585052e+03 6.186100840568542480e-02 5.060164257884025574e-03
5.708219999999584616e+03 6.676764786243438721e-02 5.170912016183137894e-03
5.709699999999584179e+03 6.541021168231964111e-02 5.140080582350492477e-03
5.711179999999583742e+03 6.813992559909820557e-02 5.221688654273748398e-03
5.712659999999583306e+03 7.235374301671981812e-02 5.317165516316890717e-03
5.714139999999582869e+03 7.193572819232940674e-02 5.313566420227289200e-03
5.715619999999582433e+03 7.004570960998535156e-02 5.282260477542877197e-03
5.717099999999581996e+03 7.129071652889251709e-02 5.316417198628187180e-03
5.718579999999581560e+03 7.062539458274841309e-02 5.305536091327667236e-03
5.720059999999581123e+03 5.967592820525169373e-02 5.020876415073871613e-03
5.721539999999580687e+03 5.680623650550842285e-02 4.943403881043195724e-03
5.723019999999580250e+03 6.457240879535675049e-02 5.169321317225694656e-03
5.724499999999579813e+03 6.401023268699645996e-02 5.150428973138332367e-03
5.725979999999579377e+03 6.742940843105316162e-02 5.226056091487407684e-03
5.727459999999578940e+03 7.275446504354476929e-02 5.354489199817180634e-03
5.728939999999578504e+03 6.780154258012771606e-02 5.231609102338552475e-03
5.730419999999578067e+03 6.251650303602218628e-02 5.083505064249038696e-03
5.731899999999577631e+03 6.328600645065307617e-02 5.145121365785598755e-03
5.733379999999577194e+03 6.215657293796539307e-02 5.093355663120746613e-03
5.734859999999576758e+03 7.444549351930618286e-02 5.375924520194530487e-03
5.736339999999576321e+03 7.572600245475769043e-02 5.417737644165754318e-03
5.737819999999575884e+03 7.366722822189331055e-02 5.337727256119251251e-03
5.739299999999575448e+03 7.697999477386474609e-02 5.407024174928665161e-03
5.740779999999575011e+03 6.842797994613647461e-02 5.204149987548589706e-03
5.742259999999574575e+03 6.201322376728057861e-02 5.062544718384742737e-03
5.743739999999574138e+03 7.075379043817520142e-02 5.262019112706184387e-03
5.745219999999573702e+03 7.016390562057495117e-02 5.242927931249141693e-03
5.746699999999573265e+03 6.766133010387420654e-02 5.168359261006116867e-03
5.748179999999572829e+03 6.948040425777435303e-02 5.208818707615137100e-03
5.749659999999572392e+03 6.861599534749984741e-02 5.179683677852153778e-03
5.751139999999571955e+03 7.540464401245117188e-02 5.373488646000623703e-03
5.752619999999571519e+03 7.237865030765533447e-02 5.278934724628925323e-03
5.754099999999571082e+03 6.885872781276702881e-02 5.214316304773092270e-03
5.755579999999570646e+03 7.730481028556823730e-02 5.435526836663484573e-03
5.757059999999570209e+03 7.010133564472198486e-02 5.244668107479810715e-03
5.758539999999569773e+03 6.894401460886001587e-02 5.226744804531335831e-03
5.760019999999569336e+03 7.192873209714889526e-02 5.282066762447357178e-03
5.761499999999568900e+03 7.534089684486389160e-02 5.325467325747013092e-03
5.762979999999568463e+03 7.101149857044219971e-02 5.225829314440488815e-03
5.764459999999568026e+03 6.656471639871597290e-02 5.163076333701610565e-03
5.765939999999567590e+03 6.622981280088424683e-02 5.156367551535367966e-03
5.767419999999567153e+03 6.697280704975128174e-02 5.173392128199338913e-03
5.768899999999566717e+03 6.711154431104660034e-02 5.172133445739746094e-03
5.770379999999566280e+03 5.911932885646820068e-02 4.987730178982019424e-03
5.771859999999565844e+03 6.735275685787200928e-02 5.159745458513498306e-03
5.773339999999565407e+03 7.567793130874633789e-02 5.356620997190475464e-03
5.774819999999564970e+03 7.117209583520889282e-02 5.283570848405361176e-03
5.776299999999564534e+03 7.057274132966995239e-02 5.245000123977661133e-03
5.777779999999564097e+03 7.185790687799453735e-02 5.291367881000041962e-03
5.779259999999563661e+03 6.439571082592010498e-02 5.111757665872573853e-03
5.780739999999563224e+03 6.665159761905670166e-02 5.128159653395414352e-03
5.782219999999562788e+03 6.283926963806152344e-02 5.001281388103961945e-03
5.783699999999562351e+03 7.253855466842651367e-02 5.255219060927629471e-03
5.785179999999561915e+03 7.339163124561309814e-02 5.266774445772171021e-03
5.786659999999561478e+03 7.528067380189895630e-02 5.331277847290039062e-03
5.788139999999561041e+03 6.552485376596450806e-02 5.118716973811388016e-03
5.789619999999560605e+03 6.329956650733947754e-02 5.066772457212209702e-03
5.791099999999560168e+03 6.890521198511123657e-02 5.205119494348764420e-03
5.792579999999559732e+03 6.666068732738494873e-02 5.143868736922740936e-03
5.794059999999559295e+03 6.473308801651000977e-02 5.092464387416839600e-03
5.795539999999558859e+03 7.153338938951492310e-02 5.267497617751359940e-03
5.797019999999558422e+03 7.510848343372344971e-02 5.343616940081119537e-03
5.798499999999557986e+03 6.505993753671646118e-02 5.085943266749382019e-03
5.799979999999557549e+03 6.353126466274261475e-02 5.027120932936668396e-03
5.801459999999557112e+03 7.285702228546142578e-02 5.288513377308845520e-03
5.802939999999556676e+03 7.868016511201858521e-02 5.406302399933338165e-03
5.804419999999556239e+03 7.403439283370971680e-02 5.274734459817409515e-03
5.805899999999555803e+03 7.341364771127700806e-02 5.293543916195631027e-03
5.807379999999555366e+03 7.014557719230651855e-02 5.214869976043701172e-03
5.808859999999554930e+03 6.705827265977859497e-02 5.159596446901559830e-03
5.810339999999554493e+03 6.763172894716262817e-02 5.150768905878067017e-03
5.811819999999554057e+03 6.947661936283111572e-02 5.159921012818813324e-03
5.813299999999553620e+03 6.966994702816009521e-02 5.162684712558984756e-03
5.814779999999553183e+03 5.972120538353919983e-02 4.940797109156847000e-03
5.816259999999552747e+03 6.880197674036026001e-02 5.141537170857191086e-03
5.817739999999552310e+03 7.006311416625976562e-02 5.208677146583795547e-03
5.819219999999551874e+03 6.146021187305450439e-02 5.012138281017541885e-03
5.820699999999551437e+03 6.096377223730087280e-02 4.977866541594266891e-03
5.822179999999551001e+03 7.222087681293487549e-02 5.262224003672599792e-03
5.823659999999550564e+03 7.019393146038055420e-02 5.200876854360103607e-03
5.825139999999550128e+03 7.141867280006408691e-02 5.210808943957090378e-03
5.826619999999549691e+03 6.828731298446655273e-02 5.146151408553123474e-03
5.828099999999549254e+03 6.056620553135871887e-02 4.970743320882320404e-03
5.829579999999548818e+03 6.762616336345672607e-02 5.142298527061939240e-03
5.831059999999548381e+03 7.808226346969604492e-02 5.363191943615674973e-03
5.832539999999547945e+03 7.935190200805664062e-02 5.408541299402713776e-03
5.834019999999547508e+03 7.163752615451812744e-02 5.239089950919151306e-03
5.835499999999547072e+03 7.121841609477996826e-02 5.191558040678501129e-03
5.836979999999546635e+03 7.445584237575531006e-02 5.259537603706121445e-03
5.838459999999546199e+03 6.611931324005126953e-02 5.085658747702836990e-03
5.839939999999545762e+03 6.527084857225418091e-02 5.061987787485122681e-03
5.841419999999545325e+03 6.784094870090484619e-02 5.100279580801725388e-03
5.842899999999544889e+03 6.935690343379974365e-02 5.132988095283508301e-03
5.844379999999544452e+03 7.203651964664459229e-02 5.204160697758197784e-03
5.845859999999544016e+03 7.221524417400360107e-02 5.199448671191930771e-03
5.847339999999543579e+03 6.943249702453613281e-02 5.126961972564458847e-03
5.848819999999543143e+03 6.790556013584136963e-02 5.088437348604202271e-03
5.850299999999542706e+03 7.508053630590438843e-02 5.246823187917470932e-03
5.851779999999542270e+03 7.158450782299041748e-02 5.186460446566343307e-03
5.853259999999541833e+03 7.613684982061386108e-02 5.281385499984025955e-03
5.854739999999541396e+03 7.890143990516662598e-02 5.319511517882347107e-03
5.856219999999540960e+03 6.586337089538574219e-02 5.003466270864009857e-03
5.857699999999540523e+03 7.094423472881317139e-02 5.147289019078016281e-03
5.859179999999540087e+03 7.667560130357742310e-02 5.276671145111322403e-03
5.860659999999539650e+03 7.613249123096466064e-02 5.270309746265411377e-03
5.862139999999539214e+03 7.577507197856903076e-02 5.298409145325422287e-03
5.863619999999538777e+03 6.865766644477844238e-02 5.265610758215188980e-03
5.865099999999538340e+03 6.540951877832412720e-02 5.491412710398435593e-03
5.866579999999537904e+03 7.219871878623962402e-02 5.741205066442489624e-03
5.868059999999537467e+03 7.464276254177093506e-02 5.622782278805971146e-03
5.869539999999537031e+03 7.159604132175445557e-02 5.364675540477037430e-03
5.871019999999536594e+03 6.794494390487670898e-02 5.229264497756958008e-03
5.872499999999536158e+03 6.629526615142822266e-02 5.213936325162649155e-03
5.873979999999535721e+03 7.062661647796630859e-02 5.273755639791488647e-03
5.875459999999535285e+03 7.738576829433441162e-02 5.370846483856439590e-03
5.876939999999534848e+03 7.360436022281646729e-02 5.275623872876167297e-03
5.878419999999534411e+03 6.477678567171096802e-02 5.061667878180742264e-03
5.879899999999533975e+03 6.996352225542068481e-02 5.192095879465341568e-03
5.881379999999533538e+03 6.919769942760467529e-02 5.195488687604665756e-03
5.882859999999533102e+03 6.043987348675727844e-02 4.969158209860324860e-03
5.884339999999532665e+03 5.866862088441848755e-02 4.915758036077022552e-03
5.885819999999532229e+03 5.795186758041381836e-02 5.155694205313920975e-03
5.887299999999531792e+03 5.804255977272987366e-02 6.179670803248882294e-03
5.888779999999531356e+03 7.325056195259094238e-02 7.533071096986532211e-03
5.890259999999530919e+03 7.426260411739349365e-02 7.264672778546810150e-03
5.891739999999530482e+03 6.426965445280075073e-02 5.690902471542358398e-03
5.893219999999530046e+03 5.499301105737686157e-02 5.199329927563667297e-03
5.894699999999529609e+03 6.314513832330703735e-02 6.116069387644529343e-03
5.896179999999529173e+03 5.718940123915672302e-02 5.949384067207574844e-03
5.897659999999528736e+03 5.561657622456550598e-02 5.177068989723920822e-03
5.899139999999528300e+03 6.528709828853607178e-02 5.025960505008697510e-03
5.900619999999527863e+03 7.171702384948730469e-02 5.219214130192995071e-03
5.902099999999527427e+03 7.460660487413406372e-02 5.319684278219938278e-03
5.903579999999526990e+03 6.408607214689254761e-02 5.182289052754640579e-03
5.905059999999526553e+03 6.780472397804260254e-02 5.272856913506984711e-03
5.906539999999526117e+03 7.473905384540557861e-02 5.389267113059759140e-03
5.908019999999525680e+03 6.865595281124114990e-02 5.232066847383975983e-03
5.909499999999525244e+03 7.366271317005157471e-02 5.267272703349590302e-03
5.910979999999524807e+03 7.369669526815414429e-02 5.265367217361927032e-03
5.912459999999524371e+03 6.517934799194335938e-02 5.146199371665716171e-03
5.913939999999523934e+03 7.816593348979949951e-02 5.793923977762460709e-03
5.915419999999523498e+03 6.931750476360321045e-02 5.696116015315055847e-03
5.916899999999523061e+03 5.794637650251388550e-02 5.125996656715869904e-03
5.918379999999522624e+03 6.583890318870544434e-02 5.082948133349418640e-03
5.919859999999522188e+03 6.137267500162124634e-02 4.988805856555700302e-03
5.921339999999521751e+03 6.601741164922714233e-02 5.088510457426309586e-03
5.922819999999521315e+03 7.321029156446456909e-02 5.355034489184617996e-03
5.924299999999520878e+03 6.884017586708068848e-02 5.324431695044040680e-03
5.925779999999520442e+03 6.593938916921615601e-02 5.169445648789405823e-03
5.927259999999520005e+03 7.327242940664291382e-02 5.240584723651409149e-03
5.928739999999519569e+03 6.879112869501113892e-02 5.119733978062868118e-03
5.930219999999519132e+03 7.732559740543365479e-02 5.440110340714454651e-03
5.931699999999518695e+03 8.675800263881683350e-02 5.995023529976606369e-03
5.933179999999518259e+03 6.609451025724411011e-02 5.575495306402444839e-03
5.934659999999517822e+03 7.166037708520889282e-02 5.347458180040121078e-03
5.936139999999517386e+03 6.987313181161880493e-02 5.145435221493244171e-03
5.937619999999516949e+03 6.250767409801483154e-02 4.955464508384466171e-03
5.939099999999516513e+03 7.015841454267501831e-02 5.127786193042993546e-03
5.940579999999516076e+03 6.291192024946212769e-02 4.971005488187074661e-03
5.942059999999515640e+03 7.129028439521789551e-02 5.165946669876575470e-03
5.943539999999515203e+03 6.615483760833740234e-02 5.117543507367372513e-03
5.945019999999514766e+03 7.410359382629394531e-02 5.411844700574874878e-03
5.946499999999514330e+03 7.258446514606475830e-02 5.343496799468994141e-03
5.947979999999513893e+03 6.671846657991409302e-02 5.095164291560649872e-03
5.949459999999513457e+03 6.856450438499450684e-02 5.083339288830757141e-03
5.950939999999513020e+03 7.225455343723297119e-02 5.362954922020435333e-03
5.952419999999512584e+03 6.651367992162704468e-02 5.508872214704751968e-03
5.953899999999512147e+03 6.870432198047637939e-02 5.555894225835800171e-03
5.955379999999511710e+03 6.971100717782974243e-02 5.298987962305545807e-03
5.956859999999511274e+03 6.827042996883392334e-02 5.069055128842592239e-03
5.958339999999510837e+03 6.392698734998703003e-02 5.000742617994546890e-03
5.959819999999510401e+03 6.355619430541992188e-02 5.006171762943267822e-03
5.961299999999509964e+03 6.343214958906173706e-02 5.009873770177364349e-03
5.962779999999509528e+03 6.003146246075630188e-02 4.927988629788160324e-03
5.964259999999509091e+03 6.950968503952026367e-02 5.154658108949661255e-03
5.965739999999508655e+03 6.320478022098541260e-02 5.013164598494768143e-03
5.967219999999508218e+03 5.902848392724990845e-02 4.925051704049110413e-03
5.968699999999507781e+03 6.908120214939117432e-02 5.257876589894294739e-03
5.970179999999507345e+03 6.853433698415756226e-02 5.280130077153444290e-03
5.971659999999506908e+03 6.818893551826477051e-02 5.213756579905748367e-03
5.973139999999506472e+03 6.931652128696441650e-02 5.104770883917808533e-03
5.974619999999506035e+03 6.556656956672668457e-02 5.106174852699041367e-03
5.976099999999505599e+03 6.583901494741439819e-02 5.259658209979534149e-03
5.977579999999505162e+03 6.958473473787307739e-02 5.334851332008838654e-03
5.979059999999504726e+03 6.619982421398162842e-02 5.111662670969963074e-03
5.980539999999504289e+03 6.595447659492492676e-02 5.032849963754415512e-03
5.982019999999503852e+03 7.295239716768264771e-02 5.177726037800312042e-03
5.983499999999503416e+03 8.548848330974578857e-02 5.452086683362722397e-03
5.984979999999502979e+03 1.087048500776290894e-01 5.954385735094547272e-03
5.986459999999502543e+03 1.097733899950981140e-01 5.975774023681879044e-03
5.987939999999502106e+03 7.727485895156860352e-02 5.253279581665992737e-03
5.989419999999501670e+03 6.632704287767410278e-02 4.992390051484107971e-03
5.990899999999501233e+03 7.126245647668838501e-02 5.107540171593427658e-03
5.992379999999500797e+03 6.962847709655761719e-02 5.061424337327480316e-03
5.993859999999500360e+03 6.888391077518463135e-02 5.070403683930635452e-03
5.995339999999499923e+03 6.615649163722991943e-02 5.049472674727439880e-03
5.996819999999499487e+03 6.689114123582839966e-02 5.089590325951576233e-03
5.998299999999499050e+03 6.602735072374343872e-02 5.068073514848947525e-03
5.999779999999498614e+03 6.615482270717620850e-02 5.013795569539070129e-03
6.001259999999498177e+03 5.783089622855186462e-02 4.843018949031829834e-03
6.002739999999497741e+03 5.025349929928779602e-02 4.774032160639762878e-03
6.004219999999497304e+03 5.446365848183631897e-02 4.860181361436843872e-03
6.005699999999496868e+03 6.387742608785629272e-02 4.999921191483736038e-03
6.007179999999496431e+03 6.156602501869201660e-02 4.878955893218517303e-03
6.008659999999495994e+03 5.679062008857727051e-02 4.779085051268339157e-03
6.010139999999495558e+03 6.418831646442413330e-02 4.983884748071432114e-03
6.011619999999495121e+03 7.591187953948974609e-02 5.236743483692407608e-03
6.013099999999494685e+03 7.218315452337265015e-02 5.121572874486446381e-03
6.014579999999494248e+03 6.116569042205810547e-02 4.879991058260202408e-03
6.016059999999493812e+03 6.141849979758262634e-02 4.868100397288799286e-03
6.017539999999493375e+03 6.455298513174057007e-02 4.957406781613826752e-03
6.019019999999492939e+03 6.918263435363769531e-02 5.083492957055568695e-03
6.020499999999492502e+03 6.487971544265747070e-02 4.908487200736999512e-03
6.021979999999492065e+03 5.857135355472564697e-02 4.805046133697032928e-03
6.023459999999491629e+03 6.251525878906250000e-02 4.872154910117387772e-03
6.024939999999491192e+03 6.580564379692077637e-02 4.943884443491697311e-03
6.026419999999490756e+03 6.703864037990570068e-02 4.989460110664367676e-03
6.027899999999490319e+03 6.313393265008926392e-02 4.934843163937330246e-03
6.029379999999489883e+03 6.648226082324981689e-02 5.021562799811363220e-03
6.030859999999489446e+03 6.572064757347106934e-02 4.954540170729160309e-03
6.032339999999489009e+03 6.539039313793182373e-02 5.004782695323228836e-03
6.033819999999488573e+03 5.971536412835121155e-02 4.907612223178148270e-03
6.035299999999488136e+03 5.932779237627983093e-02 4.848902113735675812e-03
6.036779999999487700e+03 6.630229949951171875e-02 4.965546540915966034e-03
6.038259999999487263e+03 6.414828449487686157e-02 4.910598974674940109e-03
6.039739999999486827e+03 6.031149625778198242e-02 4.818031564354896545e-03
6.041219999999486390e+03 6.215000897645950317e-02 4.850685130804777145e-03
6.042699999999485954e+03 5.803582817316055298e-02 4.754048306494951248e-03
6.044179999999485517e+03 5.809221044182777405e-02 4.774391651153564453e-03
6.045659999999485080e+03 6.342255324125289917e-02 4.881537985056638718e-03
6.047139999999484644e+03 6.747552007436752319e-02 4.963616374880075455e-03
6.048619999999484207e+03 6.326504796743392944e-02 4.927621223032474518e-03
6.050099999999483771e+03 6.223614513874053955e-02 4.902360029518604279e-03
6.051579999999483334e+03 6.689457595348358154e-02 4.976479802280664444e-03
6.053059999999482898e+03 6.191907450556755066e-02 4.824766423553228378e-03
6.054539999999482461e+03 7.444422692060470581e-02 5.149677395820617676e-03
6.056019999999482025e+03 6.267005205154418945e-02 4.880606662482023239e-03
6.057499999999481588e+03 5.752251669764518738e-02 4.802667535841464996e-03
6.058979999999481151e+03 7.383316010236740112e-02 5.156343337148427963e-03
6.060459999999480715e+03 7.060663402080535889e-02 5.066185723990201950e-03
6.061939999999480278e+03 6.521379947662353516e-02 4.965774249285459518e-03
6.063419999999479842e+03 6.663468480110168457e-02 4.993542563170194626e-03
6.064899999999479405e+03 7.471031695604324341e-02 5.143868736922740936e-03
6.066379999999478969e+03 6.991286575794219971e-02 5.057596135884523392e-03
6.067859999999478532e+03 6.575949490070343018e-02 4.984619095921516418e-03
6.069339999999478096e+03 6.819517910480499268e-02 4.995213355869054794e-03
6.070819999999477659e+03 6.969907879829406738e-02 5.000863689929246902e-03
6.072299999999477222e+03 6.789329648017883301e-02 4.955696407705545425e-03
6.073779999999476786e+03 6.428933888673782349e-02 4.892732948064804077e-03
6.075259999999476349e+03 7.375109195709228516e-02 5.102008581161499023e-03
6.076739999999475913e+03 7.225730270147323608e-02 5.051284562796354294e-03
6.078219999999475476e+03 6.423143297433853149e-02 4.879731219261884689e-03
6.079699999999475040e+03 6.136498600244522095e-02 4.809476900845766068e-03
6.081179999999474603e+03 6.385894119739532471e-02 4.861553665250539780e-03
6.082659999999474167e+03 6.661248952150344849e-02 4.940057173371315002e-03
6.084139999999473730e+03 6.434374302625656128e-02 4.894842859357595444e-03
6.085619999999473293e+03 7.020286470651626587e-02 5.040493793785572052e-03
6.087099999999472857e+03 6.584932655096054077e-02 4.929399583488702774e-03
6.088579999999472420e+03 6.421949714422225952e-02 4.879408515989780426e-03
6.090059999999471984e+03 6.906613707542419434e-02 4.997087642550468445e-03
6.091539999999471547e+03 6.951017677783966064e-02 5.027608014643192291e-03
6.093019999999471111e+03 6.475266069173812866e-02 4.908150993287563324e-03
6.094499999999470674e+03 5.776707828044891357e-02 4.753225017338991165e-03
6.095979999999470238e+03 6.899168342351913452e-02 4.994480870664119720e-03
6.097459999999469801e+03 6.546875834465026855e-02 4.928178619593381882e-03
6.098939999999469364e+03 6.633417308330535889e-02 4.991151858121156693e-03
6.100419999999468928e+03 5.128322914242744446e-02 4.578777588903903961e-03
6.101899999999468491e+03 5.938148498535156250e-02 4.719951655715703964e-03
6.103379999999468055e+03 6.731286644935607910e-02 4.923639353364706039e-03
6.104859999999467618e+03 7.019382715225219727e-02 5.010113120079040527e-03
6.106339999999467182e+03 6.656550616025924683e-02 4.910652525722980499e-03
6.107819999999466745e+03 7.492637634277343750e-02 5.113780032843351364e-03
6.109299999999466309e+03 6.855255365371704102e-02 4.977759439498186111e-03
6.110779999999465872e+03 6.454936414957046509e-02 4.840988665819168091e-03
6.112259999999465435e+03 5.915474891662597656e-02 4.724319092929363251e-03
6.113739999999464999e+03 6.419448554515838623e-02 4.881518427282571793e-03
6.115219999999464562e+03 6.541263312101364136e-02 4.882573615759611130e-03
6.116699999999464126e+03 6.415316462516784668e-02 4.866020753979682922e-03
6.118179999999463689e+03 6.530696153640747070e-02 4.885183181613683701e-03
6.119659999999463253e+03 6.536807119846343994e-02 4.867808893322944641e-03
6.121139999999462816e+03 5.882073938846588135e-02 4.690673202276229858e-03
6.122619999999462379e+03 6.684872508049011230e-02 4.872524645179510117e-03
6.124099999999461943e+03 6.184294074773788452e-02 4.805224481970071793e-03
6.125579999999461506e+03 6.092458218336105347e-02 4.804888274520635605e-03
6.127059999999461070e+03 6.316986680030822754e-02 4.841024987399578094e-03
6.128539999999460633e+03 6.610580533742904663e-02 4.913967102766036987e-03
6.130019999999460197e+03 7.227557897567749023e-02 5.034090951085090637e-03
6.131499999999459760e+03 5.953014269471168518e-02 4.726884886622428894e-03
6.132979999999459324e+03 5.892816931009292603e-02 4.738228395581245422e-03
6.134459999999458887e+03 6.278179585933685303e-02 4.797643981873989105e-03
6.135939999999458450e+03 6.533594429492950439e-02 4.855832085013389587e-03
6.137419999999458014e+03 6.631685793399810791e-02 4.937590099871158600e-03
6.138899999999457577e+03 6.630282849073410034e-02 4.984455183148384094e-03
6.140379999999457141e+03 6.701580435037612915e-02 4.960377700626850128e-03
6.141859999999456704e+03 6.948527693748474121e-02 5.007351282984018326e-03
6.143339999999456268e+03 7.630121707916259766e-02 5.279424600303173065e-03
6.144819999999455831e+03 6.673707813024520874e-02 5.041883792728185654e-03
6.146299999999455395e+03 6.034067273139953613e-02 4.762588534504175186e-03
6.147779999999454958e+03 6.644740700721740723e-02 4.864691756665706635e-03
6.149259999999454521e+03 6.988081336021423340e-02 4.965418018400669098e-03
6.150739999999454085e+03 6.671430915594100952e-02 4.935306031256914139e-03
6.152219999999453648e+03 6.597185134887695312e-02 4.898367915302515030e-03
6.153699999999453212e+03 6.555949151515960693e-02 4.882873501628637314e-03
6.155179999999452775e+03 6.583297252655029297e-02 4.863541107624769211e-03
6.156659999999452339e+03 6.480444967746734619e-02 4.881385713815689087e-03
6.158139999999451902e+03 6.375853717327117920e-02 4.846260417252779007e-03
6.159619999999451466e+03 5.678461119532585144e-02 4.653049167245626450e-03
6.161099999999451029e+03 6.642241775989532471e-02 7.066156715154647827e-03
6.162579999999450592e+03 6.429705023765563965e-02 1.409784052520990372e-02
6.164059999999450156e+03 7.383207231760025024e-02 8.437900803983211517e-03
6.165539999999449719e+03 7.247097790241241455e-02 4.877523984760046005e-03
6.167019999999449283e+03 5.998992174863815308e-02 4.708507098257541656e-03
6.168499999999448846e+03 6.507904082536697388e-02 4.922826308757066727e-03
6.169979999999448410e+03 6.329727917909622192e-02 5.057140719145536423e-03
6.171459999999447973e+03 7.097952067852020264e-02 5.155595019459724426e-03
6.172939999999447537e+03 6.261656433343887329e-02 4.857248160988092422e-03
6.174419999999447100e+03 5.530212819576263428e-02 4.662020597606897354e-03
6.175899999999446663e+03 6.283025443553924561e-02 4.876274149864912033e-03
6.177379999999446227e+03 5.365575850009918213e-02 4.609262570738792419e-03
6.178859999999445790e+03 5.169038102030754089e-02 4.509326536208391190e-03
6.180339999999445354e+03 5.861389264464378357e-02 4.690486937761306763e-03
6.181819999999444917e+03 5.623944848775863647e-02 4.681935068219900131e-03
6.183299999999444481e+03 6.501121819019317627e-02 4.911805037409067154e-03
6.184779999999444044e+03 6.420479714870452881e-02 4.862928763031959534e-03
6.186259999999443608e+03 6.303072720766067505e-02 4.844613373279571533e-03
6.187739999999443171e+03 6.772933900356292725e-02 4.934644326567649841e-03
6.189219999999442734e+03 6.563604623079299927e-02 4.872235935181379318e-03
6.190699999999442298e+03 6.182363629341125488e-02 4.774936474859714508e-03
6.192179999999441861e+03 5.983552336692810059e-02 4.761675372719764709e-03
6.193659999999441425e+03 6.015523895621299744e-02 4.777657333761453629e-03
6.195139999999440988e+03 6.150558590888977051e-02 4.746670369058847427e-03
6.196619999999440552e+03 6.277497112751007080e-02 4.743171855807304382e-03
6.198099999999440115e+03 6.771373748779296875e-02 4.875974263995885849e-03
6.199579999999439679e+03 6.957206130027770996e-02 4.958266858011484146e-03
6.201059999999439242e+03 7.063651084899902344e-02 5.110490601509809494e-03
6.202539999999438805e+03 7.275274395942687988e-02 5.215850193053483963e-03
6.204019999999438369e+03 6.344925612211227417e-02 4.958824720233678818e-03
6.205499999999437932e+03 6.292641162872314453e-02 4.799791611731052399e-03
6.206979999999437496e+03 6.183052435517311096e-02 4.770862869918346405e-03
6.208459999999437059e+03 6.704042851924896240e-02 4.903209395706653595e-03
6.209939999999436623e+03 7.038635760545730591e-02 4.984566010534763336e-03
6.211419999999436186e+03 5.803548544645309448e-02 4.751058295369148254e-03
6.212899999999435749e+03 5.768332630395889282e-02 4.748912993818521500e-03
6.214379999999435313e+03 6.036363542079925537e-02 4.750357009470462799e-03
6.215859999999434876e+03 6.016302108764648438e-02 4.718869458884000778e-03
6.217339999999434440e+03 5.808009952306747437e-02 4.703634884208440781e-03
6.218819999999434003e+03 6.127777695655822754e-02 4.798571113497018814e-03
6.220299999999433567e+03 7.124580442905426025e-02 5.189992953091859818e-03
6.221779999999433130e+03 6.556818634271621704e-02 5.080387927591800690e-03
6.223259999999432694e+03 6.626226007938385010e-02 4.973959177732467651e-03
6.224739999999432257e+03 5.673768371343612671e-02 4.614535253494977951e-03
6.226219999999431820e+03 5.775813758373260498e-02 4.646263085305690765e-03
6.227699999999431384e+03 6.751752644777297974e-02 4.854453261941671371e-03
6.229179999999430947e+03 7.500632852315902710e-02 5.039517767727375031e-03
6.230659999999430511e+03 6.251495331525802612e-02 4.747504368424415588e-03
6.232139999999430074e+03 5.945917963981628418e-02 4.914869554340839386e-03
6.233619999999429638e+03 6.713426113128662109e-02 5.579253192991018295e-03
6.235099999999429201e+03 6.099790334701538086e-02 5.787609145045280457e-03
6.236579999999428765e+03 5.312472581863403320e-02 5.444638431072235107e-03
6.238059999999428328e+03 5.921135842800140381e-02 5.092557054013013840e-03
6.239539999999427891e+03 6.285019218921661377e-02 5.053888075053691864e-03
6.241019999999427455e+03 6.456723809242248535e-02 5.131860263645648956e-03
6.242499999999427018e+03 6.197520345449447632e-02 5.072313826531171799e-03
6.243979999999426582e+03 6.173779070377349854e-02 4.984518047422170639e-03
6.245459999999426145e+03 6.106397509574890137e-02 4.835684318095445633e-03
6.246939999999425709e+03 6.478782743215560913e-02 4.871289711445569992e-03
6.248419999999425272e+03 7.013233751058578491e-02 4.978549201041460037e-03
6.249899999999424836e+03 6.671327352523803711e-02 4.854886792600154877e-03
6.251379999999424399e+03 6.193846091628074646e-02 4.694778472185134888e-03
6.252859999999423962e+03 6.098147109150886536e-02 4.674187861382961273e-03
6.254339999999423526e+03 5.840549990534782410e-02 4.698766861110925674e-03
6.255819999999423089e+03 5.983985215425491333e-02 5.314046982675790787e-03
6.257299999999422653e+03 7.197639346122741699e-02 6.035994738340377808e-03
6.258779999999422216e+03 6.631870567798614502e-02 5.669442471116781235e-03
6.260259999999421780e+03 6.059757620096206665e-02 4.900393541902303696e-03
6.261739999999421343e+03 7.074252516031265259e-02 5.054104607552289963e-03
6.263219999999420907e+03 6.323928385972976685e-02 5.039598792791366577e-03
6.264699999999420470e+03 5.834133177995681763e-02 5.095385946333408356e-03
6.266179999999420033e+03 5.814773589372634888e-02 4.990006331354379654e-03
6.267659999999419597e+03 5.696245282888412476e-02 4.773137625306844711e-03
6.269139999999419160e+03 6.897532194852828979e-02 5.035824608057737350e-03
6.270619999999418724e+03 6.653603166341781616e-02 4.883094690740108490e-03
6.272099999999418287e+03 6.013217568397521973e-02 4.724571015685796738e-03
6.273579999999417851e+03 6.857594102621078491e-02 4.964295774698257446e-03
6.275059999999417414e+03 6.648819148540496826e-02 4.986009094864130020e-03
6.276539999999416978e+03 5.958140641450881958e-02 4.823674447834491730e-03
6.278019999999416541e+03 5.986443161964416504e-02 4.785563331097364426e-03
6.279499999999416104e+03 5.941778793931007385e-02 4.696498159319162369e-03
6.280979999999415668e+03 6.140625104308128357e-02 4.708760417997837067e-03
6.282459999999415231e+03 5.983198061585426331e-02 4.672233946621417999e-03
6.283939999999414795e+03 5.961065739393234253e-02 4.740553442388772964e-03
6.285419999999414358e+03 5.653974413871765137e-02 5.177355837076902390e-03
6.286899999999413922e+03 6.288771331310272217e-02 5.698775872588157654e-03
6.288379999999413485e+03 6.176455318927764893e-02 5.429681390523910522e-03
6.289859999999413048e+03 6.164380162954330444e-02 4.932474344968795776e-03
6.291339999999412612e+03 5.854850262403488159e-02 4.682566504925489426e-03
6.292819999999412175e+03 5.030988901853561401e-02 4.472028929740190506e-03
6.294299999999411739e+03 5.371797084808349609e-02 4.579988773912191391e-03
6.295779999999411302e+03 6.670711934566497803e-02 4.787005484104156494e-03
6.297259999999410866e+03 1.159945223480463028e-02 6.956203375011682510e-03
6.298739999999410429e+03 3.571524471044540405e-02 1.366717461496591568e-02
6.300219999999409993e+03 1.531960964202880859e-01 1.583182811737060547e-02
6.301699999999409556e+03 1.098741441965103149e-01 1.185297034680843353e-02
6.303179999999409119e+03 3.438065201044082642e-02 4.672720562666654587e-03
6.304659999999408683e+03 5.103521049022674561e-02 4.809739999473094940e-03
6.306139999999408246e+03 6.636533886194229126e-02 5.826646462082862854e-03
6.307619999999407810e+03 6.233461946249008179e-02 5.570297129452228546e-03
6.309099999999407373e+03 5.622071772813796997e-02 4.785557743161916733e-03
6.310579999999406937e+03 6.512588262557983398e-02 4.855786915868520737e-03
6.312059999999406500e+03 5.630180984735488892e-02 4.638944752514362335e-03
6.313539999999406064e+03 5.813989043235778809e-02 4.643338732421398163e-03
6.315019999999405627e+03 5.659808963537216187e-02 4.602535627782344818e-03
6.316499999999405190e+03 6.106616556644439697e-02 4.697723779827356339e-03
6.317979999999404754e+03 6.004678457975387573e-02 4.680495243519544601e-03
6.319459999999404317e+03 5.480838939547538757e-02 4.707462619990110397e-03
6.320939999999403881e+03 5.892735719680786133e-02 4.955529235303401947e-03
6.322419999999403444e+03 6.833858788013458252e-02 5.067588295787572861e-03
6.323899999999403008e+03 6.253142654895782471e-02 4.766586702316999435e-03
6.325379999999402571e+03 6.802240759134292603e-02 4.844992887228727341e-03
6.326859999999402135e+03 5.400495231151580811e-02 4.718328826129436493e-03
6.328339999999401698e+03 5.964893102645874023e-02 5.402863025665283203e-03
6.329819999999401261e+03 7.054214179515838623e-02 5.718538071960210800e-03
6.331299999999400825e+03 5.954008176922798157e-02 5.075995810329914093e-03
6.332779999999400388e+03 6.004826724529266357e-02 4.718645010143518448e-03
6.334259999999399952e+03 5.414395779371261597e-02 4.523236304521560669e-03
6.335739999999399515e+03 5.438662320375442505e-02 4.548279102891683578e-03
6.337219999999399079e+03 5.835604295134544373e-02 4.648501984775066376e-03
6.338699999999398642e+03 5.954374000430107117e-02 4.686791449785232544e-03
6.340179999999398206e+03 6.014467775821685791e-02 4.732670728117227554e-03
6.341659999999397769e+03 5.924356356263160706e-02 4.691258072853088379e-03
6.343139999999397332e+03 5.996801704168319702e-02 4.692377522587776184e-03
6.344619999999396896e+03 6.241736561059951782e-02 4.736767150461673737e-03
6.346099999999396459e+03 5.871608480811119080e-02 4.740166943520307541e-03
6.347579999999396023e+03 5.630695074796676636e-02 4.827275406569242477e-03
6.349059999999395586e+03 6.064824387431144714e-02 4.898938350379467010e-03
6.350539999999395150e+03 6.582088023424148560e-02 4.872168879956007004e-03
6.352019999999394713e+03 6.359499692916870117e-02 4.768158774822950363e-03
6.353499999999394277e+03 5.784040689468383789e-02 4.762778058648109436e-03
6.354979999999393840e+03 5.544578284025192261e-02 5.073861218988895416e-03
6.356459999999393403e+03 6.112061068415641785e-02 5.180332344025373459e-03
6.357939999999392967e+03 5.863370746374130249e-02 4.842860158532857895e-03
6.359419999999392530e+03 5.514593049883842468e-02 4.694634117186069489e-03
6.360899999999392094e+03 4.457477852702140808e-02 5.639083683490753174e-03
6.362379999999391657e+03 7.082165777683258057e-02 9.287407621741294861e-03
6.363859999999391221e+03 8.521579951047897339e-02 1.001344807446002960e-02
6.365339999999390784e+03 5.387493968009948730e-02 6.907471921294927597e-03
6.366819999999390348e+03 5.289265513420104980e-02 4.710347857326269150e-03
6.368299999999389911e+03 6.174301356077194214e-02 4.659552127122879028e-03
6.369779999999389474e+03 5.711393430829048157e-02 4.599619191139936447e-03
6.371259999999389038e+03 5.655345320701599121e-02 4.585173912346363068e-03
6.372739999999388601e+03 5.839809775352478027e-02 4.626576323062181473e-03
6.374219999999388165e+03 5.577149614691734314e-02 4.566108342260122299e-03
6.375699999999387728e+03 6.579300761222839355e-02 4.816210363060235977e-03
6.377179999999387292e+03 5.970583856105804443e-02 4.764483310282230377e-03
6.378659999999386855e+03 5.096126347780227661e-02 4.596108105033636093e-03
6.380139999999386418e+03 6.151309609413146973e-02 4.783798009157180786e-03
6.381619999999385982e+03 6.014389172196388245e-02 4.726307932287454605e-03
6.383099999999385545e+03 4.793405160307884216e-02 4.434055183082818985e-03
6.384579999999385109e+03 5.514705181121826172e-02 4.736610222607851028e-03
6.386059999999384672e+03 6.247837096452713013e-02 5.004370585083961487e-03
6.387539999999384236e+03 6.349286437034606934e-02 4.886765033006668091e-03
6.389019999999383799e+03 5.731799826025962830e-02 4.592387471348047256e-03
6.390499999999383363e+03 5.062696710228919983e-02 4.422789439558982849e-03
6.391979999999382926e+03 6.144966930150985718e-02 4.682613536715507507e-03
6.393459999999382489e+03 6.013158708810806274e-02 4.653442651033401489e-03
6.394939999999382053e+03 5.759190395474433899e-02 4.607872106134891510e-03
6.396419999999381616e+03 6.569859385490417480e-02 4.791210405528545380e-03
6.397899999999381180e+03 6.779812276363372803e-02 4.813934676349163055e-03
6.399379999999380743e+03 6.640897691249847412e-02 4.767033271491527557e-03
6.400859999999380307e+03 5.445869266986846924e-02 4.450806882232427597e-03
6.402339999999379870e+03 5.965311825275421143e-02 4.631733056157827377e-03
6.403819999999379434e+03 6.850312650203704834e-02 4.823548719286918640e-03
6.405299999999378997e+03 6.582916527986526489e-02 4.745256621390581131e-03
6.406779999999378560e+03 7.206796109676361084e-02 4.887479823082685471e-03
6.408259999999378124e+03 6.865984946489334106e-02 4.803507588803768158e-03
6.409739999999377687e+03 6.140499562025070190e-02 4.661187063902616501e-03
6.411219999999377251e+03 5.985183268785476685e-02 4.638034850358963013e-03
6.412699999999376814e+03 6.657655537128448486e-02 4.863308742642402649e-03
6.414179999999376378e+03 6.770978122949600220e-02 4.839336033910512924e-03
6.415659999999375941e+03 6.320375204086303711e-02 4.706258419901132584e-03
6.417139999999375505e+03 7.897470146417617798e-02 5.093666724860668182e-03
6.418619999999375068e+03 9.295980632305145264e-02 5.469242110848426819e-03
6.420099999999374631e+03 7.372955232858657837e-02 5.057070869952440262e-03
6.421579999999374195e+03 5.815436691045761108e-02 4.636040423065423965e-03
6.423059999999373758e+03 5.926992371678352356e-02 4.603254143148660660e-03
6.424539999999373322e+03 5.885582417249679565e-02 4.565454553812742233e-03
6.426019999999372885e+03 5.858802422881126404e-02 4.588301759213209152e-03
6.427499999999372449e+03 5.973294377326965332e-02 4.586579743772745132e-03
6.428979999999372012e+03 6.525361537933349609e-02 4.696610849350690842e-03
6.430459999999371576e+03 6.976591050624847412e-02 4.839656874537467957e-03
6.431939999999371139e+03 6.213769689202308655e-02 4.653462674468755722e-03
6.433419999999370702e+03 5.875068157911300659e-02 4.595641046762466431e-03
6.434899999999370266e+03 6.257485598325729370e-02 4.700001794844865799e-03
6.436379999999369829e+03 5.888224765658378601e-02 4.594266414642333984e-03
6.437859999999369393e+03 6.343746930360794067e-02 4.705828614532947540e-03
6.439339999999368956e+03 5.997762456536293030e-02 4.622476175427436829e-03
6.440819999999368520e+03 6.050076335668563843e-02 4.643371794372797012e-03
6.442299999999368083e+03 6.382601708173751831e-02 4.726271610707044601e-03
6.443779999999367647e+03 5.656587332487106323e-02 4.510046448558568954e-03
6.445259999999367210e+03 6.198370829224586487e-02 4.675845615565776825e-03
6.446739999999366773e+03 6.321464478969573975e-02 4.693255294114351273e-03
6.448219999999366337e+03 6.192214414477348328e-02 4.664186388254165649e-03
6.449699999999365900e+03 6.012551486492156982e-02 4.637748003005981445e-03
6.451179999999365464e+03 6.223731860518455505e-02 4.732500761747360229e-03
6.452659999999365027e+03 6.555228680372238159e-02 4.813800100237131119e-03
6.454139999999364591e+03 5.766223371028900146e-02 4.578625317662954330e-03
6.455619999999364154e+03 5.695659667253494263e-02 4.578790161758661270e-03
6.457099999999363718e+03 5.929861217737197876e-02 4.700642544776201248e-03
6.458579999999363281e+03 6.153555959463119507e-02 4.747134167701005936e-03
6.460059999999362844e+03 5.802812799811363220e-02 4.622265696525573730e-03
6.461539999999362408e+03 5.902443081140518188e-02 4.742159042507410049e-03
6.463019999999361971e+03 5.701694637537002563e-02 4.889463074505329132e-03
6.464499999999361535e+03 6.001487374305725098e-02 5.129761062562465668e-03
6.465979999999361098e+03 6.261646002531051636e-02 5.105263087898492813e-03
6.467459999999360662e+03 5.484508723020553589e-02 4.780156537890434265e-03
6.468939999999360225e+03 5.727012455463409424e-02 4.937176126986742020e-03
6.470419999999359788e+03 6.708943098783493042e-02 5.236606113612651825e-03
6.471899999999359352e+03 6.441001594066619873e-02 5.006682127714157104e-03
6.473379999999358915e+03 5.690333247184753418e-02 4.603342153131961823e-03
6.474859999999358479e+03 5.534726381301879883e-02 4.555110353976488113e-03
6.476339999999358042e+03 5.824993550777435303e-02 4.685694817453622818e-03
6.477819999999357606e+03 6.430222094058990479e-02 4.898020997643470764e-03
6.479299999999357169e+03 6.265123933553695679e-02 4.779532551765441895e-03
6.480779999999356733e+03 6.518622487783432007e-02 4.770983010530471802e-03
6.482259999999356296e+03 6.970243155956268311e-02 4.860139917582273483e-03
6.483739999999355859e+03 7.200091332197189331e-02 4.892949014902114868e-03
6.485219999999355423e+03 6.597577780485153198e-02 4.733588546514511108e-03
6.486699999999354986e+03 6.633928418159484863e-02 4.744265694171190262e-03
6.488179999999354550e+03 5.416880548000335693e-02 4.450891632586717606e-03
6.489659999999354113e+03 6.068713963031768799e-02 4.604086745530366898e-03
6.491139999999353677e+03 6.558625400066375732e-02 4.735109861940145493e-03
6.492619999999353240e+03 5.764141306281089783e-02 4.533245693892240524e-03
6.494099999999352804e+03 5.599640309810638428e-02 4.476936999708414078e-03
6.495579999999352367e+03 5.112405866384506226e-02 4.705950617790222168e-03
6.497059999999351930e+03 5.647782981395721436e-02 5.495252087712287903e-03
6.498539999999351494e+03 6.796084344387054443e-02 5.792049225419759750e-03
6.500019999999351057e+03 6.112807616591453552e-02 5.205058492720127106e-03
6.501499999999350621e+03 5.367390066385269165e-02 4.606505855917930603e-03
6.502979999999350184e+03 6.253588199615478516e-02 4.844855517148971558e-03
6.504459999999349748e+03 7.455074787139892578e-02 5.237912759184837341e-03
6.505939999999349311e+03 6.726223975419998169e-02 4.977305419743061066e-03
6.507419999999348875e+03 6.181218475103378296e-02 4.670546855777502060e-03
6.508899999999348438e+03 6.630257517099380493e-02 4.749943967908620834e-03
6.510379999999348001e+03 5.805352330207824707e-02 4.553139209747314453e-03
6.511859999999347565e+03 6.167658045887947083e-02 4.710102919489145279e-03
6.513339999999347128e+03 6.720291823148727417e-02 4.880706779658794403e-03
6.514819999999346692e+03 6.377975642681121826e-02 4.746241029351949692e-03
6.516299999999346255e+03 6.509523838758468628e-02 4.681634251028299332e-03
6.517779999999345819e+03 5.889789387583732605e-02 4.550191108137369156e-03
6.519259999999345382e+03 6.441875547170639038e-02 4.760008770972490311e-03
6.520739999999344946e+03 6.946629285812377930e-02 4.980192054063081741e-03
6.522219999999344509e+03 6.163037568330764771e-02 4.870323929935693741e-03
6.523699999999344072e+03 5.980857461690902710e-02 4.687997978180646896e-03
6.525179999999343636e+03 5.386960133910179138e-02 4.473174456506967545e-03
6.526659999999343199e+03 5.308501422405242920e-02 4.459297284483909607e-03
6.528139999999342763e+03 6.102987006306648254e-02 4.590135067701339722e-03
6.529619999999342326e+03 5.514901131391525269e-02 4.590153694152832031e-03
6.531099999999341890e+03 6.100428104400634766e-02 5.309426691383123398e-03
6.532579999999341453e+03 6.818988174200057983e-02 5.676805041730403900e-03
6.534059999999341017e+03 6.493614614009857178e-02 5.260839592665433884e-03
6.535539999999340580e+03 5.703397095203399658e-02 4.598838742822408676e-03
6.537019999999340143e+03 5.322809889912605286e-02 4.432421177625656128e-03
6.538499999999339707e+03 5.857756733894348145e-02 4.560388624668121338e-03
6.539979999999339270e+03 5.888587236404418945e-02 4.588908515870571136e-03
6.541459999999338834e+03 6.338499486446380615e-02 4.861455410718917847e-03
6.542939999999338397e+03 6.850267946720123291e-02 5.131337791681289673e-03
6.544419999999337961e+03 6.219554692506790161e-02 4.936803597956895828e-03
6.545899999999337524e+03 6.516656279563903809e-02 4.904526751488447189e-03
6.547379999999337088e+03 6.227824091911315918e-02 4.769869614392518997e-03
6.548859999999336651e+03 5.607084184885025024e-02 4.554660525172948837e-03
6.550339999999336214e+03 5.990529060363769531e-02 4.823523107916116714e-03
6.551819999999335778e+03 5.748564004898071289e-02 5.389031954109668732e-03
6.553299999999335341e+03 6.272041052579879761e-02 5.623480770736932755e-03
6.554779999999334905e+03 5.587236955761909485e-02 5.003774538636207581e-03
6.556259999999334468e+03 6.118083745241165161e-02 4.653903190046548843e-03
6.557739999999334032e+03 6.517344713211059570e-02 4.677259363234043121e-03
6.559219999999333595e+03 5.261109769344329834e-02 4.605808760970830917e-03
6.560699999999333158e+03 5.904396623373031616e-02 5.616653244942426682e-03
6.562179999999332722e+03 5.973165109753608704e-02 5.902913864701986313e-03
6.563659999999332285e+03 6.627244502305984497e-02 5.459278356283903122e-03
6.565139999999331849e+03 6.242343038320541382e-02 4.749980755150318146e-03
6.566619999999331412e+03 6.253443658351898193e-02 4.766472615301609039e-03
6.568099999999330976e+03 6.078957766294479370e-02 4.848591983318328857e-03
6.569579999999330539e+03 5.807900428771972656e-02 4.751481115818023682e-03
6.571059999999330103e+03 6.286118179559707642e-02 4.720008932054042816e-03
6.572539999999329666e+03 6.338825821876525879e-02 4.645921755582094193e-03
6.574019999999329229e+03 6.111481785774230957e-02 4.755873698741197586e-03
6.575499999999328793e+03 5.740195512771606445e-02 5.083410535007715225e-03
6.576979999999328356e+03 5.844774469733238220e-02 5.217873025685548782e-03
6.578459999999327920e+03 6.797294318675994873e-02 5.109858233481645584e-03
6.579939999999327483e+03 6.531319767236709595e-02 4.868112038820981979e-03
6.581419999999327047e+03 5.640855059027671814e-02 4.851036239415407181e-03
6.582899999999326610e+03 5.965333431959152222e-02 4.921266343444585800e-03
6.584379999999326174e+03 6.295352429151535034e-02 4.807386547327041626e-03
6.585859999999325737e+03 6.377175450325012207e-02 4.671050235629081726e-03
6.587339999999325300e+03 6.042628735303878784e-02 4.590624943375587463e-03
6.588819999999324864e+03 6.103919818997383118e-02 4.627598915249109268e-03
6.590299999999324427e+03 6.143343821167945862e-02 4.623837769031524658e-03
6.591779999999323991e+03 6.539414077997207642e-02 4.693655762821435928e-03
6.593259999999323554e+03 6.176754087209701538e-02 4.622089210897684097e-03
6.594739999999323118e+03 6.310369819402694702e-02 4.756691399961709976e-03
6.596219999999322681e+03 6.478843092918395996e-02 4.871291574090719223e-03
6.597699999999322245e+03 6.059366092085838318e-02 4.674146883189678192e-03
6.599179999999321808e+03 6.341949105262756348e-02 4.680827725678682327e-03
6.600659999999321371e+03 5.856849253177642822e-02 4.602733068168163300e-03
6.602139999999320935e+03 4.880199953913688660e-02 4.575499799102544785e-03
6.603619999999320498e+03 6.151428073644638062e-02 5.028804298490285873e-03
6.605099999999320062e+03 5.661672353744506836e-02 4.742215853184461594e-03
6.606579999999319625e+03 6.230895966291427612e-02 4.645456559956073761e-03
6.608059999999319189e+03 6.955817341804504395e-02 4.767418839037418365e-03
6.609539999999318752e+03 5.813755095005035400e-02 4.511564970016479492e-03
6.611019999999318316e+03 5.904439836740493774e-02 4.545313771814107895e-03
6.612499999999317879e+03 6.286587566137313843e-02 4.663300700485706329e-03
6.613979999999317442e+03 5.994418263435363770e-02 4.597528371959924698e-03
6.615459999999317006e+03 5.603327229619026184e-02 4.465440288186073303e-03
6.616939999999316569e+03 5.583874508738517761e-02 4.470062442123889923e-03
6.618419999999316133e+03 6.258060783147811890e-02 4.648999776691198349e-03
6.619899999999315696e+03 5.589110031723976135e-02 4.465971607714891434e-03
6.621379999999315260e+03 5.526410415768623352e-02 4.425251390784978867e-03
6.622859999999314823e+03 6.390316784381866455e-02 4.658679477870464325e-03
6.624339999999314387e+03 6.373856961727142334e-02 4.666346590965986252e-03
6.625819999999313950e+03 6.337119638919830322e-02 4.693407099694013596e-03
6.627299999999313513e+03 6.314188241958618164e-02 4.683958832174539566e-03
6.628779999999313077e+03 5.999438837170600891e-02 4.609248135238885880e-03
6.630259999999312640e+03 6.221990287303924561e-02 4.639838356524705887e-03
6.631739999999312204e+03 6.030793488025665283e-02 4.644769243896007538e-03
6.633219999999311767e+03 5.557661876082420349e-02 4.606433212757110596e-03
6.634699999999311331e+03 5.425350368022918701e-02 4.533813800662755966e-03
6.636179999999310894e+03 5.465336143970489502e-02 4.498203750699758530e-03
6.637659999999310457e+03 6.151366233825683594e-02 4.624777007848024368e-03
6.639139999999310021e+03 5.693731829524040222e-02 4.499308299273252487e-03
6.640619999999309584e+03 5.239106714725494385e-02 4.342226777225732803e-03
6.642099999999309148e+03 6.140615046024322510e-02 4.554900340735912323e-03
6.643579999999308711e+03 6.172141805291175842e-02 4.572542849928140640e-03
6.645059999999308275e+03 5.231620371341705322e-02 4.367214161902666092e-03
6.646539999999307838e+03 5.677175521850585938e-02 4.493379965424537659e-03
6.648019999999307402e+03 6.739825010299682617e-02 4.745360463857650757e-03
6.649499999999306965e+03 6.243409216403961182e-02 4.624238237738609314e-03
6.650979999999306528e+03 5.468080937862396240e-02 4.437870811671018600e-03
6.652459999999306092e+03 6.024966388940811157e-02 4.584713373333215714e-03
6.653939999999305655e+03 6.301364302635192871e-02 4.620588384568691254e-03
6.655419999999305219e+03 5.941455066204071045e-02 4.549917299300432205e-03
6.656899999999304782e+03 6.753943860530853271e-02 4.758667200803756714e-03
6.658379999999304346e+03 6.455852836370468140e-02 4.667367786169052124e-03
6.659859999999303909e+03 5.768170952796936035e-02 4.502395633608102798e-03
6.661339999999303473e+03 6.496365368366241455e-02 4.705073777586221695e-03
6.662819999999303036e+03 5.355869978666305542e-02 4.375198855996131897e-03
6.664299999999302599e+03 5.594330653548240662e-02 4.462216049432754517e-03
6.665779999999302163e+03 6.236773356795310974e-02 4.683706909418106079e-03
6.667259999999301726e+03 6.563574075698852539e-02 4.772259853780269623e-03
6.668739999999301290e+03 1.214841604232788086e-01 5.906212609261274338e-03
6.670219999999300853e+03 1.561669111251831055e-01 6.490446161478757858e-03
6.671699999999300417e+03 1.199165806174278259e-01 5.832033231854438782e-03
6.673179999999299980e+03 6.747049093246459961e-02 4.723354242742061615e-03
6.674659999999299544e+03 5.179394781589508057e-02 4.305661190301179886e-03
6.676139999999299107e+03 5.386779829859733582e-02 4.367354791611433029e-03
6.677619999999298670e+03 5.901904404163360596e-02 4.508832003921270370e-03
6.679099999999298234e+03 5.456207692623138428e-02 4.390313755720853806e-03
6.680579999999297797e+03 5.666857585310935974e-02 4.458767361938953400e-03
6.682059999999297361e+03 1.466837525367736816e-01 6.331361364573240280e-03
6.683539999999296924e+03 7.900929450988769531e-01 1.363951526582241058e-02
6.685019999999296488e+03 1.298945307731628418e+00 1.739242859184741974e-02
6.686499999999296051e+03 9.171677827835083008e-01 1.459778472781181335e-02
6.687979999999295615e+03 1.559560894966125488e-01 6.497761700302362442e-03
6.689459999999295178e+03 7.196847349405288696e-02 4.812156315892934799e-03
6.690939999999294741e+03 6.852150708436965942e-02 4.706106614321470261e-03
6.692419999999294305e+03 6.509073078632354736e-02 4.626513458788394928e-03
6.693899999999293868e+03 6.390227377414703369e-02 4.625053144991397858e-03
6.695379999999293432e+03 5.682370439171791077e-02 4.452812485396862030e-03
6.696859999999292995e+03 5.689448118209838867e-02 4.507263656705617905e-03
6.698339999999292559e+03 5.766719579696655273e-02 4.558870103210210800e-03
6.699819999999292122e+03 6.196423247456550598e-02 4.633348435163497925e-03
6.701299999999291686e+03 5.793127417564392090e-02 4.531288985162973404e-03
6.702779999999291249e+03 5.820206552743911743e-02 4.537806380540132523e-03
6.704259999999290812e+03 1.980875432491302490e-01 7.183691952377557755e-03
6.705739999999290376e+03 4.003658890724182129e-01 9.822945110499858856e-03
6.707219999999289939e+03 3.292047977447509766e-01 8.969666436314582825e-03
6.708699999999289503e+03 1.204082667827606201e-01 5.820303689688444138e-03
6.710179999999289066e+03 6.603435426950454712e-02 4.659761674702167511e-03
6.711659999999288630e+03 5.849073082208633423e-02 4.498087335377931595e-03
6.713139999999288193e+03 5.530192703008651733e-02 4.561596550047397614e-03
6.714619999999287757e+03 6.432965397834777832e-02 4.867100156843662262e-03
6.716099999999287320e+03 5.622044950723648071e-02 4.613779950886964798e-03
6.717579999999286883e+03 5.612117797136306763e-02 4.477640148252248764e-03
6.719059999999286447e+03 5.944705754518508911e-02 4.530540667474269867e-03
6.720539999999286010e+03 6.022412329912185669e-02 4.515063948929309845e-03
6.722019999999285574e+03 6.242369860410690308e-02 4.575284197926521301e-03
6.723499999999285137e+03 6.125034019351005554e-02 4.538970999419689178e-03
6.724979999999284701e+03 5.868855863809585571e-02 4.481633659452199936e-03
6.726459999999284264e+03 5.347846448421478271e-02 4.400967154651880264e-03
6.727939999999283827e+03 6.116600334644317627e-02 4.663804545998573303e-03
6.729419999999283391e+03 5.720009654760360718e-02 4.659143742173910141e-03
6.730899999999282954e+03 5.378368124365806580e-02 4.462612792849540710e-03
6.732379999999282518e+03 5.998268723487854004e-02 4.543085116893053055e-03
6.733859999999282081e+03 6.201861798763275146e-02 4.582271445542573929e-03
6.735339999999281645e+03 5.922983586788177490e-02 4.505721386522054672e-03
6.736819999999281208e+03 6.123448908329010010e-02 4.546068143099546432e-03
6.738299999999280772e+03 5.904513224959373474e-02 4.529985133558511734e-03
6.739779999999280335e+03 6.292711198329925537e-02 5.484173074364662170e-03
6.741259999999279898e+03 7.284463942050933838e-02 1.507408730685710907e-02
6.742739999999279462e+03 7.340782135725021362e-02 1.851584576070308685e-02
6.744219999999279025e+03 6.539384275674819946e-02 9.433207102119922638e-03
6.745699999999278589e+03 5.116693675518035889e-02 4.341451451182365417e-03
6.747179999999278152e+03 5.830720067024230957e-02 4.505919292569160461e-03
6.748659999999277716e+03 5.432895198464393616e-02 4.390897229313850403e-03
6.750139999999277279e+03 5.706836283206939697e-02 4.439530894160270691e-03
6.751619999999276843e+03 5.748412013053894043e-02 4.447477869689464569e-03
6.753099999999276406e+03 5.869542062282562256e-02 4.452222958207130432e-03
6.754579999999275969e+03 5.683046206831932068e-02 4.412732552736997604e-03
6.756059999999275533e+03 5.462493002414703369e-02 4.365190863609313965e-03
6.757539999999275096e+03 5.532441288232803345e-02 4.394168034195899963e-03
6.759019999999274660e+03 5.890152603387832642e-02 4.498980939388275146e-03
6.760499999999274223e+03 6.297501176595687866e-02 4.592243582010269165e-03
6.761979999999273787e+03 6.036397814750671387e-02 4.531872924417257309e-03
6.763459999999273350e+03 5.615835264325141907e-02 4.426364786922931671e-03
6.764939999999272914e+03 5.702272057533264160e-02 4.428275395184755325e-03
6.766419999999272477e+03 5.753456056118011475e-02 4.418605007231235504e-03
6.767899999999272040e+03 6.042122095823287964e-02 4.487286321818828583e-03
6.769379999999271604e+03 5.558916181325912476e-02 4.365891683846712112e-03
6.770859999999271167e+03 5.315393209457397461e-02 4.308724310249090195e-03
6.772339999999270731e+03 6.175918132066726685e-02 4.540730733424425125e-03
6.773819999999270294e+03 5.976155400276184082e-02 4.510439932346343994e-03
6.775299999999269858e+03 5.807897448539733887e-02 4.474673885852098465e-03
6.776779999999269421e+03 5.778412520885467529e-02 4.465939011424779892e-03
6.778259999999268985e+03 5.481387302279472351e-02 4.379295744001865387e-03
6.779739999999268548e+03 5.359075218439102173e-02 4.321246873587369919e-03
6.781219999999268111e+03 5.767662078142166138e-02 4.454655572772026062e-03
6.782699999999267675e+03 6.990378350019454956e-02 4.726725630462169647e-03
6.784179999999267238e+03 6.494253128767013550e-02 4.599352832883596420e-03
6.785659999999266802e+03 5.749003961682319641e-02 4.433551803231239319e-03
6.787139999999266365e+03 4.939545691013336182e-02 4.272215068340301514e-03
6.788619999999265929e+03 5.979739502072334290e-02 4.503265488892793655e-03
6.790099999999265492e+03 5.528192594647407532e-02 4.364365711808204651e-03
6.791579999999265056e+03 6.218535453081130981e-02 4.546671640127897263e-03
6.793059999999264619e+03 5.475096404552459717e-02 4.372228402644395828e-03
6.794539999999264182e+03 4.964986816048622131e-02 4.212459549307823181e-03
6.796019999999263746e+03 5.851530283689498901e-02 4.441502969712018967e-03
6.797499999999263309e+03 5.896239355206489563e-02 4.460752476006746292e-03
6.798979999999262873e+03 5.071529000997543335e-02 4.250453319400548935e-03
6.800459999999262436e+03 5.615904182195663452e-02 4.386551678180694580e-03
6.801939999999262000e+03 7.539763301610946655e-02 4.854354076087474823e-03
6.803419999999261563e+03 7.450677454471588135e-02 4.849145188927650452e-03
6.804899999999261127e+03 5.586045235395431519e-02 4.393161274492740631e-03
6.806379999999260690e+03 5.307075008749961853e-02 4.320474807173013687e-03
6.807859999999260253e+03 5.744867026805877686e-02 4.429069813340902328e-03
6.809339999999259817e+03 5.759471282362937927e-02 4.427624400705099106e-03
6.810819999999259380e+03 5.396340787410736084e-02 4.291211254894733429e-03
6.812299999999258944e+03 5.992748588323593140e-02 4.445877857506275177e-03
6.813779999999258507e+03 5.272584035992622375e-02 4.310515243560075760e-03
6.815259999999258071e+03 6.317400187253952026e-02 4.561188165098428726e-03
6.816739999999257634e+03 5.896558240056037903e-02 4.468322731554508209e-03
6.818219999999257197e+03 5.398118495941162109e-02 4.357999190688133240e-03
6.819699999999256761e+03 6.452074646949768066e-02 4.613967146724462509e-03
6.821179999999256324e+03 6.082667410373687744e-02 4.515102133154869080e-03
6.822659999999255888e+03 5.872486904263496399e-02 4.450249485671520233e-03
6.824139999999255451e+03 6.169656664133071899e-02 4.634010139852762222e-03
6.825619999999255015e+03 6.362333148717880249e-02 5.135702900588512421e-03
6.827099999999254578e+03 6.390847265720367432e-02 5.744451656937599182e-03
6.828579999999254142e+03 6.436714529991149902e-02 5.845038685947656631e-03
6.830059999999253705e+03 5.907287448644638062e-02 5.322271957993507385e-03
6.831539999999253268e+03 5.281669646501541138e-02 5.275612231343984604e-03
6.833019999999252832e+03 6.225704774260520935e-02 5.854616407305002213e-03
6.834499999999252395e+03 6.466888636350631714e-02 5.569900851696729660e-03
6.835979999999251959e+03 5.533637851476669312e-02 4.634930286556482315e-03
6.837459999999251522e+03 5.757664144039154053e-02 4.511766135692596436e-03
6.838939999999251086e+03 1.093085482716560364e-01 5.724761169403791428e-03
6.840419999999250649e+03 2.429685890674591064e-01 7.977848872542381287e-03
6.841899999999250213e+03 3.005642890930175781e-01 8.668819442391395569e-03
6.843379999999249776e+03 1.583543270826339722e-01 6.514123175293207169e-03
6.844859999999249339e+03 6.686310470104217529e-02 4.675806965678930283e-03
6.846339999999248903e+03 5.044940486550331116e-02 4.210673738270998001e-03
6.847819999999248466e+03 5.976267904043197632e-02 4.514077678322792053e-03
6.849299999999248030e+03 6.057787314057350159e-02 4.588053561747074127e-03
6.850779999999247593e+03 5.764771625399589539e-02 4.505118820816278458e-03
6.852259999999247157e+03 6.004700809717178345e-02 4.517568275332450867e-03
6.853739999999246720e+03 1.052424460649490356e-01 5.473821889609098434e-03
6.855219999999246284e+03 2.050368189811706543e-01 7.192482240498065948e-03
6.856699999999245847e+03 2.204788476228713989e-01 7.426636293530464172e-03
6.858179999999245410e+03 1.198748499155044556e-01 5.700686480849981308e-03
6.859659999999244974e+03 4.823391884565353394e-02 4.623206797987222672e-03
6.861139999999244537e+03 4.480477422475814819e-02 5.713824182748794556e-03
6.862619999999244101e+03 5.874971300363540649e-02 6.719237659126520157e-03
6.864099999999243664e+03 6.313961744308471680e-02 6.366086658090353012e-03
6.865579999999243228e+03 4.826436564326286316e-02 4.614613018929958344e-03
6.867059999999242791e+03 4.560277611017227173e-02 4.086662549525499344e-03
6.868539999999242355e+03 3.818015381693840027e-02 3.949210513383150101e-03
6.870019999999241918e+03 4.198575019836425781e-02 4.164769314229488373e-03
6.871499999999241481e+03 4.637514799833297729e-02 4.157213494181632996e-03
6.872979999999241045e+03 4.128304868936538696e-02 3.867435036227107048e-03
6.874459999999240608e+03 4.287836700677871704e-02 3.892968641594052315e-03
6.875939999999240172e+03 4.757836088538169861e-02 4.086220171302556992e-03
6.877419999999239735e+03 4.927253723144531250e-02 4.250723868608474731e-03
6.878899999999239299e+03 5.274989455938339233e-02 4.512803163379430771e-03
6.880379999999238862e+03 5.659437179565429688e-02 4.682998638600111008e-03
6.881859999999238426e+03 5.423834919929504395e-02 4.497190006077289581e-03
6.883339999999237989e+03 4.921438544988632202e-02 4.159490112215280533e-03
6.884819999999237552e+03 4.988594353199005127e-02 4.181367810815572739e-03
6.886299999999237116e+03 5.147653073072433472e-02 4.498187452554702759e-03
6.887779999999236679e+03 5.323803424835205078e-02 4.789188969880342484e-03
6.889259999999236243e+03 5.314724147319793701e-02 4.705165978521108627e-03
6.890739999999235806e+03 4.866816103458404541e-02 4.318510647863149643e-03
6.892219999999235370e+03 4.821778833866119385e-02 4.200901370495557785e-03
6.893699999999234933e+03 4.219903424382209778e-02 4.003183916211128235e-03
6.895179999999234496e+03 4.446135088801383972e-02 4.023124463856220245e-03
6.896659999999234060e+03 4.954843595623970032e-02 4.195478279143571854e-03
6.898139999999233623e+03 5.107458680868148804e-02 4.618920385837554932e-03
6.899619999999233187e+03 5.358542501926422119e-02 4.883226938545703888e-03
6.901099999999232750e+03 5.879102647304534912e-02 4.848093725740909576e-03
6.902579999999232314e+03 6.072238832712173462e-02 4.572783596813678741e-03
6.904059999999231877e+03 5.001210048794746399e-02 4.187650512903928757e-03
6.905539999999231441e+03 4.760251939296722412e-02 4.131238907575607300e-03
6.907019999999231004e+03 5.045387893915176392e-02 4.181107506155967712e-03
6.908499999999230567e+03 4.407955706119537354e-02 4.124970640987157822e-03
6.909979999999230131e+03 4.792197793722152710e-02 4.599857144057750702e-03
6.911459999999229694e+03 6.113390251994132996e-02 5.141984205693006516e-03
6.912939999999229258e+03 6.201638653874397278e-02 4.949304275214672089e-03
6.914419999999228821e+03 5.370575562119483948e-02 4.367384128272533417e-03
6.915899999999228385e+03 5.388790741562843323e-02 4.297091625630855560e-03
6.917379999999227948e+03 5.681428685784339905e-02 4.319031257182359695e-03
6.918859999999227512e+03 5.093495175242424011e-02 4.343798849731683731e-03
6.920339999999227075e+03 5.425954610109329224e-02 5.120968446135520935e-03
6.921819999999226638e+03 5.332593619823455811e-02 5.674754735082387924e-03
6.923299999999226202e+03 6.130260229110717773e-02 5.631689447909593582e-03
6.924779999999225765e+03 5.106472596526145935e-02 4.527161829173564911e-03
6.926259999999225329e+03 5.570754408836364746e-02 4.427168983966112137e-03
6.927739999999224892e+03 5.995294824242591858e-02 4.451659973710775375e-03
6.929219999999224456e+03 6.106783077120780945e-02 4.493261687457561493e-03
6.930699999999224019e+03 5.602389946579933167e-02 4.336652345955371857e-03
6.932179999999223583e+03 5.191240087151527405e-02 4.246522672474384308e-03
6.933659999999223146e+03 4.916011914610862732e-02 4.204598255455493927e-03
6.935139999999222709e+03 5.711580067873001099e-02 4.397374577820301056e-03
6.936619999999222273e+03 5.772825330495834351e-02 4.726887680590152740e-03
6.938099999999221836e+03 6.120511889457702637e-02 5.105414893478155136e-03
6.939579999999221400e+03 6.238790601491928101e-02 5.010780878365039825e-03
6.941059999999220963e+03 5.465259030461311340e-02 4.483643453568220139e-03
6.942539999999220527e+03 5.401310697197914124e-02 4.300066735595464706e-03
6.944019999999220090e+03 4.933691024780273438e-02 4.236289300024509430e-03
6.945499999999219654e+03 4.294388741254806519e-02 4.482759628444910049e-03
6.946979999999219217e+03 4.780329763889312744e-02 5.617507733404636383e-03
6.948459999999218780e+03 6.294013559818267822e-02 6.022271234542131424e-03
6.949939999999218344e+03 5.742502957582473755e-02 5.228425376117229462e-03
6.951419999999217907e+03 5.537275224924087524e-02 4.516267683357000351e-03
6.952899999999217471e+03 6.082606315612792969e-02 4.528869409114122391e-03
6.954379999999217034e+03 5.625861510634422302e-02 4.396429285407066345e-03
6.955859999999216598e+03 6.089092791080474854e-02 4.547452554106712341e-03
6.957339999999216161e+03 5.365540087223052979e-02 4.388539586216211319e-03
6.958819999999215725e+03 5.088660120964050293e-02 4.282684065401554108e-03
6.960299999999215288e+03 4.883459955453872681e-02 4.233452491462230682e-03
6.961779999999214851e+03 5.312189459800720215e-02 4.375547636300325394e-03
6.963259999999214415e+03 5.589527636766433716e-02 4.422877915203571320e-03
6.964739999999213978e+03 5.783563852310180664e-02 4.438830539584159851e-03
6.966219999999213542e+03 5.870944261550903320e-02 4.567823372781276703e-03
6.967699999999213105e+03 5.392625555396080017e-02 4.683983977884054184e-03
6.969179999999212669e+03 5.650822818279266357e-02 4.774325061589479446e-03
6.970659999999212232e+03 5.305759981274604797e-02 8.269270882010459900e-03
6.972139999999211796e+03 4.635952785611152649e-02 1.168560236692428589e-02
6.973619999999211359e+03 5.579840764403343201e-02 5.849557463079690933e-03
6.975099999999210922e+03 5.277772247791290283e-02 4.548829048871994019e-03
6.976579999999210486e+03 6.114819645881652832e-02 5.333426874130964279e-03
6.978059999999210049e+03 6.687287986278533936e-02 5.434026475995779037e-03
6.979539999999209613e+03 5.712234601378440857e-02 4.694610368460416794e-03
6.981019999999209176e+03 5.328476056456565857e-02 4.357235971838235855e-03
6.982499999999208740e+03 6.210738420486450195e-02 4.556142259389162064e-03
6.983979999999208303e+03 5.673354864120483398e-02 4.445472266525030136e-03
6.985459999999207866e+03 4.583402723073959351e-02 4.206021782010793686e-03
6.986939999999207430e+03 5.590917170047760010e-02 4.426491446793079376e-03
6.988419999999206993e+03 6.035797297954559326e-02 4.514202941209077835e-03
6.989899999999206557e+03 5.116566270589828491e-02 4.276862367987632751e-03
6.991379999999206120e+03 4.959996044635772705e-02 4.195730667561292648e-03
6.992859999999205684e+03 5.183454602956771851e-02 4.268180578947067261e-03
6.994339999999205247e+03 5.129805207252502441e-02 4.298883490264415741e-03
6.995819999999204811e+03 5.053111910820007324e-02 4.295025952160358429e-03
6.997299999999204374e+03 5.091787129640579224e-02 4.307149909436702728e-03
6.998779999999203937e+03 5.666999518871307373e-02 4.417623393237590790e-03
7.000259999999203501e+03 5.805820971727371216e-02 4.490214399993419647e-03
7.001739999999203064e+03 6.218997389078140259e-02 4.734938032925128937e-03
7.003219999999202628e+03 5.745385214686393738e-02 4.661193117499351501e-03
7.004699999999202191e+03 5.302982032299041748e-02 4.386037122458219528e-03
7.006179999999201755e+03 6.127500534057617188e-02 4.472229164093732834e-03
7.007659999999201318e+03 5.133371800184249878e-02 4.338945262134075165e-03
7.009139999999200882e+03 5.618710815906524658e-02 4.732860252261161804e-03
7.010619999999200445e+03 5.768648535013198853e-02 4.869961645454168320e-03
7.012099999999200008e+03 5.177962407469749451e-02 4.544905852526426315e-03
7.013579999999199572e+03 5.565830320119857788e-02 4.385190084576606750e-03
7.015059999999199135e+03 5.447911098599433899e-02 4.303851630538702011e-03
7.016539999999198699e+03 5.210057646036148071e-02 4.252774640917778015e-03
7.018019999999198262e+03 5.813970416784286499e-02 4.403797443956136703e-03
7.019499999999197826e+03 5.971372872591018677e-02 4.453103523701429367e-03
7.020979999999197389e+03 5.487952381372451782e-02 4.327151458710432053e-03
7.022459999999196953e+03 5.697776377201080322e-02 4.382324405014514923e-03
7.023939999999196516e+03 5.956506729125976562e-02 4.448273219168186188e-03
7.025419999999196079e+03 5.534530058503150940e-02 4.363981541246175766e-03
7.026899999999195643e+03 5.421034991741180420e-02 4.350675735622644424e-03
7.028379999999195206e+03 5.544777214527130127e-02 4.419683944433927536e-03
7.029859999999194770e+03 5.273069441318511963e-02 4.311067052185535431e-03
7.031339999999194333e+03 5.126093327999114990e-02 4.251461010426282883e-03
7.032819999999193897e+03 4.714988172054290771e-02 4.128476139158010483e-03
7.034299999999193460e+03 5.462983250617980957e-02 4.339380655437707901e-03
7.035779999999193024e+03 5.948356539011001587e-02 4.449532367289066315e-03
7.037259999999192587e+03 5.614704638719558716e-02 4.367189481854438782e-03
7.038739999999192150e+03 5.528364703059196472e-02 4.434543661773204803e-03
7.040219999999191714e+03 5.690060183405876160e-02 4.540903028100728989e-03
7.041699999999191277e+03 5.842240527272224426e-02 4.567272495478391647e-03
7.043179999999190841e+03 5.561849474906921387e-02 4.440440330654382706e-03
7.044659999999190404e+03 5.483658239245414734e-02 4.490674007683992386e-03
7.046139999999189968e+03 5.818388611078262329e-02 4.803341347724199295e-03
7.047619999999189531e+03 6.046451255679130554e-02 4.875500220805406570e-03
7.049099999999189095e+03 6.018706411123275757e-02 4.790740553289651871e-03
7.050579999999188658e+03 5.376167595386505127e-02 4.571535158902406693e-03
7.052059999999188221e+03 5.299574136734008789e-02 4.487713333219289780e-03
7.053539999999187785e+03 5.702574923634529114e-02 4.531715065240859985e-03
7.055019999999187348e+03 5.459875240921974182e-02 4.435215611010789871e-03
7.056499999999186912e+03 5.281763523817062378e-02 4.328670445829629898e-03
7.057979999999186475e+03 5.380022898316383362e-02 4.350217990577220917e-03
7.059459999999186039e+03 6.356316804885864258e-02 4.632995929569005966e-03
7.060939999999185602e+03 5.946972221136093140e-02 4.588856361806392670e-03
7.062419999999185166e+03 5.575287342071533203e-02 4.524435382336378098e-03
7.063899999999184729e+03 6.117537617683410645e-02 4.677151329815387726e-03
7.065379999999184292e+03 5.391090363264083862e-02 4.497160203754901886e-03
7.066859999999183856e+03 5.143766850233078003e-02 4.438943229615688324e-03
7.068339999999183419e+03 5.486501380801200867e-02 4.499024245887994766e-03
7.069819999999182983e+03 5.979099124670028687e-02 4.587108269333839417e-03
7.071299999999182546e+03 6.445218622684478760e-02 4.708772525191307068e-03
7.072779999999182110e+03 5.888420715928077698e-02 4.573363345116376877e-03
7.074259999999181673e+03 5.163128674030303955e-02 4.377455450594425201e-03
7.075739999999181236e+03 5.264610424637794495e-02 4.426056053489446640e-03
7.077219999999180800e+03 6.312388926744461060e-02 4.701708909124135971e-03
7.078699999999180363e+03 5.380156636238098145e-02 4.457151517271995544e-03
7.080179999999179927e+03 6.381657719612121582e-02 4.697245545685291290e-03
7.081659999999179490e+03 5.851399526000022888e-02 4.623061046004295349e-03
7.083139999999179054e+03 4.684907197952270508e-02 4.232075531035661697e-03
7.084619999999178617e+03 5.624198913574218750e-02 4.447650630027055740e-03
7.086099999999178181e+03 5.757708102464675903e-02 4.598183091729879379e-03
7.087579999999177744e+03 5.539502948522567749e-02 4.607071634382009506e-03
7.089059999999177307e+03 5.406673997640609741e-02 4.540799651294946671e-03
7.090539999999176871e+03 6.429652124643325806e-02 4.736182279884815216e-03
7.092019999999176434e+03 6.009807437658309937e-02 4.574751015752553940e-03
7.093499999999175998e+03 5.512918159365653992e-02 4.391454160213470459e-03
7.094979999999175561e+03 5.500936508178710938e-02 4.362954292446374893e-03
7.096459999999175125e+03 4.951059073209762573e-02 4.251248203217983246e-03
