4.300739999999999782e+03 -3.000000000000000000e+00 1.732050776481628418e+00
4.302219999999999345e+03 -3.000000000000000000e+00 1.732050776481628418e+00
4.303699999999998909e+03 -3.000000000000000000e+00 1.732050776481628418e+00
4.305179999999998472e+03 -3.000000000000000000e+00 1.732050776481628418e+00
4.306659999999998035e+03 -3.000000000000000000e+00 1.732050776481628418e+00
4.308139999999997599e+03 -3.000000000000000000e+00 1.732050776481628418e+00
4.309619999999997162e+03 -3.000000000000000000e+00 1.732050776481628418e+00
4.311099999999996726e+03 -3.000000000000000000e+00 1.732050776481628418e+00
4.312579999999996289e+03 -3.000000000000000000e+00 1.732050776481628418e+00
4.314059999999995853e+03 -3.000000000000000000e+00 1.732050776481628418e+00
4.315539999999995416e+03 -3.000000000000000000e+00 1.732050776481628418e+00
4.317019999999994980e+03 -3.000000000000000000e+00 1.732050776481628418e+00
4.318499999999994543e+03 -3.000000000000000000e+00 1.732050776481628418e+00
4.319979999999994106e+03 -3.000000000000000000e+00 1.732050776481628418e+00
4.321459999999993670e+03 -3.000000000000000000e+00 1.732050776481628418e+00
4.322939999999993233e+03 -3.000000000000000000e+00 1.732050776481628418e+00
4.324419999999992797e+03 -3.000000000000000000e+00 1.732050776481628418e+00
4.325899999999992360e+03 -3.000000000000000000e+00 1.732050776481628418e+00
4.327379999999991924e+03 -3.000000000000000000e+00 1.732050776481628418e+00
4.328859999999991487e+03 -3.000000000000000000e+00 1.732050776481628418e+00
4.330339999999991051e+03 -3.000000000000000000e+00 1.732050776481628418e+00
4.331819999999990614e+03 -3.000000000000000000e+00 1.732050776481628418e+00
4.333299999999990177e+03 -3.000000000000000000e+00 1.732050776481628418e+00
4.334779999999989741e+03 -3.000000000000000000e+00 1.732050776481628418e+00
4.336259999999989304e+03 -3.000000000000000000e+00 1.732050776481628418e+00
4.337739999999988868e+03 -3.000000000000000000e+00 1.732050776481628418e+00
4.339219999999988431e+03 -3.000000000000000000e+00 1.732050776481628418e+00
4.340699999999987995e+03 -3.000000000000000000e+00 1.732050776481628418e+00
4.342179999999987558e+03 -3.000000000000000000e+00 1.732050776481628418e+00
4.343659999999987122e+03 -3.000000000000000000e+00 1.732050776481628418e+00
4.345139999999986685e+03 -3.000000000000000000e+00 1.732050776481628418e+00
4.346619999999986248e+03 -3.000000000000000000e+00 1.732050776481628418e+00
4.348099999999985812e+03 -3.000000000000000000e+00 1.732050776481628418e+00
4.349579999999985375e+03 -3.000000000000000000e+00 1.732050776481628418e+00
4.351059999999984939e+03 -3.000000000000000000e+00 1.732050776481628418e+00
4.352539999999984502e+03 -3.000000000000000000e+00 1.732050776481628418e+00
4.354019999999984066e+03 -3.000000000000000000e+00 1.732050776481628418e+00
4.355499999999983629e+03 -3.000000000000000000e+00 1.732050776481628418e+00
4.356979999999983193e+03 -3.000000000000000000e+00 1.732050776481628418e+00
4.358459999999982756e+03 -3.000000000000000000e+00 1.732050776481628418e+00
4.359939999999982319e+03 -3.000000000000000000e+00 1.732050776481628418e+00
4.361419999999981883e+03 -3.000000000000000000e+00 1.732050776481628418e+00
4.362899999999981446e+03 -3.000000000000000000e+00 1.732050776481628418e+00
4.364379999999981010e+03 -3.000000000000000000e+00 1.732050776481628418e+00
4.365859999999980573e+03 -3.000000000000000000e+00 1.732050776481628418e+00
4.367339999999980137e+03 -3.000000000000000000e+00 1.732050776481628418e+00
4.368819999999979700e+03 -3.000000000000000000e+00 1.732050776481628418e+00
4.370299999999979264e+03 -3.000000000000000000e+00 1.732050776481628418e+00
4.371779999999978827e+03 -3.000000000000000000e+00 1.732050776481628418e+00
4.373259999999978390e+03 -3.000000000000000000e+00 1.732050776481628418e+00
4.374739999999977954e+03 -3.000000000000000000e+00 1.732050776481628418e+00
4.376219999999977517e+03 -3.000000000000000000e+00 1.732050776481628418e+00
4.377699999999977081e+03 -3.000000000000000000e+00 1.732050776481628418e+00
4.379179999999976644e+03 -3.000000000000000000e+00 1.732050776481628418e+00
4.380659999999976208e+03 -3.000000000000000000e+00 1.732050776481628418e+00
4.382139999999975771e+03 -3.000000000000000000e+00 1.732050776481628418e+00
4.383619999999975335e+03 -3.000000000000000000e+00 1.732050776481628418e+00
4.385099999999974898e+03 -3.000000000000000000e+00 1.732050776481628418e+00
4.386579999999974461e+03 -3.000000000000000000e+00 1.732050776481628418e+00
4.388059999999974025e+03 -3.000000000000000000e+00 1.732050776481628418e+00
4.389539999999973588e+03 -3.000000000000000000e+00 1.732050776481628418e+00
4.391019999999973152e+03 -3.000000000000000000e+00 1.732050776481628418e+00
4.392499999999972715e+03 -3.000000000000000000e+00 1.732050776481628418e+00
4.393979999999972279e+03 -3.000000000000000000e+00 1.732050776481628418e+00
4.395459999999971842e+03 -3.000000000000000000e+00 1.732050776481628418e+00
4.396939999999971405e+03 -3.000000000000000000e+00 1.732050776481628418e+00
4.398419999999970969e+03 -3.000000000000000000e+00 1.732050776481628418e+00
4.399899999999970532e+03 -3.000000000000000000e+00 1.732050776481628418e+00
4.401379999999970096e+03 -3.000000000000000000e+00 1.732050776481628418e+00
4.402859999999969659e+03 -3.000000000000000000e+00 1.732050776481628418e+00
4.404339999999969223e+03 -3.000000000000000000e+00 1.732050776481628418e+00
4.405819999999968786e+03 -3.000000000000000000e+00 1.732050776481628418e+00
4.407299999999968350e+03 -3.000000000000000000e+00 1.732050776481628418e+00
4.408779999999967913e+03 -3.000000000000000000e+00 1.732050776481628418e+00
4.410259999999967476e+03 -3.000000000000000000e+00 1.732050776481628418e+00
4.411739999999967040e+03 -3.000000000000000000e+00 1.732050776481628418e+00
4.413219999999966603e+03 -3.000000000000000000e+00 1.732050776481628418e+00
4.414699999999966167e+03 -3.000000000000000000e+00 1.732050776481628418e+00
4.416179999999965730e+03 -3.000000000000000000e+00 1.732050776481628418e+00
4.417659999999965294e+03 -3.000000000000000000e+00 1.732050776481628418e+00
4.419139999999964857e+03 -3.000000000000000000e+00 1.732050776481628418e+00
4.420619999999964421e+03 -3.000000000000000000e+00 1.732050776481628418e+00
4.422099999999963984e+03 -3.000000000000000000e+00 1.732050776481628418e+00
4.423579999999963547e+03 -3.000000000000000000e+00 1.732050776481628418e+00
4.425059999999963111e+03 -3.000000000000000000e+00 1.732050776481628418e+00
4.426539999999962674e+03 -3.000000000000000000e+00 1.732050776481628418e+00
4.428019999999962238e+03 -3.000000000000000000e+00 1.732050776481628418e+00
4.429499999999961801e+03 -3.000000000000000000e+00 1.732050776481628418e+00
4.430979999999961365e+03 -3.000000000000000000e+00 1.732050776481628418e+00
4.432459999999960928e+03 -3.000000000000000000e+00 1.732050776481628418e+00
4.433939999999960492e+03 -3.000000000000000000e+00 1.732050776481628418e+00
4.435419999999960055e+03 -3.000000000000000000e+00 1.732050776481628418e+00
4.436899999999959618e+03 -3.000000000000000000e+00 1.732050776481628418e+00
4.438379999999959182e+03 -3.000000000000000000e+00 1.732050776481628418e+00
4.439859999999958745e+03 -3.000000000000000000e+00 1.732050776481628418e+00
4.441339999999958309e+03 -3.000000000000000000e+00 1.732050776481628418e+00
4.442819999999957872e+03 -3.000000000000000000e+00 1.732050776481628418e+00
4.444299999999957436e+03 -3.000000000000000000e+00 1.732050776481628418e+00
4.445779999999956999e+03 -3.000000000000000000e+00 1.732050776481628418e+00
4.447259999999956563e+03 -3.000000000000000000e+00 1.732050776481628418e+00
4.448739999999956126e+03 -3.000000000000000000e+00 1.732050776481628418e+00
4.450219999999955689e+03 -3.000000000000000000e+00 1.732050776481628418e+00
4.451699999999955253e+03 5.685734376311302185e-02 6.585993338376283646e-03
4.453179999999954816e+03 5.606018006801605225e-02 6.555002648383378983e-03
4.454659999999954380e+03 4.829253256320953369e-02 6.135609932243824005e-03
4.456139999999953943e+03 4.938700050115585327e-02 6.229565944522619247e-03
4.457619999999953507e+03 5.937312543392181396e-02 6.621535401791334152e-03
4.459099999999953070e+03 5.549834668636322021e-02 6.397505290806293488e-03
4.460579999999952634e+03 5.175949260592460632e-02 6.287023425102233887e-03
4.462059999999952197e+03 5.421288684010505676e-02 6.370048038661479950e-03
4.463539999999951760e+03 5.321459844708442688e-02 6.343748886138200760e-03
4.465019999999951324e+03 5.070741474628448486e-02 6.258592940866947174e-03
4.466499999999950887e+03 4.679961502552032471e-02 6.138035096228122711e-03
4.467979999999950451e+03 6.381632387638092041e-02 6.658184342086315155e-03
4.469459999999950014e+03 5.998019129037857056e-02 6.590639706701040268e-03
4.470939999999949578e+03 5.225640535354614258e-02 6.268877536058425903e-03
4.472419999999949141e+03 3.892942890524864197e-02 5.831249523907899857e-03
4.473899999999948704e+03 5.465230345726013184e-02 6.475300062447786331e-03
4.475379999999948268e+03 6.260649859905242920e-02 6.716561969369649887e-03
4.476859999999947831e+03 5.181752890348434448e-02 6.296701263636350632e-03
4.478339999999947395e+03 5.616252124309539795e-02 6.478908937424421310e-03
4.479819999999946958e+03 6.307445466518402100e-02 6.608499214053153992e-03
4.481299999999946522e+03 6.644506007432937622e-02 6.739756092429161072e-03
4.482779999999946085e+03 5.409464240074157715e-02 6.331029348075389862e-03
4.484259999999945649e+03 7.624152302742004395e-02 7.085962221026420593e-03
4.485739999999945212e+03 5.523530021309852600e-02 6.449390668421983719e-03
4.487219999999944775e+03 5.797687917947769165e-02 6.458070129156112671e-03
4.488699999999944339e+03 6.019653379917144775e-02 6.433266215026378632e-03
4.490179999999943902e+03 5.434003844857215881e-02 6.239571608603000641e-03
4.491659999999943466e+03 5.488530546426773071e-02 6.373654585331678391e-03
4.493139999999943029e+03 5.126507580280303955e-02 6.231440696865320206e-03
4.494619999999942593e+03 6.281886994838714600e-02 6.626745220273733139e-03
4.496099999999942156e+03 5.207230150699615479e-02 6.276379339396953583e-03
4.497579999999941720e+03 6.948271393775939941e-02 6.805969867855310440e-03
4.499059999999941283e+03 4.465008899569511414e-02 5.975429899990558624e-03
4.500539999999940846e+03 5.395442247390747070e-02 6.265856325626373291e-03
4.502019999999940410e+03 5.000496655702590942e-02 6.072723772376775742e-03
4.503499999999939973e+03 4.531386494636535645e-02 6.023917347192764282e-03
4.504979999999939537e+03 5.581294000148773193e-02 6.364678964018821716e-03
4.506459999999939100e+03 6.501527130603790283e-02 6.619070656597614288e-03
4.507939999999938664e+03 6.291855871677398682e-02 6.544657051563262939e-03
4.509419999999938227e+03 5.259369313716888428e-02 6.201191805303096771e-03
4.510899999999937791e+03 6.084503605961799622e-02 6.439941935241222382e-03
4.512379999999937354e+03 5.580718070268630981e-02 6.276306696236133575e-03
4.513859999999936917e+03 5.718273669481277466e-02 6.260382942855358124e-03
4.515339999999936481e+03 4.759084433317184448e-02 5.977720953524112701e-03
4.516819999999936044e+03 4.912682995200157166e-02 6.089365575462579727e-03
4.518299999999935608e+03 5.620577931404113770e-02 6.289327051490545273e-03
4.519779999999935171e+03 5.686213076114654541e-02 6.318759638816118240e-03
4.521259999999934735e+03 5.074075609445571899e-02 6.088119931519031525e-03
4.522739999999934298e+03 4.902417585253715515e-02 6.006578449159860611e-03
4.524219999999933862e+03 6.669337302446365356e-02 6.577519234269857407e-03
4.525699999999933425e+03 5.439590290188789368e-02 6.083969026803970337e-03
4.527179999999932988e+03 4.819426685571670532e-02 5.956282839179039001e-03
4.528659999999932552e+03 5.391732603311538696e-02 6.053985096514225006e-03
4.530139999999932115e+03 6.194294989109039307e-02 6.418189033865928650e-03
4.531619999999931679e+03 6.161698698997497559e-02 6.427965592592954636e-03
4.533099999999931242e+03 4.872353002429008484e-02 5.979167763143777847e-03
4.534579999999930806e+03 6.268664449453353882e-02 6.402320694178342819e-03
4.536059999999930369e+03 5.823659524321556091e-02 6.322060711681842804e-03
4.537539999999929933e+03 5.559433251619338989e-02 6.180280353873968124e-03
4.539019999999929496e+03 5.692432820796966553e-02 6.266737356781959534e-03
4.540499999999929059e+03 5.572530627250671387e-02 6.214461289346218109e-03
4.541979999999928623e+03 5.778748542070388794e-02 6.146895699203014374e-03
4.543459999999928186e+03 4.085376113653182983e-02 5.704290699213743210e-03
4.544939999999927750e+03 5.600877851247787476e-02 6.191420368850231171e-03
4.546419999999927313e+03 5.725321918725967407e-02 6.153281778097152710e-03
4.547899999999926877e+03 5.403306335210800171e-02 6.036358885467052460e-03
4.549379999999926440e+03 6.202420219779014587e-02 6.235312204807996750e-03
4.550859999999926004e+03 5.115962773561477661e-02 5.873653572052717209e-03
4.552339999999925567e+03 4.017827659845352173e-02 5.511442665010690689e-03
4.553819999999925130e+03 6.324915587902069092e-02 6.298659369349479675e-03
4.555299999999924694e+03 6.133527681231498718e-02 6.169220898300409317e-03
4.556779999999924257e+03 5.592618510127067566e-02 6.034968420863151550e-03
4.558259999999923821e+03 5.077921599149703979e-02 5.936847534030675888e-03
4.559739999999923384e+03 5.718819797039031982e-02 6.086339242756366730e-03
4.561219999999922948e+03 5.453856289386749268e-02 5.970648955553770065e-03
4.562699999999922511e+03 5.232421681284904480e-02 5.930776707828044891e-03
4.564179999999922074e+03 4.993074387311935425e-02 5.759118590503931046e-03
4.565659999999921638e+03 4.432110115885734558e-02 5.502481479197740555e-03
4.567139999999921201e+03 3.954283893108367920e-02 5.441516172140836716e-03
4.568619999999920765e+03 4.880354180932044983e-02 5.783333908766508102e-03
4.570099999999920328e+03 4.704963415861129761e-02 5.648355931043624878e-03
4.571579999999919892e+03 4.778587818145751953e-02 5.654195789247751236e-03
4.573059999999919455e+03 6.207398697733879089e-02 6.068978458642959595e-03
4.574539999999919019e+03 5.909774452447891235e-02 6.023524794727563858e-03
4.576019999999918582e+03 5.865691229701042175e-02 6.055483594536781311e-03
4.577499999999918145e+03 5.692712962627410889e-02 6.037265062332153320e-03
4.578979999999917709e+03 5.710479617118835449e-02 5.940467584878206253e-03
4.580459999999917272e+03 5.301598459482192993e-02 5.766893737018108368e-03
4.581939999999916836e+03 5.439685285091400146e-02 5.872326437383890152e-03
4.583419999999916399e+03 5.301585793495178223e-02 5.821636412292718887e-03
4.584899999999915963e+03 4.437411576509475708e-02 5.411413498222827911e-03
4.586379999999915526e+03 5.860236659646034241e-02 5.888919811695814133e-03
4.587859999999915090e+03 5.586973205208778381e-02 5.836000200361013412e-03
4.589339999999914653e+03 4.977327585220336914e-02 5.686909426003694534e-03
4.590819999999914216e+03 5.298294872045516968e-02 5.746062844991683960e-03
4.592299999999913780e+03 5.295827984809875488e-02 5.691966973245143890e-03
4.593779999999913343e+03 5.172254517674446106e-02 5.667921155691146851e-03
4.595259999999912907e+03 5.685616284608840942e-02 5.786902736872434616e-03
4.596739999999912470e+03 5.994953215122222900e-02 5.919967778027057648e-03
4.598219999999912034e+03 5.598251521587371826e-02 5.804741755127906799e-03
4.599699999999911597e+03 4.785209521651268005e-02 5.459353793412446976e-03
4.601179999999911161e+03 5.570897832512855530e-02 5.750052165240049362e-03
4.602659999999910724e+03 5.064036697149276733e-02 5.598180927336215973e-03
4.604139999999910287e+03 5.243382602930068970e-02 5.600126460194587708e-03
4.605619999999909851e+03 5.984155461192131042e-02 5.811543669551610947e-03
4.607099999999909414e+03 5.768309533596038818e-02 5.800903309136629105e-03
4.608579999999908978e+03 4.840291291475296021e-02 5.498092621564865112e-03
4.610059999999908541e+03 4.718464985489845276e-02 5.443480797111988068e-03
4.611539999999908105e+03 5.838366597890853882e-02 5.866737104952335358e-03
4.613019999999907668e+03 5.724210292100906372e-02 5.737294908612966537e-03
4.614499999999907232e+03 5.715741962194442749e-02 5.716436076909303665e-03
4.615979999999906795e+03 5.511654913425445557e-02 5.688905250281095505e-03
4.617459999999906358e+03 5.531495809555053711e-02 5.683559924364089966e-03
4.618939999999905922e+03 5.809064209461212158e-02 5.690252408385276794e-03
4.620419999999905485e+03 5.243846029043197632e-02 5.620879121124744415e-03
4.621899999999905049e+03 6.851277500391006470e-02 6.065124645829200745e-03
4.623379999999904612e+03 6.566716730594635010e-02 5.968247074633836746e-03
4.624859999999904176e+03 6.236381828784942627e-02 5.845496896654367447e-03
4.626339999999903739e+03 5.731662362813949585e-02 5.738893523812294006e-03
4.627819999999903303e+03 5.396493524312973022e-02 5.597116891294717789e-03
4.629299999999902866e+03 3.773673623800277710e-02 5.017722956836223602e-03
4.630779999999902429e+03 5.490749329328536987e-02 5.600245669484138489e-03
4.632259999999901993e+03 5.205681920051574707e-02 5.491252522915601730e-03
4.633739999999901556e+03 5.273038893938064575e-02 5.519086029380559921e-03
4.635219999999901120e+03 4.933107644319534302e-02 5.393780302256345749e-03
4.636699999999900683e+03 4.580510407686233521e-02 5.234474781900644302e-03
4.638179999999900247e+03 5.154726654291152954e-02 5.392741877585649490e-03
4.639659999999899810e+03 4.625705629587173462e-02 5.208962131291627884e-03
4.641139999999899374e+03 5.394074693322181702e-02 5.546704865992069244e-03
4.642619999999898937e+03 4.835533350706100464e-02 5.354219581931829453e-03
4.644099999999898500e+03 5.570476874709129333e-02 5.518588237464427948e-03
4.645579999999898064e+03 6.090409308671951294e-02 5.638665053993463516e-03
4.647059999999897627e+03 5.688914656639099121e-02 5.519385915249586105e-03
4.648539999999897191e+03 5.009423941373825073e-02 5.284210667014122009e-03
4.650019999999896754e+03 5.310053378343582153e-02 5.368185229599475861e-03
4.651499999999896318e+03 5.594320595264434814e-02 5.491547752171754837e-03
4.652979999999895881e+03 5.746369063854217529e-02 5.529036279767751694e-03
4.654459999999895444e+03 5.212049931287765503e-02 5.372569430619478226e-03
4.655939999999895008e+03 5.198998749256134033e-02 5.322685465216636658e-03
4.657419999999894571e+03 5.480817705392837524e-02 5.468378309160470963e-03
4.658899999999894135e+03 5.393431708216667175e-02 5.509133450686931610e-03
4.660379999999893698e+03 5.419914424419403076e-02 5.473844241350889206e-03
4.661859999999893262e+03 5.055946111679077148e-02 5.345001816749572754e-03
4.663339999999892825e+03 4.988055676221847534e-02 5.290418863296508789e-03
4.664819999999892389e+03 4.844437912106513977e-02 5.205103196203708649e-03
4.666299999999891952e+03 5.752877891063690186e-02 5.430221091955900192e-03
4.667779999999891515e+03 5.721227824687957764e-02 5.404944065958261490e-03
4.669259999999891079e+03 4.770006984472274780e-02 5.154311191290616989e-03
4.670739999999890642e+03 6.327624619007110596e-02 5.673542153090238571e-03
4.672219999999890206e+03 4.856409877538681030e-02 5.213577765971422195e-03
4.673699999999889769e+03 4.513318836688995361e-02 5.103179253637790680e-03
4.675179999999889333e+03 4.929894208908081055e-02 5.243781022727489471e-03
4.676659999999888896e+03 5.301563441753387451e-02 5.314871668815612793e-03
4.678139999999888460e+03 4.995192587375640869e-02 5.210785660892724991e-03
4.679619999999888023e+03 5.080709606409072876e-02 5.249186884611845016e-03
4.681099999999887586e+03 4.889138787984848022e-02 5.176953040063381195e-03
4.682579999999887150e+03 5.762743949890136719e-02 5.472710356116294861e-03
4.684059999999886713e+03 4.646697640419006348e-02 5.119119770824909210e-03
4.685539999999886277e+03 5.170782655477523804e-02 5.295215174555778503e-03
4.687019999999885840e+03 4.931092634797096252e-02 5.180411040782928467e-03
4.688499999999885404e+03 4.396995902061462402e-02 5.006915889680385590e-03
4.689979999999884967e+03 5.292837321758270264e-02 5.281394813209772110e-03
4.691459999999884531e+03 4.880448058247566223e-02 5.120323970913887024e-03
4.692939999999884094e+03 5.056529492139816284e-02 5.154554732143878937e-03
4.694419999999883657e+03 6.001871079206466675e-02 5.478657782077789307e-03
4.695899999999883221e+03 5.008574947714805603e-02 5.166322458535432816e-03
4.697379999999882784e+03 4.511356353759765625e-02 4.975014831870794296e-03
4.698859999999882348e+03 5.615859478712081909e-02 5.257128737866878510e-03
4.700339999999881911e+03 4.264225065708160400e-02 4.826609510928392410e-03
4.701819999999881475e+03 5.011084675788879395e-02 5.089839920401573181e-03
4.703299999999881038e+03 5.099295079708099365e-02 5.050505511462688446e-03
4.704779999999880602e+03 4.603415727615356445e-02 4.953050985932350159e-03
4.706259999999880165e+03 4.672969877719879150e-02 4.951746203005313873e-03
4.707739999999879728e+03 4.705760255455970764e-02 5.028073210269212723e-03
4.709219999999879292e+03 5.976680666208267212e-02 5.374545697122812271e-03
4.710699999999878855e+03 4.287885501980781555e-02 4.848006181418895721e-03
4.712179999999878419e+03 5.791692435741424561e-02 5.345033481717109680e-03
4.713659999999877982e+03 5.680906772613525391e-02 5.269088316708803177e-03
4.715139999999877546e+03 4.680911451578140259e-02 4.920508246868848801e-03
4.716619999999877109e+03 4.860370606184005737e-02 5.022475030273199081e-03
4.718099999999876673e+03 5.142663419246673584e-02 5.140025168657302856e-03
4.719579999999876236e+03 4.656744003295898438e-02 5.004811566323041916e-03
4.721059999999875799e+03 5.128668621182441711e-02 5.115922074764966965e-03
4.722539999999875363e+03 5.517702177166938782e-02 5.212569609284400940e-03
4.724019999999874926e+03 4.719456285238265991e-02 5.011028144508600235e-03
4.725499999999874490e+03 4.051239788532257080e-02 4.803922027349472046e-03
4.726979999999874053e+03 4.513738304376602173e-02 4.835478030145168304e-03
4.728459999999873617e+03 3.830453380942344666e-02 4.606356844305992126e-03
4.729939999999873180e+03 6.010214984416961670e-02 5.308441352099180222e-03
4.731419999999872744e+03 4.219530522823333740e-02 4.811280872672796249e-03
4.732899999999872307e+03 4.000723734498023987e-02 4.710212349891662598e-03
4.734379999999871870e+03 4.792045056819915771e-02 4.902799613773822784e-03
4.735859999999871434e+03 5.458898842334747314e-02 5.101349204778671265e-03
4.737339999999870997e+03 4.502077400684356689e-02 4.863353911787271500e-03
4.738819999999870561e+03 4.114121571183204651e-02 4.750221036374568939e-03
4.740299999999870124e+03 4.386626929044723511e-02 4.773048218339681625e-03
4.741779999999869688e+03 4.062569886445999146e-02 4.681335762143135071e-03
4.743259999999869251e+03 5.455277860164642334e-02 5.129924044013023376e-03
4.744739999999868814e+03 5.585262924432754517e-02 5.180349573493003845e-03
4.746219999999868378e+03 4.841138422489166260e-02 4.915872588753700256e-03
4.747699999999867941e+03 4.254508763551712036e-02 4.777782130986452103e-03
4.749179999999867505e+03 5.310747027397155762e-02 5.114758852869272232e-03
4.750659999999867068e+03 5.427746102213859558e-02 5.109169054776430130e-03
4.752139999999866632e+03 5.266892164945602417e-02 4.966714419424533844e-03
4.753619999999866195e+03 4.822888970375061035e-02 4.882628098130226135e-03
4.755099999999865759e+03 4.452479630708694458e-02 4.815348889678716660e-03
4.756579999999865322e+03 5.337637290358543396e-02 5.021571181714534760e-03
4.758059999999864885e+03 4.784508049488067627e-02 4.868483170866966248e-03
4.759539999999864449e+03 4.877815395593643188e-02 4.953000228852033615e-03
4.761019999999864012e+03 5.762795358896255493e-02 5.191631149500608444e-03
4.762499999999863576e+03 5.047423392534255981e-02 4.949842114001512527e-03
4.763979999999863139e+03 4.814956337213516235e-02 4.854278173297643661e-03
4.765459999999862703e+03 5.632963031530380249e-02 5.109641700983047485e-03
4.766939999999862266e+03 4.882151633501052856e-02 4.876433406025171280e-03
4.768419999999861830e+03 4.188637807965278625e-02 4.710305482149124146e-03
4.769899999999861393e+03 4.871284961700439453e-02 4.891610238701105118e-03
4.771379999999860956e+03 5.312891304492950439e-02 5.022215191274881363e-03
4.772859999999860520e+03 5.318245291709899902e-02 5.018782801926136017e-03
4.774339999999860083e+03 5.576902255415916443e-02 5.111086182296276093e-03
4.775819999999859647e+03 5.452823638916015625e-02 5.080852191895246506e-03
4.777299999999859210e+03 6.107461452484130859e-02 5.242245271801948547e-03
4.778779999999858774e+03 5.585785210132598877e-02 5.105732940137386322e-03
4.780259999999858337e+03 5.097027495503425598e-02 4.974191077053546906e-03
4.781739999999857901e+03 4.037252813577651978e-02 4.630989395081996918e-03
4.783219999999857464e+03 5.256265029311180115e-02 4.950115457177162170e-03
4.784699999999857027e+03 5.756254494190216064e-02 5.090509075671434402e-03
4.786179999999856591e+03 5.217128247022628784e-02 4.932170268148183823e-03
4.787659999999856154e+03 5.480090901255607605e-02 5.037982016801834106e-03
4.789139999999855718e+03 4.942217469215393066e-02 4.852987825870513916e-03
4.790619999999855281e+03 5.830559134483337402e-02 5.098806694149971008e-03
4.792099999999854845e+03 4.825798422098159790e-02 4.861242603510618210e-03
4.793579999999854408e+03 5.072112381458282471e-02 4.947464913129806519e-03
4.795059999999853972e+03 4.941380769014358521e-02 4.881596192717552185e-03
4.796539999999853535e+03 5.440128594636917114e-02 5.024910904467105865e-03
4.798019999999853098e+03 5.299103260040283203e-02 4.969646222889423370e-03
4.799499999999852662e+03 5.271749943494796753e-02 4.927528556436300278e-03
4.800979999999852225e+03 5.915054306387901306e-02 5.155429244041442871e-03
4.802459999999851789e+03 5.261533707380294800e-02 4.898669663816690445e-03
4.803939999999851352e+03 5.729702860116958618e-02 5.079510621726512909e-03
4.805419999999850916e+03 4.864856228232383728e-02 4.820135887712240219e-03
4.806899999999850479e+03 5.207194015383720398e-02 4.916621837764978409e-03
4.808379999999850043e+03 5.380485206842422485e-02 4.925068467855453491e-03
4.809859999999849606e+03 5.308654904365539551e-02 4.918739199638366699e-03
4.811339999999849169e+03 5.812866985797882080e-02 5.061314906924962997e-03
4.812819999999848733e+03 3.946685045957565308e-02 4.574181511998176575e-03
4.814299999999848296e+03 4.701719433069229126e-02 4.762041848152875900e-03
4.815779999999847860e+03 4.575344920158386230e-02 4.780541174113750458e-03
4.817259999999847423e+03 5.661482736468315125e-02 5.146992858499288559e-03
4.818739999999846987e+03 5.309861153364181519e-02 5.029119551181793213e-03
4.820219999999846550e+03 4.781746864318847656e-02 4.888297989964485168e-03
4.821699999999846113e+03 4.453524202108383179e-02 4.722706973552703857e-03
4.823179999999845677e+03 4.784990847110748291e-02 4.757033195346593857e-03
4.824659999999845240e+03 4.978244006633758545e-02 4.839538596570491791e-03
4.826139999999844804e+03 4.646917432546615601e-02 4.807028919458389282e-03
4.827619999999844367e+03 5.496443435549736023e-02 5.014047957956790924e-03
4.829099999999843931e+03 4.910351336002349854e-02 4.809883888810873032e-03
4.830579999999843494e+03 6.120769679546356201e-02 5.178797990083694458e-03
4.832059999999843058e+03 5.452863872051239014e-02 5.012578330934047699e-03
4.833539999999842621e+03 4.976694285869598389e-02 4.911575932055711746e-03
4.835019999999842184e+03 5.177940800786018372e-02 4.934857133775949478e-03
4.836499999999841748e+03 5.793454125523567200e-02 5.077562294900417328e-03
4.837979999999841311e+03 5.576222389936447144e-02 5.000121891498565674e-03
4.839459999999840875e+03 4.944598674774169922e-02 4.854536615312099457e-03
4.840939999999840438e+03 5.245458707213401794e-02 4.906899295747280121e-03
4.842419999999840002e+03 4.901300370693206787e-02 4.786343313753604889e-03
4.843899999999839565e+03 5.270394310355186462e-02 4.877420607954263687e-03
4.845379999999839129e+03 4.549962282180786133e-02 4.685929045081138611e-03
4.846859999999838692e+03 5.437884107232093811e-02 4.966913256794214249e-03
4.848339999999838255e+03 4.723558947443962097e-02 4.696814343333244324e-03
4.849819999999837819e+03 4.298623651266098022e-02 4.524908028542995453e-03
4.851299999999837382e+03 5.096412077546119690e-02 4.778349306434392929e-03
4.852779999999836946e+03 5.052570253610610962e-02 4.804305732250213623e-03
4.854259999999836509e+03 4.973804950714111328e-02 4.749566316604614258e-03
4.855739999999836073e+03 5.246749520301818848e-02 4.768134560436010361e-03
4.857219999999835636e+03 4.442170262336730957e-02 4.510413855314254761e-03
4.858699999999835200e+03 4.867486655712127686e-02 4.705986473709344864e-03
4.860179999999834763e+03 4.964677989482879639e-02 4.882956389337778091e-03
4.861659999999834326e+03 4.731453210115432739e-02 4.857064224779605865e-03
4.863139999999833890e+03 4.615459963679313660e-02 4.612293094396591187e-03
4.864619999999833453e+03 4.363522678613662720e-02 4.472631495445966721e-03
4.866099999999833017e+03 5.106181651353836060e-02 4.747625440359115601e-03
4.867579999999832580e+03 4.292917251586914062e-02 4.506774246692657471e-03
4.869059999999832144e+03 4.739940911531448364e-02 4.638886544853448868e-03
4.870539999999831707e+03 4.982087016105651855e-02 4.674478899687528610e-03
4.872019999999831271e+03 5.325148254632949829e-02 4.725415725260972977e-03
4.873499999999830834e+03 5.083870142698287964e-02 4.663686733692884445e-03
4.874979999999830397e+03 4.854326695203781128e-02 4.678250290453433990e-03
4.876459999999829961e+03 5.238331481814384460e-02 4.787776619195938110e-03
4.877939999999829524e+03 4.393530637025833130e-02 4.528640303760766983e-03
4.879419999999829088e+03 4.637068510055541992e-02 4.622263368219137192e-03
4.880899999999828651e+03 5.281818658113479614e-02 4.844772163778543472e-03
4.882379999999828215e+03 5.191098898649215698e-02 4.809608682990074158e-03
4.883859999999827778e+03 5.224345624446868896e-02 4.814382176846265793e-03
4.885339999999827342e+03 5.653603747487068176e-02 4.879286047071218491e-03
4.886819999999826905e+03 5.618170648813247681e-02 4.838203079998493195e-03
4.888299999999826468e+03 4.939177632331848145e-02 4.634247161448001862e-03
4.889779999999826032e+03 4.573215171694755554e-02 4.524086602032184601e-03
4.891259999999825595e+03 4.848652705550193787e-02 4.644843284040689468e-03
4.892739999999825159e+03 4.373852163553237915e-02 4.493500571697950363e-03
4.894219999999824722e+03 4.216306284070014954e-02 4.465600475668907166e-03
4.895699999999824286e+03 5.273533612489700317e-02 4.800948780030012131e-03
4.897179999999823849e+03 5.473840981721878052e-02 4.867770243436098099e-03
4.898659999999823413e+03 5.029218643903732300e-02 4.733880050480365753e-03
4.900139999999822976e+03 5.475328490138053894e-02 4.778382368385791779e-03
4.901619999999822539e+03 5.790490284562110901e-02 4.878007341176271439e-03
4.903099999999822103e+03 6.085090339183807373e-02 4.996533971279859543e-03
4.904579999999821666e+03 5.172564461827278137e-02 4.759925417602062225e-03
4.906059999999821230e+03 4.161192476749420166e-02 4.484083037823438644e-03
4.907539999999820793e+03 4.733116924762725830e-02 4.603225737810134888e-03
4.909019999999820357e+03 4.298265278339385986e-02 4.416904877871274948e-03
4.910499999999819920e+03 5.355333536863327026e-02 4.737468902021646500e-03
4.911979999999819483e+03 5.634653568267822266e-02 4.814651329070329666e-03
4.913459999999819047e+03 4.493897408246994019e-02 4.516873043030500412e-03
4.914939999999818610e+03 4.704121500253677368e-02 4.603613633662462234e-03
4.916419999999818174e+03 4.944448173046112061e-02 4.666064400225877762e-03
4.917899999999817737e+03 5.882181599736213684e-02 4.803717602044343948e-03
4.919379999999817301e+03 4.502789676189422607e-02 4.388700239360332489e-03
4.920859999999816864e+03 4.942460730671882629e-02 4.569959361106157303e-03
4.922339999999816428e+03 4.556765407323837280e-02 4.505058284848928452e-03
4.923819999999815991e+03 4.288430884480476379e-02 4.401159938424825668e-03
4.925299999999815554e+03 4.810260981321334839e-02 4.588498268276453018e-03
4.926779999999815118e+03 5.423124879598617554e-02 4.793655592948198318e-03
4.928259999999814681e+03 5.080695822834968567e-02 4.651280120015144348e-03
4.929739999999814245e+03 4.357683658599853516e-02 4.435882903635501862e-03
4.931219999999813808e+03 5.025023221969604492e-02 4.615040961652994156e-03
4.932699999999813372e+03 4.149619489908218384e-02 4.350787028670310974e-03
4.934179999999812935e+03 4.894938319921493530e-02 4.581066779792308807e-03
4.935659999999812499e+03 4.807984456419944763e-02 4.548317752778530121e-03
4.937139999999812062e+03 5.168337374925613403e-02 4.674823023378849030e-03
4.938619999999811625e+03 4.733908548951148987e-02 4.479891620576381683e-03
4.940099999999811189e+03 4.609219729900360107e-02 4.449960310012102127e-03
4.941579999999810752e+03 5.052642151713371277e-02 4.659291822463274002e-03
4.943059999999810316e+03 4.339828342199325562e-02 4.408822394907474518e-03
4.944539999999809879e+03 4.335995391011238098e-02 4.422224126756191254e-03
4.946019999999809443e+03 3.641328588128089905e-02 4.186827689409255981e-03
4.947499999999809006e+03 3.779368102550506592e-02 4.255975596606731415e-03
4.948979999999808570e+03 5.563325807452201843e-02 4.760468844324350357e-03
4.950459999999808133e+03 1.962950676679611206e-01 7.708233315497636795e-03
4.951939999999807696e+03 2.731733322143554688e-01 8.950977586209774017e-03
4.953419999999807260e+03 1.161231845617294312e-01 6.206976715475320816e-03
4.954899999999806823e+03 3.634102270007133484e-02 4.145298618823289871e-03
4.956379999999806387e+03 3.667811304330825806e-02 4.165085963904857635e-03
4.957859999999805950e+03 4.882017895579338074e-02 4.581751301884651184e-03
4.959339999999805514e+03 4.609392583370208740e-02 4.527247976511716843e-03
4.960819999999805077e+03 3.863827884197235107e-02 4.275606945157051086e-03
4.962299999999804641e+03 4.489228129386901855e-02 4.481759853661060333e-03
4.963779999999804204e+03 3.785031288862228394e-02 4.268479533493518829e-03
4.965259999999803767e+03 4.783817380666732788e-02 4.519676323980093002e-03
4.966739999999803331e+03 4.819826781749725342e-02 4.559287801384925842e-03
4.968219999999802894e+03 5.143329501152038574e-02 4.616565071046352386e-03
4.969699999999802458e+03 5.345137044787406921e-02 4.709394183009862900e-03
4.971179999999802021e+03 4.962416738271713257e-02 4.619456361979246140e-03
4.972659999999801585e+03 4.230770841240882874e-02 4.405004438012838364e-03
4.974139999999801148e+03 4.942806810140609741e-02 4.569428041577339172e-03
4.975619999999800712e+03 4.410313069820404053e-02 4.391337279230356216e-03
4.977099999999800275e+03 4.395727440714836121e-02 4.400815814733505249e-03
4.978579999999799838e+03 5.176686495542526245e-02 4.592026118189096451e-03
4.980059999999799402e+03 5.755480378866195679e-02 4.765465389937162399e-03
4.981539999999798965e+03 4.539393261075019836e-02 4.359228070825338364e-03
4.983019999999798529e+03 5.451828986406326294e-02 4.604074172675609589e-03
4.984499999999798092e+03 4.865471273660659790e-02 4.444559104740619659e-03
4.985979999999797656e+03 3.931295499205589294e-02 4.239231348037719727e-03
4.987459999999797219e+03 5.446296557784080505e-02 4.693372640758752823e-03
4.988939999999796783e+03 5.037909746170043945e-02 4.586037248373031616e-03
4.990419999999796346e+03 5.274644121527671814e-02 4.674008116126060486e-03
4.991899999999795909e+03 5.414770171046257019e-02 4.687148146331310272e-03
4.993379999999795473e+03 4.977015405893325806e-02 4.569625016301870346e-03
4.994859999999795036e+03 4.635385423898696899e-02 4.471503198146820068e-03
4.996339999999794600e+03 5.002646148204803467e-02 4.560118075460195541e-03
4.997819999999794163e+03 4.982877522706985474e-02 4.569660406559705734e-03
4.999299999999793727e+03 4.699875786900520325e-02 4.440627526491880417e-03
5.000779999999793290e+03 4.892103374004364014e-02 4.470430314540863037e-03
5.002259999999792853e+03 5.508048832416534424e-02 4.668573383241891861e-03
5.003739999999792417e+03 5.438932031393051147e-02 4.676796030253171921e-03
5.005219999999791980e+03 4.355630278587341309e-02 4.580130800604820251e-03
5.006699999999791544e+03 4.523309320211410522e-02 4.713214002549648285e-03
5.008179999999791107e+03 5.053653568029403687e-02 4.636456258594989777e-03
5.009659999999790671e+03 4.455642774701118469e-02 4.327849484980106354e-03
5.011139999999790234e+03 4.463402181863784790e-02 4.325925838202238083e-03
5.012619999999789798e+03 4.430309683084487915e-02 4.291338380426168442e-03
5.014099999999789361e+03 5.279540643095970154e-02 4.557990934699773788e-03
5.015579999999788924e+03 4.711540788412094116e-02 4.423932638019323349e-03
5.017059999999788488e+03 6.185996904969215393e-02 4.823343828320503235e-03
5.018539999999788051e+03 5.033957958221435547e-02 4.473891109228134155e-03
5.020019999999787615e+03 4.824412614107131958e-02 4.436653573065996170e-03
5.021499999999787178e+03 4.868651926517486572e-02 4.450544714927673340e-03
5.022979999999786742e+03 4.908226430416107178e-02 4.453734029084444046e-03
5.024459999999786305e+03 4.695826023817062378e-02 4.417474381625652313e-03
5.025939999999785869e+03 5.496944859623908997e-02 4.600250162184238434e-03
5.027419999999785432e+03 5.312017351388931274e-02 4.549149889498949051e-03
5.028899999999784995e+03 5.137386173009872437e-02 4.544206429272890091e-03
5.030379999999784559e+03 4.128906875848770142e-02 4.251969978213310242e-03
5.031859999999784122e+03 5.152549222111701965e-02 4.586173687130212784e-03
5.033339999999783686e+03 5.294103920459747314e-02 4.583906847983598709e-03
5.034819999999783249e+03 3.870282694697380066e-02 4.171076696366071701e-03
5.036299999999782813e+03 4.848039150238037109e-02 4.449852742254734039e-03
5.037779999999782376e+03 5.066575109958648682e-02 4.458179697394371033e-03
5.039259999999781940e+03 5.182402208447456360e-02 4.452677443623542786e-03
5.040739999999781503e+03 5.259124934673309326e-02 4.482275340706110001e-03
5.042219999999781066e+03 4.827749356627464294e-02 4.407220054417848587e-03
5.043699999999780630e+03 4.760785400867462158e-02 4.405614454299211502e-03
5.045179999999780193e+03 4.598082974553108215e-02 4.417944699525833130e-03
5.046659999999779757e+03 4.487995058298110962e-02 4.302698187530040741e-03
5.048139999999779320e+03 5.204113200306892395e-02 4.434182308614253998e-03
5.049619999999778884e+03 1.324280500411987305e-01 6.356801372021436691e-03
5.051099999999778447e+03 1.630642414093017578e-01 6.970741786062717438e-03
5.052579999999778011e+03 9.641326218843460083e-02 5.618960596621036530e-03
5.054059999999777574e+03 5.064777657389640808e-02 4.530138801783323288e-03
5.055539999999777137e+03 4.390770196914672852e-02 4.317216109484434128e-03
5.057019999999776701e+03 5.403126031160354614e-02 4.577608313411474228e-03
5.058499999999776264e+03 4.424649477005004883e-02 4.331414122134447098e-03
5.059979999999775828e+03 4.774318635463714600e-02 4.410299006849527359e-03
5.061459999999775391e+03 4.747051000595092773e-02 4.431122913956642151e-03
5.062939999999774955e+03 5.073706805706024170e-02 4.476556088775396347e-03
5.064419999999774518e+03 5.281357467174530029e-02 4.510113969445228577e-03
5.065899999999774082e+03 4.948639124631881714e-02 4.441955592483282089e-03
5.067379999999773645e+03 5.065698176622390747e-02 4.476260859519243240e-03
5.068859999999773208e+03 5.342205613851547241e-02 4.547881893813610077e-03
5.070339999999772772e+03 4.598615318536758423e-02 4.321498330682516098e-03
5.071819999999772335e+03 4.440878704190254211e-02 4.259987268596887589e-03
5.073299999999771899e+03 4.835564643144607544e-02 4.406309220939874649e-03
5.074779999999771462e+03 4.795078188180923462e-02 4.423313774168491364e-03
5.076259999999771026e+03 4.904279857873916626e-02 4.419839009642601013e-03
5.077739999999770589e+03 5.665240436792373657e-02 4.590712953358888626e-03
5.079219999999770152e+03 4.656911641359329224e-02 4.296651110053062439e-03
5.080699999999769716e+03 4.907147958874702454e-02 4.339990671724081039e-03
5.082179999999769279e+03 4.864116013050079346e-02 4.407363943755626678e-03
5.083659999999768843e+03 4.421347379684448242e-02 4.265669733285903931e-03
5.085139999999768406e+03 4.674099758267402649e-02 4.381155595183372498e-03
5.086619999999767970e+03 4.824844002723693848e-02 4.412320908159017563e-03
5.088099999999767533e+03 5.317879468202590942e-02 4.520469345152378082e-03
5.089579999999767097e+03 5.164650455117225647e-02 4.450767301023006439e-03
5.091059999999766660e+03 4.641841351985931396e-02 4.326628986746072769e-03
5.092539999999766223e+03 4.588780552148818970e-02 4.319063387811183929e-03
5.094019999999765787e+03 4.941328242421150208e-02 4.441230092197656631e-03
5.095499999999765350e+03 4.854477196931838989e-02 4.385273903608322144e-03
5.096979999999764914e+03 6.839576363563537598e-02 4.884638357907533646e-03
5.098459999999764477e+03 2.827149033546447754e-01 8.769220672547817230e-03
5.099939999999764041e+03 4.030029177665710449e-01 1.035844068974256516e-02
5.101419999999763604e+03 1.794801056385040283e-01 7.164750248193740845e-03
5.102899999999763168e+03 5.185908079147338867e-02 4.477559123188257217e-03
5.104379999999762731e+03 4.917594045400619507e-02 4.397280048578977585e-03
5.105859999999762294e+03 4.830106347799301147e-02 4.336553160101175308e-03
5.107339999999761858e+03 4.827009886503219604e-02 4.373909439891576767e-03
5.108819999999761421e+03 5.166512727737426758e-02 4.440152551978826523e-03
5.110299999999760985e+03 4.862891882658004761e-02 4.336897283792495728e-03
5.111779999999760548e+03 5.112529546022415161e-02 4.437315743416547775e-03
5.113259999999760112e+03 4.155094176530838013e-02 4.179371055215597153e-03
5.114739999999759675e+03 4.704101756215095520e-02 4.333892371505498886e-03
5.116219999999759239e+03 4.788823798298835754e-02 4.366109147667884827e-03
5.117699999999758802e+03 4.642505571246147156e-02 4.324242006987333298e-03
5.119179999999758365e+03 5.196107923984527588e-02 4.476550500839948654e-03
5.120659999999757929e+03 4.796734452247619629e-02 4.313623998314142227e-03
5.122139999999757492e+03 4.380796477198600769e-02 4.186978563666343689e-03
5.123619999999757056e+03 4.909304901957511902e-02 4.319874104112386703e-03
5.125099999999756619e+03 4.454698413610458374e-02 4.180476535111665726e-03
5.126579999999756183e+03 4.576498270034790039e-02 4.228004254400730133e-03
5.128059999999755746e+03 5.029045790433883667e-02 4.379918798804283142e-03
5.129539999999755310e+03 5.215660855174064636e-02 4.453965928405523300e-03
5.131019999999754873e+03 4.458411782979965210e-02 4.275221377611160278e-03
5.132499999999754436e+03 4.938623681664466858e-02 4.380159545689821243e-03
5.133979999999754000e+03 5.107303336262702942e-02 4.408122040331363678e-03
5.135459999999753563e+03 5.249713733792304993e-02 4.476459696888923645e-03
5.136939999999753127e+03 5.156373232603073120e-02 4.411210305988788605e-03
5.138419999999752690e+03 5.126541852951049805e-02 4.388564266264438629e-03
5.139899999999752254e+03 5.424087494611740112e-02 4.508992657065391541e-03
5.141379999999751817e+03 5.798726156353950500e-02 4.603747278451919556e-03
5.142859999999751381e+03 4.237698018550872803e-02 4.185406491160392761e-03
5.144339999999750944e+03 4.156326502561569214e-02 4.127692431211471558e-03
5.145819999999750507e+03 3.502637147903442383e-02 3.935143351554870605e-03
5.147299999999750071e+03 4.820265620946884155e-02 4.349334165453910828e-03
5.148779999999749634e+03 4.662524908781051636e-02 4.274932201951742172e-03
5.150259999999749198e+03 4.210071265697479248e-02 4.186164122074842453e-03
5.151739999999748761e+03 5.293709039688110352e-02 4.502814263105392456e-03
5.153219999999748325e+03 4.496869444847106934e-02 4.257888998836278915e-03
5.154699999999747888e+03 4.948675259947776794e-02 4.374920390546321869e-03
5.156179999999747452e+03 5.005469173192977905e-02 4.378863144665956497e-03
5.157659999999747015e+03 4.682842642068862915e-02 4.285304341465234756e-03
5.159139999999746578e+03 4.468768090009689331e-02 4.204871598631143570e-03
5.160619999999746142e+03 4.641623049974441528e-02 4.272888880223035812e-03
5.162099999999745705e+03 5.666420608758926392e-02 4.571986384689807892e-03
5.163579999999745269e+03 4.826623201370239258e-02 4.320183303207159042e-03
5.165059999999744832e+03 4.282785952091217041e-02 4.085733555257320404e-03
5.166539999999744396e+03 4.403904080390930176e-02 4.061923827975988388e-03
5.168019999999743959e+03 4.535803198814392090e-02 4.135040566325187683e-03
5.169499999999743522e+03 4.902943223714828491e-02 4.256005864590406418e-03
5.170979999999743086e+03 5.072139203548431396e-02 4.235937260091304779e-03
5.172459999999742649e+03 4.620686173439025879e-02 4.097733646631240845e-03
5.173939999999742213e+03 4.765783250331878662e-02 4.242622759193181992e-03
5.175419999999741776e+03 4.542920365929603577e-02 4.236028995364904404e-03
5.176899999999741340e+03 4.522897303104400635e-02 4.257395397871732712e-03
5.178379999999740903e+03 4.275868833065032959e-02 4.168865736573934555e-03
5.179859999999740467e+03 4.679692536592483521e-02 4.238215275108814240e-03
5.181339999999740030e+03 5.276612937450408936e-02 4.305597860366106033e-03
5.182819999999739593e+03 5.778136849403381348e-02 4.362766165286302567e-03
5.184299999999739157e+03 5.283595249056816101e-02 4.291763994842767715e-03
5.185779999999738720e+03 4.302086681127548218e-02 4.163003060966730118e-03
5.187259999999738284e+03 4.490061104297637939e-02 4.253972321748733521e-03
5.188739999999737847e+03 5.173951387405395508e-02 4.427002277225255966e-03
5.190219999999737411e+03 5.508156120777130127e-02 4.471061751246452332e-03
5.191699999999736974e+03 4.575657099485397339e-02 4.210254177451133728e-03
5.193179999999736538e+03 4.453879967331886292e-02 4.176104441285133362e-03
5.194659999999736101e+03 4.835883527994155884e-02 4.272675607353448868e-03
5.196139999999735664e+03 5.081883445382118225e-02 4.466979298740625381e-03
5.197619999999735228e+03 5.221341922879219055e-02 4.652010276913642883e-03
5.199099999999734791e+03 4.380447790026664734e-02 4.425754304975271225e-03
5.200579999999734355e+03 4.751048609614372253e-02 4.457531031221151352e-03
5.202059999999733918e+03 5.479174852371215820e-02 4.567584488540887833e-03
5.203539999999733482e+03 4.768745973706245422e-02 4.313312936574220657e-03
5.205019999999733045e+03 4.206353053450584412e-02 4.061446990817785263e-03
5.206499999999732609e+03 4.653976485133171082e-02 4.186237696558237076e-03
5.207979999999732172e+03 4.488461092114448547e-02 4.151450935751199722e-03
5.209459999999731735e+03 5.474502220749855042e-02 4.453090019524097443e-03
5.210939999999731299e+03 5.478519946336746216e-02 4.506330937147140503e-03
5.212419999999730862e+03 4.669217392802238464e-02 4.240623209625482559e-03
5.213899999999730426e+03 4.648300632834434509e-02 4.222174640744924545e-03
5.215379999999729989e+03 4.329889267683029175e-02 4.106512758880853653e-03
5.216859999999729553e+03 4.669230431318283081e-02 4.227370023727416992e-03
5.218339999999729116e+03 4.437234252691268921e-02 4.202724900096654892e-03
5.219819999999728680e+03 4.390447959303855896e-02 4.176180344074964523e-03
5.221299999999728243e+03 5.479779094457626343e-02 4.472902510315179825e-03
5.222779999999727806e+03 4.642279446125030518e-02 4.306536633521318436e-03
5.224259999999727370e+03 4.064011201262474060e-02 4.086868371814489365e-03
5.225739999999726933e+03 4.651062935590744019e-02 4.163292702287435532e-03
5.227219999999726497e+03 4.145563393831253052e-02 3.980534616857767105e-03
5.228699999999726060e+03 4.443507641553878784e-02 4.135010764002799988e-03
5.230179999999725624e+03 4.795809835195541382e-02 4.286045674234628677e-03
5.231659999999725187e+03 4.344030097126960754e-02 4.116434603929519653e-03
5.233139999999724751e+03 5.296891927719116211e-02 4.381828941404819489e-03
5.234619999999724314e+03 3.841053694486618042e-02 3.974951803684234619e-03
5.236099999999723877e+03 4.472080618143081665e-02 4.200142808258533478e-03
5.237579999999723441e+03 4.767052829265594482e-02 4.333859775215387344e-03
5.239059999999723004e+03 5.178358405828475952e-02 4.438419360667467117e-03
5.240539999999722568e+03 5.176697671413421631e-02 4.392558243125677109e-03
5.242019999999722131e+03 4.714758321642875671e-02 4.199819173663854599e-03
5.243499999999721695e+03 4.251662641763687134e-02 4.091511480510234833e-03
5.244979999999721258e+03 4.783009737730026245e-02 4.231224767863750458e-03
5.246459999999720822e+03 4.519111290574073792e-02 4.171660169959068298e-03
5.247939999999720385e+03 4.118245467543601990e-02 4.046477377414703369e-03
5.249419999999719948e+03 4.942428693175315857e-02 4.289858043193817139e-03
5.250899999999719512e+03 3.973482549190521240e-02 4.024404101073741913e-03
5.252379999999719075e+03 4.647478461265563965e-02 4.150909837335348129e-03
5.253859999999718639e+03 5.397877097129821777e-02 4.398685880005359650e-03
5.255339999999718202e+03 4.496661573648452759e-02 4.246748052537441254e-03
5.256819999999717766e+03 4.654002934694290161e-02 4.263103473931550980e-03
5.258299999999717329e+03 3.999599441885948181e-02 4.027454182505607605e-03
5.259779999999716892e+03 4.432126507163047791e-02 4.117078147828578949e-03
5.261259999999716456e+03 3.679186105728149414e-02 3.878602990880608559e-03
5.262739999999716019e+03 3.627706319093704224e-02 3.808357985690236092e-03
5.264219999999715583e+03 3.475668281316757202e-02 3.751184092834591866e-03
5.265699999999715146e+03 4.462926089763641357e-02 4.045353271067142487e-03
5.267179999999714710e+03 4.267936944961547852e-02 3.988417331129312515e-03
5.268659999999714273e+03 4.500143975019454956e-02 4.027099814265966415e-03
5.270139999999713837e+03 4.805386438965797424e-02 4.139095079153776169e-03
5.271619999999713400e+03 4.191789031028747559e-02 3.998566884547472000e-03
5.273099999999712963e+03 3.844185546040534973e-02 3.932773135602474213e-03
5.274579999999712527e+03 4.365490004420280457e-02 4.119971767067909241e-03
5.276059999999712090e+03 4.533007740974426270e-02 4.203122109174728394e-03
5.277539999999711654e+03 4.227865487337112427e-02 4.100915975868701935e-03
5.279019999999711217e+03 4.888458922505378723e-02 4.250758793205022812e-03
5.280499999999710781e+03 4.629813134670257568e-02 4.143629223108291626e-03
5.281979999999710344e+03 4.505385085940361023e-02 4.099362529814243317e-03
5.283459999999709908e+03 4.858127236366271973e-02 4.158654715865850449e-03
5.284939999999709471e+03 4.743275418877601624e-02 4.173790570348501205e-03
5.286419999999709034e+03 4.087867215275764465e-02 4.036290571093559265e-03
5.287899999999708598e+03 4.345805943012237549e-02 4.092315211892127991e-03
5.289379999999708161e+03 4.979524761438369751e-02 4.278004169464111328e-03
5.290859999999707725e+03 4.991427063941955566e-02 4.282540641725063324e-03
5.292339999999707288e+03 4.502186924219131470e-02 4.174441564828157425e-03
5.293819999999706852e+03 4.704056680202484131e-02 4.210972227156162262e-03
5.295299999999706415e+03 5.017527937889099121e-02 4.252295941114425659e-03
5.296779999999705979e+03 4.940730333328247070e-02 4.244758281856775284e-03
5.298259999999705542e+03 4.140336811542510986e-02 4.051565192639827728e-03
5.299739999999705105e+03 4.657689109444618225e-02 4.185898229479789734e-03
5.301219999999704669e+03 4.280788823962211609e-02 4.047782626003026962e-03
5.302699999999704232e+03 3.701503574848175049e-02 3.900687210261821747e-03
5.304179999999703796e+03 4.438930004835128784e-02 4.116663709282875061e-03
5.305659999999703359e+03 4.347705096006393433e-02 4.088682122528553009e-03
5.307139999999702923e+03 4.364513233304023743e-02 4.095141310244798660e-03
5.308619999999702486e+03 4.822598397731781006e-02 4.227856174111366272e-03
5.310099999999702050e+03 4.527383670210838318e-02 4.163781180977821350e-03
5.311579999999701613e+03 4.618499055504798889e-02 4.214697051793336868e-03
5.313059999999701176e+03 4.996441304683685303e-02 4.296148661524057388e-03
5.314539999999700740e+03 4.499992728233337402e-02 4.115537740290164948e-03
5.316019999999700303e+03 4.568339139223098755e-02 4.130157642066478729e-03
5.317499999999699867e+03 4.187572747468948364e-02 4.037250764667987823e-03
5.318979999999699430e+03 4.653871059417724609e-02 4.177184309810400009e-03
5.320459999999698994e+03 4.719924926757812500e-02 4.190444480627775192e-03
5.321939999999698557e+03 5.085139721632003784e-02 4.272612743079662323e-03
5.323419999999698121e+03 4.346489906311035156e-02 4.062734078615903854e-03
5.324899999999697684e+03 4.413104429841041565e-02 4.108687397092580795e-03
5.326379999999697247e+03 4.290788993239402771e-02 4.018868319690227509e-03
5.327859999999696811e+03 4.640983790159225464e-02 4.117038100957870483e-03
5.329339999999696374e+03 4.321081191301345825e-02 4.112718161195516586e-03
5.330819999999695938e+03 4.792531579732894897e-02 4.268800839781761169e-03
5.332299999999695501e+03 4.616612195968627930e-02 4.169610794633626938e-03
5.333779999999695065e+03 4.822840541601181030e-02 4.232815466821193695e-03
5.335259999999694628e+03 4.856169968843460083e-02 4.244921263307332993e-03
5.336739999999694192e+03 4.109779372811317444e-02 3.999538253992795944e-03
5.338219999999693755e+03 4.316642880439758301e-02 4.025859292596578598e-03
5.339699999999693318e+03 4.414618015289306641e-02 4.028843715786933899e-03
5.341179999999692882e+03 4.033678025007247925e-02 3.964136354625225067e-03
5.342659999999692445e+03 4.223581776022911072e-02 4.054155200719833374e-03
5.344139999999692009e+03 4.880149662494659424e-02 4.201622214168310165e-03
5.345619999999691572e+03 4.583194851875305176e-02 4.122897051274776459e-03
5.347099999999691136e+03 4.147848859429359436e-02 4.002669360488653183e-03
5.348579999999690699e+03 4.689159989356994629e-02 4.176272079348564148e-03
5.350059999999690262e+03 4.752130806446075439e-02 4.242043010890483856e-03
5.351539999999689826e+03 4.125324636697769165e-02 4.056049976497888565e-03
5.353019999999689389e+03 4.208257421851158142e-02 4.052720498293638229e-03
5.354499999999688953e+03 3.646910190582275391e-02 3.922621719539165497e-03
5.355979999999688516e+03 5.066226795315742493e-02 4.261233843863010406e-03
5.357459999999688080e+03 4.772872477769851685e-02 4.191430751234292984e-03
5.358939999999687643e+03 4.458737373352050781e-02 4.093537107110023499e-03
5.360419999999687207e+03 4.893108457326889038e-02 4.201911855489015579e-03
5.361899999999686770e+03 3.853538259863853455e-02 3.891743486747145653e-03
5.363379999999686333e+03 3.947642073035240173e-02 3.933397121727466583e-03
5.364859999999685897e+03 4.611429572105407715e-02 4.068115726113319397e-03
5.366339999999685460e+03 4.654125869274139404e-02 4.125933628529310226e-03
5.367819999999685024e+03 4.378500580787658691e-02 4.047645721584558487e-03
5.369299999999684587e+03 4.757758975028991699e-02 4.112543538212776184e-03
5.370779999999684151e+03 3.703462705016136169e-02 3.837099997326731682e-03
5.372259999999683714e+03 4.632145911455154419e-02 4.145175218582153320e-03
5.373739999999683278e+03 4.376225546002388000e-02 4.098957404494285583e-03
5.375219999999682841e+03 3.824815526604652405e-02 3.936354070901870728e-03
5.376699999999682404e+03 4.393143206834793091e-02 4.077685531228780746e-03
5.378179999999681968e+03 4.475582391023635864e-02 4.068630747497081757e-03
5.379659999999681531e+03 4.385335743427276611e-02 4.050975199788808823e-03
5.381139999999681095e+03 4.360754042863845825e-02 4.014034755527973175e-03
5.382619999999680658e+03 4.912909865379333496e-02 4.174522589892148972e-03
5.384099999999680222e+03 4.943091422319412231e-02 4.194123204797506332e-03
5.385579999999679785e+03 4.969126731157302856e-02 4.185838159173727036e-03
5.387059999999679349e+03 5.293995141983032227e-02 4.284861497581005096e-03
5.388539999999678912e+03 4.794647544622421265e-02 4.149001557379961014e-03
5.390019999999678475e+03 4.641253873705863953e-02 4.108301829546689987e-03
5.391499999999678039e+03 4.510012641549110413e-02 4.066893830895423889e-03
5.392979999999677602e+03 4.698826000094413757e-02 4.109479952603578568e-03
5.394459999999677166e+03 3.822940960526466370e-02 3.872779896482825279e-03
5.395939999999676729e+03 4.362124949693679810e-02 4.001821856945753098e-03
5.397419999999676293e+03 5.190190672874450684e-02 4.220818635076284409e-03
5.398899999999675856e+03 4.132372885942459106e-02 3.933719359338283539e-03
5.400379999999675420e+03 4.685798659920692444e-02 4.082104191184043884e-03
5.401859999999674983e+03 3.793296217918395996e-02 3.816860960796475410e-03
5.403339999999674546e+03 4.858853295445442200e-02 4.117312375456094742e-03
5.404819999999674110e+03 4.629432410001754761e-02 4.000099841505289078e-03
5.406299999999673673e+03 5.048693343997001648e-02 4.167190287262201309e-03
5.407779999999673237e+03 4.652654379606246948e-02 4.079734906554222107e-03
5.409259999999672800e+03 4.835602268576622009e-02 4.116375930607318878e-03
5.410739999999672364e+03 4.382624104619026184e-02 4.026645794510841370e-03
5.412219999999671927e+03 4.424932599067687988e-02 4.045863635838031769e-03
5.413699999999671491e+03 4.641615599393844604e-02 4.105387255549430847e-03
5.415179999999671054e+03 3.963568806648254395e-02 3.918667323887348175e-03
5.416659999999670617e+03 4.535105824470520020e-02 4.093368072062730789e-03
5.418139999999670181e+03 4.523451626300811768e-02 4.084612242877483368e-03
5.419619999999669744e+03 4.115708172321319580e-02 3.949301782995462418e-03
5.421099999999669308e+03 4.955937713384628296e-02 4.190203268080949783e-03
5.422579999999668871e+03 4.879155382513999939e-02 4.144277423620223999e-03
5.424059999999668435e+03 4.798804968595504761e-02 4.076132550835609436e-03
5.425539999999667998e+03 4.328417405486106873e-02 3.956974484026432037e-03
5.427019999999667561e+03 4.384037852287292480e-02 3.983068745583295822e-03
5.428499999999667125e+03 4.585265368223190308e-02 4.041805397719144821e-03
5.429979999999666688e+03 4.613059014081954956e-02 4.054469522088766098e-03
5.431459999999666252e+03 4.377228394150733948e-02 3.987506497651338577e-03
5.432939999999665815e+03 4.347141832113265991e-02 3.988756332546472549e-03
5.434419999999665379e+03 4.330192878842353821e-02 3.979677334427833557e-03
5.435899999999664942e+03 4.923483356833457947e-02 4.170672968029975891e-03
5.437379999999664506e+03 4.687106609344482422e-02 4.131937865167856216e-03
5.438859999999664069e+03 4.329816997051239014e-02 4.028556402772665024e-03
5.440339999999663632e+03 4.126550257205963135e-02 3.978136926889419556e-03
5.441819999999663196e+03 4.492278397083282471e-02 4.058057442307472229e-03
5.443299999999662759e+03 5.165445059537887573e-02 4.247045144438743591e-03
5.444779999999662323e+03 4.586789011955261230e-02 4.042516928166151047e-03
5.446259999999661886e+03 4.750665649771690369e-02 4.067960660904645920e-03
5.447739999999661450e+03 3.745166212320327759e-02 3.833626862615346909e-03
5.449219999999661013e+03 4.796039313077926636e-02 4.105753265321254730e-03
5.450699999999660577e+03 3.994546458125114441e-02 3.874339396134018898e-03
5.452179999999660140e+03 4.892779886722564697e-02 4.146941471844911575e-03
5.453659999999659703e+03 4.644664004445075989e-02 4.015538375824689865e-03
5.455139999999659267e+03 4.901617020368576050e-02 4.097834229469299316e-03
5.456619999999658830e+03 4.664214327931404114e-02 4.086334723979234695e-03
5.458099999999658394e+03 4.667888581752777100e-02 4.118145909160375595e-03
5.459579999999657957e+03 4.790434613823890686e-02 4.174704663455486298e-03
5.461059999999657521e+03 4.467766731977462769e-02 4.077190533280372620e-03
5.462539999999657084e+03 4.651553556323051453e-02 4.098965786397457123e-03
5.464019999999656648e+03 3.917175903916358948e-02 3.870334709063172340e-03
5.465499999999656211e+03 4.778552800416946411e-02 4.132121335715055466e-03
5.466979999999655774e+03 4.415778443217277527e-02 4.020768217742443085e-03
5.468459999999655338e+03 4.482748731970787048e-02 4.034687764942646027e-03
5.469939999999654901e+03 4.750967025756835938e-02 4.118828568607568741e-03
5.471419999999654465e+03 4.888603463768959045e-02 4.138513933867216110e-03
5.472899999999654028e+03 4.208533838391304016e-02 3.963898867368698120e-03
5.474379999999653592e+03 4.284264147281646729e-02 3.933724947273731232e-03
5.475859999999653155e+03 4.367446899414062500e-02 3.937350120395421982e-03
5.477339999999652719e+03 5.210480093955993652e-02 4.185558762401342392e-03
5.478819999999652282e+03 4.702750220894813538e-02 4.052666015923023224e-03
5.480299999999651845e+03 4.182042181491851807e-02 3.900767769664525986e-03
5.481779999999651409e+03 4.408439248800277710e-02 3.972814884036779404e-03
5.483259999999650972e+03 4.691825062036514282e-02 4.065265879034996033e-03
5.484739999999650536e+03 4.749551787972450256e-02 4.107986576855182648e-03
5.486219999999650099e+03 4.203788191080093384e-02 3.926686011254787445e-03
5.487699999999649663e+03 4.347655177116394043e-02 3.957727458328008652e-03
5.489179999999649226e+03 4.674174636602401733e-02 4.074549768120050430e-03
5.490659999999648790e+03 4.593781381845474243e-02 4.069174174219369888e-03
5.492139999999648353e+03 4.497107118368148804e-02 4.038344137370586395e-03
5.493619999999647916e+03 4.866162687540054321e-02 4.110843408852815628e-03
5.495099999999647480e+03 4.756016284227371216e-02 4.092690069228410721e-03
5.496579999999647043e+03 4.276843369007110596e-02 3.972207196056842804e-03
5.498059999999646607e+03 5.272333323955535889e-02 4.249538294970989227e-03
5.499539999999646170e+03 4.499908164143562317e-02 4.053334239870309830e-03
5.501019999999645734e+03 4.367104172706604004e-02 3.990707919001579285e-03
5.502499999999645297e+03 4.806980863213539124e-02 4.094572737812995911e-03
5.503979999999644861e+03 4.477353394031524658e-02 4.034039098769426346e-03
5.505459999999644424e+03 3.964284434914588928e-02 3.860003547742962837e-03
5.506939999999643987e+03 4.407965391874313354e-02 4.011559765785932541e-03
5.508419999999643551e+03 4.168432578444480896e-02 3.945642150938510895e-03
5.509899999999643114e+03 4.756205901503562927e-02 4.102298989892005920e-03
5.511379999999642678e+03 4.338742792606353760e-02 3.943910822272300720e-03
5.512859999999642241e+03 4.313423484563827515e-02 3.941820468753576279e-03
5.514339999999641805e+03 5.149341747164726257e-02 4.184285178780555725e-03
5.515819999999641368e+03 4.693530127406120300e-02 4.072064068168401718e-03
5.517299999999640931e+03 4.993744939565658569e-02 4.160975571721792221e-03
5.518779999999640495e+03 4.707279801368713379e-02 4.072958603501319885e-03
5.520259999999640058e+03 4.970421269536018372e-02 4.156798124313354492e-03
5.521739999999639622e+03 4.797263443470001221e-02 4.110901150852441788e-03
5.523219999999639185e+03 5.099801346659660339e-02 4.189838655292987823e-03
5.524699999999638749e+03 4.242978245019912720e-02 3.921977244317531586e-03
5.526179999999638312e+03 4.443155974149703979e-02 3.974580205976963043e-03
5.527659999999637876e+03 4.667168483138084412e-02 4.023699555546045303e-03
5.529139999999637439e+03 4.010663926601409912e-02 3.839544253423810005e-03
5.530619999999637002e+03 4.164928197860717773e-02 3.946263808757066727e-03
5.532099999999636566e+03 4.143493995070457458e-02 3.928141668438911438e-03
5.533579999999636129e+03 3.693277761340141296e-02 3.799078753218054771e-03
5.535059999999635693e+03 4.648262262344360352e-02 4.039400257170200348e-03
5.536539999999635256e+03 4.713293910026550293e-02 4.079698119312524796e-03
5.538019999999634820e+03 4.207690060138702393e-02 3.949766512960195541e-03
5.539499999999634383e+03 3.890191391110420227e-02 3.901308868080377579e-03
5.540979999999633947e+03 4.371437057852745056e-02 4.070869646966457367e-03
5.542459999999633510e+03 4.405055195093154907e-02 4.093166906386613846e-03
5.543939999999633073e+03 4.404478520154953003e-02 4.091940354555845261e-03
5.545419999999632637e+03 4.381604865193367004e-02 4.035620950162410736e-03
5.546899999999632200e+03 4.758364707231521606e-02 4.116630647331476212e-03
5.548379999999631764e+03 4.618700221180915833e-02 4.073267802596092224e-03
5.549859999999631327e+03 4.220591485500335693e-02 3.955762367695569992e-03
5.551339999999630891e+03 4.489069432020187378e-02 4.006084520369768143e-03
5.552819999999630454e+03 4.420233517885208130e-02 3.949834499508142471e-03
5.554299999999630018e+03 4.214278608560562134e-02 3.887131111696362495e-03
5.555779999999629581e+03 4.699892923235893250e-02 4.055642522871494293e-03
5.557259999999629144e+03 4.137326404452323914e-02 3.913996275514364243e-03
5.558739999999628708e+03 3.840526193380355835e-02 3.817331511527299881e-03
5.560219999999628271e+03 4.477427899837493896e-02 3.992209676653146744e-03
5.561699999999627835e+03 4.788870364427566528e-02 4.164096899330615997e-03
5.563179999999627398e+03 4.631290584802627563e-02 4.173828288912773132e-03
5.564659999999626962e+03 4.070626571774482727e-02 4.005293361842632294e-03
5.566139999999626525e+03 4.526465758681297302e-02 4.038840997964143753e-03
5.567619999999626089e+03 4.418369382619857788e-02 4.012167453765869141e-03
5.569099999999625652e+03 4.860401153564453125e-02 4.127937369048595428e-03
5.570579999999625215e+03 4.932831972837448120e-02 4.120868165045976639e-03
5.572059999999624779e+03 4.404510930180549622e-02 3.899452509358525276e-03
5.573539999999624342e+03 3.174164146184921265e-02 3.933279309421777725e-03
5.575019999999623906e+03 5.631166696548461914e-02 1.031578611582517624e-02
5.576499999999623469e+03 8.827197551727294922e-02 1.436882093548774719e-02
5.577979999999623033e+03 1.852787286043167114e-02 1.220922172069549561e-02
5.579459999999622596e+03 1.431065052747726440e-02 5.500504747033119202e-03
5.580939999999622160e+03 4.698669910430908203e-02 4.024577792733907700e-03
5.582419999999621723e+03 4.570394009351730347e-02 4.052037373185157776e-03
5.583899999999621286e+03 4.524016752839088440e-02 4.015608225017786026e-03
5.585379999999620850e+03 4.948698729276657104e-02 4.087546840310096741e-03
5.586859999999620413e+03 4.678108543157577515e-02 4.062938503921031952e-03
5.588339999999619977e+03 4.811820387840270996e-02 4.185365512967109680e-03
5.589819999999619540e+03 4.610088840126991272e-02 4.075679928064346313e-03
5.591299999999619104e+03 4.695440083742141724e-02 4.029673524200916290e-03
5.592779999999618667e+03 4.641065001487731934e-02 3.983035217970609665e-03
5.594259999999618231e+03 4.688810557126998901e-02 4.017788916826248169e-03
5.595739999999617794e+03 3.857761248946189880e-02 3.852769033983349800e-03
5.597219999999617357e+03 3.858050331473350525e-02 3.838712116703391075e-03
5.598699999999616921e+03 4.348430037498474121e-02 3.938368521630764008e-03
5.600179999999616484e+03 4.250033199787139893e-02 3.878761082887649536e-03
5.601659999999616048e+03 4.163704812526702881e-02 3.841218305751681328e-03
5.603139999999615611e+03 4.212760925292968750e-02 3.944197203963994980e-03
5.604619999999615175e+03 4.616320133209228516e-02 4.175147973001003265e-03
5.606099999999614738e+03 3.949016705155372620e-02 3.932740539312362671e-03
5.607579999999614301e+03 4.034940898418426514e-02 3.873114008456468582e-03
5.609059999999613865e+03 4.635270684957504272e-02 4.024379421025514603e-03
5.610539999999613428e+03 4.535863548517227173e-02 3.993363119661808014e-03
5.612019999999612992e+03 4.183772206306457520e-02 3.882870078086853027e-03
5.613499999999612555e+03 4.218195378780364990e-02 3.836912568658590317e-03
5.614979999999612119e+03 4.431036487221717834e-02 3.899630857631564140e-03
5.616459999999611682e+03 4.150399565696716309e-02 3.869645996019244194e-03
5.617939999999611246e+03 4.082219302654266357e-02 3.868205472826957703e-03
5.619419999999610809e+03 4.568818956613540649e-02 3.975671250373125076e-03
5.620899999999610372e+03 4.181221872568130493e-02 3.906167810782790184e-03
5.622379999999609936e+03 4.569593444466590881e-02 4.088347777724266052e-03
5.623859999999609499e+03 4.154118150472640991e-02 3.933925647288560867e-03
5.625339999999609063e+03 4.515177384018898010e-02 4.033146891742944717e-03
5.626819999999608626e+03 4.465633630752563477e-02 3.948133438825607300e-03
5.628299999999608190e+03 4.521385580301284790e-02 3.956968896090984344e-03
5.629779999999607753e+03 4.379339516162872314e-02 3.953484818339347839e-03
5.631259999999607317e+03 4.141151160001754761e-02 3.881003009155392647e-03
5.632739999999606880e+03 4.727145284414291382e-02 4.041001666337251663e-03
5.634219999999606443e+03 4.094271734356880188e-02 3.844636958092451096e-03
5.635699999999606007e+03 4.451388120651245117e-02 3.955907654017210007e-03
5.637179999999605570e+03 4.869072511792182922e-02 4.069318529218435287e-03
5.638659999999605134e+03 4.663753509521484375e-02 4.025510046631097794e-03
5.640139999999604697e+03 3.781196102499961853e-02 3.776220604777336121e-03
5.641619999999604261e+03 4.376025497913360596e-02 3.933212254196405411e-03
5.643099999999603824e+03 3.987601771950721741e-02 3.875821363180875778e-03
5.644579999999603388e+03 4.150610789656639099e-02 3.941460512578487396e-03
5.646059999999602951e+03 3.979192301630973816e-02 3.888371633365750313e-03
5.647539999999602514e+03 4.531601071357727051e-02 3.974977415055036545e-03
5.649019999999602078e+03 4.551423341035842896e-02 3.952933941036462784e-03
5.650499999999601641e+03 4.255036637187004089e-02 3.907982259988784790e-03
5.651979999999601205e+03 4.280078411102294922e-02 3.909006714820861816e-03
5.653459999999600768e+03 4.203573986887931824e-02 3.850981825962662697e-03
5.654939999999600332e+03 4.330750554800033569e-02 3.916217945516109467e-03
5.656419999999599895e+03 4.512424021959304810e-02 3.941661212593317032e-03
5.657899999999599459e+03 4.264494776725769043e-02 3.838555654510855675e-03
5.659379999999599022e+03 4.632785543799400330e-02 3.953281324356794357e-03
5.660859999999598585e+03 4.381010681390762329e-02 3.894980298355221748e-03
5.662339999999598149e+03 4.161418974399566650e-02 3.842802718281745911e-03
5.663819999999597712e+03 4.303889721632003784e-02 3.924578428268432617e-03
5.665299999999597276e+03 4.549835249781608582e-02 3.983738832175731659e-03
5.666779999999596839e+03 4.269948974251747131e-02 3.905727760866284370e-03
5.668259999999596403e+03 4.275000840425491333e-02 3.917849622666835785e-03
5.669739999999595966e+03 4.131828248500823975e-02 3.879023715853691101e-03
5.671219999999595530e+03 4.501040279865264893e-02 3.936299588531255722e-03
5.672699999999595093e+03 4.695647954940795898e-02 3.985330928117036819e-03
5.674179999999594656e+03 4.212301969528198242e-02 3.874999471008777618e-03
5.675659999999594220e+03 3.945566713809967041e-02 3.804449690505862236e-03
5.677139999999593783e+03 4.302188009023666382e-02 3.876265836879611015e-03
5.678619999999593347e+03 4.448714852333068848e-02 3.920260816812515259e-03
5.680099999999592910e+03 4.474300891160964966e-02 3.935082349926233292e-03
5.681579999999592474e+03 4.380304366350173950e-02 3.895030124112963676e-03
5.683059999999592037e+03 3.878091648221015930e-02 3.752351040020585060e-03
5.684539999999591600e+03 4.631925374269485474e-02 3.977475687861442566e-03
5.686019999999591164e+03 4.896259307861328125e-02 4.031462129205465317e-03
5.687499999999590727e+03 4.192905500531196594e-02 3.836771706119179726e-03
5.688979999999590291e+03 4.336441680788993835e-02 3.915705718100070953e-03
5.690459999999589854e+03 4.459049180150032043e-02 3.968950826674699783e-03
5.691939999999589418e+03 4.465806111693382263e-02 3.951948601752519608e-03
5.693419999999588981e+03 4.361314326524734497e-02 3.909174352884292603e-03
5.694899999999588545e+03 3.551170229911804199e-02 3.711673663929104805e-03
5.696379999999588108e+03 4.117858409881591797e-02 3.898107912391424179e-03
5.697859999999587671e+03 4.662701115012168884e-02 4.007425159215927124e-03
5.699339999999587235e+03 4.315896332263946533e-02 3.885949030518531799e-03
5.700819999999586798e+03 4.309726506471633911e-02 3.904792945832014084e-03
5.702299999999586362e+03 3.963038325309753418e-02 3.819564357399940491e-03
5.703779999999585925e+03 4.061236977577209473e-02 3.838015021756291389e-03
5.705259999999585489e+03 4.083252698183059692e-02 3.834843402728438377e-03
5.706739999999585052e+03 4.128336161375045776e-02 3.833233844488859177e-03
5.708219999999584616e+03 4.335276037454605103e-02 3.879458177834749222e-03
5.709699999999584179e+03 4.730387032032012939e-02 3.982555121183395386e-03
5.711179999999583742e+03 4.356926679611206055e-02 3.907902166247367859e-03
5.712659999999583306e+03 4.183900356292724609e-02 3.882759949192404747e-03
5.714139999999582869e+03 4.159807041287422180e-02 3.867187304422259331e-03
5.715619999999582433e+03 4.014167189598083496e-02 3.811879083514213562e-03
5.717099999999581996e+03 4.343216866254806519e-02 3.904647426679730415e-03
5.718579999999581560e+03 4.270472377538681030e-02 3.903132397681474686e-03
5.720059999999581123e+03 4.019163548946380615e-02 3.860718803480267525e-03
5.721539999999580687e+03 4.102560505270957947e-02 3.880840493366122246e-03
5.723019999999580250e+03 4.370579868555068970e-02 3.937855362892150879e-03
5.724499999999579813e+03 5.027587339282035828e-02 4.111620131880044937e-03
5.725979999999579377e+03 4.794588685035705566e-02 4.050727933645248413e-03
5.727459999999578940e+03 4.052481800317764282e-02 3.841138677671551704e-03
5.728939999999578504e+03 3.817949444055557251e-02 3.755902172997593880e-03
5.730419999999578067e+03 3.884214907884597778e-02 3.778221784159541130e-03
5.731899999999577631e+03 4.215566441416740417e-02 3.880650503560900688e-03
5.733379999999577194e+03 4.964150115847587585e-02 4.083399195224046707e-03
5.734859999999576758e+03 4.906298220157623291e-02 4.068442154675722122e-03
5.736339999999576321e+03 4.206292331218719482e-02 3.878337098285555840e-03
5.737819999999575884e+03 4.953764379024505615e-02 4.059772938489913940e-03
5.739299999999575448e+03 4.876067489385604858e-02 4.044906701892614365e-03
5.740779999999575011e+03 4.074959829449653625e-02 3.827215870842337608e-03
5.742259999999574575e+03 4.320390895009040833e-02 3.917389083653688431e-03
5.743739999999574138e+03 4.407575726509094238e-02 3.942926414310932159e-03
5.745219999999573702e+03 4.690831154584884644e-02 4.010120872408151627e-03
5.746699999999573265e+03 4.206793010234832764e-02 3.879552474245429039e-03
5.748179999999572829e+03 3.751273453235626221e-02 3.754369914531707764e-03
5.749659999999572392e+03 3.894482925534248352e-02 3.775451332330703735e-03
5.751139999999571955e+03 4.464012384414672852e-02 3.939485177397727966e-03
5.752619999999571519e+03 4.564540833234786987e-02 3.929387778043746948e-03
5.754099999999571082e+03 4.537968337535858154e-02 3.935879562050104141e-03
5.755579999999570646e+03 4.191753268241882324e-02 3.878265852108597755e-03
5.757059999999570209e+03 4.241863638162612915e-02 3.877635812386870384e-03
5.758539999999569773e+03 4.473066329956054688e-02 3.938288427889347076e-03
5.760019999999569336e+03 4.246355593204498291e-02 3.862036857753992081e-03
5.761499999999568900e+03 4.424863308668136597e-02 3.890677122399210930e-03
5.762979999999568463e+03 3.943216800689697266e-02 3.769202390685677528e-03
5.764459999999568026e+03 3.804504126310348511e-02 3.745792200788855553e-03
5.765939999999567590e+03 3.926963359117507935e-02 3.807610366493463516e-03
5.767419999999567153e+03 3.580254688858985901e-02 3.716089995577931404e-03
5.768899999999566717e+03 4.181557521224021912e-02 3.870371263474225998e-03
5.770379999999566280e+03 5.141079425811767578e-02 4.130304325371980667e-03
5.771859999999565844e+03 4.261422157287597656e-02 3.897221060469746590e-03
5.773339999999565407e+03 4.426889866590499878e-02 3.902741707861423492e-03
5.774819999999564970e+03 3.922968357801437378e-02 3.781018778681755066e-03
5.776299999999564534e+03 3.861607983708381653e-02 3.773766104131937027e-03
5.777779999999564097e+03 4.244469106197357178e-02 3.870282322168350220e-03
5.779259999999563661e+03 3.758904337882995605e-02 3.745949128642678261e-03
5.780739999999563224e+03 3.910844773054122925e-02 3.771475516259670258e-03
5.782219999999562788e+03 4.291756451129913330e-02 3.845810191705822945e-03
5.783699999999562351e+03 4.381666332483291626e-02 3.876396920531988144e-03
5.785179999999561915e+03 3.683621808886528015e-02 3.666649339720606804e-03
5.786659999999561478e+03 3.987301886081695557e-02 3.787786699831485748e-03
5.788139999999561041e+03 3.948172181844711304e-02 3.797471290454268456e-03
5.789619999999560605e+03 3.982722386717796326e-02 3.802313236519694328e-03
5.791099999999560168e+03 4.242971539497375488e-02 3.855872666463255882e-03
5.792579999999559732e+03 3.632164001464843750e-02 3.699416527524590492e-03
5.794059999999559295e+03 3.585978969931602478e-02 3.674439620226621628e-03
5.795539999999558859e+03 3.605442121624946594e-02 3.683132352307438850e-03
5.797019999999558422e+03 4.058150947093963623e-02 3.829290857538580894e-03
5.798499999999557986e+03 4.067657887935638428e-02 3.822949482128024101e-03
5.799979999999557549e+03 4.106353223323822021e-02 3.813769901171326637e-03
5.801459999999557112e+03 4.750414192676544189e-02 3.988066222518682480e-03
5.802939999999556676e+03 4.088442400097846985e-02 3.836569609120488167e-03
5.804419999999556239e+03 4.125955328345298767e-02 3.812405280768871307e-03
5.805899999999555803e+03 4.355111718177795410e-02 3.856915980577468872e-03
5.807379999999555366e+03 3.353487700223922729e-02 3.614234505221247673e-03
5.808859999999554930e+03 3.319400921463966370e-02 3.610297106206417084e-03
5.810339999999554493e+03 3.814766183495521545e-02 3.727548988536000252e-03
5.811819999999554057e+03 3.566086664795875549e-02 3.667707787826657295e-03
5.813299999999553620e+03 4.133995249867439270e-02 3.827581414952874184e-03
5.814779999999553183e+03 4.584427922964096069e-02 3.927320241928100586e-03
5.816259999999552747e+03 4.085307568311691284e-02 3.797260113060474396e-03
5.817739999999552310e+03 3.395341709256172180e-02 3.619071561843156815e-03
5.819219999999551874e+03 3.658910840749740601e-02 3.712022677063941956e-03
5.820699999999551437e+03 4.047022014856338501e-02 3.799206111580133438e-03
5.822179999999551001e+03 3.592326119542121887e-02 3.644425654783844948e-03
5.823659999999550564e+03 3.600518405437469482e-02 3.676562802866101265e-03
5.825139999999550128e+03 4.235997051000595093e-02 3.842046018689870834e-03
5.826619999999549691e+03 4.188122600317001343e-02 3.822044469416141510e-03
5.828099999999549254e+03 3.845538198947906494e-02 3.758474253118038177e-03
5.829579999999548818e+03 4.488762095570564270e-02 3.918650094419717789e-03
5.831059999999548381e+03 4.653800278902053833e-02 3.948854282498359680e-03
5.832539999999547945e+03 4.534833505749702454e-02 3.919122740626335144e-03
5.834019999999547508e+03 4.399052634835243225e-02 3.870585467666387558e-03
5.835499999999547072e+03 4.093910753726959229e-02 3.800610313192009926e-03
5.836979999999546635e+03 4.293447360396385193e-02 3.859250107780098915e-03
5.838459999999546199e+03 3.830458223819732666e-02 3.726375056430697441e-03
5.839939999999545762e+03 4.030908644199371338e-02 3.775491612032055855e-03
5.841419999999545325e+03 4.543711245059967041e-02 3.922663629055023193e-03
5.842899999999544889e+03 4.109052196145057678e-02 3.804790787398815155e-03
5.844379999999544452e+03 3.984922170639038086e-02 3.756661433726549149e-03
5.845859999999544016e+03 4.205791279673576355e-02 3.815688658505678177e-03
5.847339999999543579e+03 4.245503246784210205e-02 3.831589594483375549e-03
5.848819999999543143e+03 4.461654648184776306e-02 3.879665629938244820e-03
5.850299999999542706e+03 3.976666927337646484e-02 3.748335875570774078e-03
5.851779999999542270e+03 4.215395450592041016e-02 3.830644534900784492e-03
5.853259999999541833e+03 4.679144918918609619e-02 3.942494746297597885e-03
5.854739999999541396e+03 3.772811591625213623e-02 3.694718237966299057e-03
5.856219999999540960e+03 4.030553251504898071e-02 3.784282365813851357e-03
5.857699999999540523e+03 4.434033855795860291e-02 3.890968160703778267e-03
5.859179999999540087e+03 4.034617543220520020e-02 3.784395288676023483e-03
5.860659999999539650e+03 3.587774187326431274e-02 3.680083667859435081e-03
5.862139999999539214e+03 4.130360111594200134e-02 3.853370668366551399e-03
5.863619999999538777e+03 4.623658210039138794e-02 4.098000004887580872e-03
5.865099999999538340e+03 4.151412844657897949e-02 4.175543785095214844e-03
5.866579999999537904e+03 4.245123267173767090e-02 4.301034379750490189e-03
5.868059999999537467e+03 4.074726253747940063e-02 4.168925341218709946e-03
5.869539999999537031e+03 4.293777793645858765e-02 4.049849230796098709e-03
5.871019999999536594e+03 4.321298003196716309e-02 3.969363402575254440e-03
5.872499999999536158e+03 4.086106643080711365e-02 3.925039432942867279e-03
5.873979999999535721e+03 4.221032559871673584e-02 3.964278381317853928e-03
5.875459999999535285e+03 4.548950493335723877e-02 4.021669737994670868e-03
5.876939999999534848e+03 3.777614980936050415e-02 3.815401578322052956e-03
5.878419999999534411e+03 4.024980962276458740e-02 3.852720372378826141e-03
5.879899999999533975e+03 4.946040734648704529e-02 4.077340941876173019e-03
5.881379999999533538e+03 4.322418570518493652e-02 3.914045169949531555e-03
5.882859999999533102e+03 3.911980986595153809e-02 3.810003167018294334e-03
5.884339999999532665e+03 4.132639989256858826e-02 3.807940986007452011e-03
5.885819999999532229e+03 4.185551404953002930e-02 4.175515379756689072e-03
5.887299999999531792e+03 2.466455101966857910e-02 7.186852861195802689e-03
5.888779999999531356e+03 2.805799245834350586e-02 1.128825824707746506e-02
5.890259999999530919e+03 6.002257578074932098e-03 1.097635645419359207e-02
5.891739999999530482e+03 -1.582081243395805359e-02 7.565558422356843948e-03
5.893219999999530046e+03 3.113922104239463806e-02 4.097656346857547760e-03
5.894699999999529609e+03 3.968938440084457397e-02 4.732302390038967133e-03
5.896179999999529173e+03 3.823316842317581177e-02 4.647986497730016708e-03
5.897659999999528736e+03 3.335576504468917847e-02 3.976309206336736679e-03
5.899139999999528300e+03 3.517178073525428772e-02 3.685240168124437332e-03
5.900619999999527863e+03 4.030170664191246033e-02 3.830228466540575027e-03
5.902099999999527427e+03 4.353763535618782043e-02 3.936755470931529999e-03
5.903579999999526990e+03 3.148322924971580505e-02 3.633134998381137848e-03
5.905059999999526553e+03 4.022135958075523376e-02 3.893333021551370621e-03
5.906539999999526117e+03 4.610488563776016235e-02 4.090670030564069748e-03
5.908019999999525680e+03 4.160284623503684998e-02 3.905813675373792648e-03
5.909499999999525244e+03 3.535514324903488159e-02 3.649050835520029068e-03
5.910979999999524807e+03 3.646344691514968872e-02 3.704600967466831207e-03
5.912459999999524371e+03 4.493180662393569946e-02 3.986447118222713470e-03
5.913939999999523934e+03 4.747018963098526001e-02 4.275999963283538818e-03
5.915419999999523498e+03 3.965502232313156128e-02 4.180875606834888458e-03
5.916899999999523061e+03 3.635717555880546570e-02 3.880180651322007179e-03
5.918379999999522624e+03 4.388440772891044617e-02 3.863781690597534180e-03
5.919859999999522188e+03 3.757863491773605347e-02 3.717118641361594200e-03
5.921339999999521751e+03 4.709361866116523743e-02 3.976528998464345932e-03
5.922819999999521315e+03 4.670467600226402283e-02 4.008064512163400650e-03
5.924299999999520878e+03 3.979089856147766113e-02 3.929302562028169632e-03
5.925779999999520442e+03 3.445126861333847046e-02 3.743410110473632812e-03
5.927259999999520005e+03 3.900561481714248657e-02 3.734534606337547302e-03
5.928739999999519569e+03 3.538778424263000488e-02 3.611261025071144104e-03
5.930219999999519132e+03 3.888484090566635132e-02 3.827602369710803032e-03
5.931699999999518695e+03 4.510951042175292969e-02 4.312832839787006378e-03
5.933179999999518259e+03 3.819043189287185669e-02 4.188740625977516174e-03
5.934659999999517822e+03 4.256944358348846436e-02 3.976262640208005905e-03
5.936139999999517386e+03 3.481458127498626709e-02 3.632240695878863335e-03
5.937619999999516949e+03 4.678351432085037231e-02 3.926857374608516693e-03
5.939099999999516513e+03 4.386586323380470276e-02 3.874571993947029114e-03
5.940579999999516076e+03 3.385093063116073608e-02 3.577740630134940147e-03
5.942059999999515640e+03 3.143427148461341858e-02 3.499155864119529724e-03
5.943539999999515203e+03 3.532668948173522949e-02 3.677806118503212929e-03
5.945019999999514766e+03 3.658154234290122986e-02 3.805348183959722519e-03
5.946499999999514330e+03 3.890198469161987305e-02 3.879133379086852074e-03
5.947979999999513893e+03 3.824132680892944336e-02 3.721748013049364090e-03
5.949459999999513457e+03 3.669300302863121033e-02 3.663923125714063644e-03
5.950939999999513020e+03 4.567866772413253784e-02 4.023250658065080643e-03
5.952419999999512584e+03 4.908142238855361938e-02 4.338276106864213943e-03
5.953899999999512147e+03 3.976327925920486450e-02 4.123380873352289200e-03
5.955379999999511710e+03 3.618491441011428833e-02 3.784243715927004814e-03
5.956859999999511274e+03 3.306245058774948120e-02 3.524573519825935364e-03
5.958339999999510837e+03 3.581113740801811218e-02 3.615702968090772629e-03
5.959819999999510401e+03 4.131833463907241821e-02 3.794326214119791985e-03
5.961299999999509964e+03 3.881114348769187927e-02 3.733245655894279480e-03
5.962779999999509528e+03 3.481933474540710449e-02 3.609041683375835419e-03
5.964259999999509091e+03 3.576017171144485474e-02 3.647135337814688683e-03
5.965739999999508655e+03 3.932628780603408813e-02 3.711525816470384598e-03
5.967219999999508218e+03 4.024463519454002380e-02 3.733684774488210678e-03
5.968699999999507781e+03 4.079186171293258667e-02 3.846194362267851830e-03
5.970179999999507345e+03 4.315556585788726807e-02 3.946929238736629486e-03
5.971659999999506908e+03 3.729151934385299683e-02 3.734405385330319405e-03
5.973139999999506472e+03 3.577367216348648071e-02 3.607796737924218178e-03
5.974619999999506035e+03 3.907598927617073059e-02 3.740697400644421577e-03
5.976099999999505599e+03 3.732618689537048340e-02 3.854343900457024574e-03
5.977579999999505162e+03 4.059248045086860657e-02 3.940666560083627701e-03
5.979059999999504726e+03 4.444848001003265381e-02 3.904174314811825752e-03
5.980539999999504289e+03 4.117110371589660645e-02 3.737769788131117821e-03
5.982019999999503852e+03 4.470383748412132263e-02 3.813032293692231178e-03
5.983499999999503416e+03 6.588777899742126465e-02 4.326598718762397766e-03
5.984979999999502979e+03 6.939691305160522461e-02 4.431133158504962921e-03
5.986459999999502543e+03 5.069871619343757629e-02 3.968712873756885529e-03
5.987939999999502106e+03 3.970990329980850220e-02 3.690616460517048836e-03
5.989419999999501670e+03 3.903928399085998535e-02 3.688585013151168823e-03
5.990899999999501233e+03 3.046046197414398193e-02 3.435124410316348076e-03
5.992379999999500797e+03 3.642136603593826294e-02 3.603605320677161217e-03
5.993859999999500360e+03 3.832450881600379944e-02 3.662979695945978165e-03
5.995339999999499923e+03 3.294341638684272766e-02 3.529107430949807167e-03
5.996819999999499487e+03 4.112206771969795227e-02 3.801327431574463844e-03
5.998299999999499050e+03 3.980587422847747803e-02 3.741882042959332466e-03
5.999779999999498614e+03 3.144442662596702576e-02 3.461148124188184738e-03
6.001259999999498177e+03 3.243165835738182068e-02 3.517362987622618675e-03
6.002739999999497741e+03 4.095319285988807678e-02 3.840012708678841591e-03
6.004219999999497304e+03 3.787659853696823120e-02 3.754451638087630272e-03
6.005699999999496868e+03 4.169911146163940430e-02 3.766754642128944397e-03
6.007179999999496431e+03 3.693517670035362244e-02 3.580020973458886147e-03
6.008659999999495994e+03 3.477089107036590576e-02 3.553436836227774620e-03
6.010139999999495558e+03 3.993026912212371826e-02 3.722701920196413994e-03
6.011619999999495121e+03 4.008227586746215820e-02 3.716737730428576469e-03
6.013099999999494685e+03 3.946692496538162231e-02 3.671595361083745956e-03
6.014579999999494248e+03 3.821710497140884399e-02 3.639338305220007896e-03
6.016059999999493812e+03 3.957219421863555908e-02 3.666221862658858299e-03
6.017539999999493375e+03 4.256945475935935974e-02 3.733274759724736214e-03
6.019019999999492939e+03 4.352923855185508728e-02 3.744739107787609100e-03
6.020499999999492502e+03 3.798744082450866699e-02 3.591230837628245354e-03
6.021979999999492065e+03 4.008727520704269409e-02 3.658829722553491592e-03
6.023459999999491629e+03 3.937833756208419800e-02 3.636900568380951881e-03
6.024939999999491192e+03 4.532564431428909302e-02 3.800844773650169373e-03
6.026419999999490756e+03 3.552348539233207703e-02 3.531478345394134521e-03
6.027899999999490319e+03 4.580577462911605835e-02 3.825256135314702988e-03
6.029379999999489883e+03 4.246740788221359253e-02 3.754539415240287781e-03
6.030859999999489446e+03 3.380876779556274414e-02 3.486108966171741486e-03
6.032339999999489009e+03 4.086487367749214172e-02 3.758450038731098175e-03
6.033819999999488573e+03 3.863963484764099121e-02 3.707210766151547432e-03
6.035299999999488136e+03 3.996865451335906982e-02 3.703768597915768623e-03
6.036779999999487700e+03 3.892371058464050293e-02 3.645971650257706642e-03
6.038259999999487263e+03 3.662812337279319763e-02 3.592455061152577400e-03
6.039739999999486827e+03 3.675202280282974243e-02 3.575224895030260086e-03
6.041219999999486390e+03 3.703908249735832214e-02 3.593886038288474083e-03
6.042699999999485954e+03 3.966294974088668823e-02 3.647770965471863747e-03
6.044179999999485517e+03 3.386078774929046631e-02 3.507595974951982498e-03
6.045659999999485080e+03 3.733161836862564087e-02 3.593718167394399643e-03
6.047139999999484644e+03 3.992687538266181946e-02 3.657121909782290459e-03
6.048619999999484207e+03 3.764286637306213379e-02 3.597402945160865784e-03
6.050099999999483771e+03 3.991500660777091980e-02 3.657602239400148392e-03
6.051579999999483334e+03 4.378242045640945435e-02 3.751778742298483849e-03
6.053059999999482898e+03 4.291707277297973633e-02 3.731879871338605881e-03
6.054539999999482461e+03 3.408614546060562134e-02 3.483140142634510994e-03
6.056019999999482025e+03 3.793129324913024902e-02 3.574456321075558662e-03
6.057499999999481588e+03 3.750309720635414124e-02 3.576763672754168510e-03
6.058979999999481151e+03 3.541388362646102905e-02 3.527379827573895454e-03
6.060459999999480715e+03 4.606950283050537109e-02 3.808994544669985771e-03
6.061939999999480278e+03 4.108334705233573914e-02 3.697247942909598351e-03
6.063419999999479842e+03 3.684088215231895447e-02 3.573929890990257263e-03
6.064899999999479405e+03 4.239480197429656982e-02 3.689149627462029457e-03
6.066379999999478969e+03 4.067229479551315308e-02 3.668037708848714828e-03
6.067859999999478532e+03 3.882998973131179810e-02 3.636397887021303177e-03
6.069339999999478096e+03 3.302259743213653564e-02 3.434424288570880890e-03
6.070819999999477659e+03 3.531213849782943726e-02 3.477809019386768341e-03
6.072299999999477222e+03 3.989525884389877319e-02 3.641271265223622322e-03
6.073779999999476786e+03 3.731025010347366333e-02 3.579704090952873230e-03
6.075259999999476349e+03 3.779834881424903870e-02 3.575742244720458984e-03
6.076739999999475913e+03 3.858705610036849976e-02 3.591652959585189819e-03
6.078219999999475476e+03 3.948049247264862061e-02 3.610168583691120148e-03
6.079699999999475040e+03 3.763104230165481567e-02 3.582955803722143173e-03
6.081179999999474603e+03 3.689854592084884644e-02 3.550483146682381630e-03
6.082659999999474167e+03 3.723701834678649902e-02 3.560790093615651131e-03
6.084139999999473730e+03 3.336703032255172729e-02 3.446764778345823288e-03
6.085619999999473293e+03 3.907641768455505371e-02 3.618990303948521614e-03
6.087099999999472857e+03 3.055994957685470581e-02 3.359810682013630867e-03
6.088579999999472420e+03 3.619736060500144958e-02 3.520197933539748192e-03
6.090059999999471984e+03 4.240568727254867554e-02 3.698646789416670799e-03
6.091539999999471547e+03 3.589172661304473877e-02 3.491388866677880287e-03
6.093019999999471111e+03 4.001420363783836365e-02 3.597720293328166008e-03
6.094499999999470674e+03 3.788699209690093994e-02 3.570976667106151581e-03
6.095979999999470238e+03 3.656394779682159424e-02 3.508577588945627213e-03
6.097459999999469801e+03 4.012927040457725525e-02 3.628027392551302910e-03
6.098939999999469364e+03 4.779039695858955383e-02 3.837923519313335419e-03
6.100419999999468928e+03 4.349354654550552368e-02 3.704065689817070961e-03
6.101899999999468491e+03 3.921601176261901855e-02 3.572915447875857353e-03
6.103379999999468055e+03 3.406602516770362854e-02 3.424444003030657768e-03
6.104859999999467618e+03 4.124572500586509705e-02 3.657056717202067375e-03
6.106339999999467182e+03 3.794710710644721985e-02 3.558531869202852249e-03
6.107819999999466745e+03 3.745290264487266541e-02 3.559084609150886536e-03
6.109299999999466309e+03 4.322453588247299194e-02 3.728816052898764610e-03
6.110779999999465872e+03 3.647690266370773315e-02 3.533872775733470917e-03
6.112259999999465435e+03 4.003627598285675049e-02 3.619142808020114899e-03
6.113739999999464999e+03 3.862184286117553711e-02 3.577930619940161705e-03
6.115219999999464562e+03 4.381882026791572571e-02 3.729420481249690056e-03
6.116699999999464126e+03 3.853768110275268555e-02 3.584018209949135780e-03
6.118179999999463689e+03 3.624725714325904846e-02 3.525703912600874901e-03
6.119659999999463253e+03 3.939861804246902466e-02 3.588381456211209297e-03
6.121139999999462816e+03 3.951527178287506104e-02 3.558005439117550850e-03
6.122619999999462379e+03 3.471018373966217041e-02 3.445408307015895844e-03
6.124099999999461943e+03 3.234917297959327698e-02 3.385828575119376183e-03
6.125579999999461506e+03 3.919364511966705322e-02 3.608146216720342636e-03
6.127059999999461070e+03 4.390793666243553162e-02 3.732706885784864426e-03
6.128539999999460633e+03 4.120793566107749939e-02 3.632732201367616653e-03
6.130019999999460197e+03 4.227944836020469666e-02 3.657435299828648567e-03
6.131499999999459760e+03 4.437921196222305298e-02 3.707797965034842491e-03
6.132979999999459324e+03 3.481578454375267029e-02 3.439649008214473724e-03
6.134459999999458887e+03 2.909532003104686737e-02 3.301734570413827896e-03
6.135939999999458450e+03 3.606501966714859009e-02 3.503509331494569778e-03
6.137419999999458014e+03 3.427173197269439697e-02 3.453920828178524971e-03
6.138899999999457577e+03 3.150092810392379761e-02 3.465482266619801521e-03
6.140379999999457141e+03 3.804145753383636475e-02 3.615110414102673531e-03
6.141859999999456704e+03 4.293724894523620605e-02 3.760277526453137398e-03
6.143339999999456268e+03 4.020686075091362000e-02 3.759594401344656944e-03
6.144819999999455831e+03 3.856220096349716187e-02 3.713392186909914017e-03
6.146299999999455395e+03 3.874339163303375244e-02 3.607781603932380676e-03
6.147779999999454958e+03 3.843265026807785034e-02 3.558936296030879021e-03
6.149259999999454521e+03 3.876736015081405640e-02 3.600992262363433838e-03
6.150739999999454085e+03 3.781471401453018188e-02 3.587478538975119591e-03
6.152219999999453648e+03 4.199411720037460327e-02 3.679637098684906960e-03
6.153699999999453212e+03 4.085802659392356873e-02 3.618846414610743523e-03
6.155179999999452775e+03 3.854087740182876587e-02 3.554616821929812431e-03
6.156659999999452339e+03 3.948836028575897217e-02 3.584211692214012146e-03
6.158139999999451902e+03 3.896872699260711670e-02 3.557488787919282913e-03
6.159619999999451466e+03 4.167050868272781372e-02 3.607543418183922768e-03
6.161099999999451029e+03 4.615499079227447510e-02 3.723659552633762360e-03
6.162579999999450592e+03 4.234150052070617676e-02 3.577779280021786690e-03
6.164059999999450156e+03 4.029729217290878296e-02 3.558825002983212471e-03
6.165539999999449719e+03 4.053679108619689941e-02 3.573039546608924866e-03
6.167019999999449283e+03 3.859940916299819946e-02 3.521404694765806198e-03
6.168499999999448846e+03 4.190132021903991699e-02 3.712221514433622360e-03
6.169979999999448410e+03 3.688143938779830933e-02 3.708919277414679527e-03
6.171459999999447973e+03 3.704972192645072937e-02 3.720009699463844299e-03
6.172939999999447537e+03 4.000548645853996277e-02 3.632281208410859108e-03
6.174419999999447100e+03 3.888086229562759399e-02 3.614178625866770744e-03
6.175899999999446663e+03 3.828569129109382629e-02 3.630468854680657387e-03
6.177379999999446227e+03 3.734487667679786682e-02 3.585474565625190735e-03
6.178859999999445790e+03 4.051319509744644165e-02 3.609125968068838120e-03
6.180339999999445354e+03 3.677936643362045288e-02 3.491933457553386688e-03
6.181819999999444917e+03 4.067380353808403015e-02 3.619809867814183235e-03
6.183299999999444481e+03 4.215358570218086243e-02 3.685884643346071243e-03
6.184779999999444044e+03 3.885301947593688965e-02 3.582017030566930771e-03
6.186259999999443608e+03 3.747818246483802795e-02 3.524953499436378479e-03
6.187739999999443171e+03 3.148767352104187012e-02 3.366008400917053223e-03
6.189219999999442734e+03 3.542497754096984863e-02 3.464353270828723907e-03
6.190699999999442298e+03 3.843266516923904419e-02 3.537443233653903008e-03
6.192179999999441861e+03 3.862706199288368225e-02 3.582582343369722366e-03
6.193659999999441425e+03 3.968310728669166565e-02 3.594581503421068192e-03
6.195139999999440988e+03 3.174400702118873596e-02 3.320115851238369942e-03
6.196619999999440552e+03 3.226991742849349976e-02 3.334691515192389488e-03
6.198099999999440115e+03 3.831456601619720459e-02 3.504510736092925072e-03
6.199579999999439679e+03 4.415125399827957153e-02 3.711840137839317322e-03
6.201059999999439242e+03 4.685331135988235474e-02 3.898828988894820213e-03
6.202539999999438805e+03 3.786718845367431641e-02 3.760782536119222641e-03
6.204019999999438369e+03 3.717628493905067444e-02 3.657000372186303139e-03
6.205499999999437932e+03 3.651944920420646667e-02 3.496555844321846962e-03
6.206979999999437496e+03 3.520596772432327271e-02 3.484538523480296135e-03
6.208459999999437059e+03 3.484111279249191284e-02 3.488956019282341003e-03
6.209939999999436623e+03 3.874777629971504211e-02 3.575863316655158997e-03
6.211419999999436186e+03 3.776359185576438904e-02 3.575954353436827660e-03
6.212899999999435749e+03 3.965773433446884155e-02 3.629799233749508858e-03
6.214379999999435313e+03 4.090156778693199158e-02 3.614666406065225601e-03
6.215859999999434876e+03 3.718754649162292480e-02 3.514697309583425522e-03
6.217339999999434440e+03 3.604760766029357910e-02 3.458673600107431412e-03
6.218819999999434003e+03 3.593906760215759277e-02 3.488730406388640404e-03
6.220299999999433567e+03 4.091614484786987305e-02 3.745563561096787453e-03
6.221779999999433130e+03 4.060060530900955200e-02 3.785021137446165085e-03
6.223259999999432694e+03 4.174267500638961792e-02 3.736397251486778259e-03
6.224739999999432257e+03 3.939544409513473511e-02 3.586654318496584892e-03
6.226219999999431820e+03 4.065310955047607422e-02 3.592674387618899345e-03
6.227699999999431384e+03 4.571794345974922180e-02 3.740558633580803871e-03
6.229179999999430947e+03 3.887618333101272583e-02 3.546324558556079865e-03
6.230659999999430511e+03 4.009151458740234375e-02 3.576846094802021980e-03
6.232139999999430074e+03 4.427860304713249207e-02 3.869696520268917084e-03
6.233619999999429638e+03 3.431834280490875244e-02 4.030180629342794418e-03
6.235099999999429201e+03 3.647972270846366882e-02 4.418065771460533142e-03
6.236579999999428765e+03 3.554026782512664795e-02 4.231026396155357361e-03
6.238059999999428328e+03 3.266073018312454224e-02 3.701960667967796326e-03
6.239539999999427891e+03 3.730237483978271484e-02 3.701957874000072479e-03
6.241019999999427455e+03 3.876563534140586853e-02 3.803150029852986336e-03
6.242499999999427018e+03 3.927629441022872925e-02 3.795309690758585930e-03
6.243979999999426582e+03 4.213241487741470337e-02 3.790113609284162521e-03
6.245459999999426145e+03 4.146521911025047302e-02 3.662071889266371727e-03
6.246939999999425709e+03 3.800623118877410889e-02 3.527858993038535118e-03
6.248419999999425272e+03 3.511831164360046387e-02 3.472015960142016411e-03
6.249899999999424836e+03 3.521940112113952637e-02 3.449732204899191856e-03
6.251379999999424399e+03 3.579895943403244019e-02 3.420275170356035233e-03
6.252859999999423962e+03 3.390660881996154785e-02 3.375559346750378609e-03
6.254339999999423526e+03 3.525905311107635498e-02 3.487361362203955650e-03
6.255819999999423089e+03 3.482991456985473633e-02 3.937548026442527771e-03
6.257299999999422653e+03 3.509053587913513184e-02 4.346369765698909760e-03
6.258779999999422216e+03 4.011130332946777344e-02 4.286946728825569153e-03
6.260259999999421780e+03 3.427578508853912354e-02 3.592790802940726280e-03
6.261739999999421343e+03 3.622887656092643738e-02 3.510134294629096985e-03
6.263219999999420907e+03 3.722815215587615967e-02 3.683027578517794609e-03
6.264699999999420470e+03 3.737542778253555298e-02 3.812180832028388977e-03
6.266179999999420033e+03 3.991279751062393188e-02 3.845293074846267700e-03
6.267659999999419597e+03 3.430708497762680054e-02 3.509392729029059410e-03
6.269139999999419160e+03 3.790020942687988281e-02 3.559362608939409256e-03
6.270619999999418724e+03 3.482408821582794189e-02 3.433426376432180405e-03
6.272099999999418287e+03 3.874915838241577148e-02 3.546006279066205025e-03
6.273579999999417851e+03 3.716427832841873169e-02 3.568604821339249611e-03
6.275059999999417414e+03 3.285954520106315613e-02 3.478846978396177292e-03
6.276539999999416978e+03 3.358960524201393127e-02 3.539714496582746506e-03
6.278019999999416541e+03 2.703791297972202301e-02 3.353673033416271210e-03
6.279499999999416104e+03 3.520837053656578064e-02 3.483206732198596001e-03
6.280979999999415668e+03 3.541507944464683533e-02 3.413102822378277779e-03
6.282459999999415231e+03 3.742330521345138550e-02 3.488220972940325737e-03
6.283939999999414795e+03 3.004831634461879730e-02 3.347106277942657471e-03
6.285419999999414358e+03 3.168961033225059509e-02 3.782218554988503456e-03
6.286899999999413922e+03 3.548625484108924866e-02 4.191300366073846817e-03
6.288379999999413485e+03 3.701249137520790100e-02 4.083915147930383682e-03
6.289859999999413048e+03 3.602339699864387512e-02 3.602499607950448990e-03
6.291339999999412612e+03 3.566107153892517090e-02 3.451632568612694740e-03
6.292819999999412175e+03 3.935164958238601685e-02 3.544813022017478943e-03
6.294299999999411739e+03 3.549688681960105896e-02 3.467600094154477119e-03
6.295779999999411302e+03 3.111169487237930298e-02 3.393144579604268074e-03
6.297259999999410866e+03 2.473234198987483978e-02 4.786912351846694946e-03
6.298739999999410429e+03 3.976453840732574463e-02 8.569948375225067139e-03
6.300219999999409993e+03 6.916795670986175537e-02 9.859221056103706360e-03
6.301699999999409556e+03 4.664008319377899170e-02 7.481505628675222397e-03
6.303179999999409119e+03 1.915716752409934998e-02 3.617491340264678001e-03
6.304659999999408683e+03 3.384886682033538818e-02 3.753575962036848068e-03
6.306139999999408246e+03 3.660356253385543823e-02 4.297203384339809418e-03
6.307619999999407810e+03 3.352321311831474304e-02 4.128723870962858200e-03
6.309099999999407373e+03 2.800029516220092773e-02 3.427680348977446556e-03
6.310579999999406937e+03 3.841851279139518738e-02 3.525711130350828171e-03
6.312059999999406500e+03 3.893068805336952209e-02 3.517162753269076347e-03
6.313539999999406064e+03 3.793891891837120056e-02 3.462323453277349472e-03
6.315019999999405627e+03 4.298054799437522888e-02 3.600212512537837029e-03
6.316499999999405190e+03 3.544363379478454590e-02 3.368784207850694656e-03
6.317979999999404754e+03 3.504968062043190002e-02 3.387260483577847481e-03
6.319459999999404317e+03 3.747628629207611084e-02 3.612912492826581001e-03
6.320939999999403881e+03 3.586958348751068115e-02 3.704817965626716614e-03
6.322419999999403444e+03 3.452306240797042847e-02 3.586445236578583717e-03
6.323899999999403008e+03 3.849932178854942322e-02 3.559834323823451996e-03
6.325379999999402571e+03 3.844885900616645813e-02 3.514475189149379730e-03
6.326859999999402135e+03 3.943707048892974854e-02 3.696522442623972893e-03
6.328339999999401698e+03 4.174837842583656311e-02 4.174125846475362778e-03
6.329819999999401261e+03 3.380664438009262085e-02 4.151264671236276627e-03
6.331299999999400825e+03 3.037995100021362305e-02 3.667091252282261848e-03
6.332779999999400388e+03 3.721206635236740112e-02 3.484899643808603287e-03
6.334259999999399952e+03 4.111216962337493896e-02 3.571922658011317253e-03
6.335739999999399515e+03 3.239605575799942017e-02 3.318411065265536308e-03
6.337219999999399079e+03 3.037432953715324402e-02 3.256555879488587379e-03
6.338699999999398642e+03 3.830243647098541260e-02 3.498913021758198738e-03
6.340179999999398206e+03 4.060673713684082031e-02 3.546179505065083504e-03
6.341659999999397769e+03 3.921641781926155090e-02 3.509236034005880356e-03
6.343139999999397332e+03 3.846450895071029663e-02 3.492802614346146584e-03
6.344619999999396896e+03 3.438552469015121460e-02 3.391224890947341919e-03
6.346099999999396459e+03 2.950992621481418610e-02 3.361903596669435501e-03
6.347579999999396023e+03 3.110035508871078491e-02 3.501445055007934570e-03
6.349059999999395586e+03 3.642806038260459900e-02 3.620715113356709480e-03
6.350539999999395150e+03 3.577713668346405029e-02 3.483683802187442780e-03
6.352019999999394713e+03 3.850515931844711304e-02 3.515842370688915253e-03
6.353499999999394277e+03 3.761700168251991272e-02 3.597638802602887154e-03
6.354979999999393840e+03 3.986945003271102905e-02 3.938035573810338974e-03
6.356459999999393403e+03 3.579278290271759033e-02 3.860736731439828873e-03
6.357939999999392967e+03 3.755068033933639526e-02 3.635799046605825424e-03
6.359419999999392530e+03 3.556726500391960144e-02 3.455223748460412025e-03
6.360899999999392094e+03 2.660704776644706726e-02 3.787799039855599403e-03
6.362379999999391657e+03 3.023229725658893585e-02 5.634177941828966141e-03
6.363859999999391221e+03 5.737085267901420593e-02 6.382838822901248932e-03
6.365339999999390784e+03 3.624898940324783325e-02 4.744155798107385635e-03
6.366819999999390348e+03 2.693446725606918335e-02 3.272516420111060143e-03
6.368299999999389911e+03 3.294974565505981445e-02 3.287710482254624367e-03
6.369779999999389474e+03 3.173172473907470703e-02 3.313295077532529831e-03
6.371259999999389038e+03 3.300500661134719849e-02 3.359128953889012337e-03
6.372739999999388601e+03 2.862871624529361725e-02 3.217513673007488251e-03
6.374219999999388165e+03 3.360562026500701904e-02 3.377716289833188057e-03
6.375699999999387728e+03 3.379618376493453979e-02 3.370305988937616348e-03
6.377179999999387292e+03 3.700409829616546631e-02 3.528924658894538879e-03
6.378659999999386855e+03 3.310760110616683960e-02 3.478452330455183983e-03
6.380139999999386418e+03 3.354255110025405884e-02 3.447266062721610069e-03
6.381619999999385982e+03 3.708582744002342224e-02 3.467300906777381897e-03
6.383099999999385545e+03 3.082503750920295715e-02 3.320487914606928825e-03
6.384579999999385109e+03 3.353502601385116577e-02 3.511324990540742874e-03
6.386059999999384672e+03 3.008606471121311188e-02 3.507030894979834557e-03
6.387539999999384236e+03 2.416132390499114990e-02 3.231150796636939049e-03
6.389019999999383799e+03 3.238435089588165283e-02 3.351927967742085457e-03
6.390499999999383363e+03 3.296047076582908630e-02 3.365400712937116623e-03
6.391979999999382926e+03 3.006669878959655762e-02 3.247373504564166069e-03
6.393459999999382489e+03 3.522785380482673645e-02 3.401016118004918098e-03
6.394939999999382053e+03 3.693538531661033630e-02 3.444221802055835724e-03
6.396419999999381616e+03 3.808938339352607727e-02 3.474586410447955132e-03
6.397899999999381180e+03 3.315171599388122559e-02 3.307100851088762283e-03
6.399379999999380743e+03 3.260757401585578918e-02 3.309870837256312370e-03
6.400859999999380307e+03 3.684226423501968384e-02 3.392064478248357773e-03
6.402339999999379870e+03 4.157967120409011841e-02 3.557167714461684227e-03
6.403819999999379434e+03 3.879785165190696716e-02 3.464541863650083542e-03
6.405299999999378997e+03 3.682883083820343018e-02 3.421050263568758965e-03
6.406779999999378560e+03 4.003512114286422729e-02 3.475544741377234459e-03
6.408259999999378124e+03 3.582032024860382080e-02 3.364760428667068481e-03
6.409739999999377687e+03 3.282794728875160217e-02 3.319515846669673920e-03
6.411219999999377251e+03 3.707817196846008301e-02 3.475518198683857918e-03
6.412699999999376814e+03 3.279427811503410339e-02 3.379778005182743073e-03
6.414179999999376378e+03 3.317753970623016357e-02 3.377215936779975891e-03
6.415659999999375941e+03 4.904844239354133606e-02 3.765500383451581001e-03
6.417139999999375505e+03 6.052040681242942810e-02 4.047688096761703491e-03
6.418619999999375068e+03 5.148920044302940369e-02 3.859536256641149521e-03
6.420099999999374631e+03 3.619544953107833862e-02 3.513367380946874619e-03
6.421579999999374195e+03 3.490068018436431885e-02 3.415386890992522240e-03
6.423059999999373758e+03 3.627052903175354004e-02 3.395973006263375282e-03
6.424539999999373322e+03 3.598543256521224976e-02 3.386667929589748383e-03
6.426019999999372885e+03 3.589968755841255188e-02 3.386847674846649170e-03
6.427499999999372449e+03 4.004557430744171143e-02 3.476104931905865669e-03
6.428979999999372012e+03 4.118252173066139221e-02 3.501205705106258392e-03
6.430459999999371576e+03 3.854775801301002502e-02 3.450980409979820251e-03
6.431939999999371139e+03 4.046119004487991333e-02 3.529901150614023209e-03
6.433419999999370702e+03 3.686299175024032593e-02 3.427673829719424248e-03
6.434899999999370266e+03 3.538113087415695190e-02 3.378582419827580452e-03
6.436379999999369829e+03 3.595387935638427734e-02 3.395390929654240608e-03
6.437859999999369393e+03 3.441704809665679932e-02 3.311828710138797760e-03
6.439339999999368956e+03 3.979757055640220642e-02 3.497102297842502594e-03
6.440819999999368520e+03 3.458976373076438904e-02 3.337865462526679039e-03
6.442299999999368083e+03 3.662465512752532959e-02 3.395936219021677971e-03
6.443779999999367647e+03 3.403317183256149292e-02 3.352589905261993408e-03
6.445259999999367210e+03 3.267364948987960815e-02 3.283499274402856827e-03
6.446739999999366773e+03 3.470614925026893616e-02 3.338272916153073311e-03
6.448219999999366337e+03 3.391413763165473938e-02 3.349798265844583511e-03
6.449699999999365900e+03 3.405621647834777832e-02 3.369339508935809135e-03
6.451179999999365464e+03 3.550581261515617371e-02 3.449163166806101799e-03
6.452659999999365027e+03 3.479956835508346558e-02 3.442311892285943031e-03
6.454139999999364591e+03 3.643084317445755005e-02 3.434233600273728371e-03
6.455619999999364154e+03 3.716729953885078430e-02 3.458700375631451607e-03
6.457099999999363718e+03 4.049277305603027344e-02 3.599080024287104607e-03
6.458579999999363281e+03 3.806752711534500122e-02 3.513360861688852310e-03
6.460059999999362844e+03 3.529362753033638000e-02 3.393239108845591545e-03
6.461539999999362408e+03 3.403264284133911133e-02 3.464013338088989258e-03
6.463019999999361971e+03 3.605899587273597717e-02 3.674351843073964119e-03
6.464499999999361535e+03 3.695652633905410767e-02 3.834462724626064301e-03
6.465979999999361098e+03 3.198968619108200073e-02 3.647372359409928322e-03
6.467459999999360662e+03 3.130777180194854736e-02 3.517136443406343460e-03
6.468939999999360225e+03 3.571869432926177979e-02 3.732680343091487885e-03
6.470419999999359788e+03 3.906273841857910156e-02 3.915096167474985123e-03
6.471899999999359352e+03 3.888200595974922180e-02 3.756683319807052612e-03
6.473379999999358915e+03 3.678656741976737976e-02 3.464314853772521019e-03
6.474859999999358479e+03 3.508234024047851562e-02 3.424338065087795258e-03
6.476339999999358042e+03 3.438239172101020813e-02 3.452799050137400627e-03
6.477819999999357606e+03 3.476907312870025635e-02 3.499611280858516693e-03
6.479299999999357169e+03 3.375267237424850464e-02 3.392737358808517456e-03
6.480779999999356733e+03 4.489916563034057617e-02 3.637673798948526382e-03
6.482259999999356296e+03 4.066279530525207520e-02 3.501732368022203445e-03
6.483739999999355859e+03 4.001319408416748047e-02 3.485643537715077400e-03
6.485219999999355423e+03 3.755202516913414001e-02 3.425823291763663292e-03
6.486699999999354986e+03 3.161370754241943359e-02 3.263407154008746147e-03
6.488179999999354550e+03 3.748032823204994202e-02 3.439997322857379913e-03
6.489659999999354113e+03 3.333515673875808716e-02 3.317514201626181602e-03
6.491139999999353677e+03 3.285097330808639526e-02 3.287790575996041298e-03
6.492619999999353240e+03 4.132597148418426514e-02 3.517344594001770020e-03
6.494099999999352804e+03 3.589108586311340332e-02 3.353812964633107185e-03
6.495579999999352367e+03 3.032378479838371277e-02 3.442634828388690948e-03
6.497059999999351930e+03 3.713952749967575073e-02 4.139177966862916946e-03
6.498539999999351494e+03 4.442392662167549133e-02 4.379926715046167374e-03
6.500019999999351057e+03 3.655280545353889465e-02 3.893994493409991264e-03
6.501499999999350621e+03 3.405001759529113770e-02 3.440946573391556740e-03
6.502979999999350184e+03 3.846416994929313660e-02 3.646796569228172302e-03
6.504459999999349748e+03 3.924148157238960266e-02 3.748356830328702927e-03
6.505939999999349311e+03 4.082590714097023010e-02 3.703194204717874527e-03
6.507419999999348875e+03 3.786936774849891663e-02 3.453742712736129761e-03
6.508899999999348438e+03 3.347095847129821777e-02 3.317056223750114441e-03
6.510379999999348001e+03 3.145904839038848877e-02 3.253512782976031303e-03
6.511859999999347565e+03 3.567644208669662476e-02 3.435820108279585838e-03
6.513339999999347128e+03 3.613496571779251099e-02 3.479811362922191620e-03
6.514819999999346692e+03 3.758197277784347534e-02 3.469019196927547455e-03
6.516299999999346255e+03 3.362820297479629517e-02 3.276844276115298271e-03
6.517779999999345819e+03 3.714245557785034180e-02 3.392715007066726685e-03
6.519259999999345382e+03 3.101652115583419800e-02 3.265902632847428322e-03
6.520739999999344946e+03 3.799564391374588013e-02 3.605074249207973480e-03
6.522219999999344509e+03 3.941679745912551880e-02 3.658594330772757530e-03
6.523699999999344072e+03 3.118139877915382385e-02 3.350774059072136879e-03
6.525179999999343636e+03 3.408157825469970703e-02 3.367241239175200462e-03
6.526659999999343199e+03 4.271339625120162964e-02 3.588691819459199905e-03
6.528139999999342763e+03 3.563906252384185791e-02 3.371065016835927963e-03
6.529619999999342326e+03 3.150723874568939209e-02 3.336291294544935226e-03
6.531099999999341890e+03 3.390965610742568970e-02 3.844182007014751434e-03
6.532579999999341453e+03 3.557071834802627563e-02 4.131841938942670822e-03
6.534059999999341017e+03 3.744165226817131042e-02 3.898024559020996094e-03
6.535539999999340580e+03 3.956691920757293701e-02 3.581311088055372238e-03
6.537019999999340143e+03 3.348214551806449890e-02 3.263298887759447098e-03
6.538499999999339707e+03 3.014532476663589478e-02 3.199430648237466812e-03
6.539979999999339270e+03 3.626077622175216675e-02 3.438815474510192871e-03
6.541459999999338834e+03 3.914771229028701782e-02 3.659442067146301270e-03
6.542939999999338397e+03 3.899818658828735352e-02 3.777008503675460815e-03
6.544419999999337961e+03 3.405038639903068542e-02 3.615135094150900841e-03
6.545899999999337524e+03 3.256199136376380920e-02 3.465881571173667908e-03
6.547379999999337088e+03 3.315207362174987793e-02 3.405999159440398216e-03
6.548859999999336651e+03 3.313894569873809814e-02 3.356781555339694023e-03
6.550339999999336214e+03 3.403852134943008423e-02 3.483516164124011993e-03
6.551819999999335778e+03 3.638845682144165039e-02 4.010267090052366257e-03
6.553299999999335341e+03 4.201271384954452515e-02 4.298778716474771500e-03
6.554779999999334905e+03 4.518281668424606323e-02 4.018623847514390945e-03
6.556259999999334468e+03 3.018097952008247375e-02 3.229829715564846992e-03
6.557739999999334032e+03 3.440269827842712402e-02 3.267315682023763657e-03
6.559219999999333595e+03 3.043794259428977966e-02 3.415390383452177048e-03
6.560699999999333158e+03 3.265194594860076904e-02 4.323326051235198975e-03
6.562179999999332722e+03 3.453946113586425781e-02 4.696601536124944687e-03
6.563659999999332285e+03 2.955670282244682312e-02 4.088937770575284958e-03
6.565139999999331849e+03 3.558089584112167358e-02 3.525653155520558357e-03
6.566619999999331412e+03 3.320680931210517883e-02 3.375186817720532417e-03
6.568099999999330976e+03 3.464425727725028992e-02 3.531205002218484879e-03
6.569579999999330539e+03 3.950197994709014893e-02 3.607512684538960457e-03
6.571059999999330103e+03 3.803334757685661316e-02 3.473151475191116333e-03
6.572539999999329666e+03 3.795170038938522339e-02 3.433961421251296997e-03
6.574019999999329229e+03 3.409481793642044067e-02 3.448940115049481392e-03
6.575499999999328793e+03 3.185143321752548218e-02 3.708780976012349129e-03
6.576979999999328356e+03 3.967617079615592957e-02 4.064545501023530960e-03
6.578459999999327920e+03 4.151782393455505371e-02 3.854954382404685020e-03
6.579939999999327483e+03 3.359272330999374390e-02 3.442330751568078995e-03
6.581419999999327047e+03 3.668698295950889587e-02 3.683442715555429459e-03
6.582899999999326610e+03 2.781422249972820282e-02 3.439025953412055969e-03
6.584379999999326174e+03 3.382661566138267517e-02 3.426379524171352386e-03
6.585859999999325737e+03 3.799771517515182495e-02 3.446513321250677109e-03
6.587339999999325300e+03 4.275907948613166809e-02 3.545106388628482819e-03
6.588819999999324864e+03 3.919566795229911804e-02 3.479302860796451569e-03
6.590299999999324427e+03 3.754954040050506592e-02 3.406843869015574455e-03
6.591779999999323991e+03 2.760916203260421753e-02 3.104167059063911438e-03
6.593259999999323554e+03 3.143593668937683105e-02 3.232333809137344360e-03
6.594739999999323118e+03 3.065297752618789673e-02 3.329369006678462029e-03
6.596219999999322681e+03 3.192725032567977905e-02 3.412358928471803665e-03
6.597699999999322245e+03 3.625735640525817871e-02 3.442660206928849220e-03
6.599179999999321808e+03 3.448108211159706116e-02 3.356819273903965950e-03
6.600659999999321371e+03 3.704403340816497803e-02 3.451569471508264542e-03
6.602139999999320935e+03 3.321965411305427551e-02 3.505355212837457657e-03
6.603619999999320498e+03 3.437010198831558228e-02 3.626111662015318871e-03
6.605099999999320062e+03 3.745117411017417908e-02 3.583736484870314598e-03
6.606579999999319625e+03 3.485755622386932373e-02 3.330840962007641792e-03
6.608059999999319189e+03 3.619433194398880005e-02 3.333324100822210312e-03
6.609539999999318752e+03 3.632463514804840088e-02 3.342533484101295471e-03
6.611019999999318316e+03 3.353210166096687317e-02 3.292302833870053291e-03
6.612499999999317879e+03 3.540847450494766235e-02 3.357438370585441589e-03
6.613979999999317442e+03 3.740146011114120483e-02 3.398446599021553993e-03
6.615459999999317006e+03 3.371370956301689148e-02 3.296228824183344841e-03
6.616939999999316569e+03 2.717206254601478577e-02 3.101026872172951698e-03
6.618419999999316133e+03 3.499431163072586060e-02 3.342897398397326469e-03
6.619899999999315696e+03 3.367023542523384094e-02 3.285817336291074753e-03
6.621379999999315260e+03 2.961099147796630859e-02 3.188194939866662025e-03
6.622859999999314823e+03 2.965533733367919922e-02 3.156557912006974220e-03
6.624339999999314387e+03 3.366282954812049866e-02 3.270729444921016693e-03
6.625819999999313950e+03 3.732148185372352600e-02 3.434479003772139549e-03
6.627299999999313513e+03 3.586522117257118225e-02 3.410096280276775360e-03
6.628779999999313077e+03 3.139871731400489807e-02 3.266686107963323593e-03
6.630259999999312640e+03 3.018541261553764343e-02 3.210813272744417191e-03
6.631739999999312204e+03 3.624232485890388489e-02 3.423883114010095596e-03
6.633219999999311767e+03 3.584398329257965088e-02 3.478026017546653748e-03
6.634699999999311331e+03 3.715579956769943237e-02 3.475276287645101547e-03
6.636179999999310894e+03 3.596658259630203247e-02 3.367958823218941689e-03
6.637659999999310457e+03 3.777446597814559937e-02 3.407459007576107979e-03
6.639139999999310021e+03 3.883673995733261108e-02 3.435956314206123352e-03
6.640619999999309584e+03 3.062946349382400513e-02 3.187375608831644058e-03
6.642099999999309148e+03 3.127836808562278748e-02 3.203973174095153809e-03
6.643579999999308711e+03 3.485411033034324646e-02 3.305416088551282883e-03
6.645059999999308275e+03 3.218822181224822998e-02 3.255841787904500961e-03
6.646539999999307838e+03 3.713695332407951355e-02 3.395373700186610222e-03
6.648019999999307402e+03 3.680782392621040344e-02 3.370236838236451149e-03
6.649499999999306965e+03 3.044667467474937439e-02 3.215470118448138237e-03
6.650979999999306528e+03 3.138686344027519226e-02 3.237132914364337921e-03
6.652459999999306092e+03 3.207587078213691711e-02 3.232208313420414925e-03
6.653939999999305655e+03 3.367979079484939575e-02 3.296380396932363510e-03
6.655419999999305219e+03 3.705533593893051147e-02 3.363892901688814163e-03
6.656899999999304782e+03 3.543043136596679688e-02 3.325004130601882935e-03
6.658379999999304346e+03 4.007988795638084412e-02 3.460877109318971634e-03
6.659859999999303909e+03 4.031759500503540039e-02 3.477452090010046959e-03
6.661339999999303473e+03 3.326158225536346436e-02 3.330247011035680771e-03
6.662819999999303036e+03 3.475217521190643311e-02 3.338156966492533684e-03
6.664299999999302599e+03 3.076365962624549866e-02 3.211242146790027618e-03
6.665779999999302163e+03 3.236486390233039856e-02 3.302374156191945076e-03
6.667259999999301726e+03 5.865148454904556274e-02 3.979698289185762405e-03
6.668739999999301290e+03 8.279623836278915405e-02 4.505061078816652298e-03
6.670219999999300853e+03 7.491701841354370117e-02 4.304542671889066696e-03
6.671699999999300417e+03 4.697525873780250549e-02 3.625293960794806480e-03
6.673179999999299980e+03 3.336292132735252380e-02 3.268198110163211823e-03
6.674659999999299544e+03 3.522668033838272095e-02 3.294660011306405067e-03
6.676139999999299107e+03 3.685631975531578064e-02 3.346550045534968376e-03
6.677619999999298670e+03 3.443376347422599792e-02 3.285663668066263199e-03
6.679099999999298234e+03 3.356605023145675659e-02 3.244073363021016121e-03
6.680579999999297797e+03 3.886909037828445435e-02 3.422525245696306229e-03
6.682059999999297361e+03 2.804103493690490723e-01 7.567790336906909943e-03
6.683539999999296924e+03 7.602893114089965820e-01 1.218868698924779892e-02
6.685019999999296488e+03 7.413161993026733398e-01 1.206385437399148941e-02
6.686499999999296051e+03 2.859470546245574951e-01 7.618541363626718521e-03
6.687979999999295615e+03 6.593041121959686279e-02 4.096775315701961517e-03
6.689459999999295178e+03 3.886806219816207886e-02 3.389097983017563820e-03
6.690939999999294741e+03 3.694448247551918030e-02 3.356741275638341904e-03
6.692419999999294305e+03 3.044567629694938660e-02 3.171912860125303268e-03
6.693899999999293868e+03 3.279283642768859863e-02 3.234174568206071854e-03
6.695379999999293432e+03 3.331926465034484863e-02 3.268356900662183762e-03
6.696859999999292995e+03 3.604344278573989868e-02 3.390155732631683350e-03
6.698339999999292559e+03 3.372727334499359131e-02 3.330993233248591423e-03
6.699819999999292122e+03 3.353229537606239319e-02 3.323293058201670647e-03
6.701299999999291686e+03 3.528842329978942871e-02 3.355553140863776207e-03
6.702779999999291249e+03 7.350043952465057373e-02 4.276409279555082321e-03
6.704259999999290812e+03 1.744884848594665527e-01 6.083975080400705338e-03
6.705739999999290376e+03 1.861993968486785889e-01 6.272562779486179352e-03
6.707219999999289939e+03 9.322841465473175049e-02 4.690211731940507889e-03
6.708699999999289503e+03 3.414629399776458740e-02 3.275683149695396423e-03
6.710179999999289066e+03 3.331938758492469788e-02 3.272229572758078575e-03
6.711659999999288630e+03 3.725395351648330688e-02 3.364812349900603294e-03
6.713139999999288193e+03 3.566622734069824219e-02 3.407106269150972366e-03
6.714619999999287757e+03 3.430082648992538452e-02 3.478368977084755898e-03
6.716099999999287320e+03 3.278531879186630249e-02 3.373389597982168198e-03
6.717579999999286883e+03 3.342353552579879761e-02 3.282111370936036110e-03
6.719059999999286447e+03 3.504452481865882874e-02 3.303416073322296143e-03
6.720539999999286010e+03 3.424854949116706848e-02 3.268246538937091827e-03
6.722019999999285574e+03 3.331273421645164490e-02 3.219579346477985382e-03
6.723499999999285137e+03 3.315152972936630249e-02 3.239351091906428337e-03
6.724979999999284701e+03 3.277794271707534790e-02 3.250669455155730247e-03
6.726459999999284264e+03 2.906380966305732727e-02 3.142583183944225311e-03
6.727939999999283827e+03 3.568053618073463440e-02 3.412865102291107178e-03
6.729419999999283391e+03 3.913313522934913635e-02 3.545685671269893646e-03
6.730899999999282954e+03 3.334638476371765137e-02 3.321976400911808014e-03
6.732379999999282518e+03 3.798676282167434692e-02 3.388404380530118942e-03
6.733859999999282081e+03 4.076431691646575928e-02 3.456704318523406982e-03
6.735339999999281645e+03 3.583907708525657654e-02 3.310411470010876656e-03
6.736819999999281208e+03 3.570292890071868896e-02 3.286093007773160934e-03
6.738299999999280772e+03 3.443173319101333618e-02 3.299689851701259613e-03
6.739779999999280335e+03 3.348388150334358215e-02 3.293995279818773270e-03
6.741259999999279898e+03 3.228845819830894470e-02 3.234877018257975578e-03
6.742739999999279462e+03 3.013214468955993652e-02 3.206580178812146187e-03
6.744219999999279025e+03 3.685798123478889465e-02 3.389031859114766121e-03
6.745699999999278589e+03 4.041466861963272095e-02 3.451774828135967255e-03
6.747179999999278152e+03 3.454592078924179077e-02 3.283982165157794952e-03
6.748659999999277716e+03 3.089889883995056152e-02 3.158666426315903664e-03
6.750139999999277279e+03 3.078217431902885437e-02 3.149500116705894470e-03
6.751619999999276843e+03 3.610712289810180664e-02 3.277159761637449265e-03
6.753099999999276406e+03 3.912490978837013245e-02 3.368107834830880165e-03
6.754579999999275969e+03 3.474314510822296143e-02 3.277104115113615990e-03
6.756059999999275533e+03 3.180814534425735474e-02 3.200744045898318291e-03
6.757539999999275096e+03 3.700162842869758606e-02 3.341545816510915756e-03
6.759019999999274660e+03 3.840360417962074280e-02 3.386024851351976395e-03
6.760499999999274223e+03 3.275129571557044983e-02 3.229911671951413155e-03
6.761979999999273787e+03 3.131680935621261597e-02 3.189010079950094223e-03
6.763459999999273350e+03 3.450196981430053711e-02 3.262284910306334496e-03
6.764939999999272914e+03 3.176119923591613770e-02 3.163482993841171265e-03
6.766419999999272477e+03 3.314075246453285217e-02 3.199539845809340477e-03
6.767899999999272040e+03 3.666696697473526001e-02 3.305840073153376579e-03
6.769379999999271604e+03 3.185238316655158997e-02 3.178466344252228737e-03
6.770859999999271167e+03 3.250017017126083374e-02 3.201623680070042610e-03
6.772339999999270731e+03 3.519400954246520996e-02 3.275303635746240616e-03
6.773819999999270294e+03 3.381370007991790771e-02 3.246966283768415451e-03
6.775299999999269858e+03 3.373515605926513672e-02 3.247206099331378937e-03
6.776779999999269421e+03 3.589676320552825928e-02 3.287925850600004196e-03
6.778259999999268985e+03 3.222459927201271057e-02 3.198840888217091560e-03
6.779739999999268548e+03 3.765889257192611694e-02 3.335691289976239204e-03
6.781219999999268111e+03 3.880054131150245667e-02 3.365073818713426590e-03
6.782699999999267675e+03 3.452657908201217651e-02 3.255560528486967087e-03
6.784179999999267238e+03 2.884873002767562866e-02 3.108670702204108238e-03
6.785659999999266802e+03 3.182379901409149170e-02 3.178019309416413307e-03
6.787139999999266365e+03 2.920279651880264282e-02 3.127521136775612831e-03
6.788619999999265929e+03 3.215400874614715576e-02 3.204260254278779030e-03
6.790099999999265492e+03 3.202204778790473938e-02 3.200105857104063034e-03
6.791579999999265056e+03 3.247161954641342163e-02 3.204463748261332512e-03
6.793059999999264619e+03 3.067473322153091431e-02 3.130285767838358879e-03
6.794539999999264182e+03 3.372082859277725220e-02 3.212162060663104057e-03
6.796019999999263746e+03 3.627580404281616211e-02 3.272452857345342636e-03
6.797499999999263309e+03 3.181529045104980469e-02 3.138602245599031448e-03
6.798979999999262873e+03 3.183285519480705261e-02 3.168105147778987885e-03
6.800459999999262436e+03 3.847715258598327637e-02 3.376189386472105980e-03
6.801939999999262000e+03 4.359410703182220459e-02 3.506280481815338135e-03
6.803419999999261563e+03 4.136853292584419250e-02 3.444907022640109062e-03
6.804899999999261127e+03 3.890777379274368286e-02 3.370444290339946747e-03
6.806379999999260690e+03 3.477369993925094604e-02 3.248846856877207756e-03
6.807859999999260253e+03 3.288024291396141052e-02 3.186976304277777672e-03
6.809339999999259817e+03 3.431504964828491211e-02 3.232987830415368080e-03
6.810819999999259380e+03 3.077693283557891846e-02 3.158763051033020020e-03
6.812299999999258944e+03 3.284383937716484070e-02 3.189295995980501175e-03
6.813779999999258507e+03 3.422427922487258911e-02 3.242926904931664467e-03
6.815259999999258071e+03 3.252021968364715576e-02 3.200707724317908287e-03
6.816739999999257634e+03 3.108195960521697998e-02 3.156177932396531105e-03
6.818219999999257197e+03 3.436716645956039429e-02 3.256479278206825256e-03
6.819699999999256761e+03 3.018157184123992920e-02 3.130235709249973297e-03
6.821179999999256324e+03 3.073520958423614502e-02 3.128895768895745277e-03
6.822659999999255888e+03 3.708015009760856628e-02 3.304599551483988762e-03
6.824139999999255451e+03 3.461662679910659790e-02 3.354592947289347649e-03
6.825619999999255015e+03 3.120625019073486328e-02 3.649079939350485802e-03
6.827099999999254578e+03 3.483958542346954346e-02 4.275823011994361877e-03
6.828579999999254142e+03 3.766993060708045959e-02 4.445943515747785568e-03
6.830059999999253705e+03 3.572243452072143555e-02 4.053917247802019119e-03
6.831539999999253268e+03 3.152894973754882812e-02 3.945306874811649323e-03
6.833019999999252832e+03 3.340116143226623535e-02 4.306528717279434204e-03
6.834499999999252395e+03 3.144628927111625671e-02 4.064524080604314804e-03
6.835979999999251959e+03 3.032442182302474976e-02 3.445609705522656441e-03
6.837459999999251522e+03 5.084763467311859131e-02 3.753343364223837852e-03
6.838939999999251086e+03 1.372335404157638550e-01 5.547367502003908157e-03
6.840419999999250649e+03 2.006883919239044189e-01 6.567346863448619843e-03
6.841899999999250213e+03 1.600238978862762451e-01 5.920514930039644241e-03
6.843379999999249776e+03 6.665858626365661621e-02 4.105667583644390106e-03
6.844859999999249339e+03 3.869673609733581543e-02 3.360855160281062126e-03
6.846339999999248903e+03 3.514038026332855225e-02 3.262727987021207809e-03
6.847819999999248466e+03 3.042800724506378174e-02 3.167464863508939743e-03
6.849299999999248030e+03 3.461026027798652649e-02 3.310802392661571503e-03
6.850779999999247593e+03 3.682325780391693115e-02 3.328863298520445824e-03
6.852259999999247157e+03 4.375708475708961487e-02 3.497958648949861526e-03
6.853739999999246720e+03 1.260031014680862427e-01 5.213480908423662186e-03
6.855219999999246284e+03 1.694495975971221924e-01 5.923876538872718811e-03
6.856699999999245847e+03 1.044417321681976318e-01 4.827250726521015167e-03
6.858179999999245410e+03 3.758712857961654663e-02 3.382425988093018532e-03
6.859659999999244974e+03 2.782944776117801666e-02 3.320372663438320160e-03
6.861139999999244537e+03 2.671156264841556549e-02 4.243261180818080902e-03
6.862619999999244101e+03 3.552999719977378845e-02 5.055706482380628586e-03
6.864099999999243664e+03 3.635694459080696106e-02 4.829400219023227692e-03
6.865579999999243228e+03 2.336002513766288757e-02 3.318483475595712662e-03
6.867059999999242791e+03 2.027050033211708069e-02 2.792014041915535927e-03
6.868539999999242355e+03 2.224387601017951965e-02 2.921784296631813049e-03
6.870019999999241918e+03 2.377829700708389282e-02 3.096227068454027176e-03
6.871499999999241481e+03 1.928497105836868286e-02 2.866203431040048599e-03
6.872979999999241045e+03 2.130795270204544067e-02 2.752692904323339462e-03
6.874459999999240608e+03 2.278659120202064514e-02 2.779392758384346962e-03
6.875939999999240172e+03 2.438187785446643829e-02 2.854458754882216454e-03
6.877419999999239735e+03 2.439081110060214996e-02 2.941879909485578537e-03
6.878899999999239299e+03 2.821168676018714905e-02 3.227415960282087326e-03
6.880379999999238862e+03 3.070607408881187439e-02 3.385261399671435356e-03
6.881859999999238426e+03 3.381871059536933899e-02 3.370600054040551186e-03
6.883339999999237989e+03 3.283259272575378418e-02 3.177944105118513107e-03
6.884819999999237552e+03 2.313561551272869110e-02 2.895176643505692482e-03
6.886299999999237116e+03 2.240660786628723145e-02 3.096388885751366615e-03
6.887779999999236679e+03 2.963674254715442657e-02 3.539709839969873428e-03
6.889259999999236243e+03 3.094016015529632568e-02 3.492671763524413109e-03
6.890739999999235806e+03 2.669070847332477570e-02 3.105842042714357376e-03
6.892219999999235370e+03 2.679267525672912598e-02 3.010842483490705490e-03
6.893699999999234933e+03 2.484723553061485291e-02 2.945322776213288307e-03
6.895179999999234496e+03 2.838582359254360199e-02 3.024799283593893051e-03
6.896659999999234060e+03 2.695146761834621429e-02 2.969759050756692886e-03
6.898139999999233623e+03 2.806549333035945892e-02 3.378046909347176552e-03
6.899619999999233187e+03 3.306060284376144409e-02 3.705830313265323639e-03
6.901099999999232750e+03 3.187943994998931885e-02 3.552580717951059341e-03
6.902579999999232314e+03 2.752333134412765503e-02 3.130263416096568108e-03
6.904059999999231877e+03 2.402666211128234863e-02 2.889453200623393059e-03
6.905539999999231441e+03 2.900103479623794556e-02 3.037601010873913765e-03
6.907019999999231004e+03 2.883580327033996582e-02 3.011152613908052444e-03
6.908499999999230567e+03 2.684345468878746033e-02 3.002966055646538734e-03
6.909979999999230131e+03 3.083964809775352478e-02 3.477137070149183273e-03
6.911459999999229694e+03 3.376439958810806274e-02 3.806778928264975548e-03
6.912939999999229258e+03 2.977651171386241913e-02 3.547933185473084450e-03
6.914419999999228821e+03 2.452374994754791260e-02 3.023845143616199493e-03
6.915899999999228385e+03 2.861346676945686340e-02 3.057970898225903511e-03
6.917379999999227948e+03 3.010977059602737427e-02 3.074016654863953590e-03
6.918859999999227512e+03 2.762330137193202972e-02 3.116431413218379021e-03
6.920339999999227075e+03 2.405630424618721008e-02 3.606144804507493973e-03
6.921819999999226638e+03 3.552337363362312317e-02 4.363656509667634964e-03
6.923299999999226202e+03 3.526407852768898010e-02 4.195682238787412643e-03
6.924779999999225765e+03 3.051734343171119690e-02 3.390680300071835518e-03
6.926259999999225329e+03 3.363146260380744934e-02 3.250810550525784492e-03
6.927739999999224892e+03 3.314700722694396973e-02 3.199925879016518593e-03
6.929219999999224456e+03 3.104493953287601471e-02 3.120640525594353676e-03
6.930699999999224019e+03 3.114898502826690674e-02 3.129936987534165382e-03
6.932179999999223583e+03 2.945335581898689270e-02 3.078971989452838898e-03
6.933659999999223146e+03 3.000724315643310547e-02 3.088579745963215828e-03
6.935139999999222709e+03 2.835506945848464966e-02 3.086656564846634865e-03
6.936619999999222273e+03 3.497464954853057861e-02 3.501056227833032608e-03
6.938099999999221836e+03 3.883456811308860779e-02 3.872142871841788292e-03
6.939579999999221400e+03 3.448894619941711426e-02 3.690679091960191727e-03
6.941059999999220963e+03 3.395962342619895935e-02 3.348079742863774300e-03
6.942539999999220527e+03 2.940432541072368622e-02 3.091783262789249420e-03
6.944019999999220090e+03 2.824451960623264313e-02 3.053112886846065521e-03
6.945499999999219654e+03 3.049609437584877014e-02 3.455807454884052277e-03
6.946979999999219217e+03 3.279681876301765442e-02 4.288309253752231598e-03
6.948459999999218780e+03 3.726605325937271118e-02 4.508811980485916138e-03
6.949939999999218344e+03 3.431092947721481323e-02 3.933014348149299622e-03
6.951419999999217907e+03 2.778058685362339020e-02 3.190656192600727081e-03
6.952899999999217471e+03 2.827953174710273743e-02 3.097368171438574791e-03
6.954379999999217034e+03 3.419981151819229126e-02 3.284290200099349022e-03
6.955859999999216598e+03 3.575256094336509705e-02 3.323280019685626030e-03
6.957339999999216161e+03 3.083200193941593170e-02 3.186387941241264343e-03
6.958819999999215725e+03 2.646274492144584656e-02 3.052930813282728195e-03
6.960299999999215288e+03 2.590942569077014923e-02 3.030852880328893661e-03
6.961779999999214851e+03 3.008425235748291016e-02 3.153273137286305428e-03
6.963259999999214415e+03 3.152618557214736938e-02 3.181214211508631706e-03
6.964739999999213978e+03 3.448560833930969238e-02 3.256052266806364059e-03
6.966219999999213542e+03 3.797113895416259766e-02 3.457672195509076118e-03
6.967699999999213105e+03 3.210825845599174500e-02 3.477571299299597740e-03
6.969179999999212669e+03 2.721380442380905151e-02 3.413736820220947266e-03
6.970659999999212232e+03 2.755240350961685181e-02 3.286282066255807877e-03
6.972139999999211796e+03 3.068601340055465698e-02 3.158535575494170189e-03
6.973619999999211359e+03 3.375234827399253845e-02 3.236970165744423866e-03
6.975099999999210922e+03 2.852108702063560486e-02 3.312412882223725319e-03
6.976579999999210486e+03 4.067306965589523315e-02 4.031465388834476471e-03
6.978059999999210049e+03 4.332226887345314026e-02 4.139270167797803879e-03
6.979539999999209613e+03 3.193777054548263550e-02 3.469261107966303825e-03
6.981019999999209176e+03 3.216220065951347351e-02 3.241258440539240837e-03
6.982499999999208740e+03 3.826584666967391968e-02 3.386164549738168716e-03
6.983979999999208303e+03 3.972531855106353760e-02 3.427692921832203865e-03
6.985459999999207866e+03 3.258941322565078735e-02 3.231410169973969460e-03
6.986939999999207430e+03 3.055865503847599030e-02 3.153446596115827560e-03
6.988419999999206993e+03 3.301532566547393799e-02 3.230440663173794746e-03
6.989899999999206557e+03 3.084747493267059326e-02 3.152669174596667290e-03
6.991379999999206120e+03 2.699220180511474609e-02 3.012844594195485115e-03
6.992859999999205684e+03 3.117882274091243744e-02 3.152730176225304604e-03
6.994339999999205247e+03 3.407421335577964783e-02 3.272368106991052628e-03
6.995819999999204811e+03 3.003085777163505554e-02 3.191187279298901558e-03
6.997299999999204374e+03 3.193693608045578003e-02 3.210975322872400284e-03
6.998779999999203937e+03 3.133540600538253784e-02 3.175276331603527069e-03
7.000259999999203501e+03 3.536350652575492859e-02 3.320506541058421135e-03
7.001739999999203064e+03 3.075755760073661804e-02 3.287511644884943962e-03
7.003219999999202628e+03 3.627437353134155273e-02 3.455002093687653542e-03
7.004699999999202191e+03 3.648617118597030640e-02 3.369443817064166069e-03
7.006179999999201755e+03 3.292843326926231384e-02 3.180572064593434334e-03
7.007659999999201318e+03 3.030662052333354950e-02 3.151585347950458527e-03
7.009139999999200882e+03 3.321822732686996460e-02 3.491533687338232994e-03
7.010619999999200445e+03 3.411965817213058472e-02 3.641197225078940392e-03
7.012099999999200008e+03 3.190894424915313721e-02 3.397525520995259285e-03
7.013579999999199572e+03 2.872790023684501648e-02 3.114589722827076912e-03
7.015059999999199135e+03 3.122079372406005859e-02 3.106907941401004791e-03
7.016539999999198699e+03 3.744559362530708313e-02 3.273078240454196930e-03
7.018019999999198262e+03 3.649254515767097473e-02 3.263667225837707520e-03
7.019499999999197826e+03 3.420365974307060242e-02 3.236311487853527069e-03
7.020979999999197389e+03 3.108737058937549591e-02 3.122652648016810417e-03
7.022459999999196953e+03 2.730332687497138977e-02 3.001715987920761108e-03
7.023939999999196516e+03 3.304222971200942993e-02 3.189903916791081429e-03
7.025419999999196079e+03 3.035862371325492859e-02 3.112399484962224960e-03
7.026899999999195643e+03 2.971624955534934998e-02 3.120867768302559853e-03
7.028379999999195206e+03 3.622046113014221191e-02 3.286744933575391769e-03
7.029859999999194770e+03 2.636133134365081787e-02 2.990826731547713280e-03
7.031339999999194333e+03 3.502947837114334106e-02 3.242573468014597893e-03
7.032819999999193897e+03 3.494182229042053223e-02 3.223887179046869278e-03
7.034299999999193460e+03 2.858749218285083771e-02 3.070309758186340332e-03
7.035779999999193024e+03 3.510922938585281372e-02 3.257061820477247238e-03
7.037259999999192587e+03 3.490048646926879883e-02 3.234634408727288246e-03
7.038739999999192150e+03 2.729237824678421021e-02 3.092351369559764862e-03
7.040219999999191714e+03 2.496799267828464508e-02 3.076825989410281181e-03
7.041699999999191277e+03 2.867139875888824463e-02 3.142888424918055534e-03
7.043179999999190841e+03 3.321708738803863525e-02 3.241963684558868408e-03
7.044659999999190404e+03 3.342987224459648132e-02 3.375867614522576332e-03
7.046139999999189968e+03 3.170024231076240540e-02 3.528489964082837105e-03
7.047619999999189531e+03 3.045321442186832428e-02 3.534798510372638702e-03
7.049099999999189095e+03 2.997235208749771118e-02 3.413205733522772789e-03
7.050579999999188658e+03 3.137313574552536011e-02 3.354764543473720551e-03
7.052059999999188221e+03 3.284439072012901306e-02 3.343454329296946526e-03
7.053539999999187785e+03 2.432752028107643127e-02 3.064801450818777084e-03
7.055019999999187348e+03 3.137832134962081909e-02 3.225190332159399986e-03
7.056499999999186912e+03 3.252485021948814392e-02 3.208768786862492561e-03
7.057979999999186475e+03 2.932762727141380310e-02 3.118493128567934036e-03
7.059459999999186039e+03 2.964197099208831787e-02 3.168484196066856384e-03
7.060939999999185602e+03 3.326542675495147705e-02 3.305587917566299438e-03
7.062419999999185166e+03 2.912906557321548462e-02 3.224335378035902977e-03
7.063899999999184729e+03 3.041341714560985565e-02 3.288069041445851326e-03
7.065379999999184292e+03 3.340207412838935852e-02 3.378632944077253342e-03
7.066859999999183856e+03 2.985672280192375183e-02 3.238790668547153473e-03
7.068339999999183419e+03 2.786123007535934448e-02 3.167916787788271904e-03
7.069819999999182983e+03 3.375503793358802795e-02 3.351800376549363136e-03
7.071299999999182546e+03 3.696389496326446533e-02 3.426374634727835655e-03
7.072779999999182110e+03 3.626538813114166260e-02 3.418233245611190796e-03
7.074259999999181673e+03 3.701833263039588928e-02 3.415824612602591515e-03
7.075739999999181236e+03 3.422609716653823853e-02 3.327085636556148529e-03
7.077219999999180800e+03 3.414550423622131348e-02 3.366282675415277481e-03
7.078699999999180363e+03 2.850463055074214935e-02 3.181505016982555389e-03
7.080179999999179927e+03 2.975736744701862335e-02 3.226658096536993980e-03
7.081659999999179490e+03 3.106880001723766327e-02 3.285149810835719109e-03
7.083139999999179054e+03 2.940630167722702026e-02 3.215567208826541901e-03
7.084619999999178617e+03 3.212518244981765747e-02 3.258098615333437920e-03
7.086099999999178181e+03 3.480818495154380798e-02 3.415722399950027466e-03
7.087579999999177744e+03 3.825236111879348755e-02 3.548172069713473320e-03
7.089059999999177307e+03 3.472268953919410706e-02 3.449519630521535873e-03
7.090539999999176871e+03 3.252692520618438721e-02 3.276484552770853043e-03
7.092019999999176434e+03 3.472461178898811340e-02 3.295200876891613007e-03
7.093499999999175998e+03 3.610470890998840332e-02 3.331410698592662811e-03
7.094979999999175561e+03 3.730051591992378235e-02 3.361299401149153709e-03
7.096459999999175125e+03 3.342240303754806519e-02 3.264463506639003754e-03
