4.300739999999999782e+03 1.126278340816497803e-01 2.002877555787563324e-02
4.302219999999999345e+03 1.258808821439743042e-01 2.039313875138759613e-02
4.303699999999998909e+03 1.356765180826187134e-01 2.081998065114021301e-02
4.305179999999998472e+03 1.064356863498687744e-01 1.875038817524909973e-02
4.306659999999998035e+03 1.239989250898361206e-01 1.950998790562152863e-02
4.308139999999997599e+03 1.142211332917213440e-01 1.884801872074604034e-02
4.309619999999997162e+03 1.342801749706268311e-01 2.018704265356063843e-02
4.311099999999996726e+03 1.451812386512756348e-01 2.041540108621120453e-02
4.312579999999996289e+03 1.181670278310775757e-01 1.913094148039817810e-02
4.314059999999995853e+03 1.096735447645187378e-01 1.858076266944408417e-02
4.315539999999995416e+03 1.394409984350204468e-01 2.039745077490806580e-02
4.317019999999994980e+03 1.337648779153823853e-01 2.009882405400276184e-02
4.318499999999994543e+03 1.274428963661193848e-01 1.915867999196052551e-02
4.319979999999994106e+03 1.121740490198135376e-01 1.835649088025093079e-02
4.321459999999993670e+03 1.057836264371871948e-01 1.760286279022693634e-02
4.322939999999993233e+03 1.302948892116546631e-01 1.874929107725620270e-02
4.324419999999992797e+03 8.965793251991271973e-02 1.650421507656574249e-02
4.325899999999992360e+03 1.205195114016532898e-01 1.799894496798515320e-02
4.327379999999991924e+03 1.367042511701583862e-01 1.886743307113647461e-02
4.328859999999991487e+03 1.191931366920471191e-01 1.766918413341045380e-02
4.330339999999991051e+03 9.599201381206512451e-02 1.685254089534282684e-02
4.331819999999990614e+03 1.493278145790100098e-01 1.941637136042118073e-02
4.333299999999990177e+03 1.516764312982559204e-01 1.914530619978904724e-02
4.334779999999989741e+03 1.612556874752044678e-01 1.970669440925121307e-02
4.336259999999989304e+03 1.362920403480529785e-01 1.818360574543476105e-02
4.337739999999988868e+03 1.351096183061599731e-01 1.789949461817741394e-02
4.339219999999988431e+03 1.790063232183456421e-01 1.966064423322677612e-02
4.340699999999987995e+03 1.348010152578353882e-01 1.743409410119056702e-02
4.342179999999987558e+03 1.365126818418502808e-01 1.795321702957153320e-02
4.343659999999987122e+03 1.361444294452667236e-01 1.774578541517257690e-02
4.345139999999986685e+03 1.096718162298202515e-01 1.638912595808506012e-02
4.346619999999986248e+03 1.232374459505081177e-01 1.673796959221363068e-02
4.348099999999985812e+03 1.468012630939483643e-01 1.787804253399372101e-02
4.349579999999985375e+03 9.407944232225418091e-02 1.544993557035923004e-02
4.351059999999984939e+03 1.435661762952804565e-01 1.754662767052650452e-02
4.352539999999984502e+03 1.390291154384613037e-01 1.728900521993637085e-02
4.354019999999984066e+03 1.268418878316879272e-01 1.677620410919189453e-02
4.355499999999983629e+03 1.246655434370040894e-01 1.660723984241485596e-02
4.356979999999983193e+03 1.386079490184783936e-01 1.710619404911994934e-02
4.358459999999982756e+03 1.226293593645095825e-01 1.629008911550045013e-02
4.359939999999982319e+03 1.595040261745452881e-01 1.798128522932529449e-02
4.361419999999981883e+03 1.432164013385772705e-01 1.713006012141704559e-02
4.362899999999981446e+03 1.121345534920692444e-01 1.555008161813020706e-02
4.364379999999981010e+03 1.081333905458450317e-01 1.520647481083869934e-02
4.365859999999980573e+03 1.372461766004562378e-01 1.662248186767101288e-02
4.367339999999980137e+03 1.500163376331329346e-01 1.705666445195674896e-02
4.368819999999979700e+03 1.440205425024032593e-01 1.656315661966800690e-02
4.370299999999979264e+03 1.529560685157775879e-01 1.689106412231922150e-02
4.371779999999978827e+03 1.466580927371978760e-01 1.647151075303554535e-02
4.373259999999978390e+03 1.185239702463150024e-01 1.522556599229574203e-02
4.374739999999977954e+03 1.247701942920684814e-01 1.542120613157749176e-02
4.376219999999977517e+03 1.131563410162925720e-01 1.499166432768106461e-02
4.377699999999977081e+03 1.100321263074874878e-01 1.462867204099893570e-02
4.379179999999976644e+03 1.063883826136589050e-01 1.446398999541997910e-02
4.380659999999976208e+03 1.219420507550239563e-01 1.497839950025081635e-02
4.382139999999975771e+03 1.461443006992340088e-01 1.589963957667350769e-02
4.383619999999975335e+03 1.425062716007232666e-01 1.544406916946172714e-02
4.385099999999974898e+03 1.338717490434646606e-01 1.508672628551721573e-02
4.386579999999974461e+03 1.200274154543876648e-01 1.462588086724281311e-02
4.388059999999974025e+03 1.495680958032608032e-01 1.571125537157058716e-02
4.389539999999973588e+03 1.141965836286544800e-01 1.433005928993225098e-02
4.391019999999973152e+03 1.285925805568695068e-01 1.478853076696395874e-02
4.392499999999972715e+03 1.430609375238418579e-01 1.537187863141298294e-02
4.393979999999972279e+03 1.346948295831680298e-01 1.503093540668487549e-02
4.395459999999971842e+03 1.451373696327209473e-01 1.537275034934282303e-02
4.396939999999971405e+03 1.289914250373840332e-01 1.466345507651567459e-02
4.398419999999970969e+03 1.358830183744430542e-01 1.467211544513702393e-02
4.399899999999970532e+03 1.188385412096977234e-01 1.405473239719867706e-02
4.401379999999970096e+03 1.148177534341812134e-01 1.393666490912437439e-02
4.402859999999969659e+03 9.947828948497772217e-02 1.324039790779352188e-02
4.404339999999969223e+03 1.034276559948921204e-01 1.352670509368181229e-02
4.405819999999968786e+03 1.071366816759109497e-01 1.362679619342088699e-02
4.407299999999968350e+03 1.626248806715011597e-01 1.578074321150779724e-02
4.408779999999967913e+03 1.467432975769042969e-01 1.520115137100219727e-02
4.410259999999967476e+03 1.413648426532745361e-01 1.489328593015670776e-02
4.411739999999967040e+03 1.263783872127532959e-01 1.433389075100421906e-02
4.413219999999966603e+03 1.415108293294906616e-01 1.475389953702688217e-02
4.414699999999966167e+03 1.303796321153640747e-01 1.425380725413560867e-02
4.416179999999965730e+03 9.446296840906143188e-02 1.278657466173171997e-02
4.417659999999965294e+03 1.444935351610183716e-01 1.470670662820339203e-02
4.419139999999964857e+03 1.213084310293197632e-01 1.394369360059499741e-02
4.420619999999964421e+03 1.479316353797912598e-01 1.488608866930007935e-02
4.422099999999963984e+03 1.379068642854690552e-01 1.430775970220565796e-02
4.423579999999963547e+03 1.302678585052490234e-01 1.379177067428827286e-02
4.425059999999963111e+03 1.165546774864196777e-01 1.346492208540439606e-02
4.426539999999962674e+03 9.857438504695892334e-02 1.256804540753364563e-02
4.428019999999962238e+03 1.418773829936981201e-01 1.431899331510066986e-02
4.429499999999961801e+03 1.179777458310127258e-01 1.310991309583187103e-02
4.430979999999961365e+03 1.266274899244308472e-01 1.354885473847389221e-02
4.432459999999960928e+03 1.045357212424278259e-01 1.274581998586654663e-02
4.433939999999960492e+03 1.340124607086181641e-01 1.347365323454141617e-02
4.435419999999960055e+03 9.247785061597824097e-02 1.187541801482439041e-02
4.436899999999959618e+03 1.403611600399017334e-01 1.381508633494377136e-02
4.438379999999959182e+03 1.117063909769058228e-01 1.275293156504631042e-02
4.439859999999958745e+03 1.294600218534469604e-01 1.340244151651859283e-02
4.441339999999958309e+03 1.306769549846649170e-01 1.328722015023231506e-02
4.442819999999957872e+03 1.278190314769744873e-01 1.316905394196510315e-02
4.444299999999957436e+03 1.520116627216339111e-01 1.403370033949613571e-02
4.445779999999956999e+03 1.223254874348640442e-01 1.284621562808752060e-02
4.447259999999956563e+03 1.401830166578292847e-01 1.361155509948730469e-02
4.448739999999956126e+03 1.200371682643890381e-01 1.278826314955949783e-02
4.450219999999955689e+03 1.376393437385559082e-01 1.335592288523912430e-02
4.451699999999955253e+03 1.187319308519363403e-01 1.272509433329105377e-02
4.453179999999954816e+03 8.949413150548934937e-02 1.144073158502578735e-02
4.454659999999954380e+03 1.041178628802299500e-01 1.178749650716781616e-02
4.456139999999953943e+03 1.448685675859451294e-01 1.345886755734682083e-02
4.457619999999953507e+03 1.353800892829895020e-01 1.313964277505874634e-02
4.459099999999953070e+03 1.254628747701644897e-01 1.262224838137626648e-02
4.460579999999952634e+03 1.163268163800239563e-01 1.222406234592199326e-02
4.462059999999952197e+03 1.180984899401664734e-01 1.223845873028039932e-02
4.463539999999951760e+03 1.207282841205596924e-01 1.234108116477727890e-02
4.465019999999951324e+03 8.622741699218750000e-02 1.110286731272935867e-02
4.466499999999950887e+03 1.380551159381866455e-01 1.301877573132514954e-02
4.467979999999950451e+03 1.108912378549575806e-01 1.196031551808118820e-02
4.469459999999950014e+03 1.158431172370910645e-01 1.197582855820655823e-02
4.470939999999949578e+03 1.052134037017822266e-01 1.158760488033294678e-02
4.472419999999949141e+03 1.013703122735023499e-01 1.162800099700689316e-02
4.473899999999948704e+03 1.195786595344543457e-01 1.235158834606409073e-02
4.475379999999948268e+03 1.042349487543106079e-01 1.165007241070270538e-02
4.476859999999947831e+03 1.145736277103424072e-01 1.201113034039735794e-02
4.478339999999947395e+03 1.187377870082855225e-01 1.226455904543399811e-02
4.479819999999946958e+03 1.057029142975807190e-01 1.165701262652873993e-02
4.481299999999946522e+03 9.063214063644409180e-02 1.098771113902330399e-02
4.482779999999946085e+03 9.893359243869781494e-02 1.147420611232519150e-02
4.484259999999945649e+03 1.212151944637298584e-01 1.227580383419990540e-02
4.485739999999945212e+03 1.150672957301139832e-01 1.198800839483737946e-02
4.487219999999944775e+03 9.313593804836273193e-02 1.113708224147558212e-02
4.488699999999944339e+03 9.647774696350097656e-02 1.115236151963472366e-02
4.490179999999943902e+03 1.086419746279716492e-01 1.174387149512767792e-02
4.491659999999943466e+03 1.266425400972366333e-01 1.234177965670824051e-02
4.493139999999943029e+03 1.093795597553253174e-01 1.165757887065410614e-02
4.494619999999942593e+03 1.110886931419372559e-01 1.180068962275981903e-02
4.496099999999942156e+03 1.232630386948585510e-01 1.219938881695270538e-02
4.497579999999941720e+03 1.442142128944396973e-01 1.304481364786624908e-02
4.499059999999941283e+03 1.523915976285934448e-01 1.327041815966367722e-02
4.500539999999940846e+03 1.385608464479446411e-01 1.276720035821199417e-02
4.502019999999940410e+03 1.173440366983413696e-01 1.194244436919689178e-02
4.503499999999939973e+03 1.436707824468612671e-01 1.290340535342693329e-02
4.504979999999939537e+03 1.272118389606475830e-01 1.240478828549385071e-02
4.506459999999939100e+03 1.093916222453117371e-01 1.178529579192399979e-02
4.507939999999938664e+03 1.074906140565872192e-01 1.165787223726511002e-02
4.509419999999938227e+03 1.085141301155090332e-01 1.161508541554212570e-02
4.510899999999937791e+03 1.609676629304885864e-01 1.350653916597366333e-02
4.512379999999937354e+03 1.638844460248947144e-01 1.346391811966896057e-02
4.513859999999936917e+03 1.391734480857849121e-01 1.258768327534198761e-02
4.515339999999936481e+03 1.626153290271759033e-01 1.338625140488147736e-02
4.516819999999936044e+03 1.352967023849487305e-01 1.244265399873256683e-02
4.518299999999935608e+03 1.305791586637496948e-01 1.225254498422145844e-02
4.519779999999935171e+03 1.304964572191238403e-01 1.228868123143911362e-02
4.521259999999934735e+03 1.145182549953460693e-01 1.171368453651666641e-02
4.522739999999934298e+03 1.313677579164505005e-01 1.240070164203643799e-02
4.524219999999933862e+03 1.462663710117340088e-01 1.282792259007692337e-02
4.525699999999933425e+03 1.077678203582763672e-01 1.139022223651409149e-02
4.527179999999932988e+03 1.459736526012420654e-01 1.281431689858436584e-02
4.528659999999932552e+03 1.294426620006561279e-01 1.212948746979236603e-02
4.530139999999932115e+03 1.395208537578582764e-01 1.248254906386137009e-02
4.531619999999931679e+03 1.440005302429199219e-01 1.284874789416790009e-02
4.533099999999931242e+03 1.246442049741744995e-01 1.220787968486547470e-02
4.534579999999930806e+03 1.425349414348602295e-01 1.267421059310436249e-02
4.536059999999930369e+03 1.109627261757850647e-01 1.151422969996929169e-02
4.537539999999929933e+03 1.413853317499160767e-01 1.276361290365457535e-02
4.539019999999929496e+03 1.330289840698242188e-01 1.248452626168727875e-02
4.540499999999929059e+03 1.426296830177307129e-01 1.270743831992149353e-02
4.541979999999928623e+03 1.438325047492980957e-01 1.275235693901777267e-02
4.543459999999928186e+03 1.517729312181472778e-01 1.307200919836759567e-02
4.544939999999927750e+03 1.425637155771255493e-01 1.269271317869424820e-02
4.546419999999927313e+03 1.466045081615447998e-01 1.285070087760686874e-02
4.547899999999926877e+03 1.576868444681167603e-01 1.314966939389705658e-02
4.549379999999926440e+03 1.354935467243194580e-01 1.238335482776165009e-02
4.550859999999926004e+03 1.497029960155487061e-01 1.289070118218660355e-02
4.552339999999925567e+03 1.501080989837646484e-01 1.292708702385425568e-02
4.553819999999925130e+03 1.645124405622482300e-01 1.324037648737430573e-02
4.555299999999924694e+03 1.321476548910140991e-01 1.211053971201181412e-02
4.556779999999924257e+03 1.453240811824798584e-01 1.260828040540218353e-02
4.558259999999923821e+03 1.218390017747879028e-01 1.191681902855634689e-02
4.559739999999923384e+03 1.365555226802825928e-01 1.230164617300033569e-02
4.561219999999922948e+03 1.520931124687194824e-01 1.292051468044519424e-02
4.562699999999922511e+03 1.589412838220596313e-01 1.305744610726833344e-02
4.564179999999922074e+03 1.534861326217651367e-01 1.269665919244289398e-02
4.565659999999921638e+03 1.389906555414199829e-01 1.231678947806358337e-02
4.567139999999921201e+03 1.222430318593978882e-01 1.179728377610445023e-02
4.568619999999920765e+03 1.298951208591461182e-01 1.201735809445381165e-02
4.570099999999920328e+03 1.173479855060577393e-01 1.156284194439649582e-02
4.571579999999919892e+03 1.063425764441490173e-01 1.121471077203750610e-02
4.573059999999919455e+03 1.392106264829635620e-01 1.217713672667741776e-02
4.574539999999919019e+03 1.318135410547256470e-01 1.214511878788471222e-02
4.576019999999918582e+03 1.539494693279266357e-01 1.284586172550916672e-02
4.577499999999918145e+03 1.647467464208602905e-01 1.319727022200822830e-02
4.578979999999917709e+03 1.344186812639236450e-01 1.233186572790145874e-02
4.580459999999917272e+03 1.274365037679672241e-01 1.189130172133445740e-02
4.581939999999916836e+03 1.531457304954528809e-01 1.280016824603080750e-02
4.583419999999916399e+03 1.651716381311416626e-01 1.301404833793640137e-02
4.584899999999915963e+03 1.572116017341613770e-01 1.293528266251087189e-02
4.586379999999915526e+03 1.586111932992935181e-01 1.288347877562046051e-02
4.587859999999915090e+03 1.545668691396713257e-01 1.277752406895160675e-02
4.589339999999914653e+03 1.365734487771987915e-01 1.230152137577533722e-02
4.590819999999914216e+03 1.290100663900375366e-01 1.186347194015979767e-02
4.592299999999913780e+03 1.392198055982589722e-01 1.217830274254083633e-02
4.593779999999913343e+03 1.389064043760299683e-01 1.217875443398952484e-02
4.595259999999912907e+03 1.441718637943267822e-01 1.224985346198081970e-02
4.596739999999912470e+03 1.571277827024459839e-01 1.276655867695808411e-02
4.598219999999912034e+03 1.489657163619995117e-01 1.254419237375259399e-02
4.599699999999911597e+03 1.561215668916702271e-01 1.271130703389644623e-02
4.601179999999911161e+03 1.578405499458312988e-01 1.269512437283992767e-02
4.602659999999910724e+03 1.753475666046142578e-01 1.318682264536619186e-02
4.604139999999910287e+03 1.491472721099853516e-01 1.247001811861991882e-02
4.605619999999909851e+03 1.382987946271896362e-01 1.205299329012632370e-02
4.607099999999909414e+03 1.603667736053466797e-01 1.278506405651569366e-02
4.608579999999908978e+03 1.628414243459701538e-01 1.279450021684169769e-02
4.610059999999908541e+03 1.389382481575012207e-01 1.224539149552583694e-02
4.611539999999908105e+03 1.634332388639450073e-01 1.285084616392850876e-02
4.613019999999907668e+03 1.423089206218719482e-01 1.215159706771373749e-02
4.614499999999907232e+03 1.449187844991683960e-01 1.228375080972909927e-02
4.615979999999906795e+03 1.499100923538208008e-01 1.242334675043821335e-02
4.617459999999906358e+03 1.393510550260543823e-01 1.213124021887779236e-02
4.618939999999905922e+03 1.596201062202453613e-01 1.260297559201717377e-02
4.620419999999905485e+03 1.333551853895187378e-01 1.189848314970731735e-02
4.621899999999905049e+03 1.480206698179244995e-01 1.231146324425935745e-02
4.623379999999904612e+03 1.410528868436813354e-01 1.201453432440757751e-02
4.624859999999904176e+03 1.547158062458038330e-01 1.249785535037517548e-02
4.626339999999903739e+03 1.764560043811798096e-01 1.304791402071714401e-02
4.627819999999903303e+03 1.634228825569152832e-01 1.264697127044200897e-02
4.629299999999902866e+03 1.601866483688354492e-01 1.253606099635362625e-02
4.630779999999902429e+03 1.411640495061874390e-01 1.199492812156677246e-02
4.632259999999901993e+03 1.576148420572280884e-01 1.248559076339006424e-02
4.633739999999901556e+03 1.542671024799346924e-01 1.235881354659795761e-02
4.635219999999901120e+03 1.749691367149353027e-01 1.299584656953811646e-02
4.636699999999900683e+03 1.525789499282836914e-01 1.213379483669996262e-02
4.638179999999900247e+03 1.677772700786590576e-01 1.258411444723606110e-02
4.639659999999899810e+03 1.581807136535644531e-01 1.235702354460954666e-02
4.641139999999899374e+03 1.496648490428924561e-01 1.209382992237806320e-02
4.642619999999898937e+03 1.557465791702270508e-01 1.224677730351686478e-02
4.644099999999898500e+03 1.346465945243835449e-01 1.152423676103353500e-02
4.645579999999898064e+03 1.344191133975982666e-01 1.146811340004205704e-02
4.647059999999897627e+03 1.390643268823623657e-01 1.161761581897735596e-02
4.648539999999897191e+03 1.442615985870361328e-01 1.174767594784498215e-02
4.650019999999896754e+03 1.298897117376327515e-01 1.132263801991939545e-02
4.651499999999896318e+03 1.571668982505798340e-01 1.223969180136919022e-02
4.652979999999895881e+03 1.578407585620880127e-01 1.226531900465488434e-02
4.654459999999895444e+03 1.728996038436889648e-01 1.257778797298669815e-02
4.655939999999895008e+03 1.565608978271484375e-01 1.215327810496091843e-02
4.657419999999894571e+03 1.653726696968078613e-01 1.258423831313848495e-02
4.658899999999894135e+03 1.585608571767807007e-01 1.230618916451931000e-02
4.660379999999893698e+03 1.657232940196990967e-01 1.246960740536451340e-02
4.661859999999893262e+03 1.842166036367416382e-01 1.302266493439674377e-02
4.663339999999892825e+03 1.842243969440460205e-01 1.300058700144290924e-02
4.664819999999892389e+03 1.708373278379440308e-01 1.250222977250814438e-02
4.666299999999891952e+03 2.030152529478073120e-01 1.339826919138431549e-02
4.667779999999891515e+03 1.517147570848464966e-01 1.182415615767240524e-02
4.669259999999891079e+03 1.471604108810424805e-01 1.163161173462867737e-02
4.670739999999890642e+03 1.761148422956466675e-01 1.257028989493846893e-02
4.672219999999890206e+03 1.786158680915832520e-01 1.274145208299160004e-02
4.673699999999889769e+03 1.721101701259613037e-01 1.261508464813232422e-02
4.675179999999889333e+03 1.535350382328033447e-01 1.195842958986759186e-02
4.676659999999888896e+03 1.736795753240585327e-01 1.257238071411848068e-02
4.678139999999888460e+03 1.726167201995849609e-01 1.244898792356252670e-02
4.679619999999888023e+03 1.505908370018005371e-01 1.175744831562042236e-02
4.681099999999887586e+03 1.782921850681304932e-01 1.255483087152242661e-02
4.682579999999887150e+03 1.549729108810424805e-01 1.191882789134979248e-02
4.684059999999886713e+03 1.656679809093475342e-01 1.227380335330963135e-02
4.685539999999886277e+03 1.633791029453277588e-01 1.217357162386178970e-02
4.687019999999885840e+03 1.705299019813537598e-01 1.231845468282699585e-02
4.688499999999885404e+03 1.562485694885253906e-01 1.192337833344936371e-02
4.689979999999884967e+03 1.661638617515563965e-01 1.221227459609508514e-02
4.691459999999884531e+03 1.915468275547027588e-01 1.283822767436504364e-02
4.692939999999884094e+03 1.854627430438995361e-01 1.273684203624725342e-02
4.694419999999883657e+03 1.719946563243865967e-01 1.241285912692546844e-02
4.695899999999883221e+03 1.839069724082946777e-01 1.270005293190479279e-02
4.697379999999882784e+03 1.620547473430633545e-01 1.200730539858341217e-02
4.698859999999882348e+03 1.752231717109680176e-01 1.235467940568923950e-02
4.700339999999881911e+03 1.790437698364257812e-01 1.243171282112598419e-02
4.701819999999881475e+03 1.718976199626922607e-01 1.222029887139797211e-02
4.703299999999881038e+03 1.754972040653228760e-01 1.225912943482398987e-02
4.704779999999880602e+03 1.630937904119491577e-01 1.197307277470827103e-02
4.706259999999880165e+03 1.697016358375549316e-01 1.221487484872341156e-02
4.707739999999879728e+03 1.512074172496795654e-01 1.164794620126485825e-02
4.709219999999879292e+03 1.718689799308776855e-01 1.218736544251441956e-02
4.710699999999878855e+03 1.508686244487762451e-01 1.159613486379384995e-02
4.712179999999878419e+03 1.635358631610870361e-01 1.198246516287326813e-02
4.713659999999877982e+03 1.746793836355209351e-01 1.221838034689426422e-02
4.715139999999877546e+03 1.612435579299926758e-01 1.181204896420240402e-02
4.716619999999877109e+03 1.601985991001129150e-01 1.180169172585010529e-02
4.718099999999876673e+03 1.391350030899047852e-01 1.121952943503856659e-02
4.719579999999876236e+03 1.517500430345535278e-01 1.169571094214916229e-02
4.721059999999875799e+03 1.494296342134475708e-01 1.140142045915126801e-02
4.722539999999875363e+03 1.397354006767272949e-01 1.119673717767000198e-02
4.724019999999874926e+03 1.511404365301132202e-01 1.158428564667701721e-02
4.725499999999874490e+03 1.636252701282501221e-01 1.189720537513494492e-02
4.726979999999874053e+03 1.599433869123458862e-01 1.173483114689588547e-02
4.728459999999873617e+03 1.651943176984786987e-01 1.186573319137096405e-02
4.729939999999873180e+03 1.613969206809997559e-01 1.171055994927883148e-02
4.731419999999872744e+03 1.671476811170578003e-01 1.188141480088233948e-02
4.732899999999872307e+03 1.644602119922637939e-01 1.176463533192873001e-02
4.734379999999871870e+03 1.777153164148330688e-01 1.213910896331071854e-02
4.735859999999871434e+03 1.431797444820404053e-01 1.116056647151708603e-02
4.737339999999870997e+03 1.776942461729049683e-01 1.212991587817668915e-02
4.738819999999870561e+03 1.424770653247833252e-01 1.114225201308727264e-02
4.740299999999870124e+03 1.511263996362686157e-01 1.143136434257030487e-02
4.741779999999869688e+03 1.730559021234512329e-01 1.203595940023660660e-02
4.743259999999869251e+03 1.705121099948883057e-01 1.198214478790760040e-02
4.744739999999868814e+03 1.674441248178482056e-01 1.177011523395776749e-02
4.746219999999868378e+03 1.551435291767120361e-01 1.146088354289531708e-02
4.747699999999867941e+03 1.749831289052963257e-01 1.210899464786052704e-02
4.749179999999867505e+03 1.769797056913375854e-01 1.200640294700860977e-02
4.750659999999867068e+03 1.679535210132598877e-01 1.182250212877988815e-02
4.752139999999866632e+03 1.774797290563583374e-01 1.208121050149202347e-02
4.753619999999866195e+03 1.584967970848083496e-01 1.153329573571681976e-02
4.755099999999865759e+03 1.634269356727600098e-01 1.164768356829881668e-02
4.756579999999865322e+03 1.728413701057434082e-01 1.194450818002223969e-02
4.758059999999864885e+03 1.772572398185729980e-01 1.200955919921398163e-02
4.759539999999864449e+03 1.815509498119354248e-01 1.220109313726425171e-02
4.761019999999864012e+03 1.696010380983352661e-01 1.191275473684072495e-02
4.762499999999863576e+03 1.877120733261108398e-01 1.222170796245336533e-02
4.763979999999863139e+03 1.806791573762893677e-01 1.210184115916490555e-02
4.765459999999862703e+03 1.699003875255584717e-01 1.182152237743139267e-02
4.766939999999862266e+03 1.920312345027923584e-01 1.233415864408016205e-02
4.768419999999861830e+03 1.801455914974212646e-01 1.204171217978000641e-02
4.769899999999861393e+03 1.560337841510772705e-01 1.139685139060020447e-02
4.771379999999860956e+03 1.816347837448120117e-01 1.212700270116329193e-02
4.772859999999860520e+03 1.785132288932800293e-01 1.206518802791833878e-02
4.774339999999860083e+03 1.589763909578323364e-01 1.147540099918842316e-02
4.775819999999859647e+03 1.642804592847824097e-01 1.153806038200855255e-02
4.777299999999859210e+03 1.679538488388061523e-01 1.170422881841659546e-02
4.778779999999858774e+03 1.509571373462677002e-01 1.127758342772722244e-02
4.780259999999858337e+03 1.744786351919174194e-01 1.185441017150878906e-02
4.781739999999857901e+03 1.745313107967376709e-01 1.178860291838645935e-02
4.783219999999857464e+03 1.558222919702529907e-01 1.133610960096120834e-02
4.784699999999857027e+03 1.654560416936874390e-01 1.152820605784654617e-02
4.786179999999856591e+03 1.587007194757461548e-01 1.136001944541931152e-02
4.787659999999856154e+03 1.545347273349761963e-01 1.123037468641996384e-02
4.789139999999855718e+03 1.789121031761169434e-01 1.183456648141145706e-02
4.790619999999855281e+03 1.486851274967193604e-01 1.109307631850242615e-02
4.792099999999854845e+03 1.720059216022491455e-01 1.177330873906612396e-02
4.793579999999854408e+03 1.786030828952789307e-01 1.191647909581661224e-02
4.795059999999853972e+03 1.538649648427963257e-01 1.122880447655916214e-02
4.796539999999853535e+03 1.878314465284347534e-01 1.221136841922998428e-02
4.798019999999853098e+03 1.549821645021438599e-01 1.130731403827667236e-02
4.799499999999852662e+03 1.513496339321136475e-01 1.103623211383819580e-02
4.800979999999852225e+03 1.634914129972457886e-01 1.145008485764265060e-02
4.802459999999851789e+03 1.848820298910140991e-01 1.205476652830839157e-02
4.803939999999851352e+03 1.736951321363449097e-01 1.171381119638681412e-02
4.805419999999850916e+03 1.797852963209152222e-01 1.191383600234985352e-02
4.806899999999850479e+03 1.630760431289672852e-01 1.138692535459995270e-02
4.808379999999850043e+03 1.929323822259902954e-01 1.211216580122709274e-02
4.809859999999849606e+03 1.760424375534057617e-01 1.174450851976871490e-02
4.811339999999849169e+03 1.834098547697067261e-01 1.197215355932712555e-02
4.812819999999848733e+03 1.706853210926055908e-01 1.160917524248361588e-02
4.814299999999848296e+03 1.756990998983383179e-01 1.173322368413209915e-02
4.815779999999847860e+03 1.961421072483062744e-01 1.225216500461101532e-02
4.817259999999847423e+03 2.016464173793792725e-01 1.248100772500038147e-02
4.818739999999846987e+03 1.751458346843719482e-01 1.183965709060430527e-02
4.820219999999846550e+03 1.876647472381591797e-01 1.215332280844449997e-02
4.821699999999846113e+03 1.822641938924789429e-01 1.193648576736450195e-02
4.823179999999845677e+03 1.852294653654098511e-01 1.198940724134445190e-02
4.824659999999845240e+03 1.752042323350906372e-01 1.182481274008750916e-02
4.826139999999844804e+03 1.824090480804443359e-01 1.189352944493293762e-02
4.827619999999844367e+03 1.921115517616271973e-01 1.216801069676876068e-02
4.829099999999843931e+03 1.822861135005950928e-01 1.190237049013376236e-02
4.830579999999843494e+03 1.607098281383514404e-01 1.128094270825386047e-02
4.832059999999843058e+03 1.613435596227645874e-01 1.136722601950168610e-02
4.833539999999842621e+03 1.700051128864288330e-01 1.150790788233280182e-02
4.835019999999842184e+03 1.572602093219757080e-01 1.119247730821371078e-02
4.836499999999841748e+03 1.897283494472503662e-01 1.205464731901884079e-02
4.837979999999841311e+03 1.734862029552459717e-01 1.153361704200506210e-02
4.839459999999840875e+03 1.826807707548141479e-01 1.187256630510091782e-02
4.840939999999840438e+03 1.651542484760284424e-01 1.131430827081203461e-02
4.842419999999840002e+03 1.598781347274780273e-01 1.113270316272974014e-02
4.843899999999839565e+03 1.542511284351348877e-01 1.105403713881969452e-02
4.845379999999839129e+03 1.699913144111633301e-01 1.144637819379568100e-02
4.846859999999838692e+03 1.646850109100341797e-01 1.125804241746664047e-02
4.848339999999838255e+03 1.803299486637115479e-01 1.157387997955083847e-02
4.849819999999837819e+03 1.680374890565872192e-01 1.130484323948621750e-02
4.851299999999837382e+03 1.734688282012939453e-01 1.149024721235036850e-02
4.852779999999836946e+03 1.731948107481002808e-01 1.142917945981025696e-02
4.854259999999836509e+03 1.838887035846710205e-01 1.163292583078145981e-02
4.855739999999836073e+03 1.975719481706619263e-01 1.189835648983716965e-02
4.857219999999835636e+03 1.923221349716186523e-01 1.177422702312469482e-02
4.858699999999835200e+03 1.697727739810943604e-01 1.120921596884727478e-02
4.860179999999834763e+03 1.724351942539215088e-01 1.116379722952842712e-02
4.861659999999834326e+03 1.774881631135940552e-01 1.128323655575513840e-02
4.863139999999833890e+03 1.557178944349288940e-01 1.069828774780035019e-02
4.864619999999833453e+03 1.612011045217514038e-01 1.092382427304983139e-02
4.866099999999833017e+03 1.723997294902801514e-01 1.123840082436800003e-02
4.867579999999832580e+03 1.725782603025436401e-01 1.127562299370765686e-02
4.869059999999832144e+03 1.751536130905151367e-01 1.138982083648443222e-02
4.870539999999831707e+03 1.821072697639465332e-01 1.142546348273754120e-02
4.872019999999831271e+03 1.649660468101501465e-01 1.087811030447483063e-02
4.873499999999830834e+03 1.602488160133361816e-01 1.089665107429027557e-02
4.874979999999830397e+03 1.800621300935745239e-01 1.148151978850364685e-02
4.876459999999829961e+03 1.973784863948822021e-01 1.183912809938192368e-02
4.877939999999829524e+03 1.773949265480041504e-01 1.131127215921878815e-02
4.879419999999829088e+03 1.689153313636779785e-01 1.123856287449598312e-02
4.880899999999828651e+03 1.767102926969528198e-01 1.151354145258665085e-02
4.882379999999828215e+03 1.945673525333404541e-01 1.185279060155153275e-02
4.883859999999827778e+03 1.935929954051971436e-01 1.172051485627889633e-02
4.885339999999827342e+03 1.605606973171234131e-01 1.084619667381048203e-02
4.886819999999826905e+03 1.585468649864196777e-01 1.083327364176511765e-02
4.888299999999826468e+03 1.705472618341445923e-01 1.125748921185731888e-02
4.889779999999826032e+03 1.637218296527862549e-01 1.099080219864845276e-02
4.891259999999825595e+03 1.558423787355422974e-01 1.071326527744531631e-02
4.892739999999825159e+03 1.742256581783294678e-01 1.123626716434955597e-02
4.894219999999824722e+03 1.994019299745559692e-01 1.186790131032466888e-02
4.895699999999824286e+03 1.772499382495880127e-01 1.140538230538368225e-02
4.897179999999823849e+03 1.756623983383178711e-01 1.133227162063121796e-02
4.898659999999823413e+03 1.794993877410888672e-01 1.132842618972063065e-02
4.900139999999822976e+03 1.575260907411575317e-01 1.075611636042594910e-02
4.901619999999822539e+03 1.544899344444274902e-01 1.076267659664154053e-02
4.903099999999822103e+03 1.506595760583877563e-01 1.059213560074567795e-02
4.904579999999821666e+03 1.447574794292449951e-01 1.041524019092321396e-02
4.906059999999821230e+03 1.790367364883422852e-01 1.135928463190793991e-02
4.907539999999820793e+03 1.826444715261459351e-01 1.140693388879299164e-02
4.909019999999820357e+03 1.990865617990493774e-01 1.176571659743785858e-02
4.910499999999819920e+03 1.828960925340652466e-01 1.123930793255567551e-02
4.911979999999819483e+03 1.634785830974578857e-01 1.090634521096944809e-02
4.913459999999819047e+03 1.599627435207366943e-01 1.081544253975152969e-02
4.914939999999818610e+03 1.604068577289581299e-01 1.085499301552772522e-02
4.916419999999818174e+03 1.803820431232452393e-01 1.125422026962041855e-02
4.917899999999817737e+03 1.969046443700790405e-01 1.167962886393070221e-02
4.919379999999817301e+03 1.940190494060516357e-01 1.149813644587993622e-02
4.920859999999816864e+03 1.719619631767272949e-01 1.099118217825889587e-02
4.922339999999816428e+03 2.034730613231658936e-01 1.181909814476966858e-02
4.923819999999815991e+03 1.807586252689361572e-01 1.129234768450260162e-02
4.925299999999815554e+03 1.585704684257507324e-01 1.071935985237360001e-02
4.926779999999815118e+03 1.766716092824935913e-01 1.119910366833209991e-02
4.928259999999814681e+03 1.451647728681564331e-01 1.031153462827205658e-02
4.929739999999814245e+03 1.531140953302383423e-01 1.050037052482366562e-02
4.931219999999813808e+03 1.833650916814804077e-01 1.128846686333417892e-02
4.932699999999813372e+03 1.902299821376800537e-01 1.144727133214473724e-02
4.934179999999812935e+03 1.771332323551177979e-01 1.105172373354434967e-02
4.935659999999812499e+03 1.804469674825668335e-01 1.121582929044961929e-02
4.937139999999812062e+03 1.931378543376922607e-01 1.147549133747816086e-02
4.938619999999811625e+03 1.958369910717010498e-01 1.155794784426689148e-02
4.940099999999811189e+03 1.839602291584014893e-01 1.124629192054271698e-02
4.941579999999810752e+03 1.796975731849670410e-01 1.121681276708841324e-02
4.943059999999810316e+03 1.984882652759552002e-01 1.166429370641708374e-02
4.944539999999809879e+03 1.794552803039550781e-01 1.116923615336418152e-02
4.946019999999809443e+03 1.926830261945724487e-01 1.149022020399570465e-02
4.947499999999809006e+03 1.913356631994247437e-01 1.142545975744724274e-02
4.948979999999808570e+03 1.765828132629394531e-01 1.107258349657058716e-02
4.950459999999808133e+03 1.857777535915374756e-01 1.127115450799465179e-02
4.951939999999807696e+03 1.895826160907745361e-01 1.146160531789064407e-02
4.953419999999807260e+03 1.948623210191726685e-01 1.157151814550161362e-02
4.954899999999806823e+03 1.941263377666473389e-01 1.137786637991666794e-02
4.956379999999806387e+03 2.032375931739807129e-01 1.161408331245183945e-02
4.957859999999805950e+03 1.913491785526275635e-01 1.127626746892929077e-02
4.959339999999805514e+03 1.915261894464492798e-01 1.145962066948413849e-02
4.960819999999805077e+03 1.998814046382904053e-01 1.165432948619127274e-02
4.962299999999804641e+03 1.713903546333312988e-01 1.093942206352949142e-02
4.963779999999804204e+03 1.818631291389465332e-01 1.121614500880241394e-02
4.965259999999803767e+03 1.932206153869628906e-01 1.145029813051223755e-02
4.966739999999803331e+03 1.578252464532852173e-01 1.070189848542213440e-02
4.968219999999802894e+03 1.579314023256301880e-01 1.064433529973030090e-02
4.969699999999802458e+03 1.732308864593505859e-01 1.107050012797117233e-02
4.971179999999802021e+03 1.946612894535064697e-01 1.148296706378459930e-02
4.972659999999801585e+03 1.916830688714981079e-01 1.142449583858251572e-02
4.974139999999801148e+03 1.896654665470123291e-01 1.134758256375789642e-02
4.975619999999800712e+03 2.010236531496047974e-01 1.154220383614301682e-02
4.977099999999800275e+03 1.856773346662521362e-01 1.119192689657211304e-02
4.978579999999799838e+03 1.980293989181518555e-01 1.153507083654403687e-02
4.980059999999799402e+03 1.829383373260498047e-01 1.110394112765789032e-02
4.981539999999798965e+03 1.774456202983856201e-01 1.087145041674375534e-02
4.983019999999798529e+03 1.766967773437500000e-01 1.085120067000389099e-02
4.984499999999798092e+03 1.723148524761199951e-01 1.072022877633571625e-02
4.985979999999797656e+03 1.772391796112060547e-01 1.098354440182447433e-02
4.987459999999797219e+03 1.875340193510055542e-01 1.126531884074211121e-02
4.988939999999796783e+03 1.974817514419555664e-01 1.153733115643262863e-02
4.990419999999796346e+03 1.896336972713470459e-01 1.129108853638172150e-02
4.991899999999795909e+03 1.727781593799591064e-01 1.089071761816740036e-02
4.993379999999795473e+03 1.828503012657165527e-01 1.111471652984619141e-02
4.994859999999795036e+03 1.865344047546386719e-01 1.125692669302225113e-02
4.996339999999794600e+03 2.080112397670745850e-01 1.168656442314386368e-02
4.997819999999794163e+03 2.063936144113540649e-01 1.165535859763622284e-02
4.999299999999793727e+03 2.019781768321990967e-01 1.155478786677122116e-02
5.000779999999793290e+03 1.884389519691467285e-01 1.118148770183324814e-02
5.002259999999792853e+03 1.800979226827621460e-01 1.101011782884597778e-02
5.003739999999792417e+03 1.931760609149932861e-01 1.138582732528448105e-02
5.005219999999791980e+03 1.899531781673431396e-01 1.122481003403663635e-02
5.006699999999791544e+03 1.707662045955657959e-01 1.074886880815029144e-02
5.008179999999791107e+03 1.859407871961593628e-01 1.112866122275590897e-02
5.009659999999790671e+03 1.811709403991699219e-01 1.105885114520788193e-02
5.011139999999790234e+03 1.684269458055496216e-01 1.060635037720203400e-02
5.012619999999789798e+03 1.753524094820022583e-01 1.083365175873041153e-02
5.014099999999789361e+03 1.996794641017913818e-01 1.143893226981163025e-02
5.015579999999788924e+03 2.054996192455291748e-01 1.155192498117685318e-02
5.017059999999788488e+03 1.820141375064849854e-01 1.092281378805637360e-02
5.018539999999788051e+03 1.755193173885345459e-01 1.084032841026782990e-02
5.020019999999787615e+03 2.042736560106277466e-01 1.150080468505620956e-02
5.021499999999787178e+03 2.003566473722457886e-01 1.140502840280532837e-02
5.022979999999786742e+03 1.805506050586700439e-01 1.097559276968240738e-02
5.024459999999786305e+03 1.946220695972442627e-01 1.131269428879022598e-02
5.025939999999785869e+03 1.598553061485290527e-01 1.037221867591142654e-02
5.027419999999785432e+03 1.952863484621047974e-01 1.128350570797920227e-02
5.028899999999784995e+03 1.972542703151702881e-01 1.126113347709178925e-02
5.030379999999784559e+03 1.864691376686096191e-01 1.111491303890943527e-02
5.031859999999784122e+03 1.727886050939559937e-01 1.078276336193084717e-02
5.033339999999783686e+03 1.874182075262069702e-01 1.110580656677484512e-02
5.034819999999783249e+03 1.862919032573699951e-01 1.106318738311529160e-02
5.036299999999782813e+03 2.069761455059051514e-01 1.150346733629703522e-02
5.037779999999782376e+03 1.901483535766601562e-01 1.108745485544204712e-02
5.039259999999781940e+03 1.855349242687225342e-01 1.096478197723627090e-02
5.040739999999781503e+03 1.894786357879638672e-01 1.103589311242103577e-02
5.042219999999781066e+03 1.676049679517745972e-01 1.051800698041915894e-02
5.043699999999780630e+03 1.843186318874359131e-01 1.094328612089157104e-02
5.045179999999780193e+03 1.745930612087249756e-01 1.077777054160833359e-02
5.046659999999779757e+03 1.761895120143890381e-01 1.079150382429361343e-02
5.048139999999779320e+03 1.892657876014709473e-01 1.098617725074291229e-02
5.049619999999778884e+03 1.935591399669647217e-01 1.113802567124366760e-02
5.051099999999778447e+03 1.915177702903747559e-01 1.109343115240335464e-02
5.052579999999778011e+03 1.877046972513198853e-01 1.100813411176204681e-02
5.054059999999777574e+03 1.701082736253738403e-01 1.062199287116527557e-02
5.055539999999777137e+03 1.675250232219696045e-01 1.055445615202188492e-02
5.057019999999776701e+03 1.930022835731506348e-01 1.118374615907669067e-02
5.058499999999776264e+03 1.822098344564437866e-01 1.087593007832765579e-02
5.059979999999775828e+03 1.543563902378082275e-01 1.021368522197008133e-02
5.061459999999775391e+03 1.416622847318649292e-01 9.869416244328022003e-03
5.062939999999774955e+03 1.838315576314926147e-01 1.091912202537059784e-02
5.064419999999774518e+03 2.788942456245422363e-01 1.304174773395061493e-02
5.065899999999774082e+03 2.815079987049102783e-01 1.306962687522172928e-02
5.067379999999773645e+03 1.872267872095108032e-01 1.097506657242774963e-02
5.068859999999773208e+03 1.766321063041687012e-01 1.075294148176908493e-02
5.070339999999772772e+03 1.680870950222015381e-01 1.049594208598136902e-02
5.071819999999772335e+03 1.683408915996551514e-01 1.052280794829130173e-02
5.073299999999771899e+03 1.668515056371688843e-01 1.046083401888608932e-02
5.074779999999771462e+03 1.637883037328720093e-01 1.044505089521408081e-02
5.076259999999771026e+03 1.623507142066955566e-01 1.033748686313629150e-02
5.077739999999770589e+03 1.698374003171920776e-01 1.052828226238489151e-02
5.079219999999770152e+03 1.647015959024429321e-01 1.037388574331998825e-02
5.080699999999769716e+03 1.772595793008804321e-01 1.064369175583124161e-02
5.082179999999769279e+03 1.918241679668426514e-01 1.103901304304599762e-02
5.083659999999768843e+03 1.918605566024780273e-01 1.108933798968791962e-02
5.085139999999768406e+03 1.881668269634246826e-01 1.101908273994922638e-02
5.086619999999767970e+03 1.786018013954162598e-01 1.073287148028612137e-02
5.088099999999767533e+03 1.922546625137329102e-01 1.108505949378013611e-02
5.089579999999767097e+03 1.730730086565017700e-01 1.058426685631275177e-02
5.091059999999766660e+03 1.632997095584869385e-01 1.036439090967178345e-02
5.092539999999766223e+03 1.665861606597900391e-01 1.043752022087574005e-02
5.094019999999765787e+03 1.765248030424118042e-01 1.075101736932992935e-02
5.095499999999765350e+03 1.731812506914138794e-01 1.057974807918071747e-02
5.096979999999764914e+03 1.776365339756011963e-01 1.073583681136369705e-02
5.098459999999764477e+03 1.859246939420700073e-01 1.082485355436801910e-02
5.099939999999764041e+03 1.956743597984313965e-01 1.109185162931680679e-02
5.101419999999763604e+03 2.009159326553344727e-01 1.121907681226730347e-02
5.102899999999763168e+03 1.999451965093612671e-01 1.121048629283905029e-02
5.104379999999762731e+03 1.985765099525451660e-01 1.120002474635839462e-02
5.105859999999762294e+03 1.822348088026046753e-01 1.077227201312780380e-02
5.107339999999761858e+03 1.950442641973495483e-01 1.105190720409154892e-02
5.108819999999761421e+03 1.928469687700271606e-01 1.103682257235050201e-02
5.110299999999760985e+03 2.125749886035919189e-01 1.147234812378883362e-02
5.111779999999760548e+03 2.015596926212310791e-01 1.127690635621547699e-02
5.113259999999760112e+03 1.633722186088562012e-01 1.037067826837301254e-02
5.114739999999759675e+03 1.819592416286468506e-01 1.080990955233573914e-02
5.116219999999759239e+03 1.904169172048568726e-01 1.099145319312810898e-02
5.117699999999758802e+03 2.081373929977416992e-01 1.149361301213502884e-02
5.119179999999758365e+03 2.118543386459350586e-01 1.147031597793102264e-02
5.120659999999757929e+03 1.958117485046386719e-01 1.107417885214090347e-02
5.122139999999757492e+03 2.051141560077667236e-01 1.126738358289003372e-02
5.123619999999757056e+03 1.953245401382446289e-01 1.104002818465232849e-02
5.125099999999756619e+03 1.793402731418609619e-01 1.060503534972667694e-02
5.126579999999756183e+03 1.735195815563201904e-01 1.044330839067697525e-02
5.128059999999755746e+03 1.796976178884506226e-01 1.071021147072315216e-02
5.129539999999755310e+03 1.957582533359527588e-01 1.106932107359170914e-02
5.131019999999754873e+03 1.761456578969955444e-01 1.059262175112962723e-02
5.132499999999754436e+03 2.122262120246887207e-01 1.147069782018661499e-02
5.133979999999754000e+03 1.792365163564682007e-01 1.072648260742425919e-02
5.135459999999753563e+03 1.972196698188781738e-01 1.111455075442790985e-02
5.136939999999753127e+03 2.237848639488220215e-01 1.167166978120803833e-02
5.138419999999752690e+03 1.977200210094451904e-01 1.112513430416584015e-02
5.139899999999752254e+03 1.975774466991424561e-01 1.114345248788595200e-02
5.141379999999751817e+03 1.926864385604858398e-01 1.103852875530719757e-02
5.142859999999751381e+03 2.083842158317565918e-01 1.136157568544149399e-02
5.144339999999750944e+03 1.902292221784591675e-01 1.100873481482267380e-02
5.145819999999750507e+03 1.823993176221847534e-01 1.075152028352022171e-02
5.147299999999750071e+03 1.817987263202667236e-01 1.070041581988334656e-02
5.148779999999749634e+03 1.995847672224044800e-01 1.114716194570064545e-02
5.150259999999749198e+03 2.057016193866729736e-01 1.132004428654909134e-02
5.151739999999748761e+03 2.117427885532379150e-01 1.145401597023010254e-02
5.153219999999748325e+03 2.019941955804824829e-01 1.119385566562414169e-02
5.154699999999747888e+03 1.910854130983352661e-01 1.092746760696172714e-02
5.156179999999747452e+03 1.888406574726104736e-01 1.092763524502515793e-02
5.157659999999747015e+03 1.959030628204345703e-01 1.101334579288959503e-02
5.159139999999746578e+03 2.176863700151443481e-01 1.158736087381839752e-02
5.160619999999746142e+03 1.965399682521820068e-01 1.100233104079961777e-02
5.162099999999745705e+03 1.966158449649810791e-01 1.104838773608207703e-02
5.163579999999745269e+03 1.781759262084960938e-01 1.062473095953464508e-02
5.165059999999744832e+03 1.772742569446563721e-01 1.049687154591083527e-02
5.166539999999744396e+03 2.000824511051177979e-01 1.103150006383657455e-02
5.168019999999743959e+03 2.199504375457763672e-01 1.148147322237491608e-02
5.169499999999743522e+03 2.216744273900985718e-01 1.152425911277532578e-02
5.170979999999743086e+03 2.058725357055664062e-01 1.108698267489671707e-02
5.172459999999742649e+03 2.025489509105682373e-01 1.096796616911888123e-02
5.173939999999742213e+03 2.184354364871978760e-01 1.141911465674638748e-02
5.175419999999741776e+03 1.888053715229034424e-01 1.084018312394618988e-02
5.176899999999741340e+03 1.816123127937316895e-01 1.068811491131782532e-02
5.178379999999740903e+03 1.990234106779098511e-01 1.102427393198013306e-02
5.179859999999740467e+03 1.941586434841156006e-01 1.092230807989835739e-02
5.181339999999740030e+03 1.785996556282043457e-01 1.043560542166233063e-02
5.182819999999739593e+03 2.089675664901733398e-01 1.110894512385129929e-02
5.184299999999739157e+03 2.096261680126190186e-01 1.108989398926496506e-02
5.185779999999738720e+03 1.873001754283905029e-01 1.071891654282808304e-02
5.187259999999738284e+03 2.047688513994216919e-01 1.125731039792299271e-02
5.188739999999737847e+03 1.809179484844207764e-01 1.065680291503667831e-02
5.190219999999737411e+03 1.907494813203811646e-01 1.080889720469713211e-02
5.191699999999736974e+03 1.863679885864257812e-01 1.067288685590028763e-02
5.193179999999736538e+03 1.687957942485809326e-01 1.028859522193670273e-02
5.194659999999736101e+03 1.707928031682968140e-01 1.032784301787614822e-02
5.196139999999735664e+03 1.893068253993988037e-01 1.097471453249454498e-02
5.197619999999735228e+03 1.884906142950057983e-01 1.110106799751520157e-02
5.199099999999734791e+03 1.910746097564697266e-01 1.111770886927843094e-02
5.200579999999734355e+03 1.980428248643875122e-01 1.117724087089300156e-02
5.202059999999733918e+03 1.862687617540359497e-01 1.081995386630296707e-02
5.203539999999733482e+03 1.894733905792236328e-01 1.086620334535837173e-02
5.205019999999733045e+03 1.952986568212509155e-01 1.094790361821651459e-02
5.206499999999732609e+03 1.822119951248168945e-01 1.058367639780044556e-02
5.207979999999732172e+03 2.115953713655471802e-01 1.131553761661052704e-02
5.209459999999731735e+03 1.923548728227615356e-01 1.093291584402322769e-02
5.210939999999731299e+03 1.853577941656112671e-01 1.070770900696516037e-02
5.212419999999730862e+03 1.999534815549850464e-01 1.106975693255662918e-02
5.213899999999730426e+03 1.897074580192565918e-01 1.075342763215303421e-02
5.215379999999729989e+03 1.962427198886871338e-01 1.094313990324735641e-02
5.216859999999729553e+03 2.074057459831237793e-01 1.119303517043590546e-02
5.218339999999729116e+03 2.153424024581909180e-01 1.138626411557197571e-02
5.219819999999728680e+03 1.849162429571151733e-01 1.070850435644388199e-02
5.221299999999728243e+03 1.921706050634384155e-01 1.090720202773809433e-02
5.222779999999727806e+03 1.778090596199035645e-01 1.058172155171632767e-02
5.224259999999727370e+03 1.726031899452209473e-01 1.041823904961347580e-02
5.225739999999726933e+03 1.727849096059799194e-01 1.029924117028713226e-02
5.227219999999726497e+03 1.669396460056304932e-01 1.006060466170310974e-02
5.228699999999726060e+03 1.690017431974411011e-01 1.020186021924018860e-02
5.230179999999725624e+03 1.941173076629638672e-01 1.085363794118165970e-02
5.231659999999725187e+03 1.802218556404113770e-01 1.055936794728040695e-02
5.233139999999724751e+03 1.828737556934356689e-01 1.058832742273807526e-02
5.234619999999724314e+03 1.855348348617553711e-01 1.061866432428359985e-02
5.236099999999723877e+03 1.823688745498657227e-01 1.067251618951559067e-02
5.237579999999723441e+03 1.804382503032684326e-01 1.071350742131471634e-02
5.239059999999723004e+03 1.925098299980163574e-01 1.091147121042013168e-02
5.240539999999722568e+03 1.900161802768707275e-01 1.072893384844064713e-02
5.242019999999722131e+03 1.944132447242736816e-01 1.081449724733829498e-02
5.243499999999721695e+03 2.091150283813476562e-01 1.116189919412136078e-02
5.244979999999721258e+03 2.054906040430068970e-01 1.110364962369203568e-02
5.246459999999720822e+03 1.817930340766906738e-01 1.052290014922618866e-02
5.247939999999720385e+03 1.842605471611022949e-01 1.067790389060974121e-02
5.249419999999719948e+03 1.824366599321365356e-01 1.063680835068225861e-02
5.250899999999719512e+03 1.830624788999557495e-01 1.055469829589128494e-02
5.252379999999719075e+03 1.771855354309082031e-01 1.046326290816068649e-02
5.253859999999718639e+03 1.766957044601440430e-01 1.050538290292024612e-02
5.255339999999718202e+03 1.842206865549087524e-01 1.071501057595014572e-02
5.256819999999717766e+03 2.088343352079391479e-01 1.125584822148084641e-02
5.258299999999717329e+03 1.994483768939971924e-01 1.093261595815420151e-02
5.259779999999716892e+03 1.899659335613250732e-01 1.074260845780372620e-02
5.261259999999716456e+03 1.928227543830871582e-01 1.075011026114225388e-02
5.262739999999716019e+03 1.909763813018798828e-01 1.070254482328891754e-02
5.264219999999715583e+03 2.062044143676757812e-01 1.101668644696474075e-02
5.265699999999715146e+03 1.871346384286880493e-01 1.052872184664011002e-02
5.267179999999714710e+03 1.798513978719711304e-01 1.036667078733444214e-02
5.268659999999714273e+03 1.908616423606872559e-01 1.061303354799747467e-02
5.270139999999713837e+03 1.959798932075500488e-01 1.077938731759786606e-02
5.271619999999713400e+03 1.972129940986633301e-01 1.081763952970504761e-02
5.273099999999712963e+03 1.940747201442718506e-01 1.078051235526800156e-02
5.274579999999712527e+03 2.012983262538909912e-01 1.097905356436967850e-02
5.276059999999712090e+03 2.085975408554077148e-01 1.116031035780906677e-02
5.277539999999711654e+03 1.960112452507019043e-01 1.088411919772624969e-02
5.279019999999711217e+03 2.035903334617614746e-01 1.101485360413789749e-02
5.280499999999710781e+03 1.997390687465667725e-01 1.089461147785186768e-02
5.281979999999710344e+03 2.028539180755615234e-01 1.097049377858638763e-02
5.283459999999709908e+03 2.242361903190612793e-01 1.145169232040643692e-02
5.284939999999709471e+03 1.944159269332885742e-01 1.083513814955949783e-02
5.286419999999709034e+03 2.041480243206024170e-01 1.108771935105323792e-02
5.287899999999708598e+03 2.067531347274780273e-01 1.110350713133811951e-02
5.289379999999708161e+03 2.047783583402633667e-01 1.106332335621118546e-02
5.290859999999707725e+03 2.037971317768096924e-01 1.101498678326606750e-02
5.292339999999707288e+03 1.902152895927429199e-01 1.072142366319894791e-02
5.293819999999706852e+03 1.888434588909149170e-01 1.073284074664115906e-02
5.295299999999706415e+03 1.859002262353897095e-01 1.059271302074193954e-02
5.296779999999705979e+03 1.961422860622406006e-01 1.084614265710115433e-02
5.298259999999705542e+03 1.854271888732910156e-01 1.063081994652748108e-02
5.299739999999705105e+03 2.087734639644622803e-01 1.111788023263216019e-02
5.301219999999704669e+03 2.014202773571014404e-01 1.093389559537172318e-02
5.302699999999704232e+03 2.015800774097442627e-01 1.092827320098876953e-02
5.304179999999703796e+03 1.853787302970886230e-01 1.059247273951768875e-02
5.305659999999703359e+03 1.968959569931030273e-01 1.087446138262748718e-02
5.307139999999702923e+03 2.043844163417816162e-01 1.100376062095165253e-02
5.308619999999702486e+03 2.018570005893707275e-01 1.100892946124076843e-02
5.310099999999702050e+03 2.011206746101379395e-01 1.095755770802497864e-02
5.311579999999701613e+03 1.955802738666534424e-01 1.084817014634609222e-02
5.313059999999701176e+03 1.772072315216064453e-01 1.043600961565971375e-02
5.314539999999700740e+03 1.829306781291961670e-01 1.054616179317235947e-02
5.316019999999700303e+03 2.031798213720321655e-01 1.103699859231710434e-02
5.317499999999699867e+03 2.004376947879791260e-01 1.097047515213489532e-02
5.318979999999699430e+03 1.894820332527160645e-01 1.075334846973419189e-02
5.320459999999698994e+03 1.875008046627044678e-01 1.067245844751596451e-02
5.321939999999698557e+03 1.878375262022018433e-01 1.065272558480501175e-02
5.323419999999698121e+03 2.002041041851043701e-01 1.096045132726430893e-02
5.324899999999697684e+03 1.838640272617340088e-01 1.052857097238302231e-02
5.326379999999697247e+03 1.991205960512161255e-01 1.087047625333070755e-02
5.327859999999696811e+03 2.060285955667495728e-01 1.105404924601316452e-02
5.329339999999696374e+03 1.981981098651885986e-01 1.095290761440992355e-02
5.330819999999695938e+03 2.041355222463607788e-01 1.107903756201267242e-02
5.332299999999695501e+03 1.886447817087173462e-01 1.068830210715532303e-02
5.333779999999695065e+03 2.118317484855651855e-01 1.120617147535085678e-02
5.335259999999694628e+03 1.792734563350677490e-01 1.050385646522045135e-02
5.336739999999694192e+03 2.041596621274948120e-01 1.104532834142446518e-02
5.338219999999693755e+03 1.959232389926910400e-01 1.082361117005348206e-02
5.339699999999693318e+03 1.845749318599700928e-01 1.050215773284435272e-02
5.341179999999692882e+03 2.058330625295639038e-01 1.106484048068523407e-02
5.342659999999692445e+03 1.844479739665985107e-01 1.053128112107515335e-02
5.344139999999692009e+03 1.973377168178558350e-01 1.084663067013025284e-02
5.345619999999691572e+03 1.823575198650360107e-01 1.048026047646999359e-02
5.347099999999691136e+03 1.934624314308166504e-01 1.072339434176683426e-02
5.348579999999690699e+03 1.959047019481658936e-01 1.082591805607080460e-02
5.350059999999690262e+03 1.880445629358291626e-01 1.064439304172992706e-02
5.351539999999689826e+03 1.871727854013442993e-01 1.062746439129114151e-02
5.353019999999689389e+03 1.873773336410522461e-01 1.065459102392196655e-02
5.354499999999688953e+03 1.917053014039993286e-01 1.073493249714374542e-02
5.355979999999688516e+03 2.013933062553405762e-01 1.093954313546419144e-02
5.357459999999688080e+03 1.948557645082473755e-01 1.083876006305217743e-02
5.358939999999687643e+03 1.957956999540328979e-01 1.085327658802270889e-02
5.360419999999687207e+03 2.004696875810623169e-01 1.092987693846225739e-02
5.361899999999686770e+03 1.915867626667022705e-01 1.065271347761154175e-02
5.363379999999686333e+03 1.718361228704452515e-01 1.013852562755346298e-02
5.364859999999685897e+03 2.079274654388427734e-01 1.101407501846551895e-02
5.366339999999685460e+03 1.928808689117431641e-01 1.069165207445621490e-02
5.367819999999685024e+03 1.696524322032928467e-01 1.010952144861221313e-02
5.369299999999684587e+03 1.919733881950378418e-01 1.063236780464649200e-02
5.370779999999684151e+03 2.152965962886810303e-01 1.116594299674034119e-02
5.372259999999683714e+03 1.978257000446319580e-01 1.082020346075296402e-02
5.373739999999683278e+03 1.996889859437942505e-01 1.089548878371715546e-02
5.375219999999682841e+03 2.026268839836120605e-01 1.096948795020580292e-02
5.376699999999682404e+03 2.025182247161865234e-01 1.094759162515401840e-02
5.378179999999681968e+03 2.071850597858428955e-01 1.107640657573938370e-02
5.379659999999681531e+03 1.811249405145645142e-01 1.042390055954456329e-02
5.381139999999681095e+03 1.817702502012252808e-01 1.042917370796203613e-02
5.382619999999680658e+03 1.573427170515060425e-01 9.824559092521667480e-03
5.384099999999680222e+03 1.423096060752868652e-01 9.445285424590110779e-03
5.385579999999679785e+03 1.508198231458663940e-01 9.656465612351894379e-03
5.387059999999679349e+03 1.710186004638671875e-01 1.014872733503580093e-02
5.388539999999678912e+03 1.585897505283355713e-01 9.845255874097347260e-03
5.390019999999678475e+03 1.707411110401153564e-01 1.012327335774898529e-02
5.391499999999678039e+03 1.570066511631011963e-01 9.785057045519351959e-03
5.392979999999677602e+03 1.890234351158142090e-01 1.052808389067649841e-02
5.394459999999677166e+03 1.896864026784896851e-01 1.057492103427648544e-02
5.395939999999676729e+03 1.997375041246414185e-01 1.085047610104084015e-02
5.397419999999676293e+03 1.964329928159713745e-01 1.073777116835117340e-02
5.398899999999675856e+03 1.824159920215606689e-01 1.038528420031070709e-02
5.400379999999675420e+03 1.572895795106887817e-01 9.850766509771347046e-03
5.401859999999674983e+03 1.561741679906845093e-01 9.829661808907985687e-03
5.403339999999674546e+03 1.886856555938720703e-01 1.051651127636432648e-02
5.404819999999674110e+03 1.938385218381881714e-01 1.063298992812633514e-02
5.406299999999673673e+03 1.893376410007476807e-01 1.053314283490180969e-02
5.407779999999673237e+03 2.008193731307983398e-01 1.078499760478734970e-02
5.409259999999672800e+03 2.053097039461135864e-01 1.094977650791406631e-02
5.410739999999672364e+03 1.865904629230499268e-01 1.052547805011272430e-02
5.412219999999671927e+03 1.800108402967453003e-01 1.033387798815965652e-02
5.413699999999671491e+03 1.957805156707763672e-01 1.067359652370214462e-02
5.415179999999671054e+03 1.867800056934356689e-01 1.052111014723777771e-02
5.416659999999670617e+03 2.014492005109786987e-01 1.084102690219879150e-02
5.418139999999670181e+03 2.177918553352355957e-01 1.121210120618343353e-02
5.419619999999669744e+03 1.872132867574691772e-01 1.055966597050428391e-02
5.421099999999669308e+03 1.971086561679840088e-01 1.071580965071916580e-02
5.422579999999668871e+03 1.933216154575347900e-01 1.064922474324703217e-02
5.424059999999668435e+03 1.728650033473968506e-01 1.021836511790752411e-02
5.425539999999667998e+03 1.741097271442413330e-01 1.023178454488515854e-02
5.427019999999667561e+03 1.821838170289993286e-01 1.035449467599391937e-02
5.428499999999667125e+03 1.761978864669799805e-01 1.021462772041559219e-02
5.429979999999666688e+03 1.945888698101043701e-01 1.066261809319257736e-02
5.431459999999666252e+03 1.995458006858825684e-01 1.075200922787189484e-02
5.432939999999665815e+03 1.831364035606384277e-01 1.036992762237787247e-02
5.434419999999665379e+03 1.938880681991577148e-01 1.063316222280263901e-02
5.435899999999664942e+03 1.938597112894058228e-01 1.069710403680801392e-02
5.437379999999664506e+03 2.160938382148742676e-01 1.116361003369092941e-02
5.438859999999664069e+03 2.165216803550720215e-01 1.114482432603836060e-02
5.440339999999663632e+03 2.098938375711441040e-01 1.102754473686218262e-02
5.441819999999663196e+03 2.035180032253265381e-01 1.091575063765048981e-02
5.443299999999662759e+03 1.981955170631408691e-01 1.074867602437734604e-02
5.444779999999662323e+03 1.994543373584747314e-01 1.072549354285001755e-02
5.446259999999661886e+03 1.818889528512954712e-01 1.030066981911659241e-02
5.447739999999661450e+03 1.726153492927551270e-01 1.015424914658069611e-02
5.449219999999661013e+03 1.918777227401733398e-01 1.058298721909523010e-02
5.450699999999660577e+03 2.045512497425079346e-01 1.094658020883798599e-02
5.452179999999660140e+03 2.129404544830322266e-01 1.111716777086257935e-02
5.453659999999659703e+03 1.775475144386291504e-01 1.017971057444810867e-02
5.455139999999659267e+03 1.901062726974487305e-01 1.054618321359157562e-02
5.456619999999658830e+03 2.192037999629974365e-01 1.117462292313575745e-02
5.458099999999658394e+03 2.116724401712417603e-01 1.102948840707540512e-02
5.459579999999657957e+03 2.053077518939971924e-01 1.093390490859746933e-02
5.461059999999657521e+03 2.252995967864990234e-01 1.138348318636417389e-02
5.462539999999657084e+03 2.247589826583862305e-01 1.123332139104604721e-02
5.464019999999656648e+03 2.217664420604705811e-01 1.117530092597007751e-02
5.465499999999656211e+03 2.133060991764068604e-01 1.108670607209205627e-02
5.466979999999655774e+03 1.900449693202972412e-01 1.054361555725336075e-02
5.468459999999655338e+03 1.902805268764495850e-01 1.055488735437393188e-02
5.469939999999654901e+03 1.807440519332885742e-01 1.033991668373346329e-02
5.471419999999654465e+03 1.894201040267944336e-01 1.056071929633617401e-02
5.472899999999654028e+03 2.078422307968139648e-01 1.095469109714031219e-02
5.474379999999653592e+03 2.285613268613815308e-01 1.136228442192077637e-02
5.475859999999653155e+03 2.038086652755737305e-01 1.086042728275060654e-02
5.477339999999652719e+03 1.791440546512603760e-01 1.024663820862770081e-02
5.478819999999652282e+03 2.128226161003112793e-01 1.101548504084348679e-02
5.480299999999651845e+03 2.195553183555603027e-01 1.118363719433546066e-02
5.481779999999651409e+03 2.028988450765609741e-01 1.084937434643507004e-02
5.483259999999650972e+03 1.965119838714599609e-01 1.065625436604022980e-02
5.484739999999650536e+03 1.818880736827850342e-01 1.037602405995130539e-02
5.486219999999650099e+03 1.936456561088562012e-01 1.060828194022178650e-02
5.487699999999649663e+03 1.590639650821685791e-01 9.806370362639427185e-03
5.489179999999649226e+03 1.980323195457458496e-01 1.067948527634143829e-02
5.490659999999648790e+03 1.695505976676940918e-01 1.003618165850639343e-02
5.492139999999648353e+03 1.763651818037033081e-01 1.022467948496341705e-02
5.493619999999647916e+03 1.794006526470184326e-01 1.026348490267992020e-02
5.495099999999647480e+03 2.082632482051849365e-01 1.090844906866550446e-02
5.496579999999647043e+03 1.934926658868789673e-01 1.062893122434616089e-02
5.498059999999646607e+03 2.240973114967346191e-01 1.129531208425760269e-02
5.499539999999646170e+03 2.139488011598587036e-01 1.103319507092237473e-02
5.501019999999645734e+03 2.048475891351699829e-01 1.092102658003568649e-02
5.502499999999645297e+03 1.892104595899581909e-01 1.050927955657243729e-02
5.503979999999644861e+03 2.077343016862869263e-01 1.093185786157846451e-02
5.505459999999644424e+03 1.923594623804092407e-01 1.059920527040958405e-02
5.506939999999643987e+03 2.010509371757507324e-01 1.079406216740608215e-02
5.508419999999643551e+03 2.307465672492980957e-01 1.144326012581586838e-02
5.509899999999643114e+03 2.250468730926513672e-01 1.128693204373121262e-02
5.511379999999642678e+03 2.225668281316757202e-01 1.122880820184946060e-02
5.512859999999642241e+03 2.327563166618347168e-01 1.145830284804105759e-02
5.514339999999641805e+03 2.171548753976821899e-01 1.114566251635551453e-02
5.515819999999641368e+03 2.326585352420806885e-01 1.152117457240819931e-02
5.517299999999640931e+03 2.269074469804763794e-01 1.135078538209199905e-02
5.518779999999640495e+03 2.101876139640808105e-01 1.097265351563692093e-02
5.520259999999640058e+03 2.081700861454010010e-01 1.093767769634723663e-02
5.521739999999639622e+03 1.982108056545257568e-01 1.073836721479892731e-02
5.523219999999639185e+03 2.121740430593490601e-01 1.101871766149997711e-02
5.524699999999638749e+03 2.127144634723663330e-01 1.101304311305284500e-02
5.526179999999638312e+03 2.189287245273590088e-01 1.110657956451177597e-02
5.527659999999637876e+03 2.433672845363616943e-01 1.158507075160741806e-02
5.529139999999637439e+03 2.241632342338562012e-01 1.121991127729415894e-02
5.530619999999637002e+03 2.239802181720733643e-01 1.123136002570390701e-02
5.532099999999636566e+03 2.231725603342056274e-01 1.126873027533292770e-02
5.533579999999636129e+03 2.318371832370758057e-01 1.138106361031532288e-02
5.535059999999635693e+03 2.406478822231292725e-01 1.157716847956180573e-02
5.536539999999635256e+03 2.305181324481964111e-01 1.139457244426012039e-02
5.538019999999634820e+03 2.291023582220077515e-01 1.134900283068418503e-02
5.539499999999634383e+03 2.095078974962234497e-01 1.104738749563694000e-02
5.540979999999633947e+03 2.321389615535736084e-01 1.150133926421403885e-02
5.542459999999633510e+03 2.281249165534973145e-01 1.145774871110916138e-02
5.543939999999633073e+03 2.188951522111892700e-01 1.126585155725479126e-02
5.545419999999632637e+03 2.226465493440628052e-01 1.128325052559375763e-02
5.546899999999632200e+03 2.192609310150146484e-01 1.118760835379362106e-02
5.548379999999631764e+03 2.094707190990447998e-01 1.098028384149074554e-02
5.549859999999631327e+03 1.911770552396774292e-01 1.063406188040971756e-02
5.551339999999630891e+03 1.969704627990722656e-01 1.064817607402801514e-02
5.552819999999630454e+03 1.771212816238403320e-01 1.024064049124717712e-02
5.554299999999630018e+03 2.155909836292266846e-01 1.110303029417991638e-02
5.555779999999629581e+03 2.232256978750228882e-01 1.121716573834419250e-02
5.557259999999629144e+03 2.242514789104461670e-01 1.126202940940856934e-02
5.558739999999628708e+03 2.303322255611419678e-01 1.140900421887636185e-02
5.560219999999628271e+03 2.342790067195892334e-01 1.146737113595008850e-02
5.561699999999627835e+03 2.208915054798126221e-01 1.128127891570329666e-02
5.563179999999627398e+03 2.147815823554992676e-01 1.129546202719211578e-02
5.564659999999626962e+03 2.130360901355743408e-01 1.113670878112316132e-02
5.566139999999626525e+03 2.260725945234298706e-01 1.131422258913516998e-02
5.567619999999626089e+03 2.252046167850494385e-01 1.132542546838521957e-02
5.569099999999625652e+03 2.046824991703033447e-01 1.091315783560276031e-02
5.570579999999625215e+03 2.244092822074890137e-01 1.122229266911745071e-02
5.572059999999624779e+03 2.261815369129180908e-01 1.119272783398628235e-02
5.573539999999624342e+03 1.833615452051162720e-01 1.083660218864679337e-02
5.575019999999623906e+03 7.877773046493530273e-02 1.793606020510196686e-02
5.576499999999623469e+03 3.588898777961730957e-01 3.133187815546989441e-02
5.577979999999623033e+03 3.272822201251983643e-01 2.981189079582691193e-02
5.579459999999622596e+03 1.580422073602676392e-01 1.348625589162111282e-02
5.580939999999622160e+03 2.427743077278137207e-01 1.157264877110719681e-02
5.582419999999621723e+03 2.331037819385528564e-01 1.150327920913696289e-02
5.583899999999621286e+03 2.400780469179153442e-01 1.158300414681434631e-02
5.585379999999620850e+03 2.439547926187515259e-01 1.160383783280849457e-02
5.586859999999620413e+03 2.098901569843292236e-01 1.091680210083723068e-02
5.588339999999619977e+03 2.089343965053558350e-01 1.105916500091552734e-02
5.589819999999619540e+03 2.269817590713500977e-01 1.144596468657255173e-02
5.591299999999619104e+03 2.199735641479492188e-01 1.114014163613319397e-02
5.592779999999618667e+03 2.240358293056488037e-01 1.122225169092416763e-02
5.594259999999618231e+03 2.143806517124176025e-01 1.096199452877044678e-02
5.595739999999617794e+03 2.189456224441528320e-01 1.117990911006927490e-02
5.597219999999617357e+03 2.064390033483505249e-01 1.093150302767753601e-02
5.598699999999616921e+03 2.092325091361999512e-01 1.099331676959991455e-02
5.600179999999616484e+03 2.214689552783966064e-01 1.116067729890346527e-02
5.601659999999616048e+03 2.360842823982238770e-01 1.143718790262937546e-02
5.603139999999615611e+03 2.444818615913391113e-01 1.168267987668514252e-02
5.604619999999615175e+03 2.323806285858154297e-01 1.165837980806827545e-02
5.606099999999614738e+03 2.260626852512359619e-01 1.140530407428741455e-02
5.607579999999614301e+03 2.280609458684921265e-01 1.132979057729244232e-02
5.609059999999613865e+03 2.320537865161895752e-01 1.143723446875810623e-02
5.610539999999613428e+03 2.308284938335418701e-01 1.135480776429176331e-02
5.612019999999612992e+03 2.208785712718963623e-01 1.108351349830627441e-02
5.613499999999612555e+03 2.119539976119995117e-01 1.091617811471223831e-02
5.614979999999612119e+03 2.283138036727905273e-01 1.133393216878175735e-02
5.616459999999611682e+03 2.239959239959716797e-01 1.119273807853460312e-02
5.617939999999611246e+03 2.020555734634399414e-01 1.070558838546276093e-02
5.619419999999610809e+03 2.070277333259582520e-01 1.086918078362941742e-02
5.620899999999610372e+03 2.217971384525299072e-01 1.114454027265310287e-02
5.622379999999609936e+03 2.317508459091186523e-01 1.142918877303600311e-02
5.623859999999609499e+03 2.169477641582489014e-01 1.117138657718896866e-02
5.625339999999609063e+03 2.033069431781768799e-01 1.079316437244415283e-02
5.626819999999608626e+03 1.924550384283065796e-01 1.043833047151565552e-02
5.628299999999608190e+03 2.051110565662384033e-01 1.072136405855417252e-02
5.629779999999607753e+03 2.272861003875732422e-01 1.120894309133291245e-02
5.631259999999607317e+03 2.201496064662933350e-01 1.107920985668897629e-02
5.632739999999606880e+03 1.962362229824066162e-01 1.059553772211074829e-02
5.634219999999606443e+03 2.102740406990051270e-01 1.089593954384326935e-02
5.635699999999606007e+03 2.161397784948348999e-01 1.095240376889705658e-02
5.637179999999605570e+03 2.157035619020462036e-01 1.100271288305521011e-02
5.638659999999605134e+03 2.226628363132476807e-01 1.118600275367498398e-02
5.640139999999604697e+03 2.106514722108840942e-01 1.087644975632429123e-02
5.641619999999604261e+03 2.092011123895645142e-01 1.083260402083396912e-02
5.643099999999603824e+03 2.212669253349304199e-01 1.114592887461185455e-02
5.644579999999603388e+03 2.499934732913970947e-01 1.179849170148372650e-02
5.646059999999602951e+03 2.377974539995193481e-01 1.158627774566411972e-02
5.647539999999602514e+03 2.144419848918914795e-01 1.097586099058389664e-02
5.649019999999602078e+03 2.262779027223587036e-01 1.120930444449186325e-02
5.650499999999601641e+03 2.342820167541503906e-01 1.138353999704122543e-02
5.651979999999601205e+03 2.134783565998077393e-01 1.092689577490091324e-02
5.653459999999600768e+03 2.075063884258270264e-01 1.079331245273351669e-02
5.654939999999600332e+03 2.363346815109252930e-01 1.140855439007282257e-02
5.656419999999599895e+03 2.265271246433258057e-01 1.119324658066034317e-02
5.657899999999599459e+03 2.039686441421508789e-01 1.078346278518438339e-02
5.659379999999599022e+03 2.051247954368591309e-01 1.079936511814594269e-02
5.660859999999598585e+03 2.089574933052062988e-01 1.081891357898712158e-02
5.662339999999598149e+03 2.071360498666763306e-01 1.084085553884506226e-02
5.663819999999597712e+03 2.029886841773986816e-01 1.077765319496393204e-02
5.665299999999597276e+03 2.126757204532623291e-01 1.098747830837965012e-02
5.666779999999596839e+03 2.230118811130523682e-01 1.120406482368707657e-02
5.668259999999596403e+03 2.286677956581115723e-01 1.135250646620988846e-02
5.669739999999595966e+03 2.229980230331420898e-01 1.121527329087257385e-02
5.671219999999595530e+03 2.318179905414581299e-01 1.138229202479124069e-02
5.672699999999595093e+03 2.227462679147720337e-01 1.113906968384981155e-02
5.674179999999594656e+03 2.142906486988067627e-01 1.102872751653194427e-02
5.675659999999594220e+03 2.087400555610656738e-01 1.084861159324645996e-02
5.677139999999593783e+03 2.189587056636810303e-01 1.107229385524988174e-02
5.678619999999593347e+03 2.238045185804367065e-01 1.120901014655828476e-02
5.680099999999592910e+03 2.197804152965545654e-01 1.110164634883403778e-02
5.681579999999592474e+03 2.253466546535491943e-01 1.120651233941316605e-02
5.683059999999592037e+03 2.263994216918945312e-01 1.124623790383338928e-02
5.684539999999591600e+03 2.175951749086380005e-01 1.106601767241954803e-02
5.686019999999591164e+03 2.058311104774475098e-01 1.082362420856952667e-02
5.687499999999590727e+03 2.098556160926818848e-01 1.090919226408004761e-02
5.688979999999590291e+03 2.313293516635894775e-01 1.137618906795978546e-02
5.690459999999589854e+03 2.202746421098709106e-01 1.113410573452711105e-02
5.691939999999589418e+03 2.252709418535232544e-01 1.121694967150688171e-02
5.693419999999588981e+03 2.372350096702575684e-01 1.146681327372789383e-02
5.694899999999588545e+03 2.399887442588806152e-01 1.155777182430028915e-02
5.696379999999588108e+03 2.128615230321884155e-01 1.098199281841516495e-02
5.697859999999587671e+03 2.188433706760406494e-01 1.115187630057334900e-02
5.699339999999587235e+03 2.067821621894836426e-01 1.086215674877166748e-02
5.700819999999586798e+03 2.279258668422698975e-01 1.134560443460941315e-02
5.702299999999586362e+03 2.241440713405609131e-01 1.123034302145242691e-02
5.703779999999585925e+03 2.116087079048156738e-01 1.102058030664920807e-02
5.705259999999585489e+03 2.099494636058807373e-01 1.096130628138780594e-02
5.706739999999585052e+03 2.149493694305419922e-01 1.104306709021329880e-02
5.708219999999584616e+03 2.122457623481750488e-01 1.093878503888845444e-02
5.709699999999584179e+03 2.187469303607940674e-01 1.109505724161863327e-02
5.711179999999583742e+03 2.038081586360931396e-01 1.076320558786392212e-02
5.712659999999583306e+03 2.208232432603836060e-01 1.115829125046730042e-02
5.714139999999582869e+03 2.164590358734130859e-01 1.102748233824968338e-02
5.715619999999582433e+03 2.196164429187774658e-01 1.113243307918310165e-02
5.717099999999581996e+03 2.087577730417251587e-01 1.093561854213476181e-02
5.718579999999581560e+03 2.142384052276611328e-01 1.105039753019809723e-02
5.720059999999581123e+03 2.187086045742034912e-01 1.111031975597143173e-02
5.721539999999580687e+03 2.279205918312072754e-01 1.130102016031742096e-02
5.723019999999580250e+03 2.224825918674468994e-01 1.118064299225807190e-02
5.724499999999579813e+03 2.291385233402252197e-01 1.131237577646970749e-02
5.725979999999579377e+03 2.309899479150772095e-01 1.134872343391180038e-02
5.727459999999578940e+03 2.216252088546752930e-01 1.114775612950325012e-02
5.728939999999578504e+03 2.093796432018280029e-01 1.089973747730255127e-02
5.730419999999578067e+03 2.144273966550827026e-01 1.101968623697757721e-02
5.731899999999577631e+03 2.288805246353149414e-01 1.124550588428974152e-02
5.733379999999577194e+03 2.255989015102386475e-01 1.125222537666559219e-02
5.734859999999576758e+03 2.262148261070251465e-01 1.124835386872291565e-02
5.736339999999576321e+03 2.250531315803527832e-01 1.121497619897127151e-02
5.737819999999575884e+03 2.270912528038024902e-01 1.124070677906274796e-02
5.739299999999575448e+03 2.152842134237289429e-01 1.094476599246263504e-02
5.740779999999575011e+03 2.123233824968338013e-01 1.094660442322492599e-02
5.742259999999574575e+03 2.383930832147598267e-01 1.151442714035511017e-02
5.743739999999574138e+03 2.132419347763061523e-01 1.093543879687786102e-02
5.745219999999573702e+03 2.115316689014434814e-01 1.089948974549770355e-02
5.746699999999573265e+03 2.066001296043395996e-01 1.079372782260179520e-02
5.748179999999572829e+03 2.443565130233764648e-01 1.155551988631486893e-02
5.749659999999572392e+03 2.318694889545440674e-01 1.132901757955551147e-02
5.751139999999571955e+03 2.243060469627380371e-01 1.115177571773529053e-02
5.752619999999571519e+03 2.402347326278686523e-01 1.142666582018136978e-02
5.754099999999571082e+03 2.670056521892547607e-01 1.200077682733535767e-02
5.755579999999570646e+03 2.174835503101348877e-01 1.106019876897335052e-02
5.757059999999570209e+03 2.319352775812149048e-01 1.131268311291933060e-02
5.758539999999569773e+03 2.131249159574508667e-01 1.094050239771604538e-02
5.760019999999569336e+03 2.203194200992584229e-01 1.112053357064723969e-02
5.761499999999568900e+03 2.217776924371719360e-01 1.105973217636346817e-02
5.762979999999568463e+03 2.348909974098205566e-01 1.132949814200401306e-02
5.764459999999568026e+03 2.483317553997039795e-01 1.168955396860837936e-02
5.765939999999567590e+03 2.135884761810302734e-01 1.093881763517856598e-02
5.767419999999567153e+03 2.221179604530334473e-01 1.107158325612545013e-02
5.768899999999566717e+03 2.341004312038421631e-01 1.138317771255970001e-02
5.770379999999566280e+03 2.092468142509460449e-01 1.084201131016016006e-02
5.771859999999565844e+03 2.250373959541320801e-01 1.116350665688514709e-02
5.773339999999565407e+03 2.395475804805755615e-01 1.140595041215419769e-02
5.774819999999564970e+03 2.350912094116210938e-01 1.130390539765357971e-02
5.776299999999564534e+03 2.259712666273117065e-01 1.120490580797195435e-02
5.777779999999564097e+03 2.205071747303009033e-01 1.105987094342708588e-02
5.779259999999563661e+03 2.198623567819595337e-01 1.102626137435436249e-02
5.780739999999563224e+03 2.245431840419769287e-01 1.112579368054866791e-02
5.782219999999562788e+03 2.283653616905212402e-01 1.116963569074869156e-02
5.783699999999562351e+03 2.378753423690795898e-01 1.138782501220703125e-02
5.785179999999561915e+03 2.484419941902160645e-01 1.152239181101322174e-02
5.786659999999561478e+03 2.337389588356018066e-01 1.129131298512220383e-02
5.788139999999561041e+03 2.121669948101043701e-01 1.084825489670038223e-02
5.789619999999560605e+03 2.349289059638977051e-01 1.133535336703062057e-02
5.791099999999560168e+03 2.286455333232879639e-01 1.121295709162950516e-02
5.792579999999559732e+03 2.336108237504959106e-01 1.129740756005048752e-02
5.794059999999559295e+03 2.346453368663787842e-01 1.130171958357095718e-02
5.795539999999558859e+03 2.265113592147827148e-01 1.112002786248922348e-02
5.797019999999558422e+03 2.397783398628234863e-01 1.138880383223295212e-02
5.798499999999557986e+03 2.459338307380676270e-01 1.150490716099739075e-02
5.799979999999557549e+03 2.168767750263214111e-01 1.091803144663572311e-02
5.801459999999557112e+03 2.159707546234130859e-01 1.094445772469043732e-02
5.802939999999556676e+03 2.116878926753997803e-01 1.083343010395765305e-02
5.804419999999556239e+03 2.117733508348464966e-01 1.082594506442546844e-02
5.805899999999555803e+03 2.125813961029052734e-01 1.084064133465290070e-02
5.807379999999555366e+03 2.267608046531677246e-01 1.114681456238031387e-02
5.808859999999554930e+03 2.516447901725769043e-01 1.166143547743558884e-02
5.810339999999554493e+03 2.294714748859405518e-01 1.113880518823862076e-02
5.811819999999554057e+03 2.080413997173309326e-01 1.076467707753181458e-02
5.813299999999553620e+03 2.348388433456420898e-01 1.129997521638870239e-02
5.814779999999553183e+03 2.149085402488708496e-01 1.091747824102640152e-02
5.816259999999552747e+03 2.282631397247314453e-01 1.113504637032747269e-02
5.817739999999552310e+03 2.125961780548095703e-01 1.090895198285579681e-02
5.819219999999551874e+03 2.120417058467864990e-01 1.079695299267768860e-02
5.820699999999551437e+03 2.151613086462020874e-01 1.089450716972351074e-02
5.822179999999551001e+03 2.159745246171951294e-01 1.092710625380277634e-02
5.823659999999550564e+03 2.074916958808898926e-01 1.078176125884056091e-02
5.825139999999550128e+03 2.123121023178100586e-01 1.081842929124832153e-02
5.826619999999549691e+03 2.140264809131622314e-01 1.085985731333494186e-02
5.828099999999549254e+03 2.193389981985092163e-01 1.094634644687175751e-02
5.829579999999548818e+03 2.130490839481353760e-01 1.089466363191604614e-02
5.831059999999548381e+03 2.418856769800186157e-01 1.144536584615707397e-02
5.832539999999547945e+03 2.206572592258453369e-01 1.105137914419174194e-02
5.834019999999547508e+03 2.212949395179748535e-01 1.104353368282318115e-02
5.835499999999547072e+03 2.258546948432922363e-01 1.105818990617990494e-02
5.836979999999546635e+03 1.897378563880920410e-01 1.036543957889080048e-02
5.838459999999546199e+03 2.135035097599029541e-01 1.083583012223243713e-02
5.839939999999545762e+03 2.384028881788253784e-01 1.135609298944473267e-02
5.841419999999545325e+03 2.354592382907867432e-01 1.131976023316383362e-02
5.842899999999544889e+03 2.342178076505661011e-01 1.128541771322488785e-02
5.844379999999544452e+03 2.551437914371490479e-01 1.170453801751136780e-02
5.845859999999544016e+03 2.424723803997039795e-01 1.145986467599868774e-02
5.847339999999543579e+03 2.164524644613265991e-01 1.091976929455995560e-02
5.848819999999543143e+03 2.186444699764251709e-01 1.099721528589725494e-02
5.850299999999542706e+03 2.142453044652938843e-01 1.089502964168787003e-02
5.851779999999542270e+03 2.401458173990249634e-01 1.142351701855659485e-02
5.853259999999541833e+03 2.290655672550201416e-01 1.120008900761604309e-02
5.854739999999541396e+03 2.005276978015899658e-01 1.050987280905246735e-02
5.856219999999540960e+03 2.065511345863342285e-01 1.062019448727369308e-02
5.857699999999540523e+03 2.390087246894836426e-01 1.136356778442859650e-02
5.859179999999540087e+03 2.153524309396743774e-01 1.083591766655445099e-02
5.860659999999539650e+03 2.093927860260009766e-01 1.070365495979785919e-02
5.862139999999539214e+03 2.210251986980438232e-01 1.097277738153934479e-02
5.863619999999538777e+03 2.181637287139892578e-01 1.110331621021032333e-02
5.865099999999538340e+03 2.071921974420547485e-01 1.112822629511356354e-02
5.866579999999537904e+03 2.273405641317367554e-01 1.175325643271207809e-02
5.868059999999537467e+03 2.345183789730072021e-01 1.179138571023941040e-02
5.869539999999537031e+03 2.300268411636352539e-01 1.142785418778657913e-02
5.871019999999536594e+03 2.203606963157653809e-01 1.109243929386138916e-02
5.872499999999536158e+03 2.158923149108886719e-01 1.096296776086091995e-02
5.873979999999535721e+03 2.233712673187255859e-01 1.112736947834491730e-02
5.875459999999535285e+03 2.374802678823471069e-01 1.142032630741596222e-02
5.876939999999534848e+03 2.091502249240875244e-01 1.084451749920845032e-02
5.878419999999534411e+03 2.106130123138427734e-01 1.080337446182966232e-02
5.879899999999533975e+03 2.129890322685241699e-01 1.083283126354217529e-02
5.881379999999533538e+03 2.256301939487457275e-01 1.108460035175085068e-02
5.882859999999533102e+03 2.435411065816879272e-01 1.149644330143928528e-02
5.884339999999532665e+03 2.239177227020263672e-01 1.104747224599123001e-02
5.885819999999532229e+03 2.175869494676589966e-01 1.095208991318941116e-02
5.887299999999531792e+03 2.048037052154541016e-01 1.221155282109975815e-02
5.888779999999531356e+03 2.484251260757446289e-01 1.609617657959461212e-02
5.890259999999530919e+03 2.540839314460754395e-01 1.685657165944576263e-02
5.891739999999530482e+03 2.088293433189392090e-01 1.310409139841794968e-02
5.893219999999530046e+03 2.108132243156433105e-01 1.158843841403722763e-02
5.894699999999529609e+03 2.211211025714874268e-01 1.340465620160102844e-02
5.896179999999529173e+03 2.202987372875213623e-01 1.395410113036632538e-02
5.897659999999528736e+03 2.038312852382659912e-01 1.210885774344205856e-02
5.899139999999528300e+03 2.038813829421997070e-01 1.091398391872644424e-02
5.900619999999527863e+03 2.295038700103759766e-01 1.108844112604856491e-02
5.902099999999527427e+03 2.108259797096252441e-01 1.083105523139238358e-02
5.903579999999526990e+03 2.116236686706542969e-01 1.088890247046947479e-02
5.905059999999526553e+03 2.183032929897308350e-01 1.106391008943319321e-02
5.906539999999526117e+03 2.193732261657714844e-01 1.112136337906122208e-02
5.908019999999525680e+03 2.404308319091796875e-01 1.147990580648183823e-02
5.909499999999525244e+03 2.434178590774536133e-01 1.145018264651298523e-02
5.910979999999524807e+03 2.376264631748199463e-01 1.130930986255407333e-02
5.912459999999524371e+03 2.388842999935150146e-01 1.143192034214735031e-02
5.913939999999523934e+03 2.374109178781509399e-01 1.177128590643405914e-02
5.915419999999523498e+03 2.447691857814788818e-01 1.195448823273181915e-02
5.916899999999523061e+03 2.232265472412109375e-01 1.125438511371612549e-02
5.918379999999522624e+03 2.150757610797882080e-01 1.087521761655807495e-02
5.919859999999522188e+03 2.214705795049667358e-01 1.099714543670415878e-02
5.921339999999521751e+03 2.153688669204711914e-01 1.088832970708608627e-02
5.922819999999521315e+03 2.376669347286224365e-01 1.150093693286180496e-02
5.924299999999520878e+03 2.288162410259246826e-01 1.141639240086078644e-02
5.925779999999520442e+03 2.286042273044586182e-01 1.130568888038396835e-02
5.927259999999520005e+03 2.329178750514984131e-01 1.124571170657873154e-02
5.928739999999519569e+03 2.208000868558883667e-01 1.096941251307725906e-02
5.930219999999519132e+03 2.341642975807189941e-01 1.142990216612815857e-02
5.931699999999518695e+03 2.418298125267028809e-01 1.194527465850114822e-02
5.933179999999518259e+03 2.353285253047943115e-01 1.191459409892559052e-02
5.934659999999517822e+03 2.371587604284286499e-01 1.160935033112764359e-02
5.936139999999517386e+03 2.222170233726501465e-01 1.095267105847597122e-02
5.937619999999516949e+03 2.084738314151763916e-01 1.075215172022581100e-02
5.939099999999516513e+03 2.247985899448394775e-01 1.105019822716712952e-02
5.940579999999516076e+03 2.290344834327697754e-01 1.113055832684040070e-02
5.942059999999515640e+03 2.161228805780410767e-01 1.084074471145868301e-02
5.943539999999515203e+03 2.199538946151733398e-01 1.096837315708398819e-02
5.945019999999514766e+03 2.092004418373107910e-01 1.094237621873617172e-02
5.946499999999514330e+03 2.259970605373382568e-01 1.127045415341854095e-02
5.947979999999513893e+03 2.494283616542816162e-01 1.154842879623174667e-02
5.949459999999513457e+03 2.225241661071777344e-01 1.097159087657928467e-02
5.950939999999513020e+03 2.034954279661178589e-01 1.072957646101713181e-02
5.952419999999512584e+03 2.377301454544067383e-01 1.173266395926475525e-02
5.953899999999512147e+03 2.309122979640960693e-01 1.165721472352743149e-02
5.955379999999511710e+03 2.253123521804809570e-01 1.126711443066596985e-02
5.956859999999511274e+03 2.234319150447845459e-01 1.094598788768053055e-02
5.958339999999510837e+03 2.044644057750701904e-01 1.060519553720951080e-02
5.959819999999510401e+03 2.362311184406280518e-01 1.125759445130825043e-02
5.961299999999509964e+03 2.206655144691467285e-01 1.097209379076957703e-02
5.962779999999509528e+03 2.333430796861648560e-01 1.120707020163536072e-02
5.964259999999509091e+03 2.609024047851562500e-01 1.166880596429109573e-02
5.965739999999508655e+03 2.352374643087387085e-01 1.124537922441959381e-02
5.967219999999508218e+03 2.470943480730056763e-01 1.143813133239746094e-02
5.968699999999507781e+03 2.352095693349838257e-01 1.132276188582181931e-02
5.970179999999507345e+03 2.411495894193649292e-01 1.146705914288759232e-02
5.971659999999506908e+03 2.127144634723663330e-01 1.079320255666971207e-02
5.973139999999506472e+03 2.378296554088592529e-01 1.129367016255855560e-02
5.974619999999506035e+03 2.397262901067733765e-01 1.132993958890438080e-02
5.976099999999505599e+03 2.229750752449035645e-01 1.117289438843727112e-02
5.977579999999505162e+03 2.513360977172851562e-01 1.181086245924234390e-02
5.979059999999504726e+03 2.289045453071594238e-01 1.119226869195699692e-02
5.980539999999504289e+03 1.985655874013900757e-01 1.048094499856233597e-02
5.982019999999503852e+03 2.127109616994857788e-01 1.077461615204811096e-02
5.983499999999503416e+03 2.209078073501586914e-01 1.094098389148712158e-02
5.984979999999502979e+03 2.217698693275451660e-01 1.087141782045364380e-02
5.986459999999502543e+03 2.150110006332397461e-01 1.077744644135236740e-02
5.987939999999502106e+03 2.132429480552673340e-01 1.078450866043567657e-02
5.989419999999501670e+03 2.251408696174621582e-01 1.096507441252470016e-02
5.990899999999501233e+03 2.374531626701354980e-01 1.120124943554401398e-02
5.992379999999500797e+03 2.331606298685073853e-01 1.114859711378812790e-02
5.993859999999500360e+03 2.181475162506103516e-01 1.082991715520620346e-02
5.995339999999499923e+03 2.442593127489089966e-01 1.136393751949071884e-02
5.996819999999499487e+03 2.409254610538482666e-01 1.135903690010309219e-02
5.998299999999499050e+03 2.352797836065292358e-01 1.119014155119657516e-02
5.999779999999498614e+03 2.215691804885864258e-01 1.089984085410833359e-02
6.001259999999498177e+03 2.238496840000152588e-01 1.093013118952512741e-02
6.002739999999497741e+03 2.414217144250869751e-01 1.140170916914939880e-02
6.004219999999497304e+03 2.480792999267578125e-01 1.156568247824907303e-02
6.005699999999496868e+03 2.325741797685623169e-01 1.105904765427112579e-02
6.007179999999496431e+03 2.332983464002609253e-01 1.103468146175146103e-02
6.008659999999495994e+03 2.421998381614685059e-01 1.128865219652652740e-02
6.010139999999495558e+03 2.356622517108917236e-01 1.116104051470756531e-02
6.011619999999495121e+03 2.339329123497009277e-01 1.109206583350896835e-02
6.013099999999494685e+03 2.372596859931945801e-01 1.113292109221220016e-02
6.014579999999494248e+03 2.403382956981658936e-01 1.116510480642318726e-02
6.016059999999493812e+03 2.461050450801849365e-01 1.128702610731124878e-02
6.017539999999493375e+03 2.433845400810241699e-01 1.120626926422119141e-02
6.019019999999492939e+03 2.440414130687713623e-01 1.121321134269237518e-02
6.020499999999492502e+03 2.271058261394500732e-01 1.090648304671049118e-02
6.021979999999492065e+03 2.102612853050231934e-01 1.051746401935815811e-02
6.023459999999491629e+03 2.207381278276443481e-01 1.075934898108243942e-02
6.024939999999491192e+03 2.153852581977844238e-01 1.069723162800073624e-02
6.026419999999490756e+03 2.003033012151718140e-01 1.036091800779104233e-02
6.027899999999490319e+03 2.057617008686065674e-01 1.051427423954010010e-02
6.029379999999489883e+03 2.155122607946395874e-01 1.072310097515583038e-02
6.030859999999489446e+03 2.155130803585052490e-01 1.067273970693349838e-02
6.032339999999489009e+03 2.178123593330383301e-01 1.076062768697738647e-02
6.033819999999488573e+03 2.305391430854797363e-01 1.103710476309061050e-02
6.035299999999488136e+03 2.273469567298889160e-01 1.100108865648508072e-02
6.036779999999487700e+03 2.383031845092773438e-01 1.115601975470781326e-02
6.038259999999487263e+03 2.335521429777145386e-01 1.102935150265693665e-02
6.039739999999486827e+03 2.218249887228012085e-01 1.074598077684640884e-02
6.041219999999486390e+03 2.227068692445755005e-01 1.083537470549345016e-02
6.042699999999485954e+03 2.310029864311218262e-01 1.094736531376838684e-02
6.044179999999485517e+03 2.373458892107009888e-01 1.103757414966821671e-02
6.045659999999485080e+03 2.267395108938217163e-01 1.090363226830959320e-02
6.047139999999484644e+03 2.307344377040863037e-01 1.098963338881731033e-02
6.048619999999484207e+03 2.318235635757446289e-01 1.091553270816802979e-02
6.050099999999483771e+03 2.325184792280197144e-01 1.095352321863174438e-02
6.051579999999483334e+03 2.427549660205841064e-01 1.118796970695257187e-02
6.053059999999482898e+03 2.301796674728393555e-01 1.089986413717269897e-02
6.054539999999482461e+03 2.519046664237976074e-01 1.133313402533531189e-02
6.056019999999482025e+03 2.412460744380950928e-01 1.105696056038141251e-02
6.057499999999481588e+03 2.353733181953430176e-01 1.104289665818214417e-02
6.058979999999481151e+03 2.169554382562637329e-01 1.058946456760168076e-02
6.060459999999480715e+03 2.339323461055755615e-01 1.093607489019632339e-02
6.061939999999480278e+03 2.348508536815643311e-01 1.105146668851375580e-02
6.063419999999479842e+03 2.379113733768463135e-01 1.103901397436857224e-02
6.064899999999479405e+03 2.475388497114181519e-01 1.121646817773580551e-02
6.066379999999478969e+03 2.383120656013488770e-01 1.110736560076475143e-02
6.067859999999478532e+03 2.515644431114196777e-01 1.143944542855024338e-02
6.069339999999478096e+03 2.388544678688049316e-01 1.114962249994277954e-02
6.070819999999477659e+03 2.316347062587738037e-01 1.090441644191741943e-02
6.072299999999477222e+03 2.307450175285339355e-01 1.100779976695775986e-02
6.073779999999476786e+03 2.367394864559173584e-01 1.102641597390174866e-02
6.075259999999476349e+03 2.366193383932113647e-01 1.100523117929697037e-02
6.076739999999475913e+03 2.357479929924011230e-01 1.103385910391807556e-02
6.078219999999475476e+03 2.386668026447296143e-01 1.107656955718994141e-02
6.079699999999475040e+03 2.474186718463897705e-01 1.125614345073699951e-02
6.081179999999474603e+03 2.371094375848770142e-01 1.102433819323778152e-02
6.082659999999474167e+03 2.381922751665115356e-01 1.105183083564043045e-02
6.084139999999473730e+03 2.271418571472167969e-01 1.081740111112594604e-02
6.085619999999473293e+03 2.164497077465057373e-01 1.059283688664436340e-02
6.087099999999472857e+03 2.261191606521606445e-01 1.077178400009870529e-02
6.088579999999472420e+03 2.433011829853057861e-01 1.114383805543184280e-02
6.090059999999471984e+03 2.427857220172882080e-01 1.114407274872064590e-02
6.091539999999471547e+03 2.361234277486801147e-01 1.097480487078428268e-02
6.093019999999471111e+03 2.412057965993881226e-01 1.107712183147668839e-02
6.094499999999470674e+03 2.430640459060668945e-01 1.111521199345588684e-02
6.095979999999470238e+03 2.470944225788116455e-01 1.125533506274223328e-02
6.097459999999469801e+03 2.396837919950485229e-01 1.107734069228172302e-02
6.098939999999469364e+03 2.202748060226440430e-01 1.065036281943321228e-02
6.100419999999468928e+03 2.147605568170547485e-01 1.061919610947370529e-02
6.101899999999468491e+03 2.290196865797042847e-01 1.082447078078985214e-02
6.103379999999468055e+03 2.326686084270477295e-01 1.087300293147563934e-02
6.104859999999467618e+03 2.143016904592514038e-01 1.060420554131269455e-02
6.106339999999467182e+03 2.195002585649490356e-01 1.065005268901586533e-02
6.107819999999466745e+03 2.287525832653045654e-01 1.086741872131824493e-02
6.109299999999466309e+03 2.194532752037048340e-01 1.069570332765579224e-02
6.110779999999465872e+03 2.108263224363327026e-01 1.049114670604467392e-02
6.112259999999465435e+03 2.201718837022781372e-01 1.066657900810241699e-02
6.113739999999464999e+03 2.181259393692016602e-01 1.063638739287853241e-02
6.115219999999464562e+03 2.339472472667694092e-01 1.096744928508996964e-02
6.116699999999464126e+03 2.525239884853363037e-01 1.127251982688903809e-02
6.118179999999463689e+03 2.211802601814270020e-01 1.071531791239976883e-02
6.119659999999463253e+03 2.338474839925765991e-01 1.095525827258825302e-02
6.121139999999462816e+03 2.163011729717254639e-01 1.053509954363107681e-02
6.122619999999462379e+03 2.311303913593292236e-01 1.080553140491247177e-02
6.124099999999461943e+03 2.482230961322784424e-01 1.123285479843616486e-02
6.125579999999461506e+03 2.503941953182220459e-01 1.119604241102933884e-02
6.127059999999461070e+03 2.161790728569030762e-01 1.049449294805526733e-02
6.128539999999460633e+03 2.381167560815811157e-01 1.097081322222948074e-02
6.130019999999460197e+03 2.214487791061401367e-01 1.056827604770660400e-02
6.131499999999459760e+03 2.097226977348327637e-01 1.038762740790843964e-02
6.132979999999459324e+03 2.170757949352264404e-01 1.049399841576814651e-02
6.134459999999458887e+03 2.074263095855712891e-01 1.031964179128408432e-02
6.135939999999458450e+03 1.750002950429916382e-01 9.661520831286907196e-03
6.137419999999458014e+03 1.397593468427658081e-01 8.955040015280246735e-03
6.138899999999457577e+03 1.613816916942596436e-01 9.467986412346363068e-03
6.140379999999457141e+03 1.809161305427551270e-01 9.894057177007198334e-03
6.141859999999456704e+03 1.656356900930404663e-01 9.571901522576808929e-03
6.143339999999456268e+03 1.614071428775787354e-01 9.513573721051216125e-03
6.144819999999455831e+03 1.691899001598358154e-01 9.722870774567127228e-03
6.146299999999455395e+03 2.095559388399124146e-01 1.046826504170894623e-02
6.147779999999454958e+03 2.196069955825805664e-01 1.058973185718059540e-02
6.149259999999454521e+03 2.285442948341369629e-01 1.077505201101303101e-02
6.150739999999454085e+03 2.215210199356079102e-01 1.072782836854457855e-02
6.152219999999453648e+03 2.294261604547500610e-01 1.083620171993970871e-02
6.153699999999453212e+03 2.260686904191970825e-01 1.071800105273723602e-02
6.155179999999452775e+03 2.343738675117492676e-01 1.097690965980291367e-02
6.156659999999452339e+03 2.310836762189865112e-01 1.096109207719564438e-02
6.158139999999451902e+03 2.341774702072143555e-01 1.099316868931055069e-02
6.159619999999451466e+03 2.376309037208557129e-01 1.102868467569351196e-02
6.161099999999451029e+03 2.220833301544189453e-01 1.061242353171110153e-02
6.162579999999450592e+03 2.280064970254898071e-01 1.063584350049495697e-02
6.164059999999450156e+03 2.187657654285430908e-01 1.054396945983171463e-02
6.165539999999449719e+03 2.204750180244445801e-01 1.060518249869346619e-02
6.167019999999449283e+03 2.415221929550170898e-01 1.101581752300262451e-02
6.168499999999448846e+03 2.395858466625213623e-01 1.113123912364244461e-02
6.169979999999448410e+03 2.388648986816406250e-01 1.128428149968385696e-02
6.171459999999447973e+03 2.340326458215713501e-01 1.116479933261871338e-02
6.172939999999447537e+03 2.302858382463455200e-01 1.089956331998109818e-02
6.174419999999447100e+03 2.323338687419891357e-01 1.097595598548650742e-02
6.175899999999446663e+03 2.282643020153045654e-01 1.092705503106117249e-02
6.177379999999446227e+03 2.279490381479263306e-01 1.083997543901205063e-02
6.178859999999445790e+03 2.402801215648651123e-01 1.106763165444135666e-02
6.180339999999445354e+03 2.248816490173339844e-01 1.070998050272464752e-02
6.181819999999444917e+03 2.334784567356109619e-01 1.096093002706766129e-02
6.183299999999444481e+03 2.296125292778015137e-01 1.088362187147140503e-02
6.184779999999444044e+03 2.260717153549194336e-01 1.074894331395626068e-02
6.186259999999443608e+03 2.444423735141754150e-01 1.107161305844783783e-02
6.187739999999443171e+03 2.268960773944854736e-01 1.076737418770790100e-02
6.189219999999442734e+03 2.346377074718475342e-01 1.094118598848581314e-02
6.190699999999442298e+03 2.149254679679870605e-01 1.054088212549686432e-02
6.192179999999441861e+03 2.148499637842178345e-01 1.056966464966535568e-02
6.193659999999441425e+03 2.381084114313125610e-01 1.102570258080959320e-02
6.195139999999440988e+03 2.566176056861877441e-01 1.131671573966741562e-02
6.196619999999440552e+03 2.235389202833175659e-01 1.068161334842443466e-02
6.198099999999440115e+03 2.313385605812072754e-01 1.079448778182268143e-02
6.199579999999439679e+03 2.336033284664154053e-01 1.088309753686189651e-02
6.201059999999439242e+03 2.271543741226196289e-01 1.096602529287338257e-02
6.202539999999438805e+03 2.437144219875335693e-01 1.139250490814447403e-02
6.204019999999438369e+03 2.292262613773345947e-01 1.099968235939741135e-02
6.205499999999437932e+03 2.308463901281356812e-01 1.085790339857339859e-02
6.206979999999437496e+03 2.379364371299743652e-01 1.097970176488161087e-02
6.208459999999437059e+03 2.429237514734268188e-01 1.108048483729362488e-02
6.209939999999436623e+03 2.353871911764144897e-01 1.088592130690813065e-02
6.211419999999436186e+03 2.298028767108917236e-01 1.089119538664817810e-02
6.212899999999435749e+03 2.364020049571990967e-01 1.099154911935329437e-02
6.214379999999435313e+03 2.285379469394683838e-01 1.073470059782266617e-02
6.215859999999434876e+03 2.210045158863067627e-01 1.069005299359560013e-02
6.217339999999434440e+03 2.328918874263763428e-01 1.092517655342817307e-02
6.218819999999434003e+03 2.409272491931915283e-01 1.108203642070293427e-02
6.220299999999433567e+03 2.466483116149902344e-01 1.134786009788513184e-02
6.221779999999433130e+03 2.389698624610900879e-01 1.127401366829872131e-02
6.223259999999432694e+03 2.226444929838180542e-01 1.081120781600475311e-02
6.224739999999432257e+03 2.225778698921203613e-01 1.066890638321638107e-02
6.226219999999431820e+03 2.319464683532714844e-01 1.084447931498289108e-02
6.227699999999431384e+03 2.409692406654357910e-01 1.107871811836957932e-02
6.229179999999430947e+03 2.436231076717376709e-01 1.115044672042131424e-02
6.230659999999430511e+03 2.189057767391204834e-01 1.063674036413431168e-02
6.232139999999430074e+03 2.168125212192535400e-01 1.074958965182304382e-02
6.233619999999429638e+03 2.337646186351776123e-01 1.167608890682458878e-02
6.235099999999429201e+03 2.531079649925231934e-01 1.239031367003917694e-02
6.236579999999428765e+03 2.370146811008453369e-01 1.202013716101646423e-02
6.238059999999428328e+03 2.177553027868270874e-01 1.108888164162635803e-02
6.239539999999427891e+03 2.341430485248565674e-01 1.115427166223526001e-02
6.241019999999427455e+03 2.274803817272186279e-01 1.114478986710309982e-02
6.242499999999427018e+03 2.153671979904174805e-01 1.090105250477790833e-02
6.243979999999426582e+03 2.419385164976119995e-01 1.127692498266696930e-02
6.245459999999426145e+03 2.407384812831878662e-01 1.111446972936391830e-02
6.246939999999425709e+03 2.282698452472686768e-01 1.082539465278387070e-02
6.248419999999425272e+03 2.311519533395767212e-01 1.086895819753408432e-02
6.249899999999424836e+03 2.307052910327911377e-01 1.085286680608987808e-02
6.251379999999424399e+03 2.308714538812637329e-01 1.081912964582443237e-02
6.252859999999423962e+03 2.437307089567184448e-01 1.105811353772878647e-02
6.254339999999423526e+03 2.243376672267913818e-01 1.071781571954488754e-02
6.255819999999423089e+03 2.061638236045837402e-01 1.087693776935338974e-02
6.257299999999422653e+03 2.255177199840545654e-01 1.186410244554281235e-02
6.258779999999422216e+03 2.233203947544097900e-01 1.157686300575733185e-02
6.260259999999421780e+03 2.145264446735382080e-01 1.083005219697952271e-02
6.261739999999421343e+03 2.100264430046081543e-01 1.047980133444070816e-02
6.263219999999420907e+03 2.033730745315551758e-01 1.054907310754060745e-02
6.264699999999420470e+03 2.304891943931579590e-01 1.122010312974452972e-02
6.266179999999420033e+03 2.512093782424926758e-01 1.152345445007085800e-02
6.267659999999419597e+03 2.324416637420654297e-01 1.100564748048782349e-02
6.269139999999419160e+03 2.250523567199707031e-01 1.078724302351474762e-02
6.270619999999418724e+03 2.336407899856567383e-01 1.091952901333570480e-02
6.272099999999418287e+03 2.294744104146957397e-01 1.078312098979949951e-02
6.273579999999417851e+03 2.219450771808624268e-01 1.071294676512479782e-02
6.275059999999417414e+03 2.180257290601730347e-01 1.075182110071182251e-02
6.276539999999416978e+03 2.094321101903915405e-01 1.057236921042203903e-02
6.278019999999416541e+03 2.091543674468994141e-01 1.052741426974534988e-02
6.279499999999416104e+03 2.185909748077392578e-01 1.060503441840410233e-02
6.280979999999415668e+03 2.199819087982177734e-01 1.062309741973876953e-02
6.282459999999415231e+03 2.096851170063018799e-01 1.042004860937595367e-02
6.283939999999414795e+03 2.190010845661163330e-01 1.061403844505548477e-02
6.285419999999414358e+03 2.378131598234176636e-01 1.147692184895277023e-02
6.286899999999413922e+03 2.355620265007019043e-01 1.187421102076768875e-02
6.288379999999413485e+03 2.332897186279296875e-01 1.166518311947584152e-02
6.289859999999413048e+03 2.302599549293518066e-01 1.098681334406137466e-02
6.291339999999412612e+03 2.221412062644958496e-01 1.064521633088588715e-02
6.292819999999412175e+03 2.276745736598968506e-01 1.077373325824737549e-02
6.294299999999411739e+03 2.146959304809570312e-01 1.048215478658676147e-02
6.295779999999411302e+03 2.385397851467132568e-01 1.117549557238817215e-02
6.297259999999410866e+03 1.839560270309448242e-01 1.185025740414857864e-02
6.298739999999410429e+03 2.758529484272003174e-01 2.058111689984798431e-02
6.300219999999409993e+03 4.044047594070434570e-01 2.388518489897251129e-02
6.301699999999409556e+03 1.774528473615646362e-01 1.747765392065048218e-02
6.303179999999409119e+03 2.078385353088378906e-01 1.149136852473020554e-02
6.304659999999408683e+03 2.402184009552001953e-01 1.146745122969150543e-02
6.306139999999408246e+03 2.297816723585128784e-01 1.185870915651321411e-02
6.307619999999407810e+03 2.156012058258056641e-01 1.147030200809240341e-02
6.309099999999407373e+03 2.358050495386123657e-01 1.119536440819501877e-02
6.310579999999406937e+03 2.409844696521759033e-01 1.100136712193489075e-02
6.312059999999406500e+03 2.281005680561065674e-01 1.075563859194517136e-02
6.313539999999406064e+03 2.331900894641876221e-01 1.081234775483608246e-02
6.315019999999405627e+03 2.389338314533233643e-01 1.092669926583766937e-02
6.316499999999405190e+03 2.263538986444473267e-01 1.068561803549528122e-02
6.317979999999404754e+03 2.281045317649841309e-01 1.070375274866819382e-02
6.319459999999404317e+03 2.213421612977981567e-01 1.072709448635578156e-02
6.320939999999403881e+03 2.208665907382965088e-01 1.097160018980503082e-02
6.322419999999403444e+03 2.280333042144775391e-01 1.098027825355529785e-02
6.323899999999403008e+03 2.301141321659088135e-01 1.077899802476167679e-02
6.325379999999402571e+03 2.465738356113433838e-01 1.107251830399036407e-02
6.326859999999402135e+03 2.347325384616851807e-01 1.107152737677097321e-02
6.328339999999401698e+03 2.296168953180313110e-01 1.150207407772541046e-02
6.329819999999401261e+03 2.373831719160079956e-01 1.180452574044466019e-02
6.331299999999400825e+03 2.283244132995605469e-01 1.126230601221323013e-02
6.332779999999400388e+03 2.281795144081115723e-01 1.073403004556894302e-02
6.334259999999399952e+03 2.121523320674896240e-01 1.035397499799728394e-02
6.335739999999399515e+03 2.358859628438949585e-01 1.083575375378131866e-02
6.337219999999399079e+03 2.296066880226135254e-01 1.073284726589918137e-02
6.338699999999398642e+03 2.240600287914276123e-01 1.061812695115804672e-02
6.340179999999398206e+03 2.342374622821807861e-01 1.085050590336322784e-02
6.341659999999397769e+03 2.113962918519973755e-01 1.037147827446460724e-02
6.343139999999397332e+03 2.375176548957824707e-01 1.091431174427270889e-02
6.344619999999396896e+03 2.382948845624923706e-01 1.088918838649988174e-02
6.346099999999396459e+03 2.088384628295898438e-01 1.038403622806072235e-02
6.347579999999396023e+03 2.331483066082000732e-01 1.098394207656383514e-02
6.349059999999395586e+03 2.458328902721405029e-01 1.125041116029024124e-02
6.350539999999395150e+03 2.361617982387542725e-01 1.095726247876882553e-02
6.352019999999394713e+03 2.456019222736358643e-01 1.105193421244621277e-02
6.353499999999394277e+03 2.383129000663757324e-01 1.105223502963781357e-02
6.354979999999393840e+03 2.522111535072326660e-01 1.164558809250593185e-02
6.356459999999393403e+03 2.396707534790039062e-01 1.154330186545848846e-02
6.357939999999392967e+03 2.274571359157562256e-01 1.090224366635084152e-02
6.359419999999392530e+03 2.131890952587127686e-01 1.034374069422483444e-02
6.360899999999392094e+03 2.057657986879348755e-01 1.137558929622173309e-02
6.362379999999391657e+03 2.447210550308227539e-01 1.480656769126653671e-02
6.363859999999391221e+03 2.542552947998046875e-01 1.566509902477264404e-02
6.365339999999390784e+03 2.236367464065551758e-01 1.311572920531034470e-02
6.366819999999390348e+03 2.230530083179473877e-01 1.080886460840702057e-02
6.368299999999389911e+03 2.266023159027099609e-01 1.056872960180044174e-02
6.369779999999389474e+03 2.287214547395706177e-01 1.067373249679803848e-02
6.371259999999389038e+03 2.386507242918014526e-01 1.088149100542068481e-02
6.372739999999388601e+03 2.201731503009796143e-01 1.053503528237342834e-02
6.374219999999388165e+03 2.266270220279693604e-01 1.062870584428310394e-02
6.375699999999387728e+03 2.493603974580764771e-01 1.108437776565551758e-02
6.377179999999387292e+03 2.360999137163162231e-01 1.084674429148435593e-02
6.378659999999386855e+03 2.298099994659423828e-01 1.086781173944473267e-02
6.380139999999386418e+03 2.198000699281692505e-01 1.060312613844871521e-02
6.381619999999385982e+03 2.413485944271087646e-01 1.093454938381910324e-02
6.383099999999385545e+03 2.010186463594436646e-01 1.013826951384544373e-02
6.384579999999385109e+03 2.343049943447113037e-01 1.093890331685543060e-02
6.386059999999384672e+03 2.562264204025268555e-01 1.142456289380788803e-02
6.387539999999384236e+03 2.517060637474060059e-01 1.124498993158340454e-02
6.389019999999383799e+03 2.288089990615844727e-01 1.064342632889747620e-02
6.390499999999383363e+03 2.251487970352172852e-01 1.059328950941562653e-02
6.391979999999382926e+03 2.237333506345748901e-01 1.049200166016817093e-02
6.393459999999382489e+03 2.240436077117919922e-01 1.053768023848533630e-02
6.394939999999382053e+03 2.122754156589508057e-01 1.025241427123546600e-02
6.396419999999381616e+03 2.104182988405227661e-01 1.029009744524955750e-02
6.397899999999381180e+03 2.260284423828125000e-01 1.054249238222837448e-02
6.399379999999380743e+03 2.549842298030853271e-01 1.110489200800657272e-02
6.400859999999380307e+03 2.513452768325805664e-01 1.101058255881071091e-02
6.402339999999379870e+03 2.500479221343994141e-01 1.098845805972814560e-02
6.403819999999379434e+03 2.502038478851318359e-01 1.096857059746980667e-02
6.405299999999378997e+03 2.446449398994445801e-01 1.087051071226596832e-02
6.406779999999378560e+03 2.365961074829101562e-01 1.070017274469137192e-02
6.408259999999378124e+03 2.413550168275833130e-01 1.078244857490062714e-02
6.409739999999377687e+03 2.369197756052017212e-01 1.069096196442842484e-02
6.411219999999377251e+03 2.188059389591217041e-01 1.040339656174182892e-02
6.412699999999376814e+03 2.206051945686340332e-01 1.050355844199657440e-02
6.414179999999376378e+03 2.243554890155792236e-01 1.055404730141162872e-02
6.415659999999375941e+03 2.190402597188949585e-01 1.040684431791305542e-02
6.417139999999375505e+03 2.198987752199172974e-01 1.044444367289543152e-02
6.418619999999375068e+03 2.115043103694915771e-01 1.035255007445812225e-02
6.420099999999374631e+03 1.989599913358688354e-01 1.013176981359720230e-02
6.421579999999374195e+03 2.034799009561538696e-01 1.010964345186948776e-02
6.423059999999373758e+03 2.171905934810638428e-01 1.038948167115449905e-02
6.424539999999373322e+03 2.106738090515136719e-01 1.019395608454942703e-02
6.426019999999372885e+03 2.055593430995941162e-01 1.009304169565439224e-02
6.427499999999372449e+03 2.149060070514678955e-01 1.024038437753915787e-02
6.428979999999372012e+03 2.186989486217498779e-01 1.027910411357879639e-02
6.430459999999371576e+03 2.024829685688018799e-01 9.983107447624206543e-03
6.431939999999371139e+03 1.989854872226715088e-01 9.977804496884346008e-03
6.433419999999370702e+03 2.265034765005111694e-01 1.050308905541896820e-02
6.434899999999370266e+03 2.101782113313674927e-01 1.020188909024000168e-02
6.436379999999369829e+03 2.087666094303131104e-01 1.015866827219724655e-02
6.437859999999369393e+03 2.154014110565185547e-01 1.027161348611116409e-02
6.439339999999368956e+03 2.252541184425354004e-01 1.047944184392690659e-02
6.440819999999368520e+03 2.183628976345062256e-01 1.029167603701353073e-02
6.442299999999368083e+03 2.316212654113769531e-01 1.056557614356279373e-02
6.443779999999367647e+03 2.426843494176864624e-01 1.080932375043630600e-02
6.445259999999367210e+03 2.304748594760894775e-01 1.060173287987709045e-02
6.446739999999366773e+03 2.228236794471740723e-01 1.041600480675697327e-02
6.448219999999366337e+03 2.231790572404861450e-01 1.039180438965559006e-02
6.449699999999365900e+03 2.240311801433563232e-01 1.043349504470825195e-02
6.451179999999365464e+03 2.118698954582214355e-01 1.020792312920093536e-02
6.452659999999365027e+03 2.037420570850372314e-01 1.009008381515741348e-02
6.454139999999364591e+03 2.122252583503723145e-01 1.027267612516880035e-02
6.455619999999364154e+03 2.126291990280151367e-01 1.026076264679431915e-02
6.457099999999363718e+03 2.081223130226135254e-01 1.023551914840936661e-02
6.458579999999363281e+03 2.127179205417633057e-01 1.027193386107683182e-02
6.460059999999362844e+03 2.081502974033355713e-01 1.011756528168916702e-02
6.461539999999362408e+03 1.782162934541702271e-01 9.657064452767372131e-03
6.463019999999361971e+03 2.148936539888381958e-01 1.065822970122098923e-02
6.464499999999361535e+03 2.376536428928375244e-01 1.124995388090610504e-02
6.465979999999361098e+03 2.185962498188018799e-01 1.082096621394157410e-02
6.467459999999360662e+03 2.342916876077651978e-01 1.091467868536710739e-02
6.468939999999360225e+03 2.210767567157745361e-01 1.078784000128507614e-02
6.470419999999359788e+03 2.192528843879699707e-01 1.086229085922241211e-02
6.471899999999359352e+03 2.214166671037673950e-01 1.074237655848264694e-02
6.473379999999358915e+03 2.078332602977752686e-01 1.024021208286285400e-02
6.474859999999358479e+03 2.117255926132202148e-01 1.021727919578552246e-02
6.476339999999358042e+03 2.120632827281951904e-01 1.031832024455070496e-02
6.477819999999357606e+03 1.980594992637634277e-01 1.012107729911804199e-02
6.479299999999357169e+03 2.001676261425018311e-01 1.005400158464908600e-02
6.480779999999356733e+03 2.037372738122940063e-01 1.001426484435796738e-02
6.482259999999356296e+03 2.010257393121719360e-01 9.912147186696529388e-03
6.483739999999355859e+03 1.966553181409835815e-01 9.826967492699623108e-03
6.485219999999355423e+03 2.003716230392456055e-01 9.894811548292636871e-03
6.486699999999354986e+03 2.125564664602279663e-01 1.015786267817020416e-02
6.488179999999354550e+03 2.044700384140014648e-01 1.000974513590335846e-02
6.489659999999354113e+03 2.164819091558456421e-01 1.021675206720829010e-02
6.491139999999353677e+03 2.200581878423690796e-01 1.030077226459980011e-02
6.492619999999353240e+03 1.971578299999237061e-01 9.862594306468963623e-03
6.494099999999352804e+03 2.111930847167968750e-01 1.015534158796072006e-02
6.495579999999352367e+03 2.061232477426528931e-01 1.035115960985422134e-02
6.497059999999351930e+03 2.093016803264617920e-01 1.113798283040523529e-02
6.498539999999351494e+03 2.122485339641571045e-01 1.137094479054212570e-02
6.500019999999351057e+03 1.990884989500045776e-01 1.049384754151105881e-02
6.501499999999350621e+03 2.126727700233459473e-01 1.025330834090709686e-02
6.502979999999350184e+03 2.334140241146087646e-01 1.081806235015392303e-02
6.504459999999349748e+03 2.238313257694244385e-01 1.072991266846656799e-02
6.505939999999349311e+03 2.242383956909179688e-01 1.066485047340393066e-02
6.507419999999348875e+03 2.098913937807083130e-01 1.010828651487827301e-02
6.508899999999348438e+03 2.237498164176940918e-01 1.036566030234098434e-02
6.510379999999348001e+03 2.228485494852066040e-01 1.037446781992912292e-02
6.511859999999347565e+03 2.244212925434112549e-01 1.044671330600976944e-02
6.513339999999347128e+03 2.023381590843200684e-01 1.003742869943380356e-02
6.514819999999346692e+03 1.937727332115173340e-01 9.852567687630653381e-03
6.516299999999346255e+03 2.053998708724975586e-01 9.975996799767017365e-03
6.517779999999345819e+03 2.085203379392623901e-01 1.003637164831161499e-02
6.519259999999345382e+03 1.991685032844543457e-01 9.896538220345973969e-03
6.520739999999344946e+03 2.182642221450805664e-01 1.047061197459697723e-02
6.522219999999344509e+03 2.215208560228347778e-01 1.060411334037780762e-02
6.523699999999344072e+03 2.140940129756927490e-01 1.032308489084243774e-02
6.525179999999343636e+03 2.275193035602569580e-01 1.051164697855710983e-02
6.526659999999343199e+03 2.265556156635284424e-01 1.042653247714042664e-02
6.528139999999342763e+03 2.066487818956375122e-01 9.970784187316894531e-03
6.529619999999342326e+03 2.025113850831985474e-01 1.011341344565153122e-02
6.531099999999341890e+03 2.104391157627105713e-01 1.087462622672319412e-02
6.532579999999341453e+03 2.094455510377883911e-01 1.108069345355033875e-02
6.534059999999341017e+03 2.106710672378540039e-01 1.071878895163536072e-02
6.535539999999340580e+03 2.191509902477264404e-01 1.037473790347576141e-02
6.537019999999340143e+03 2.306418418884277344e-01 1.053948327898979187e-02
6.538499999999339707e+03 2.247046977281570435e-01 1.042266469448804855e-02
6.539979999999339270e+03 2.156766057014465332e-01 1.027825567871332169e-02
6.541459999999338834e+03 2.197001278400421143e-01 1.045400928705930710e-02
6.542939999999338397e+03 2.141107916831970215e-01 1.052061095833778381e-02
6.544419999999337961e+03 1.977076828479766846e-01 1.019628252834081650e-02
6.545899999999337524e+03 1.946238130331039429e-01 9.863236919045448303e-03
6.547379999999337088e+03 2.064238935708999634e-01 1.006498746573925018e-02
6.548859999999336651e+03 2.034293711185455322e-01 9.932898916304111481e-03
6.550339999999336214e+03 2.134032547473907471e-01 1.039671525359153748e-02
6.551819999999335778e+03 2.022741138935089111e-01 1.084958948194980621e-02
6.553299999999335341e+03 2.136689871549606323e-01 1.135298982262611389e-02
6.554779999999334905e+03 2.225376963615417480e-01 1.093746628612279892e-02
6.556259999999334468e+03 2.198535799980163574e-01 1.031796913594007492e-02
6.557739999999334032e+03 2.275851368904113770e-01 1.036385260522365570e-02
6.559219999999333595e+03 2.389509379863739014e-01 1.066482067108154297e-02
6.560699999999333158e+03 2.212739288806915283e-01 1.038753334432840347e-02
6.562179999999332722e+03 2.117714285850524902e-01 1.018509455025196075e-02
6.563659999999332285e+03 2.185866385698318481e-01 1.030906289815902710e-02
6.565139999999331849e+03 2.181116640567779541e-01 1.029673498123884201e-02
6.566619999999331412e+03 2.316750586032867432e-01 1.069852616637945175e-02
6.568099999999330976e+03 2.236664742231369019e-01 1.074539776891469955e-02
6.569579999999330539e+03 2.111079394817352295e-01 1.036055386066436768e-02
6.571059999999330103e+03 2.281692326068878174e-01 1.050104573369026184e-02
6.572539999999329666e+03 2.279754877090454102e-01 1.051304023712873459e-02
6.574019999999329229e+03 2.181997150182723999e-01 1.039982866495847702e-02
6.575499999999328793e+03 2.226687073707580566e-01 1.094814669340848923e-02
6.576979999999328356e+03 2.241682261228561401e-01 1.115301996469497681e-02
6.578459999999327920e+03 2.086192071437835693e-01 1.052702590823173523e-02
6.579939999999327483e+03 2.140698134899139404e-01 1.024906150996685028e-02
6.581419999999327047e+03 2.075259089469909668e-01 1.005094591528177261e-02
6.582899999999326610e+03 1.962937414646148682e-01 9.871996007859706879e-03
6.584379999999326174e+03 2.154531478881835938e-01 1.023393869400024414e-02
6.585859999999325737e+03 2.276774495840072632e-01 1.049435045570135117e-02
6.587339999999325300e+03 2.149176001548767090e-01 1.019412558525800705e-02
6.588819999999324864e+03 2.245081067085266113e-01 1.036685425788164139e-02
6.590299999999324427e+03 2.228910326957702637e-01 1.035134866833686829e-02
6.591779999999323991e+03 2.096573412418365479e-01 1.009735837578773499e-02
6.593259999999323554e+03 2.211348563432693481e-01 1.034632232040166855e-02
6.594739999999323118e+03 2.238986045122146606e-01 1.048812270164489746e-02
6.596219999999322681e+03 2.217886149883270264e-01 1.047111488878726959e-02
6.597699999999322245e+03 2.257668077945709229e-01 1.045195106416940689e-02
6.599179999999321808e+03 2.171763479709625244e-01 1.024072151631116867e-02
6.600659999999321371e+03 2.168720066547393799e-01 1.036271266639232635e-02
6.602139999999320935e+03 2.178822457790374756e-01 1.058087777346372604e-02
6.603619999999320498e+03 2.063648700714111328e-01 1.045917347073554993e-02
6.605099999999320062e+03 2.021476924419403076e-01 1.026810333132743835e-02
6.606579999999319625e+03 2.169998586177825928e-01 1.023894920945167542e-02
6.608059999999319189e+03 2.159378230571746826e-01 1.018784195184707642e-02
6.609539999999318752e+03 2.196359783411026001e-01 1.030077878385782242e-02
6.611019999999318316e+03 2.067770212888717651e-01 9.979143738746643066e-03
6.612499999999317879e+03 2.302727401256561279e-01 1.042480580508708954e-02
6.613979999999317442e+03 2.114938795566558838e-01 1.011720672249794006e-02
6.615459999999317006e+03 2.220322340726852417e-01 1.030130870640277863e-02
6.616939999999316569e+03 2.134880423545837402e-01 1.012007240206003189e-02
6.618419999999316133e+03 1.984897106885910034e-01 9.893202222883701324e-03
6.619899999999315696e+03 2.142501771450042725e-01 1.019037701189517975e-02
6.621379999999315260e+03 2.186462581157684326e-01 1.027763541787862778e-02
6.622859999999314823e+03 2.086205780506134033e-01 1.002747751772403717e-02
6.624339999999314387e+03 2.002199590206146240e-01 9.898032993078231812e-03
6.625819999999313950e+03 2.014444023370742798e-01 9.960984811186790466e-03
6.627299999999313513e+03 2.190660834312438965e-01 1.033443957567214966e-02
6.628779999999313077e+03 2.113746553659439087e-01 1.012333948165178299e-02
6.630259999999312640e+03 2.123401910066604614e-01 1.015264634042978287e-02
6.631739999999312204e+03 2.237453907728195190e-01 1.047929842025041580e-02
6.633219999999311767e+03 2.146779596805572510e-01 1.035052258521318436e-02
6.634699999999311331e+03 2.168934643268585205e-01 1.037292182445526123e-02
6.636179999999310894e+03 2.094604969024658203e-01 1.014196313917636871e-02
6.637659999999310457e+03 2.182271033525466919e-01 1.027696579694747925e-02
6.639139999999310021e+03 2.418828308582305908e-01 1.072993036359548569e-02
6.640619999999309584e+03 2.487441897392272949e-01 1.085343956947326660e-02
6.642099999999309148e+03 2.275589108467102051e-01 1.039757207036018372e-02
6.643579999999308711e+03 2.141879349946975708e-01 1.012131106108427048e-02
6.645059999999308275e+03 2.015260159969329834e-01 9.895201772451400757e-03
6.646539999999307838e+03 2.322049140930175781e-01 1.049721240997314453e-02
6.648019999999307402e+03 2.153342366218566895e-01 1.018190104514360428e-02
6.649499999999306965e+03 2.197861671447753906e-01 1.027008984237909317e-02
6.650979999999306528e+03 2.079495489597320557e-01 1.006385590881109238e-02
6.652459999999306092e+03 2.231656014919281006e-01 1.036467123776674271e-02
6.653939999999305655e+03 2.404206544160842896e-01 1.065372768789529800e-02
6.655419999999305219e+03 2.184007465839385986e-01 1.025100424885749817e-02
6.656899999999304782e+03 2.067529410123825073e-01 1.006167102605104446e-02
6.658379999999304346e+03 2.172141671180725098e-01 1.020118501037359238e-02
6.659859999999303909e+03 2.272924780845642090e-01 1.531966682523488998e-02
6.661339999999303473e+03 2.186243236064910889e-01 1.488899532705545425e-02
6.662819999999303036e+03 2.047474980354309082e-01 9.889524430036544800e-03
6.664299999999302599e+03 2.097121775150299072e-01 1.008057128638029099e-02
6.665779999999302163e+03 2.129895985126495361e-01 1.023094728589057922e-02
6.667259999999301726e+03 2.105647772550582886e-01 1.016671024262905121e-02
6.668739999999301290e+03 2.165136337280273438e-01 1.028769649565219879e-02
6.670219999999300853e+03 2.181843668222427368e-01 1.024847850203514099e-02
6.671699999999300417e+03 2.264329791069030762e-01 1.043065823614597321e-02
6.673179999999299980e+03 2.193047702312469482e-01 1.025806367397308350e-02
6.674659999999299544e+03 2.282094657421112061e-01 1.036573853343725204e-02
6.676139999999299107e+03 2.199624180793762207e-01 1.022937800735235214e-02
6.677619999999298670e+03 2.274934053421020508e-01 1.040823105722665787e-02
6.679099999999298234e+03 2.157513350248336792e-01 1.014138385653495789e-02
6.680579999999297797e+03 2.265969365835189819e-01 1.040597073733806610e-02
6.682059999999297361e+03 2.141707241535186768e-01 1.008013635873794556e-02
6.683539999999296924e+03 2.318272888660430908e-01 1.641281135380268097e-02
6.685019999999296488e+03 2.350021302700042725e-01 2.292457781732082367e-02
6.686499999999296051e+03 2.224882841110229492e-01 1.554221007972955704e-02
6.687979999999295615e+03 2.182843983173370361e-01 1.020639017224311829e-02
6.689459999999295178e+03 2.308504581451416016e-01 1.049941964447498322e-02
6.690939999999294741e+03 2.313752770423889160e-01 1.049359515309333801e-02
6.692419999999294305e+03 2.292725443840026855e-01 1.045063789933919907e-02
6.693899999999293868e+03 2.376725673675537109e-01 1.059784274548292160e-02
6.695379999999293432e+03 2.271615862846374512e-01 1.039027515798807144e-02
6.696859999999292995e+03 2.134562432765960693e-01 1.018001139163970947e-02
6.698339999999292559e+03 2.259579896926879883e-01 1.041455566883087158e-02
6.699819999999292122e+03 2.178809046745300293e-01 1.030546054244041443e-02
6.701299999999291686e+03 2.144587934017181396e-01 1.024022698402404785e-02
6.702779999999291249e+03 2.310651838779449463e-01 1.049573067575693130e-02
6.704259999999290812e+03 2.185579836368560791e-01 1.025540009140968323e-02
6.705739999999290376e+03 2.234613299369812012e-01 1.034482009708881378e-02
6.707219999999289939e+03 2.038582563400268555e-01 9.973714128136634827e-03
6.708699999999289503e+03 2.235069274902343750e-01 1.031501032412052155e-02
6.710179999999289066e+03 2.252943217754364014e-01 1.031675189733505249e-02
6.711659999999288630e+03 2.265011370182037354e-01 1.039990689605474472e-02
6.713139999999288193e+03 2.079597860574722290e-01 1.001945510506629944e-02
6.714619999999287757e+03 2.062331736087799072e-01 9.998897090554237366e-03
6.716099999999287320e+03 2.199010848999023438e-01 1.029008347541093826e-02
6.717579999999286883e+03 2.302315980195999146e-01 1.047341153025627136e-02
6.719059999999286447e+03 2.264685928821563721e-01 1.039462815970182419e-02
6.720539999999286010e+03 2.208714038133621216e-01 1.026752498000860214e-02
6.722019999999285574e+03 2.179957032203674316e-01 1.017128117382526398e-02
6.723499999999285137e+03 2.146323174238204956e-01 1.010823622345924377e-02
6.724979999999284701e+03 2.130755931138992310e-01 1.009526848793029785e-02
6.726459999999284264e+03 2.111488729715347290e-01 1.004524994641542435e-02
6.727939999999283827e+03 2.166644930839538574e-01 1.016885600984096527e-02
6.729419999999283391e+03 2.251433283090591431e-01 1.038370747119188309e-02
6.730899999999282954e+03 2.199732214212417603e-01 1.025189831852912903e-02
6.732379999999282518e+03 2.098382413387298584e-01 1.006622891873121262e-02
6.733859999999282081e+03 2.227526307106018066e-01 1.029658224433660507e-02
6.735339999999281645e+03 2.304920703172683716e-01 1.040870603173971176e-02
6.736819999999281208e+03 2.125636190176010132e-01 1.010499894618988037e-02
6.738299999999280772e+03 2.072447240352630615e-01 1.004152186214923859e-02
6.739779999999280335e+03 2.312467992305755615e-01 1.045786403119564056e-02
6.741259999999279898e+03 2.205226421356201172e-01 1.026920881122350693e-02
6.742739999999279462e+03 2.121420055627822876e-01 1.010589301586151123e-02
6.744219999999279025e+03 2.200558185577392578e-01 1.027743611484766006e-02
6.745699999999278589e+03 2.301561981439590454e-01 1.044935453683137894e-02
6.747179999999278152e+03 2.217759490013122559e-01 1.028201356530189514e-02
6.748659999999277716e+03 2.156081944704055786e-01 1.017095893621444702e-02
6.750139999999277279e+03 2.267834246158599854e-01 1.036978047341108322e-02
6.751619999999276843e+03 2.281674593687057495e-01 1.035662740468978882e-02
6.753099999999276406e+03 2.150464951992034912e-01 1.013834495097398758e-02
6.754579999999275969e+03 2.168059051036834717e-01 1.017680764198303223e-02
6.756059999999275533e+03 2.169029414653778076e-01 1.014768239110708237e-02
6.757539999999275096e+03 2.193792313337326050e-01 1.020881533622741699e-02
6.759019999999274660e+03 2.215024232864379883e-01 1.027218997478485107e-02
6.760499999999274223e+03 2.149355411529541016e-01 1.017394848167896271e-02
6.761979999999273787e+03 2.240325808525085449e-01 1.033771131187677383e-02
6.763459999999273350e+03 2.158548086881637573e-01 1.016741245985031128e-02
6.764939999999272914e+03 2.159420698881149292e-01 1.012453902512788773e-02
6.766419999999272477e+03 2.004774808883666992e-01 9.816440753638744354e-03
6.767899999999272040e+03 1.980980038642883301e-01 9.793288074433803558e-03
6.769379999999271604e+03 2.118540853261947632e-01 1.005370356142520905e-02
6.770859999999271167e+03 1.818083822727203369e-01 9.364148601889610291e-03
6.772339999999270731e+03 2.045199275016784668e-01 9.933983907103538513e-03
6.773819999999270294e+03 2.185091823339462280e-01 1.020967960357666016e-02
6.775299999999269858e+03 2.036124467849731445e-01 9.904501028358936310e-03
6.776779999999269421e+03 2.112682610750198364e-01 1.001508254557847977e-02
6.778259999999268985e+03 2.174626886844635010e-01 1.018575951457023621e-02
6.779739999999268548e+03 2.261958122253417969e-01 1.035689376294612885e-02
6.781219999999268111e+03 2.214304804801940918e-01 1.022881828248500824e-02
6.782699999999267675e+03 2.158624529838562012e-01 1.011159271001815796e-02
6.784179999999267238e+03 2.150530964136123657e-01 1.010931655764579773e-02
6.785659999999266802e+03 2.213959395885467529e-01 1.025803759694099426e-02
6.787139999999266365e+03 2.301226556301116943e-01 1.043180562555789948e-02
6.788619999999265929e+03 2.197846472263336182e-01 1.023299805819988251e-02
6.790099999999265492e+03 2.070943862199783325e-01 9.996533393859863281e-03
6.791579999999265056e+03 2.053470611572265625e-01 9.959351271390914917e-03
6.793059999999264619e+03 2.126351296901702881e-01 1.007648278027772903e-02
6.794539999999264182e+03 2.146881967782974243e-01 1.005116011947393417e-02
6.796019999999263746e+03 2.119156718254089355e-01 1.004000473767518997e-02
6.797499999999263309e+03 2.132771611213684082e-01 1.009556557983160019e-02
6.798979999999262873e+03 2.351979613304138184e-01 1.047190558165311813e-02
6.800459999999262436e+03 2.149031907320022583e-01 1.002905610948801041e-02
6.801939999999262000e+03 2.181959450244903564e-01 1.016676146537065506e-02
6.803419999999261563e+03 2.058312892913818359e-01 9.955981746315956116e-03
6.804899999999261127e+03 2.031739056110382080e-01 9.907610714435577393e-03
6.806379999999260690e+03 2.267979979515075684e-01 1.036661956459283829e-02
6.807859999999260253e+03 2.114106118679046631e-01 1.002973970025777817e-02
6.809339999999259817e+03 2.131652832031250000e-01 1.005588099360466003e-02
6.810819999999259380e+03 2.390215843915939331e-01 1.059409324079751968e-02
6.812299999999258944e+03 2.367412149906158447e-01 1.051463093608617783e-02
6.813779999999258507e+03 2.237708866596221924e-01 1.025343965739011765e-02
6.815259999999258071e+03 2.283938676118850708e-01 1.036904100328683853e-02
6.816739999999257634e+03 2.236902564764022827e-01 1.024664565920829773e-02
6.818219999999257197e+03 2.112919688224792480e-01 1.000368781387805939e-02
6.819699999999256761e+03 2.253873050212860107e-01 1.028323452919721603e-02
6.821179999999256324e+03 2.453830540180206299e-01 1.067794952541589737e-02
6.822659999999255888e+03 2.628813982009887695e-01 1.105847582221031189e-02
6.824139999999255451e+03 2.666258811950683594e-01 1.122117135673761368e-02
6.825619999999255015e+03 2.467107474803924561e-01 1.128543075174093246e-02
6.827099999999254578e+03 2.432888597249984741e-01 1.198342721909284592e-02
6.828579999999254142e+03 2.190034687519073486e-01 1.172616798430681229e-02
6.830059999999253705e+03 2.030922472476959229e-01 1.093182153999805450e-02
6.831539999999253268e+03 1.866513192653656006e-01 1.070798933506011963e-02
6.833019999999252832e+03 1.988455653190612793e-01 1.136086788028478622e-02
6.834499999999252395e+03 2.224789261817932129e-01 1.144245732575654984e-02
6.835979999999251959e+03 3.300338387489318848e-01 1.250600162893533707e-02
6.837459999999251522e+03 5.925772786140441895e-01 1.606140658259391785e-02
6.838939999999251086e+03 7.597082257270812988e-01 1.808703318238258362e-02
6.840419999999250649e+03 6.040017604827880859e-01 1.630596444010734558e-02
6.841899999999250213e+03 3.141459822654724121e-01 1.218135189265012741e-02
6.843379999999249776e+03 2.059774994850158691e-01 1.000208966434001923e-02
6.844859999999249339e+03 2.031670808792114258e-01 9.882483631372451782e-03
6.846339999999248903e+03 2.164959460496902466e-01 1.009613741189241409e-02
6.847819999999248466e+03 2.087139189243316650e-01 9.986467659473419189e-03
6.849299999999248030e+03 2.022266536951065063e-01 9.929903782904148102e-03
6.850779999999247593e+03 2.124047577381134033e-01 1.007530186325311661e-02
6.852259999999247157e+03 2.212317883968353271e-01 1.018241420388221741e-02
6.853739999999246720e+03 2.295158803462982178e-01 1.033382210880517960e-02
6.855219999999246284e+03 2.276324927806854248e-01 1.029707025736570358e-02
6.856699999999245847e+03 2.378312349319458008e-01 1.049107778817415237e-02
6.858179999999245410e+03 3.097251057624816895e-01 1.183041464537382126e-02
6.859659999999244974e+03 4.128060340881347656e-01 1.357639953494071960e-02
6.861139999999244537e+03 3.858414292335510254e-01 1.431696210056543350e-02
6.862619999999244101e+03 2.987387180328369141e-01 1.410869602113962173e-02
6.864099999999243664e+03 2.267501056194305420e-01 1.249291095882654190e-02
6.865579999999243228e+03 1.708775162696838379e-01 9.857862256467342377e-03
6.867059999999242791e+03 1.514287441968917847e-01 8.713138289749622345e-03
6.868539999999242355e+03 1.550590097904205322e-01 8.866473101079463959e-03
6.870019999999241918e+03 1.573623418807983398e-01 9.097131900489330292e-03
6.871499999999241481e+03 1.535762846469879150e-01 8.882524445652961731e-03
6.872979999999241045e+03 1.654338240623474121e-01 8.939868770539760590e-03
6.874459999999240608e+03 1.800184994935989380e-01 9.227076545357704163e-03
6.875939999999240172e+03 1.852475702762603760e-01 9.309541434049606323e-03
6.877419999999239735e+03 1.897264420986175537e-01 9.564695879817008972e-03
6.878899999999239299e+03 1.941169202327728271e-01 9.869780391454696655e-03
6.880379999999238862e+03 2.099574208259582520e-01 1.028342172503471375e-02
6.881859999999238426e+03 2.025236785411834717e-01 9.952522814273834229e-03
6.883339999999237989e+03 1.867645978927612305e-01 9.508749470114707947e-03
6.884819999999237552e+03 1.811235547065734863e-01 9.313846006989479065e-03
6.886299999999237116e+03 1.751860380172729492e-01 9.436773136258125305e-03
6.887779999999236679e+03 1.890143603086471558e-01 1.005873829126358032e-02
6.889259999999236243e+03 1.946838796138763428e-01 1.013608928769826889e-02
6.890739999999235806e+03 1.868699193000793457e-01 9.629786014556884766e-03
6.892219999999235370e+03 2.002619206905364990e-01 9.734895080327987671e-03
6.893699999999234933e+03 2.020761370658874512e-01 9.778138250112533569e-03
6.895179999999234496e+03 1.858179271221160889e-01 9.385902434587478638e-03
6.896659999999234060e+03 1.877405643463134766e-01 9.473361074924468994e-03
6.898139999999233623e+03 2.087946534156799316e-01 1.024926174432039261e-02
6.899619999999233187e+03 2.218396961688995361e-01 1.073713600635528564e-02
6.901099999999232750e+03 2.129238694906234741e-01 1.048626191914081573e-02
6.902579999999232314e+03 1.945200711488723755e-01 9.726135991513729095e-03
6.904059999999231877e+03 1.912882626056671143e-01 9.565281681716442108e-03
6.905539999999231441e+03 2.095231711864471436e-01 9.879299439489841461e-03
6.907019999999231004e+03 1.938433051109313965e-01 9.547510184347629547e-03
6.908499999999230567e+03 1.872557550668716431e-01 9.484389796853065491e-03
6.909979999999230131e+03 1.966740339994430542e-01 1.016156189143657684e-02
6.911459999999229694e+03 2.003728449344635010e-01 1.058433763682842255e-02
6.912939999999229258e+03 1.841029226779937744e-01 1.005772408097982407e-02
6.914419999999228821e+03 2.007524371147155762e-01 9.920546784996986389e-03
6.915899999999228385e+03 2.128596007823944092e-01 9.961783885955810547e-03
6.917379999999227948e+03 2.288595139980316162e-01 1.027019415050745010e-02
6.918859999999227512e+03 2.045470178127288818e-01 9.805329144001007080e-03
6.920339999999227075e+03 1.898215115070343018e-01 1.036331709474325180e-02
6.921819999999226638e+03 2.089220583438873291e-01 1.148380246013402939e-02
6.923299999999226202e+03 2.149647176265716553e-01 1.130589935928583145e-02
6.924779999999225765e+03 2.179960012435913086e-01 1.053321268409490585e-02
6.926259999999225329e+03 2.188611328601837158e-01 1.012577116489410400e-02
6.927739999999224892e+03 2.093610614538192749e-01 9.967390447854995728e-03
6.929219999999224456e+03 2.058229148387908936e-01 9.897583164274692535e-03
6.930699999999224019e+03 1.977524906396865845e-01 9.661338292062282562e-03
6.932179999999223583e+03 1.989205777645111084e-01 9.694769047200679779e-03
6.933659999999223146e+03 2.211598157882690430e-01 1.017954666167497635e-02
6.935139999999222709e+03 2.076438516378402710e-01 9.905980899930000305e-03
6.936619999999222273e+03 1.941762566566467285e-01 9.961953386664390564e-03
6.938099999999221836e+03 2.053060084581375122e-01 1.057354733347892761e-02
6.939579999999221400e+03 1.984765380620956421e-01 1.034643128514289856e-02
6.941059999999220963e+03 2.021026909351348877e-01 1.003939751535654068e-02
6.942539999999220527e+03 2.028088867664337158e-01 9.853947907686233521e-03
6.944019999999220090e+03 2.043716162443161011e-01 9.778755716979503632e-03
6.945499999999219654e+03 1.965003907680511475e-01 1.003096066415309906e-02
6.946979999999219217e+03 2.136740386486053467e-01 1.144095137715339661e-02
6.948459999999218780e+03 2.263402342796325684e-01 1.188266184180974960e-02
6.949939999999218344e+03 2.178384810686111450e-01 1.109535526484251022e-02
6.951419999999217907e+03 2.122882604598999023e-01 1.019235234707593918e-02
6.952899999999217471e+03 2.095987498760223389e-01 9.937685914337635040e-03
6.954379999999217034e+03 1.964620053768157959e-01 9.722856804728507996e-03
6.955859999999216598e+03 2.019145041704177856e-01 9.862355887889862061e-03
6.957339999999216161e+03 2.219037711620330811e-01 1.024331245571374893e-02
6.958819999999215725e+03 2.041449248790740967e-01 9.845981374382972717e-03
6.960299999999215288e+03 2.015466988086700439e-01 9.792129509150981903e-03
6.961779999999214851e+03 2.083595991134643555e-01 9.951110929250717163e-03
6.963259999999214415e+03 2.048151195049285889e-01 9.817455895245075226e-03
6.964739999999213978e+03 2.137412130832672119e-01 1.005549635738134384e-02
6.966219999999213542e+03 2.033058106899261475e-01 9.927750565111637115e-03
6.967699999999213105e+03 1.960889101028442383e-01 1.008002460002899170e-02
6.969179999999212669e+03 2.021288275718688965e-01 1.033608242869377136e-02
6.970659999999212232e+03 2.021765112876892090e-01 1.011546514928340912e-02
6.972139999999211796e+03 2.197795957326889038e-01 1.019412931054830551e-02
6.973619999999211359e+03 2.307535856962203979e-01 1.032243017107248306e-02
6.975099999999210922e+03 2.092291414737701416e-01 1.028592232614755630e-02
6.976579999999210486e+03 2.034051418304443359e-01 1.074186898767948151e-02
6.978059999999210049e+03 2.201440483331680298e-01 1.103881094604730606e-02
6.979539999999209613e+03 2.126390635967254639e-01 1.046727877110242844e-02
6.981019999999209176e+03 2.065885514020919800e-01 9.981055743992328644e-03
6.982499999999208740e+03 2.122573405504226685e-01 1.005298830568790436e-02
6.983979999999208303e+03 2.083639800548553467e-01 9.958419948816299438e-03
6.985459999999207866e+03 2.137942463159561157e-01 1.006783917546272278e-02
6.986939999999207430e+03 2.071393132209777832e-01 9.920652955770492554e-03
6.988419999999206993e+03 2.252425849437713623e-01 1.026603393256664276e-02
6.989899999999206557e+03 2.137299478054046631e-01 1.000985968858003616e-02
6.991379999999206120e+03 2.053507864475250244e-01 9.876484051346778870e-03
6.992859999999205684e+03 2.222206890583038330e-01 1.022390555590391159e-02
6.994339999999205247e+03 2.226259410381317139e-01 1.022766157984733582e-02
6.995819999999204811e+03 2.232663929462432861e-01 1.026549562811851501e-02
6.997299999999204374e+03 2.411816269159317017e-01 1.059961225837469101e-02
6.998779999999203937e+03 2.741460800170898438e-01 1.120441406965255737e-02
7.000259999999203501e+03 2.724980413913726807e-01 1.123042684048414230e-02
7.001739999999203064e+03 2.208419740200042725e-01 1.039361208677291870e-02
7.003219999999202628e+03 1.927621066570281982e-01 9.884784929454326630e-03
7.004699999999202191e+03 1.930103898048400879e-01 9.768902324140071869e-03
7.006179999999201755e+03 2.023515105247497559e-01 9.744646027684211731e-03
7.007659999999201318e+03 2.025485038757324219e-01 9.888061322271823883e-03
7.009139999999200882e+03 1.963007599115371704e-01 1.009953115135431290e-02
7.010619999999200445e+03 2.321301251649856567e-01 1.086930930614471436e-02
7.012099999999200008e+03 2.395050525665283203e-01 1.076045166701078415e-02
7.013579999999199572e+03 2.583688199520111084e-01 1.090939249843358994e-02
7.015059999999199135e+03 2.510737180709838867e-01 1.071383804082870483e-02
7.016539999999198699e+03 2.198230177164077759e-01 1.012466102838516235e-02
7.018019999999198262e+03 2.070233821868896484e-01 9.900630451738834381e-03
7.019499999999197826e+03 2.132382839918136597e-01 1.000704057514667511e-02
7.020979999999197389e+03 2.109563052654266357e-01 9.959874674677848816e-03
7.022459999999196953e+03 1.967887878417968750e-01 9.646085090935230255e-03
7.023939999999196516e+03 2.099639773368835449e-01 9.888531640172004700e-03
7.025419999999196079e+03 2.178284972906112671e-01 1.007254142314195633e-02
7.026899999999195643e+03 2.077020704746246338e-01 9.891927242279052734e-03
7.028379999999195206e+03 2.019461840391159058e-01 9.786812588572502136e-03
7.029859999999194770e+03 1.965942680835723877e-01 9.709835052490234375e-03
7.031339999999194333e+03 1.993562281131744385e-01 9.731110185384750366e-03
7.032819999999193897e+03 1.988604068756103516e-01 9.729724377393722534e-03
7.034299999999193460e+03 2.014055252075195312e-01 9.722664952278137207e-03
7.035779999999193024e+03 1.968736797571182251e-01 9.612982161343097687e-03
7.037259999999192587e+03 1.890807151794433594e-01 9.510050527751445770e-03
7.038739999999192150e+03 2.064734250307083130e-01 9.927183389663696289e-03
7.040219999999191714e+03 2.067706882953643799e-01 9.998670779168605804e-03
7.041699999999191277e+03 2.018550932407379150e-01 9.933160617947578430e-03
7.043179999999190841e+03 1.986974775791168213e-01 9.821807965636253357e-03
7.044659999999190404e+03 2.132155895233154297e-01 1.019410602748394012e-02
7.046139999999189968e+03 2.104611545801162720e-01 1.038092747330665588e-02
7.047619999999189531e+03 2.040106505155563354e-01 1.036226097494363785e-02
7.049099999999189095e+03 2.101872265338897705e-01 1.030308473855257034e-02
7.050579999999188658e+03 2.019776403903961182e-01 9.969429112970829010e-03
7.052059999999188221e+03 2.029354274272918701e-01 9.960281662642955780e-03
7.053539999999187785e+03 2.062847614288330078e-01 9.978110902011394501e-03
7.055019999999187348e+03 2.001830339431762695e-01 9.835208766162395477e-03
7.056499999999186912e+03 2.073512673377990723e-01 9.994959458708763123e-03
7.057979999999186475e+03 2.047096192836761475e-01 9.887969121336936951e-03
7.059459999999186039e+03 2.101647555828094482e-01 1.002762280404567719e-02
7.060939999999185602e+03 2.001283466815948486e-01 9.807373397052288055e-03
7.062419999999185166e+03 2.154390960931777954e-01 1.015111152082681656e-02
7.063899999999184729e+03 2.139069885015487671e-01 1.012006029486656189e-02
7.065379999999184292e+03 2.098949253559112549e-01 1.011959742754697800e-02
7.066859999999183856e+03 2.086901068687438965e-01 1.009866409003734589e-02
7.068339999999183419e+03 1.951463222503662109e-01 9.818833321332931519e-03
7.069819999999182983e+03 1.971494853496551514e-01 9.837868623435497284e-03
7.071299999999182546e+03 2.068350017070770264e-01 1.001345459371805191e-02
7.072779999999182110e+03 2.073695063591003418e-01 9.978529065847396851e-03
7.074259999999181673e+03 2.123737484216690063e-01 1.008769962936639786e-02
7.075739999999181236e+03 2.109283953905105591e-01 1.009918656200170517e-02
7.077219999999180800e+03 1.946838200092315674e-01 9.793956764042377472e-03
7.078699999999180363e+03 1.957421004772186279e-01 9.800715371966362000e-03
7.080179999999179927e+03 2.008709311485290527e-01 9.922236204147338867e-03
7.081659999999179490e+03 1.995254755020141602e-01 9.926360100507736206e-03
7.083139999999179054e+03 2.061984837055206299e-01 1.000808086246252060e-02
7.084619999999178617e+03 1.923208236694335938e-01 9.690511971712112427e-03
7.086099999999178181e+03 1.906578838825225830e-01 9.693324565887451172e-03
7.087579999999177744e+03 2.027584612369537354e-01 1.001061312854290009e-02
7.089059999999177307e+03 2.203986793756484985e-01 1.035962346941232681e-02
7.090539999999176871e+03 2.142339646816253662e-01 1.013385038822889328e-02
7.092019999999176434e+03 2.070511728525161743e-01 9.956847876310348511e-03
7.093499999999175998e+03 1.979493796825408936e-01 9.785765781998634338e-03
7.094979999999175561e+03 2.167541384696960449e-01 1.010932121425867081e-02
7.096459999999175125e+03 2.216863334178924561e-01 1.019365992397069931e-02
