4.300739999999999782e+03 -2.000000000000000000e+00 1.414213538169860840e+00
4.302219999999999345e+03 -2.000000000000000000e+00 1.414213538169860840e+00
4.303699999999998909e+03 -2.000000000000000000e+00 1.414213538169860840e+00
4.305179999999998472e+03 -2.000000000000000000e+00 1.414213538169860840e+00
4.306659999999998035e+03 -2.000000000000000000e+00 1.414213538169860840e+00
4.308139999999997599e+03 -2.000000000000000000e+00 1.414213538169860840e+00
4.309619999999997162e+03 -2.000000000000000000e+00 1.414213538169860840e+00
4.311099999999996726e+03 -2.000000000000000000e+00 1.414213538169860840e+00
4.312579999999996289e+03 -2.000000000000000000e+00 1.414213538169860840e+00
4.314059999999995853e+03 -2.000000000000000000e+00 1.414213538169860840e+00
4.315539999999995416e+03 -2.000000000000000000e+00 1.414213538169860840e+00
4.317019999999994980e+03 -2.000000000000000000e+00 1.414213538169860840e+00
4.318499999999994543e+03 -2.000000000000000000e+00 1.414213538169860840e+00
4.319979999999994106e+03 -2.000000000000000000e+00 1.414213538169860840e+00
4.321459999999993670e+03 -2.000000000000000000e+00 1.414213538169860840e+00
4.322939999999993233e+03 -2.000000000000000000e+00 1.414213538169860840e+00
4.324419999999992797e+03 -2.000000000000000000e+00 1.414213538169860840e+00
4.325899999999992360e+03 -2.000000000000000000e+00 1.414213538169860840e+00
4.327379999999991924e+03 -2.000000000000000000e+00 1.414213538169860840e+00
4.328859999999991487e+03 -2.000000000000000000e+00 1.414213538169860840e+00
4.330339999999991051e+03 -2.000000000000000000e+00 1.414213538169860840e+00
4.331819999999990614e+03 -2.000000000000000000e+00 1.414213538169860840e+00
4.333299999999990177e+03 -2.000000000000000000e+00 1.414213538169860840e+00
4.334779999999989741e+03 -2.000000000000000000e+00 1.414213538169860840e+00
4.336259999999989304e+03 -2.000000000000000000e+00 1.414213538169860840e+00
4.337739999999988868e+03 -2.000000000000000000e+00 1.414213538169860840e+00
4.339219999999988431e+03 -2.000000000000000000e+00 1.414213538169860840e+00
4.340699999999987995e+03 -2.000000000000000000e+00 1.414213538169860840e+00
4.342179999999987558e+03 -2.000000000000000000e+00 1.414213538169860840e+00
4.343659999999987122e+03 -2.000000000000000000e+00 1.414213538169860840e+00
4.345139999999986685e+03 -2.000000000000000000e+00 1.414213538169860840e+00
4.346619999999986248e+03 -2.000000000000000000e+00 1.414213538169860840e+00
4.348099999999985812e+03 -2.000000000000000000e+00 1.414213538169860840e+00
4.349579999999985375e+03 -2.000000000000000000e+00 1.414213538169860840e+00
4.351059999999984939e+03 -2.000000000000000000e+00 1.414213538169860840e+00
4.352539999999984502e+03 -2.000000000000000000e+00 1.414213538169860840e+00
4.354019999999984066e+03 -2.000000000000000000e+00 1.414213538169860840e+00
4.355499999999983629e+03 -2.000000000000000000e+00 1.414213538169860840e+00
4.356979999999983193e+03 -2.000000000000000000e+00 1.414213538169860840e+00
4.358459999999982756e+03 -2.000000000000000000e+00 1.414213538169860840e+00
4.359939999999982319e+03 -2.000000000000000000e+00 1.414213538169860840e+00
4.361419999999981883e+03 -2.000000000000000000e+00 1.414213538169860840e+00
4.362899999999981446e+03 -2.000000000000000000e+00 1.414213538169860840e+00
4.364379999999981010e+03 -2.000000000000000000e+00 1.414213538169860840e+00
4.365859999999980573e+03 -2.000000000000000000e+00 1.414213538169860840e+00
4.367339999999980137e+03 -2.000000000000000000e+00 1.414213538169860840e+00
4.368819999999979700e+03 -2.000000000000000000e+00 1.414213538169860840e+00
4.370299999999979264e+03 -2.000000000000000000e+00 1.414213538169860840e+00
4.371779999999978827e+03 -2.000000000000000000e+00 1.414213538169860840e+00
4.373259999999978390e+03 -2.000000000000000000e+00 1.414213538169860840e+00
4.374739999999977954e+03 -2.000000000000000000e+00 1.414213538169860840e+00
4.376219999999977517e+03 -2.000000000000000000e+00 1.414213538169860840e+00
4.377699999999977081e+03 -2.000000000000000000e+00 1.414213538169860840e+00
4.379179999999976644e+03 -2.000000000000000000e+00 1.414213538169860840e+00
4.380659999999976208e+03 -2.000000000000000000e+00 1.414213538169860840e+00
4.382139999999975771e+03 -2.000000000000000000e+00 1.414213538169860840e+00
4.383619999999975335e+03 -2.000000000000000000e+00 1.414213538169860840e+00
4.385099999999974898e+03 -2.000000000000000000e+00 1.414213538169860840e+00
4.386579999999974461e+03 -2.000000000000000000e+00 1.414213538169860840e+00
4.388059999999974025e+03 -2.000000000000000000e+00 1.414213538169860840e+00
4.389539999999973588e+03 -2.000000000000000000e+00 1.414213538169860840e+00
4.391019999999973152e+03 -2.000000000000000000e+00 1.414213538169860840e+00
4.392499999999972715e+03 -2.000000000000000000e+00 1.414213538169860840e+00
4.393979999999972279e+03 -2.000000000000000000e+00 1.414213538169860840e+00
4.395459999999971842e+03 -2.000000000000000000e+00 1.414213538169860840e+00
4.396939999999971405e+03 -2.000000000000000000e+00 1.414213538169860840e+00
4.398419999999970969e+03 -2.000000000000000000e+00 1.414213538169860840e+00
4.399899999999970532e+03 -2.000000000000000000e+00 1.414213538169860840e+00
4.401379999999970096e+03 -2.000000000000000000e+00 1.414213538169860840e+00
4.402859999999969659e+03 -2.000000000000000000e+00 1.414213538169860840e+00
4.404339999999969223e+03 -2.000000000000000000e+00 1.414213538169860840e+00
4.405819999999968786e+03 -2.000000000000000000e+00 1.414213538169860840e+00
4.407299999999968350e+03 -2.000000000000000000e+00 1.414213538169860840e+00
4.408779999999967913e+03 -2.000000000000000000e+00 1.414213538169860840e+00
4.410259999999967476e+03 -2.000000000000000000e+00 1.414213538169860840e+00
4.411739999999967040e+03 -2.000000000000000000e+00 1.414213538169860840e+00
4.413219999999966603e+03 -2.000000000000000000e+00 1.414213538169860840e+00
4.414699999999966167e+03 -2.000000000000000000e+00 1.414213538169860840e+00
4.416179999999965730e+03 -2.000000000000000000e+00 1.414213538169860840e+00
4.417659999999965294e+03 -2.000000000000000000e+00 1.414213538169860840e+00
4.419139999999964857e+03 -2.000000000000000000e+00 1.414213538169860840e+00
4.420619999999964421e+03 -2.000000000000000000e+00 1.414213538169860840e+00
4.422099999999963984e+03 -2.000000000000000000e+00 1.414213538169860840e+00
4.423579999999963547e+03 -2.000000000000000000e+00 1.414213538169860840e+00
4.425059999999963111e+03 -2.000000000000000000e+00 1.414213538169860840e+00
4.426539999999962674e+03 -2.000000000000000000e+00 1.414213538169860840e+00
4.428019999999962238e+03 -2.000000000000000000e+00 1.414213538169860840e+00
4.429499999999961801e+03 -2.000000000000000000e+00 1.414213538169860840e+00
4.430979999999961365e+03 -2.000000000000000000e+00 1.414213538169860840e+00
4.432459999999960928e+03 -2.000000000000000000e+00 1.414213538169860840e+00
4.433939999999960492e+03 -2.000000000000000000e+00 1.414213538169860840e+00
4.435419999999960055e+03 -2.000000000000000000e+00 1.414213538169860840e+00
4.436899999999959618e+03 -2.000000000000000000e+00 1.414213538169860840e+00
4.438379999999959182e+03 -2.000000000000000000e+00 1.414213538169860840e+00
4.439859999999958745e+03 -2.000000000000000000e+00 1.414213538169860840e+00
4.441339999999958309e+03 -2.000000000000000000e+00 1.414213538169860840e+00
4.442819999999957872e+03 -2.000000000000000000e+00 1.414213538169860840e+00
4.444299999999957436e+03 -2.000000000000000000e+00 1.414213538169860840e+00
4.445779999999956999e+03 -2.000000000000000000e+00 1.414213538169860840e+00
4.447259999999956563e+03 -2.000000000000000000e+00 1.414213538169860840e+00
4.448739999999956126e+03 -2.000000000000000000e+00 1.414213538169860840e+00
4.450219999999955689e+03 -2.000000000000000000e+00 1.414213538169860840e+00
4.451699999999955253e+03 5.377267003059387207e-01 3.378431126475334167e-02
4.453179999999954816e+03 6.219760775566101074e-01 3.462034091353416443e-02
4.454659999999954380e+03 5.266239643096923828e-01 3.238400071859359741e-02
4.456139999999953943e+03 5.817595124244689941e-01 3.325492888689041138e-02
4.457619999999953507e+03 5.461068153381347656e-01 3.289395943284034729e-02
4.459099999999953070e+03 5.672578811645507812e-01 3.328153863549232483e-02
4.460579999999952634e+03 6.157331466674804688e-01 3.387577459216117859e-02
4.462059999999952197e+03 5.760632753372192383e-01 3.320264816284179688e-02
4.463539999999951760e+03 6.296669244766235352e-01 3.445559740066528320e-02
4.465019999999951324e+03 5.798941850662231445e-01 3.377190604805946350e-02
4.466499999999950887e+03 5.721119046211242676e-01 3.369219228625297546e-02
4.467979999999950451e+03 6.091091632843017578e-01 3.423778340220451355e-02
4.469459999999950014e+03 5.882856845855712891e-01 3.335081413388252258e-02
4.470939999999949578e+03 5.530592203140258789e-01 3.330811858177185059e-02
4.472419999999949141e+03 6.239628791809082031e-01 3.445303812623023987e-02
4.473899999999948704e+03 6.195378899574279785e-01 3.466155007481575012e-02
4.475379999999948268e+03 5.434535741806030273e-01 3.328740596771240234e-02
4.476859999999947831e+03 6.079825758934020996e-01 3.457410633563995361e-02
4.478339999999947395e+03 5.614191889762878418e-01 3.350774198770523071e-02
4.479819999999946958e+03 5.687894821166992188e-01 3.335665911436080933e-02
4.481299999999946522e+03 5.937179327011108398e-01 3.307254984974861145e-02
4.482779999999946085e+03 6.214392781257629395e-01 3.376687318086624146e-02
4.484259999999945649e+03 5.776243209838867188e-01 3.388476371765136719e-02
4.485739999999945212e+03 6.037011742591857910e-01 3.439274430274963379e-02
4.487219999999944775e+03 5.552323460578918457e-01 3.327618539333343506e-02
4.488699999999944339e+03 5.598360896110534668e-01 3.285619616508483887e-02
4.490179999999943902e+03 4.923712611198425293e-01 3.180836886167526245e-02
4.491659999999943466e+03 5.149717330932617188e-01 3.245744481682777405e-02
4.493139999999943029e+03 5.274745225906372070e-01 3.245795890688896179e-02
4.494619999999942593e+03 5.409125685691833496e-01 3.251594677567481995e-02
4.496099999999942156e+03 5.809066891670227051e-01 3.304220363497734070e-02
4.497579999999941720e+03 5.774390697479248047e-01 3.336383029818534851e-02
4.499059999999941283e+03 6.008639335632324219e-01 3.377591818571090698e-02
4.500539999999940846e+03 5.623074769973754883e-01 3.287182375788688660e-02
4.502019999999940410e+03 5.612215995788574219e-01 3.298018872737884521e-02
4.503499999999939973e+03 5.226414203643798828e-01 3.293176740407943726e-02
4.504979999999939537e+03 5.168220996856689453e-01 3.273566439747810364e-02
4.506459999999939100e+03 6.117587089538574219e-01 3.403072804212570190e-02
4.507939999999938664e+03 6.092522144317626953e-01 3.389813378453254700e-02
4.509419999999938227e+03 5.865290760993957520e-01 3.336350992321968079e-02
4.510899999999937791e+03 6.027762293815612793e-01 3.377421572804450989e-02
4.512379999999937354e+03 5.356571078300476074e-01 3.239244595170021057e-02
4.513859999999936917e+03 5.072956085205078125e-01 3.166075795888900757e-02
4.515339999999936481e+03 5.943867564201354980e-01 3.296261280775070190e-02
4.516819999999936044e+03 5.932936668395996094e-01 3.286774456501007080e-02
4.518299999999935608e+03 5.729106664657592773e-01 3.246429935097694397e-02
4.519779999999935171e+03 5.806732773780822754e-01 3.285184130072593689e-02
4.521259999999934735e+03 5.463799834251403809e-01 3.227728605270385742e-02
4.522739999999934298e+03 5.788156986236572266e-01 3.262519836425781250e-02
4.524219999999933862e+03 6.023939251899719238e-01 3.275708481669425964e-02
4.525699999999933425e+03 6.029999852180480957e-01 3.226286545395851135e-02
4.527179999999932988e+03 6.187887191772460938e-01 3.212436661124229431e-02
4.528659999999932552e+03 6.260117292404174805e-01 3.210005909204483032e-02
4.530139999999932115e+03 5.769257545471191406e-01 3.152871876955032349e-02
4.531619999999931679e+03 5.939542651176452637e-01 3.213560208678245544e-02
4.533099999999931242e+03 5.523695349693298340e-01 3.135469555854797363e-02
4.534579999999930806e+03 5.750465393066406250e-01 3.152322396636009216e-02
4.536059999999930369e+03 5.734745860099792480e-01 3.170689940452575684e-02
4.537539999999929933e+03 5.697556734085083008e-01 3.232145309448242188e-02
4.539019999999929496e+03 5.921165943145751953e-01 3.248213231563568115e-02
4.540499999999929059e+03 5.711389780044555664e-01 3.188462927937507629e-02
4.541979999999928623e+03 5.168256759643554688e-01 3.117198124527931213e-02
4.543459999999928186e+03 5.677263736724853516e-01 3.179394081234931946e-02
4.544939999999927750e+03 5.634341239929199219e-01 3.152472525835037231e-02
4.546419999999927313e+03 5.691210031509399414e-01 3.147292509675025940e-02
4.547899999999926877e+03 5.781843066215515137e-01 3.148033842444419861e-02
4.549379999999926440e+03 5.559385418891906738e-01 3.066021390259265900e-02
4.550859999999926004e+03 5.508974790573120117e-01 3.097948245704174042e-02
4.552339999999925567e+03 5.520088076591491699e-01 3.105807863175868988e-02
4.553819999999925130e+03 5.770795345306396484e-01 3.132187947630882263e-02
4.555299999999924694e+03 5.470871329307556152e-01 3.074819408357143402e-02
4.556779999999924257e+03 5.716193914413452148e-01 3.145181387662887573e-02
4.558259999999923821e+03 5.514147281646728516e-01 3.114305064082145691e-02
4.559739999999923384e+03 5.263891816139221191e-01 3.096464648842811584e-02
4.561219999999922948e+03 5.517903566360473633e-01 3.134126961231231689e-02
4.562699999999922511e+03 5.516447424888610840e-01 3.103033825755119324e-02
4.564179999999922074e+03 5.292823910713195801e-01 3.025946952402591705e-02
4.565659999999921638e+03 5.218387842178344727e-01 3.027918376028537750e-02
4.567139999999921201e+03 5.998532772064208984e-01 3.159468621015548706e-02
4.568619999999920765e+03 5.494602918624877930e-01 3.091439045965671539e-02
4.570099999999920328e+03 5.792896747589111328e-01 3.120400570333003998e-02
4.571579999999919892e+03 5.668566226959228516e-01 3.078910149633884430e-02
4.573059999999919455e+03 5.813583731651306152e-01 3.110724315047264099e-02
4.574539999999919019e+03 5.293217897415161133e-01 3.065557777881622314e-02
4.576019999999918582e+03 5.688232779502868652e-01 3.097287937998771667e-02
4.577499999999918145e+03 5.265030264854431152e-01 3.033005818724632263e-02
4.578979999999917709e+03 5.082710981369018555e-01 2.992178313434123993e-02
4.580459999999917272e+03 5.571945309638977051e-01 3.009199351072311401e-02
4.581939999999916836e+03 5.613738894462585449e-01 3.020467050373554230e-02
4.583419999999916399e+03 5.452529191970825195e-01 2.985807508230209351e-02
4.584899999999915963e+03 5.404303073883056641e-01 2.976254932582378387e-02
4.586379999999915526e+03 5.146305561065673828e-01 2.940127812325954437e-02
4.587859999999915090e+03 4.974192678928375244e-01 2.950805984437465668e-02
4.589339999999914653e+03 5.822242498397827148e-01 3.070946224033832550e-02
4.590819999999914216e+03 4.987289905548095703e-01 2.922185137867927551e-02
4.592299999999913780e+03 4.885826706886291504e-01 2.889860980212688446e-02
4.593779999999913343e+03 5.328130722045898438e-01 2.954168245196342468e-02
4.595259999999912907e+03 5.206677913665771484e-01 2.945549972355365753e-02
4.596739999999912470e+03 5.043479204177856445e-01 2.903817780315876007e-02
4.598219999999912034e+03 5.463646650314331055e-01 2.963464148342609406e-02
4.599699999999911597e+03 5.374362468719482422e-01 2.941249497234821320e-02
4.601179999999911161e+03 4.809319972991943359e-01 2.867330051958560944e-02
4.602659999999910724e+03 5.433704853057861328e-01 2.960180863738059998e-02
4.604139999999910287e+03 5.331095457077026367e-01 2.938112989068031311e-02
4.605619999999909851e+03 5.442879796028137207e-01 2.957459166646003723e-02
4.607099999999909414e+03 5.225446224212646484e-01 2.964124828577041626e-02
4.608579999999908978e+03 5.872370600700378418e-01 3.042925149202346802e-02
4.610059999999908541e+03 5.131133198738098145e-01 2.961578220129013062e-02
4.611539999999908105e+03 5.272994041442871094e-01 2.936196513473987579e-02
4.613019999999907668e+03 4.939123392105102539e-01 2.872212044894695282e-02
4.614499999999907232e+03 5.243982672691345215e-01 2.928622998297214508e-02
4.615979999999906795e+03 5.474412441253662109e-01 2.964719757437705994e-02
4.617459999999906358e+03 5.001686811447143555e-01 2.885204367339611053e-02
4.618939999999905922e+03 5.045303106307983398e-01 2.880200557410717010e-02
4.620419999999905485e+03 4.761614203453063965e-01 2.852448076009750366e-02
4.621899999999905049e+03 5.477327108383178711e-01 2.953189983963966370e-02
4.623379999999904612e+03 5.102819800376892090e-01 2.896175161004066467e-02
4.624859999999904176e+03 5.061787962913513184e-01 2.878326550126075745e-02
4.626339999999903739e+03 5.178189277648925781e-01 2.889930084347724915e-02
4.627819999999903303e+03 5.444719791412353516e-01 2.923603914678096771e-02
4.629299999999902866e+03 5.563147664070129395e-01 2.942611090838909149e-02
4.630779999999902429e+03 5.452872514724731445e-01 2.925899624824523926e-02
4.632259999999901993e+03 4.884646832942962646e-01 2.830317988991737366e-02
4.633739999999901556e+03 5.412161350250244141e-01 2.901948057115077972e-02
4.635219999999901120e+03 5.306751132011413574e-01 2.880482003092765808e-02
4.636699999999900683e+03 5.104638934135437012e-01 2.828483283519744873e-02
4.638179999999900247e+03 5.057114362716674805e-01 2.814066968858242035e-02
4.639659999999899810e+03 5.424137115478515625e-01 2.862883917987346649e-02
4.641139999999899374e+03 5.109085440635681152e-01 2.839496359229087830e-02
4.642619999999898937e+03 5.057244896888732910e-01 2.818736620247364044e-02
4.644099999999898500e+03 5.367488265037536621e-01 2.837640978395938873e-02
4.645579999999898064e+03 5.377377271652221680e-01 2.831440605223178864e-02
4.647059999999897627e+03 5.388401150703430176e-01 2.788551151752471924e-02
4.648539999999897191e+03 5.732549428939819336e-01 2.855448611080646515e-02
4.650019999999896754e+03 4.998243451118469238e-01 2.777385339140892029e-02
4.651499999999896318e+03 5.015398263931274414e-01 2.789647504687309265e-02
4.652979999999895881e+03 5.152333974838256836e-01 2.798037603497505188e-02
4.654459999999895444e+03 5.308802127838134766e-01 2.809478901326656342e-02
4.655939999999895008e+03 5.647591948509216309e-01 2.836920693516731262e-02
4.657419999999894571e+03 5.394940376281738281e-01 2.816140465438365936e-02
4.658899999999894135e+03 5.881803035736083984e-01 2.904592640697956085e-02
4.660379999999893698e+03 5.476114749908447266e-01 2.866578474640846252e-02
4.661859999999893262e+03 5.651153922080993652e-01 2.843228727579116821e-02
4.663339999999892825e+03 5.680134296417236328e-01 2.823873236775398254e-02
4.664819999999892389e+03 5.638581514358520508e-01 2.825615741312503815e-02
4.666299999999891952e+03 5.232571959495544434e-01 2.712079696357250214e-02
4.667779999999891515e+03 4.895174503326416016e-01 2.643793448805809021e-02
4.669259999999891079e+03 5.955985784530639648e-01 2.795655466616153717e-02
4.670739999999890642e+03 5.092764496803283691e-01 2.750162780284881592e-02
4.672219999999890206e+03 4.696733951568603516e-01 2.678077109158039093e-02
4.673699999999889769e+03 5.073665380477905273e-01 2.708279900252819061e-02
4.675179999999889333e+03 4.999395012855529785e-01 2.733348496258258820e-02
4.676659999999888896e+03 5.584615468978881836e-01 2.806381322443485260e-02
4.678139999999888460e+03 5.485026836395263672e-01 2.770885266363620758e-02
4.679619999999888023e+03 5.382124781608581543e-01 2.747092582285404205e-02
4.681099999999887586e+03 5.563982725143432617e-01 2.758883498609066010e-02
4.682579999999887150e+03 5.405521392822265625e-01 2.745174802839756012e-02
4.684059999999886713e+03 5.530260801315307617e-01 2.785226702690124512e-02
4.685539999999886277e+03 5.593656897544860840e-01 2.777736261487007141e-02
4.687019999999885840e+03 5.731629133224487305e-01 2.792465500533580780e-02
4.688499999999885404e+03 5.199401378631591797e-01 2.715215831995010376e-02
4.689979999999884967e+03 5.317026376724243164e-01 2.729940228164196014e-02
4.691459999999884531e+03 5.363417863845825195e-01 2.704438008368015289e-02
4.692939999999884094e+03 5.378949642181396484e-01 2.728227339684963226e-02
4.694419999999883657e+03 5.331837534904479980e-01 2.723906747996807098e-02
4.695899999999883221e+03 5.024127364158630371e-01 2.681897953152656555e-02
4.697379999999882784e+03 5.366194844245910645e-01 2.711469493806362152e-02
4.698859999999882348e+03 5.203170776367187500e-01 2.675385773181915283e-02
4.700339999999881911e+03 4.978978633880615234e-01 2.633633092045783997e-02
4.701819999999881475e+03 5.264429450035095215e-01 2.646957896649837494e-02
4.703299999999881038e+03 5.711970329284667969e-01 2.710144594311714172e-02
4.704779999999880602e+03 4.977889358997344971e-01 2.621907740831375122e-02
4.706259999999880165e+03 5.600999593734741211e-01 2.711572498083114624e-02
4.707739999999879728e+03 5.450654625892639160e-01 2.683173120021820068e-02
4.709219999999879292e+03 5.310970544815063477e-01 2.661683596670627594e-02
4.710699999999878855e+03 5.361475944519042969e-01 2.689394168555736542e-02
4.712179999999878419e+03 5.801578760147094727e-01 2.757092006504535675e-02
4.713659999999877982e+03 4.874678850173950195e-01 2.596555836498737335e-02
4.715139999999877546e+03 4.950215220451354980e-01 2.615415491163730621e-02
4.716619999999877109e+03 4.995787441730499268e-01 2.655031159520149231e-02
4.718099999999876673e+03 5.051259398460388184e-01 2.668862231075763702e-02
4.719579999999876236e+03 5.129373073577880859e-01 2.676214277744293213e-02
4.721059999999875799e+03 5.189893841743469238e-01 2.668181248009204865e-02
4.722539999999875363e+03 5.205005407333374023e-01 2.680797129869461060e-02
4.724019999999874926e+03 4.586700499057769775e-01 2.599000930786132812e-02
4.725499999999874490e+03 5.103476047515869141e-01 2.658545784652233124e-02
4.726979999999874053e+03 4.593423604965209961e-01 2.564434893429279327e-02
4.728459999999873617e+03 4.760700464248657227e-01 2.569174766540527344e-02
4.729939999999873180e+03 5.048022270202636719e-01 2.594364434480667114e-02
4.731419999999872744e+03 4.723767936229705811e-01 2.544728107750415802e-02
4.732899999999872307e+03 4.590073823928833008e-01 2.564002014696598053e-02
4.734379999999871870e+03 4.716173410415649414e-01 2.568915858864784241e-02
4.735859999999871434e+03 4.787263870239257812e-01 2.554442547261714935e-02
4.737339999999870997e+03 4.162043333053588867e-01 2.482643909752368927e-02
4.738819999999870561e+03 5.116127729415893555e-01 2.623672038316726685e-02
4.740299999999870124e+03 4.549661874771118164e-01 2.560886554419994354e-02
4.741779999999869688e+03 5.007902383804321289e-01 2.617463283240795135e-02
4.743259999999869251e+03 5.079617500305175781e-01 2.633233368396759033e-02
4.744739999999868814e+03 4.311225414276123047e-01 2.503170073032379150e-02
4.746219999999868378e+03 4.693502187728881836e-01 2.564132772386074066e-02
4.747699999999867941e+03 5.091099739074707031e-01 2.610518597066402435e-02
4.749179999999867505e+03 4.811810255050659180e-01 2.577869035303592682e-02
4.750659999999867068e+03 4.714715480804443359e-01 2.559765614569187164e-02
4.752139999999866632e+03 4.944156408309936523e-01 2.576818317174911499e-02
4.753619999999866195e+03 4.716825187206268311e-01 2.526042796671390533e-02
4.755099999999865759e+03 4.678495526313781738e-01 2.512904629111289978e-02
4.756579999999865322e+03 4.715381860733032227e-01 2.525932714343070984e-02
4.758059999999864885e+03 4.624896645545959473e-01 2.542919665575027466e-02
4.759539999999864449e+03 4.149143695831298828e-01 2.475526370108127594e-02
4.761019999999864012e+03 4.277680516242980957e-01 2.473600022494792938e-02
4.762499999999863576e+03 4.507232308387756348e-01 2.473329938948154449e-02
4.763979999999863139e+03 4.545150995254516602e-01 2.492293901741504669e-02
4.765459999999862703e+03 4.355012774467468262e-01 2.435106225311756134e-02
4.766939999999862266e+03 4.210191369056701660e-01 2.427040785551071167e-02
4.768419999999861830e+03 4.876782298088073730e-01 2.556343562901020050e-02
4.769899999999861393e+03 4.506361186504364014e-01 2.508528530597686768e-02
4.771379999999860956e+03 4.378693103790283203e-01 2.485911361873149872e-02
4.772859999999860520e+03 4.241020083427429199e-01 2.461600303649902344e-02
4.774339999999860083e+03 4.268222451210021973e-01 2.473251707851886749e-02
4.775819999999859647e+03 4.231499433517456055e-01 2.474494650959968567e-02
4.777299999999859210e+03 4.368547499179840088e-01 2.499804086983203888e-02
4.778779999999858774e+03 4.344989061355590820e-01 2.490626089274883270e-02
4.780259999999858337e+03 4.458293318748474121e-01 2.506175078451633453e-02
4.781739999999857901e+03 4.514597654342651367e-01 2.491755224764347076e-02
4.783219999999857464e+03 4.686375856399536133e-01 2.502901852130889893e-02
4.784699999999857027e+03 4.602257013320922852e-01 2.492321655154228210e-02
4.786179999999856591e+03 4.306186735630035400e-01 2.424391917884349823e-02
4.787659999999856154e+03 4.189441800117492676e-01 2.421503700315952301e-02
4.789139999999855718e+03 4.275309443473815918e-01 2.435551956295967102e-02
4.790619999999855281e+03 4.552330970764160156e-01 2.475474216043949127e-02
4.792099999999854845e+03 4.768687486648559570e-01 2.506482228636741638e-02
4.793579999999854408e+03 4.886366724967956543e-01 2.538492344319820404e-02
4.795059999999853972e+03 4.203268885612487793e-01 2.457631751894950867e-02
4.796539999999853535e+03 4.039394855499267578e-01 2.430708333849906921e-02
4.798019999999853098e+03 4.428394436836242676e-01 2.448070794343948364e-02
4.799499999999852662e+03 4.179421067237854004e-01 2.414871007204055786e-02
4.800979999999852225e+03 4.399991035461425781e-01 2.450205758213996887e-02
4.802459999999851789e+03 4.345521330833435059e-01 2.454285696148872375e-02
4.803939999999851352e+03 4.332857131958007812e-01 2.444765716791152954e-02
4.805419999999850916e+03 4.502994120121002197e-01 2.461383305490016937e-02
4.806899999999850479e+03 4.524860978126525879e-01 2.448655851185321808e-02
4.808379999999850043e+03 4.791328310966491699e-01 2.474144846200942993e-02
4.809859999999849606e+03 4.544859528541564941e-01 2.465484663844108582e-02
4.811339999999849169e+03 4.326053857803344727e-01 2.437923289835453033e-02
4.812819999999848733e+03 4.544385671615600586e-01 2.446520701050758362e-02
4.814299999999848296e+03 4.274733662605285645e-01 2.423193305730819702e-02
4.815779999999847860e+03 4.260561466217041016e-01 2.438564598560333252e-02
4.817259999999847423e+03 4.466793835163116455e-01 2.466887794435024261e-02
4.818739999999846987e+03 4.849585294723510742e-01 2.499218285083770752e-02
4.820219999999846550e+03 4.605042934417724609e-01 2.479107677936553955e-02
4.821699999999846113e+03 4.497816562652587891e-01 2.448757737874984741e-02
4.823179999999845677e+03 4.737449884414672852e-01 2.453445643186569214e-02
4.824659999999845240e+03 4.202029705047607422e-01 2.393260784447193146e-02
4.826139999999844804e+03 3.940961658954620361e-01 2.371388673782348633e-02
4.827619999999844367e+03 4.325408935546875000e-01 2.406387217342853546e-02
4.829099999999843931e+03 4.319897890090942383e-01 2.408547513186931610e-02
4.830579999999843494e+03 4.286749958992004395e-01 2.393513545393943787e-02
4.832059999999843058e+03 4.450896382331848145e-01 2.413802593946456909e-02
4.833539999999842621e+03 4.530667066574096680e-01 2.433699183166027069e-02
4.835019999999842184e+03 4.240061640739440918e-01 2.397232502698898315e-02
4.836499999999841748e+03 4.628718793392181396e-01 2.447913587093353271e-02
4.837979999999841311e+03 4.230433106422424316e-01 2.391605079174041748e-02
4.839459999999840875e+03 4.160173833370208740e-01 2.345270663499832153e-02
4.840939999999840438e+03 4.397571682929992676e-01 2.371655963361263275e-02
4.842419999999840002e+03 4.642300605773925781e-01 2.423794381320476532e-02
4.843899999999839565e+03 4.239658117294311523e-01 2.374497242271900177e-02
4.845379999999839129e+03 4.210994839668273926e-01 2.384249307215213776e-02
4.846859999999838692e+03 4.746005237102508545e-01 2.425301633775234222e-02
4.848339999999838255e+03 4.398945569992065430e-01 2.368895150721073151e-02
4.849819999999837819e+03 4.350945055484771729e-01 2.381179481744766235e-02
4.851299999999837382e+03 4.459386467933654785e-01 2.387544140219688416e-02
4.852779999999836946e+03 4.347683489322662354e-01 2.361110784113407135e-02
4.854259999999836509e+03 4.374327659606933594e-01 2.310159802436828613e-02
4.855739999999836073e+03 4.321789741516113281e-01 2.295436151325702667e-02
4.857219999999835636e+03 4.221964776515960693e-01 2.282652817666530609e-02
4.858699999999835200e+03 4.411459565162658691e-01 2.252897433936595917e-02
4.860179999999834763e+03 4.564249515533447266e-01 2.186058089137077332e-02
4.861659999999834326e+03 4.428189992904663086e-01 2.164940722286701202e-02
4.863139999999833890e+03 4.720892608165740967e-01 2.285829558968544006e-02
4.864619999999833453e+03 4.443561434745788574e-01 2.305049449205398560e-02
4.866099999999833017e+03 4.221530556678771973e-01 2.290296927094459534e-02
4.867579999999832580e+03 4.824648201465606689e-01 2.388289757072925568e-02
4.869059999999832144e+03 4.518758058547973633e-01 2.326152287423610687e-02
4.870539999999831707e+03 4.707216322422027588e-01 2.325048670172691345e-02
4.872019999999831271e+03 4.288077652454376221e-01 2.263504080474376678e-02
4.873499999999830834e+03 4.207880198955535889e-01 2.286037243902683258e-02
4.874979999999830397e+03 4.021895229816436768e-01 2.276817150413990021e-02
4.876459999999829961e+03 4.158172309398651123e-01 2.297579497098922729e-02
4.877939999999829524e+03 4.101589322090148926e-01 2.305061370134353638e-02
4.879419999999829088e+03 4.516371488571166992e-01 2.346926555037498474e-02
4.880899999999828651e+03 4.313756227493286133e-01 2.348991297185420990e-02
4.882379999999828215e+03 5.343420505523681641e-01 2.442793734371662140e-02
4.883859999999827778e+03 1.348443984985351562e+00 3.349334374070167542e-02
4.885339999999827342e+03 1.889436483383178711e+00 3.814313933253288269e-02
4.886819999999826905e+03 1.268873333930969238e+00 3.228964284062385559e-02
4.888299999999826468e+03 4.804815053939819336e-01 2.346858009696006775e-02
4.889779999999826032e+03 4.005312919616699219e-01 2.212030626833438873e-02
4.891259999999825595e+03 3.881617784500122070e-01 2.177379094064235687e-02
4.892739999999825159e+03 3.830115199089050293e-01 2.246096357703208923e-02
4.894219999999824722e+03 4.141439795494079590e-01 2.326127141714096069e-02
4.895699999999824286e+03 4.039382040500640869e-01 2.311955019831657410e-02
4.897179999999823849e+03 4.285265803337097168e-01 2.337729185819625854e-02
4.898659999999823413e+03 4.068330228328704834e-01 2.292191237211227417e-02
4.900139999999822976e+03 4.207106232643127441e-01 2.314605191349983215e-02
4.901619999999822539e+03 4.108237624168395996e-01 2.299665287137031555e-02
4.903099999999822103e+03 4.308891594409942627e-01 2.318506315350532532e-02
4.904579999999821666e+03 4.414219558238983154e-01 2.322797477245330811e-02
4.906059999999821230e+03 4.334822893142700195e-01 2.324701100587844849e-02
4.907539999999820793e+03 4.058988392353057861e-01 2.271912246942520142e-02
4.909019999999820357e+03 4.521175920963287354e-01 2.300319075584411621e-02
4.910499999999819920e+03 4.675253033638000488e-01 2.319752983748912811e-02
4.911979999999819483e+03 4.488453269004821777e-01 2.330618351697921753e-02
4.913459999999819047e+03 4.576344192028045654e-01 2.333240956068038940e-02
4.914939999999818610e+03 4.540172219276428223e-01 2.364471182227134705e-02
4.916419999999818174e+03 4.070494472980499268e-01 2.275994978845119476e-02
4.917899999999817737e+03 3.976025581359863281e-01 2.191012538969516754e-02
4.919379999999817301e+03 4.210888743400573730e-01 2.188905887305736542e-02
4.920859999999816864e+03 4.532964825630187988e-01 2.253698930144309998e-02
4.922339999999816428e+03 4.493542313575744629e-01 2.282481826841831207e-02
4.923819999999815991e+03 4.280137419700622559e-01 2.264607325196266174e-02
4.925299999999815554e+03 4.233674407005310059e-01 2.268822304904460907e-02
4.926779999999815118e+03 4.212358295917510986e-01 2.297896891832351685e-02
4.928259999999814681e+03 4.233109056949615479e-01 2.282169274985790253e-02
4.929739999999814245e+03 4.296418428421020508e-01 2.289803698658943176e-02
4.931219999999813808e+03 4.368472099304199219e-01 2.303598634898662567e-02
4.932699999999813372e+03 4.000985026359558105e-01 2.220696769654750824e-02
4.934179999999812935e+03 4.152954518795013428e-01 2.255380712449550629e-02
4.935659999999812499e+03 3.939472436904907227e-01 2.220830135047435760e-02
4.937139999999812062e+03 4.369404911994934082e-01 2.241839841008186340e-02
4.938619999999811625e+03 4.155666232109069824e-01 2.202045172452926636e-02
4.940099999999811189e+03 4.272661805152893066e-01 2.268577180802822113e-02
4.941579999999810752e+03 4.493963718414306641e-01 2.323076874017715454e-02
4.943059999999810316e+03 4.030586183071136475e-01 2.279981970787048340e-02
4.944539999999809879e+03 4.064145088195800781e-01 2.244086563587188721e-02
4.946019999999809443e+03 3.888228237628936768e-01 2.217155694961547852e-02
4.947499999999809006e+03 4.065448045730590820e-01 2.253268845379352570e-02
4.948979999999808570e+03 4.584010541439056396e-01 2.345576696097850800e-02
4.950459999999808133e+03 4.479945898056030273e-01 2.306262776255607605e-02
4.951939999999807696e+03 4.150443673133850098e-01 2.270871773362159729e-02
4.953419999999807260e+03 4.415659308433532715e-01 2.297726087272167206e-02
4.954899999999806823e+03 4.299489259719848633e-01 2.249985933303833008e-02
4.956379999999806387e+03 4.203838706016540527e-01 2.197107300162315369e-02
4.957859999999805950e+03 4.225835800170898438e-01 2.200470864772796631e-02
4.959339999999805514e+03 3.907856345176696777e-01 2.204382978379726410e-02
4.960819999999805077e+03 4.060019850730895996e-01 2.234529145061969757e-02
4.962299999999804641e+03 4.348729252815246582e-01 2.295810170471668243e-02
4.963779999999804204e+03 3.916960358619689941e-01 2.219284139573574066e-02
4.965259999999803767e+03 4.320324659347534180e-01 2.245995029807090759e-02
4.966739999999803331e+03 4.214292168617248535e-01 2.251420542597770691e-02
4.968219999999802894e+03 4.441231787204742432e-01 2.290951088070869446e-02
4.969699999999802458e+03 4.358144402503967285e-01 2.239619754254817963e-02
4.971179999999802021e+03 4.075005352497100830e-01 2.221833914518356323e-02
4.972659999999801585e+03 4.228316843509674072e-01 2.260939963161945343e-02
4.974139999999801148e+03 4.210353195667266846e-01 2.254723198711872101e-02
4.975619999999800712e+03 4.356667101383209229e-01 2.279450185596942902e-02
4.977099999999800275e+03 4.313052296638488770e-01 2.243472076952457428e-02
4.978579999999799838e+03 4.084522724151611328e-01 2.209219150245189667e-02
4.980059999999799402e+03 4.595554471015930176e-01 2.256081439554691315e-02
4.981539999999798965e+03 4.780037999153137207e-01 2.255406230688095093e-02
4.983019999999798529e+03 5.452288985252380371e-01 2.332084812223911285e-02
4.984499999999798092e+03 5.080106854438781738e-01 2.281427010893821716e-02
4.985979999999797656e+03 4.534715414047241211e-01 2.260290458798408508e-02
4.987459999999797219e+03 4.286764860153198242e-01 2.253649942576885223e-02
4.988939999999796783e+03 4.679614603519439697e-01 2.290688827633857727e-02
4.990419999999796346e+03 4.285444021224975586e-01 2.224126271903514862e-02
4.991899999999795909e+03 4.132319986820220947e-01 2.202594093978404999e-02
4.993379999999795473e+03 4.367343187332153320e-01 2.244499884545803070e-02
4.994859999999795036e+03 4.325346052646636963e-01 2.249368466436862946e-02
4.996339999999794600e+03 4.358050227165222168e-01 2.235190011560916901e-02
4.997819999999794163e+03 4.379616975784301758e-01 2.220560982823371887e-02
4.999299999999793727e+03 4.208752214908599854e-01 2.203120477497577667e-02
5.000779999999793290e+03 4.265280365943908691e-01 2.191143482923507690e-02
5.002259999999792853e+03 4.265049695968627930e-01 2.216400764882564545e-02
5.003739999999792417e+03 4.353872537612915039e-01 2.222613431513309479e-02
5.005219999999791980e+03 4.112439155578613281e-01 2.144955657422542572e-02
5.006699999999791544e+03 3.993266224861145020e-01 2.154548093676567078e-02
5.008179999999791107e+03 4.414168596267700195e-01 2.229699678719043732e-02
5.009659999999790671e+03 4.580330848693847656e-01 2.254136651754379272e-02
5.011139999999790234e+03 4.708420038223266602e-01 2.262290194630622864e-02
5.012619999999789798e+03 4.229985177516937256e-01 2.166125364601612091e-02
5.014099999999789361e+03 4.389137029647827148e-01 2.179531566798686981e-02
5.015579999999788924e+03 4.015936255455017090e-01 2.137653902173042297e-02
5.017059999999788488e+03 4.104813933372497559e-01 2.144539915025234222e-02
5.018539999999788051e+03 3.760416507720947266e-01 2.108878269791603088e-02
5.020019999999787615e+03 4.115721285343170166e-01 2.162000164389610291e-02
5.021499999999787178e+03 4.288372397422790527e-01 2.189808525145053864e-02
5.022979999999786742e+03 3.920089900493621826e-01 2.127725072205066681e-02
5.024459999999786305e+03 3.918890357017517090e-01 2.136800438165664673e-02
5.025939999999785869e+03 4.021450281143188477e-01 2.141176350414752960e-02
5.027419999999785432e+03 4.229701161384582520e-01 2.166835777461528778e-02
5.028899999999784995e+03 4.930452108383178711e-01 2.280511893332004547e-02
5.030379999999784559e+03 8.145690560340881348e-01 2.672895416617393494e-02
5.031859999999784122e+03 8.187102079391479492e-01 2.690566144883632660e-02
5.033339999999783686e+03 5.936866998672485352e-01 2.419926412403583527e-02
5.034819999999783249e+03 4.156475961208343506e-01 2.161632478237152100e-02
5.036299999999782813e+03 3.819904029369354248e-01 2.092286385595798492e-02
5.037779999999782376e+03 4.342976510524749756e-01 2.176308445632457733e-02
5.039259999999781940e+03 4.337633848190307617e-01 2.139241993427276611e-02
5.040739999999781503e+03 3.973232805728912354e-01 2.071489766240119934e-02
5.042219999999781066e+03 4.095915853977203369e-01 2.135626599192619324e-02
5.043699999999780630e+03 4.026856422424316406e-01 2.154513821005821228e-02
5.045179999999780193e+03 4.049047231674194336e-01 2.167806215584278107e-02
5.046659999999779757e+03 4.360401034355163574e-01 2.205937728285789490e-02
5.048139999999779320e+03 4.052938520908355713e-01 2.128196135163307190e-02
5.049619999999778884e+03 4.318193197250366211e-01 2.151743508875370026e-02
5.051099999999778447e+03 4.747651815414428711e-01 2.242925018072128296e-02
5.052579999999778011e+03 3.866004943847656250e-01 2.122639492154121399e-02
5.054059999999777574e+03 4.223566055297851562e-01 2.187443710863590240e-02
5.055539999999777137e+03 4.193402528762817383e-01 2.162824384868144989e-02
5.057019999999776701e+03 4.560405015945434570e-01 2.230632677674293518e-02
5.058499999999776264e+03 3.949466347694396973e-01 2.141447179019451141e-02
5.059979999999775828e+03 4.056586623191833496e-01 2.168422937393188477e-02
5.061459999999775391e+03 4.172863364219665527e-01 2.195157855749130249e-02
5.062939999999774955e+03 3.985676765441894531e-01 2.139030955731868744e-02
5.064419999999774518e+03 3.935863673686981201e-01 2.096320316195487976e-02
5.065899999999774082e+03 4.060997366905212402e-01 2.139851823449134827e-02
5.067379999999773645e+03 4.149309992790222168e-01 2.150287665426731110e-02
5.068859999999773208e+03 4.362506866455078125e-01 2.166915498673915863e-02
5.070339999999772772e+03 4.378633201122283936e-01 2.187150344252586365e-02
5.071819999999772335e+03 4.204538464546203613e-01 2.155056782066822052e-02
5.073299999999771899e+03 4.027236700057983398e-01 2.119111083447933197e-02
5.074779999999771462e+03 4.006710648536682129e-01 2.121855691075325012e-02
5.076259999999771026e+03 4.158124327659606934e-01 2.139739878475666046e-02
5.077739999999770589e+03 4.145459532737731934e-01 2.121825888752937317e-02
5.079219999999770152e+03 4.030385613441467285e-01 2.079943194985389709e-02
5.080699999999769716e+03 4.157786369323730469e-01 2.112095430493354797e-02
5.082179999999769279e+03 4.318101406097412109e-01 2.144456095993518829e-02
5.083659999999768843e+03 4.148736298084259033e-01 2.137033082544803619e-02
5.085139999999768406e+03 4.302500784397125244e-01 2.167919464409351349e-02
5.086619999999767970e+03 4.336665868759155273e-01 2.173881977796554565e-02
5.088099999999767533e+03 4.048904776573181152e-01 2.137433178722858429e-02
5.089579999999767097e+03 3.989363312721252441e-01 2.131385542452335358e-02
5.091059999999766660e+03 3.926824033260345459e-01 2.124959789216518402e-02
5.092539999999766223e+03 4.338253736495971680e-01 2.179986983537673950e-02
5.094019999999765787e+03 3.893522918224334717e-01 2.126412279903888702e-02
5.095499999999765350e+03 4.131582379341125488e-01 2.126747183501720428e-02
5.096979999999764914e+03 4.031117558479309082e-01 2.072015218436717987e-02
5.098459999999764477e+03 3.871364593505859375e-01 2.047413215041160583e-02
5.099939999999764041e+03 4.218521118164062500e-01 2.125621959567070007e-02
5.101419999999763604e+03 4.363575577735900879e-01 2.168353460729122162e-02
5.102899999999763168e+03 3.845630586147308350e-01 2.112085744738578796e-02
5.104379999999762731e+03 3.957979381084442139e-01 2.103442139923572540e-02
5.105859999999762294e+03 4.129395484924316406e-01 2.111183479428291321e-02
5.107339999999761858e+03 4.106359481811523438e-01 2.096821367740631104e-02
5.108819999999761421e+03 4.063155353069305420e-01 2.088085561990737915e-02
5.110299999999760985e+03 4.214670658111572266e-01 2.127926796674728394e-02
5.111779999999760548e+03 4.023411571979522705e-01 2.125068381428718567e-02
5.113259999999760112e+03 4.169598221778869629e-01 2.159416675567626953e-02
5.114739999999759675e+03 4.189636707305908203e-01 2.145710214972496033e-02
5.116219999999759239e+03 4.424074888229370117e-01 2.176272124052047729e-02
5.117699999999758802e+03 4.089659154415130615e-01 2.135154604911804199e-02
5.119179999999758365e+03 4.126623868942260742e-01 2.135876566171646118e-02
5.120659999999757929e+03 4.129878282546997070e-01 2.115127630531787872e-02
5.122139999999757492e+03 4.169484972953796387e-01 2.106527611613273621e-02
5.123619999999757056e+03 3.997543156147003174e-01 2.080562338232994080e-02
5.125099999999756619e+03 4.245815575122833252e-01 2.095778286457061768e-02
5.126579999999756183e+03 4.203393161296844482e-01 2.098160609602928162e-02
5.128059999999755746e+03 4.254282116889953613e-01 2.109776996076107025e-02
5.129539999999755310e+03 4.293586611747741699e-01 2.119283750653266907e-02
5.131019999999754873e+03 4.029628038406372070e-01 2.078061923384666443e-02
5.132499999999754436e+03 4.090172648429870605e-01 2.094896882772445679e-02
5.133979999999754000e+03 4.217623174190521240e-01 2.120026387274265289e-02
5.135459999999753563e+03 4.158591628074645996e-01 2.106631733477115631e-02
5.136939999999753127e+03 3.951077461242675781e-01 2.049650251865386963e-02
5.138419999999752690e+03 4.226262569427490234e-01 2.091113850474357605e-02
5.139899999999752254e+03 3.946959972381591797e-01 2.046918310225009918e-02
5.141379999999751817e+03 4.308900833129882812e-01 2.086865343153476715e-02
5.142859999999751381e+03 4.385497570037841797e-01 2.104940824210643768e-02
5.144339999999750944e+03 4.287083745002746582e-01 2.100459299981594086e-02
5.145819999999750507e+03 4.226327538490295410e-01 2.093341946601867676e-02
5.147299999999750071e+03 3.970119357109069824e-01 2.052122540771961212e-02
5.148779999999749634e+03 4.021774232387542725e-01 2.075025998055934906e-02
5.150259999999749198e+03 4.025590419769287109e-01 2.068324014544487000e-02
5.151739999999748761e+03 4.387074112892150879e-01 2.120125479996204376e-02
5.153219999999748325e+03 3.991789817810058594e-01 2.050432749092578888e-02
5.154699999999747888e+03 4.002500772476196289e-01 2.053035981953144073e-02
5.156179999999747452e+03 4.238314628601074219e-01 2.101968042552471161e-02
5.157659999999747015e+03 3.925237059593200684e-01 2.069335430860519409e-02
5.159139999999746578e+03 3.812795281410217285e-01 2.046934328973293304e-02
5.160619999999746142e+03 4.235867559909820557e-01 2.100327052175998688e-02
5.162099999999745705e+03 4.281035661697387695e-01 2.086887881159782410e-02
5.163579999999745269e+03 4.292573034763336182e-01 2.078429795801639557e-02
5.165059999999744832e+03 4.181817471981048584e-01 2.004530839622020721e-02
5.166539999999744396e+03 4.124374091625213623e-01 1.953784935176372528e-02
5.168019999999743959e+03 4.171161055564880371e-01 1.964416168630123138e-02
5.169499999999743522e+03 3.831876814365386963e-01 1.964965648949146271e-02
5.170979999999743086e+03 4.046620428562164307e-01 1.954331248998641968e-02
5.172459999999742649e+03 3.960109651088714600e-01 1.928672380745410919e-02
5.173939999999742213e+03 3.863445520401000977e-01 2.001014538109302521e-02
5.175419999999741776e+03 4.138944149017333984e-01 2.076184190809726715e-02
5.176899999999741340e+03 4.001652598381042480e-01 2.063391730189323425e-02
5.178379999999740903e+03 3.976722955703735352e-01 2.044573612511157990e-02
5.179859999999740467e+03 4.010286033153533936e-01 2.036280184984207153e-02
5.181339999999740030e+03 4.270859956741333008e-01 2.000553347170352936e-02
5.182819999999739593e+03 4.168722033500671387e-01 1.929252594709396362e-02
5.184299999999739157e+03 4.050346910953521729e-01 1.957507990300655365e-02
5.185779999999738720e+03 3.884988427162170410e-01 2.012106776237487793e-02
5.187259999999738284e+03 3.836198747158050537e-01 2.012883499264717102e-02
5.188739999999737847e+03 3.842721283435821533e-01 2.018305473029613495e-02
5.190219999999737411e+03 4.231034517288208008e-01 2.052483521401882172e-02
5.191699999999736974e+03 3.928813338279724121e-01 1.992576941847801208e-02
5.193179999999736538e+03 3.732165992259979248e-01 1.969069615006446838e-02
5.194659999999736101e+03 3.916926980018615723e-01 1.999462582170963287e-02
5.196139999999735664e+03 4.008741974830627441e-01 2.030995301902294159e-02
5.197619999999735228e+03 4.027640223503112793e-01 2.067610062658786774e-02
5.199099999999734791e+03 4.172661900520324707e-01 2.086279168725013733e-02
5.200579999999734355e+03 4.217979907989501953e-01 2.075853385031223297e-02
5.202059999999733918e+03 3.947325944900512695e-01 2.046372182667255402e-02
5.203539999999733482e+03 3.801347613334655762e-01 1.990949735045433044e-02
5.205019999999733045e+03 4.152985215187072754e-01 2.017457969486713409e-02
5.206499999999732609e+03 3.987627029418945312e-01 1.996770873665809631e-02
5.207979999999732172e+03 3.685333132743835449e-01 1.948967017233371735e-02
5.209459999999731735e+03 3.891565799713134766e-01 2.004032954573631287e-02
5.210939999999731299e+03 3.983003497123718262e-01 2.041751332581043243e-02
5.212419999999730862e+03 3.681923151016235352e-01 2.006861940026283264e-02
5.213899999999730426e+03 3.979709744453430176e-01 2.028364129364490509e-02
5.215379999999729989e+03 3.856132328510284424e-01 1.992525346577167511e-02
5.216859999999729553e+03 3.987569212913513184e-01 2.015000209212303162e-02
5.218339999999729116e+03 3.371888995170593262e-01 1.939082890748977661e-02
5.219819999999728680e+03 3.886353373527526855e-01 2.011613734066486359e-02
5.221299999999728243e+03 3.761526942253112793e-01 2.002074755728244781e-02
5.222779999999727806e+03 4.147171974182128906e-01 2.046192996203899384e-02
5.224259999999727370e+03 4.176681637763977051e-01 2.034757286310195923e-02
5.225739999999726933e+03 4.011945724487304688e-01 1.966785453259944916e-02
5.227219999999726497e+03 4.051597714424133301e-01 1.987421698868274689e-02
5.228699999999726060e+03 3.600351810455322266e-01 1.959628239274024963e-02
5.230179999999725624e+03 3.629767894744873047e-01 1.967109926044940948e-02
5.231659999999725187e+03 3.909147381782531738e-01 1.985251717269420624e-02
5.233139999999724751e+03 3.860110044479370117e-01 1.963998563587665558e-02
5.234619999999724314e+03 3.982326090335845947e-01 2.008288726210594177e-02
5.236099999999723877e+03 4.090228676795959473e-01 2.046957798302173615e-02
5.237579999999723441e+03 3.983534276485443115e-01 2.031718939542770386e-02
5.239059999999723004e+03 3.964228332042694092e-01 2.030499652028083801e-02
5.240539999999722568e+03 3.819459974765777588e-01 2.003045938909053802e-02
5.242019999999722131e+03 3.638638257980346680e-01 1.967772655189037323e-02
5.243499999999721695e+03 3.812734484672546387e-01 2.001647651195526123e-02
5.244979999999721258e+03 3.936399817466735840e-01 2.013615705072879791e-02
5.246459999999720822e+03 4.098292589187622070e-01 2.016207389533519745e-02
5.247939999999720385e+03 3.617586493492126465e-01 1.953879743814468384e-02
5.249419999999719948e+03 3.853292167186737061e-01 1.965523511171340942e-02
5.250899999999719512e+03 3.970879018306732178e-01 2.002020552754402161e-02
5.252379999999719075e+03 3.613747954368591309e-01 1.949232444167137146e-02
5.253859999999718639e+03 3.792316019535064697e-01 1.971881277859210968e-02
5.255339999999718202e+03 3.849556744098663330e-01 1.997420191764831543e-02
5.256819999999717766e+03 3.705447912216186523e-01 1.990776136517524719e-02
5.258299999999717329e+03 3.690684735774993896e-01 1.984766684472560883e-02
5.259779999999716892e+03 3.908066451549530029e-01 1.982340961694717407e-02
5.261259999999716456e+03 3.987867236137390137e-01 1.978163979947566986e-02
5.262739999999716019e+03 4.013110995292663574e-01 1.952018216252326965e-02
5.264219999999715583e+03 3.714800179004669189e-01 1.883598975837230682e-02
5.265699999999715146e+03 4.123803973197937012e-01 1.952338963747024536e-02
5.267179999999714710e+03 4.348662495613098145e-01 1.977263204753398895e-02
5.268659999999714273e+03 4.007675647735595703e-01 1.909931004047393799e-02
5.270139999999713837e+03 3.720035552978515625e-01 1.893289014697074890e-02
5.271619999999713400e+03 3.805003762245178223e-01 1.946514844894409180e-02
5.273099999999712963e+03 3.835723698139190674e-01 1.954877749085426331e-02
5.274579999999712527e+03 3.998321592807769775e-01 1.964407972991466522e-02
5.276059999999712090e+03 4.294217824935913086e-01 2.035285532474517822e-02
5.277539999999711654e+03 3.872280716896057129e-01 1.982005499303340912e-02
5.279019999999711217e+03 3.731414675712585449e-01 1.963886059820652008e-02
5.280499999999710781e+03 3.830029964447021484e-01 1.946441084146499634e-02
5.281979999999710344e+03 3.868093490600585938e-01 1.940377987921237946e-02
5.283459999999709908e+03 3.890960812568664551e-01 1.956387050449848175e-02
5.284939999999709471e+03 3.698862493038177490e-01 1.948248781263828278e-02
5.286419999999709034e+03 3.946111202239990234e-01 2.006845548748970032e-02
5.287899999999708598e+03 3.832455277442932129e-01 1.999061740934848785e-02
5.289379999999708161e+03 3.793857097625732422e-01 1.979653537273406982e-02
5.290859999999707725e+03 3.870503306388854980e-01 2.003711648285388947e-02
5.292339999999707288e+03 3.958114385604858398e-01 2.001110836863517761e-02
5.293819999999706852e+03 3.890905976295471191e-01 1.990096829831600189e-02
5.295299999999706415e+03 3.927271962165832520e-01 1.972184702754020691e-02
5.296779999999705979e+03 3.974859118461608887e-01 1.937064900994300842e-02
5.298259999999705542e+03 4.088352322578430176e-01 1.963676512241363525e-02
5.299739999999705105e+03 3.687051534652709961e-01 1.930917426943778992e-02
5.301219999999704669e+03 3.512770235538482666e-01 1.904570683836936951e-02
5.302699999999704232e+03 3.457012772560119629e-01 1.901547797024250031e-02
5.304179999999703796e+03 3.517681956291198730e-01 1.927293837070465088e-02
5.305659999999703359e+03 3.920372128486633301e-01 1.993855461478233337e-02
5.307139999999702923e+03 3.900425434112548828e-01 1.979250833392143250e-02
5.308619999999702486e+03 3.980842232704162598e-01 1.997567899525165558e-02
5.310099999999702050e+03 3.939099907875061035e-01 2.002433501183986664e-02
5.311579999999701613e+03 3.799744248390197754e-01 1.972283609211444855e-02
5.313059999999701176e+03 4.102543592453002930e-01 2.005034685134887695e-02
5.314539999999700740e+03 4.354051351547241211e-01 2.019510045647621155e-02
5.316019999999700303e+03 3.710155487060546875e-01 1.926718652248382568e-02
5.317499999999699867e+03 3.834629058837890625e-01 1.957289874553680420e-02
5.318979999999699430e+03 3.706365227699279785e-01 1.947164535522460938e-02
5.320459999999698994e+03 3.855504393577575684e-01 1.972897723317146301e-02
5.321939999999698557e+03 3.729678094387054443e-01 1.935802958905696869e-02
5.323419999999698121e+03 3.838434815406799316e-01 1.932409591972827911e-02
5.324899999999697684e+03 3.796024918556213379e-01 1.928488165140151978e-02
5.326379999999697247e+03 3.709135651588439941e-01 1.896935701370239258e-02
5.327859999999696811e+03 3.613150119781494141e-01 1.865904778242111206e-02
5.329339999999696374e+03 3.679099678993225098e-01 1.911920867860317230e-02
5.330819999999695938e+03 3.940158486366271973e-01 1.964498311281204224e-02
5.332299999999695501e+03 3.918156325817108154e-01 1.958354748785495758e-02
5.333779999999695065e+03 3.824104368686676025e-01 1.951989345252513885e-02
5.335259999999694628e+03 3.900562226772308350e-01 1.974455080926418304e-02
5.336739999999694192e+03 4.043593108654022217e-01 1.981878653168678284e-02
5.338219999999693755e+03 4.001173973083496094e-01 1.960708573460578918e-02
5.339699999999693318e+03 3.852040469646453857e-01 1.932667568325996399e-02
5.341179999999692882e+03 3.705316185951232910e-01 1.912353932857513428e-02
5.342659999999692445e+03 3.745870590209960938e-01 1.940767653286457062e-02
5.344139999999692009e+03 3.773332834243774414e-01 1.936095021665096283e-02
5.345619999999691572e+03 3.766158223152160645e-01 1.933823712170124054e-02
5.347099999999691136e+03 3.898800015449523926e-01 1.943819038569927216e-02
5.348579999999690699e+03 3.723074197769165039e-01 1.921663805842399597e-02
5.350059999999690262e+03 3.513376712799072266e-01 1.897583343088626862e-02
5.351539999999689826e+03 4.049004912376403809e-01 1.978923380374908447e-02
5.353019999999689389e+03 3.646740317344665527e-01 1.918048784136772156e-02
5.354499999999688953e+03 3.610731959342956543e-01 1.915889605879783630e-02
5.355979999999688516e+03 3.639196157455444336e-01 1.931797526776790619e-02
5.357459999999688080e+03 3.753775358200073242e-01 1.947107352316379547e-02
5.358939999999687643e+03 3.573778867721557617e-01 1.921781711280345917e-02
5.360419999999687207e+03 3.742123842239379883e-01 1.941596902906894684e-02
5.361899999999686770e+03 3.871552348136901855e-01 1.941469870507717133e-02
5.363379999999686333e+03 3.713523745536804199e-01 1.907633058726787567e-02
5.364859999999685897e+03 3.600344061851501465e-01 1.895109377801418304e-02
5.366339999999685460e+03 4.036673903465270996e-01 1.946662738919258118e-02
5.367819999999685024e+03 3.658255636692047119e-01 1.889190077781677246e-02
5.369299999999684587e+03 3.728258907794952393e-01 1.881624571979045868e-02
5.370779999999684151e+03 3.807312250137329102e-01 1.877771317958831787e-02
5.372259999999683714e+03 3.630109131336212158e-01 1.871378719806671143e-02
5.373739999999683278e+03 3.868042230606079102e-01 1.939345896244049072e-02
5.375219999999682841e+03 3.991130888462066650e-01 1.955720409750938416e-02
5.376699999999682404e+03 3.740243911743164062e-01 1.914224587380886078e-02
5.378179999999681968e+03 4.051732420921325684e-01 1.952526159584522247e-02
5.379659999999681531e+03 3.859567344188690186e-01 1.931099593639373779e-02
5.381139999999681095e+03 3.534154295921325684e-01 1.869803108274936676e-02
5.382619999999680658e+03 3.743155598640441895e-01 1.905747875571250916e-02
5.384099999999680222e+03 3.805108368396759033e-01 1.921950094401836395e-02
5.385579999999679785e+03 3.487298488616943359e-01 1.892830617725849152e-02
5.387059999999679349e+03 3.562719523906707764e-01 1.894381456077098846e-02
5.388539999999678912e+03 3.847164511680603027e-01 1.917174644768238068e-02
5.390019999999678475e+03 3.893789350986480713e-01 1.920728385448455811e-02
5.391499999999678039e+03 3.795832395553588867e-01 1.891112886369228363e-02
5.392979999999677602e+03 3.784378767013549805e-01 1.894250698387622833e-02
5.394459999999677166e+03 3.788170814514160156e-01 1.903894916176795959e-02
5.395939999999676729e+03 3.575820326805114746e-01 1.835830882191658020e-02
5.397419999999676293e+03 3.766906857490539551e-01 1.877601817250251770e-02
5.398899999999675856e+03 3.662490248680114746e-01 1.874190382659435272e-02
5.400379999999675420e+03 3.794705867767333984e-01 1.898976229131221771e-02
5.401859999999674983e+03 3.709662556648254395e-01 1.883239671587944031e-02
5.403339999999674546e+03 3.572077751159667969e-01 1.844028756022453308e-02
5.404819999999674110e+03 3.365774750709533691e-01 1.798990555107593536e-02
5.406299999999673673e+03 3.730427622795104980e-01 1.882426068186759949e-02
5.407779999999673237e+03 3.638504445552825928e-01 1.874703168869018555e-02
5.409259999999672800e+03 3.506584167480468750e-01 1.838216558098793030e-02
5.410739999999672364e+03 3.234327137470245361e-01 1.816235296428203583e-02
5.412219999999671927e+03 3.435983657836914062e-01 1.851848140358924866e-02
5.413699999999671491e+03 3.677945733070373535e-01 1.876119524240493774e-02
5.415179999999671054e+03 3.638506531715393066e-01 1.869526505470275879e-02
5.416659999999670617e+03 3.418359160423278809e-01 1.853406615555286407e-02
5.418139999999670181e+03 3.417339324951171875e-01 1.855538412928581238e-02
5.419619999999669744e+03 3.686614930629730225e-01 1.877762936055660248e-02
5.421099999999669308e+03 3.616083860397338867e-01 1.855775713920593262e-02
5.422579999999668871e+03 3.378893435001373291e-01 1.823290437459945679e-02
5.424059999999668435e+03 3.523960709571838379e-01 1.839143969118595123e-02
5.425539999999667998e+03 3.469715416431427002e-01 1.855973899364471436e-02
5.427019999999667561e+03 3.474140763282775879e-01 1.855061575770378113e-02
5.428499999999667125e+03 3.301706314086914062e-01 1.811433024704456329e-02
5.429979999999666688e+03 3.526837229728698730e-01 1.847070083022117615e-02
5.431459999999666252e+03 3.395350575447082520e-01 1.830615103244781494e-02
5.432939999999665815e+03 3.513759672641754150e-01 1.842888817191123962e-02
5.434419999999665379e+03 3.583161532878875732e-01 1.835374720394611359e-02
5.435899999999664942e+03 3.513643741607666016e-01 1.842514611780643463e-02
5.437379999999664506e+03 3.548830747604370117e-01 1.859843917191028595e-02
5.438859999999664069e+03 3.769592940807342529e-01 1.902229711413383484e-02
5.440339999999663632e+03 3.497381210327148438e-01 1.872439682483673096e-02
5.441819999999663196e+03 3.562432527542114258e-01 1.865234412252902985e-02
5.443299999999662759e+03 3.672849833965301514e-01 1.858292520046234131e-02
5.444779999999662323e+03 3.719125390052795410e-01 1.856861449778079987e-02
5.446259999999661886e+03 3.430139422416687012e-01 1.798522472381591797e-02
5.447739999999661450e+03 3.569470643997192383e-01 1.843383535742759705e-02
5.449219999999661013e+03 3.674814105033874512e-01 1.869953796267509460e-02
5.450699999999660577e+03 3.639907240867614746e-01 1.871064119040966034e-02
5.452179999999660140e+03 3.419746756553649902e-01 1.848856173455715179e-02
5.453659999999659703e+03 3.411348760128021240e-01 1.809893362224102020e-02
5.455139999999659267e+03 3.519942760467529297e-01 1.829637400805950165e-02
5.456619999999658830e+03 3.451291322708129883e-01 1.828001253306865692e-02
5.458099999999658394e+03 3.645709753036499023e-01 1.879565231502056122e-02
5.459579999999657957e+03 3.502154350280761719e-01 1.853413693606853485e-02
5.461059999999657521e+03 3.668168187141418457e-01 1.863379217684268951e-02
5.462539999999657084e+03 3.681446909904479980e-01 1.841393113136291504e-02
5.464019999999656648e+03 3.542575836181640625e-01 1.827767677605152130e-02
5.465499999999656211e+03 3.810309469699859619e-01 1.876162178814411163e-02
5.466979999999655774e+03 3.624706864356994629e-01 1.857929676771163940e-02
5.468459999999655338e+03 3.617594242095947266e-01 1.854292489588260651e-02
5.469939999999654901e+03 3.764259219169616699e-01 1.880142092704772949e-02
5.471419999999654465e+03 3.724201619625091553e-01 1.873482577502727509e-02
5.472899999999654028e+03 3.433888554573059082e-01 1.813860982656478882e-02
5.474379999999653592e+03 3.412376642227172852e-01 1.799159869551658630e-02
5.475859999999653155e+03 3.443620204925537109e-01 1.786740496754646301e-02
5.477339999999652719e+03 3.474133908748626709e-01 1.789094880223274231e-02
5.478819999999652282e+03 3.466035127639770508e-01 1.810600236058235168e-02
5.480299999999651845e+03 3.419312536716461182e-01 1.806491613388061523e-02
5.481779999999651409e+03 3.494741916656494141e-01 1.819903217256069183e-02
5.483259999999650972e+03 3.454807400703430176e-01 1.827498525381088257e-02
5.484739999999650536e+03 3.636688590049743652e-01 1.869264245033264160e-02
5.486219999999650099e+03 3.392952084541320801e-01 1.821663603186607361e-02
5.487699999999649663e+03 3.510583043098449707e-01 1.821577176451683044e-02
5.489179999999649226e+03 3.421685397624969482e-01 1.832193881273269653e-02
5.490659999999648790e+03 3.420167565345764160e-01 1.828183233737945557e-02
5.492139999999648353e+03 3.473898470401763916e-01 1.823413372039794922e-02
5.493619999999647916e+03 3.236967027187347412e-01 1.793538965284824371e-02
5.495099999999647480e+03 3.336720466613769531e-01 1.802421361207962036e-02
5.496579999999647043e+03 3.565141558647155762e-01 1.836249791085720062e-02
5.498059999999646607e+03 3.697451949119567871e-01 1.854884065687656403e-02
5.499539999999646170e+03 3.638684749603271484e-01 1.835473813116550446e-02
5.501019999999645734e+03 3.565634787082672119e-01 1.823961175978183746e-02
5.502499999999645297e+03 3.407436311244964600e-01 1.807025261223316193e-02
5.503979999999644861e+03 3.375408947467803955e-01 1.794278062880039215e-02
5.505459999999644424e+03 3.246842920780181885e-01 1.774139143526554108e-02
5.506939999999643987e+03 3.520129919052124023e-01 1.820064149796962738e-02
5.508419999999643551e+03 3.646451234817504883e-01 1.828013360500335693e-02
5.509899999999643114e+03 3.715140521526336670e-01 1.849397644400596619e-02
5.511379999999642678e+03 3.574877679347991943e-01 1.815331727266311646e-02
5.512859999999642241e+03 3.410450220108032227e-01 1.790788955986499786e-02
5.514339999999641805e+03 3.817106485366821289e-01 1.853753440082073212e-02
5.515819999999641368e+03 3.501632809638977051e-01 1.821352355182170868e-02
5.517299999999640931e+03 3.374635577201843262e-01 1.803373359143733978e-02
5.518779999999640495e+03 3.395218551158905029e-01 1.811315119266510010e-02
5.520259999999640058e+03 3.315791487693786621e-01 1.803395338356494904e-02
5.521739999999639622e+03 3.685221672058105469e-01 1.850765570998191833e-02
5.523219999999639185e+03 3.589076995849609375e-01 1.833516545593738556e-02
5.524699999999638749e+03 3.328096568584442139e-01 1.800615526735782623e-02
5.526179999999638312e+03 3.601022362709045410e-01 1.808849535882472992e-02
5.527659999999637876e+03 3.303764164447784424e-01 1.760798320174217224e-02
5.529139999999637439e+03 3.466856777667999268e-01 1.801750622689723969e-02
5.530619999999637002e+03 3.716269731521606445e-01 1.844836212694644928e-02
5.532099999999636566e+03 3.387697041034698486e-01 1.794630102813243866e-02
5.533579999999636129e+03 3.344689607620239258e-01 1.786452345550060272e-02
5.535059999999635693e+03 3.282006978988647461e-01 1.776255480945110321e-02
5.536539999999635256e+03 3.421839475631713867e-01 1.795445568859577179e-02
5.538019999999634820e+03 3.367485404014587402e-01 1.791552826762199402e-02
5.539499999999634383e+03 3.363388776779174805e-01 1.795782707631587982e-02
5.540979999999633947e+03 3.301915228366851807e-01 1.785071007907390594e-02
5.542459999999633510e+03 3.328516185283660889e-01 1.787079870700836182e-02
5.543939999999633073e+03 3.602146804332733154e-01 1.817023567855358124e-02
5.545419999999632637e+03 3.726596832275390625e-01 1.836741529405117035e-02
5.546899999999632200e+03 3.795240521430969238e-01 1.837914995849132538e-02
5.548379999999631764e+03 3.792513012886047363e-01 1.852667890489101410e-02
5.549859999999631327e+03 3.637045323848724365e-01 1.841744966804981232e-02
5.551339999999630891e+03 3.345619440078735352e-01 1.783680543303489685e-02
5.552819999999630454e+03 3.542694449424743652e-01 1.804253458976745605e-02
5.554299999999630018e+03 3.501398563385009766e-01 1.803752407431602478e-02
5.555779999999629581e+03 3.350035548210144043e-01 1.779611036181449890e-02
5.557259999999629144e+03 3.494011759757995605e-01 1.793615520000457764e-02
5.558739999999628708e+03 3.456106185913085938e-01 1.794845797121524811e-02
5.560219999999628271e+03 3.388037383556365967e-01 1.790417544543743134e-02
5.561699999999627835e+03 3.425493240356445312e-01 1.786961406469345093e-02
5.563179999999627398e+03 3.255204856395721436e-01 1.764825731515884399e-02
5.564659999999626962e+03 3.349098265171051025e-01 1.780188828706741333e-02
5.566139999999626525e+03 3.275430798530578613e-01 1.763999089598655701e-02
5.567619999999626089e+03 3.458935320377349854e-01 1.781779713928699493e-02
5.569099999999625652e+03 3.203035891056060791e-01 1.753810793161392212e-02
5.570579999999625215e+03 3.450315594673156738e-01 1.788938231766223907e-02
5.572059999999624779e+03 3.522578179836273193e-01 1.778933033347129822e-02
5.573539999999624342e+03 3.169699013233184814e-01 1.770437695086002350e-02
5.575019999999623906e+03 3.146715462207794189e-01 2.420329116284847260e-02
5.576499999999623469e+03 3.787304461002349854e-01 2.937354519963264465e-02
5.577979999999623033e+03 3.727363944053649902e-01 2.652760408818721771e-02
5.579459999999622596e+03 2.945064306259155273e-01 1.842290721833705902e-02
5.580939999999622160e+03 3.148910403251647949e-01 1.752168312668800354e-02
5.582419999999621723e+03 3.279370963573455811e-01 1.754774898290634155e-02
5.583899999999621286e+03 3.475179970264434814e-01 1.784541457891464233e-02
5.585379999999620850e+03 3.638592362403869629e-01 1.777721568942070007e-02
5.586859999999620413e+03 3.262590467929840088e-01 1.717859506607055664e-02
5.588339999999619977e+03 3.320373594760894775e-01 1.739075593650341034e-02
5.589819999999619540e+03 3.333403468132019043e-01 1.741292513906955719e-02
5.591299999999619104e+03 3.372900485992431641e-01 1.757025159895420074e-02
5.592779999999618667e+03 3.434460759162902832e-01 1.744944788515567780e-02
5.594259999999618231e+03 3.477551341056823730e-01 1.760941557586193085e-02
5.595739999999617794e+03 3.433764278888702393e-01 1.767555437982082367e-02
5.597219999999617357e+03 3.306708633899688721e-01 1.756962575018405914e-02
5.598699999999616921e+03 3.297108709812164307e-01 1.733366400003433228e-02
5.600179999999616484e+03 3.378442823886871338e-01 1.747635006904602051e-02
5.601659999999616048e+03 3.451033830642700195e-01 1.746731251478195190e-02
5.603139999999615611e+03 3.601133525371551514e-01 1.785694062709808350e-02
5.604619999999615175e+03 3.564222455024719238e-01 1.813266985118389130e-02
5.606099999999614738e+03 3.236653506755828857e-01 1.770013757050037384e-02
5.607579999999614301e+03 3.319545388221740723e-01 1.769181713461875916e-02
5.609059999999613865e+03 3.171947598457336426e-01 1.743432879447937012e-02
5.610539999999613428e+03 3.177995979785919189e-01 1.752951741218566895e-02
5.612019999999612992e+03 3.437486290931701660e-01 1.783695816993713379e-02
5.613499999999612555e+03 3.375132679939270020e-01 1.748589985072612762e-02
5.614979999999612119e+03 3.141284584999084473e-01 1.701472885906696320e-02
5.616459999999611682e+03 3.271553218364715576e-01 1.728785596787929535e-02
5.617939999999611246e+03 3.443975150585174561e-01 1.765544340014457703e-02
5.619419999999610809e+03 3.373667597770690918e-01 1.767305471003055573e-02
5.620899999999610372e+03 3.288214802742004395e-01 1.754978112876415253e-02
5.622379999999609936e+03 3.511167168617248535e-01 1.774817332625389099e-02
5.623859999999609499e+03 3.596482872962951660e-01 1.778764091432094574e-02
5.625339999999609063e+03 3.431986570358276367e-01 1.757443323731422424e-02
5.626819999999608626e+03 3.293870091438293457e-01 1.739475131034851074e-02
5.628299999999608190e+03 3.260108828544616699e-01 1.750034280121326447e-02
5.629779999999607753e+03 3.252170085906982422e-01 1.751823909580707550e-02
5.631259999999607317e+03 3.372800648212432861e-01 1.762714050710201263e-02
5.632739999999606880e+03 3.363516926765441895e-01 1.755938306450843811e-02
5.634219999999606443e+03 3.141811192035675049e-01 1.720744557678699493e-02
5.635699999999606007e+03 3.301564753055572510e-01 1.731530204415321350e-02
5.637179999999605570e+03 3.154171109199523926e-01 1.709950901567935944e-02
5.638659999999605134e+03 3.124370574951171875e-01 1.713145337998867035e-02
5.640139999999604697e+03 3.470224738121032715e-01 1.759729534387588501e-02
5.641619999999604261e+03 3.323414325714111328e-01 1.742417365312576294e-02
5.643099999999603824e+03 3.338582515716552734e-01 1.744556799530982971e-02
5.644579999999603388e+03 3.339971005916595459e-01 1.742944680154323578e-02
5.646059999999602951e+03 3.224154710769653320e-01 1.731749251484870911e-02
5.647539999999602514e+03 3.332437872886657715e-01 1.740598864853382111e-02
5.649019999999602078e+03 3.182435631752014160e-01 1.712945289909839630e-02
5.650499999999601641e+03 3.157888948917388916e-01 1.714341156184673309e-02
5.651979999999601205e+03 3.166443109512329102e-01 1.714565418660640717e-02
5.653459999999600768e+03 3.296683132648468018e-01 1.723151840269565582e-02
5.654939999999600332e+03 3.318543136119842529e-01 1.722830161452293396e-02
5.656419999999599895e+03 3.310550153255462646e-01 1.710240170359611511e-02
5.657899999999599459e+03 3.342514038085937500e-01 1.707162521779537201e-02
5.659379999999599022e+03 3.298915624618530273e-01 1.709678769111633301e-02
5.660859999999598585e+03 3.337927460670471191e-01 1.717918552458286285e-02
5.662339999999598149e+03 3.111273646354675293e-01 1.690847612917423248e-02
5.663819999999597712e+03 3.275593519210815430e-01 1.720886118710041046e-02
5.665299999999597276e+03 3.368744552135467529e-01 1.740739867091178894e-02
5.666779999999596839e+03 3.192481696605682373e-01 1.705303974449634552e-02
5.668259999999596403e+03 3.105713129043579102e-01 1.692061498761177063e-02
5.669739999999595966e+03 3.055001497268676758e-01 1.691347733139991760e-02
5.671219999999595530e+03 3.211102783679962158e-01 1.714313402771949768e-02
5.672699999999595093e+03 3.434499502182006836e-01 1.755404286086559296e-02
5.674179999999594656e+03 3.260965943336486816e-01 1.720734126865863800e-02
5.675659999999594220e+03 3.092698156833648682e-01 1.686443202197551727e-02
5.677139999999593783e+03 3.022270798683166504e-01 1.687919907271862030e-02
5.678619999999593347e+03 3.001503944396972656e-01 1.687051169574260712e-02
5.680099999999592910e+03 3.100365996360778809e-01 1.693578809499740601e-02
5.681579999999592474e+03 3.148468732833862305e-01 1.695437543094158173e-02
5.683059999999592037e+03 3.177587091922760010e-01 1.687178015708923340e-02
5.684539999999591600e+03 3.141227066516876221e-01 1.684378460049629211e-02
5.686019999999591164e+03 3.231638669967651367e-01 1.708045415580272675e-02
5.687499999999590727e+03 3.320686221122741699e-01 1.715147495269775391e-02
5.688979999999590291e+03 3.097653985023498535e-01 1.679476350545883179e-02
5.690459999999589854e+03 3.141522407531738281e-01 1.703982427716255188e-02
5.691939999999589418e+03 3.113710880279541016e-01 1.701799407601356506e-02
5.693419999999588981e+03 3.200836479663848877e-01 1.706869900226593018e-02
5.694899999999588545e+03 3.293446898460388184e-01 1.725198514759540558e-02
5.696379999999588108e+03 3.230432868003845215e-01 1.707862503826618195e-02
5.697859999999587671e+03 3.408601284027099609e-01 1.747406274080276489e-02
5.699339999999587235e+03 3.271370530128479004e-01 1.721191778779029846e-02
5.700819999999586798e+03 3.091688454151153564e-01 1.683219335973262787e-02
5.702299999999586362e+03 3.154104948043823242e-01 1.697201468050479889e-02
5.703779999999585925e+03 3.226580023765563965e-01 1.709648780524730682e-02
5.705259999999585489e+03 3.050873279571533203e-01 1.676576212048530579e-02
5.706739999999585052e+03 3.177148401737213135e-01 1.684600301086902618e-02
5.708219999999584616e+03 3.329414129257202148e-01 1.700809039175510406e-02
5.709699999999584179e+03 3.235879838466644287e-01 1.680423691868782043e-02
5.711179999999583742e+03 3.272436857223510742e-01 1.695893891155719757e-02
5.712659999999583306e+03 3.054087758064270020e-01 1.686045341193675995e-02
5.714139999999582869e+03 3.245782256126403809e-01 1.704878360033035278e-02
5.715619999999582433e+03 3.337343633174896240e-01 1.726967655122280121e-02
5.717099999999581996e+03 3.273758888244628906e-01 1.714811101555824280e-02
5.718579999999581560e+03 3.290216922760009766e-01 1.717401668429374695e-02
5.720059999999581123e+03 3.160989582538604736e-01 1.702107861638069153e-02
5.721539999999580687e+03 3.199648857116699219e-01 1.716109737753868103e-02
5.723019999999580250e+03 3.107810616493225098e-01 1.703070849180221558e-02
5.724499999999579813e+03 3.225097358226776123e-01 1.722650229930877686e-02
5.725979999999579377e+03 3.313351273536682129e-01 1.723098196089267731e-02
5.727459999999578940e+03 3.249077796936035156e-01 1.719370484352111816e-02
5.728939999999578504e+03 3.178744316101074219e-01 1.704605668783187866e-02
5.730419999999578067e+03 3.112115561962127686e-01 1.691081933677196503e-02
5.731899999999577631e+03 3.218969106674194336e-01 1.704982295632362366e-02
5.733379999999577194e+03 3.429414629936218262e-01 1.740519888699054718e-02
5.734859999999576758e+03 3.310512304306030273e-01 1.720846816897392273e-02
5.736339999999576321e+03 2.905969619750976562e-01 1.656022295355796814e-02
5.737819999999575884e+03 3.070498108863830566e-01 1.686710491776466370e-02
5.739299999999575448e+03 2.941589355468750000e-01 1.668344624340534210e-02
5.740779999999575011e+03 3.004399836063385010e-01 1.671434752643108368e-02
5.742259999999574575e+03 2.939025759696960449e-01 1.652454026043415070e-02
5.743739999999574138e+03 3.151606917381286621e-01 1.697506010532379150e-02
5.745219999999573702e+03 3.235326409339904785e-01 1.699166931211948395e-02
5.746699999999573265e+03 3.320712447166442871e-01 1.709488593041896820e-02
5.748179999999572829e+03 3.103917241096496582e-01 1.679635792970657349e-02
5.749659999999572392e+03 3.253515064716339111e-01 1.703863777220249176e-02
5.751139999999571955e+03 2.891047596931457520e-01 1.647155918180942535e-02
5.752619999999571519e+03 2.901934683322906494e-01 1.630715467035770416e-02
5.754099999999571082e+03 3.052586317062377930e-01 1.656600460410118103e-02
5.755579999999570646e+03 3.103412389755249023e-01 1.676580496132373810e-02
5.757059999999570209e+03 2.939806580543518066e-01 1.658482849597930908e-02
5.758539999999569773e+03 3.054819703102111816e-01 1.672634854912757874e-02
5.760019999999569336e+03 3.080596923828125000e-01 1.669874973595142365e-02
5.761499999999568900e+03 2.810304760932922363e-01 1.619416661560535431e-02
5.762979999999568463e+03 3.104315400123596191e-01 1.657772809267044067e-02
5.764459999999568026e+03 3.085028529167175293e-01 1.671062782406806946e-02
5.765939999999567590e+03 2.854661941528320312e-01 1.648834906518459320e-02
5.767419999999567153e+03 2.877943217754364014e-01 1.647599413990974426e-02
5.768899999999566717e+03 2.928687930107116699e-01 1.659149490296840668e-02
5.770379999999566280e+03 2.908288538455963135e-01 1.647683791816234589e-02
5.771859999999565844e+03 3.206465244293212891e-01 1.683716475963592529e-02
5.773339999999565407e+03 3.120287358760833740e-01 1.663609035313129425e-02
5.774819999999564970e+03 3.149229586124420166e-01 1.676634699106216431e-02
5.776299999999564534e+03 2.880890667438507080e-01 1.641519367694854736e-02
5.777779999999564097e+03 3.166716098785400391e-01 1.688110455870628357e-02
5.779259999999563661e+03 3.341508209705352783e-01 1.697017624974250793e-02
5.780739999999563224e+03 2.978948652744293213e-01 1.639895699918270111e-02
5.782219999999562788e+03 2.841817140579223633e-01 1.619593612849712372e-02
5.783699999999562351e+03 3.177630305290222168e-01 1.654026471078395844e-02
5.785179999999561915e+03 3.195861876010894775e-01 1.661889255046844482e-02
5.786659999999561478e+03 3.081341683864593506e-01 1.659953407943248749e-02
5.788139999999561041e+03 2.955094575881958008e-01 1.642738282680511475e-02
5.789619999999560605e+03 2.877531647682189941e-01 1.634229719638824463e-02
5.791099999999560168e+03 2.999079823493957520e-01 1.643653400242328644e-02
5.792579999999559732e+03 3.137384653091430664e-01 1.665510796010494232e-02
5.794059999999559295e+03 3.159744143486022949e-01 1.668541878461837769e-02
5.795539999999558859e+03 3.078361153602600098e-01 1.662864163517951965e-02
5.797019999999558422e+03 3.039824068546295166e-01 1.656107604503631592e-02
5.798499999999557986e+03 3.170153200626373291e-01 1.672227494418621063e-02
5.799979999999557549e+03 2.861928939819335938e-01 1.632095873355865479e-02
5.801459999999557112e+03 2.845470011234283447e-01 1.634475775063037872e-02
5.802939999999556676e+03 2.989257276058197021e-01 1.646721735596656799e-02
5.804419999999556239e+03 2.848818302154541016e-01 1.620484702289104462e-02
5.805899999999555803e+03 2.830588817596435547e-01 1.614712923765182495e-02
5.807379999999555366e+03 2.778545618057250977e-01 1.609624177217483521e-02
5.808859999999554930e+03 2.785310149192810059e-01 1.618576981127262115e-02
5.810339999999554493e+03 2.814204990863800049e-01 1.624380983412265778e-02
5.811819999999554057e+03 2.918683886528015137e-01 1.636943593621253967e-02
5.813299999999553620e+03 2.966399192810058594e-01 1.644316315650939941e-02
5.814779999999553183e+03 2.881755232810974121e-01 1.622936688363552094e-02
5.816259999999552747e+03 2.959040701389312744e-01 1.631451025605201721e-02
5.817739999999552310e+03 3.053707182407379150e-01 1.650873757898807526e-02
5.819219999999551874e+03 2.984122633934020996e-01 1.650495640933513641e-02
5.820699999999551437e+03 2.831237912178039551e-01 1.627305522561073303e-02
5.822179999999551001e+03 3.122474253177642822e-01 1.664456911385059357e-02
5.823659999999550564e+03 3.053739368915557861e-01 1.659889146685600281e-02
5.825139999999550128e+03 2.901456654071807861e-01 1.636267080903053284e-02
5.826619999999549691e+03 2.755441367626190186e-01 1.608872041106224060e-02
5.828099999999549254e+03 2.932460010051727295e-01 1.635896414518356323e-02
5.829579999999548818e+03 3.198845386505126953e-01 1.679816283285617828e-02
5.831059999999548381e+03 3.177025914192199707e-01 1.677327230572700500e-02
5.832539999999547945e+03 2.986443042755126953e-01 1.644052378833293915e-02
5.834019999999547508e+03 2.960819005966186523e-01 1.638015173375606537e-02
5.835499999999547072e+03 3.238001167774200439e-01 1.675258763134479523e-02
5.836979999999546635e+03 3.107631802558898926e-01 1.653562486171722412e-02
5.838459999999546199e+03 3.139381408691406250e-01 1.655808091163635254e-02
5.839939999999545762e+03 3.204689919948577881e-01 1.660529151558876038e-02
5.841419999999545325e+03 3.019890785217285156e-01 1.640425063669681549e-02
5.842899999999544889e+03 2.947780489921569824e-01 1.626546680927276611e-02
5.844379999999544452e+03 3.170048892498016357e-01 1.657621562480926514e-02
5.845859999999544016e+03 3.305696845054626465e-01 1.681944541633129120e-02
5.847339999999543579e+03 3.241395652294158936e-01 1.659371145069599152e-02
5.848819999999543143e+03 3.448408246040344238e-01 1.688350178301334381e-02
5.850299999999542706e+03 3.418507874011993408e-01 1.685759238898754120e-02
5.851779999999542270e+03 2.975441217422485352e-01 1.624870114028453827e-02
5.853259999999541833e+03 2.883591651916503906e-01 1.612945832312107086e-02
5.854739999999541396e+03 3.007505834102630615e-01 1.621819660067558289e-02
5.856219999999540960e+03 3.287002742290496826e-01 1.651841960847377777e-02
5.857699999999540523e+03 3.346138298511505127e-01 1.655031926929950714e-02
5.859179999999540087e+03 3.145536184310913086e-01 1.625618711113929749e-02
5.860659999999539650e+03 3.126279711723327637e-01 1.634901389479637146e-02
5.862139999999539214e+03 3.390036523342132568e-01 1.672241091728210449e-02
5.863619999999538777e+03 3.188080787658691406e-01 1.648480817675590515e-02
5.865099999999538340e+03 3.035905957221984863e-01 1.644902490079402924e-02
5.866579999999537904e+03 3.016023635864257812e-01 1.653520204126834869e-02
5.868059999999537467e+03 2.843129932880401611e-01 1.624220795929431915e-02
5.869539999999537031e+03 3.082236647605895996e-01 1.637183502316474915e-02
5.871019999999536594e+03 3.106647729873657227e-01 1.636389084160327911e-02
5.872499999999536158e+03 3.030607104301452637e-01 1.637642271816730499e-02
5.873979999999535721e+03 3.067595958709716797e-01 1.631937734782695770e-02
5.875459999999535285e+03 3.092586398124694824e-01 1.632311940193176270e-02
5.876939999999534848e+03 3.059957921504974365e-01 1.624612323939800262e-02
5.878419999999534411e+03 2.809346318244934082e-01 1.587614603340625763e-02
5.879899999999533975e+03 2.786558270454406738e-01 1.587203517556190491e-02
5.881379999999533538e+03 2.792329192161560059e-01 1.578577049076557159e-02
5.882859999999533102e+03 2.833458185195922852e-01 1.576905138790607452e-02
5.884339999999532665e+03 2.795832455158233643e-01 1.577450335025787354e-02
5.885819999999532229e+03 2.895719408988952637e-01 1.596490666270256042e-02
5.887299999999531792e+03 2.915247082710266113e-01 1.630968600511550903e-02
5.888779999999531356e+03 2.762999534606933594e-01 1.633171178400516510e-02
5.890259999999530919e+03 2.612270414829254150e-01 1.577582396566867828e-02
5.891739999999530482e+03 2.688167691230773926e-01 1.548159308731555939e-02
5.893219999999530046e+03 2.730124592781066895e-01 1.568419486284255981e-02
5.894699999999529609e+03 2.789103388786315918e-01 1.595324091613292694e-02
5.896179999999529173e+03 2.710081338882446289e-01 1.563871465623378754e-02
5.897659999999528736e+03 2.531597614288330078e-01 1.526756212115287781e-02
5.899139999999528300e+03 2.809766530990600586e-01 1.564582437276840210e-02
5.900619999999527863e+03 2.790409624576568604e-01 1.560201589018106461e-02
5.902099999999527427e+03 2.971957027912139893e-01 1.604755967855453491e-02
5.903579999999526990e+03 4.307562112808227539e-01 1.792379096150398254e-02
5.905059999999526553e+03 4.405536949634552002e-01 1.808548159897327423e-02
5.906539999999526117e+03 3.351412117481231689e-01 1.668141037225723267e-02
5.908019999999525680e+03 3.111406564712524414e-01 1.627498678863048553e-02
5.909499999999525244e+03 2.991777360439300537e-01 1.590760424733161926e-02
5.910979999999524807e+03 2.676977813243865967e-01 1.563486643135547638e-02
5.912459999999524371e+03 3.027017116546630859e-01 1.618371903896331787e-02
5.913939999999523934e+03 2.978172898292541504e-01 1.619649305939674377e-02
5.915419999999523498e+03 2.784580290317535400e-01 1.589848846197128296e-02
5.916899999999523061e+03 2.668445706367492676e-01 1.568674109876155853e-02
5.918379999999522624e+03 2.250845134258270264e-01 1.485105045139789581e-02
5.919859999999522188e+03 2.446250021457672119e-01 1.508636213839054108e-02
5.921339999999521751e+03 2.702698409557342529e-01 1.556895580142736435e-02
5.922819999999521315e+03 2.760070860385894775e-01 1.569975726306438446e-02
5.924299999999520878e+03 2.344515621662139893e-01 1.500508561730384827e-02
5.925779999999520442e+03 2.314177155494689941e-01 1.513454411178827286e-02
5.927259999999520005e+03 2.651751041412353516e-01 1.557325478643178940e-02
5.928739999999519569e+03 2.662963867187500000e-01 1.537100318819284439e-02
5.930219999999519132e+03 3.030079007148742676e-01 1.598918624222278595e-02
5.931699999999518695e+03 2.842152416706085205e-01 1.591121591627597809e-02
5.933179999999518259e+03 2.992171049118041992e-01 1.616820320487022400e-02
5.934659999999517822e+03 2.822519540786743164e-01 1.582360826432704926e-02
5.936139999999517386e+03 2.814918756484985352e-01 1.577190496027469635e-02
5.937619999999516949e+03 2.846564352512359619e-01 1.577420160174369812e-02
5.939099999999516513e+03 2.916632592678070068e-01 1.585986092686653137e-02
5.940579999999516076e+03 2.855603992938995361e-01 1.562651433050632477e-02
5.942059999999515640e+03 2.693675458431243896e-01 1.534800324589014053e-02
5.943539999999515203e+03 2.863004803657531738e-01 1.567048393189907074e-02
5.945019999999514766e+03 2.466895729303359985e-01 1.513160951435565948e-02
5.946499999999514330e+03 2.721624374389648438e-01 1.545097213238477707e-02
5.947979999999513893e+03 2.778516411781311035e-01 1.546861045062541962e-02
5.949459999999513457e+03 2.494259476661682129e-01 1.510954368859529495e-02
5.950939999999513020e+03 2.767710387706756592e-01 1.562080159783363342e-02
5.952419999999512584e+03 2.831010818481445312e-01 1.593174040317535400e-02
5.953899999999512147e+03 2.850449085235595703e-01 1.599986478686332703e-02
5.955379999999511710e+03 2.829089462757110596e-01 1.584173925220966339e-02
5.956859999999511274e+03 2.671347260475158691e-01 1.540669240057468414e-02
5.958339999999510837e+03 2.531871199607849121e-01 1.517126057296991348e-02
5.959819999999510401e+03 2.706546783447265625e-01 1.561032608151435852e-02
5.961299999999509964e+03 2.656891942024230957e-01 1.562355738133192062e-02
5.962779999999509528e+03 2.794360220432281494e-01 1.578136906027793884e-02
5.964259999999509091e+03 2.807724773883819580e-01 1.576543040573596954e-02
5.965739999999508655e+03 2.624027729034423828e-01 1.539307646453380585e-02
5.967219999999508218e+03 2.609314322471618652e-01 1.536952424794435501e-02
5.968699999999507781e+03 2.512273192405700684e-01 1.530460361391305923e-02
5.970179999999507345e+03 2.496803253889083862e-01 1.533996220678091049e-02
5.971659999999506908e+03 2.656758129596710205e-01 1.558269374072551727e-02
5.973139999999506472e+03 2.803518176078796387e-01 1.567445322871208191e-02
5.974619999999506035e+03 2.835657298564910889e-01 1.565171033143997192e-02
5.976099999999505599e+03 2.699920237064361572e-01 1.552549656480550766e-02
5.977579999999505162e+03 2.611194849014282227e-01 1.536364015191793442e-02
5.979059999999504726e+03 2.662591934204101562e-01 1.536623388528823853e-02
5.980539999999504289e+03 2.583815753459930420e-01 1.534432824701070786e-02
5.982019999999503852e+03 2.593766450881958008e-01 1.527691073715686798e-02
5.983499999999503416e+03 2.660200297832489014e-01 1.517860032618045807e-02
5.984979999999502979e+03 2.433385550975799561e-01 1.482211053371429443e-02
5.986459999999502543e+03 2.494043707847595215e-01 1.497767586261034012e-02
5.987939999999502106e+03 2.672936916351318359e-01 1.525066699832677841e-02
5.989419999999501670e+03 2.599037289619445801e-01 1.511937193572521210e-02
5.990899999999501233e+03 2.722860574722290039e-01 1.532453298568725586e-02
5.992379999999500797e+03 2.537227272987365723e-01 1.510201022028923035e-02
5.993859999999500360e+03 2.592180669307708740e-01 1.519915461540222168e-02
5.995339999999499923e+03 2.831473350524902344e-01 1.554743107408285141e-02
5.996819999999499487e+03 2.623167634010314941e-01 1.522737182676792145e-02
5.998299999999499050e+03 2.678110301494598389e-01 1.527277100831270218e-02
5.999779999999498614e+03 2.662126719951629639e-01 1.536193769425153732e-02
6.001259999999498177e+03 2.697158753871917725e-01 1.537138596177101135e-02
6.002739999999497741e+03 2.781062126159667969e-01 1.544792391359806061e-02
6.004219999999497304e+03 2.739825546741485596e-01 1.552465558052062988e-02
6.005699999999496868e+03 2.658693492412567139e-01 1.526127662509679794e-02
6.007179999999496431e+03 2.555053830146789551e-01 1.506752986460924149e-02
6.008659999999495994e+03 2.600376605987548828e-01 1.517483778297901154e-02
6.010139999999495558e+03 2.728521525859832764e-01 1.535428967326879501e-02
6.011619999999495121e+03 2.702118158340454102e-01 1.539828535169363022e-02
6.013099999999494685e+03 2.677325606346130371e-01 1.536638103425502777e-02
6.014579999999494248e+03 2.410672754049301147e-01 1.489634998142719269e-02
6.016059999999493812e+03 2.390999794006347656e-01 1.486865710467100143e-02
6.017539999999493375e+03 2.692558169364929199e-01 1.532259490340948105e-02
6.019019999999492939e+03 2.732781469821929932e-01 1.534400694072246552e-02
6.020499999999492502e+03 2.464368641376495361e-01 1.483901403844356537e-02
6.021979999999492065e+03 2.498924136161804199e-01 1.486867479979991913e-02
6.023459999999491629e+03 2.540426254272460938e-01 1.504988688975572586e-02
6.024939999999491192e+03 2.790582478046417236e-01 1.544447802007198334e-02
6.026419999999490756e+03 2.652683258056640625e-01 1.512553263455629349e-02
6.027899999999490319e+03 2.567677199840545654e-01 1.511766295880079269e-02
6.029379999999489883e+03 2.837442159652709961e-01 1.547657512128353119e-02
6.030859999999489446e+03 2.915484011173248291e-01 1.558387093245983124e-02
6.032339999999489009e+03 2.562738060951232910e-01 1.510250382125377655e-02
6.033819999999488573e+03 2.461590021848678589e-01 1.495794858783483505e-02
6.035299999999488136e+03 2.589741349220275879e-01 1.512326020747423172e-02
6.036779999999487700e+03 2.659888565540313721e-01 1.531800441443920135e-02
6.038259999999487263e+03 2.441129982471466064e-01 1.492205541580915451e-02
6.039739999999486827e+03 2.655352950096130371e-01 1.515303552150726318e-02
6.041219999999486390e+03 2.792122066020965576e-01 1.534615177661180496e-02
6.042699999999485954e+03 2.658817768096923828e-01 1.520333718508481979e-02
6.044179999999485517e+03 2.603450417518615723e-01 1.513088401407003403e-02
6.045659999999485080e+03 2.621239423751831055e-01 1.507491245865821838e-02
6.047139999999484644e+03 2.433032542467117310e-01 1.487599220126867294e-02
6.048619999999484207e+03 2.500024437904357910e-01 1.493964251130819321e-02
6.050099999999483771e+03 2.421090006828308105e-01 1.489347685128450394e-02
6.051579999999483334e+03 2.563636898994445801e-01 1.506545860320329666e-02
6.053059999999482898e+03 2.623926401138305664e-01 1.521415263414382935e-02
6.054539999999482461e+03 2.697969079017639160e-01 1.519197784364223480e-02
6.056019999999482025e+03 2.786652743816375732e-01 1.528277993202209473e-02
6.057499999999481588e+03 2.598890662193298340e-01 1.513579487800598145e-02
6.058979999999481151e+03 2.598595619201660156e-01 1.509927306324243546e-02
6.060459999999480715e+03 2.717922925949096680e-01 1.531777810305356979e-02
6.061939999999480278e+03 2.781099081039428711e-01 1.535125356167554855e-02
6.063419999999479842e+03 2.812387347221374512e-01 1.531880814582109451e-02
6.064899999999479405e+03 2.789855897426605225e-01 1.528950035572052002e-02
6.066379999999478969e+03 2.665922641754150391e-01 1.515800226479768753e-02
6.067859999999478532e+03 2.693224549293518066e-01 1.521707326173782349e-02
6.069339999999478096e+03 2.685750126838684082e-01 1.514789834618568420e-02
6.070819999999477659e+03 2.819985747337341309e-01 1.537710241973400116e-02
6.072299999999477222e+03 2.711904644966125488e-01 1.516600698232650757e-02
6.073779999999476786e+03 2.543512880802154541e-01 1.490763761103153229e-02
6.075259999999476349e+03 2.503060996532440186e-01 1.483897399157285690e-02
6.076739999999475913e+03 2.600921988487243652e-01 1.492145657539367676e-02
6.078219999999475476e+03 2.770875096321105957e-01 1.518553309142589569e-02
6.079699999999475040e+03 2.655423283576965332e-01 1.509224716573953629e-02
6.081179999999474603e+03 2.580228149890899658e-01 1.495470944792032242e-02
6.082659999999474167e+03 2.603312730789184570e-01 1.499375700950622559e-02
6.084139999999473730e+03 2.721607387065887451e-01 1.518797315657138824e-02
6.085619999999473293e+03 2.582232654094696045e-01 1.498207077383995056e-02
6.087099999999472857e+03 2.598044872283935547e-01 1.498522236943244934e-02
6.088579999999472420e+03 2.731616795063018799e-01 1.520017255097627640e-02
6.090059999999471984e+03 2.536625862121582031e-01 1.494273915886878967e-02
6.091539999999471547e+03 2.770781219005584717e-01 1.518957130610942841e-02
6.093019999999471111e+03 2.536863982677459717e-01 1.491393893957138062e-02
6.094499999999470674e+03 2.388504892587661743e-01 1.483855769038200378e-02
6.095979999999470238e+03 2.507305145263671875e-01 1.490331906825304031e-02
6.097459999999469801e+03 2.516259253025054932e-01 1.494755689054727554e-02
6.098939999999469364e+03 2.555535435676574707e-01 1.497707050293684006e-02
6.100419999999468928e+03 2.493939846754074097e-01 1.476722676306962967e-02
6.101899999999468491e+03 2.593471109867095947e-01 1.474823430180549622e-02
6.103379999999468055e+03 2.352397441864013672e-01 1.439899113029241562e-02
6.104859999999467618e+03 2.625989317893981934e-01 1.487514283508062363e-02
6.106339999999467182e+03 2.727908790111541748e-01 1.507983170449733734e-02
6.107819999999466745e+03 2.753635346889495850e-01 1.502295117825269699e-02
6.109299999999466309e+03 2.556695342063903809e-01 1.498163305222988129e-02
6.110779999999465872e+03 2.563239634037017822e-01 1.485862955451011658e-02
6.112259999999465435e+03 2.514602541923522949e-01 1.474877167493104935e-02
6.113739999999464999e+03 2.427547276020050049e-01 1.471289433538913727e-02
6.115219999999464562e+03 2.523120939731597900e-01 1.480608619749546051e-02
6.116699999999464126e+03 2.715530991554260254e-01 1.502107456326484680e-02
6.118179999999463689e+03 2.932385206222534180e-01 1.542552839964628220e-02
6.119659999999463253e+03 2.518802583217620850e-01 1.484632212668657303e-02
6.121139999999462816e+03 2.411489635705947876e-01 1.454860996454954147e-02
6.122619999999462379e+03 2.468350976705551147e-01 1.448208838701248169e-02
6.124099999999461943e+03 2.607139348983764648e-01 1.479941792786121368e-02
6.125579999999461506e+03 2.468577623367309570e-01 1.465414185076951981e-02
6.127059999999461070e+03 2.756238281726837158e-01 1.510173734277486801e-02
6.128539999999460633e+03 2.593318223953247070e-01 1.484640873968601227e-02
6.130019999999460197e+03 2.546848356723785400e-01 1.480169594287872314e-02
6.131499999999459760e+03 2.459063827991485596e-01 1.467627752572298050e-02
6.132979999999459324e+03 2.412196397781372070e-01 1.461323443800210953e-02
6.134459999999458887e+03 2.562708258628845215e-01 1.477418746799230576e-02
6.135939999999458450e+03 2.577786445617675781e-01 1.453112158924341202e-02
6.137419999999458014e+03 2.606861889362335205e-01 1.461250148713588715e-02
6.138899999999457577e+03 2.590959072113037109e-01 1.473777368664741516e-02
6.140379999999457141e+03 2.424818575382232666e-01 1.449525449424982071e-02
6.141859999999456704e+03 2.510136365890502930e-01 1.464034896343946457e-02
6.143339999999456268e+03 2.461233139038085938e-01 1.463126018643379211e-02
6.144819999999455831e+03 2.425461709499359131e-01 1.452984008938074112e-02
6.146299999999455395e+03 2.708391249179840088e-01 1.504276599735021591e-02
6.147779999999454958e+03 2.596555352210998535e-01 1.490264572203159332e-02
6.149259999999454521e+03 2.359017133712768555e-01 1.446774508804082870e-02
6.150739999999454085e+03 2.543922364711761475e-01 1.478260476142168045e-02
6.152219999999453648e+03 2.669441401958465576e-01 1.493418682366609573e-02
6.153699999999453212e+03 2.499617338180541992e-01 1.468427013605833054e-02
6.155179999999452775e+03 2.626091837882995605e-01 1.478063594549894333e-02
6.156659999999452339e+03 2.652526795864105225e-01 1.487457472831010818e-02
6.158139999999451902e+03 2.493686676025390625e-01 1.469072327017784119e-02
6.159619999999451466e+03 2.428418993949890137e-01 1.443475484848022461e-02
6.161099999999451029e+03 2.832795381546020508e-01 1.493905112147331238e-02
6.162579999999450592e+03 2.627330720424652100e-01 1.445096638053655624e-02
6.164059999999450156e+03 2.344342470169067383e-01 1.421150472015142441e-02
6.165539999999449719e+03 2.388539314270019531e-01 1.434481143951416016e-02
6.167019999999449283e+03 2.192787826061248779e-01 1.409205421805381775e-02
6.168499999999448846e+03 2.564549446105957031e-01 1.454822905361652374e-02
6.169979999999448410e+03 2.612683176994323730e-01 1.469887420535087585e-02
6.171459999999447973e+03 2.492361664772033691e-01 1.461238414049148560e-02
6.172939999999447537e+03 2.430597245693206787e-01 1.458500698208808899e-02
6.174419999999447100e+03 2.648893594741821289e-01 1.480499282479286194e-02
6.175899999999446663e+03 2.505564391613006592e-01 1.455907803028821945e-02
6.177379999999446227e+03 2.448202967643737793e-01 1.453553233295679092e-02
6.178859999999445790e+03 2.366827726364135742e-01 1.443635392934083939e-02
6.180339999999445354e+03 2.296573221683502197e-01 1.431850437074899673e-02
6.181819999999444917e+03 2.621811032295227051e-01 1.490502152591943741e-02
6.183299999999444481e+03 2.542667388916015625e-01 1.464282907545566559e-02
6.184779999999444044e+03 2.487304210662841797e-01 1.462309435009956360e-02
6.186259999999443608e+03 2.542431950569152832e-01 1.474256906658411026e-02
6.187739999999443171e+03 2.679810822010040283e-01 1.487082336097955704e-02
6.189219999999442734e+03 2.631509304046630859e-01 1.467749010771512985e-02
6.190699999999442298e+03 2.415224909782409668e-01 1.431015133857727051e-02
6.192179999999441861e+03 2.183335423469543457e-01 1.405073888599872589e-02
6.193659999999441425e+03 2.320305705070495605e-01 1.427873224020004272e-02
6.195139999999440988e+03 2.284497022628784180e-01 1.428674627095460892e-02
6.196619999999440552e+03 2.423538267612457275e-01 1.438764110207557678e-02
6.198099999999440115e+03 2.759534120559692383e-01 1.481563877314329147e-02
6.199579999999439679e+03 2.507465481758117676e-01 1.454736758023500443e-02
6.201059999999439242e+03 2.337667942047119141e-01 1.436428260058164597e-02
6.202539999999438805e+03 2.592940330505371094e-01 1.480838470160961151e-02
6.204019999999438369e+03 2.726125717163085938e-01 1.497816294431686401e-02
6.205499999999437932e+03 2.472294867038726807e-01 1.459024846553802490e-02
6.206979999999437496e+03 2.288828045129776001e-01 1.431497000157833099e-02
6.208459999999437059e+03 2.306866496801376343e-01 1.431474555283784866e-02
6.209939999999436623e+03 2.332091182470321655e-01 1.438764203339815140e-02
6.211419999999436186e+03 2.519063353538513184e-01 1.462232042104005814e-02
6.212899999999435749e+03 2.324475198984146118e-01 1.426444202661514282e-02
6.214379999999435313e+03 2.247512936592102051e-01 1.398350857198238373e-02
6.215859999999434876e+03 2.502712011337280273e-01 1.456299517303705215e-02
6.217339999999434440e+03 2.336022704839706421e-01 1.435569953173398972e-02
6.218819999999434003e+03 2.465735375881195068e-01 1.447327900677919388e-02
6.220299999999433567e+03 2.503086328506469727e-01 1.452445238828659058e-02
6.221779999999433130e+03 2.373976558446884155e-01 1.434271596372127533e-02
6.223259999999432694e+03 2.504525780677795410e-01 1.465621031820774078e-02
6.224739999999432257e+03 2.395741641521453857e-01 1.428934093564748764e-02
6.226219999999431820e+03 2.402618527412414551e-01 1.426246296614408493e-02
6.227699999999431384e+03 2.296095192432403564e-01 1.410589925944805145e-02
6.229179999999430947e+03 2.502323389053344727e-01 1.436528749763965607e-02
6.230659999999430511e+03 2.397847473621368408e-01 1.413444336503744125e-02
6.232139999999430074e+03 2.198035418987274170e-01 1.398126501590013504e-02
6.233619999999429638e+03 2.306554764509201050e-01 1.446894183754920959e-02
6.235099999999429201e+03 2.379088997840881348e-01 1.494474895298480988e-02
6.236579999999428765e+03 2.502992749214172363e-01 1.485075242817401886e-02
6.238059999999428328e+03 2.413096129894256592e-01 1.444223709404468536e-02
6.239539999999427891e+03 2.078910619020462036e-01 1.391172315925359726e-02
6.241019999999427455e+03 2.589693069458007812e-01 1.476410683244466782e-02
6.242499999999427018e+03 2.552912831306457520e-01 1.464917603880167007e-02
6.243979999999426582e+03 2.331333756446838379e-01 1.419981382787227631e-02
6.245459999999426145e+03 2.219069600105285645e-01 1.390316709876060486e-02
6.246939999999425709e+03 2.340122163295745850e-01 1.411274261772632599e-02
6.248419999999425272e+03 2.269691228866577148e-01 1.406932156533002853e-02
6.249899999999424836e+03 2.303153574466705322e-01 1.415665447711944580e-02
6.251379999999424399e+03 2.570061683654785156e-01 1.435910444706678391e-02
6.252859999999423962e+03 2.533351480960845947e-01 1.419062074273824692e-02
6.254339999999423526e+03 2.336580753326416016e-01 1.407469529658555984e-02
6.255819999999423089e+03 2.257185280323028564e-01 1.421922165900468826e-02
6.257299999999422653e+03 2.293607890605926514e-01 1.457632705569267273e-02
6.258779999999422216e+03 2.422192394733428955e-01 1.458116620779037476e-02
6.260259999999421780e+03 2.463853061199188232e-01 1.441059727221727371e-02
6.261739999999421343e+03 2.275468111038208008e-01 1.414090488106012344e-02
6.263219999999420907e+03 2.223070114850997925e-01 1.413171552121639252e-02
6.264699999999420470e+03 2.323597073554992676e-01 1.431829016655683517e-02
6.266179999999420033e+03 2.352431416511535645e-01 1.435416471213102341e-02
6.267659999999419597e+03 2.148543894290924072e-01 1.398393604904413223e-02
6.269139999999419160e+03 2.261261940002441406e-01 1.409691292792558670e-02
6.270619999999418724e+03 2.288285791873931885e-01 1.399990264326334000e-02
6.272099999999418287e+03 2.210016697645187378e-01 1.380576752126216888e-02
6.273579999999417851e+03 2.516406178474426270e-01 1.434956677258014679e-02
6.275059999999417414e+03 2.438920140266418457e-01 1.419354975223541260e-02
6.276539999999416978e+03 2.422027587890625000e-01 1.398614980280399323e-02
6.278019999999416541e+03 2.024299651384353638e-01 1.317655481398105621e-02
6.279499999999416104e+03 2.217768728733062744e-01 1.351934392005205154e-02
6.280979999999415668e+03 2.380419075489044189e-01 1.393618248403072357e-02
6.282459999999415231e+03 2.408758699893951416e-01 1.399683393537998199e-02
6.283939999999414795e+03 2.222394049167633057e-01 1.382305473089218140e-02
6.285419999999414358e+03 2.412242740392684937e-01 1.446778699755668640e-02
6.286899999999413922e+03 2.163710445165634155e-01 1.430545840412378311e-02
6.288379999999413485e+03 2.060797661542892456e-01 1.393547374755144119e-02
6.289859999999413048e+03 2.311036139726638794e-01 1.402553636580705643e-02
6.291339999999412612e+03 2.057350277900695801e-01 1.349471788853406906e-02
6.292819999999412175e+03 2.232139706611633301e-01 1.384299993515014648e-02
6.294299999999411739e+03 2.151931524276733398e-01 1.377806346863508224e-02
6.295779999999411302e+03 2.284387052059173584e-01 1.372633688151836395e-02
6.297259999999410866e+03 2.158508747816085815e-01 1.456646341830492020e-02
6.298739999999410429e+03 2.143065631389617920e-01 1.774027571082115173e-02
6.300219999999409993e+03 2.949621081352233887e-01 1.912838593125343323e-02
6.301699999999409556e+03 2.540189027786254883e-01 1.677468232810497284e-02
6.303179999999409119e+03 2.198344320058822632e-01 1.421295199543237686e-02
6.304659999999408683e+03 2.547758221626281738e-01 1.453397236764431000e-02
6.306139999999408246e+03 2.193258702754974365e-01 1.436320040374994278e-02
6.307619999999407810e+03 2.157783210277557373e-01 1.414697896689176559e-02
6.309099999999407373e+03 2.263884544372558594e-01 1.391705684363842010e-02
6.310579999999406937e+03 2.313860654830932617e-01 1.395556516945362091e-02
6.312059999999406500e+03 2.238898426294326782e-01 1.378430798649787903e-02
6.313539999999406064e+03 1.947773396968841553e-01 1.329421997070312500e-02
6.315019999999405627e+03 2.064383178949356079e-01 1.343208365142345428e-02
6.316499999999405190e+03 2.289201468229293823e-01 1.381054986268281937e-02
6.317979999999404754e+03 2.382418811321258545e-01 1.382164657115936279e-02
6.319459999999404317e+03 2.331826537847518921e-01 1.383813470602035522e-02
6.320939999999403881e+03 2.190165370702743530e-01 1.391166262328624725e-02
6.322419999999403444e+03 2.305338233709335327e-01 1.391259115189313889e-02
6.323899999999403008e+03 2.410567998886108398e-01 1.402808632701635361e-02
6.325379999999402571e+03 2.492611110210418701e-01 1.433450169861316681e-02
6.326859999999402135e+03 2.232583463191986084e-01 1.386183220893144608e-02
6.328339999999401698e+03 2.197791934013366699e-01 1.414741668850183487e-02
6.329819999999401261e+03 2.555761337280273438e-01 1.481907162815332413e-02
6.331299999999400825e+03 2.656079828739166260e-01 1.474086381494998932e-02
6.332779999999400388e+03 2.371623218059539795e-01 1.401635259389877319e-02
6.334259999999399952e+03 2.252413928508758545e-01 1.376739796251058578e-02
6.335739999999399515e+03 2.085577398538589478e-01 1.350383274257183075e-02
6.337219999999399079e+03 2.215556204319000244e-01 1.368431001901626587e-02
6.338699999999398642e+03 2.474669218063354492e-01 1.404803711920976639e-02
6.340179999999398206e+03 2.403436750173568726e-01 1.405296195298433304e-02
6.341659999999397769e+03 2.185217291116714478e-01 1.364769134670495987e-02
6.343139999999397332e+03 2.450340837240219116e-01 1.410905644297599792e-02
6.344619999999396896e+03 2.446863949298858643e-01 1.404048968106508255e-02
6.346099999999396459e+03 2.351345866918563843e-01 1.398611627519130707e-02
6.347579999999396023e+03 2.467363923788070679e-01 1.429596170783042908e-02
6.349059999999395586e+03 2.193536311388015747e-01 1.377173233777284622e-02
6.350539999999395150e+03 2.201643288135528564e-01 1.379344426095485687e-02
6.352019999999394713e+03 2.284068614244461060e-01 1.390008069574832916e-02
6.353499999999394277e+03 2.313970625400543213e-01 1.401900872588157654e-02
6.354979999999393840e+03 2.407115846872329712e-01 1.433308422565460205e-02
6.356459999999393403e+03 2.335451394319534302e-01 1.425165496766567230e-02
6.357939999999392967e+03 2.253338992595672607e-01 1.393717993050813675e-02
6.359419999999392530e+03 2.484812140464782715e-01 1.407704129815101624e-02
6.360899999999392094e+03 2.458786815404891968e-01 1.450619008392095566e-02
6.362379999999391657e+03 2.304413169622421265e-01 1.541355531662702560e-02
6.363859999999391221e+03 2.267686128616333008e-01 1.563760451972484589e-02
6.365339999999390784e+03 2.527180314064025879e-01 1.502272207289934158e-02
6.366819999999390348e+03 2.397196590900421143e-01 1.402088534086942673e-02
6.368299999999389911e+03 2.143596410751342773e-01 1.360948756337165833e-02
6.369779999999389474e+03 2.327118217945098877e-01 1.391421444714069366e-02
6.371259999999389038e+03 2.223053574562072754e-01 1.372315827757120132e-02
6.372739999999388601e+03 2.180890440940856934e-01 1.381274685263633728e-02
6.374219999999388165e+03 2.322651892900466919e-01 1.403174549341201782e-02
6.375699999999387728e+03 2.280727922916412354e-01 1.392165385186672211e-02
6.377179999999387292e+03 2.307999134063720703e-01 1.399334520101547241e-02
6.378659999999386855e+03 2.326184809207916260e-01 1.404089294373989105e-02
6.380139999999386418e+03 2.174563109874725342e-01 1.381761673837900162e-02
6.381619999999385982e+03 2.183343768119812012e-01 1.375996507704257965e-02
6.383099999999385545e+03 2.280212938785552979e-01 1.386308297514915466e-02
6.384579999999385109e+03 2.406389117240905762e-01 1.412596087902784348e-02
6.386059999999384672e+03 2.484576702117919922e-01 1.430746261030435562e-02
6.387539999999384236e+03 2.289134562015533447e-01 1.393931265920400620e-02
6.389019999999383799e+03 2.051882147789001465e-01 1.346749532967805862e-02
6.390499999999383363e+03 1.922160685062408447e-01 1.315584778785705566e-02
6.391979999999382926e+03 2.107415199279785156e-01 1.344513334333896637e-02
6.393459999999382489e+03 2.430188953876495361e-01 1.397974696010351181e-02
6.394939999999382053e+03 2.290010154247283936e-01 1.377243455499410629e-02
6.396419999999381616e+03 2.359243035316467285e-01 1.389143243432044983e-02
6.397899999999381180e+03 2.519267797470092773e-01 1.418610662221908569e-02
6.399379999999380743e+03 2.074341326951980591e-01 1.334051880985498428e-02
6.400859999999380307e+03 2.097778767347335815e-01 1.338224485516548157e-02
6.402339999999379870e+03 2.388014197349548340e-01 1.397545542567968369e-02
6.403819999999379434e+03 2.417681813240051270e-01 1.398563198745250702e-02
6.405299999999378997e+03 2.215254902839660645e-01 1.370259374380111694e-02
6.406779999999378560e+03 2.318905591964721680e-01 1.367386057972908020e-02
6.408259999999378124e+03 2.532321214675903320e-01 1.390582881867885590e-02
6.409739999999377687e+03 2.326672673225402832e-01 1.377944555133581161e-02
6.411219999999377251e+03 2.310349941253662109e-01 1.371793821454048157e-02
6.412699999999376814e+03 2.292824983596801758e-01 1.378966402262449265e-02
6.414179999999376378e+03 2.115963995456695557e-01 1.345362793654203415e-02
6.415659999999375941e+03 2.167394608259201050e-01 1.363697554916143417e-02
6.417139999999375505e+03 2.309170365333557129e-01 1.380753982812166214e-02
6.418619999999375068e+03 2.349815368652343750e-01 1.392616145312786102e-02
6.420099999999374631e+03 2.298381030559539795e-01 1.381928287446498871e-02
6.421579999999374195e+03 2.395669519901275635e-01 1.395803969353437424e-02
6.423059999999373758e+03 2.352602183818817139e-01 1.387218106538057327e-02
6.424539999999373322e+03 2.185130715370178223e-01 1.357732247561216354e-02
6.426019999999372885e+03 2.078352868556976318e-01 1.345908921211957932e-02
6.427499999999372449e+03 2.272284328937530518e-01 1.367820147424936295e-02
6.428979999999372012e+03 2.323268055915832520e-01 1.363673340529203415e-02
6.430459999999371576e+03 2.130725979804992676e-01 1.337622758001089096e-02
6.431939999999371139e+03 2.107014358043670654e-01 1.338748633861541748e-02
6.433419999999370702e+03 2.149596065282821655e-01 1.348070707172155380e-02
6.434899999999370266e+03 2.334201037883758545e-01 1.382775604724884033e-02
6.436379999999369829e+03 2.319705933332443237e-01 1.380406040698289871e-02
6.437859999999369393e+03 2.204411625862121582e-01 1.342529337853193283e-02
6.439339999999368956e+03 2.106029689311981201e-01 1.332928612828254700e-02
6.440819999999368520e+03 2.105119824409484863e-01 1.343012414872646332e-02
6.442299999999368083e+03 2.369081676006317139e-01 1.393192261457443237e-02
6.443779999999367647e+03 2.145182788372039795e-01 1.351710222661495209e-02
6.445259999999367210e+03 2.088336050510406494e-01 1.342624891549348831e-02
6.446739999999366773e+03 2.183354496955871582e-01 1.354699302464723587e-02
6.448219999999366337e+03 2.100469470024108887e-01 1.322378870099782944e-02
6.449699999999365900e+03 2.047048509120941162e-01 1.319178100675344467e-02
6.451179999999365464e+03 2.354552894830703735e-01 1.373724173754453659e-02
6.452659999999365027e+03 2.244462370872497559e-01 1.370215136557817459e-02
6.454139999999364591e+03 2.187800705432891846e-01 1.349740661680698395e-02
6.455619999999364154e+03 2.074430584907531738e-01 1.333384495228528976e-02
6.457099999999363718e+03 2.066642045974731445e-01 1.345743052661418915e-02
6.458579999999363281e+03 2.330799400806427002e-01 1.378537341952323914e-02
6.460059999999362844e+03 2.314710915088653564e-01 1.375540439039468765e-02
6.461539999999362408e+03 2.339653074741363525e-01 1.375810243189334869e-02
6.463019999999361971e+03 2.413575500249862671e-01 1.394974160939455032e-02
6.464499999999361535e+03 2.174604833126068115e-01 1.370812021195888519e-02
6.465979999999361098e+03 1.955228298902511597e-01 1.321357022970914841e-02
6.467459999999360662e+03 1.948824524879455566e-01 1.318082865327596664e-02
6.468939999999360225e+03 2.282487154006958008e-01 1.368263363838195801e-02
6.470419999999359788e+03 2.563149034976959229e-01 1.409227959811687469e-02
6.471899999999359352e+03 2.276613116264343262e-01 1.367538515478372574e-02
6.473379999999358915e+03 2.042347490787506104e-01 1.309491414576768875e-02
6.474859999999358479e+03 2.135458737611770630e-01 1.321186032146215439e-02
6.476339999999358042e+03 2.156777679920196533e-01 1.332834269851446152e-02
6.477819999999357606e+03 2.199862152338027954e-01 1.359125040471553802e-02
6.479299999999357169e+03 2.034482657909393311e-01 1.327311620116233826e-02
6.480779999999356733e+03 1.964042931795120239e-01 1.296875253319740295e-02
6.482259999999356296e+03 2.030054479837417603e-01 1.304048765450716019e-02
6.483739999999355859e+03 2.133631408214569092e-01 1.322100311517715454e-02
6.485219999999355423e+03 2.358978688716888428e-01 1.365415286272764206e-02
6.486699999999354986e+03 2.162855863571166992e-01 1.330647617578506470e-02
6.488179999999354550e+03 2.156087160110473633e-01 1.327766291797161102e-02
6.489659999999354113e+03 2.284623533487319946e-01 1.351118180900812149e-02
6.491139999999353677e+03 2.375499010086059570e-01 1.360600814223289490e-02
6.492619999999353240e+03 2.075600326061248779e-01 1.302104629576206207e-02
6.494099999999352804e+03 2.145762741565704346e-01 1.310945488512516022e-02
6.495579999999352367e+03 2.046642452478408813e-01 1.305784843862056732e-02
6.497059999999351930e+03 2.350110262632369995e-01 1.403854787349700928e-02
6.498539999999351494e+03 2.334897220134735107e-01 1.426941249519586563e-02
6.500019999999351057e+03 2.300033271312713623e-01 1.394545100629329681e-02
6.501499999999350621e+03 2.228744029998779297e-01 1.361531764268875122e-02
6.502979999999350184e+03 2.176302969455718994e-01 1.353499107062816620e-02
6.504459999999349748e+03 2.284622490406036377e-01 1.380040869116783142e-02
6.505939999999349311e+03 2.220425903797149658e-01 1.360929850488901138e-02
6.507419999999348875e+03 2.104046642780303955e-01 1.329209655523300171e-02
6.508899999999348438e+03 2.107865661382675171e-01 1.329705677926540375e-02
6.510379999999348001e+03 2.160848081111907959e-01 1.334656216204166412e-02
6.511859999999347565e+03 2.082396447658538818e-01 1.321528386324644089e-02
6.513339999999347128e+03 2.121041417121887207e-01 1.324546150863170624e-02
6.514819999999346692e+03 2.347755134105682373e-01 1.353914290666580200e-02
6.516299999999346255e+03 2.274298518896102905e-01 1.327893137931823730e-02
6.517779999999345819e+03 2.085049003362655640e-01 1.302060857415199280e-02
6.519259999999345382e+03 2.315957248210906982e-01 1.355019491165876389e-02
6.520739999999344946e+03 2.215393185615539551e-01 1.349536981433629990e-02
6.522219999999344509e+03 2.317572534084320068e-01 1.357785332947969437e-02
6.523699999999344072e+03 2.238130569458007812e-01 1.342720445245504379e-02
6.525179999999343636e+03 2.045334279537200928e-01 1.314370892941951752e-02
6.526659999999343199e+03 2.189251482486724854e-01 1.342705078423023224e-02
6.528139999999342763e+03 2.238603532314300537e-01 1.347206253558397293e-02
6.529619999999342326e+03 2.148288637399673462e-01 1.331013534218072891e-02
6.531099999999341890e+03 2.237051725387573242e-01 1.384594291448593140e-02
6.532579999999341453e+03 2.338355779647827148e-01 1.402022317051887512e-02
6.534059999999341017e+03 2.292733788490295410e-01 1.367838587611913681e-02
6.535539999999340580e+03 2.212646007537841797e-01 1.344512775540351868e-02
6.537019999999340143e+03 2.103014588356018066e-01 1.325687114149332047e-02
6.538499999999339707e+03 2.180844843387603760e-01 1.342432480305433273e-02
6.539979999999339270e+03 2.276336848735809326e-01 1.358409039676189423e-02
6.541459999999338834e+03 2.432822436094284058e-01 1.376426499336957932e-02
6.542939999999338397e+03 2.258938997983932495e-01 1.351375225931406021e-02
6.544419999999337961e+03 2.076008915901184082e-01 1.318168360739946365e-02
6.545899999999337524e+03 2.184294462203979492e-01 1.329018268734216690e-02
6.547379999999337088e+03 2.095066606998443604e-01 1.310136169195175171e-02
6.548859999999336651e+03 2.208533883094787598e-01 1.325541827827692032e-02
6.550339999999336214e+03 2.215939760208129883e-01 1.350556593388319016e-02
6.551819999999335778e+03 2.118173241615295410e-01 1.362348627299070358e-02
6.553299999999335341e+03 2.218580842018127441e-01 1.373173948377370834e-02
6.554779999999334905e+03 2.157106995582580566e-01 1.337808370590209961e-02
6.556259999999334468e+03 2.115324884653091431e-01 1.301184482872486115e-02
6.557739999999334032e+03 2.349027395248413086e-01 1.334522385150194168e-02
6.559219999999333595e+03 2.305822819471359253e-01 1.307335868477821350e-02
6.560699999999333158e+03 2.264842391014099121e-01 1.289491169154644012e-02
6.562179999999332722e+03 2.200266420841217041e-01 1.273595076054334641e-02
6.563659999999332285e+03 2.134295403957366943e-01 1.268451847136020660e-02
6.565139999999331849e+03 2.199180573225021362e-01 1.293072197586297989e-02
6.566619999999331412e+03 2.112393081188201904e-01 1.309887599200010300e-02
6.568099999999330976e+03 2.353084236383438110e-01 1.358065567910671234e-02
6.569579999999330539e+03 2.235329896211624146e-01 1.334264967590570450e-02
6.571059999999330103e+03 2.350397706031799316e-01 1.349384430795907974e-02
6.572539999999329666e+03 2.300441861152648926e-01 1.329369377344846725e-02
6.574019999999329229e+03 2.308579981327056885e-01 1.337497867643833160e-02
6.575499999999328793e+03 2.288314402103424072e-01 1.370785105973482132e-02
6.576979999999328356e+03 2.496579587459564209e-01 1.408808585256338120e-02
6.578459999999327920e+03 5.641977190971374512e-01 1.815240830183029175e-02
6.579939999999327483e+03 8.288091421127319336e-01 2.079524099826812744e-02
6.581419999999327047e+03 7.261887788772583008e-01 1.975332573056221008e-02
6.582899999999326610e+03 3.837265372276306152e-01 1.581125892698764801e-02
6.584379999999326174e+03 2.580052018165588379e-01 1.392093766480684280e-02
6.585859999999325737e+03 2.409133762121200562e-01 1.363394130021333694e-02
6.587339999999325300e+03 2.466510534286499023e-01 1.370751019567251205e-02
6.588819999999324864e+03 2.457605302333831787e-01 1.375085860490798950e-02
6.590299999999324427e+03 2.756740450859069824e-01 1.419585198163986206e-02
6.591779999999323991e+03 7.115473747253417969e-01 1.945521309971809387e-02
6.593259999999323554e+03 3.750765800476074219e+00 4.110107570886611938e-02
6.594739999999323118e+03 6.732740879058837891e+00 5.505691096186637878e-02
6.596219999999322681e+03 5.019925117492675781e+00 4.745465889573097229e-02
6.597699999999322245e+03 1.813114881515502930e+00 2.919768728315830231e-02
6.599179999999321808e+03 4.277511835098266602e-01 1.628197915852069855e-02
6.600659999999321371e+03 2.640027999877929688e-01 1.407520193606615067e-02
6.602139999999320935e+03 2.601149380207061768e-01 1.407214812934398651e-02
6.603619999999320498e+03 2.518289983272552490e-01 1.410004403442144394e-02
6.605099999999320062e+03 2.334352880716323853e-01 1.370466127991676331e-02
6.606579999999319625e+03 2.255367338657379150e-01 1.340986881405115128e-02
6.608059999999319189e+03 2.196003794670104980e-01 1.335567049682140350e-02
6.609539999999318752e+03 2.278833091259002686e-01 1.342883240431547165e-02
6.611019999999318316e+03 2.425190508365631104e-01 1.361585687845945358e-02
6.612499999999317879e+03 3.281740546226501465e-01 1.488628238439559937e-02
6.613979999999317442e+03 1.326066493988037109e+00 2.548719570040702820e-02
6.615459999999317006e+03 2.068111658096313477e+00 3.108912520110607147e-02
6.616939999999316569e+03 1.731007814407348633e+00 2.864576876163482666e-02
6.618419999999316133e+03 6.912532448768615723e-01 1.945415139198303223e-02
6.619899999999315696e+03 2.828670144081115723e-01 1.428363751620054245e-02
6.621379999999315260e+03 2.324749827384948730e-01 1.354902144521474838e-02
6.622859999999314823e+03 2.156700044870376587e-01 1.326678041368722916e-02
6.624339999999314387e+03 2.291924804449081421e-01 1.346564013510942459e-02
6.625819999999313950e+03 2.096602022647857666e-01 1.314484328031539917e-02
6.627299999999313513e+03 2.161131501197814941e-01 1.324399933218955994e-02
6.628779999999313077e+03 2.066580653190612793e-01 1.304720807820558548e-02
6.630259999999312640e+03 2.140015661716461182e-01 1.315435301512479782e-02
6.631739999999312204e+03 2.266982793807983398e-01 1.332463324069976807e-02
6.633219999999311767e+03 2.334144711494445801e-01 1.355290040373802185e-02
6.634699999999311331e+03 2.248679101467132568e-01 1.336959190666675568e-02
6.636179999999310894e+03 2.145790904760360718e-01 1.320223603397607803e-02
6.637659999999310457e+03 2.058214247226715088e-01 1.313891168683767319e-02
6.639139999999310021e+03 2.092832922935485840e-01 1.313436124473810196e-02
6.640619999999309584e+03 2.137127220630645752e-01 1.316573377698659897e-02
6.642099999999309148e+03 2.093675434589385986e-01 1.305331010371446609e-02
6.643579999999308711e+03 2.043733298778533936e-01 1.291511021554470062e-02
6.645059999999308275e+03 2.160665690898895264e-01 1.316532585769891739e-02
6.646539999999307838e+03 2.197434306144714355e-01 1.330842450261116028e-02
6.648019999999307402e+03 2.032330334186553955e-01 1.305404119193553925e-02
6.649499999999306965e+03 2.119613438844680786e-01 1.324015390127897263e-02
6.650979999999306528e+03 2.274611890316009521e-01 1.345767546445131302e-02
6.652459999999306092e+03 2.136160433292388916e-01 1.319655310362577438e-02
6.653939999999305655e+03 2.241905331611633301e-01 1.342173758894205093e-02
6.655419999999305219e+03 2.212232947349548340e-01 1.331952586770057678e-02
6.656899999999304782e+03 1.962191760540008545e-01 1.291242521256208420e-02
6.658379999999304346e+03 2.263986766338348389e-01 1.340231485664844513e-02
6.659859999999303909e+03 2.041398733854293823e-01 1.290161628276109695e-02
6.661339999999303473e+03 2.489375472068786621e-01 1.365178637206554413e-02
6.662819999999303036e+03 2.244809120893478394e-01 1.325252093374729156e-02
6.664299999999302599e+03 2.144025862216949463e-01 1.313820201903581619e-02
6.665779999999302163e+03 2.184472084045410156e-01 1.326443348079919815e-02
6.667259999999301726e+03 2.093790024518966675e-01 1.311428099870681763e-02
6.668739999999301290e+03 2.099515497684478760e-01 1.315443404018878937e-02
6.670219999999300853e+03 2.396862506866455078e-01 1.358157303184270859e-02
6.671699999999300417e+03 2.210621088743209839e-01 1.330967806279659271e-02
6.673179999999299980e+03 2.057018876075744629e-01 1.299074664711952209e-02
6.674659999999299544e+03 2.111874371767044067e-01 1.304457150399684906e-02
6.676139999999299107e+03 2.112118303775787354e-01 1.296789199113845825e-02
6.677619999999298670e+03 2.204367220401763916e-01 1.305605284869670868e-02
6.679099999999298234e+03 2.271995097398757935e-01 1.322429254651069641e-02
6.680579999999297797e+03 2.176766395568847656e-01 1.323298644274473190e-02
6.682059999999297361e+03 2.126692831516265869e-01 1.311466842889785767e-02
6.683539999999296924e+03 2.119263410568237305e-01 1.308305282145738602e-02
6.685019999999296488e+03 2.136028409004211426e-01 1.323786564171314240e-02
6.686499999999296051e+03 2.150100171566009521e-01 1.322756242007017136e-02
6.687979999999295615e+03 2.258233129978179932e-01 1.331872120499610901e-02
6.689459999999295178e+03 2.281900644302368164e-01 1.340713072568178177e-02
6.690939999999294741e+03 2.360872924327850342e-01 1.343431510031223297e-02
6.692419999999294305e+03 2.125297188758850098e-01 1.300331857055425644e-02
6.693899999999293868e+03 2.142901420593261719e-01 1.305240392684936523e-02
6.695379999999293432e+03 2.333149909973144531e-01 1.337725389748811722e-02
6.696859999999292995e+03 2.282583266496658325e-01 1.334504224359989166e-02
6.698339999999292559e+03 2.094926536083221436e-01 1.303832139819860458e-02
6.699819999999292122e+03 2.195212393999099731e-01 1.320449728518724442e-02
6.701299999999291686e+03 2.129512727260589600e-01 1.316952705383300781e-02
6.702779999999291249e+03 2.158069312572479248e-01 1.319628208875656128e-02
6.704259999999290812e+03 2.287668436765670776e-01 1.331846509128808975e-02
6.705739999999290376e+03 2.264413237571716309e-01 1.326433941721916199e-02
6.707219999999289939e+03 2.084338217973709106e-01 1.300336234271526337e-02
6.708699999999289503e+03 2.423917949199676514e-01 1.348011102527379990e-02
6.710179999999289066e+03 2.665950059890747070e-01 1.388281118124723434e-02
6.711659999999288630e+03 2.355368882417678833e-01 1.341582089662551880e-02
6.713139999999288193e+03 2.216748297214508057e-01 1.321036741137504578e-02
6.714619999999287757e+03 2.198274731636047363e-01 1.313961856067180634e-02
6.716099999999287320e+03 2.016183733940124512e-01 1.285964343696832657e-02
6.717579999999286883e+03 1.872816979885101318e-01 1.260073576122522354e-02
6.719059999999286447e+03 1.904979646205902100e-01 1.266183145344257355e-02
6.720539999999286010e+03 2.166845202445983887e-01 1.311048306524753571e-02
6.722019999999285574e+03 2.254478335380554199e-01 1.322684250771999359e-02
6.723499999999285137e+03 2.138408422470092773e-01 1.302108913660049438e-02
6.724979999999284701e+03 2.069266587495803833e-01 1.285433117300271988e-02
6.726459999999284264e+03 2.102821320295333862e-01 1.301028579473495483e-02
6.727939999999283827e+03 2.269472479820251465e-01 1.323914993554353714e-02
6.729419999999283391e+03 2.137558758258819580e-01 1.309339515864849091e-02
6.730899999999282954e+03 2.116783708333969116e-01 1.303345710039138794e-02
6.732379999999282518e+03 2.068602591753005981e-01 1.293270848691463470e-02
6.733859999999282081e+03 2.081446945667266846e-01 1.302872784435749054e-02
6.735339999999281645e+03 2.129263877868652344e-01 1.307771541178226471e-02
6.736819999999281208e+03 2.071240246295928955e-01 1.291754469275474548e-02
6.738299999999280772e+03 2.128518521785736084e-01 1.296342350542545319e-02
6.739779999999280335e+03 2.179899960756301880e-01 1.302764005959033966e-02
6.741259999999279898e+03 2.049001157283782959e-01 1.283704396337270737e-02
6.742739999999279462e+03 2.153992652893066406e-01 1.302920654416084290e-02
6.744219999999279025e+03 2.245320975780487061e-01 1.326283719390630722e-02
6.745699999999278589e+03 2.293675839900970459e-01 1.333701703697443008e-02
6.747179999999278152e+03 5.374886989593505859e-01 1.741743087768554688e-02
6.748659999999277716e+03 8.678345084190368652e-01 2.103407867252826691e-02
6.750139999999277279e+03 7.938730716705322266e-01 2.032204903662204742e-02
6.751619999999276843e+03 4.581047296524047852e-01 1.642648130655288696e-02
6.753099999999276406e+03 2.495102584362030029e-01 1.355967577546834946e-02
6.754579999999275969e+03 2.218324095010757446e-01 1.304314658045768738e-02
6.756059999999275533e+03 2.045114636421203613e-01 1.280637178570032120e-02
6.757539999999275096e+03 2.127277702093124390e-01 1.292436756193637848e-02
6.759019999999274660e+03 2.219357788562774658e-01 1.310834567993879318e-02
6.760499999999274223e+03 2.474307417869567871e-01 1.350119616836309433e-02
6.761979999999273787e+03 5.340911746025085449e-01 1.746695116162300110e-02
6.763459999999273350e+03 7.316338419914245605e-01 1.957546547055244446e-02
6.764939999999272914e+03 6.035053133964538574e-01 1.812772639095783234e-02
6.766419999999272477e+03 3.215306103229522705e-01 1.458362769335508347e-02
6.767899999999272040e+03 2.419709265232086182e-01 1.333967037498950958e-02
6.769379999999271604e+03 2.226462215185165405e-01 1.306876167654991150e-02
6.770859999999271167e+03 2.048650383949279785e-01 1.278911530971527100e-02
6.772339999999270731e+03 2.156235873699188232e-01 1.293529849499464035e-02
6.773819999999270294e+03 2.194185554981231689e-01 1.305032987147569656e-02
6.775299999999269858e+03 2.111844420433044434e-01 1.296382211148738861e-02
6.776779999999269421e+03 2.048846036195755005e-01 1.288289483636617661e-02
6.778259999999268985e+03 2.127561867237091064e-01 1.297582034021615982e-02
6.779739999999268548e+03 2.192947268486022949e-01 1.311315130442380905e-02
6.781219999999268111e+03 2.217637300491333008e-01 1.312068011611700058e-02
6.782699999999267675e+03 2.082568854093551636e-01 1.277957297861576080e-02
6.784179999999267238e+03 2.093653231859207153e-01 1.280323695391416550e-02
6.785659999999266802e+03 2.094910740852355957e-01 1.289806142449378967e-02
6.787139999999266365e+03 2.057044208049774170e-01 1.280535664409399033e-02
6.788619999999265929e+03 2.014614939689636230e-01 1.274258550256490707e-02
6.790099999999265492e+03 2.115641236305236816e-01 1.291379611939191818e-02
6.791579999999265056e+03 2.158809453248977661e-01 1.303451042622327805e-02
6.793059999999264619e+03 2.094123065471649170e-01 1.293151546269655228e-02
6.794539999999264182e+03 1.992908716201782227e-01 1.271403022110462189e-02
6.796019999999263746e+03 2.110234498977661133e-01 1.283900253474712372e-02
6.797499999999263309e+03 2.180803716182708740e-01 1.295703649520874023e-02
6.798979999999262873e+03 2.003159224987030029e-01 1.270725484937429428e-02
6.800459999999262436e+03 1.982760429382324219e-01 1.266308128833770752e-02
6.801939999999262000e+03 2.100069820880889893e-01 1.287316903471946716e-02
6.803419999999261563e+03 2.136219143867492676e-01 1.295937597751617432e-02
6.804899999999261127e+03 2.140763252973556519e-01 1.292475406080484390e-02
6.806379999999260690e+03 2.012527734041213989e-01 1.272480655461549759e-02
6.807859999999260253e+03 1.941668987274169922e-01 1.263361144810914993e-02
6.809339999999259817e+03 2.097669243812561035e-01 1.289867237210273743e-02
6.810819999999259380e+03 2.205038368701934814e-01 1.305403467267751694e-02
6.812299999999258944e+03 2.273469567298889160e-01 1.309254392981529236e-02
6.813779999999258507e+03 2.458203136920928955e-01 1.339219510555267334e-02
6.815259999999258071e+03 2.144739031791687012e-01 1.296316739171743393e-02
6.816739999999257634e+03 2.108724415302276611e-01 1.287015248090028763e-02
6.818219999999257197e+03 2.059183865785598755e-01 1.277610752731561661e-02
6.819699999999256761e+03 2.169447988271713257e-01 1.300130877643823624e-02
6.821179999999256324e+03 2.082892656326293945e-01 1.288565900176763535e-02
6.822659999999255888e+03 1.954907327890396118e-01 1.265083625912666321e-02
6.824139999999255451e+03 2.051913142204284668e-01 1.291230134665966034e-02
6.825619999999255015e+03 1.930589377880096436e-01 1.293261814862489700e-02
6.827099999999254578e+03 2.014269530773162842e-01 1.343086082488298416e-02
6.828579999999254142e+03 2.165964543819427490e-01 1.376174483448266983e-02
6.830059999999253705e+03 1.998367011547088623e-01 1.316050998866558075e-02
6.831539999999253268e+03 1.936271786689758301e-01 1.311482302844524384e-02
6.833019999999252832e+03 2.020809948444366455e-01 1.357648894190788269e-02
6.834499999999252395e+03 2.073503285646438599e-01 1.339204795658588409e-02
6.835979999999251959e+03 2.119344174861907959e-01 1.304917223751544952e-02
6.837459999999251522e+03 2.198898345232009888e-01 1.299401558935642242e-02
6.838939999999251086e+03 1.985819339752197266e-01 1.274486631155014038e-02
6.840419999999250649e+03 2.169860154390335083e-01 1.304757315665483475e-02
6.841899999999250213e+03 2.203957885503768921e-01 1.298830751329660416e-02
6.843379999999249776e+03 2.123918831348419189e-01 1.287917234003543854e-02
6.844859999999249339e+03 2.098582237958908081e-01 1.282711140811443329e-02
6.846339999999248903e+03 2.106565833091735840e-01 1.279367413371801376e-02
6.847819999999248466e+03 2.099004387855529785e-01 1.288729812949895859e-02
6.849299999999248030e+03 2.045739144086837769e-01 1.280361041426658630e-02
6.850779999999247593e+03 2.263252139091491699e-01 1.313392352312803268e-02
6.852259999999247157e+03 2.015989422798156738e-01 1.267786324024200439e-02
6.853739999999246720e+03 1.991741210222244263e-01 1.258475705981254578e-02
6.855219999999246284e+03 2.114550918340682983e-01 1.274562813341617584e-02
6.856699999999245847e+03 2.205239683389663696e-01 1.289680134505033493e-02
6.858179999999245410e+03 2.176438122987747192e-01 1.281983405351638794e-02
6.859659999999244974e+03 2.037228047847747803e-01 1.278609782457351685e-02
6.861139999999244537e+03 2.142329066991806030e-01 1.378355640918016434e-02
6.862619999999244101e+03 2.160589396953582764e-01 1.429011672735214233e-02
6.864099999999243664e+03 2.129964232444763184e-01 1.405194588005542755e-02
6.865579999999243228e+03 2.000556141138076782e-01 1.237435080111026764e-02
6.867059999999242791e+03 1.448874175548553467e-01 1.057058293372392654e-02
6.868539999999242355e+03 1.326116770505905151e-01 1.019095629453659058e-02
6.870019999999241918e+03 1.298620402812957764e-01 1.024626847356557846e-02
6.871499999999241481e+03 1.589875519275665283e-01 1.084324438124895096e-02
6.872979999999241045e+03 1.593775600194931030e-01 1.088911294937133789e-02
6.874459999999240608e+03 1.565629839897155762e-01 1.098397839814424515e-02
6.875939999999240172e+03 1.673126220703125000e-01 1.130483951419591904e-02
6.877419999999239735e+03 1.776996701955795288e-01 1.171583961695432663e-02
6.878899999999239299e+03 1.836057156324386597e-01 1.212488207966089249e-02
6.880379999999238862e+03 1.866218000650405884e-01 1.242859475314617157e-02
6.881859999999238426e+03 1.848135888576507568e-01 1.228545233607292175e-02
6.883339999999237989e+03 1.909039318561553955e-01 1.210779044777154922e-02
6.884819999999237552e+03 1.876253783702850342e-01 1.190544851124286652e-02
6.886299999999237116e+03 1.876404434442520142e-01 1.199533324688673019e-02
6.887779999999236679e+03 1.777409911155700684e-01 1.199034880846738815e-02
6.889259999999236243e+03 1.763626635074615479e-01 1.187168806791305542e-02
6.890739999999235806e+03 1.921999603509902954e-01 1.199926342815160751e-02
6.892219999999235370e+03 1.742880642414093018e-01 1.168285403400659561e-02
6.893699999999234933e+03 1.931201219558715820e-01 1.206781063228845596e-02
6.895179999999234496e+03 1.891696155071258545e-01 1.193553395569324493e-02
6.896659999999234060e+03 1.783421933650970459e-01 1.180237624794244766e-02
6.898139999999233623e+03 1.758909225463867188e-01 1.196647528558969498e-02
6.899619999999233187e+03 1.923888176679611206e-01 1.227724831551313400e-02
6.901099999999232750e+03 2.032224535942077637e-01 1.256471779197454453e-02
6.902579999999232314e+03 2.069738358259201050e-01 1.241996325552463531e-02
6.904059999999231877e+03 1.747899502515792847e-01 1.181411277502775192e-02
6.905539999999231441e+03 1.882701665163040161e-01 1.213536038994789124e-02
6.907019999999231004e+03 2.138127982616424561e-01 1.254726387560367584e-02
6.908499999999230567e+03 1.890095770359039307e-01 1.215957850217819214e-02
6.909979999999230131e+03 1.838553249835968018e-01 1.237903907895088196e-02
6.911459999999229694e+03 1.922512948513031006e-01 1.263639330863952637e-02
6.912939999999229258e+03 1.942493915557861328e-01 1.241849269717931747e-02
6.914419999999228821e+03 1.979431807994842529e-01 1.234807632863521576e-02
6.915899999999228385e+03 2.019988745450973511e-01 1.240750867873430252e-02
6.917379999999227948e+03 2.023672163486480713e-01 1.242464128881692886e-02
6.918859999999227512e+03 1.993150860071182251e-01 1.249545626342296600e-02
6.920339999999227075e+03 1.933608353137969971e-01 1.285259611904621124e-02
6.921819999999226638e+03 1.808592379093170166e-01 1.290959212929010391e-02
6.923299999999226202e+03 1.845418810844421387e-01 1.280895061790943146e-02
6.924779999999225765e+03 1.668866127729415894e-01 1.200413145124912262e-02
6.926259999999225329e+03 2.071898281574249268e-01 1.244458183646202087e-02
6.927739999999224892e+03 1.830379217863082886e-01 1.201455574482679367e-02
6.929219999999224456e+03 1.940216720104217529e-01 1.221947092562913895e-02
6.930699999999224019e+03 1.928573548793792725e-01 1.219390984624624252e-02
6.932179999999223583e+03 1.888439357280731201e-01 1.216215081512928009e-02
6.933659999999223146e+03 1.965463310480117798e-01 1.233684830367565155e-02
6.935139999999222709e+03 1.994259953498840332e-01 1.241764053702354431e-02
6.936619999999222273e+03 1.880684047937393188e-01 1.231492403894662857e-02
6.938099999999221836e+03 1.875738352537155151e-01 1.240008696913719177e-02
6.939579999999221400e+03 1.927523612976074219e-01 1.234500668942928314e-02
6.941059999999220963e+03 1.962056010961532593e-01 1.222487445920705795e-02
6.942539999999220527e+03 1.968368887901306152e-01 1.223223377019166946e-02
6.944019999999220090e+03 1.894997954368591309e-01 1.217846386134624481e-02
6.945499999999219654e+03 1.920057237148284912e-01 1.243176031857728958e-02
6.946979999999219217e+03 1.882044225931167603e-01 1.291569974273443222e-02
6.948459999999218780e+03 1.859760135412216187e-01 1.308192033320665359e-02
6.949939999999218344e+03 2.119205892086029053e-01 1.302840188145637512e-02
6.951419999999217907e+03 2.186776101589202881e-01 1.283231191337108612e-02
6.952899999999217471e+03 1.877433955669403076e-01 1.218145154416561127e-02
6.954379999999217034e+03 2.061119079589843750e-01 1.240160502493381500e-02
6.955859999999216598e+03 2.128574997186660767e-01 1.254280190914869308e-02
6.957339999999216161e+03 1.912886500358581543e-01 1.228760275989770889e-02
6.958819999999215725e+03 1.824371516704559326e-01 1.210917346179485321e-02
6.960299999999215288e+03 1.801058948040008545e-01 1.208803430199623108e-02
6.961779999999214851e+03 1.828648746013641357e-01 1.226369012147188187e-02
6.963259999999214415e+03 2.028205990791320801e-01 1.263754069805145264e-02
6.964739999999213978e+03 2.067330032587051392e-01 1.256436295807361603e-02
6.966219999999213542e+03 1.981237828731536865e-01 1.251861639320850372e-02
6.967699999999213105e+03 1.997465491294860840e-01 1.277428306639194489e-02
6.969179999999212669e+03 2.039131373167037964e-01 1.284856721758842468e-02
6.970659999999212232e+03 2.045016586780548096e-01 1.269059441983699799e-02
6.972139999999211796e+03 2.093558907508850098e-01 1.271151378750801086e-02
6.973619999999211359e+03 2.111243307590484619e-01 1.277315337210893631e-02
6.975099999999210922e+03 1.946906298398971558e-01 1.254993584007024765e-02
6.976579999999210486e+03 2.021800130605697632e-01 1.296781096607446671e-02
6.978059999999210049e+03 2.080976963043212891e-01 1.307137589901685715e-02
6.979539999999209613e+03 1.904871165752410889e-01 1.235360186547040939e-02
6.981019999999209176e+03 1.948795169591903687e-01 1.241341885179281235e-02
6.982499999999208740e+03 1.955740749835968018e-01 1.238983683288097382e-02
6.983979999999208303e+03 1.828340590000152588e-01 1.224635075777769089e-02
6.985459999999207866e+03 1.878173351287841797e-01 1.219469122588634491e-02
6.986939999999207430e+03 1.793576478958129883e-01 1.202929951250553131e-02
6.988419999999206993e+03 1.881550550460815430e-01 1.218388136476278305e-02
6.989899999999206557e+03 1.942551285028457642e-01 1.236022915691137314e-02
6.991379999999206120e+03 1.933968067169189453e-01 1.223386637866497040e-02
6.992859999999205684e+03 1.923308968544006348e-01 1.214316114783287048e-02
6.994339999999205247e+03 1.875439286231994629e-01 1.220448222011327744e-02
6.995819999999204811e+03 1.963175386190414429e-01 1.238147821277379990e-02
6.997299999999204374e+03 1.970607042312622070e-01 1.231165323406457901e-02
6.998779999999203937e+03 1.821048110723495483e-01 1.206479594111442566e-02
7.000259999999203501e+03 1.894621849060058594e-01 1.229486335068941116e-02
7.001739999999203064e+03 2.020042538642883301e-01 1.253404933959245682e-02
7.003219999999202628e+03 1.897067725658416748e-01 1.221447251737117767e-02
7.004699999999202191e+03 1.804314851760864258e-01 1.198206469416618347e-02
7.006179999999201755e+03 1.901475489139556885e-01 1.205749344080686569e-02
7.007659999999201318e+03 1.895205825567245483e-01 1.217720657587051392e-02
7.009139999999200882e+03 1.954647153615951538e-01 1.246874965727329254e-02
7.010619999999200445e+03 1.792218536138534546e-01 1.231229770928621292e-02
7.012099999999200008e+03 1.848157644271850586e-01 1.239323988556861877e-02
7.013579999999199572e+03 1.981178075075149536e-01 1.238160952925682068e-02
7.015059999999199135e+03 1.718424260616302490e-01 1.167341135442256927e-02
7.016539999999198699e+03 1.843975633382797241e-01 1.201310940086841583e-02
7.018019999999198262e+03 2.114552855491638184e-01 1.253462582826614380e-02
7.019499999999197826e+03 2.096481174230575562e-01 1.249835174530744553e-02
7.020979999999197389e+03 2.096285521984100342e-01 1.252157893031835556e-02
7.022459999999196953e+03 2.044168710708618164e-01 1.241018157452344894e-02
7.023939999999196516e+03 2.051059007644653320e-01 1.238312572240829468e-02
7.025419999999196079e+03 1.971455514430999756e-01 1.226703915745019913e-02
7.026899999999195643e+03 1.938697099685668945e-01 1.220557279884815216e-02
7.028379999999195206e+03 1.995670199394226074e-01 1.241626311093568802e-02
7.029859999999194770e+03 2.113638222217559814e-01 1.267223060131072998e-02
7.031339999999194333e+03 1.941494792699813843e-01 1.236526109278202057e-02
7.032819999999193897e+03 1.916612386703491211e-01 1.228422578424215317e-02
7.034299999999193460e+03 2.046667933464050293e-01 1.248365547508001328e-02
7.035779999999193024e+03 1.951642334461212158e-01 1.233908440917730331e-02
7.037259999999192587e+03 1.803664267063140869e-01 1.199359446763992310e-02
7.038739999999192150e+03 1.816932857036590576e-01 1.201513782143592834e-02
7.040219999999191714e+03 1.932661682367324829e-01 1.240048743784427643e-02
7.041699999999191277e+03 2.190042436122894287e-01 1.287779305130243301e-02
7.043179999999190841e+03 2.178260385990142822e-01 1.277853455394506454e-02
7.044659999999190404e+03 1.913539618253707886e-01 1.244813017547130585e-02
7.046139999999189968e+03 1.958593577146530151e-01 1.259890198707580566e-02
7.047619999999189531e+03 1.991782486438751221e-01 1.264856755733489990e-02
7.049099999999189095e+03 1.886514723300933838e-01 1.239723991602659225e-02
7.050579999999188658e+03 1.948716044425964355e-01 1.234389748424291611e-02
7.052059999999188221e+03 1.868082135915756226e-01 1.226103398948907852e-02
7.053539999999187785e+03 1.876413375139236450e-01 1.232267357409000397e-02
7.055019999999187348e+03 1.984606683254241943e-01 1.239730417728424072e-02
7.056499999999186912e+03 1.780150681734085083e-01 1.196905877441167831e-02
7.057979999999186475e+03 1.932394802570343018e-01 1.222496572881937027e-02
7.059459999999186039e+03 2.150157094001770020e-01 1.269232574850320816e-02
7.060939999999185602e+03 1.953992098569869995e-01 1.234642975032329559e-02
7.062419999999185166e+03 1.972774863243103027e-01 1.243428140878677368e-02
7.063899999999184729e+03 1.813482046127319336e-01 1.224686298519372940e-02
7.065379999999184292e+03 1.895057559013366699e-01 1.238245517015457153e-02
7.066859999999183856e+03 1.978822946548461914e-01 1.244880817830562592e-02
7.068339999999183419e+03 2.044656872749328613e-01 1.252279989421367645e-02
7.069819999999182983e+03 2.115478068590164185e-01 1.260135788470506668e-02
7.071299999999182546e+03 2.067404985427856445e-01 1.256905496120452881e-02
7.072779999999182110e+03 2.008546292781829834e-01 1.252005528658628464e-02
7.074259999999181673e+03 1.929481625556945801e-01 1.237339060753583908e-02
7.075739999999181236e+03 1.991715729236602783e-01 1.245180983096361160e-02
7.077219999999180800e+03 2.127684205770492554e-01 1.264279428869485855e-02
7.078699999999180363e+03 2.051268219947814941e-01 1.260546967387199402e-02
7.080179999999179927e+03 1.882802397012710571e-01 1.237847749143838882e-02
7.081659999999179490e+03 2.167428582906723022e-01 1.269422005861997604e-02
7.083139999999179054e+03 2.037062048912048340e-01 1.253543980419635773e-02
7.084619999999178617e+03 1.870524734258651733e-01 1.217101980000734329e-02
7.086099999999178181e+03 1.833240538835525513e-01 1.221784390509128571e-02
7.087579999999177744e+03 1.933168470859527588e-01 1.239182241261005402e-02
7.089059999999177307e+03 2.239218503236770630e-01 1.291392557322978973e-02
7.090539999999176871e+03 2.137287259101867676e-01 1.269380934536457062e-02
7.092019999999176434e+03 1.907648444175720215e-01 1.228272356092929840e-02
7.093499999999175998e+03 1.986007541418075562e-01 1.241036131978034973e-02
7.094979999999175561e+03 2.046194672584533691e-01 1.240836083889007568e-02
7.096459999999175125e+03 2.115046977996826172e-01 1.248446665704250336e-02
