4.300739999999999782e+03 -4.000000000000000000e+00 2.000000000000000000e+00
4.302219999999999345e+03 -4.000000000000000000e+00 2.000000000000000000e+00
4.303699999999998909e+03 -4.000000000000000000e+00 2.000000000000000000e+00
4.305179999999998472e+03 -4.000000000000000000e+00 2.000000000000000000e+00
4.306659999999998035e+03 -4.000000000000000000e+00 2.000000000000000000e+00
4.308139999999997599e+03 -4.000000000000000000e+00 2.000000000000000000e+00
4.309619999999997162e+03 -4.000000000000000000e+00 2.000000000000000000e+00
4.311099999999996726e+03 -4.000000000000000000e+00 2.000000000000000000e+00
4.312579999999996289e+03 -4.000000000000000000e+00 2.000000000000000000e+00
4.314059999999995853e+03 -4.000000000000000000e+00 2.000000000000000000e+00
4.315539999999995416e+03 -4.000000000000000000e+00 2.000000000000000000e+00
4.317019999999994980e+03 -4.000000000000000000e+00 2.000000000000000000e+00
4.318499999999994543e+03 -4.000000000000000000e+00 2.000000000000000000e+00
4.319979999999994106e+03 -4.000000000000000000e+00 2.000000000000000000e+00
4.321459999999993670e+03 -4.000000000000000000e+00 2.000000000000000000e+00
4.322939999999993233e+03 -4.000000000000000000e+00 2.000000000000000000e+00
4.324419999999992797e+03 -4.000000000000000000e+00 2.000000000000000000e+00
4.325899999999992360e+03 -4.000000000000000000e+00 2.000000000000000000e+00
4.327379999999991924e+03 -4.000000000000000000e+00 2.000000000000000000e+00
4.328859999999991487e+03 -4.000000000000000000e+00 2.000000000000000000e+00
4.330339999999991051e+03 -4.000000000000000000e+00 2.000000000000000000e+00
4.331819999999990614e+03 -4.000000000000000000e+00 2.000000000000000000e+00
4.333299999999990177e+03 -4.000000000000000000e+00 2.000000000000000000e+00
4.334779999999989741e+03 -4.000000000000000000e+00 2.000000000000000000e+00
4.336259999999989304e+03 -4.000000000000000000e+00 2.000000000000000000e+00
4.337739999999988868e+03 -4.000000000000000000e+00 2.000000000000000000e+00
4.339219999999988431e+03 -4.000000000000000000e+00 2.000000000000000000e+00
4.340699999999987995e+03 -4.000000000000000000e+00 2.000000000000000000e+00
4.342179999999987558e+03 -4.000000000000000000e+00 2.000000000000000000e+00
4.343659999999987122e+03 -4.000000000000000000e+00 2.000000000000000000e+00
4.345139999999986685e+03 -4.000000000000000000e+00 2.000000000000000000e+00
4.346619999999986248e+03 -4.000000000000000000e+00 2.000000000000000000e+00
4.348099999999985812e+03 -4.000000000000000000e+00 2.000000000000000000e+00
4.349579999999985375e+03 -4.000000000000000000e+00 2.000000000000000000e+00
4.351059999999984939e+03 -4.000000000000000000e+00 2.000000000000000000e+00
4.352539999999984502e+03 -4.000000000000000000e+00 2.000000000000000000e+00
4.354019999999984066e+03 -4.000000000000000000e+00 2.000000000000000000e+00
4.355499999999983629e+03 -4.000000000000000000e+00 2.000000000000000000e+00
4.356979999999983193e+03 -4.000000000000000000e+00 2.000000000000000000e+00
4.358459999999982756e+03 -4.000000000000000000e+00 2.000000000000000000e+00
4.359939999999982319e+03 -4.000000000000000000e+00 2.000000000000000000e+00
4.361419999999981883e+03 -4.000000000000000000e+00 2.000000000000000000e+00
4.362899999999981446e+03 -4.000000000000000000e+00 2.000000000000000000e+00
4.364379999999981010e+03 -4.000000000000000000e+00 2.000000000000000000e+00
4.365859999999980573e+03 -4.000000000000000000e+00 2.000000000000000000e+00
4.367339999999980137e+03 -4.000000000000000000e+00 2.000000000000000000e+00
4.368819999999979700e+03 -4.000000000000000000e+00 2.000000000000000000e+00
4.370299999999979264e+03 -4.000000000000000000e+00 2.000000000000000000e+00
4.371779999999978827e+03 -4.000000000000000000e+00 2.000000000000000000e+00
4.373259999999978390e+03 -4.000000000000000000e+00 2.000000000000000000e+00
4.374739999999977954e+03 -4.000000000000000000e+00 2.000000000000000000e+00
4.376219999999977517e+03 -4.000000000000000000e+00 2.000000000000000000e+00
4.377699999999977081e+03 -4.000000000000000000e+00 2.000000000000000000e+00
4.379179999999976644e+03 -4.000000000000000000e+00 2.000000000000000000e+00
4.380659999999976208e+03 -4.000000000000000000e+00 2.000000000000000000e+00
4.382139999999975771e+03 -4.000000000000000000e+00 2.000000000000000000e+00
4.383619999999975335e+03 -4.000000000000000000e+00 2.000000000000000000e+00
4.385099999999974898e+03 -4.000000000000000000e+00 2.000000000000000000e+00
4.386579999999974461e+03 -4.000000000000000000e+00 2.000000000000000000e+00
4.388059999999974025e+03 -4.000000000000000000e+00 2.000000000000000000e+00
4.389539999999973588e+03 -4.000000000000000000e+00 2.000000000000000000e+00
4.391019999999973152e+03 -4.000000000000000000e+00 2.000000000000000000e+00
4.392499999999972715e+03 -4.000000000000000000e+00 2.000000000000000000e+00
4.393979999999972279e+03 -4.000000000000000000e+00 2.000000000000000000e+00
4.395459999999971842e+03 -4.000000000000000000e+00 2.000000000000000000e+00
4.396939999999971405e+03 -4.000000000000000000e+00 2.000000000000000000e+00
4.398419999999970969e+03 -4.000000000000000000e+00 2.000000000000000000e+00
4.399899999999970532e+03 -4.000000000000000000e+00 2.000000000000000000e+00
4.401379999999970096e+03 -4.000000000000000000e+00 2.000000000000000000e+00
4.402859999999969659e+03 -4.000000000000000000e+00 2.000000000000000000e+00
4.404339999999969223e+03 -4.000000000000000000e+00 2.000000000000000000e+00
4.405819999999968786e+03 -4.000000000000000000e+00 2.000000000000000000e+00
4.407299999999968350e+03 -4.000000000000000000e+00 2.000000000000000000e+00
4.408779999999967913e+03 -4.000000000000000000e+00 2.000000000000000000e+00
4.410259999999967476e+03 -4.000000000000000000e+00 2.000000000000000000e+00
4.411739999999967040e+03 -4.000000000000000000e+00 2.000000000000000000e+00
4.413219999999966603e+03 -4.000000000000000000e+00 2.000000000000000000e+00
4.414699999999966167e+03 -4.000000000000000000e+00 2.000000000000000000e+00
4.416179999999965730e+03 -4.000000000000000000e+00 2.000000000000000000e+00
4.417659999999965294e+03 -4.000000000000000000e+00 2.000000000000000000e+00
4.419139999999964857e+03 -4.000000000000000000e+00 2.000000000000000000e+00
4.420619999999964421e+03 -4.000000000000000000e+00 2.000000000000000000e+00
4.422099999999963984e+03 -4.000000000000000000e+00 2.000000000000000000e+00
4.423579999999963547e+03 -4.000000000000000000e+00 2.000000000000000000e+00
4.425059999999963111e+03 -4.000000000000000000e+00 2.000000000000000000e+00
4.426539999999962674e+03 -4.000000000000000000e+00 2.000000000000000000e+00
4.428019999999962238e+03 -4.000000000000000000e+00 2.000000000000000000e+00
4.429499999999961801e+03 -4.000000000000000000e+00 2.000000000000000000e+00
4.430979999999961365e+03 -4.000000000000000000e+00 2.000000000000000000e+00
4.432459999999960928e+03 -4.000000000000000000e+00 2.000000000000000000e+00
4.433939999999960492e+03 -4.000000000000000000e+00 2.000000000000000000e+00
4.435419999999960055e+03 -4.000000000000000000e+00 2.000000000000000000e+00
4.436899999999959618e+03 -4.000000000000000000e+00 2.000000000000000000e+00
4.438379999999959182e+03 -4.000000000000000000e+00 2.000000000000000000e+00
4.439859999999958745e+03 -4.000000000000000000e+00 2.000000000000000000e+00
4.441339999999958309e+03 -4.000000000000000000e+00 2.000000000000000000e+00
4.442819999999957872e+03 -4.000000000000000000e+00 2.000000000000000000e+00
4.444299999999957436e+03 -4.000000000000000000e+00 2.000000000000000000e+00
4.445779999999956999e+03 -4.000000000000000000e+00 2.000000000000000000e+00
4.447259999999956563e+03 -4.000000000000000000e+00 2.000000000000000000e+00
4.448739999999956126e+03 -4.000000000000000000e+00 2.000000000000000000e+00
4.450219999999955689e+03 -4.000000000000000000e+00 2.000000000000000000e+00
4.451699999999955253e+03 9.046544134616851807e-02 1.458122022449970245e-02
4.453179999999954816e+03 7.762962579727172852e-02 1.365834753960371017e-02
4.454659999999954380e+03 8.016748726367950439e-02 1.350313052535057068e-02
4.456139999999953943e+03 7.920953631401062012e-02 1.359344832599163055e-02
4.457619999999953507e+03 6.532384455204010010e-02 1.294569112360477448e-02
4.459099999999953070e+03 8.407668024301528931e-02 1.376400422304868698e-02
4.460579999999952634e+03 1.109903007745742798e-01 1.459130924195051193e-02
4.462059999999952197e+03 7.815618067979812622e-02 1.346985995769500732e-02
4.463539999999951760e+03 1.023506969213485718e-01 1.428064331412315369e-02
4.465019999999951324e+03 9.192503988742828369e-02 1.417546253651380539e-02
4.466499999999950887e+03 8.886808902025222778e-02 1.399576477706432343e-02
4.467979999999950451e+03 8.865398168563842773e-02 1.405705511569976807e-02
4.469459999999950014e+03 8.484049141407012939e-02 1.374564506113529205e-02
4.470939999999949578e+03 1.171522811055183411e-01 1.478622388094663620e-02
4.472419999999949141e+03 5.922197550535202026e-02 1.304919179528951645e-02
4.473899999999948704e+03 8.025220036506652832e-02 1.384963840246200562e-02
4.475379999999948268e+03 9.219439327716827393e-02 1.410951744765043259e-02
4.476859999999947831e+03 6.026282161474227905e-02 1.304014306515455246e-02
4.478339999999947395e+03 5.637451261281967163e-02 1.276470813900232315e-02
4.479819999999946958e+03 1.030680611729621887e-01 1.417561527341604233e-02
4.481299999999946522e+03 6.235579401254653931e-02 1.255268882960081100e-02
4.482779999999946085e+03 6.963268667459487915e-02 1.289959438145160675e-02
4.484259999999945649e+03 8.815506845712661743e-02 1.388340257108211517e-02
4.485739999999945212e+03 8.146843314170837402e-02 1.391834951937198639e-02
4.487219999999944775e+03 9.401673823595046997e-02 1.417178381234407425e-02
4.488699999999944339e+03 7.693706452846527100e-02 1.325027737766504288e-02
4.490179999999943902e+03 8.845566958189010620e-02 1.375941652804613113e-02
4.491659999999943466e+03 6.767386943101882935e-02 1.315606106072664261e-02
4.493139999999943029e+03 7.975310087203979492e-02 1.356885954737663269e-02
4.494619999999942593e+03 7.477595657110214233e-02 1.325755845755338669e-02
4.496099999999942156e+03 7.332408428192138672e-02 1.316635776311159134e-02
4.497579999999941720e+03 5.104901641607284546e-02 1.229601167142391205e-02
4.499059999999941283e+03 8.793587237596511841e-02 1.378391776233911514e-02
4.500539999999940846e+03 8.456608653068542480e-02 1.355576608330011368e-02
4.502019999999940410e+03 8.624169230461120605e-02 1.352318841964006424e-02
4.503499999999939973e+03 9.082584083080291748e-02 1.382619608193635941e-02
4.504979999999939537e+03 1.004645973443984985e-01 1.411151420325040817e-02
4.506459999999939100e+03 1.134670674800872803e-01 1.456699334084987640e-02
4.507939999999938664e+03 7.373554259538650513e-02 1.318482495844364166e-02
4.509419999999938227e+03 6.735440343618392944e-02 1.280783303081989288e-02
4.510899999999937791e+03 7.069464027881622314e-02 1.304950658231973648e-02
4.512379999999937354e+03 5.291141569614410400e-02 1.242823433130979538e-02
4.513859999999936917e+03 7.830554246902465820e-02 1.323056500405073166e-02
4.515339999999936481e+03 6.760565936565399170e-02 1.276312675327062607e-02
4.516819999999936044e+03 7.441931962966918945e-02 1.297684852033853531e-02
4.518299999999935608e+03 1.001071333885192871e-01 1.370000466704368591e-02
4.519779999999935171e+03 6.981331855058670044e-02 1.268744934350252151e-02
4.521259999999934735e+03 6.331254541873931885e-02 1.272757165133953094e-02
4.522739999999934298e+03 8.350224792957305908e-02 1.325573399662971497e-02
4.524219999999933862e+03 1.255091726779937744e-01 1.466849260032176971e-02
4.525699999999933425e+03 1.718838214874267578e-01 1.592100039124488831e-02
4.527179999999932988e+03 2.007070779800415039e-01 1.670497842133045197e-02
4.528659999999932552e+03 6.933227181434631348e-02 1.264697685837745667e-02
4.530139999999932115e+03 4.882826656103134155e-02 1.206793822348117828e-02
4.531619999999931679e+03 8.874242752790451050e-02 1.344988681375980377e-02
4.533099999999931242e+03 7.834334671497344971e-02 1.321561262011528015e-02
4.534579999999930806e+03 9.137783944606781006e-02 1.354392059147357941e-02
4.536059999999930369e+03 1.047465503215789795e-01 1.389556936919689178e-02
4.537539999999929933e+03 8.004650473594665527e-02 1.331953797489404678e-02
4.539019999999929496e+03 9.365005046129226685e-02 1.387912128120660782e-02
4.540499999999929059e+03 8.650158345699310303e-02 1.329610310494899750e-02
4.541979999999928623e+03 1.104981005191802979e-01 1.401879731565713882e-02
4.543459999999928186e+03 7.597116380929946899e-02 1.310149673372507095e-02
4.544939999999927750e+03 7.125915586948394775e-02 1.279849372804164886e-02
4.546419999999927313e+03 8.944585919380187988e-02 1.349421776831150055e-02
4.547899999999926877e+03 1.071301251649856567e-01 1.392292696982622147e-02
4.549379999999926440e+03 1.093804389238357544e-01 1.369910500943660736e-02
4.550859999999926004e+03 7.065941393375396729e-02 1.244238391518592834e-02
4.552339999999925567e+03 1.139108240604400635e-01 1.401521638035774231e-02
4.553819999999925130e+03 4.959662258625030518e-02 1.179007627069950104e-02
4.555299999999924694e+03 8.522891998291015625e-02 1.292944140732288361e-02
4.556779999999924257e+03 9.501395374536514282e-02 1.319574564695358276e-02
4.558259999999923821e+03 7.728029787540435791e-02 1.280178222805261612e-02
4.559739999999923384e+03 8.706120401620864868e-02 1.299918908625841141e-02
4.561219999999922948e+03 1.111680418252944946e-01 1.374757010489702225e-02
4.562699999999922511e+03 6.003438681364059448e-02 1.190336886793375015e-02
4.564179999999922074e+03 8.389241993427276611e-02 1.258451305329799652e-02
4.565659999999921638e+03 1.009228378534317017e-01 1.304758898913860321e-02
4.567139999999921201e+03 8.294945955276489258e-02 1.267624367028474808e-02
4.568619999999920765e+03 1.024000197649002075e-01 1.344305928796529770e-02
4.570099999999920328e+03 8.695276081562042236e-02 1.274542696774005890e-02
4.571579999999919892e+03 8.169609308242797852e-02 1.263975817710161209e-02
4.573059999999919455e+03 8.001400530338287354e-02 1.252202969044446945e-02
4.574539999999919019e+03 7.591596990823745728e-02 1.237227208912372589e-02
4.576019999999918582e+03 9.503768384456634521e-02 1.310944650322198868e-02
4.577499999999918145e+03 1.075510531663894653e-01 1.353875454515218735e-02
4.578979999999917709e+03 9.922441840171813965e-02 1.331062894314527512e-02
4.580459999999917272e+03 1.136557310819625854e-01 1.367606502026319504e-02
4.581939999999916836e+03 1.098346188664436340e-01 1.340137980878353119e-02
4.583419999999916399e+03 7.885944843292236328e-02 1.227600965648889542e-02
4.584899999999915963e+03 7.135809212923049927e-02 1.205355860292911530e-02
4.586379999999915526e+03 9.373789280652999878e-02 1.282638963311910629e-02
4.587859999999915090e+03 9.975069016218185425e-02 1.288223918527364731e-02
4.589339999999914653e+03 1.117953360080718994e-01 1.329916529357433319e-02
4.590819999999914216e+03 7.392313331365585327e-02 1.194067299365997314e-02
4.592299999999913780e+03 7.241131365299224854e-02 1.197270397096872330e-02
4.593779999999913343e+03 7.234081625938415527e-02 1.192288380116224289e-02
4.595259999999912907e+03 9.361582994461059570e-02 1.265301648527383804e-02
4.596739999999912470e+03 1.169503629207611084e-01 1.340356096625328064e-02
4.598219999999912034e+03 7.500331103801727295e-02 1.190027222037315369e-02
4.599699999999911597e+03 9.057340025901794434e-02 1.242886763066053391e-02
4.601179999999911161e+03 9.829416871070861816e-02 1.254380028694868088e-02
4.602659999999910724e+03 1.108668372035026550e-01 1.298870425671339035e-02
4.604139999999910287e+03 9.793721884489059448e-02 1.254918705672025681e-02
4.605619999999909851e+03 1.027120202779769897e-01 1.259146351367235184e-02
4.607099999999909414e+03 1.044242307543754578e-01 1.286980975419282913e-02
4.608579999999908978e+03 9.163683652877807617e-02 1.255020592361688614e-02
4.610059999999908541e+03 7.317945361137390137e-02 1.207134127616882324e-02
4.611539999999908105e+03 7.815415412187576294e-02 1.197749841958284378e-02
4.613019999999907668e+03 8.705833554267883301e-02 1.217035762965679169e-02
4.614499999999907232e+03 8.169594407081604004e-02 1.208751462399959564e-02
4.615979999999906795e+03 7.887906581163406372e-02 1.195673737674951553e-02
4.617459999999906358e+03 6.500496715307235718e-02 1.147117372602224350e-02
4.618939999999905922e+03 1.048243492841720581e-01 1.257323566824197769e-02
4.620419999999905485e+03 7.681504637002944946e-02 1.180450618267059326e-02
4.621899999999905049e+03 7.288832962512969971e-02 1.160129811614751816e-02
4.623379999999904612e+03 9.016786515712738037e-02 1.211673580110073090e-02
4.624859999999904176e+03 9.122915565967559814e-02 1.223659608513116837e-02
4.626339999999903739e+03 7.680901885032653809e-02 1.172364130616188049e-02
4.627819999999903303e+03 9.301268309354782104e-02 1.226522400975227356e-02
4.629299999999902866e+03 8.588674664497375488e-02 1.198488660156726837e-02
4.630779999999902429e+03 8.207000046968460083e-02 1.175608951598405838e-02
4.632259999999901993e+03 9.236668050289154053e-02 1.220432482659816742e-02
4.633739999999901556e+03 7.121329009532928467e-02 1.142164878547191620e-02
4.635219999999901120e+03 7.411471009254455566e-02 1.158253382891416550e-02
4.636699999999900683e+03 8.518762886524200439e-02 1.186626777052879333e-02
4.638179999999900247e+03 9.248571097850799561e-02 1.199814211577177048e-02
4.639659999999899810e+03 9.718558192253112793e-02 1.213100831955671310e-02
4.641139999999899374e+03 6.790611147880554199e-02 1.122397091239690781e-02
4.642619999999898937e+03 7.804115116596221924e-02 1.173771265894174576e-02
4.644099999999898500e+03 9.017466753721237183e-02 1.176167652010917664e-02
4.645579999999898064e+03 9.894312918186187744e-02 1.192315574735403061e-02
4.647059999999897627e+03 9.447392821311950684e-02 1.180629804730415344e-02
4.648539999999897191e+03 9.673108160495758057e-02 1.186154317110776901e-02
4.650019999999896754e+03 9.296847879886627197e-02 1.183983031660318375e-02
4.651499999999896318e+03 1.126338243484497070e-01 1.253323722630739212e-02
4.652979999999895881e+03 8.515081554651260376e-02 1.161763537675142288e-02
4.654459999999895444e+03 9.311241656541824341e-02 1.179841905832290649e-02
4.655939999999895008e+03 6.718725711107254028e-02 1.105457358062267303e-02
4.657419999999894571e+03 9.600267559289932251e-02 1.214337162673473358e-02
4.658899999999894135e+03 9.230355918407440186e-02 1.219130679965019226e-02
4.660379999999893698e+03 6.379356235265731812e-02 1.126851141452789307e-02
4.661859999999893262e+03 8.664788305759429932e-02 1.196190714836120605e-02
4.663339999999892825e+03 9.445447474718093872e-02 1.210547890514135361e-02
4.664819999999892389e+03 1.020769998431205750e-01 1.203400921076536179e-02
4.666299999999891952e+03 1.033405512571334839e-01 1.208218000829219818e-02
4.667779999999891515e+03 9.163614362478256226e-02 1.157864648848772049e-02
4.669259999999891079e+03 8.829651027917861938e-02 1.141498796641826630e-02
4.670739999999890642e+03 9.626562893390655518e-02 1.193316560238599777e-02
4.672219999999890206e+03 5.341489613056182861e-02 1.048718672245740891e-02
4.673699999999889769e+03 6.500004231929779053e-02 1.084361039102077484e-02
4.675179999999889333e+03 8.160904049873352051e-02 1.156908087432384491e-02
4.676659999999888896e+03 8.522161096334457397e-02 1.161689125001430511e-02
4.678139999999888460e+03 8.888499438762664795e-02 1.157893333584070206e-02
4.679619999999888023e+03 1.050540879368782043e-01 1.206823624670505524e-02
4.681099999999887586e+03 9.958280622959136963e-02 1.187926717102527618e-02
4.682579999999887150e+03 8.812506496906280518e-02 1.155474688857793808e-02
4.684059999999886713e+03 8.341683447360992432e-02 1.201296597719192505e-02
4.685539999999886277e+03 8.168636262416839600e-02 1.142804510891437531e-02
4.687019999999885840e+03 6.385083496570587158e-02 1.074360217899084091e-02
4.688499999999885404e+03 7.650876045227050781e-02 1.099041942507028580e-02
4.689979999999884967e+03 9.468019008636474609e-02 1.181206665933132172e-02
4.691459999999884531e+03 8.461272716522216797e-02 1.129780802875757217e-02
4.692939999999884094e+03 1.121098324656486511e-01 1.208817772567272186e-02
4.694419999999883657e+03 8.649680763483047485e-02 1.141264196485280991e-02
4.695899999999883221e+03 1.043291538953781128e-01 1.182337105274200439e-02
4.697379999999882784e+03 1.085310652852058411e-01 1.194558851420879364e-02
4.698859999999882348e+03 9.260448813438415527e-02 1.135602593421936035e-02
4.700339999999881911e+03 6.838808953762054443e-02 1.057701278477907181e-02
4.701819999999881475e+03 7.228302955627441406e-02 1.070479210466146469e-02
4.703299999999881038e+03 1.075012087821960449e-01 1.177105773240327835e-02
4.704779999999880602e+03 1.113492995500564575e-01 1.194820087403059006e-02
4.706259999999880165e+03 8.387039601802825928e-02 1.107387058436870575e-02
4.707739999999879728e+03 1.010565310716629028e-01 1.162547152489423752e-02
4.709219999999879292e+03 9.024631977081298828e-02 1.122734136879444122e-02
4.710699999999878855e+03 9.045952558517456055e-02 1.126025058329105377e-02
4.712179999999878419e+03 9.507834911346435547e-02 1.145189814269542694e-02
4.713659999999877982e+03 8.441653102636337280e-02 1.096797268837690353e-02
4.715139999999877546e+03 1.017197743058204651e-01 1.155427843332290649e-02
4.716619999999877109e+03 8.013636618852615356e-02 1.087587326765060425e-02
4.718099999999876673e+03 9.264869987964630127e-02 1.133360527455806732e-02
4.719579999999876236e+03 7.879685610532760620e-02 1.094392966479063034e-02
4.721059999999875799e+03 7.346977293491363525e-02 1.083001866936683655e-02
4.722539999999875363e+03 6.889312714338302612e-02 1.055896189063787460e-02
4.724019999999874926e+03 7.876161485910415649e-02 1.101874746382236481e-02
4.725499999999874490e+03 7.133796066045761108e-02 1.066479273140430450e-02
4.726979999999874053e+03 8.471418917179107666e-02 1.102212537080049515e-02
4.728459999999873617e+03 8.237223327159881592e-02 1.081656292080879211e-02
4.729939999999873180e+03 9.314137697219848633e-02 1.114172860980033875e-02
4.731419999999872744e+03 6.785728037357330322e-02 1.034071017056703568e-02
4.732899999999872307e+03 8.469574898481369019e-02 1.084428653120994568e-02
4.734379999999871870e+03 9.139166027307510376e-02 1.108787022531032562e-02
4.735859999999871434e+03 9.479099512100219727e-02 1.115718390792608261e-02
4.737339999999870997e+03 9.259709715843200684e-02 1.110853720456361771e-02
4.738819999999870561e+03 7.500387728214263916e-02 1.057333871722221375e-02
4.740299999999870124e+03 6.757802516222000122e-02 1.030086632817983627e-02
4.741779999999869688e+03 7.417936623096466064e-02 1.046702638268470764e-02
4.743259999999869251e+03 7.769309729337692261e-02 1.074444130063056946e-02
4.744739999999868814e+03 7.548563182353973389e-02 1.061719935387372971e-02
4.746219999999868378e+03 1.065004467964172363e-01 1.150946412235498428e-02
4.747699999999867941e+03 9.706530719995498657e-02 1.130569353699684143e-02
4.749179999999867505e+03 9.141411632299423218e-02 1.098151225596666336e-02
4.750659999999867068e+03 9.461760520935058594e-02 1.099955011159181595e-02
4.752139999999866632e+03 6.697530299425125122e-02 1.017659902572631836e-02
4.753619999999866195e+03 8.258762955665588379e-02 1.056955475360155106e-02
4.755099999999865759e+03 8.398495614528656006e-02 1.062372047454118729e-02
4.756579999999865322e+03 1.064768731594085693e-01 1.134894974529743195e-02
4.758059999999864885e+03 8.845612406730651855e-02 1.085723005235195160e-02
4.759539999999864449e+03 7.375011593103408813e-02 1.042406354099512100e-02
4.761019999999864012e+03 8.075325191020965576e-02 1.062878873199224472e-02
4.762499999999863576e+03 9.822702407836914062e-02 1.110123470425605774e-02
4.763979999999863139e+03 9.034699946641921997e-02 1.080405432730913162e-02
4.765459999999862703e+03 8.333154767751693726e-02 1.050789747387170792e-02
4.766939999999862266e+03 9.183353930711746216e-02 1.096120476722717285e-02
4.768419999999861830e+03 8.966634422540664673e-02 1.094703376293182373e-02
4.769899999999861393e+03 8.923296630382537842e-02 1.083458028733730316e-02
4.771379999999860956e+03 8.057032525539398193e-02 1.057343091815710068e-02
4.772859999999860520e+03 1.028536260128021240e-01 1.127070095390081406e-02
4.774339999999860083e+03 9.768322110176086426e-02 1.120392885059118271e-02
4.775819999999859647e+03 9.625628590583801270e-02 1.109281647950410843e-02
4.777299999999859210e+03 7.964983582496643066e-02 1.050223316997289658e-02
4.778779999999858774e+03 1.012769341468811035e-01 1.124755665659904480e-02
4.780259999999858337e+03 8.875183761119842529e-02 1.084274612367153168e-02
4.781739999999857901e+03 8.663916587829589844e-02 1.063814759254455566e-02
4.783219999999857464e+03 8.971184492111206055e-02 1.074977032840251923e-02
4.784699999999857027e+03 9.479671716690063477e-02 1.101311203092336655e-02
4.786179999999856591e+03 9.638693928718566895e-02 1.099580805748701096e-02
4.787659999999856154e+03 8.031553775072097778e-02 1.046256441622972488e-02
4.789139999999855718e+03 8.475929498672485352e-02 1.061244960874319077e-02
4.790619999999855281e+03 8.177246153354644775e-02 1.049932278692722321e-02
4.792099999999854845e+03 9.552992880344390869e-02 1.102237589657306671e-02
4.793579999999854408e+03 9.761649370193481445e-02 1.116181816905736923e-02
4.795059999999853972e+03 9.402467310428619385e-02 1.103680022060871124e-02
4.796539999999853535e+03 1.153374761343002319e-01 1.160544436424970627e-02
4.798019999999853098e+03 9.175328910350799561e-02 1.086668204516172409e-02
4.799499999999852662e+03 7.850950956344604492e-02 1.042595040053129196e-02
4.800979999999852225e+03 1.040785312652587891e-01 1.113660074770450592e-02
4.802459999999851789e+03 9.142024070024490356e-02 1.075255405157804489e-02
4.803939999999851352e+03 7.708846032619476318e-02 1.041193492710590363e-02
4.805419999999850916e+03 9.106323868036270142e-02 1.079633645713329315e-02
4.806899999999850479e+03 7.740187644958496094e-02 1.026785839349031448e-02
4.808379999999850043e+03 8.591879904270172119e-02 1.054912246763706207e-02
4.809859999999849606e+03 8.958382904529571533e-02 1.069177035242319107e-02
4.811339999999849169e+03 1.073766127228736877e-01 1.127212867140769958e-02
4.812819999999848733e+03 8.270164579153060913e-02 1.057653967291116714e-02
4.814299999999848296e+03 8.832448720932006836e-02 1.076720748096704483e-02
4.815779999999847860e+03 9.125130623579025269e-02 1.083155162632465363e-02
4.817259999999847423e+03 8.293242752552032471e-02 1.067082211375236511e-02
4.818739999999846987e+03 1.119399815797805786e-01 1.147778425365686417e-02
4.820219999999846550e+03 8.375558257102966309e-02 1.083195395767688751e-02
4.821699999999846113e+03 8.316017687320709229e-02 1.076301001012325287e-02
4.823179999999845677e+03 1.048323065042495728e-01 1.115707773715257645e-02
4.824659999999845240e+03 8.552484214305877686e-02 1.066464558243751526e-02
4.826139999999844804e+03 1.065431982278823853e-01 1.136276498436927795e-02
4.827619999999844367e+03 9.939929097890853882e-02 1.116537116467952728e-02
4.829099999999843931e+03 7.265810668468475342e-02 1.033591665327548981e-02
4.830579999999843494e+03 8.324067294597625732e-02 1.064566150307655334e-02
4.832059999999843058e+03 7.688352465629577637e-02 1.056202873587608337e-02
4.833539999999842621e+03 8.862833678722381592e-02 1.095332577824592590e-02
4.835019999999842184e+03 7.842317223548889160e-02 1.064424589276313782e-02
4.836499999999841748e+03 8.931703865528106689e-02 1.094507332891225815e-02
4.837979999999841311e+03 1.155500635504722595e-01 1.159515045583248138e-02
4.839459999999840875e+03 9.244674444198608398e-02 1.090413611382246017e-02
4.840939999999840438e+03 9.745251387357711792e-02 1.098628155887126923e-02
4.842419999999840002e+03 9.540551900863647461e-02 1.086587458848953247e-02
4.843899999999839565e+03 9.631701558828353882e-02 1.081034634262323380e-02
4.845379999999839129e+03 1.236287429928779602e-01 1.171908900141716003e-02
4.846859999999838692e+03 7.221691310405731201e-02 1.027175690978765488e-02
4.848339999999838255e+03 6.409648805856704712e-02 9.877133183181285858e-03
4.849819999999837819e+03 8.194402605295181274e-02 1.033938769251108170e-02
4.851299999999837382e+03 9.044513851404190063e-02 1.063632592558860779e-02
4.852779999999836946e+03 8.164726197719573975e-02 1.045412570238113403e-02
4.854259999999836509e+03 1.005805879831314087e-01 1.087860390543937683e-02
4.855739999999836073e+03 9.591690450906753540e-02 1.063184998929500580e-02
4.857219999999835636e+03 1.044232398271560669e-01 1.073624473065137863e-02
4.858699999999835200e+03 1.008370220661163330e-01 1.049438118934631348e-02
4.860179999999834763e+03 7.904587686061859131e-02 1.000560726970434189e-02
4.861659999999834326e+03 9.635628759860992432e-02 1.057135220617055893e-02
4.863139999999833890e+03 8.731433749198913574e-02 1.015582215040922165e-02
4.864619999999833453e+03 9.193083643913269043e-02 1.028675679117441177e-02
4.866099999999833017e+03 8.341217786073684692e-02 1.007122825831174850e-02
4.867579999999832580e+03 8.096168935298919678e-02 1.006520260125398636e-02
4.869059999999832144e+03 7.532132416963577271e-02 9.990334510803222656e-03
4.870539999999831707e+03 8.244237303733825684e-02 1.001966930925846100e-02
4.872019999999831271e+03 7.762458175420761108e-02 9.777324274182319641e-03
4.873499999999830834e+03 8.320453017950057983e-02 1.006676536053419113e-02
4.874979999999830397e+03 9.988140314817428589e-02 1.060005370527505875e-02
4.876459999999829961e+03 9.147592633962631226e-02 1.043626945465803146e-02
4.877939999999829524e+03 8.633482456207275391e-02 1.033240091055631638e-02
4.879419999999829088e+03 9.389559924602508545e-02 1.060501951724290848e-02
4.880899999999828651e+03 1.003244519233703613e-01 1.085870340466499329e-02
4.882379999999828215e+03 8.726520836353302002e-02 1.042835135012865067e-02
4.883859999999827778e+03 8.363236486911773682e-02 1.025768741965293884e-02
4.885339999999827342e+03 8.809791505336761475e-02 1.032885722815990448e-02
4.886819999999826905e+03 1.240287125110626221e-01 1.126202102750539780e-02
4.888299999999826468e+03 1.023892909288406372e-01 1.071150880306959152e-02
4.889779999999826032e+03 1.268183588981628418e-01 1.140043046325445175e-02
4.891259999999825595e+03 9.369224309921264648e-02 1.048234757035970688e-02
4.892739999999825159e+03 9.977234899997711182e-02 1.068107970058917999e-02
4.894219999999824722e+03 7.940150052309036255e-02 1.014335080981254578e-02
4.895699999999824286e+03 9.609948843717575073e-02 1.065058819949626923e-02
4.897179999999823849e+03 9.490447491407394409e-02 1.068373769521713257e-02
4.898659999999823413e+03 8.167442679405212402e-02 1.011448353528976440e-02
4.900139999999822976e+03 9.791430830955505371e-02 1.058970857411623001e-02
4.901619999999822539e+03 9.556850790977478027e-02 1.049939822405576706e-02
4.903099999999822103e+03 8.878275752067565918e-02 1.031174696981906891e-02
4.904579999999821666e+03 8.399511873722076416e-02 1.020154263824224472e-02
4.906059999999821230e+03 7.440101355314254761e-02 1.003727130591869354e-02
4.907539999999820793e+03 1.023025140166282654e-01 1.062997244298458099e-02
4.909019999999820357e+03 9.579907357692718506e-02 1.032151468098163605e-02
4.910499999999819920e+03 9.475422650575637817e-02 1.033418346196413040e-02
4.911979999999819483e+03 9.263654053211212158e-02 1.032723020762205124e-02
4.913459999999819047e+03 8.494292944669723511e-02 1.010708045214414597e-02
4.914939999999818610e+03 1.009004861116409302e-01 1.065548975020647049e-02
4.916419999999818174e+03 8.096656203269958496e-02 1.004899851977825165e-02
4.917899999999817737e+03 9.275020658969879150e-02 1.018351502716541290e-02
4.919379999999817301e+03 1.042303144931793213e-01 1.038215402513742447e-02
4.920859999999816864e+03 8.991709351539611816e-02 1.004687603563070297e-02
4.922339999999816428e+03 1.052739843726158142e-01 1.057054847478866577e-02
4.923819999999815991e+03 9.912136197090148926e-02 1.048957929015159607e-02
4.925299999999815554e+03 1.058924719691276550e-01 1.041180826723575592e-02
4.926779999999815118e+03 1.104660332202911377e-01 3.680197894573211670e-02
4.928259999999814681e+03 9.429742395877838135e-02 3.092204406857490540e-02
4.929739999999814245e+03 7.887619733810424805e-02 9.684232063591480255e-03
4.931219999999813808e+03 9.440356492996215820e-02 1.036289893090724945e-02
4.932699999999813372e+03 8.745987713336944580e-02 1.003330200910568237e-02
4.934179999999812935e+03 1.046705245971679688e-01 1.049297954887151718e-02
4.935659999999812499e+03 1.027867197990417480e-01 1.065061707049608231e-02
4.937139999999812062e+03 8.851221203804016113e-02 1.025123242288827896e-02
4.938619999999811625e+03 9.352612495422363281e-02 1.034058816730976105e-02
4.940099999999811189e+03 1.074798554182052612e-01 1.065174024552106857e-02
4.941579999999810752e+03 9.569351375102996826e-02 1.045042742043733597e-02
4.943059999999810316e+03 9.011129289865493774e-02 1.026496198028326035e-02
4.944539999999809879e+03 1.086467131972312927e-01 1.079165562987327576e-02
4.946019999999809443e+03 1.001737937331199646e-01 1.054294034838676453e-02
4.947499999999809006e+03 8.662992715835571289e-02 1.016687415540218353e-02
4.948979999999808570e+03 1.207671165466308594e-01 1.113905664533376694e-02
4.950459999999808133e+03 1.121989786624908447e-01 1.088002324104309082e-02
4.951939999999807696e+03 9.522028267383575439e-02 1.041368674486875534e-02
4.953419999999807260e+03 1.085335314273834229e-01 1.080929022282361984e-02
4.954899999999806823e+03 1.101016700267791748e-01 1.064545940607786179e-02
4.956379999999806387e+03 1.076630279421806335e-01 1.042338367551565170e-02
4.957859999999805950e+03 1.016783714294433594e-01 1.022074650973081589e-02
4.959339999999805514e+03 1.084834560751914978e-01 1.058789249509572983e-02
4.960819999999805077e+03 1.002879142761230469e-01 1.052905060350894928e-02
4.962299999999804641e+03 1.013370603322982788e-01 1.063532941043376923e-02
4.963779999999804204e+03 8.991900086402893066e-02 1.018413063138723373e-02
4.965259999999803767e+03 7.533691078424453735e-02 9.817679412662982941e-03
4.966739999999803331e+03 1.205360442399978638e-01 1.113903708755970001e-02
4.968219999999802894e+03 1.057553142309188843e-01 1.059085503220558167e-02
4.969699999999802458e+03 1.021184101700782776e-01 1.060017570853233337e-02
4.971179999999802021e+03 1.086167022585868835e-01 1.083313859999179840e-02
4.972659999999801585e+03 1.035312563180923462e-01 1.058539003133773804e-02
4.974139999999801148e+03 9.910875558853149414e-02 1.038552727550268173e-02
4.975619999999800712e+03 9.962106496095657349e-02 1.042355597019195557e-02
4.977099999999800275e+03 9.419400244951248169e-02 1.028476282954216003e-02
4.978579999999799838e+03 9.182882308959960938e-02 1.013716310262680054e-02
4.980059999999799402e+03 1.119372099637985229e-01 1.069083344191312790e-02
4.981539999999798965e+03 9.600709378719329834e-02 1.018704287707805634e-02
4.983019999999798529e+03 8.428718149662017822e-02 9.660811163485050201e-03
4.984499999999798092e+03 9.608945250511169434e-02 1.006229128688573837e-02
4.985979999999797656e+03 1.029092222452163696e-01 1.048929151147603989e-02
4.987459999999797219e+03 8.653094619512557983e-02 1.006669178605079651e-02
4.988939999999796783e+03 8.704403787851333618e-02 1.011989545077085495e-02
4.990419999999796346e+03 9.530165046453475952e-02 1.034147571772336960e-02
4.991899999999795909e+03 9.505523741245269775e-02 1.028861664235591888e-02
4.993379999999795473e+03 1.144412308931350708e-01 1.078737713396549225e-02
4.994859999999795036e+03 1.020474731922149658e-01 1.044699549674987793e-02
4.996339999999794600e+03 1.125134080648422241e-01 1.075417920947074890e-02
4.997819999999794163e+03 1.212594509124755859e-01 1.096954476088285446e-02
4.999299999999793727e+03 1.150749102234840393e-01 1.062122453004121780e-02
5.000779999999793290e+03 9.391713142395019531e-02 9.996069595217704773e-03
5.002259999999792853e+03 1.239692568778991699e-01 1.089213788509368896e-02
5.003739999999792417e+03 1.143577396869659424e-01 1.066018175333738327e-02
5.005219999999791980e+03 9.188591688871383667e-02 9.997678920626640320e-03
5.006699999999791544e+03 9.680359065532684326e-02 1.020845212042331696e-02
5.008179999999791107e+03 1.090543940663337708e-01 1.045919209718704224e-02
5.009659999999790671e+03 1.013113483786582947e-01 1.245533954352140427e-02
5.011139999999790234e+03 8.746834844350814819e-02 2.927072718739509583e-02
5.012619999999789798e+03 9.067229926586151123e-02 2.463523298501968384e-02
5.014099999999789361e+03 9.298974275588989258e-02 9.729109704494476318e-03
5.015579999999788924e+03 1.050910800695419312e-01 1.039986498653888702e-02
5.017059999999788488e+03 8.784967660903930664e-02 9.828178212046623230e-03
5.018539999999788051e+03 9.072354435920715332e-02 9.869149886071681976e-03
5.020019999999787615e+03 1.112725064158439636e-01 1.051136758178472519e-02
5.021499999999787178e+03 1.118485331535339355e-01 1.039985194802284241e-02
5.022979999999786742e+03 1.089819669723510742e-01 1.033566985279321671e-02
5.024459999999786305e+03 9.033703058958053589e-02 9.961537085473537445e-03
5.025939999999785869e+03 8.606688678264617920e-02 9.995041415095329285e-03
5.027419999999785432e+03 7.808430492877960205e-02 9.885495528578758240e-03
5.028899999999784995e+03 7.563631236553192139e-02 9.450775571167469025e-03
5.030379999999784559e+03 7.994057238101959229e-02 9.645718149840831757e-03
5.031859999999784122e+03 1.004688367247581482e-01 1.026929821819067001e-02
5.033339999999783686e+03 1.047633439302444458e-01 1.033600419759750366e-02
5.034819999999783249e+03 8.690577745437622070e-02 9.747250005602836609e-03
5.036299999999782813e+03 1.079250872135162354e-01 1.029729843139648438e-02
5.037779999999782376e+03 1.080270558595657349e-01 1.033000461757183075e-02
5.039259999999781940e+03 8.351586759090423584e-02 9.441944770514965057e-03
5.040739999999781503e+03 9.395165741443634033e-02 9.676939807832241058e-03
5.042219999999781066e+03 9.026925265789031982e-02 9.746838361024856567e-03
5.043699999999780630e+03 1.036138832569122314e-01 1.022298075258731842e-02
5.045179999999780193e+03 9.594329446554183960e-02 1.001479011029005051e-02
5.046659999999779757e+03 8.922050148248672485e-02 9.770589880645275116e-03
5.048139999999779320e+03 1.001061573624610901e-01 1.002560183405876160e-02
5.049619999999778884e+03 1.020108461380004883e-01 1.006346195936203003e-02
5.051099999999778447e+03 9.803668409585952759e-02 9.964290075004100800e-03
5.052579999999778011e+03 8.665709942579269409e-02 9.727159515023231506e-03
5.054059999999777574e+03 8.996393531560897827e-02 9.867317974567413330e-03
5.055539999999777137e+03 9.821283817291259766e-02 1.007846742868423462e-02
5.057019999999776701e+03 9.620947390794754028e-02 1.002447772771120071e-02
5.058499999999776264e+03 1.004368066787719727e-01 1.016028411686420441e-02
5.059979999999775828e+03 9.001500904560089111e-02 9.811575524508953094e-03
5.061459999999775391e+03 9.005376696586608887e-02 9.877389296889305115e-03
5.062939999999774955e+03 9.065474569797515869e-02 9.761167690157890320e-03
5.064419999999774518e+03 7.443656027317047119e-02 9.246045723557472229e-03
5.065899999999774082e+03 9.442485868930816650e-02 9.883720427751541138e-03
5.067379999999773645e+03 3.465996384620666504e-01 1.558741740882396698e-02
5.068859999999773208e+03 5.492020249366760254e-01 1.896142214536666870e-02
5.070339999999772772e+03 3.853601813316345215e-01 1.623421907424926758e-02
5.071819999999772335e+03 1.026526093482971191e-01 1.015258114784955978e-02
5.073299999999771899e+03 7.469478994607925415e-02 9.264546446502208710e-03
5.074779999999771462e+03 7.649579644203186035e-02 9.414269588887691498e-03
5.076259999999771026e+03 7.039397209882736206e-02 9.197941981256008148e-03
5.077739999999770589e+03 8.431054651737213135e-02 9.625690057873725891e-03
5.079219999999770152e+03 1.130364686250686646e-01 1.028162240982055664e-02
5.080699999999769716e+03 8.435692638158798218e-02 9.455527178943157196e-03
5.082179999999769279e+03 9.281703829765319824e-02 9.717001579701900482e-03
5.083659999999768843e+03 1.021840050816535950e-01 1.010024920105934143e-02
5.085139999999768406e+03 1.048235446214675903e-01 1.021098345518112183e-02
5.086619999999767970e+03 8.771488070487976074e-02 9.695068001747131348e-03
5.088099999999767533e+03 1.037443056702613831e-01 1.014405209571123123e-02
5.089579999999767097e+03 1.013727039098739624e-01 1.005707215517759323e-02
5.091059999999766660e+03 1.003706902265548706e-01 9.993115440011024475e-03
5.092539999999766223e+03 1.086127981543540955e-01 1.027329731732606888e-02
5.094019999999765787e+03 9.007045626640319824e-02 9.778435342013835907e-03
5.095499999999765350e+03 9.121415019035339355e-02 9.854676201939582825e-03
5.096979999999764914e+03 8.984813094139099121e-02 9.621394798159599304e-03
5.098459999999764477e+03 9.933474659919738770e-02 9.788745082914829254e-03
5.099939999999764041e+03 9.285576641559600830e-02 9.774881415069103241e-03
5.101419999999763604e+03 1.038004010915756226e-01 1.004292722791433334e-02
5.102899999999763168e+03 1.149951294064521790e-01 1.043457537889480591e-02
5.104379999999762731e+03 8.286230266094207764e-02 9.466219693422317505e-03
5.105859999999762294e+03 1.155917048454284668e-01 1.033331919461488724e-02
5.107339999999761858e+03 1.152485385537147522e-01 1.027326844632625580e-02
5.108819999999761421e+03 1.059203296899795532e-01 1.000383216887712479e-02
5.110299999999760985e+03 9.474274516105651855e-02 9.742142632603645325e-03
5.111779999999760548e+03 1.093329787254333496e-01 1.015398651361465454e-02
5.113259999999760112e+03 1.035774052143096924e-01 1.001267787069082260e-02
5.114739999999759675e+03 1.113616600632667542e-01 1.025805901736021042e-02
5.116219999999759239e+03 9.886534512042999268e-02 9.908107109367847443e-03
5.117699999999758802e+03 9.628272056579589844e-02 9.911157190799713135e-03
5.119179999999758365e+03 9.976217895746231079e-02 1.000864990055561066e-02
5.120659999999757929e+03 1.084447652101516724e-01 1.016638800501823425e-02
5.122139999999757492e+03 1.021238565444946289e-01 9.878369048237800598e-03
5.123619999999757056e+03 9.495027363300323486e-02 9.684435091912746429e-03
5.125099999999756619e+03 9.425763785839080811e-02 9.527513757348060608e-03
5.126579999999756183e+03 1.047647222876548767e-01 9.933358058333396912e-03
5.128059999999755746e+03 8.765286207199096680e-02 9.415673092007637024e-03
5.129539999999755310e+03 9.873709082603454590e-02 9.893133305013179779e-03
5.131019999999754873e+03 1.104801669716835022e-01 1.026267558336257935e-02
5.132499999999754436e+03 9.761865437030792236e-02 9.963744319975376129e-03
5.133979999999754000e+03 9.912874549627304077e-02 1.001552678644657135e-02
5.135459999999753563e+03 1.091869920492172241e-01 1.024213060736656189e-02
5.136939999999753127e+03 9.337781369686126709e-02 9.756775572896003723e-03
5.138419999999752690e+03 1.075290888547897339e-01 1.012531761080026627e-02
5.139899999999752254e+03 1.126882657408714294e-01 1.027148216962814331e-02
5.141379999999751817e+03 9.313532710075378418e-02 9.779217652976512909e-03
5.142859999999751381e+03 1.036891043186187744e-01 1.004564668983221054e-02
5.144339999999750944e+03 1.016023010015487671e-01 1.007102616131305695e-02
5.145819999999750507e+03 1.008873432874679565e-01 9.996931068599224091e-03
5.147299999999750071e+03 1.135541945695877075e-01 1.023152843117713928e-02
5.148779999999749634e+03 9.830455482006072998e-02 9.824209846556186676e-03
5.150259999999749198e+03 1.108734011650085449e-01 1.017064880579710007e-02
5.151739999999748761e+03 1.069038510322570801e-01 1.008447911590337753e-02
5.153219999999748325e+03 8.674496412277221680e-02 9.519460611045360565e-03
5.154699999999747888e+03 1.078230291604995728e-01 1.006021350622177124e-02
5.156179999999747452e+03 1.056324690580368042e-01 1.006630435585975647e-02
5.157659999999747015e+03 9.951845556497573853e-02 9.917561896145343781e-03
5.159139999999746578e+03 1.113535910844802856e-01 1.017811987549066544e-02
5.160619999999746142e+03 1.065706685185432434e-01 1.004353724420070648e-02
5.162099999999745705e+03 1.014677584171295166e-01 9.977277368307113647e-03
5.163579999999745269e+03 1.172558441758155823e-01 1.025578379631042480e-02
5.165059999999744832e+03 1.015817821025848389e-01 9.742087684571743011e-03
5.166539999999744396e+03 9.642378985881805420e-02 9.460761211812496185e-03
5.168019999999743959e+03 1.074892655014991760e-01 9.786202572286128998e-03
5.169499999999743522e+03 2.044727057218551636e-01 1.229999680072069168e-02
5.170979999999743086e+03 2.415177971124649048e-01 1.290361117571592331e-02
5.172459999999742649e+03 1.614987701177597046e-01 1.108040381222963333e-02
5.173939999999742213e+03 9.849627315998077393e-02 9.512833319604396820e-03
5.175419999999741776e+03 1.050734594464302063e-01 9.994268417358398438e-03
5.176899999999741340e+03 9.378919005393981934e-02 9.596782736480236053e-03
5.178379999999740903e+03 1.033276990056037903e-01 9.911449626088142395e-03
5.179859999999740467e+03 8.856122195720672607e-02 9.430298581719398499e-03
5.181339999999740030e+03 1.011773645877838135e-01 9.604930877685546875e-03
5.182819999999739593e+03 1.091907396912574768e-01 9.594745934009552002e-03
5.184299999999739157e+03 9.843427687883377075e-02 9.365367703139781952e-03
5.185779999999738720e+03 1.093985438346862793e-01 1.001709792762994766e-02
5.187259999999738284e+03 1.227351874113082886e-01 1.059807557612657547e-02
5.188739999999737847e+03 1.151494085788726807e-01 1.040840800851583481e-02
5.190219999999737411e+03 1.030050218105316162e-01 9.908380918204784393e-03
5.191699999999736974e+03 1.009741574525833130e-01 9.723995812237262726e-03
5.193179999999736538e+03 9.621533006429672241e-02 9.660783223807811737e-03
5.194659999999736101e+03 9.530679136514663696e-02 9.539429098367691040e-03
5.196139999999735664e+03 1.089513599872589111e-01 1.039912179112434387e-02
5.197619999999735228e+03 9.738856554031372070e-02 1.044017542153596878e-02
5.199099999999734791e+03 1.215709745883941650e-01 1.103928405791521072e-02
5.200579999999734355e+03 9.417220950126647949e-02 1.005473081022500992e-02
5.202059999999733918e+03 1.049708351492881775e-01 1.026999019086360931e-02
5.203539999999733482e+03 1.131790280342102051e-01 1.031376142054796219e-02
5.205019999999733045e+03 9.884668886661529541e-02 9.596200659871101379e-03
5.206499999999732609e+03 1.011518537998199463e-01 9.663818404078483582e-03
5.207979999999732172e+03 1.022964864969253540e-01 9.749680757522583008e-03
5.209459999999731735e+03 1.043693870306015015e-01 9.823672473430633545e-03
5.210939999999731299e+03 1.210664957761764526e-01 1.034537889063358307e-02
5.212419999999730862e+03 1.163028702139854431e-01 1.017823163419961929e-02
5.213899999999730426e+03 1.065329089760780334e-01 9.910143911838531494e-03
5.215379999999729989e+03 1.131467819213867188e-01 1.003163401037454605e-02
5.216859999999729553e+03 1.047226041555404663e-01 9.897906333208084106e-03
5.218339999999729116e+03 1.809030175209045410e-01 1.187715306878089905e-02
5.219819999999728680e+03 4.923301637172698975e-01 1.755373738706111908e-02
5.221299999999728243e+03 5.367798209190368652e-01 1.817794330418109894e-02
5.222779999999727806e+03 2.175561040639877319e-01 1.267575845122337341e-02
5.224259999999727370e+03 9.255847334861755371e-02 9.701739065349102020e-03
5.225739999999726933e+03 1.013896092772483826e-01 9.568957611918449402e-03
5.227219999999726497e+03 1.052205413579940796e-01 9.599232114851474762e-03
5.228699999999726060e+03 1.008083522319793701e-01 9.678004309535026550e-03
5.230179999999725624e+03 9.006317704916000366e-02 9.503849782049655914e-03
5.231659999999725187e+03 1.005408316850662231e-01 9.788347408175468445e-03
5.233139999999724751e+03 1.133427619934082031e-01 1.004425156861543655e-02
5.234619999999724314e+03 1.033418402075767517e-01 9.737138636410236359e-03
5.236099999999723877e+03 1.019880324602127075e-01 9.876837953925132751e-03
5.237579999999723441e+03 1.072085127234458923e-01 1.025289949029684067e-02
5.239059999999723004e+03 9.803135693073272705e-02 1.000347919762134552e-02
5.240539999999722568e+03 9.837645292282104492e-02 9.711317718029022217e-03
5.242019999999722131e+03 9.697076678276062012e-02 9.464663453400135040e-03
5.243499999999721695e+03 1.057424545288085938e-01 9.766132570803165436e-03
5.244979999999721258e+03 1.120258793234825134e-01 1.000814978033304214e-02
5.246459999999720822e+03 1.114708557724952698e-01 9.989561513066291809e-03
5.247939999999720385e+03 1.021230816841125488e-01 9.809804148972034454e-03
5.249419999999719948e+03 1.046886742115020752e-01 9.877169504761695862e-03
5.250899999999719512e+03 9.054955840110778809e-02 9.456020779907703400e-03
5.252379999999719075e+03 9.906003624200820923e-02 9.628670290112495422e-03
5.253859999999718639e+03 1.015616655349731445e-01 9.863957762718200684e-03
5.255339999999718202e+03 1.119036003947257996e-01 1.035445742309093475e-02
5.256819999999717766e+03 9.655866026878356934e-02 9.886873885989189148e-03
5.258299999999717329e+03 1.112182363867759705e-01 1.005990058183670044e-02
5.259779999999716892e+03 1.118548363447189331e-01 9.961233474314212799e-03
5.261259999999716456e+03 1.108789816498756409e-01 9.863241575658321381e-03
5.262739999999716019e+03 1.165022850036621094e-01 9.872268885374069214e-03
5.264219999999715583e+03 1.181675419211387634e-01 9.854606352746486664e-03
5.265699999999715146e+03 1.050139963626861572e-01 9.483724832534790039e-03
5.267179999999714710e+03 1.045563369989395142e-01 9.510614909231662750e-03
5.268659999999714273e+03 1.172460168600082397e-01 9.873334318399429321e-03
5.270139999999713837e+03 1.168630719184875488e-01 9.900442324578762054e-03
5.271619999999713400e+03 1.192580163478851318e-01 9.987497702240943909e-03
5.273099999999712963e+03 1.060726344585418701e-01 9.694938547909259796e-03
5.274579999999712527e+03 9.766477346420288086e-02 9.694526903331279755e-03
5.276059999999712090e+03 1.083206981420516968e-01 1.000378187745809555e-02
5.277539999999711654e+03 1.171619296073913574e-01 1.020733080804347992e-02
5.279019999999711217e+03 1.148827373981475830e-01 1.008913759142160416e-02
5.280499999999710781e+03 1.023440212011337280e-01 9.671763516962528229e-03
5.281979999999710344e+03 1.071982681751251221e-01 9.718638844788074493e-03
5.283459999999709908e+03 1.127786785364151001e-01 9.862565435469150543e-03
5.284939999999709471e+03 9.929614514112472534e-02 9.555691853165626526e-03
5.286419999999709034e+03 9.263682365417480469e-02 9.401892311871051788e-03
5.287899999999708598e+03 1.277229338884353638e-01 1.032477710396051407e-02
5.289379999999708161e+03 1.117684245109558105e-01 9.867140091955661774e-03
5.290859999999707725e+03 1.229675635695457458e-01 1.030439883470535278e-02
5.292339999999707288e+03 1.234900057315826416e-01 1.027888525277376175e-02
5.293819999999706852e+03 1.221163198351860046e-01 1.029765233397483826e-02
5.295299999999706415e+03 1.016386374831199646e-01 9.634146466851234436e-03
5.296779999999705979e+03 1.111947000026702881e-01 9.898002259433269501e-03
5.298259999999705542e+03 1.274069547653198242e-01 1.042457018047571182e-02
5.299739999999705105e+03 1.098103374242782593e-01 9.952150285243988037e-03
5.301219999999704669e+03 1.011002063751220703e-01 9.602305479347705841e-03
5.302699999999704232e+03 1.066600978374481201e-01 9.827301837503910065e-03
5.304179999999703796e+03 1.063850596547126770e-01 9.866236709058284760e-03
5.305659999999703359e+03 1.107817366719245911e-01 9.984816424548625946e-03
5.307139999999702923e+03 1.241639405488967896e-01 1.032390724867582321e-02
5.308619999999702486e+03 1.134770661592483521e-01 9.960571303963661194e-03
5.310099999999702050e+03 1.108327433466911316e-01 9.941707365214824677e-03
5.311579999999701613e+03 1.066776812076568604e-01 9.930893778800964355e-03
5.313059999999701176e+03 9.600146859884262085e-02 9.705713950097560883e-03
5.314539999999700740e+03 9.084847569465637207e-02 9.402055293321609497e-03
5.316019999999700303e+03 1.000527292490005493e-01 9.649653919041156769e-03
5.317499999999699867e+03 1.068972796201705933e-01 9.857453405857086182e-03
5.318979999999699430e+03 1.061842888593673706e-01 9.816577658057212830e-03
5.320459999999698994e+03 8.723913878202438354e-02 9.307921864092350006e-03
5.321939999999698557e+03 1.112665683031082153e-01 9.935192763805389404e-03
5.323419999999698121e+03 9.223800897598266602e-02 9.514946490526199341e-03
5.324899999999697684e+03 1.118474006652832031e-01 9.960160590708255768e-03
5.326379999999697247e+03 9.547142684459686279e-02 9.430599398910999298e-03
5.327859999999696811e+03 1.002920940518379211e-01 9.473562240600585938e-03
5.329339999999696374e+03 1.069086268544197083e-01 9.801635518670082092e-03
5.330819999999695938e+03 1.034002006053924561e-01 9.873709641396999359e-03
5.332299999999695501e+03 1.144563257694244385e-01 1.008445955812931061e-02
5.333779999999695065e+03 1.099445968866348267e-01 9.889475069940090179e-03
5.335259999999694628e+03 1.003309488296508789e-01 9.680628776550292969e-03
5.336739999999694192e+03 8.872774243354797363e-02 9.305991232395172119e-03
5.338219999999693755e+03 9.000901132822036743e-02 9.302766993641853333e-03
5.339699999999693318e+03 1.122724860906600952e-01 9.814797900617122650e-03
5.341179999999692882e+03 1.106570959091186523e-01 9.756817482411861420e-03
5.342659999999692445e+03 1.057271361351013184e-01 9.662872180342674255e-03
5.344139999999692009e+03 1.042854040861129761e-01 9.694847278296947479e-03
5.345619999999691572e+03 8.792556822299957275e-02 9.198593907058238983e-03
5.347099999999691136e+03 9.817400574684143066e-02 9.516903199255466461e-03
5.348579999999690699e+03 1.023752465844154358e-01 9.661274030804634094e-03
5.350059999999690262e+03 1.070982962846755981e-01 9.873461909592151642e-03
5.351539999999689826e+03 1.074878275394439697e-01 9.814459830522537231e-03
5.353019999999689389e+03 1.049186289310455322e-01 9.704871103167533875e-03
5.354499999999688953e+03 1.158836930990219116e-01 1.005681604146957397e-02
5.355979999999688516e+03 1.158958747982978821e-01 1.004290580749511719e-02
5.357459999999688080e+03 1.087193787097930908e-01 9.779817424714565277e-03
5.358939999999687643e+03 1.044251546263694763e-01 9.708592668175697327e-03
5.360419999999687207e+03 1.143811792135238647e-01 9.898032993078231812e-03
5.361899999999686770e+03 1.251616179943084717e-01 1.008492894470691681e-02
5.363379999999686333e+03 1.213584840297698975e-01 9.958329610526561737e-03
5.364859999999685897e+03 1.056689172983169556e-01 9.584407322108745575e-03
5.366339999999685460e+03 1.095962449908256531e-01 9.755383245646953583e-03
5.367819999999685024e+03 9.318196773529052734e-02 9.334681555628776550e-03
5.369299999999684587e+03 9.958544373512268066e-02 9.488550946116447449e-03
5.370779999999684151e+03 9.895503520965576172e-02 9.396728128194808960e-03
5.372259999999683714e+03 1.002677530050277710e-01 9.442408569157123566e-03
5.373739999999683278e+03 1.135137081146240234e-01 9.856590069830417633e-03
5.375219999999682841e+03 1.030868664383888245e-01 9.663753211498260498e-03
5.376699999999682404e+03 8.963991701602935791e-02 9.276575408875942230e-03
5.378179999999681968e+03 1.047884374856948853e-01 9.643779136240482330e-03
5.379659999999681531e+03 1.148202121257781982e-01 9.859973564743995667e-03
5.381139999999681095e+03 1.119227260351181030e-01 9.743351489305496216e-03
5.382619999999680658e+03 1.129964143037796021e-01 9.702140465378761292e-03
5.384099999999680222e+03 1.226678341627120972e-01 9.964930824935436249e-03
5.385579999999679785e+03 1.110262721776962280e-01 9.744198992848396301e-03
5.387059999999679349e+03 9.360947459936141968e-02 9.362480603158473969e-03
5.388539999999678912e+03 9.947638213634490967e-02 9.441060945391654968e-03
5.390019999999678475e+03 9.469562023878097534e-02 9.267233312129974365e-03
5.391499999999678039e+03 9.868888556957244873e-02 9.365234524011611938e-03
5.392979999999677602e+03 9.620003402233123779e-02 9.298642165958881378e-03
5.394459999999677166e+03 1.042113006114959717e-01 9.523263201117515564e-03
5.395939999999676729e+03 1.033779382705688477e-01 9.527407586574554443e-03
5.397419999999676293e+03 1.169901639223098755e-01 9.838291443884372711e-03
5.398899999999675856e+03 1.193063855171203613e-01 9.868445806205272675e-03
5.400379999999675420e+03 1.149433478713035583e-01 9.855000302195549011e-03
5.401859999999674983e+03 1.063412576913833618e-01 9.551209397614002228e-03
5.403339999999674546e+03 1.101552248001098633e-01 9.566457942128181458e-03
5.404819999999674110e+03 1.020110696554183960e-01 9.312794543802738190e-03
5.406299999999673673e+03 1.120960935950279236e-01 9.572381153702735901e-03
5.407779999999673237e+03 9.204807132482528687e-02 9.099813178181648254e-03
5.409259999999672800e+03 1.167122423648834229e-01 9.736484847962856293e-03
5.410739999999672364e+03 8.566400408744812012e-02 8.952677249908447266e-03
5.412219999999671927e+03 8.978766202926635742e-02 9.061283431947231293e-03
5.413699999999671491e+03 8.959597349166870117e-02 9.064800105988979340e-03
5.415179999999671054e+03 9.786473959684371948e-02 9.388620033860206604e-03
5.416659999999670617e+03 9.956349432468414307e-02 9.445807896554470062e-03
5.418139999999670181e+03 1.155328899621963501e-01 9.876718744635581970e-03
5.419619999999669744e+03 1.219488680362701416e-01 1.002293732017278671e-02
5.421099999999669308e+03 1.390848606824874878e-01 1.041468232870101929e-02
5.422579999999668871e+03 1.240460276603698730e-01 9.968395344913005829e-03
5.424059999999668435e+03 1.215274035930633545e-01 9.855437092483043671e-03
5.425539999999667998e+03 1.089590862393379211e-01 9.633393026888370514e-03
5.427019999999667561e+03 9.707180410623550415e-02 9.345488622784614563e-03
5.428499999999667125e+03 1.041513383388519287e-01 9.376913309097290039e-03
5.429979999999666688e+03 9.983614087104797363e-02 9.191313758492469788e-03
5.431459999999666252e+03 1.030724197626113892e-01 9.422316215932369232e-03
5.432939999999665815e+03 1.103353053331375122e-01 9.544580243527889252e-03
5.434419999999665379e+03 1.089476943016052246e-01 9.502096101641654968e-03
5.435899999999664942e+03 1.074300333857536316e-01 9.576591663062572479e-03
5.437379999999664506e+03 1.140132695436477661e-01 9.734790772199630737e-03
5.438859999999664069e+03 1.092671081423759460e-01 9.663284756243228912e-03
5.440339999999663632e+03 1.054432541131973267e-01 9.518165141344070435e-03
5.441819999999663196e+03 1.083429753780364990e-01 9.607548825442790985e-03
5.443299999999662759e+03 9.266700595617294312e-02 9.191463701426982880e-03
5.444779999999662323e+03 1.109956726431846619e-01 9.606751613318920135e-03
5.446259999999661886e+03 1.086138337850570679e-01 9.539296850562095642e-03
5.447739999999661450e+03 1.012946218252182007e-01 9.386522695422172546e-03
5.449219999999661013e+03 9.982749819755554199e-02 9.387281723320484161e-03
5.450699999999660577e+03 8.649441599845886230e-02 9.032195433974266052e-03
5.452179999999660140e+03 1.109176129102706909e-01 9.711698628962039948e-03
5.453659999999659703e+03 1.065112203359603882e-01 9.422374889254570007e-03
5.455139999999659267e+03 1.125053167343139648e-01 9.561540558934211731e-03
5.456619999999658830e+03 1.059376820921897888e-01 9.436240419745445251e-03
5.458099999999658394e+03 1.088038086891174316e-01 9.651754051446914673e-03
5.459579999999657957e+03 1.030341684818267822e-01 9.616220369935035706e-03
5.461059999999657521e+03 1.282831132411956787e-01 1.018444728106260300e-02
5.462539999999657084e+03 1.127008199691772461e-01 9.741798974573612213e-03
5.464019999999656648e+03 1.061309874057769775e-01 9.475627914071083069e-03
5.465499999999656211e+03 9.580552577972412109e-02 9.285869076848030090e-03
5.466979999999655774e+03 1.100632324814796448e-01 9.675974957644939423e-03
5.468459999999655338e+03 1.049630269408226013e-01 9.547103196382522583e-03
5.469939999999654901e+03 7.925629615783691406e-02 8.810194209218025208e-03
5.471419999999654465e+03 1.089135557413101196e-01 9.675320237874984741e-03
5.472899999999654028e+03 1.173143461346626282e-01 9.818231686949729919e-03
5.474379999999653592e+03 1.016581058502197266e-01 9.337831288576126099e-03
5.475859999999653155e+03 1.029253378510475159e-01 9.304366074502468109e-03
5.477339999999652719e+03 9.514741599559783936e-02 9.101618081331253052e-03
5.478819999999652282e+03 1.019329205155372620e-01 9.336312301456928253e-03
5.480299999999651845e+03 1.119977086782455444e-01 9.598474018275737762e-03
5.481779999999651409e+03 1.031952127814292908e-01 9.299399331212043762e-03
5.483259999999650972e+03 1.010795980691909790e-01 9.372813627123832703e-03
5.484739999999650536e+03 1.082610636949539185e-01 9.568230248987674713e-03
5.486219999999650099e+03 1.020032241940498352e-01 9.381533600389957428e-03
5.487699999999649663e+03 9.663459658622741699e-02 9.232808835804462433e-03
5.489179999999649226e+03 9.492444247007369995e-02 9.167251177132129669e-03
5.490659999999648790e+03 9.432253241539001465e-02 9.161519818007946014e-03
5.492139999999648353e+03 1.026151776313781738e-01 9.396784938871860504e-03
5.493619999999647916e+03 1.012183427810668945e-01 9.323952719569206238e-03
5.495099999999647480e+03 9.941418468952178955e-02 9.271699003875255585e-03
5.496579999999647043e+03 9.966239333152770996e-02 9.355767630040645599e-03
5.498059999999646607e+03 1.320983767509460449e-01 1.029527187347412109e-02
5.499539999999646170e+03 1.253234595060348511e-01 1.005177106708288193e-02
5.501019999999645734e+03 1.180903613567352295e-01 9.846908040344715118e-03
5.502499999999645297e+03 1.232408434152603149e-01 9.968912228941917419e-03
5.503979999999644861e+03 1.042822301387786865e-01 9.471127763390541077e-03
5.505459999999644424e+03 1.178678423166275024e-01 9.810298681259155273e-03
5.506939999999643987e+03 1.029094755649566650e-01 9.429574012756347656e-03
5.508419999999643551e+03 8.734501898288726807e-02 9.009786881506443024e-03
5.509899999999643114e+03 1.175071150064468384e-01 9.775346145033836365e-03
5.511379999999642678e+03 1.192198395729064941e-01 9.817197918891906738e-03
5.512859999999642241e+03 1.088967770338058472e-01 9.556944482028484344e-03
5.514339999999641805e+03 1.167538762092590332e-01 9.781865403056144714e-03
5.515819999999641368e+03 1.086647957563400269e-01 9.570284746587276459e-03
5.517299999999640931e+03 1.035853624343872070e-01 9.418198838829994202e-03
5.518779999999640495e+03 1.157197654247283936e-01 9.722529910504817963e-03
5.520259999999640058e+03 1.198661178350448608e-01 9.867102839052677155e-03
5.521739999999639622e+03 1.148097515106201172e-01 9.668463841080665588e-03
5.523219999999639185e+03 1.044214963912963867e-01 9.502043947577476501e-03
5.524699999999638749e+03 9.834375232458114624e-02 9.257252328097820282e-03
5.526179999999638312e+03 1.151384413242340088e-01 9.680896066129207611e-03
5.527659999999637876e+03 9.848818928003311157e-02 9.223460219800472260e-03
5.529139999999637439e+03 9.361920505762100220e-02 9.065130725502967834e-03
5.530619999999637002e+03 9.392004460096359253e-02 9.159054607152938843e-03
5.532099999999636566e+03 1.056081652641296387e-01 9.455294348299503326e-03
5.533579999999636129e+03 1.060311794281005859e-01 9.501823224127292633e-03
5.535059999999635693e+03 1.093714237213134766e-01 9.522203356027603149e-03
5.536539999999635256e+03 1.096109598875045776e-01 9.582689031958580017e-03
5.538019999999634820e+03 1.121507436037063599e-01 9.661416523158550262e-03
5.539499999999634383e+03 1.213081330060958862e-01 9.911102242767810822e-03
5.540979999999633947e+03 1.231155619025230408e-01 1.021833531558513641e-02
5.542459999999633510e+03 1.210704147815704346e-01 1.029506325721740723e-02
5.543939999999633073e+03 1.106467843055725098e-01 1.007249951362609863e-02
5.545419999999632637e+03 1.000671386718750000e-01 9.624052792787551880e-03
5.546899999999632200e+03 1.104990094900131226e-01 9.699262678623199463e-03
5.548379999999631764e+03 1.243703067302703857e-01 1.009893883019685745e-02
5.549859999999631327e+03 1.073962152004241943e-01 9.672039188444614410e-03
5.551339999999630891e+03 9.513863921165466309e-02 9.187830612063407898e-03
5.552819999999630454e+03 1.045998409390449524e-01 9.384999983012676239e-03
5.554299999999630018e+03 1.005337983369827271e-01 9.278907440602779388e-03
5.555779999999629581e+03 9.806774556636810303e-02 9.262460283935070038e-03
5.557259999999629144e+03 1.083696633577346802e-01 9.524834342300891876e-03
5.558739999999628708e+03 1.067900359630584717e-01 9.468867443501949310e-03
5.560219999999628271e+03 1.127587258815765381e-01 9.679973125457763672e-03
5.561699999999627835e+03 1.171239241957664490e-01 9.996486827731132507e-03
5.563179999999627398e+03 1.048236787319183350e-01 9.926997125148773193e-03
5.564659999999626962e+03 9.663796424865722656e-02 9.667642414569854736e-03
5.566139999999626525e+03 1.030644327402114868e-01 9.506228379905223846e-03
5.567619999999626089e+03 1.136796176433563232e-01 9.765412658452987671e-03
5.569099999999625652e+03 1.074322089552879333e-01 9.684178978204727173e-03
5.570579999999625215e+03 9.490349888801574707e-02 9.290962480008602142e-03
5.572059999999624779e+03 1.083280593156814575e-01 9.395171888172626495e-03
5.573539999999624342e+03 7.453352957963943481e-02 9.676747955381870270e-03
5.575019999999623906e+03 1.871336102485656738e-01 2.998381294310092926e-02
5.576499999999623469e+03 1.447748541831970215e-01 4.813221096992492676e-02
5.577979999999623033e+03 -1.579513549804687500e-01 4.311894625425338745e-02
5.579459999999622596e+03 -5.557831376791000366e-02 1.892732456326484680e-02
5.580939999999622160e+03 9.951166808605194092e-02 9.546729736030101776e-03
5.582419999999621723e+03 1.184705719351768494e-01 9.830642491579055786e-03
5.583899999999621286e+03 1.112430021166801453e-01 9.699217975139617920e-03
5.585379999999620850e+03 9.689201414585113525e-02 9.248023852705955505e-03
5.586859999999620413e+03 1.106072813272476196e-01 9.672516025602817535e-03
5.588339999999619977e+03 1.233231350779533386e-01 1.020724140107631683e-02
5.589819999999619540e+03 1.136516109108924866e-01 9.981534443795681000e-03
5.591299999999619104e+03 1.114999651908874512e-01 9.624295867979526520e-03
5.592779999999618667e+03 1.000936478376388550e-01 9.216715581715106964e-03
5.594259999999618231e+03 1.108823269605636597e-01 9.428341872990131378e-03
5.595739999999617794e+03 1.246950924396514893e-01 9.983154945075511932e-03
5.597219999999617357e+03 1.080501526594161987e-01 9.668267332017421722e-03
5.598699999999616921e+03 1.010340601205825806e-01 9.335493668913841248e-03
5.600179999999616484e+03 1.119382381439208984e-01 9.520454332232475281e-03
5.601659999999616048e+03 1.095725148916244507e-01 9.409436956048011780e-03
5.603139999999615611e+03 1.167078614234924316e-01 9.903310798108577728e-03
5.604619999999615175e+03 1.224527284502983093e-01 1.036675181239843369e-02
5.606099999999614738e+03 1.050216183066368103e-01 9.801074862480163574e-03
5.607579999999614301e+03 1.106011569499969482e-01 9.587190113961696625e-03
5.609059999999613865e+03 1.204120069742202759e-01 9.860862977802753448e-03
5.610539999999613428e+03 1.202913671731948853e-01 9.730716235935688019e-03
5.612019999999612992e+03 1.217301487922668457e-01 9.845424443483352661e-03
5.613499999999612555e+03 1.185291185975074768e-01 9.681830182671546936e-03
5.614979999999612119e+03 1.093778610229492188e-01 9.397517889738082886e-03
5.616459999999611682e+03 1.035471037030220032e-01 9.378466755151748657e-03
5.617939999999611246e+03 1.015376299619674683e-01 9.360454976558685303e-03
5.619419999999610809e+03 9.862426668405532837e-02 9.248790331184864044e-03
5.620899999999610372e+03 1.086088865995407104e-01 9.456930682063102722e-03
5.622379999999609936e+03 1.161240190267562866e-01 9.921113029122352600e-03
5.623859999999609499e+03 1.074678450822830200e-01 9.808098897337913513e-03
5.625339999999609063e+03 9.473308920860290527e-02 9.235597215592861176e-03
5.626819999999608626e+03 1.072324663400650024e-01 9.353191591799259186e-03
5.628299999999608190e+03 1.097448617219924927e-01 9.436758235096931458e-03
5.629779999999607753e+03 1.114502176642417908e-01 9.457270614802837372e-03
5.631259999999607317e+03 9.985741972923278809e-02 9.326277300715446472e-03
5.632739999999606880e+03 8.115040510892868042e-02 8.747473359107971191e-03
5.634219999999606443e+03 1.128650158643722534e-01 9.437050670385360718e-03
5.635699999999606007e+03 1.107707023620605469e-01 9.387751109898090363e-03
5.637179999999605570e+03 1.003931164741516113e-01 9.158846922218799591e-03
5.638659999999605134e+03 1.026372238993644714e-01 9.345884434878826141e-03
5.640139999999604697e+03 9.047073125839233398e-02 9.058027528226375580e-03
5.641619999999604261e+03 1.016839593648910522e-01 9.209730662405490875e-03
5.643099999999603824e+03 1.124236583709716797e-01 9.532541967928409576e-03
5.644579999999603388e+03 1.125070750713348389e-01 9.789975360035896301e-03
5.646059999999602951e+03 1.096482649445533752e-01 9.638569317758083344e-03
5.647539999999602514e+03 1.042573675513267517e-01 9.316551499068737030e-03
5.649019999999602078e+03 9.997641295194625854e-02 9.110406972467899323e-03
5.650499999999601641e+03 9.188923239707946777e-02 8.958871476352214813e-03
5.651979999999601205e+03 8.752452582120895386e-02 8.851720951497554779e-03
5.653459999999600768e+03 1.108138710260391235e-01 9.424501098692417145e-03
5.654939999999600332e+03 1.272413134574890137e-01 9.877390228211879730e-03
5.656419999999599895e+03 1.036254167556762695e-01 9.243681095540523529e-03
5.657899999999599459e+03 9.924609959125518799e-02 9.050398133695125580e-03
5.659379999999599022e+03 1.084854453802108765e-01 9.301331825554370880e-03
5.660859999999598585e+03 1.136670857667922974e-01 9.455578401684761047e-03
5.662339999999598149e+03 1.069431826472282410e-01 9.407365694642066956e-03
5.663819999999597712e+03 1.130678206682205200e-01 9.553462266921997070e-03
5.665299999999597276e+03 1.175441592931747437e-01 9.643794037401676178e-03
5.666779999999596839e+03 9.907673299312591553e-02 9.106953628361225128e-03
5.668259999999596403e+03 1.028163433074951172e-01 9.326171129941940308e-03
5.669739999999595966e+03 1.212476715445518494e-01 9.827275760471820831e-03
5.671219999999595530e+03 1.279123276472091675e-01 9.938784874975681305e-03
5.672699999999595093e+03 1.096603274345397949e-01 9.429866448044776917e-03
5.674179999999594656e+03 1.107028275728225708e-01 9.452261961996555328e-03
5.675659999999594220e+03 1.115354299545288086e-01 9.506784379482269287e-03
5.677139999999593783e+03 9.666312485933303833e-02 9.111960418522357941e-03
5.678619999999593347e+03 1.043820828199386597e-01 9.315284900367259979e-03
5.680099999999592910e+03 9.228156507015228271e-02 8.991077542304992676e-03
5.681579999999592474e+03 1.001978516578674316e-01 9.193744510412216187e-03
5.683059999999592037e+03 1.133506670594215393e-01 9.546989575028419495e-03
5.684539999999591600e+03 1.054742857813835144e-01 9.331507608294487000e-03
5.686019999999591164e+03 1.119531095027923584e-01 9.462825022637844086e-03
5.687499999999590727e+03 1.100691258907318115e-01 9.407640434801578522e-03
5.688979999999590291e+03 1.146313101053237915e-01 9.582893922924995422e-03
5.690459999999589854e+03 1.094700321555137634e-01 9.517593309283256531e-03
5.691939999999589418e+03 1.126625463366508484e-01 9.582102298736572266e-03
5.693419999999588981e+03 1.242701411247253418e-01 9.786811657249927521e-03
5.694899999999588545e+03 1.113290339708328247e-01 9.505942463874816895e-03
5.696379999999588108e+03 1.031558737158775330e-01 9.315726347267627716e-03
5.697859999999587671e+03 1.160359159111976624e-01 9.617746807634830475e-03
5.699339999999587235e+03 1.230884790420532227e-01 9.840613231062889099e-03
5.700819999999586798e+03 1.007994860410690308e-01 9.288004599511623383e-03
5.702299999999586362e+03 1.130787208676338196e-01 9.587988257408142090e-03
5.703779999999585925e+03 1.181801632046699524e-01 9.679593145847320557e-03
5.705259999999585489e+03 9.914830327033996582e-02 9.218911640346050262e-03
5.706739999999585052e+03 1.109579652547836304e-01 9.447136893868446350e-03
5.708219999999584616e+03 1.074647307395935059e-01 9.278375655412673950e-03
5.709699999999584179e+03 1.139739304780960083e-01 9.477445855736732483e-03
5.711179999999583742e+03 1.228551715612411499e-01 9.705932810902595520e-03
5.712659999999583306e+03 1.107707321643829346e-01 9.448151104152202606e-03
5.714139999999582869e+03 1.066522151231765747e-01 9.384132921695709229e-03
5.715619999999582433e+03 1.062026619911193848e-01 9.339679032564163208e-03
5.717099999999581996e+03 1.078477352857589722e-01 9.348604828119277954e-03
5.718579999999581560e+03 1.142514050006866455e-01 9.529505856335163116e-03
5.720059999999581123e+03 1.183889210224151611e-01 9.688101708889007568e-03
5.721539999999580687e+03 1.153300777077674866e-01 9.595521725714206696e-03
5.723019999999580250e+03 9.977309405803680420e-02 9.259753860533237457e-03
5.724499999999579813e+03 1.005236655473709106e-01 9.278542362153530121e-03
5.725979999999579377e+03 1.135711669921875000e-01 9.624779224395751953e-03
5.727459999999578940e+03 1.241277307271957397e-01 9.913145564496517181e-03
5.728939999999578504e+03 1.071746200323104858e-01 9.405677206814289093e-03
5.730419999999578067e+03 1.010220795869827271e-01 9.141255170106887817e-03
5.731899999999577631e+03 1.098611801862716675e-01 9.384596720337867737e-03
5.733379999999577194e+03 1.066835224628448486e-01 9.380236268043518066e-03
5.734859999999576758e+03 1.042952612042427063e-01 9.342860430479049683e-03
5.736339999999576321e+03 1.062278747558593750e-01 9.335281327366828918e-03
5.737819999999575884e+03 1.158373430371284485e-01 9.540436789393424988e-03
5.739299999999575448e+03 1.063678786158561707e-01 9.294325485825538635e-03
5.740779999999575011e+03 1.046399623155593872e-01 9.268699213862419128e-03
5.742259999999574575e+03 1.131229177117347717e-01 9.457291103899478912e-03
5.743739999999574138e+03 1.022808104753494263e-01 9.192381985485553741e-03
5.745219999999573702e+03 9.636864066123962402e-02 9.040210396051406860e-03
5.746699999999573265e+03 1.115433648228645325e-01 9.369777515530586243e-03
5.748179999999572829e+03 9.922990202903747559e-02 9.103097952902317047e-03
5.749659999999572392e+03 1.008739918470382690e-01 9.144701063632965088e-03
5.751139999999571955e+03 1.207690685987472534e-01 9.640566073358058929e-03
5.752619999999571519e+03 1.131444871425628662e-01 9.435421787202358246e-03
5.754099999999571082e+03 1.152038872241973877e-01 9.424190968275070190e-03
5.755579999999570646e+03 1.156972944736480713e-01 9.486356750130653381e-03
5.757059999999570209e+03 1.053420230746269226e-01 9.305912069976329803e-03
5.758539999999569773e+03 9.675955772399902344e-02 9.072660468518733978e-03
5.760019999999569336e+03 1.020764708518981934e-01 9.193040430545806885e-03
5.761499999999568900e+03 1.319290399551391602e-01 9.898751974105834961e-03
5.762979999999568463e+03 1.169433817267417908e-01 9.547546505928039551e-03
5.764459999999568026e+03 1.018068045377731323e-01 9.188616648316383362e-03
5.765939999999567590e+03 1.170036494731903076e-01 9.594555012881755829e-03
5.767419999999567153e+03 1.206809729337692261e-01 9.682037867605686188e-03
5.768899999999566717e+03 1.175086945295333862e-01 9.606987237930297852e-03
5.770379999999566280e+03 9.036591649055480957e-02 8.899440057575702667e-03
5.771859999999565844e+03 9.053187817335128784e-02 8.889219723641872406e-03
5.773339999999565407e+03 1.083066314458847046e-01 9.300452657043933868e-03
5.774819999999564970e+03 1.098124980926513672e-01 9.270535781979560852e-03
5.776299999999564534e+03 1.069831922650337219e-01 9.251257404685020447e-03
5.777779999999564097e+03 1.107734441757202148e-01 9.369743056595325470e-03
5.779259999999563661e+03 1.036792546510696411e-01 9.158242493867874146e-03
5.780739999999563224e+03 1.119411215186119080e-01 9.337026625871658325e-03
5.782219999999562788e+03 1.145684644579887390e-01 9.375847876071929932e-03
5.783699999999562351e+03 1.186537966132164001e-01 9.508048184216022491e-03
5.785179999999561915e+03 1.081876903772354126e-01 9.230984374880790710e-03
5.786659999999561478e+03 1.015750616788864136e-01 9.044161997735500336e-03
5.788139999999561041e+03 1.017038673162460327e-01 9.133262559771537781e-03
5.789619999999560605e+03 1.072080358862876892e-01 9.313398972153663635e-03
5.791099999999560168e+03 1.179826110601425171e-01 9.491946548223495483e-03
5.792579999999559732e+03 1.078257709741592407e-01 9.260329417884349823e-03
5.794059999999559295e+03 1.112850606441497803e-01 9.362364187836647034e-03
5.795539999999558859e+03 1.213967502117156982e-01 9.573585353791713715e-03
5.797019999999558422e+03 1.110400184988975525e-01 9.292881004512310028e-03
5.798499999999557986e+03 1.073651611804962158e-01 9.182861074805259705e-03
5.799979999999557549e+03 1.034466922283172607e-01 9.135908447206020355e-03
5.801459999999557112e+03 1.046339794993400574e-01 9.237956255674362183e-03
5.802939999999556676e+03 1.050947457551956177e-01 9.216958656907081604e-03
5.804419999999556239e+03 9.861978888511657715e-02 8.982433006167411804e-03
5.805899999999555803e+03 1.115863621234893799e-01 9.290221147239208221e-03
5.807379999999555366e+03 1.174033954739570618e-01 9.465752169489860535e-03
5.808859999999554930e+03 1.123322322964668274e-01 9.325375780463218689e-03
5.810339999999554493e+03 1.077714860439300537e-01 9.186806157231330872e-03
5.811819999999554057e+03 9.394365549087524414e-02 8.843572810292243958e-03
5.813299999999553620e+03 1.245217770338058472e-01 9.596602991223335266e-03
5.814779999999553183e+03 1.302369832992553711e-01 9.729731827974319458e-03
5.816259999999552747e+03 1.008186489343643188e-01 9.002380073070526123e-03
5.817739999999552310e+03 1.118873357772827148e-01 9.280910715460777283e-03
5.819219999999551874e+03 1.015783026814460754e-01 9.057080373167991638e-03
5.820699999999551437e+03 1.102597266435623169e-01 9.248697198927402496e-03
5.822179999999551001e+03 1.182781234383583069e-01 9.436623193323612213e-03
5.823659999999550564e+03 1.062419563531875610e-01 9.148078039288520813e-03
5.825139999999550128e+03 9.354926645755767822e-02 8.874061517417430878e-03
5.826619999999549691e+03 9.748364984989166260e-02 9.009076282382011414e-03
5.828099999999549254e+03 1.217654645442962646e-01 9.527423419058322906e-03
5.829579999999548818e+03 1.054855957627296448e-01 9.099327959120273590e-03
5.831059999999548381e+03 1.007528603076934814e-01 9.004010818898677826e-03
5.832539999999547945e+03 1.113956198096275330e-01 9.287342429161071777e-03
5.834019999999547508e+03 1.060947701334953308e-01 9.166820906102657318e-03
5.835499999999547072e+03 1.131678372621536255e-01 9.319691918790340424e-03
5.836979999999546635e+03 1.033258885145187378e-01 9.039383381605148315e-03
5.838459999999546199e+03 1.074585616588592529e-01 9.185465984046459198e-03
5.839939999999545762e+03 1.321100145578384399e-01 9.813252836465835571e-03
5.841419999999545325e+03 1.228839904069900513e-01 9.580881334841251373e-03
5.842899999999544889e+03 1.039950251579284668e-01 9.124155156314373016e-03
5.844379999999544452e+03 1.085354089736938477e-01 9.253164753317832947e-03
5.845859999999544016e+03 1.128399372100830078e-01 9.300373494625091553e-03
5.847339999999543579e+03 1.031128391623497009e-01 9.025498293340206146e-03
5.848819999999543143e+03 9.800265729427337646e-02 8.935262449085712433e-03
5.850299999999542706e+03 1.032124683260917664e-01 9.059977717697620392e-03
5.851779999999542270e+03 1.056251898407936096e-01 9.129226207733154297e-03
5.853259999999541833e+03 1.170174330472946167e-01 9.456988424062728882e-03
5.854739999999541396e+03 1.051877588033676147e-01 9.115163236856460571e-03
5.856219999999540960e+03 9.585210680961608887e-02 8.870965801179409027e-03
5.857699999999540523e+03 1.243942081928253174e-01 9.532897733151912689e-03
5.859179999999540087e+03 1.257695555686950684e-01 9.575817734003067017e-03
5.860659999999539650e+03 1.133809536695480347e-01 9.265922941267490387e-03
5.862139999999539214e+03 9.409606456756591797e-02 8.815695531666278839e-03
5.863619999999538777e+03 1.127156987786293030e-01 9.694889187812805176e-03
5.865099999999538340e+03 1.152340173721313477e-01 1.061276253312826157e-02
5.866579999999537904e+03 1.056791916489601135e-01 1.088571269065141678e-02
5.868059999999537467e+03 1.262682378292083740e-01 1.097796484827995300e-02
5.869539999999537031e+03 1.135016083717346191e-01 1.008875388652086258e-02
5.871019999999536594e+03 9.913656115531921387e-02 9.350014850497245789e-03
5.872499999999536158e+03 1.056952252984046936e-01 9.537206031382083893e-03
5.873979999999535721e+03 1.114439666271209717e-01 9.669312275946140289e-03
5.875459999999535285e+03 1.140670850872993469e-01 9.598378092050552368e-03
5.876939999999534848e+03 1.190286874771118164e-01 9.620507247745990753e-03
5.878419999999534411e+03 1.167584955692291260e-01 9.462934918701648712e-03
5.879899999999533975e+03 1.067224591970443726e-01 9.276214987039566040e-03
5.881379999999533538e+03 9.993720054626464844e-02 9.014291688799858093e-03
5.882859999999533102e+03 1.011263281106948853e-01 9.092622436583042145e-03
5.884339999999532665e+03 9.743379056453704834e-02 9.041442535817623138e-03
5.885819999999532229e+03 1.063018292188644409e-01 9.582828730344772339e-03
5.887299999999531792e+03 1.147242262959480286e-01 1.224869769066572189e-02
5.888779999999531356e+03 1.310954242944717407e-01 1.640228554606437683e-02
5.890259999999530919e+03 1.179384812712669373e-01 1.612040773034095764e-02
5.891739999999530482e+03 7.210015505552291870e-02 1.159415859729051590e-02
5.893219999999530046e+03 1.041360646486282349e-01 1.018864382058382034e-02
5.894699999999529609e+03 1.178059279918670654e-01 1.341106276959180832e-02
5.896179999999529173e+03 1.064734682440757751e-01 1.347547583281993866e-02
5.897659999999528736e+03 6.640277057886123657e-02 1.050262060016393661e-02
5.899139999999528300e+03 1.004224717617034912e-01 9.044667705893516541e-03
5.900619999999527863e+03 9.097572416067123413e-02 8.849275298416614532e-03
5.902099999999527427e+03 1.095359921455383301e-01 9.463665075600147247e-03
5.903579999999526990e+03 9.872823953628540039e-02 9.277049452066421509e-03
5.905059999999526553e+03 9.782782942056655884e-02 9.368293918669223785e-03
5.906539999999526117e+03 1.253114789724349976e-01 1.012498978525400162e-02
5.908019999999525680e+03 1.063053980469703674e-01 9.617929346859455109e-03
5.909499999999525244e+03 1.102440357208251953e-01 9.365024045109748840e-03
5.910979999999524807e+03 1.031959727406501770e-01 9.129233658313751221e-03
5.912459999999524371e+03 9.614908695220947266e-02 9.075149893760681152e-03
5.913939999999523934e+03 1.239553540945053101e-01 1.063774619251489639e-02
5.915419999999523498e+03 1.347868144512176514e-01 1.121062319725751877e-02
5.916899999999523061e+03 9.767539054155349731e-02 9.809097275137901306e-03
5.918379999999522624e+03 1.135045289993286133e-01 9.440908208489418030e-03
5.919859999999522188e+03 1.087284535169601440e-01 9.261519648134708405e-03
5.921339999999521751e+03 1.042327582836151123e-01 9.168032556772232056e-03
5.922819999999521315e+03 1.113368719816207886e-01 9.627326391637325287e-03
5.924299999999520878e+03 1.163706630468368530e-01 1.013619266450405121e-02
5.925779999999520442e+03 1.316326260566711426e-01 1.023593079298734665e-02
5.927259999999520005e+03 1.120662465691566467e-01 9.359471499919891357e-03
5.928739999999519569e+03 9.031578898429870605e-02 8.819945156574249268e-03
5.930219999999519132e+03 9.610433131456375122e-02 9.174879640340805054e-03
5.931699999999518695e+03 1.235541030764579773e-01 1.099805813282728195e-02
5.933179999999518259e+03 1.037257239222526550e-01 1.084836386144161224e-02
5.934659999999517822e+03 1.153544634580612183e-01 1.008845400065183640e-02
5.936139999999517386e+03 1.259077787399291992e-01 9.658364579081535339e-03
5.937619999999516949e+03 1.065912246704101562e-01 9.157183580100536346e-03
5.939099999999516513e+03 1.031674370169639587e-01 9.078065864741802216e-03
5.940579999999516076e+03 1.134137660264968872e-01 9.367778897285461426e-03
5.942059999999515640e+03 1.162405014038085938e-01 9.376734495162963867e-03
5.943539999999515203e+03 1.022410392761230469e-01 9.201266802847385406e-03
5.945019999999514766e+03 1.059175357222557068e-01 9.754274040460586548e-03
5.946499999999514330e+03 1.230729669332504272e-01 1.014246698468923569e-02
5.947979999999513893e+03 1.097366362810134888e-01 9.448998607695102692e-03
5.949459999999513457e+03 1.131067574024200439e-01 9.263509884476661682e-03
5.950939999999513020e+03 1.005424112081527710e-01 9.462679736316204071e-03
5.952419999999512584e+03 9.666173905134201050e-02 1.028528157621622086e-02
5.953899999999512147e+03 1.034221649169921875e-01 1.057771686464548111e-02
5.955379999999511710e+03 9.976472705602645874e-02 9.609417058527469635e-03
5.956859999999511274e+03 1.177490875124931335e-01 9.337742812931537628e-03
5.958339999999510837e+03 1.178422719240188599e-01 9.393221698701381683e-03
5.959819999999510401e+03 1.053595244884490967e-01 9.179845452308654785e-03
5.961299999999509964e+03 1.186922788619995117e-01 9.463054127991199493e-03
5.962779999999509528e+03 1.081604659557342529e-01 9.239868260920047760e-03
5.964259999999509091e+03 9.593160450458526611e-02 8.964306674897670746e-03
5.965739999999508655e+03 1.047205030918121338e-01 9.119168855249881744e-03
5.967219999999508218e+03 1.208498328924179077e-01 9.552699513733386993e-03
5.968699999999507781e+03 1.104755103588104248e-01 9.601844474673271179e-03
5.970179999999507345e+03 1.091286167502403259e-01 9.738413617014884949e-03
5.971659999999506908e+03 1.170209646224975586e-01 9.768909774720668793e-03
5.973139999999506472e+03 1.220986843109130859e-01 9.547176770865917206e-03
5.974619999999506035e+03 1.121201217174530029e-01 9.537179023027420044e-03
5.976099999999505599e+03 1.115087568759918213e-01 1.006699725985527039e-02
5.977579999999505162e+03 1.284748613834381104e-01 1.048079039901494980e-02
5.979059999999504726e+03 1.209403872489929199e-01 9.832900017499923706e-03
5.980539999999504289e+03 1.103157699108123779e-01 9.185616858303546906e-03
5.982019999999503852e+03 1.103561669588088989e-01 9.147783741354942322e-03
5.983499999999503416e+03 1.045848205685615540e-01 9.054196998476982117e-03
5.984979999999502979e+03 1.034735143184661865e-01 8.985612541437149048e-03
5.986459999999502543e+03 1.201671063899993896e-01 9.377930313348770142e-03
5.987939999999502106e+03 1.184536516666412354e-01 9.389110840857028961e-03
5.989419999999501670e+03 1.054948121309280396e-01 9.063892997801303864e-03
5.990899999999501233e+03 1.100497916340827942e-01 9.131509810686111450e-03
5.992379999999500797e+03 1.204506307840347290e-01 9.388286620378494263e-03
5.993859999999500360e+03 1.098710000514984131e-01 9.140250273048877716e-03
5.995339999999499923e+03 9.410421550273895264e-02 8.868430741131305695e-03
5.996819999999499487e+03 1.060390397906303406e-01 9.340034797787666321e-03
5.998299999999499050e+03 1.032767966389656067e-01 9.266475215554237366e-03
5.999779999999498614e+03 1.053956151008605957e-01 9.164609946310520172e-03
6.001259999999498177e+03 1.114096641540527344e-01 9.283348917961120605e-03
6.002739999999497741e+03 1.224713549017906189e-01 9.849649854004383087e-03
6.004219999999497304e+03 1.215161308646202087e-01 1.004504784941673279e-02
6.005699999999496868e+03 1.136076301336288452e-01 9.483223780989646912e-03
6.007179999999496431e+03 1.168026477098464966e-01 9.180019609630107880e-03
6.008659999999495994e+03 1.107107698917388916e-01 9.094075299799442291e-03
6.010139999999495558e+03 1.031803488731384277e-01 8.946229703724384308e-03
6.011619999999495121e+03 1.035213470458984375e-01 8.960021659731864929e-03
6.013099999999494685e+03 1.066376417875289917e-01 8.983939886093139648e-03
6.014579999999494248e+03 1.209469884634017944e-01 9.382962249219417572e-03
6.016059999999493812e+03 1.131840646266937256e-01 9.167230688035488129e-03
6.017539999999493375e+03 1.052251607179641724e-01 8.954404853284358978e-03
6.019019999999492939e+03 1.041738167405128479e-01 8.900085464119911194e-03
6.020499999999492502e+03 1.044665351510047913e-01 8.909358642995357513e-03
6.021979999999492065e+03 1.167056113481521606e-01 9.236689656972885132e-03
6.023459999999491629e+03 1.136776655912399292e-01 9.082258678972721100e-03
6.024939999999491192e+03 1.100520119071006775e-01 9.014293551445007324e-03
6.026419999999490756e+03 1.002053171396255493e-01 8.850240148603916168e-03
6.027899999999490319e+03 1.197865307331085205e-01 9.429535828530788422e-03
6.029379999999489883e+03 1.065599918365478516e-01 9.108106605708599091e-03
6.030859999999489446e+03 1.151893511414527893e-01 9.221136569976806641e-03
6.032339999999489009e+03 1.095957905054092407e-01 9.199086576700210571e-03
6.033819999999488573e+03 1.100212037563323975e-01 9.362654760479927063e-03
6.035299999999488136e+03 1.142929494380950928e-01 9.388662874698638916e-03
6.036779999999487700e+03 1.210719868540763855e-01 9.370169602334499359e-03
6.038259999999487263e+03 1.111936718225479126e-01 9.076523594558238983e-03
6.039739999999486827e+03 1.042992621660232544e-01 8.929257281124591827e-03
6.041219999999486390e+03 1.131029054522514343e-01 9.143518283963203430e-03
6.042699999999485954e+03 1.133146956562995911e-01 9.113145992159843445e-03
6.044179999999485517e+03 1.007055938243865967e-01 8.805016987025737762e-03
6.045659999999485080e+03 1.057994514703750610e-01 8.909356780350208282e-03
6.047139999999484644e+03 9.680037200450897217e-02 8.681734092533588409e-03
6.048619999999484207e+03 1.030583083629608154e-01 8.855326101183891296e-03
6.050099999999483771e+03 1.052680760622024536e-01 8.972951211035251617e-03
6.051579999999483334e+03 9.867474436759948730e-02 8.718329481780529022e-03
6.053059999999482898e+03 1.083128601312637329e-01 8.947173133492469788e-03
6.054539999999482461e+03 1.239198595285415649e-01 9.290095418691635132e-03
6.056019999999482025e+03 1.158119887113571167e-01 9.083249606192111969e-03
6.057499999999481588e+03 1.124991625547409058e-01 9.130042977631092072e-03
6.058979999999481151e+03 1.027629822492599487e-01 8.883399888873100281e-03
6.060459999999480715e+03 1.029192656278610229e-01 8.874870836734771729e-03
6.061939999999480278e+03 1.117086932063102722e-01 9.166521951556205750e-03
6.063419999999479842e+03 1.160839349031448364e-01 9.195623919367790222e-03
6.064899999999479405e+03 1.260616928339004517e-01 9.426750242710113525e-03
6.066379999999478969e+03 1.146117448806762695e-01 9.233592078089714050e-03
6.067859999999478532e+03 9.389044344425201416e-02 8.759657852351665497e-03
6.069339999999478096e+03 1.114477217197418213e-01 9.101815521717071533e-03
6.070819999999477659e+03 1.320506334304809570e-01 9.520770050585269928e-03
6.072299999999477222e+03 1.138118207454681396e-01 9.079325012862682343e-03
6.073779999999476786e+03 1.043828725814819336e-01 8.850608021020889282e-03
6.075259999999476349e+03 1.092821806669235229e-01 8.950551971793174744e-03
6.076739999999475913e+03 1.082020252943038940e-01 8.924202062189579010e-03
6.078219999999475476e+03 9.973650425672531128e-02 8.664247579872608185e-03
6.079699999999475040e+03 1.041608154773712158e-01 8.794613182544708252e-03
6.081179999999474603e+03 1.114107891917228699e-01 8.976218290627002716e-03
6.082659999999474167e+03 1.137114465236663818e-01 9.055091068148612976e-03
6.084139999999473730e+03 1.067920029163360596e-01 8.882975205779075623e-03
6.085619999999473293e+03 1.082140281796455383e-01 8.904794231057167053e-03
6.087099999999472857e+03 1.207644343376159668e-01 9.252748452126979828e-03
6.088579999999472420e+03 1.006332859396934509e-01 8.679294027388095856e-03
6.090059999999471984e+03 1.028803363442420959e-01 8.767786435782909393e-03
6.091539999999471547e+03 1.178435236215591431e-01 9.141889400780200958e-03
6.093019999999471111e+03 1.153239905834197998e-01 9.118278510868549347e-03
6.094499999999470674e+03 1.161067038774490356e-01 9.134110994637012482e-03
6.095979999999470238e+03 1.173080727458000183e-01 9.186089038848876953e-03
6.097459999999469801e+03 1.026811525225639343e-01 8.754532784223556519e-03
6.098939999999469364e+03 1.105480343103408813e-01 9.002655744552612305e-03
6.100419999999468928e+03 1.101502180099487305e-01 8.966800756752490997e-03
6.101899999999468491e+03 1.083444803953170776e-01 8.861066773533821106e-03
6.103379999999468055e+03 9.908868372440338135e-02 8.668544702231884003e-03
6.104859999999467618e+03 1.008717939257621765e-01 8.800815790891647339e-03
6.106339999999467182e+03 1.189915984869003296e-01 9.120550937950611115e-03
6.107819999999466745e+03 1.097089871764183044e-01 8.900607936084270477e-03
6.109299999999466309e+03 1.021118462085723877e-01 8.697471581399440765e-03
6.110779999999465872e+03 1.133784130215644836e-01 9.014545008540153503e-03
6.112259999999465435e+03 1.017367839813232422e-01 8.657724596560001373e-03
6.113739999999464999e+03 9.886766970157623291e-02 8.661261759698390961e-03
6.115219999999464562e+03 1.243497878313064575e-01 9.304439648985862732e-03
6.116699999999464126e+03 1.147142201662063599e-01 9.007867425680160522e-03
6.118179999999463689e+03 1.081934645771980286e-01 8.850190788507461548e-03
6.119659999999463253e+03 9.913681447505950928e-02 8.695594966411590576e-03
6.121139999999462816e+03 1.114975437521934509e-01 8.922903798520565033e-03
6.122619999999462379e+03 1.186287701129913330e-01 9.035967290401458740e-03
6.124099999999461943e+03 1.258374899625778198e-01 9.267008863389492035e-03
6.125579999999461506e+03 1.863328516483306885e-01 1.068161986768245697e-02
6.127059999999461070e+03 1.901400685310363770e-01 1.077367085963487625e-02
6.128539999999460633e+03 1.388159841299057007e-01 9.528629481792449951e-03
6.130019999999460197e+03 1.184697002172470093e-01 9.056330658495426178e-03
6.131499999999459760e+03 1.049005165696144104e-01 8.733602240681648254e-03
6.132979999999459324e+03 1.051149666309356689e-01 8.707236498594284058e-03
6.134459999999458887e+03 1.170201301574707031e-01 9.042631834745407104e-03
6.135939999999458450e+03 1.100853383541107178e-01 9.004208259284496307e-03
6.137419999999458014e+03 1.070024222135543823e-01 9.037172421813011169e-03
6.138899999999457577e+03 9.926099330186843872e-02 9.058510884642601013e-03
6.140379999999457141e+03 9.037728607654571533e-02 8.735177107155323029e-03
6.141859999999456704e+03 9.207046031951904297e-02 8.659235201776027679e-03
6.143339999999456268e+03 9.566079825162887573e-02 8.935038931667804718e-03
6.144819999999455831e+03 9.326726198196411133e-02 8.908648975193500519e-03
6.146299999999455395e+03 1.022782251238822937e-01 8.893780410289764404e-03
6.147779999999454958e+03 1.062835529446601868e-01 8.772252127528190613e-03
6.149259999999454521e+03 1.103923022747039795e-01 8.988129906356334686e-03
6.150739999999454085e+03 9.391331672668457031e-02 8.617555722594261169e-03
6.152219999999453648e+03 1.027901172637939453e-01 8.770092390477657318e-03
6.153699999999453212e+03 1.118195801973342896e-01 8.966559544205665588e-03
6.155179999999452775e+03 1.251080930233001709e-01 9.233024902641773224e-03
6.156659999999452339e+03 1.089930981397628784e-01 8.878794498741626740e-03
6.158139999999451902e+03 1.221137419342994690e-01 9.179853834211826324e-03
6.159619999999451466e+03 1.177188083529472351e-01 9.055652655661106110e-03
6.161099999999451029e+03 1.099617257714271545e-01 8.814444765448570251e-03
6.162579999999450592e+03 1.249059736728668213e-01 9.100848808884620667e-03
6.164059999999450156e+03 1.088067963719367981e-01 8.743072859942913055e-03
6.165539999999449719e+03 9.647652506828308105e-02 8.466364815831184387e-03
6.167019999999449283e+03 1.118620783090591431e-01 8.879859931766986847e-03
6.168499999999448846e+03 1.160272061824798584e-01 9.298349730670452118e-03
6.169979999999448410e+03 9.666799008846282959e-02 9.212657809257507324e-03
6.171459999999447973e+03 1.059731245040893555e-01 9.336340241134166718e-03
6.172939999999447537e+03 1.151970848441123962e-01 9.130644612014293671e-03
6.174419999999447100e+03 9.945821017026901245e-02 8.705848827958106995e-03
6.175899999999446663e+03 1.174903661012649536e-01 9.277423843741416931e-03
6.177379999999446227e+03 1.265162676572799683e-01 9.438230656087398529e-03
6.178859999999445790e+03 1.191441342234611511e-01 9.104673750698566437e-03
6.180339999999445354e+03 1.011881753802299500e-01 8.612948469817638397e-03
6.181819999999444917e+03 1.175725460052490234e-01 9.078855626285076141e-03
6.183299999999444481e+03 1.140158101916313171e-01 9.041781537234783173e-03
6.184779999999444044e+03 1.057658791542053223e-01 8.804672397673130035e-03
6.186259999999443608e+03 1.023519635200500488e-01 8.713503368198871613e-03
6.187739999999443171e+03 1.194107308983802795e-01 9.095967747271060944e-03
6.189219999999442734e+03 1.215707510709762573e-01 9.135715663433074951e-03
6.190699999999442298e+03 1.021957024931907654e-01 8.703036233782768250e-03
6.192179999999441861e+03 9.424288570880889893e-02 8.571554906666278839e-03
6.193659999999441425e+03 9.896852821111679077e-02 8.709890767931938171e-03
6.195139999999440988e+03 1.142530441284179688e-01 8.950985968112945557e-03
6.196619999999440552e+03 1.261881291866302490e-01 9.214301593601703644e-03
6.198099999999440115e+03 1.219805628061294556e-01 9.137501940131187439e-03
6.199579999999439679e+03 9.981335699558258057e-02 8.571768179535865784e-03
6.201059999999439242e+03 9.450250864028930664e-02 8.758671581745147705e-03
6.202539999999438805e+03 1.060613244771957397e-01 9.387842379510402679e-03
6.204019999999438369e+03 1.121831089258193970e-01 9.298730641603469849e-03
6.205499999999437932e+03 1.225048527121543884e-01 9.157651104032993317e-03
6.206979999999437496e+03 1.076945215463638306e-01 8.799943141639232635e-03
6.208459999999437059e+03 1.058930307626724243e-01 8.723576553165912628e-03
6.209939999999436623e+03 1.169994771480560303e-01 9.019241668283939362e-03
6.211419999999436186e+03 1.051098555326461792e-01 8.837248198688030243e-03
6.212899999999435749e+03 8.403957635164260864e-02 8.392684161663055420e-03
6.214379999999435313e+03 1.037382036447525024e-01 8.785768412053585052e-03
6.215859999999434876e+03 1.114891767501831055e-01 8.876806125044822693e-03
6.217339999999434440e+03 1.136429831385612488e-01 8.865888230502605438e-03
6.218819999999434003e+03 1.175683736801147461e-01 9.096425026655197144e-03
6.220299999999433567e+03 1.237022876739501953e-01 9.618398733437061310e-03
6.221779999999433130e+03 1.078379154205322266e-01 9.478920139372348785e-03
6.223259999999432694e+03 1.099043413996696472e-01 9.253608994185924530e-03
6.224739999999432257e+03 1.018446683883666992e-01 8.737651631236076355e-03
6.226219999999431820e+03 1.052941232919692993e-01 8.722320199012756348e-03
6.227699999999431384e+03 1.209777295589447021e-01 9.062564931809902191e-03
6.229179999999430947e+03 1.125243753194808960e-01 8.810901083052158356e-03
6.230659999999430511e+03 1.130751743912696838e-01 8.859734982252120972e-03
6.232139999999430074e+03 1.280598342418670654e-01 9.662824682891368866e-03
6.233619999999429638e+03 1.231303438544273376e-01 1.090795267373323441e-02
6.235099999999429201e+03 9.926008433103561401e-02 1.168504450470209122e-02
6.236579999999428765e+03 1.078385412693023682e-01 1.154361013323068619e-02
6.238059999999428328e+03 1.002317965030670166e-01 1.008196827024221420e-02
6.239539999999427891e+03 1.121264919638633728e-01 9.734023362398147583e-03
6.241019999999427455e+03 1.123526766896247864e-01 9.813785552978515625e-03
6.242499999999427018e+03 1.047310233116149902e-01 9.677235968410968781e-03
6.243979999999426582e+03 1.172221004962921143e-01 9.695363231003284454e-03
6.245459999999426145e+03 1.129244714975357056e-01 9.198025800287723541e-03
6.246939999999425709e+03 1.076593622565269470e-01 8.959898725152015686e-03
6.248419999999425272e+03 1.114572286605834961e-01 9.077309630811214447e-03
6.249899999999424836e+03 1.102959290146827698e-01 8.875527419149875641e-03
6.251379999999424399e+03 1.197019815444946289e-01 8.989022113382816315e-03
6.252859999999423962e+03 1.240628287196159363e-01 9.037614800035953522e-03
6.254339999999423526e+03 1.157904118299484253e-01 8.972041308879852295e-03
6.255819999999423089e+03 1.117845028638839722e-01 1.017598155885934830e-02
6.257299999999422653e+03 1.141236126422882080e-01 1.175754982978105545e-02
6.258779999999422216e+03 1.237888038158416748e-01 1.148760505020618439e-02
6.260259999999421780e+03 1.136485040187835693e-01 9.644190780818462372e-03
6.261739999999421343e+03 1.168113797903060913e-01 9.223692119121551514e-03
6.263219999999420907e+03 1.018277108669281006e-01 9.210790507495403290e-03
6.264699999999420470e+03 1.058739274740219116e-01 9.725905023515224457e-03
6.266179999999420033e+03 1.070053577423095703e-01 9.700726717710494995e-03
6.267659999999419597e+03 1.076984703540802002e-01 9.149469435214996338e-03
6.269139999999419160e+03 1.091470122337341309e-01 9.047811850905418396e-03
6.270619999999418724e+03 9.793493151664733887e-02 8.589741773903369904e-03
6.272099999999418287e+03 1.108419224619865417e-01 8.900314569473266602e-03
6.273579999999417851e+03 1.153817325830459595e-01 9.155779145658016205e-03
6.275059999999417414e+03 1.084884330630302429e-01 9.157757274806499481e-03
6.276539999999416978e+03 9.973344206809997559e-02 9.016485884785652161e-03
6.278019999999416541e+03 1.072001084685325623e-01 9.064242243766784668e-03
6.279499999999416104e+03 1.121278703212738037e-01 8.927593007683753967e-03
6.280979999999415668e+03 1.032072454690933228e-01 8.575368672609329224e-03
6.282459999999415231e+03 1.005610525608062744e-01 8.514617569744586945e-03
6.283939999999414795e+03 9.969013184309005737e-02 8.500202558934688568e-03
6.285419999999414358e+03 9.829154610633850098e-02 9.609869681298732758e-03
6.286899999999413922e+03 1.128467768430709839e-01 1.120619475841522217e-02
6.288379999999413485e+03 1.131693422794342041e-01 1.089001167565584183e-02
6.289859999999413048e+03 1.111241653561592102e-01 9.499334730207920074e-03
6.291339999999412612e+03 1.002908051013946533e-01 8.484235964715480804e-03
6.292819999999412175e+03 1.018008291721343994e-01 8.508093655109405518e-03
6.294299999999411739e+03 1.062282770872116089e-01 8.717121556401252747e-03
6.295779999999411302e+03 1.045413091778755188e-01 8.716898038983345032e-03
6.297259999999410866e+03 7.094007730484008789e-02 1.098891068249940872e-02
6.298739999999410429e+03 9.460004419088363647e-02 1.915088668465614319e-02
6.300219999999409993e+03 1.766795217990875244e-01 2.253415435552597046e-02
6.301699999999409556e+03 1.352851092815399170e-01 1.809073612093925476e-02
6.303179999999409119e+03 6.663703173398971558e-02 8.980828337371349335e-03
6.304659999999408683e+03 1.055035144090652466e-01 9.545851498842239380e-03
6.306139999999408246e+03 1.223740503191947937e-01 1.182651240378618240e-02
6.307619999999407810e+03 1.166533976793289185e-01 1.147444173693656921e-02
6.309099999999407373e+03 1.014156267046928406e-01 9.299490600824356079e-03
6.310579999999406937e+03 9.656358510255813599e-02 8.430385030806064606e-03
6.312059999999406500e+03 1.171466335654258728e-01 8.935105055570602417e-03
6.313539999999406064e+03 1.098744273185729980e-01 8.789549581706523895e-03
6.315019999999405627e+03 1.058302670717239380e-01 8.526106365025043488e-03
6.316499999999405190e+03 9.972434490919113159e-02 8.396930061280727386e-03
6.317979999999404754e+03 1.132327616214752197e-01 8.809431456029415131e-03
6.319459999999404317e+03 1.122626364231109619e-01 9.297996759414672852e-03
6.320939999999403881e+03 1.152951866388320923e-01 9.942756965756416321e-03
6.322419999999403444e+03 1.244364827871322632e-01 9.894748218357563019e-03
6.323899999999403008e+03 9.860366582870483398e-02 8.628505282104015350e-03
6.325379999999402571e+03 1.054603904485702515e-01 8.584436960518360138e-03
6.326859999999402135e+03 1.034370660781860352e-01 8.941875770688056946e-03
6.328339999999401698e+03 9.803466498851776123e-02 1.036800164729356766e-02
6.329819999999401261e+03 1.116452515125274658e-01 1.137285213917493820e-02
6.331299999999400825e+03 1.261278688907623291e-01 1.047492306679487228e-02
6.332779999999400388e+03 1.253511905670166016e-01 9.203514084219932556e-03
6.334259999999399952e+03 1.213337033987045288e-01 8.897320367395877838e-03
6.335739999999399515e+03 1.166255772113800049e-01 8.850632235407829285e-03
6.337219999999399079e+03 1.131872981786727905e-01 8.735856041312217712e-03
6.338699999999398642e+03 1.087385490536689758e-01 8.670466952025890350e-03
6.340179999999398206e+03 1.058628484606742859e-01 8.661964908242225647e-03
6.341659999999397769e+03 1.158543825149536133e-01 8.911782875657081604e-03
6.343139999999397332e+03 1.163396239280700684e-01 8.953866548836231232e-03
6.344619999999396896e+03 1.091979220509529114e-01 8.788313716650009155e-03
6.346099999999396459e+03 1.126928627490997314e-01 9.062111377716064453e-03
6.347579999999396023e+03 1.258665919303894043e-01 9.864426217973232269e-03
6.349059999999395586e+03 1.333454549312591553e-01 9.994358755648136139e-03
6.350539999999395150e+03 1.099255308508872986e-01 8.986546657979488373e-03
6.352019999999394713e+03 1.078727841377258301e-01 8.672486059367656708e-03
6.353499999999394277e+03 1.113516986370086670e-01 9.062631055712699890e-03
6.354979999999393840e+03 9.860755503177642822e-02 9.911894798278808594e-03
6.356459999999393403e+03 1.075906157493591309e-01 1.040207780897617340e-02
6.357939999999392967e+03 9.908151626586914062e-02 9.312344714999198914e-03
6.359419999999392530e+03 1.176287457346916199e-01 8.964286185801029205e-03
6.360899999999392094e+03 1.091319695115089417e-01 9.536087512969970703e-03
6.362379999999391657e+03 1.385749876499176025e-01 1.378778181970119476e-02
6.363859999999391221e+03 1.447389721870422363e-01 1.496032811701297760e-02
6.365339999999390784e+03 9.430214762687683105e-02 1.149890851229429245e-02
6.366819999999390348e+03 9.744159877300262451e-02 8.767216466367244720e-03
6.368299999999389911e+03 1.224791705608367920e-01 8.959386497735977173e-03
6.369779999999389474e+03 1.044054329395294189e-01 8.544450625777244568e-03
6.371259999999389038e+03 1.044384986162185669e-01 8.545858785510063171e-03
6.372739999999388601e+03 1.113355457782745361e-01 8.736464194953441620e-03
6.374219999999388165e+03 1.196948885917663574e-01 8.962229825556278229e-03
6.375699999999387728e+03 1.285884529352188110e-01 9.203558787703514099e-03
6.377179999999387292e+03 1.266843527555465698e-01 9.280515834689140320e-03
6.378659999999386855e+03 1.159658059477806091e-01 9.309914894402027130e-03
6.380139999999386418e+03 1.056019663810729980e-01 9.010370820760726929e-03
6.381619999999385982e+03 1.188521385192871094e-01 9.034777991473674774e-03
6.383099999999385545e+03 1.130997240543365479e-01 8.835077285766601562e-03
6.384579999999385109e+03 1.112146377563476562e-01 9.281544946134090424e-03
6.386059999999384672e+03 1.231016591191291809e-01 9.971039369702339172e-03
6.387539999999384236e+03 9.694284200668334961e-02 9.027759544551372528e-03
6.389019999999383799e+03 9.790571033954620361e-02 8.503476157784461975e-03
6.390499999999383363e+03 1.164560839533805847e-01 8.810616098344326019e-03
6.391979999999382926e+03 1.050564050674438477e-01 8.581986650824546814e-03
6.393459999999382489e+03 1.085970997810363770e-01 8.678026497364044189e-03
6.394939999999382053e+03 1.116341948509216309e-01 8.780894801020622253e-03
6.396419999999381616e+03 1.025113016366958618e-01 8.481531403958797455e-03
6.397899999999381180e+03 1.014300286769866943e-01 8.394503034651279449e-03
6.399379999999380743e+03 1.176355853676795959e-01 8.807724341750144958e-03
6.400859999999380307e+03 1.154579818248748779e-01 8.719787001609802246e-03
6.402339999999379870e+03 1.166056320071220398e-01 8.739454671740531921e-03
6.403819999999379434e+03 1.267448663711547852e-01 9.027336724102497101e-03
6.405299999999378997e+03 9.646701812744140625e-02 8.207272738218307495e-03
6.406779999999378560e+03 1.072729229927062988e-01 8.461172692477703094e-03
6.408259999999378124e+03 1.123171970248222351e-01 8.603270165622234344e-03
6.409739999999377687e+03 1.240565031766891479e-01 8.932218886911869049e-03
6.411219999999377251e+03 1.075887009501457214e-01 8.614160120487213135e-03
6.412699999999376814e+03 1.031353995203971863e-01 8.669559843838214874e-03
6.414179999999376378e+03 1.143754273653030396e-01 8.982879109680652618e-03
6.415659999999375941e+03 9.489689767360687256e-02 8.356383070349693298e-03
6.417139999999375505e+03 9.510390460491180420e-02 8.255322463810443878e-03
6.418619999999375068e+03 1.075023561716079712e-01 8.889107964932918549e-03
6.420099999999374631e+03 1.077970713376998901e-01 9.013715200126171112e-03
6.421579999999374195e+03 8.531762659549713135e-02 8.246254175901412964e-03
6.423059999999373758e+03 9.194833040237426758e-02 8.169391192495822906e-03
6.424539999999373322e+03 1.168984472751617432e-01 8.728823624551296234e-03
6.426019999999372885e+03 1.152515113353729248e-01 8.668360300362110138e-03
6.427499999999372449e+03 1.028097867965698242e-01 8.378517813980579376e-03
6.428979999999372012e+03 9.570546448230743408e-02 8.175401017069816589e-03
6.430459999999371576e+03 1.131354197859764099e-01 8.609894663095474243e-03
6.431939999999371139e+03 1.241035982966423035e-01 8.884392678737640381e-03
6.433419999999370702e+03 1.096844971179962158e-01 8.560447022318840027e-03
6.434899999999370266e+03 1.174663975834846497e-01 8.801918476819992065e-03
6.436379999999369829e+03 1.003477498888969421e-01 8.366133086383342743e-03
6.437859999999369393e+03 1.017590910196304321e-01 8.346285670995712280e-03
6.439339999999368956e+03 1.130586490035057068e-01 8.640423417091369629e-03
6.440819999999368520e+03 1.059579029679298401e-01 8.482914417982101440e-03
6.442299999999368083e+03 1.068799942731857300e-01 8.554970845580101013e-03
6.443779999999367647e+03 1.139933913946151733e-01 8.690195158123970032e-03
6.445259999999367210e+03 1.058655008673667908e-01 8.494414389133453369e-03
6.446739999999366773e+03 1.264950186014175415e-01 8.942779153585433960e-03
6.448219999999366337e+03 1.145924329757690430e-01 8.754199370741844177e-03
6.449699999999365900e+03 9.466404467821121216e-02 8.344631642103195190e-03
6.451179999999365464e+03 1.063574105501174927e-01 8.729062974452972412e-03
6.452659999999365027e+03 1.159189343452453613e-01 8.976199664175510406e-03
6.454139999999364591e+03 1.154482513666152954e-01 8.775971829891204834e-03
6.455619999999364154e+03 1.082355380058288574e-01 8.648579008877277374e-03
6.457099999999363718e+03 1.091347560286521912e-01 8.869105949997901917e-03
6.458579999999363281e+03 1.197438240051269531e-01 9.130383841693401337e-03
6.460059999999362844e+03 1.232549920678138733e-01 9.057268500328063965e-03
6.461539999999362408e+03 1.161916628479957581e-01 9.159020148217678070e-03
6.463019999999361971e+03 1.255816370248794556e-01 1.004685740917921066e-02
6.464499999999361535e+03 1.280750334262847900e-01 1.061088405549526215e-02
6.465979999999361098e+03 1.064731925725936890e-01 1.003775838762521744e-02
6.467459999999360662e+03 9.540025889873504639e-02 9.250003844499588013e-03
6.468939999999360225e+03 1.048088818788528442e-01 9.582013823091983795e-03
6.470419999999359788e+03 1.099120453000068665e-01 1.006846316158771515e-02
6.471899999999359352e+03 9.579706192016601562e-02 9.284861385822296143e-03
6.473379999999358915e+03 9.381283819675445557e-02 8.396119810640811920e-03
6.474859999999358479e+03 1.083783358335494995e-01 8.635648526251316071e-03
6.476339999999358042e+03 1.046583130955696106e-01 8.807072415947914124e-03
6.477819999999357606e+03 1.194839328527450562e-01 9.237790480256080627e-03
6.479299999999357169e+03 1.068179681897163391e-01 8.764853700995445251e-03
6.480779999999356733e+03 1.080781966447830200e-01 8.588017895817756653e-03
6.482259999999356296e+03 8.865079283714294434e-02 8.065794594585895538e-03
6.483739999999355859e+03 1.174699217081069946e-01 8.707111701369285583e-03
6.485219999999355423e+03 1.002023220062255859e-01 8.265336044132709503e-03
6.486699999999354986e+03 1.050063669681549072e-01 8.418881334364414215e-03
6.488179999999354550e+03 1.086982935667037964e-01 8.553055115044116974e-03
6.489659999999354113e+03 1.001123860478401184e-01 8.331941440701484680e-03
6.491139999999353677e+03 1.022281944751739502e-01 8.388228714466094971e-03
6.492619999999353240e+03 1.029453650116920471e-01 8.399492129683494568e-03
6.494099999999352804e+03 1.063165962696075439e-01 8.453991264104843140e-03
6.495579999999352367e+03 9.081552177667617798e-02 8.534185588359832764e-03
6.497059999999351930e+03 1.154077947139739990e-01 1.078850589692592621e-02
6.498539999999351494e+03 1.287544518709182739e-01 1.166109181940555573e-02
6.500019999999351057e+03 1.161843985319137573e-01 1.045575458556413651e-02
6.501499999999350621e+03 1.012997776269912720e-01 8.677448146045207977e-03
6.502979999999350184e+03 1.060405075550079346e-01 8.953415788710117340e-03
6.504459999999349748e+03 1.126664131879806519e-01 9.540772065520286560e-03
6.505939999999349311e+03 9.895066916942596436e-02 8.899954147636890411e-03
6.507419999999348875e+03 1.021154969930648804e-01 8.453962393105030060e-03
6.508899999999348438e+03 1.070502996444702148e-01 8.477260358631610870e-03
6.510379999999348001e+03 1.120953112840652466e-01 8.620563894510269165e-03
6.511859999999347565e+03 1.176957711577415466e-01 8.879267610609531403e-03
6.513339999999347128e+03 1.086355149745941162e-01 8.798370137810707092e-03
6.514819999999346692e+03 1.078607738018035889e-01 8.825116790831089020e-03
6.516299999999346255e+03 1.028493344783782959e-01 8.306097239255905151e-03
6.517779999999345819e+03 1.011402308940887451e-01 8.261748589575290680e-03
6.519259999999345382e+03 9.031476080417633057e-02 8.029582910239696503e-03
6.520739999999344946e+03 1.049628630280494690e-01 8.880524896085262299e-03
6.522219999999344509e+03 1.144040897488594055e-01 9.381580166518688202e-03
6.523699999999344072e+03 1.136291995644569397e-01 9.041811339557170868e-03
6.525179999999343636e+03 9.952814877033233643e-02 8.424586616456508636e-03
6.526659999999343199e+03 1.078570261597633362e-01 8.608970791101455688e-03
6.528139999999342763e+03 1.137389689683914185e-01 8.597004227340221405e-03
6.529619999999342326e+03 1.071112900972366333e-01 8.609653450548648834e-03
6.531099999999341890e+03 1.043825149536132812e-01 9.874100796878337860e-03
6.532579999999341453e+03 1.056779325008392334e-01 1.072164438664913177e-02
6.534059999999341017e+03 1.077586486935615540e-01 1.011428050696849823e-02
6.535539999999340580e+03 9.334507584571838379e-02 8.412409573793411255e-03
6.537019999999340143e+03 9.780868887901306152e-02 8.172243833541870117e-03
6.538499999999339707e+03 1.082316786050796509e-01 8.535126224160194397e-03
6.539979999999339270e+03 1.004061549901962280e-01 8.421240374445915222e-03
6.541459999999338834e+03 1.042589917778968811e-01 8.915061131119728088e-03
6.542939999999338397e+03 1.059902906417846680e-01 9.539715945720672607e-03
6.544419999999337961e+03 1.059357449412345886e-01 9.428318589925765991e-03
6.545899999999337524e+03 1.220934540033340454e-01 9.203076362609863281e-03
6.547379999999337088e+03 1.228606253862380981e-01 8.885045535862445831e-03
6.548859999999336651e+03 9.436877071857452393e-02 8.164077997207641602e-03
6.550339999999336214e+03 1.031660661101341248e-01 8.730925619602203369e-03
6.551819999999335778e+03 1.227583736181259155e-01 1.073230709880590439e-02
6.553299999999335341e+03 1.139673888683319092e-01 1.123401708900928497e-02
6.554779999999334905e+03 1.209863424301147461e-01 1.040542405098676682e-02
6.556259999999334468e+03 9.699577093124389648e-02 8.416369557380676270e-03
6.557739999999334032e+03 9.831966459751129150e-02 8.093564771115779877e-03
6.559219999999333595e+03 1.035579144954681396e-01 8.422721177339553833e-03
6.560699999999333158e+03 9.743534773588180542e-02 9.099424816668033600e-03
6.562179999999332722e+03 1.067812442779541016e-01 9.956636466085910797e-03
6.563659999999332285e+03 1.097920984029769897e-01 9.473941288888454437e-03
6.565139999999331849e+03 1.121936887502670288e-01 8.757872506976127625e-03
6.566619999999331412e+03 1.138260066509246826e-01 9.041581302881240845e-03
6.568099999999330976e+03 1.658030152320861816e-01 1.067597512155771255e-02
6.569579999999330539e+03 1.960008889436721802e-01 1.111413445323705673e-02
6.571059999999330103e+03 1.577882170677185059e-01 9.886423125863075256e-03
6.572539999999329666e+03 1.087984591722488403e-01 8.525098673999309540e-03
6.574019999999329229e+03 9.684543311595916748e-02 8.488547056913375854e-03
6.575499999999328793e+03 9.609224647283554077e-02 9.778079576790332794e-03
6.576979999999328356e+03 1.167905032634735107e-01 1.066606491804122925e-02
6.578459999999327920e+03 1.193216294050216675e-01 9.956134483218193054e-03
6.579939999999327483e+03 1.134351193904876709e-01 8.730899542570114136e-03
6.581419999999327047e+03 1.239575594663619995e-01 8.948015049099922180e-03
6.582899999999326610e+03 1.151863783597946167e-01 8.778761141002178192e-03
6.584379999999326174e+03 1.153298169374465942e-01 8.723059669137001038e-03
6.585859999999325737e+03 1.015447825193405151e-01 8.326405659317970276e-03
6.587339999999325300e+03 1.122730076313018799e-01 8.571675978600978851e-03
6.588819999999324864e+03 1.000162959098815918e-01 8.271018974483013153e-03
6.590299999999324427e+03 1.008124426007270813e-01 8.326382376253604889e-03
6.591779999999323991e+03 1.193331256508827209e-01 8.716951124370098114e-03
6.593259999999323554e+03 1.151101440191268921e-01 8.694933727383613586e-03
6.594739999999323118e+03 1.153971999883651733e-01 9.059846401214599609e-03
6.596219999999322681e+03 1.150111779570579529e-01 9.279817342758178711e-03
6.597699999999322245e+03 1.126895695924758911e-01 8.933393284678459167e-03
6.599179999999321808e+03 1.190251111984252930e-01 8.760745637118816376e-03
6.600659999999321371e+03 1.134525388479232788e-01 8.701685816049575806e-03
6.602139999999320935e+03 1.245222687721252441e-01 9.672570973634719849e-03
6.603619999999320498e+03 1.197875291109085083e-01 9.982697665691375732e-03
6.605099999999320062e+03 9.763079136610031128e-02 9.026317857205867767e-03
6.606579999999319625e+03 1.068517416715621948e-01 8.511498570442199707e-03
6.608059999999319189e+03 1.137827932834625244e-01 8.532634936273097992e-03
6.609539999999318752e+03 1.086925417184829712e-01 8.425917476415634155e-03
6.611019999999318316e+03 1.074108630418777466e-01 8.375436067581176758e-03
6.612499999999317879e+03 9.201858192682266235e-02 7.985549978911876678e-03
6.613979999999317442e+03 9.545008838176727295e-02 8.062708191573619843e-03
6.615459999999317006e+03 1.088884845376014709e-01 8.421876467764377594e-03
6.616939999999316569e+03 1.028289794921875000e-01 8.262519724667072296e-03
6.618419999999316133e+03 1.098582446575164795e-01 8.472343906760215759e-03
6.619899999999315696e+03 1.031456589698791504e-01 8.309527300298213959e-03
6.621379999999315260e+03 9.353490173816680908e-02 7.991949096322059631e-03
6.622859999999314823e+03 1.167558804154396057e-01 8.595687337219715118e-03
6.624339999999314387e+03 1.023109778761863708e-01 8.291104808449745178e-03
6.625819999999313950e+03 1.000520437955856323e-01 8.469701744616031647e-03
6.627299999999313513e+03 1.234551295638084412e-01 9.125256910920143127e-03
6.628779999999313077e+03 1.074375510215759277e-01 8.601340465247631073e-03
6.630259999999312640e+03 1.025207564234733582e-01 8.331960998475551605e-03
6.631739999999312204e+03 1.044750884175300598e-01 8.609001524746417999e-03
6.633219999999311767e+03 1.186178773641586304e-01 9.239912964403629303e-03
6.634699999999311331e+03 1.184261590242385864e-01 9.181938134133815765e-03
6.636179999999310894e+03 1.225532740354537964e-01 8.939752355217933655e-03
6.637659999999310457e+03 1.108694300055503845e-01 8.511045947670936584e-03
6.639139999999310021e+03 9.831687808036804199e-02 8.220691233873367310e-03
6.640619999999309584e+03 1.031870990991592407e-01 8.306676521897315979e-03
6.642099999999309148e+03 1.180100962519645691e-01 8.634618483483791351e-03
6.643579999999308711e+03 1.222850754857063293e-01 8.727359585464000702e-03
6.645059999999308275e+03 1.118662804365158081e-01 8.488396182656288147e-03
6.646539999999307838e+03 1.068176031112670898e-01 8.365645073354244232e-03
6.648019999999307402e+03 1.028581038117408752e-01 8.265736512839794159e-03
6.649499999999306965e+03 1.159834042191505432e-01 8.662701584398746490e-03
6.650979999999306528e+03 1.180394589900970459e-01 8.692057803273200989e-03
6.652459999999306092e+03 1.091616004705429077e-01 8.429276756942272186e-03
6.653939999999305655e+03 1.111827641725540161e-01 8.512541651725769043e-03
6.655419999999305219e+03 1.113411188125610352e-01 8.475991897284984589e-03
6.656899999999304782e+03 1.054131984710693359e-01 8.315472863614559174e-03
6.658379999999304346e+03 1.184143275022506714e-01 8.701312355697154999e-03
6.659859999999303909e+03 1.242380440235137939e-01 8.880648761987686157e-03
6.661339999999303473e+03 1.119660288095474243e-01 8.676129393279552460e-03
6.662819999999303036e+03 1.097287759184837341e-01 8.563382551074028015e-03
6.664299999999302599e+03 1.121552586555480957e-01 8.529561571776866913e-03
6.665779999999302163e+03 1.111589074134826660e-01 8.729111403226852417e-03
6.667259999999301726e+03 1.147724688053131104e-01 8.862419053912162781e-03
6.668739999999301290e+03 1.084473654627799988e-01 8.517725393176078796e-03
6.670219999999300853e+03 1.101573854684829712e-01 8.422553539276123047e-03
6.671699999999300417e+03 1.184661686420440674e-01 8.646767586469650269e-03
6.673179999999299980e+03 1.215168610215187073e-01 8.712331764400005341e-03
6.674659999999299544e+03 1.105387359857559204e-01 8.406167849898338318e-03
6.676139999999299107e+03 1.060070842504501343e-01 8.260642178356647491e-03
6.677619999999298670e+03 1.251064240932464600e-01 8.747733198106288910e-03
6.679099999999298234e+03 1.295928657054901123e-01 8.913825266063213348e-03
6.680579999999297797e+03 1.076588854193687439e-01 8.327013812959194183e-03
6.682059999999297361e+03 9.921528398990631104e-02 8.117306977510452271e-03
6.683539999999296924e+03 1.020174175500869751e-01 8.245253935456275940e-03
6.685019999999296488e+03 1.002069264650344849e-01 8.209635503590106964e-03
6.686499999999296051e+03 1.096725463867187500e-01 8.455046452581882477e-03
6.687979999999295615e+03 1.000831946730613708e-01 8.187153376638889313e-03
6.689459999999295178e+03 1.070122420787811279e-01 8.366588503122329712e-03
6.690939999999294741e+03 1.070038527250289917e-01 8.274744264781475067e-03
6.692419999999294305e+03 1.110439375042915344e-01 8.421427570283412933e-03
6.693899999999293868e+03 1.059235036373138428e-01 8.282545953989028931e-03
6.695379999999293432e+03 1.115128695964813232e-01 8.400547318160533905e-03
6.696859999999292995e+03 1.110248416662216187e-01 8.539609611034393311e-03
6.698339999999292559e+03 1.228358298540115356e-01 8.955513127148151398e-03
6.699819999999292122e+03 1.120408028364181519e-01 8.627853356301784515e-03
6.701299999999291686e+03 1.118656843900680542e-01 8.542797528207302094e-03
6.702779999999291249e+03 1.191081255674362183e-01 8.777823299169540405e-03
6.704259999999290812e+03 1.093713492155075073e-01 8.577696047723293304e-03
6.705739999999290376e+03 9.766231477260589600e-02 8.150998502969741821e-03
6.707219999999289939e+03 9.852671623229980469e-02 8.111833594739437103e-03
6.708699999999289503e+03 1.039836555719375610e-01 8.304028771817684174e-03
6.710179999999289066e+03 1.123955398797988892e-01 8.474097587168216705e-03
6.711659999999288630e+03 1.159579455852508545e-01 8.543368428945541382e-03
6.713139999999288193e+03 1.044113636016845703e-01 8.347966708242893219e-03
6.714619999999287757e+03 1.082885414361953735e-01 8.474461734294891357e-03
6.716099999999287320e+03 1.081225872039794922e-01 8.437319658696651459e-03
6.717579999999286883e+03 1.174462437629699707e-01 8.592994883656501770e-03
6.719059999999286447e+03 1.067798733711242676e-01 8.311941288411617279e-03
6.720539999999286010e+03 1.067878156900405884e-01 8.280287496745586395e-03
6.722019999999285574e+03 1.208700835704803467e-01 8.676216006278991699e-03
6.723499999999285137e+03 1.134485453367233276e-01 8.466765284538269043e-03
6.724979999999284701e+03 8.811174333095550537e-02 7.813223637640476227e-03
6.726459999999284264e+03 1.024848222732543945e-01 8.206788450479507446e-03
6.727939999999283827e+03 1.078303679823875427e-01 8.361316286027431488e-03
6.729419999999283391e+03 1.076811254024505615e-01 8.376101031899452209e-03
6.730899999999282954e+03 1.055083721876144409e-01 8.336377330124378204e-03
6.732379999999282518e+03 1.056993752717971802e-01 8.245484903454780579e-03
6.733859999999282081e+03 1.075949892401695251e-01 8.315877988934516907e-03
6.735339999999281645e+03 1.010482683777809143e-01 8.149461820721626282e-03
6.736819999999281208e+03 1.044648587703704834e-01 8.220000192523002625e-03
6.738299999999280772e+03 1.133123040199279785e-01 8.489567786455154419e-03
6.739779999999280335e+03 1.056943982839584351e-01 8.362996391952037811e-03
6.741259999999279898e+03 1.066357120871543884e-01 8.421977981925010681e-03
6.742739999999279462e+03 1.170991361141204834e-01 8.707971312105655670e-03
6.744219999999279025e+03 1.081776544451713562e-01 8.474433794617652893e-03
6.745699999999278589e+03 1.118035614490509033e-01 8.519930765032768250e-03
6.747179999999278152e+03 1.148850172758102417e-01 8.545896969735622406e-03
6.748659999999277716e+03 9.240384399890899658e-02 7.894661277532577515e-03
6.750139999999277279e+03 1.137471348047256470e-01 8.481361903250217438e-03
6.751619999999276843e+03 1.153787747025489807e-01 8.499343879520893097e-03
6.753099999999276406e+03 1.246678233146667480e-01 8.670866489410400391e-03
6.754579999999275969e+03 1.078513860702514648e-01 8.280224166810512543e-03
6.756059999999275533e+03 1.199926137924194336e-01 8.556272834539413452e-03
6.757539999999275096e+03 1.111245304346084595e-01 8.381547406315803528e-03
6.759019999999274660e+03 9.852357208728790283e-02 8.048691786825656891e-03
6.760499999999274223e+03 1.014270037412643433e-01 8.128404617309570312e-03
6.761979999999273787e+03 1.037235856056213379e-01 8.200529031455516815e-03
6.763459999999273350e+03 1.079041510820388794e-01 8.268802426755428314e-03
6.764939999999272914e+03 9.656313061714172363e-02 8.011637255549430847e-03
6.766419999999272477e+03 1.091250926256179810e-01 8.302419446408748627e-03
6.767899999999272040e+03 1.181944906711578369e-01 8.481094613671302795e-03
6.769379999999271604e+03 1.060414761304855347e-01 8.196868002414703369e-03
6.770859999999271167e+03 1.106254234910011292e-01 8.337063714861869812e-03
6.772339999999270731e+03 1.063736006617546082e-01 8.221526630222797394e-03
6.773819999999270294e+03 1.038242727518081665e-01 8.157287724316120148e-03
6.775299999999269858e+03 1.034400165081024170e-01 8.194522000849246979e-03
6.776779999999269421e+03 1.045371741056442261e-01 8.240844123065471649e-03
6.778259999999268985e+03 1.156602054834365845e-01 8.501264266669750214e-03
6.779739999999268548e+03 1.007310301065444946e-01 8.101079612970352173e-03
6.781219999999268111e+03 9.533061832189559937e-02 7.971302606165409088e-03
6.782699999999267675e+03 1.175404489040374756e-01 8.552054874598979950e-03
6.784179999999267238e+03 1.211205571889877319e-01 8.621922694146633148e-03
6.785659999999266802e+03 1.092874780297279358e-01 8.360040374100208282e-03
6.787139999999266365e+03 1.095124110579490662e-01 8.380600251257419586e-03
6.788619999999265929e+03 9.819644689559936523e-02 8.081145584583282471e-03
6.790099999999265492e+03 9.998518973588943481e-02 8.090555667877197266e-03
6.791579999999265056e+03 1.155722886323928833e-01 8.433894254267215729e-03
6.793059999999264619e+03 1.092361211776733398e-01 8.259033784270286560e-03
6.794539999999264182e+03 1.016699075698852539e-01 8.082130923867225647e-03
6.796019999999263746e+03 1.117387264966964722e-01 8.331976830959320068e-03
6.797499999999263309e+03 1.119648367166519165e-01 8.336864411830902100e-03
6.798979999999262873e+03 1.073122769594192505e-01 8.250080049037933350e-03
6.800459999999262436e+03 1.029058173298835754e-01 8.143879473209381104e-03
6.801939999999262000e+03 1.041605025529861450e-01 8.144800551235675812e-03
6.803419999999261563e+03 1.193339750170707703e-01 8.557298220694065094e-03
6.804899999999261127e+03 1.218519210815429688e-01 8.630136027932167053e-03
6.806379999999260690e+03 1.262934207916259766e-01 8.724873885512351990e-03
6.807859999999260253e+03 1.156701743602752686e-01 8.437016047537326813e-03
6.809339999999259817e+03 1.008079871535301208e-01 8.064753375947475433e-03
6.810819999999259380e+03 1.093740686774253845e-01 8.303552865982055664e-03
6.812299999999258944e+03 8.962889015674591064e-02 7.719432003796100616e-03
6.813779999999258507e+03 1.077542826533317566e-01 8.238148875534534454e-03
6.815259999999258071e+03 1.090494468808174133e-01 8.273024111986160278e-03
6.816739999999257634e+03 1.170185357332229614e-01 8.513382636010646820e-03
6.818219999999257197e+03 1.117440313100814819e-01 8.388224057853221893e-03
6.819699999999256761e+03 1.134694963693618774e-01 8.427976630628108978e-03
6.821179999999256324e+03 1.159761101007461548e-01 8.468857966363430023e-03
6.822659999999255888e+03 1.099225804209709167e-01 8.348058909177780151e-03
6.824139999999255451e+03 1.225326955318450928e-01 8.792101405560970306e-03
6.825619999999255015e+03 2.126867920160293579e-01 1.197642553597688675e-02
6.827099999999254578e+03 4.148811101913452148e-01 1.656302437186241150e-02
6.828579999999254142e+03 3.961064815521240234e-01 1.674234680831432343e-02
6.830059999999253705e+03 1.513594090938568115e-01 1.204010844230651855e-02
6.831539999999253268e+03 1.055129468441009521e-01 1.093885116279125214e-02
6.833019999999252832e+03 1.284225881099700928e-01 1.256541442126035690e-02
6.834499999999252395e+03 1.088771298527717590e-01 1.137327402830123901e-02
6.835979999999251959e+03 9.433113783597946167e-02 8.927968330681324005e-03
6.837459999999251522e+03 1.137031838297843933e-01 8.730144239962100983e-03
6.838939999999251086e+03 2.090861052274703979e-01 1.097030844539403915e-02
6.840419999999250649e+03 9.340751171112060547e-01 2.086406014859676361e-02
6.841899999999250213e+03 2.998831033706665039e+00 3.622896224260330200e-02
6.843379999999249776e+03 3.416622877120971680e+00 3.848053887486457825e-02
6.844859999999249339e+03 1.655999183654785156e+00 2.692084573209285736e-02
6.846339999999248903e+03 2.566298544406890869e-01 1.135667786002159119e-02
6.847819999999248466e+03 1.096599698066711426e-01 8.419058285653591156e-03
6.849299999999248030e+03 1.049462556838989258e-01 8.337970823049545288e-03
6.850779999999247593e+03 1.075938045978546143e-01 8.439398370683193207e-03
6.852259999999247157e+03 9.561338275671005249e-02 8.011137135326862335e-03
6.853739999999246720e+03 1.123351752758026123e-01 8.332486264407634735e-03
6.855219999999246284e+03 1.117706820368766785e-01 8.302969858050346375e-03
6.856699999999245847e+03 1.042801439762115479e-01 8.109319023787975311e-03
6.858179999999245410e+03 1.158399507403373718e-01 8.345590904355049133e-03
6.859659999999244974e+03 1.145138368010520935e-01 8.634761907160282135e-03
6.861139999999244537e+03 1.645299494266510010e-01 1.264590118080377579e-02
6.862619999999244101e+03 6.082956790924072266e-01 2.040068432688713074e-02
6.864099999999243664e+03 9.690985083580017090e-01 2.346252463757991791e-02
6.865579999999243228e+03 7.293624877929687500e-01 1.891715079545974731e-02
6.867059999999242791e+03 2.070820331573486328e-01 1.057894341647624969e-02
6.868539999999242355e+03 7.526446878910064697e-02 7.677227724343538284e-03
6.870019999999241918e+03 7.590427249670028687e-02 7.973128929734230042e-03
6.871499999999241481e+03 8.241587132215499878e-02 7.974854670464992523e-03
6.872979999999241045e+03 7.958693802356719971e-02 7.376625202596187592e-03
6.874459999999240608e+03 8.776791393756866455e-02 7.468659896403551102e-03
6.875939999999240172e+03 9.907267987728118896e-02 7.885661907494068146e-03
6.877419999999239735e+03 1.018895357847213745e-01 8.094388991594314575e-03
6.878899999999239299e+03 1.057745069265365601e-01 8.809030055999755859e-03
6.880379999999238862e+03 9.874481707811355591e-02 9.062039665877819061e-03
6.881859999999238426e+03 9.765471518039703369e-02 8.661121129989624023e-03
6.883339999999237989e+03 1.150132715702056885e-01 8.536266162991523743e-03
6.884819999999237552e+03 9.993379563093185425e-02 8.048548363149166107e-03
6.886299999999237116e+03 9.545609354972839355e-02 8.532471023499965668e-03
6.887779999999236679e+03 1.090918332338333130e-01 9.721105918288230896e-03
6.889259999999236243e+03 8.844405412673950195e-02 9.157611057162284851e-03
6.890739999999235806e+03 9.463138878345489502e-02 8.323657326400279999e-03
6.892219999999235370e+03 9.783454239368438721e-02 8.069147355854511261e-03
6.893699999999234933e+03 9.723092615604400635e-02 8.102199994027614594e-03
6.895179999999234496e+03 9.639810770750045776e-02 7.901991717517375946e-03
6.896659999999234060e+03 8.524377644062042236e-02 7.501014508306980133e-03
6.898139999999233623e+03 1.064393818378448486e-01 8.994615636765956879e-03
6.899619999999233187e+03 1.027533859014511108e-01 9.572467766702175140e-03
6.901099999999232750e+03 1.092796176671981812e-01 9.489490650594234467e-03
6.902579999999232314e+03 1.076214611530303955e-01 8.611957542598247528e-03
6.904059999999231877e+03 9.919333457946777344e-02 7.962698116898536682e-03
6.905539999999231441e+03 9.834347665309906006e-02 7.932690903544425964e-03
6.907019999999231004e+03 9.353173524141311646e-02 7.738051470369100571e-03
6.908499999999230567e+03 1.040157452225685120e-01 8.065658621490001678e-03
6.909979999999230131e+03 1.179794073104858398e-01 9.779616259038448334e-03
6.911459999999229694e+03 1.248069480061531067e-01 1.073139905929565430e-02
6.912939999999229258e+03 1.040864735841751099e-01 9.875398129224777222e-03
6.914419999999228821e+03 9.452450275421142578e-02 8.428961969912052155e-03
6.915899999999228385e+03 1.118963733315467834e-01 8.305223658680915833e-03
6.917379999999227948e+03 1.066400557756423950e-01 8.094349876046180725e-03
6.918859999999227512e+03 1.028761565685272217e-01 8.159539662301540375e-03
6.920339999999227075e+03 1.175967901945114136e-01 1.017337851226329803e-02
6.921819999999226638e+03 1.175998970866203308e-01 1.189849153161048889e-02
6.923299999999226202e+03 1.125128790736198425e-01 1.168984547257423401e-02
6.924779999999225765e+03 1.103004366159439087e-01 9.323511272668838501e-03
6.926259999999225329e+03 9.833477437496185303e-02 8.140633814036846161e-03
6.927739999999224892e+03 1.050933152437210083e-01 8.214520290493965149e-03
6.929219999999224456e+03 1.131385266780853271e-01 8.363647386431694031e-03
6.930699999999224019e+03 1.082593128085136414e-01 8.238625712692737579e-03
6.932179999999223583e+03 1.023480445146560669e-01 8.066096343100070953e-03
6.933659999999223146e+03 1.148539036512374878e-01 8.362061344087123871e-03
6.935139999999222709e+03 1.148751825094223022e-01 8.379588834941387177e-03
6.936619999999222273e+03 1.154335737228393555e-01 9.334079921245574951e-03
6.938099999999221836e+03 1.245257779955863953e-01 1.074217818677425385e-02
6.939579999999221400e+03 1.109563261270523071e-01 1.025213208049535751e-02
6.941059999999220963e+03 9.397575259208679199e-02 8.667556568980216980e-03
6.942539999999220527e+03 1.066868603229522705e-01 8.219747804105281830e-03
6.944019999999220090e+03 1.090834811329841614e-01 8.274103514850139618e-03
6.945499999999219654e+03 9.903922677040100098e-02 8.878522552549839020e-03
6.946979999999219217e+03 1.210270822048187256e-01 1.216914691030979156e-02
6.948459999999218780e+03 1.502845585346221924e-01 1.338798273354768753e-02
6.949939999999218344e+03 8.403734862804412842e-02 1.073790714144706726e-02
6.951419999999217907e+03 1.192138791084289551e-01 9.112760424613952637e-03
6.952899999999217471e+03 1.109531372785568237e-01 8.423024788498878479e-03
6.954379999999217034e+03 9.971201419830322266e-02 8.170583285391330719e-03
6.955859999999216598e+03 1.086172610521316528e-01 8.474541828036308289e-03
6.957339999999216161e+03 1.031579077243804932e-01 8.297743275761604309e-03
6.958819999999215725e+03 1.041957810521125793e-01 8.232454769313335419e-03
6.960299999999215288e+03 1.132988184690475464e-01 8.454654365777969360e-03
6.961779999999214851e+03 1.347655802965164185e-01 8.980661630630493164e-03
6.963259999999214415e+03 1.438619494438171387e-01 9.222785010933876038e-03
6.964739999999213978e+03 1.195203512907028198e-01 8.642114698886871338e-03
6.966219999999213542e+03 9.990775585174560547e-02 8.517510257661342621e-03
6.967699999999213105e+03 1.020004674792289734e-01 9.401849471032619476e-03
6.969179999999212669e+03 1.061076894402503967e-01 9.798685088753700256e-03
6.970659999999212232e+03 1.107727587223052979e-01 9.303648956120014191e-03
6.972139999999211796e+03 1.076660379767417908e-01 8.392355404794216156e-03
6.973619999999211359e+03 1.002205312252044678e-01 8.149243891239166260e-03
6.975099999999210922e+03 1.192709058523178101e-01 9.207223542034626007e-03
6.976579999999210486e+03 1.261929273605346680e-01 1.109176594763994217e-02
6.978059999999210049e+03 1.136266142129898071e-01 1.126053649932146072e-02
6.979539999999209613e+03 9.656515717506408691e-02 9.338899515569210052e-03
6.981019999999209176e+03 1.045959442853927612e-01 8.472666144371032715e-03
6.982499999999208740e+03 1.058141440153121948e-01 8.273107931017875671e-03
6.983979999999208303e+03 1.035516634583473206e-01 8.260710164904594421e-03
6.985459999999207866e+03 1.200114265084266663e-01 8.703464642167091370e-03
6.986939999999207430e+03 1.133201941847801208e-01 8.525697514414787292e-03
6.988419999999206993e+03 1.059809252619743347e-01 8.307624608278274536e-03
6.989899999999206557e+03 1.080578491091728210e-01 8.310471661388874054e-03
6.991379999999206120e+03 9.948381036520004272e-02 8.016658946871757507e-03
6.992859999999205684e+03 1.064221113920211792e-01 8.199286647140979767e-03
6.994339999999205247e+03 1.147287040948867798e-01 8.473669178783893585e-03
6.995819999999204811e+03 1.070830523967742920e-01 8.412542752921581268e-03
6.997299999999204374e+03 1.157954558730125427e-01 8.618744090199470520e-03
6.998779999999203937e+03 1.281023919582366943e-01 8.884062990546226501e-03
7.000259999999203501e+03 2.383463978767395020e-01 1.126536726951599121e-02
7.001739999999203064e+03 5.655589103698730469e-01 1.642186753451824188e-02
7.003219999999202628e+03 7.204324603080749512e-01 1.848337426781654358e-02
7.004699999999202191e+03 4.742473363876342773e-01 1.524620223790407181e-02
7.006179999999201755e+03 1.642534136772155762e-01 9.544550441205501556e-03
7.007659999999201318e+03 1.233505830168724060e-01 8.819778449833393097e-03
7.009139999999200882e+03 1.217162907123565674e-01 3.959880769252777100e-02
7.010619999999200445e+03 9.682931005954742432e-02 2.669938467442989349e-02
7.012099999999200008e+03 1.093878448009490967e-01 9.296460077166557312e-03
7.013579999999199572e+03 1.224729865789413452e-01 8.858785033226013184e-03
7.015059999999199135e+03 1.585875749588012695e-01 9.323299862444400787e-03
7.016539999999198699e+03 4.125498533248901367e-01 1.397187169641256332e-02
7.018019999999198262e+03 5.405732393264770508e-01 1.581068709492683411e-02
7.019499999999197826e+03 3.967614769935607910e-01 1.367058511823415756e-02
7.020979999999197389e+03 1.568019837141036987e-01 9.339102543890476227e-03
7.022459999999196953e+03 1.085378676652908325e-01 8.228862658143043518e-03
7.023939999999196516e+03 1.047167032957077026e-01 8.156630210578441620e-03
7.025419999999196079e+03 1.062676012516021729e-01 8.175857365131378174e-03
7.026899999999195643e+03 1.045490577816963196e-01 8.221063762903213501e-03
7.028379999999195206e+03 1.115886196494102478e-01 8.421825245022773743e-03
7.029859999999194770e+03 1.109426915645599365e-01 8.364188484847545624e-03
7.031339999999194333e+03 1.066201478242874146e-01 8.204901590943336487e-03
7.032819999999193897e+03 1.135772317647933960e-01 8.389070630073547363e-03
7.034299999999193460e+03 1.051317453384399414e-01 8.123273029923439026e-03
7.035779999999193024e+03 1.143807023763656616e-01 8.382488042116165161e-03
7.037259999999192587e+03 1.106906235218048096e-01 8.269054815173149109e-03
7.038739999999192150e+03 1.069361269474029541e-01 8.483818732202053070e-03
7.040219999999191714e+03 1.083362773060798645e-01 8.808113634586334229e-03
7.041699999999191277e+03 9.725778549909591675e-02 8.431656286120414734e-03
7.043179999999190841e+03 1.004938334226608276e-01 8.289180696010589600e-03
7.044659999999190404e+03 1.074823588132858276e-01 8.803070522844791412e-03
7.046139999999189968e+03 9.656445682048797607e-02 9.269052185118198395e-03
7.047619999999189531e+03 1.030072048306465149e-01 9.548421017825603485e-03
7.049099999999189095e+03 1.130492985248565674e-01 9.492264129221439362e-03
7.050579999999188658e+03 1.047489345073699951e-01 8.931697346270084381e-03
7.052059999999188221e+03 1.033738628029823303e-01 8.631587959825992584e-03
7.053539999999187785e+03 1.006037443876266479e-01 8.439186029136180878e-03
7.055019999999187348e+03 1.013863533735275269e-01 8.350271731615066528e-03
7.056499999999186912e+03 1.175052821636199951e-01 8.599834516644477844e-03
7.057979999999186475e+03 1.125570982694625854e-01 8.495228365063667297e-03
7.059459999999186039e+03 1.312015801668167114e-01 8.998638018965721130e-03
7.060939999999185602e+03 1.070985049009323120e-01 8.523409254848957062e-03
7.062419999999185166e+03 1.099996417760848999e-01 8.679184131324291229e-03
7.063899999999184729e+03 1.069695800542831421e-01 8.677316829562187195e-03
7.065379999999184292e+03 9.854809194803237915e-02 8.476498536765575409e-03
7.066859999999183856e+03 9.944356977939605713e-02 8.442638441920280457e-03
7.068339999999183419e+03 1.023201793432235718e-01 8.439298719167709351e-03
7.069819999999182983e+03 1.009449362754821777e-01 8.388918824493885040e-03
7.071299999999182546e+03 1.007613688707351685e-01 8.414315991103649139e-03
7.072779999999182110e+03 1.090614497661590576e-01 8.623665198683738708e-03
7.074259999999181673e+03 9.867761284112930298e-02 8.352177217602729797e-03
7.075739999999181236e+03 1.007233709096908569e-01 8.363656699657440186e-03
7.077219999999180800e+03 1.147471144795417786e-01 8.760064840316772461e-03
7.078699999999180363e+03 1.015606671571731567e-01 8.419442921876907349e-03
7.080179999999179927e+03 9.153769910335540771e-02 8.250406943261623383e-03
7.081659999999179490e+03 1.070642322301864624e-01 8.780815638601779938e-03
7.083139999999179054e+03 1.070434078574180603e-01 8.611002005636692047e-03
7.084619999999178617e+03 1.037024930119514465e-01 8.359349332749843597e-03
7.086099999999178181e+03 1.053163409233093262e-01 8.685014210641384125e-03
7.087579999999177744e+03 9.355239570140838623e-02 8.706484921276569366e-03
7.089059999999177307e+03 9.944846481084823608e-02 8.758592419326305389e-03
7.090539999999176871e+03 1.132341027259826660e-01 8.806896395981311798e-03
7.092019999999176434e+03 1.136462688446044922e-01 8.575445972383022308e-03
7.093499999999175998e+03 1.221951097249984741e-01 8.662049658596515656e-03
7.094979999999175561e+03 1.170238330960273743e-01 8.544669486582279205e-03
7.096459999999175125e+03 1.089665740728378296e-01 8.370854891836643219e-03
