4.300739999999999782e+03 3.585193678736686707e-02 1.282133441418409348e-02
4.302219999999999345e+03 3.402464091777801514e-02 1.294235233217477798e-02
4.303699999999998909e+03 3.108680434525012970e-02 1.229818630963563919e-02
4.305179999999998472e+03 5.382122844457626343e-02 1.400718837976455688e-02
4.306659999999998035e+03 4.280641674995422363e-02 1.289262901991605759e-02
4.308139999999997599e+03 3.697166964411735535e-02 1.225032843649387360e-02
4.309619999999997162e+03 3.669363260269165039e-02 1.233091112226247787e-02
4.311099999999996726e+03 3.716121613979339600e-02 1.243429444730281830e-02
4.312579999999996289e+03 3.589745610952377319e-02 1.220908761024475098e-02
4.314059999999995853e+03 2.765881642699241638e-02 1.176642347127199173e-02
4.315539999999995416e+03 3.798854351043701172e-02 1.286924723535776138e-02
4.317019999999994980e+03 5.274862796068191528e-02 1.349474582821130753e-02
4.318499999999994543e+03 6.703801453113555908e-02 1.442173123359680176e-02
4.319979999999994106e+03 3.485245630145072937e-02 1.174650527536869049e-02
4.321459999999993670e+03 4.626297205686569214e-02 1.256997603923082352e-02
4.322939999999993233e+03 5.091220140457153320e-02 1.261406671255826950e-02
4.324419999999992797e+03 5.563249811530113220e-02 1.307321153581142426e-02
4.325899999999992360e+03 3.195584192872047424e-02 1.111518777906894684e-02
4.327379999999991924e+03 3.785307705402374268e-02 1.185459922999143600e-02
4.328859999999991487e+03 5.542118102312088013e-02 1.272679027169942856e-02
4.330339999999991051e+03 5.716245621442794800e-02 1.314609218388795853e-02
4.331819999999990614e+03 5.580602213740348816e-02 1.308884844183921814e-02
4.333299999999990177e+03 7.320469617843627930e-02 1.369422487914562225e-02
4.334779999999989741e+03 6.189325451850891113e-02 1.319675054401159286e-02
4.336259999999989304e+03 7.305383682250976562e-02 1.375660579651594162e-02
4.337739999999988868e+03 3.846298903226852417e-02 1.116536371409893036e-02
4.339219999999988431e+03 5.777855217456817627e-02 1.234431751072406769e-02
4.340699999999987995e+03 3.464507311582565308e-02 1.039505843073129654e-02
4.342179999999987558e+03 2.972277067601680756e-02 1.049922779202461243e-02
4.343659999999987122e+03 2.387461438775062561e-02 9.947806596755981445e-03
4.345139999999986685e+03 7.459299266338348389e-02 1.321129873394966125e-02
4.346619999999986248e+03 6.439305841922760010e-02 1.269860379397869110e-02
4.348099999999985812e+03 4.964105039834976196e-02 1.153442822396755219e-02
4.349579999999985375e+03 2.839558944106101990e-02 1.008125487715005875e-02
4.351059999999984939e+03 4.993171244859695435e-02 1.150995865464210510e-02
4.352539999999984502e+03 5.962216109037399292e-02 1.211880147457122803e-02
4.354019999999984066e+03 5.713126063346862793e-02 1.190443523228168488e-02
4.355499999999983629e+03 5.657395720481872559e-02 1.185007113963365555e-02
4.356979999999983193e+03 2.613393031060695648e-02 9.726803749799728394e-03
4.358459999999982756e+03 3.411997482180595398e-02 1.000722683966159821e-02
4.359939999999982319e+03 4.693710058927536011e-02 1.084026694297790527e-02
4.361419999999981883e+03 5.672066286206245422e-02 1.159536372870206833e-02
4.362899999999981446e+03 5.208266526460647583e-02 1.119922008365392685e-02
4.364379999999981010e+03 4.202044382691383362e-02 1.056766137480735779e-02
4.365859999999980573e+03 4.868925362825393677e-02 1.079747546464204788e-02
4.367339999999980137e+03 5.761576071381568909e-02 1.164634153246879578e-02
4.368819999999979700e+03 5.065830424427986145e-02 1.108383294194936752e-02
4.370299999999979264e+03 3.634791076183319092e-02 9.716192260384559631e-03
4.371779999999978827e+03 4.528497159481048584e-02 1.041321642696857452e-02
4.373259999999978390e+03 3.838530555367469788e-02 9.671684354543685913e-03
4.374739999999977954e+03 2.424322441220283508e-02 8.960667066276073456e-03
4.376219999999977517e+03 4.932503029704093933e-02 1.072564534842967987e-02
4.377699999999977081e+03 4.874694719910621643e-02 1.050796452909708023e-02
4.379179999999976644e+03 5.459534004330635071e-02 1.070595718920230865e-02
4.380659999999976208e+03 4.594247415661811829e-02 9.986572898924350739e-03
4.382139999999975771e+03 4.005184024572372437e-02 9.600073099136352539e-03
4.383619999999975335e+03 6.187840178608894348e-02 1.061967108398675919e-02
4.385099999999974898e+03 3.909536451101303101e-02 9.243760257959365845e-03
4.386579999999974461e+03 4.425355046987533569e-02 9.876129217445850372e-03
4.388059999999974025e+03 4.803290218114852905e-02 1.024119462817907333e-02
4.389539999999973588e+03 4.489217698574066162e-02 9.904053062200546265e-03
4.391019999999973152e+03 4.085347801446914673e-02 9.492579847574234009e-03
4.392499999999972715e+03 4.402853175997734070e-02 9.552598930895328522e-03
4.393979999999972279e+03 5.028901621699333191e-02 1.018642634153366089e-02
4.395459999999971842e+03 4.183683544397354126e-02 9.333291091024875641e-03
4.396939999999971405e+03 5.397028103470802307e-02 1.017031725496053696e-02
4.398419999999970969e+03 5.456466227769851685e-02 1.026097405701875687e-02
4.399899999999970532e+03 3.039001673460006714e-02 8.383478038012981415e-03
4.401379999999970096e+03 2.940081804990768433e-02 8.340977132320404053e-03
4.402859999999969659e+03 3.511328250169754028e-02 8.839074522256851196e-03
4.404339999999969223e+03 4.795446246862411499e-02 9.687870740890502930e-03
4.405819999999968786e+03 2.600248903036117554e-02 8.354738354682922363e-03
4.407299999999968350e+03 4.015019908547401428e-02 9.275549091398715973e-03
4.408779999999967913e+03 4.629677906632423401e-02 9.550778195261955261e-03
4.410259999999967476e+03 4.685359820723533630e-02 9.669952094554901123e-03
4.411739999999967040e+03 3.313781321048736572e-02 9.037583135068416595e-03
4.413219999999966603e+03 3.690600395202636719e-02 9.058201685547828674e-03
4.414699999999966167e+03 5.903872847557067871e-02 1.019741687923669815e-02
4.416179999999965730e+03 6.329100579023361206e-02 1.041673962026834488e-02
4.417659999999965294e+03 3.299723565578460693e-02 8.678150363266468048e-03
4.419139999999964857e+03 6.139643490314483643e-02 1.027090940624475479e-02
4.420619999999964421e+03 3.643012791872024536e-02 8.842199109494686127e-03
4.422099999999963984e+03 5.432139337062835693e-02 9.748846292495727539e-03
4.423579999999963547e+03 3.655643016099929810e-02 8.686462417244911194e-03
4.425059999999963111e+03 3.424156084656715393e-02 8.600464090704917908e-03
4.426539999999962674e+03 4.267533868551254272e-02 8.971787989139556885e-03
4.428019999999962238e+03 4.279676452279090881e-02 8.959029801189899445e-03
4.429499999999961801e+03 3.937254101037979126e-02 8.641188964247703552e-03
4.430979999999961365e+03 2.461900189518928528e-02 7.683691568672657013e-03
4.432459999999960928e+03 6.107509508728981018e-02 9.924103505909442902e-03
4.433939999999960492e+03 3.311814740300178528e-02 8.057485334575176239e-03
4.435419999999960055e+03 4.844298958778381348e-02 8.975634351372718811e-03
4.436899999999959618e+03 3.725562989711761475e-02 8.336397819221019745e-03
4.438379999999959182e+03 3.982803970575332642e-02 8.612907491624355316e-03
4.439859999999958745e+03 4.051613807678222656e-02 8.560839109122753143e-03
4.441339999999958309e+03 4.474661499261856079e-02 8.701991289854049683e-03
4.442819999999957872e+03 3.925590217113494873e-02 8.248460479080677032e-03
4.444299999999957436e+03 3.900601714849472046e-02 8.377244696021080017e-03
4.445779999999956999e+03 5.518114194273948669e-02 9.311039932072162628e-03
4.447259999999956563e+03 3.689530491828918457e-02 8.269492536783218384e-03
4.448739999999956126e+03 4.277612268924713135e-02 8.337118662893772125e-03
4.450219999999955689e+03 3.899136930704116821e-02 8.132593706250190735e-03
4.451699999999955253e+03 3.483714908361434937e-02 8.011801168322563171e-03
4.453179999999954816e+03 3.291688859462738037e-02 7.850325666368007660e-03
4.454659999999954380e+03 3.989806026220321655e-02 7.993418723344802856e-03
4.456139999999953943e+03 4.702585563063621521e-02 8.418935351073741913e-03
4.457619999999953507e+03 4.060380160808563232e-02 8.123703300952911377e-03
4.459099999999953070e+03 4.902003705501556396e-02 8.531518280506134033e-03
4.460579999999952634e+03 4.981410503387451172e-02 8.630278520286083221e-03
4.462059999999952197e+03 3.970228880643844604e-02 8.062639273703098297e-03
4.463539999999951760e+03 2.917485125362873077e-02 7.306039333343505859e-03
4.465019999999951324e+03 4.260702058672904968e-02 8.171992376446723938e-03
4.466499999999950887e+03 3.146164864301681519e-02 7.540545891970396042e-03
4.467979999999950451e+03 5.106553435325622559e-02 8.481081575155258179e-03
4.469459999999950014e+03 3.777752816677093506e-02 7.848666049540042877e-03
4.470939999999949578e+03 3.180704638361930847e-02 7.402585353702306747e-03
4.472419999999949141e+03 3.607928380370140076e-02 7.723563816398382187e-03
4.473899999999948704e+03 3.173482045531272888e-02 7.599495816975831985e-03
4.475379999999948268e+03 4.927634820342063904e-02 8.328879252076148987e-03
4.476859999999947831e+03 4.007460922002792358e-02 8.040779270231723785e-03
4.478339999999947395e+03 2.804149687290191650e-02 7.294747512787580490e-03
4.479819999999946958e+03 3.532329574227333069e-02 7.568031083792448044e-03
4.481299999999946522e+03 3.097142279148101807e-02 7.335389032959938049e-03
4.482779999999946085e+03 2.831651084125041962e-02 7.208531256765127182e-03
4.484259999999945649e+03 3.283131122589111328e-02 7.668612524867057800e-03
4.485739999999945212e+03 4.654793441295623779e-02 8.212596178054809570e-03
4.487219999999944775e+03 2.947983518242835999e-02 7.312716450542211533e-03
4.488699999999944339e+03 5.249118432402610779e-02 8.435550145804882050e-03
4.490179999999943902e+03 3.719121217727661133e-02 7.587810978293418884e-03
4.491659999999943466e+03 4.555689543485641479e-02 8.098442107439041138e-03
4.493139999999943029e+03 4.161501675844192505e-02 8.028770796954631805e-03
4.494619999999942593e+03 3.351919353008270264e-02 7.464489433914422989e-03
4.496099999999942156e+03 3.577760607004165649e-02 7.618295960128307343e-03
4.497579999999941720e+03 3.663536161184310913e-02 7.664071861654520035e-03
4.499059999999941283e+03 3.664076328277587891e-02 7.749489508569240570e-03
4.500539999999940846e+03 4.305186122655868530e-02 8.009007200598716736e-03
4.502019999999940410e+03 4.574605077505111694e-02 8.078777231276035309e-03
4.503499999999939973e+03 3.678710386157035828e-02 7.715384010225534439e-03
4.504979999999939537e+03 3.353608399629592896e-02 7.516922894865274429e-03
4.506459999999939100e+03 4.427982866764068604e-02 8.083001710474491119e-03
4.507939999999938664e+03 4.573875665664672852e-02 8.174915798008441925e-03
4.509419999999938227e+03 5.138478055596351624e-02 8.372774347662925720e-03
4.510899999999937791e+03 3.628347069025039673e-02 7.576437667012214661e-03
4.512379999999937354e+03 3.210165724158287048e-02 7.361572701483964920e-03
4.513859999999936917e+03 3.225368261337280273e-02 7.268442306667566299e-03
4.515339999999936481e+03 3.861153870820999146e-02 7.705669850111007690e-03
4.516819999999936044e+03 3.169282525777816772e-02 7.230315823107957840e-03
4.518299999999935608e+03 3.448653593659400940e-02 7.249252405017614365e-03
4.519779999999935171e+03 3.636474907398223877e-02 7.534550037235021591e-03
4.521259999999934735e+03 4.586177319288253784e-02 8.088273927569389343e-03
4.522739999999934298e+03 3.384760022163391113e-02 7.357157766819000244e-03
4.524219999999933862e+03 3.234041109681129456e-02 7.155340630561113358e-03
4.525699999999933425e+03 5.116777867078781128e-02 8.230515755712985992e-03
4.527179999999932988e+03 2.643927931785583496e-02 6.724140606820583344e-03
4.528659999999932552e+03 5.022623389959335327e-02 8.228737860918045044e-03
4.530139999999932115e+03 4.421846568584442139e-02 7.968439720571041107e-03
4.531619999999931679e+03 3.711003065109252930e-02 7.598970085382461548e-03
4.533099999999931242e+03 4.500712454319000244e-02 8.015982806682586670e-03
4.534579999999930806e+03 4.395686089992523193e-02 8.029881864786148071e-03
4.536059999999930369e+03 4.116743057966232300e-02 7.785966619849205017e-03
4.537539999999929933e+03 3.328260779380798340e-02 7.409277837723493576e-03
4.539019999999929496e+03 4.332692921161651611e-02 8.082414045929908752e-03
4.540499999999929059e+03 6.059626489877700806e-02 8.852284401655197144e-03
4.541979999999928623e+03 5.936230719089508057e-02 8.860249072313308716e-03
4.543459999999928186e+03 5.176934599876403809e-02 8.466667495667934418e-03
4.544939999999927750e+03 4.979929327964782715e-02 8.392550051212310791e-03
4.546419999999927313e+03 4.974616691470146179e-02 8.285609073936939240e-03
4.547899999999926877e+03 6.460153311491012573e-02 9.009607136249542236e-03
4.549379999999926440e+03 4.593390226364135742e-02 7.952703163027763367e-03
4.550859999999926004e+03 5.249761790037155151e-02 8.213389664888381958e-03
4.552339999999925567e+03 5.570820719003677368e-02 8.515216410160064697e-03
4.553819999999925130e+03 4.372675716876983643e-02 7.903826422989368439e-03
4.555299999999924694e+03 4.521099478006362915e-02 7.763489615172147751e-03
4.556779999999924257e+03 3.853233903646469116e-02 7.516001351177692413e-03
4.558259999999923821e+03 4.972410947084426880e-02 8.227465674281120300e-03
4.559739999999923384e+03 5.516558140516281128e-02 8.490522392094135284e-03
4.561219999999922948e+03 5.471622571349143982e-02 8.509486913681030273e-03
4.562699999999922511e+03 5.085534602403640747e-02 8.269728161394596100e-03
4.564179999999922074e+03 4.852256923913955688e-02 7.937257178127765656e-03
4.565659999999921638e+03 5.126334726810455322e-02 8.129183202981948853e-03
4.567139999999921201e+03 3.198859840631484985e-02 7.229606620967388153e-03
4.568619999999920765e+03 4.799288138747215271e-02 8.051674813032150269e-03
4.570099999999920328e+03 4.725647717714309692e-02 7.921162061393260956e-03
4.571579999999919892e+03 4.152283445000648499e-02 7.633472327142953873e-03
4.573059999999919455e+03 4.390060156583786011e-02 7.670051418244838715e-03
4.574539999999919019e+03 4.031730815768241882e-02 7.614986505359411240e-03
4.576019999999918582e+03 4.596053808927536011e-02 7.922397926449775696e-03
4.577499999999918145e+03 4.543199762701988220e-02 7.900651544332504272e-03
4.578979999999917709e+03 5.064827576279640198e-02 8.136169053614139557e-03
4.580459999999917272e+03 5.014944821596145630e-02 8.098701015114784241e-03
4.581939999999916836e+03 4.491197317838668823e-02 8.026880212128162384e-03
4.583419999999916399e+03 3.485255315899848938e-02 7.235276512801647186e-03
4.584899999999915963e+03 5.278049036860466003e-02 8.231842890381813049e-03
4.586379999999915526e+03 4.603029042482376099e-02 7.921429350972175598e-03
4.587859999999915090e+03 4.608031362295150757e-02 7.921746000647544861e-03
4.589339999999914653e+03 4.682289063930511475e-02 7.909733802080154419e-03
4.590819999999914216e+03 4.602991417050361633e-02 7.948141545057296753e-03
4.592299999999913780e+03 4.359582066535949707e-02 7.583966944366693497e-03
4.593779999999913343e+03 4.747461527585983276e-02 7.923902943730354309e-03
4.595259999999912907e+03 4.581228643655776978e-02 7.755062542855739594e-03
4.596739999999912470e+03 5.891638249158859253e-02 8.455363102257251740e-03
4.598219999999912034e+03 4.957526177167892456e-02 7.950494065880775452e-03
4.599699999999911597e+03 3.285904228687286377e-02 7.154134102165699005e-03
4.601179999999911161e+03 4.705955088138580322e-02 7.848346605896949768e-03
4.602659999999910724e+03 5.129104107618331909e-02 8.080735802650451660e-03
4.604139999999910287e+03 5.662438645958900452e-02 8.282768540084362030e-03
4.605619999999909851e+03 5.560659617185592651e-02 8.243889547884464264e-03
4.607099999999909414e+03 4.830364882946014404e-02 7.869755849242210388e-03
4.608579999999908978e+03 4.779417812824249268e-02 7.788062095642089844e-03
4.610059999999908541e+03 5.516432970762252808e-02 8.320075459778308868e-03
4.611539999999908105e+03 4.664811491966247559e-02 7.886785082519054413e-03
4.613019999999907668e+03 5.516013130545616150e-02 8.095450699329376221e-03
4.614499999999907232e+03 3.863366320729255676e-02 7.380355615168809891e-03
4.615979999999906795e+03 3.612072765827178955e-02 7.224324624985456467e-03
4.617459999999906358e+03 5.327649414539337158e-02 8.052515797317028046e-03
4.618939999999905922e+03 4.325318336486816406e-02 7.484909147024154663e-03
4.620419999999905485e+03 5.390580371022224426e-02 8.092174306511878967e-03
4.621899999999905049e+03 6.105577945709228516e-02 8.464124985039234161e-03
4.623379999999904612e+03 3.964031487703323364e-02 7.317334879189729691e-03
4.624859999999904176e+03 4.694836586713790894e-02 7.748561445623636246e-03
4.626339999999903739e+03 5.258662626147270203e-02 8.021686226129531860e-03
4.627819999999903303e+03 4.237313568592071533e-02 7.518691010773181915e-03
4.629299999999902866e+03 5.253210663795471191e-02 7.872784510254859924e-03
4.630779999999902429e+03 4.873281717300415039e-02 7.796983700245618820e-03
4.632259999999901993e+03 5.858003348112106323e-02 8.205983787775039673e-03
4.633739999999901556e+03 3.322042524814605713e-02 6.914965808391571045e-03
4.635219999999901120e+03 4.637742787599563599e-02 7.602451369166374207e-03
4.636699999999900683e+03 6.187149882316589355e-02 8.327355608344078064e-03
4.638179999999900247e+03 4.039885848760604858e-02 7.242813706398010254e-03
4.639659999999899810e+03 4.151484370231628418e-02 7.332932669669389725e-03
4.641139999999899374e+03 5.124446749687194824e-02 7.824684493243694305e-03
4.642619999999898937e+03 4.411508142948150635e-02 7.484402041882276535e-03
4.644099999999898500e+03 5.303015559911727905e-02 7.731252349913120270e-03
4.645579999999898064e+03 4.139164090156555176e-02 7.213308475911617279e-03
4.647059999999897627e+03 4.096188023686408997e-02 7.179249078035354614e-03
4.648539999999897191e+03 4.731518775224685669e-02 7.521037943661212921e-03
4.650019999999896754e+03 5.252258107066154480e-02 7.657470181584358215e-03
4.651499999999896318e+03 3.916160762310028076e-02 7.172009907662868500e-03
4.652979999999895881e+03 4.096748679876327515e-02 7.283167913556098938e-03
4.654459999999895444e+03 5.618043243885040283e-02 7.930556312203407288e-03
4.655939999999895008e+03 4.696904122829437256e-02 7.488305680453777313e-03
4.657419999999894571e+03 3.468009456992149353e-02 7.033697795122861862e-03
4.658899999999894135e+03 4.124941304326057434e-02 7.414418738335371017e-03
4.660379999999893698e+03 4.775422811508178711e-02 7.591656874865293503e-03
4.661859999999893262e+03 5.467729270458221436e-02 7.947187870740890503e-03
4.663339999999892825e+03 4.680985957384109497e-02 7.541856728494167328e-03
4.664819999999892389e+03 5.536572635173797607e-02 7.888874970376491547e-03
4.666299999999891952e+03 5.934047698974609375e-02 7.946216501295566559e-03
4.667779999999891515e+03 4.639585316181182861e-02 7.352877408266067505e-03
4.669259999999891079e+03 4.555986076593399048e-02 7.308603264391422272e-03
4.670739999999890642e+03 5.174377560615539551e-02 7.646829821169376373e-03
4.672219999999890206e+03 6.187171116471290588e-02 8.168202824890613556e-03
4.673699999999889769e+03 4.782267659902572632e-02 7.557053118944168091e-03
4.675179999999889333e+03 5.009897053241729736e-02 7.590505294501781464e-03
4.676659999999888896e+03 4.509470611810684204e-02 7.276591844856739044e-03
4.678139999999888460e+03 3.706666827201843262e-02 6.961585953831672668e-03
4.679619999999888023e+03 4.629389196634292603e-02 7.482697721570730209e-03
4.681099999999887586e+03 4.386701062321662903e-02 7.214210461825132370e-03
4.682579999999887150e+03 3.728073835372924805e-02 6.955814082175493240e-03
4.684059999999886713e+03 5.203811451792716980e-02 7.653779350221157074e-03
4.685539999999886277e+03 4.197312891483306885e-02 7.186478935182094574e-03
4.687019999999885840e+03 4.701486974954605103e-02 7.325720973312854767e-03
4.688499999999885404e+03 4.893858730792999268e-02 7.404416333884000778e-03
4.689979999999884967e+03 6.269627809524536133e-02 8.110450580716133118e-03
4.691459999999884531e+03 5.831511318683624268e-02 7.871382869780063629e-03
4.692939999999884094e+03 5.102636665105819702e-02 7.455922663211822510e-03
4.694419999999883657e+03 4.687801748514175415e-02 7.285759784281253815e-03
4.695899999999883221e+03 4.747153073549270630e-02 7.461107335984706879e-03
4.697379999999882784e+03 5.615415051579475403e-02 7.618155796080827713e-03
4.698859999999882348e+03 5.115394294261932373e-02 7.416053675115108490e-03
4.700339999999881911e+03 5.509360879659652710e-02 7.531848736107349396e-03
4.701819999999881475e+03 3.996995836496353149e-02 6.944343913346529007e-03
4.703299999999881038e+03 4.853112995624542236e-02 7.322835735976696014e-03
4.704779999999880602e+03 6.686340272426605225e-02 8.062631823122501373e-03
4.706259999999880165e+03 4.852569103240966797e-02 7.299848366528749466e-03
4.707739999999879728e+03 5.171396210789680481e-02 7.418557535856962204e-03
4.709219999999879292e+03 4.472139477729797363e-02 7.059397175908088684e-03
4.710699999999878855e+03 5.228111147880554199e-02 7.486866787075996399e-03
4.712179999999878419e+03 5.608697980642318726e-02 7.553124800324440002e-03
4.713659999999877982e+03 6.538098305463790894e-02 8.030888624489307404e-03
4.715139999999877546e+03 3.901630640029907227e-02 6.712090224027633667e-03
4.716619999999877109e+03 3.984682261943817139e-02 6.822217721492052078e-03
4.718099999999876673e+03 4.388755559921264648e-02 7.050253450870513916e-03
4.719579999999876236e+03 4.160564392805099487e-02 7.028380408883094788e-03
4.721059999999875799e+03 4.952464997768402100e-02 7.242323365062475204e-03
4.722539999999875363e+03 4.660409316420555115e-02 7.312410511076450348e-03
4.724019999999874926e+03 4.240384697914123535e-02 7.031541317701339722e-03
4.725499999999874490e+03 4.759031534194946289e-02 7.280297111719846725e-03
4.726979999999874053e+03 5.333554744720458984e-02 7.450001779943704605e-03
4.728459999999873617e+03 5.567859485745429993e-02 7.462679874151945114e-03
4.729939999999873180e+03 4.744930565357208252e-02 7.184743881225585938e-03
4.731419999999872744e+03 4.174062237143516541e-02 6.887678988277912140e-03
4.732899999999872307e+03 4.987335577607154846e-02 7.140850182622671127e-03
4.734379999999871870e+03 4.025541245937347412e-02 6.738253869116306305e-03
4.735859999999871434e+03 5.829245597124099731e-02 7.529480382800102234e-03
4.737339999999870997e+03 4.827095568180084229e-02 7.089168298989534378e-03
4.738819999999870561e+03 4.337895661592483521e-02 6.941993720829486847e-03
4.740299999999870124e+03 3.741869702935218811e-02 6.643912754952907562e-03
4.741779999999869688e+03 5.599372088909149170e-02 7.491068448871374130e-03
4.743259999999869251e+03 5.118232965469360352e-02 7.387215271592140198e-03
4.744739999999868814e+03 4.677014425396919250e-02 6.972358562052249908e-03
4.746219999999868378e+03 5.139964446425437927e-02 7.270717062056064606e-03
4.747699999999867941e+03 3.813361376523971558e-02 6.709368899464607239e-03
4.749179999999867505e+03 3.826656937599182129e-02 6.640814244747161865e-03
4.750659999999867068e+03 5.144443362951278687e-02 7.239466533064842224e-03
4.752139999999866632e+03 3.914748132228851318e-02 6.628142669796943665e-03
4.753619999999866195e+03 3.379601985216140747e-02 6.372304167598485947e-03
4.755099999999865759e+03 4.336915165185928345e-02 6.872327066957950592e-03
4.756579999999865322e+03 5.525121837854385376e-02 7.391831837594509125e-03
4.758059999999864885e+03 5.563415586948394775e-02 7.355974987149238586e-03
4.759539999999864449e+03 4.926909506320953369e-02 7.130723912268877029e-03
4.761019999999864012e+03 5.410499870777130127e-02 7.421780377626419067e-03
4.762499999999863576e+03 4.819960147142410278e-02 7.005966268479824066e-03
4.763979999999863139e+03 5.444458127021789551e-02 7.254750002175569534e-03
4.765459999999862703e+03 5.207939445972442627e-02 7.174924947321414948e-03
4.766939999999862266e+03 4.933126270771026611e-02 7.176042068749666214e-03
4.768419999999861830e+03 6.358015537261962891e-02 7.662869524210691452e-03
4.769899999999861393e+03 4.631660133600234985e-02 6.909825839102268219e-03
4.771379999999860956e+03 5.279741436243057251e-02 7.305420935153961182e-03
4.772859999999860520e+03 4.434962198138237000e-02 6.896346341818571091e-03
4.774339999999860083e+03 4.041344299912452698e-02 6.681360304355621338e-03
4.775819999999859647e+03 5.899405479431152344e-02 7.498527411371469498e-03
4.777299999999859210e+03 5.019708722829818726e-02 7.119602058082818985e-03
4.778779999999858774e+03 4.760315269231796265e-02 7.007693871855735779e-03
4.780259999999858337e+03 5.193392187356948853e-02 7.227075751870870590e-03
4.781739999999857901e+03 5.030516535043716431e-02 7.126044016331434250e-03
4.783219999999857464e+03 5.213668942451477051e-02 7.148051168769598007e-03
4.784699999999857027e+03 6.436903029680252075e-02 7.666508201509714127e-03
4.786179999999856591e+03 5.926764756441116333e-02 7.483082357794046402e-03
4.787659999999856154e+03 4.050391167402267456e-02 6.483341101557016373e-03
4.789139999999855718e+03 4.731397330760955811e-02 6.859920453280210495e-03
4.790619999999855281e+03 5.522380024194717407e-02 7.300684694200754166e-03
4.792099999999854845e+03 5.076283589005470276e-02 7.177149411290884018e-03
4.793579999999854408e+03 4.171570017933845520e-02 6.681269966065883636e-03
4.795059999999853972e+03 4.127965122461318970e-02 6.692125461995601654e-03
4.796539999999853535e+03 4.238703101873397827e-02 6.877264007925987244e-03
4.798019999999853098e+03 3.778148442506790161e-02 7.625509053468704224e-03
4.799499999999852662e+03 4.749216884374618530e-02 6.800010800361633301e-03
4.800979999999852225e+03 5.141933262348175049e-02 7.061773911118507385e-03
4.802459999999851789e+03 4.895600304007530212e-02 6.943485699594020844e-03
4.803939999999851352e+03 4.946740716695785522e-02 6.975319236516952515e-03
4.805419999999850916e+03 4.344471544027328491e-02 6.799211259931325912e-03
4.806899999999850479e+03 4.328481853008270264e-02 6.763644516468048096e-03
4.808379999999850043e+03 4.912643879652023315e-02 6.911505479365587234e-03
4.809859999999849606e+03 4.369986429810523987e-02 6.675480864942073822e-03
4.811339999999849169e+03 4.906700924038887024e-02 6.987143307924270630e-03
4.812819999999848733e+03 4.397587478160858154e-02 6.770825013518333435e-03
4.814299999999848296e+03 4.237480461597442627e-02 6.695344578474760056e-03
4.815779999999847860e+03 4.540552198886871338e-02 6.816433276981115341e-03
4.817259999999847423e+03 5.418556928634643555e-02 7.226457353681325912e-03
4.818739999999846987e+03 3.907035291194915771e-02 6.647873669862747192e-03
4.820219999999846550e+03 3.508463501930236816e-02 6.483338307589292526e-03
4.821699999999846113e+03 4.632841423153877258e-02 6.856425665318965912e-03
4.823179999999845677e+03 5.183592066168785095e-02 7.091417908668518066e-03
4.824659999999845240e+03 4.655259847640991211e-02 6.897980347275733948e-03
4.826139999999844804e+03 4.693822562694549561e-02 6.899106316268444061e-03
4.827619999999844367e+03 4.372462630271911621e-02 6.756829563528299332e-03
4.829099999999843931e+03 4.287137091159820557e-02 6.737622898072004318e-03
4.830579999999843494e+03 4.745002090930938721e-02 6.902753841131925583e-03
4.832059999999843058e+03 5.477378144860267639e-02 7.250208873301744461e-03
4.833539999999842621e+03 5.194266140460968018e-02 7.169264368712902069e-03
4.835019999999842184e+03 5.417196080088615417e-02 7.196827325969934464e-03
4.836499999999841748e+03 4.593978822231292725e-02 6.829352118074893951e-03
4.837979999999841311e+03 5.132329463958740234e-02 7.062930148094892502e-03
4.839459999999840875e+03 4.661748558282852173e-02 6.881128065288066864e-03
4.840939999999840438e+03 3.767453879117965698e-02 6.412467453628778458e-03
4.842419999999840002e+03 5.039399117231369019e-02 6.935331970453262329e-03
4.843899999999839565e+03 5.614960938692092896e-02 7.153406273573637009e-03
4.845379999999839129e+03 5.092792958021163940e-02 6.953821051865816116e-03
4.846859999999838692e+03 4.479912668466567993e-02 6.802365649491548538e-03
4.848339999999838255e+03 5.344074964523315430e-02 6.926233880221843719e-03
4.849819999999837819e+03 3.986073285341262817e-02 6.354031153023242950e-03
4.851299999999837382e+03 4.824201017618179321e-02 6.783493328839540482e-03
4.852779999999836946e+03 5.455630272626876831e-02 7.026255596429109573e-03
4.854259999999836509e+03 5.703856796026229858e-02 7.058538496494293213e-03
4.855739999999836073e+03 5.714715644717216492e-02 6.974441930651664734e-03
4.857219999999835636e+03 4.595662280917167664e-02 6.486042868345975876e-03
4.858699999999835200e+03 4.582488536834716797e-02 6.444271653890609741e-03
4.860179999999834763e+03 5.924083292484283447e-02 6.992705632001161575e-03
4.861659999999834326e+03 4.362007230520248413e-02 6.329023279249668121e-03
4.863139999999833890e+03 5.277410894632339478e-02 6.676537450402975082e-03
4.864619999999833453e+03 7.069450616836547852e-02 7.481726817786693573e-03
4.866099999999833017e+03 5.139575898647308350e-02 6.761073134839534760e-03
4.867579999999832580e+03 4.839750379323959351e-02 6.710628978908061981e-03
4.869059999999832144e+03 3.862526267766952515e-02 6.263707298785448074e-03
4.870539999999831707e+03 4.296424239873886108e-02 6.379229947924613953e-03
4.872019999999831271e+03 6.137501075863838196e-02 7.065487559884786606e-03
4.873499999999830834e+03 5.770402401685714722e-02 6.924413144588470459e-03
4.874979999999830397e+03 5.389755219221115112e-02 6.919421255588531494e-03
4.876459999999829961e+03 5.518442392349243164e-02 6.934907753020524979e-03
4.877939999999829524e+03 4.018170386552810669e-02 6.313788704574108124e-03
4.879419999999829088e+03 5.237627401947975159e-02 6.815871689468622208e-03
4.880899999999828651e+03 4.758384078741073608e-02 6.704641971737146378e-03
4.882379999999828215e+03 5.282048881053924561e-02 6.959364283829927444e-03
4.883859999999827778e+03 5.806627124547958374e-02 7.101742085069417953e-03
4.885339999999827342e+03 5.274908989667892456e-02 6.844730116426944733e-03
4.886819999999826905e+03 4.354940727353096008e-02 6.457793060690164566e-03
4.888299999999826468e+03 4.781459271907806396e-02 6.644077599048614502e-03
4.889779999999826032e+03 5.672733858227729797e-02 7.016601506620645523e-03
4.891259999999825595e+03 5.882220342755317688e-02 7.090809755027294159e-03
4.892739999999825159e+03 4.905503988265991211e-02 6.663832813501358032e-03
4.894219999999824722e+03 5.313580483198165894e-02 6.862345617264509201e-03
4.895699999999824286e+03 3.539122641086578369e-02 6.123836152255535126e-03
4.897179999999823849e+03 5.690447986125946045e-02 7.091678213328123093e-03
4.898659999999823413e+03 4.827615618705749512e-02 6.642650347203016281e-03
4.900139999999822976e+03 5.047440528869628906e-02 6.664606742560863495e-03
4.901619999999822539e+03 5.991842225193977356e-02 7.111826911568641663e-03
4.903099999999822103e+03 3.719452023506164551e-02 6.149587687104940414e-03
4.904579999999821666e+03 3.810063377022743225e-02 6.264831870794296265e-03
4.906059999999821230e+03 4.396135360002517700e-02 6.475217174738645554e-03
4.907539999999820793e+03 4.700948670506477356e-02 6.583864800631999969e-03
4.909019999999820357e+03 4.734648019075393677e-02 6.505041383206844330e-03
4.910499999999819920e+03 4.337256029248237610e-02 6.350766867399215698e-03
4.911979999999819483e+03 4.762147739529609680e-02 6.591128651052713394e-03
4.913459999999819047e+03 4.971862584352493286e-02 6.694144103676080704e-03
4.914939999999818610e+03 6.036225706338882446e-02 7.137925829738378525e-03
4.916419999999818174e+03 6.284792721271514893e-02 7.172245066612958908e-03
4.917899999999817737e+03 5.261801183223724365e-02 6.638118065893650055e-03
4.919379999999817301e+03 6.592355668544769287e-02 7.169534917920827866e-03
4.920859999999816864e+03 4.845961183309555054e-02 6.556038744747638702e-03
4.922339999999816428e+03 5.129319429397583008e-02 6.709933746606111526e-03
4.923819999999815991e+03 4.416180402040481567e-02 6.376143079251050949e-03
4.925299999999815554e+03 4.527226835489273071e-02 6.473441142588853836e-03
4.926779999999815118e+03 5.935514718294143677e-02 7.012479472905397415e-03
4.928259999999814681e+03 5.256770551204681396e-02 6.669906433671712875e-03
4.929739999999814245e+03 5.530828982591629028e-02 6.868895608931779861e-03
4.931219999999813808e+03 6.285520642995834351e-02 7.164460141211748123e-03
4.932699999999813372e+03 5.703544244170188904e-02 6.849658675491809845e-03
4.934179999999812935e+03 5.132770538330078125e-02 6.633474025875329971e-03
4.935659999999812499e+03 6.531627476215362549e-02 7.244509179145097733e-03
4.937139999999812062e+03 5.122432485222816467e-02 6.710492074489593506e-03
4.938619999999811625e+03 4.583089053630828857e-02 6.379978265613317490e-03
4.940099999999811189e+03 5.558107048273086548e-02 6.751106120645999908e-03
4.941579999999810752e+03 5.376902222633361816e-02 6.740608252584934235e-03
4.943059999999810316e+03 6.079088151454925537e-02 7.127406541258096695e-03
4.944539999999809879e+03 5.057803913950920105e-02 6.607616320252418518e-03
4.946019999999809443e+03 3.835028409957885742e-02 6.084461230784654617e-03
4.947499999999809006e+03 5.285261571407318115e-02 6.658639758825302124e-03
4.948979999999808570e+03 6.527995318174362183e-02 7.228409871459007263e-03
4.950459999999808133e+03 5.058307945728302002e-02 6.631422322243452072e-03
4.951939999999807696e+03 5.643568933010101318e-02 6.875020917505025864e-03
4.953419999999807260e+03 5.508356541395187378e-02 6.815450266003608704e-03
4.954899999999806823e+03 6.100082397460937500e-02 7.023476529866456985e-03
4.956379999999806387e+03 5.484125763177871704e-02 6.590438541024923325e-03
4.957859999999805950e+03 5.320655554533004761e-02 6.514854263514280319e-03
4.959339999999805514e+03 5.773840844631195068e-02 6.839706562459468842e-03
4.960819999999805077e+03 5.758719891309738159e-02 6.880717817693948746e-03
4.962299999999804641e+03 5.562624335289001465e-02 6.850569043308496475e-03
4.963779999999804204e+03 4.945177584886550903e-02 6.564036011695861816e-03
4.965259999999803767e+03 4.525778442621231079e-02 6.281225942075252533e-03
4.966739999999803331e+03 5.757727473974227905e-02 6.948570720851421356e-03
4.968219999999802894e+03 6.002746522426605225e-02 7.026645820587873459e-03
4.969699999999802458e+03 4.237554222345352173e-02 6.254051811993122101e-03
4.971179999999802021e+03 4.615671560168266296e-02 6.450070068240165710e-03
4.972659999999801585e+03 5.975863337516784668e-02 6.959495134651660919e-03
4.974139999999801148e+03 5.160385370254516602e-02 6.610452663153409958e-03
4.975619999999800712e+03 4.943602904677391052e-02 6.455717142671346664e-03
4.977099999999800275e+03 5.471823364496231079e-02 6.732793524861335754e-03
4.978579999999799838e+03 5.291721597313880920e-02 6.639783736318349838e-03
4.980059999999799402e+03 4.515281692147254944e-02 6.264945492148399353e-03
4.981539999999798965e+03 5.291140452027320862e-02 6.509064696729183197e-03
4.983019999999798529e+03 4.967273771762847900e-02 6.272378843277692795e-03
4.984499999999798092e+03 4.889018088579177856e-02 6.347646005451679230e-03
4.985979999999797656e+03 4.301008582115173340e-02 6.106351036578416824e-03
4.987459999999797219e+03 5.383703112602233887e-02 6.698905024677515030e-03
4.988939999999796783e+03 5.374952405691146851e-02 6.698767654597759247e-03
4.990419999999796346e+03 4.995007812976837158e-02 6.597205530852079391e-03
4.991899999999795909e+03 5.975786224007606506e-02 6.880183704197406769e-03
4.993379999999795473e+03 5.691613256931304932e-02 6.813419517129659653e-03
4.994859999999795036e+03 4.834266006946563721e-02 6.441437639296054840e-03
4.996339999999794600e+03 5.239775404334068298e-02 6.693876814097166061e-03
4.997819999999794163e+03 4.864039644598960876e-02 6.507585756480693817e-03
4.999299999999793727e+03 3.884229063987731934e-02 6.126638501882553101e-03
5.000779999999793290e+03 4.698187112808227539e-02 6.284786853939294815e-03
5.002259999999792853e+03 6.779807060956954956e-02 7.122990675270557404e-03
5.003739999999792417e+03 6.387735903263092041e-02 7.067935075610876083e-03
5.005219999999791980e+03 5.446918308734893799e-02 6.578226573765277863e-03
5.006699999999791544e+03 5.625871568918228149e-02 6.749198772013187408e-03
5.008179999999791107e+03 4.331432655453681946e-02 6.193793378770351410e-03
5.009659999999790671e+03 4.223139584064483643e-02 6.113885901868343353e-03
5.011139999999790234e+03 5.016037076711654663e-02 6.411539856344461441e-03
5.012619999999789798e+03 4.283943027257919312e-02 6.026443094015121460e-03
5.014099999999789361e+03 3.320615738630294800e-02 5.622916854918003082e-03
5.015579999999788924e+03 4.685272276401519775e-02 6.320052780210971832e-03
5.017059999999788488e+03 6.306264549493789673e-02 6.899196654558181763e-03
5.018539999999788051e+03 6.517639011144638062e-02 7.013849914073944092e-03
5.020019999999787615e+03 5.895126238465309143e-02 6.775872781872749329e-03
5.021499999999787178e+03 4.910865426063537598e-02 6.301684770733118057e-03
5.022979999999786742e+03 4.094301909208297729e-02 5.922900512814521790e-03
5.024459999999786305e+03 5.530034005641937256e-02 6.693428382277488708e-03
5.025939999999785869e+03 4.717270284891128540e-02 6.335766054689884186e-03
5.027419999999785432e+03 5.157435685396194458e-02 6.459728814661502838e-03
5.028899999999784995e+03 6.343904882669448853e-02 6.894977763295173645e-03
5.030379999999784559e+03 4.514524340629577637e-02 6.219107657670974731e-03
5.031859999999784122e+03 5.378637462854385376e-02 6.616265513002872467e-03
5.033339999999783686e+03 4.640252515673637390e-02 6.294413469731807709e-03
5.034819999999783249e+03 5.115521699190139771e-02 6.479370407760143280e-03
5.036299999999782813e+03 5.472512543201446533e-02 6.591616198420524597e-03
5.037779999999782376e+03 5.782709643244743347e-02 6.666095461696386337e-03
5.039259999999781940e+03 5.344215780496597290e-02 6.408861838281154633e-03
5.040739999999781503e+03 5.509378761053085327e-02 6.445686332881450653e-03
5.042219999999781066e+03 5.118924379348754883e-02 6.418413948267698288e-03
5.043699999999780630e+03 5.370111763477325439e-02 6.627795286476612091e-03
5.045179999999780193e+03 4.637864977121353149e-02 6.357972044497728348e-03
5.046659999999779757e+03 4.974602907896041870e-02 6.438935175538063049e-03
5.048139999999779320e+03 4.030941426753997803e-02 5.924335215240716934e-03
5.049619999999778884e+03 5.154287815093994141e-02 6.323347333818674088e-03
5.051099999999778447e+03 5.080790072679519653e-02 6.391488481312990189e-03
5.052579999999778011e+03 6.109989061951637268e-02 6.817100569605827332e-03
5.054059999999777574e+03 5.309915170073509216e-02 6.513929460197687149e-03
5.055539999999777137e+03 4.153206199407577515e-02 6.074349395930767059e-03
5.057019999999776701e+03 4.474193602800369263e-02 6.220332812517881393e-03
5.058499999999776264e+03 3.764415532350540161e-02 5.802008323371410370e-03
5.059979999999775828e+03 4.670921713113784790e-02 6.230491679161787033e-03
5.061459999999775391e+03 7.482494413852691650e-02 7.344827055931091309e-03
5.062939999999774955e+03 9.576342999935150146e-02 7.994088344275951385e-03
5.064419999999774518e+03 7.174789160490036011e-02 7.224805653095245361e-03
5.065899999999774082e+03 3.041448630392551422e-02 5.468626040965318680e-03
5.067379999999773645e+03 4.101439565420150757e-02 5.968997720628976822e-03
5.068859999999773208e+03 4.179208725690841675e-02 5.971469450742006302e-03
5.070339999999772772e+03 3.727668523788452148e-02 5.740397144109010696e-03
5.071819999999772335e+03 4.490580782294273376e-02 6.124648265540599823e-03
5.073299999999771899e+03 5.130835250020027161e-02 6.349009927362203598e-03
5.074779999999771462e+03 3.264453634619712830e-02 5.645149853080511093e-03
5.076259999999771026e+03 4.582677036523818970e-02 6.216983310878276825e-03
5.077739999999770589e+03 5.262082815170288086e-02 6.409797817468643188e-03
5.079219999999770152e+03 5.897810310125350952e-02 6.593212950974702835e-03
5.080699999999769716e+03 4.881536960601806641e-02 6.289349868893623352e-03
5.082179999999769279e+03 4.673214256763458252e-02 6.165768019855022430e-03
5.083659999999768843e+03 4.711990058422088623e-02 6.193818990141153336e-03
5.085139999999768406e+03 5.575858801603317261e-02 6.610878743231296539e-03
5.086619999999767970e+03 4.915964603424072266e-02 6.354098673909902573e-03
5.088099999999767533e+03 5.073050782084465027e-02 6.412506103515625000e-03
5.089579999999767097e+03 5.428634211421012878e-02 6.464560981839895248e-03
5.091059999999766660e+03 4.686794057488441467e-02 6.187544204294681549e-03
5.092539999999766223e+03 4.790592938661575317e-02 6.238328758627176285e-03
5.094019999999765787e+03 5.016373470425605774e-02 6.320697255432605743e-03
5.095499999999765350e+03 4.687409847974777222e-02 6.214995868504047394e-03
5.096979999999764914e+03 4.833932220935821533e-02 6.259473040699958801e-03
5.098459999999764477e+03 5.258440226316452026e-02 6.384797394275665283e-03
5.099939999999764041e+03 6.132487952709197998e-02 6.730906199663877487e-03
5.101419999999763604e+03 6.961385905742645264e-02 7.067054044455289841e-03
5.102899999999763168e+03 5.618697404861450195e-02 6.537670735269784927e-03
5.104379999999762731e+03 6.650017946958541870e-02 6.914226338267326355e-03
5.105859999999762294e+03 5.112633854150772095e-02 6.323442328721284866e-03
5.107339999999761858e+03 4.559076577425003052e-02 6.078727077692747116e-03
5.108819999999761421e+03 5.745531618595123291e-02 6.586236879229545593e-03
5.110299999999760985e+03 5.335132032632827759e-02 6.469505373388528824e-03
5.111779999999760548e+03 5.287832021713256836e-02 6.433025933802127838e-03
5.113259999999760112e+03 5.085364729166030884e-02 6.388041656464338303e-03
5.114739999999759675e+03 5.644314736127853394e-02 6.535528227686882019e-03
5.116219999999759239e+03 4.540918394923210144e-02 6.093358155339956284e-03
5.117699999999758802e+03 4.798255115747451782e-02 6.247042678296566010e-03
5.119179999999758365e+03 5.911750346422195435e-02 6.684282328933477402e-03
5.120659999999757929e+03 6.183752790093421936e-02 6.712614092975854874e-03
5.122139999999757492e+03 5.839847773313522339e-02 6.582074332982301712e-03
5.123619999999757056e+03 5.270019173622131348e-02 6.305280141532421112e-03
5.125099999999756619e+03 4.103572294116020203e-02 5.801806692034006119e-03
5.126579999999756183e+03 4.312945157289505005e-02 5.909790284931659698e-03
5.128059999999755746e+03 5.203419178724288940e-02 6.258203182369470596e-03
5.129539999999755310e+03 4.012301564216613770e-02 5.804224405437707901e-03
5.131019999999754873e+03 5.690889805555343628e-02 6.561403628438711166e-03
5.132499999999754436e+03 6.789158284664154053e-02 7.039245683699846268e-03
5.133979999999754000e+03 5.777454376220703125e-02 6.627909373492002487e-03
5.135459999999753563e+03 5.436076223850250244e-02 6.438200362026691437e-03
5.136939999999753127e+03 5.701824277639389038e-02 6.550422869622707367e-03
5.138419999999752690e+03 4.414861276745796204e-02 5.978054367005825043e-03
5.139899999999752254e+03 4.608491435647010803e-02 6.126582156866788864e-03
5.141379999999751817e+03 6.390932202339172363e-02 6.893866229802370071e-03
5.142859999999751381e+03 6.052458286285400391e-02 6.712385453283786774e-03
5.144339999999750944e+03 4.995717853307723999e-02 6.325135473161935806e-03
5.145819999999750507e+03 5.571161210536956787e-02 6.525137927383184433e-03
5.147299999999750071e+03 5.229456722736358643e-02 6.349322851747274399e-03
5.148779999999749634e+03 5.531495437026023865e-02 6.473946850746870041e-03
5.150259999999749198e+03 5.413354933261871338e-02 6.399248261004686356e-03
5.151739999999748761e+03 5.457828193902969360e-02 6.465569604188203812e-03
5.153219999999748325e+03 6.583916395902633667e-02 6.887591909617185593e-03
5.154699999999747888e+03 4.419029504060745239e-02 6.018830928951501846e-03
5.156179999999747452e+03 5.936989188194274902e-02 6.665769498795270920e-03
5.157659999999747015e+03 6.015588343143463135e-02 6.637243088334798813e-03
5.159139999999746578e+03 5.906636267900466919e-02 6.585253868252038956e-03
5.160619999999746142e+03 6.103308498859405518e-02 6.725613027811050415e-03
5.162099999999745705e+03 6.170704588294029236e-02 6.675545126199722290e-03
5.163579999999745269e+03 6.412728130817413330e-02 6.707729771733283997e-03
5.165059999999744832e+03 6.646908819675445557e-02 6.834058556705713272e-03
5.166539999999744396e+03 6.097436696290969849e-02 6.487679667770862579e-03
5.168019999999743959e+03 5.672719702124595642e-02 6.351555231958627701e-03
5.169499999999743522e+03 6.611289083957672119e-02 6.782648619264364243e-03
5.170979999999743086e+03 6.114418059587478638e-02 6.550010759383440018e-03
5.172459999999742649e+03 5.543947219848632812e-02 6.175131071358919144e-03
5.173939999999742213e+03 5.712638050317764282e-02 6.353643257170915604e-03
5.175419999999741776e+03 5.115466192364692688e-02 6.226507481187582016e-03
5.176899999999741340e+03 5.137029290199279785e-02 6.279815919697284698e-03
5.178379999999740903e+03 5.466665327548980713e-02 6.376666948199272156e-03
5.179859999999740467e+03 5.182655528187751770e-02 6.254598498344421387e-03
5.181339999999740030e+03 5.432236194610595703e-02 6.302943453192710876e-03
5.182819999999739593e+03 5.811520665884017944e-02 6.397742312401533127e-03
5.184299999999739157e+03 4.293572157621383667e-02 5.685504525899887085e-03
5.185779999999738720e+03 5.571313202381134033e-02 6.393414922058582306e-03
5.187259999999738284e+03 6.188803166151046753e-02 6.713909097015857697e-03
5.188739999999737847e+03 5.379489436745643616e-02 6.454747170209884644e-03
5.190219999999737411e+03 4.491070657968521118e-02 6.021549925208091736e-03
5.191699999999736974e+03 5.485170334577560425e-02 6.359321530908346176e-03
5.193179999999736538e+03 6.336653232574462891e-02 6.669647525995969772e-03
5.194659999999736101e+03 5.020119249820709229e-02 6.224227137863636017e-03
5.196139999999735664e+03 5.594500899314880371e-02 6.665128748863935471e-03
5.197619999999735228e+03 6.007357686758041382e-02 6.924636662006378174e-03
5.199099999999734791e+03 5.572027713060379028e-02 6.720288190990686417e-03
5.200579999999734355e+03 5.706224218010902405e-02 6.691654678434133530e-03
5.202059999999733918e+03 5.458790063858032227e-02 6.488763727247714996e-03
5.203539999999733482e+03 4.939741268754005432e-02 6.222126074135303497e-03
5.205019999999733045e+03 5.490914732217788696e-02 6.353337783366441727e-03
5.206499999999732609e+03 5.214792490005493164e-02 6.212828680872917175e-03
5.207979999999732172e+03 5.918399244546890259e-02 6.521032191812992096e-03
5.209459999999731735e+03 5.261191725730895996e-02 6.359350867569446564e-03
5.210939999999731299e+03 5.060519278049468994e-02 6.256720982491970062e-03
5.212419999999730862e+03 5.933761224150657654e-02 6.538733374327421188e-03
5.213899999999730426e+03 7.710741460323333740e-02 7.172856945544481277e-03
5.215379999999729989e+03 6.724283099174499512e-02 6.793628912419080734e-03
5.216859999999729553e+03 5.042894929647445679e-02 6.171709392219781876e-03
5.218339999999729116e+03 5.208685249090194702e-02 6.320970132946968079e-03
5.219819999999728680e+03 4.384828358888626099e-02 5.999436601996421814e-03
5.221299999999728243e+03 5.290062725543975830e-02 6.337516009807586670e-03
5.222779999999727806e+03 5.490167438983917236e-02 6.514345295727252960e-03
5.224259999999727370e+03 5.135906487703323364e-02 6.322677247226238251e-03
5.225739999999726933e+03 4.942406713962554932e-02 6.076921243220567703e-03
5.227219999999726497e+03 5.426789820194244385e-02 6.227726582437753677e-03
5.228699999999726060e+03 5.136987939476966858e-02 6.164335180073976517e-03
5.230179999999725624e+03 5.602528899908065796e-02 6.401883438229560852e-03
5.231659999999725187e+03 6.673996895551681519e-02 6.807433441281318665e-03
5.233139999999724751e+03 5.455322191119194031e-02 6.330017466098070145e-03
5.234619999999724314e+03 4.727241024374961853e-02 6.068484392017126083e-03
5.236099999999723877e+03 4.357744008302688599e-02 6.022259593009948730e-03
5.237579999999723441e+03 4.468188807368278503e-02 6.182081066071987152e-03
5.239059999999723004e+03 5.092535167932510376e-02 6.348337512463331223e-03
5.240539999999722568e+03 5.772814899682998657e-02 6.434095092117786407e-03
5.242019999999722131e+03 7.537917792797088623e-02 7.087181322276592255e-03
5.243499999999721695e+03 5.723540484905242920e-02 6.422806065529584885e-03
5.244979999999721258e+03 5.511635169386863708e-02 6.370040588080883026e-03
5.246459999999720822e+03 4.928791522979736328e-02 6.133040413260459900e-03
5.247939999999720385e+03 5.602946877479553223e-02 6.478211376816034317e-03
5.249419999999719948e+03 4.381140321493148804e-02 5.968186073005199432e-03
5.250899999999719512e+03 5.106638371944427490e-02 6.221889518201351166e-03
5.252379999999719075e+03 5.741509050130844116e-02 6.473025772720575333e-03
5.253859999999718639e+03 5.240110307931900024e-02 6.374291609972715378e-03
5.255339999999718202e+03 5.621718615293502808e-02 6.563559640198945999e-03
5.256819999999717766e+03 5.726405233144760132e-02 6.555297877639532089e-03
5.258299999999717329e+03 5.084139108657836914e-02 6.168498657643795013e-03
5.259779999999716892e+03 4.851891845464706421e-02 6.037682294845581055e-03
5.261259999999716456e+03 6.678006052970886230e-02 6.772036198526620865e-03
5.262739999999716019e+03 6.433741748332977295e-02 6.620155181735754013e-03
5.264219999999715583e+03 5.683589354157447815e-02 6.291381083428859711e-03
5.265699999999715146e+03 5.703460425138473511e-02 6.310725118964910507e-03
5.267179999999714710e+03 6.237132847309112549e-02 6.544987671077251434e-03
5.268659999999714273e+03 5.974588543176651001e-02 6.441281177103519440e-03
5.270139999999713837e+03 5.621317774057388306e-02 6.305157206952571869e-03
5.271619999999713400e+03 6.218962743878364563e-02 6.515039596706628799e-03
5.273099999999712963e+03 5.688651651144027710e-02 6.355279125273227692e-03
5.274579999999712527e+03 5.606139823794364929e-02 6.349943112581968307e-03
5.276059999999712090e+03 5.689249187707901001e-02 6.491256412118673325e-03
5.277539999999711654e+03 5.559885874390602112e-02 6.365028209984302521e-03
5.279019999999711217e+03 5.572922900319099426e-02 6.375005003064870834e-03
5.280499999999710781e+03 4.535464942455291748e-02 5.950078368186950684e-03
5.281979999999710344e+03 5.752985179424285889e-02 6.375844124704599380e-03
5.283459999999709908e+03 5.363859236240386963e-02 6.254575215280056000e-03
5.284939999999709471e+03 5.632587522268295288e-02 6.404998246580362320e-03
5.286419999999709034e+03 5.481041222810745239e-02 6.342278327792882919e-03
5.287899999999708598e+03 5.815574526786804199e-02 6.409096065908670425e-03
5.289379999999708161e+03 5.537677183747291565e-02 6.308538839221000671e-03
5.290859999999707725e+03 5.040416121482849121e-02 6.192937958985567093e-03
5.292339999999707288e+03 5.342341214418411255e-02 6.275914609432220459e-03
5.293819999999706852e+03 4.718285799026489258e-02 6.109777837991714478e-03
5.295299999999706415e+03 5.693254619836807251e-02 6.430255714803934097e-03
5.296779999999705979e+03 6.320181488990783691e-02 6.627137307077646255e-03
5.298259999999705542e+03 5.826499313116073608e-02 6.503299344331026077e-03
5.299739999999705105e+03 6.567544490098953247e-02 6.771687418222427368e-03
5.301219999999704669e+03 5.243223160505294800e-02 6.303800735622644424e-03
5.302699999999704232e+03 5.167920142412185669e-02 6.267986726015806198e-03
5.304179999999703796e+03 6.262054294347763062e-02 6.687538232654333115e-03
5.305659999999703359e+03 6.036812812089920044e-02 6.566777359694242477e-03
5.307139999999702923e+03 6.160089373588562012e-02 6.582148838788270950e-03
5.308619999999702486e+03 5.660069361329078674e-02 6.402413360774517059e-03
5.310099999999702050e+03 5.836629122495651245e-02 6.482701748609542847e-03
5.311579999999701613e+03 5.560803413391113281e-02 6.391266360878944397e-03
5.313059999999701176e+03 5.448575317859649658e-02 6.362028419971466064e-03
5.314539999999700740e+03 5.213305354118347168e-02 6.225582212209701538e-03
5.316019999999700303e+03 4.478603601455688477e-02 5.971900187432765961e-03
5.317499999999699867e+03 5.477878451347351074e-02 6.412105169147253036e-03
5.318979999999699430e+03 5.884786695241928101e-02 6.555830594152212143e-03
5.320459999999698994e+03 6.692215055227279663e-02 6.880753673613071442e-03
5.321939999999698557e+03 6.368422508239746094e-02 6.713363341987133026e-03
5.323419999999698121e+03 6.047808378934860229e-02 6.536990404129028320e-03
5.324899999999697684e+03 5.838002264499664307e-02 6.485279649496078491e-03
5.326379999999697247e+03 5.421598628163337708e-02 6.271922495216131210e-03
5.327859999999696811e+03 4.993093758821487427e-02 6.142554804682731628e-03
5.329339999999696374e+03 6.005784124135971069e-02 6.679739803075790405e-03
5.330819999999695938e+03 6.288217008113861084e-02 6.763475015759468079e-03
5.332299999999695501e+03 5.509065464138984680e-02 6.354534067213535309e-03
5.333779999999695065e+03 4.911495745182037354e-02 6.154249887913465500e-03
5.335259999999694628e+03 5.162937194108963013e-02 6.295999046415090561e-03
5.336739999999694192e+03 6.421370804309844971e-02 6.712321657687425613e-03
5.338219999999693755e+03 5.872235074639320374e-02 6.469492334872484207e-03
5.339699999999693318e+03 5.719156935811042786e-02 6.408185232430696487e-03
5.341179999999692882e+03 6.503694504499435425e-02 6.663781590759754181e-03
5.342659999999692445e+03 5.645377933979034424e-02 6.421050522476434708e-03
5.344139999999692009e+03 5.107056349515914917e-02 6.145157851278781891e-03
5.345619999999691572e+03 6.635674089193344116e-02 6.761037278920412064e-03
5.347099999999691136e+03 6.066517531871795654e-02 6.506668869405984879e-03
5.348579999999690699e+03 5.528810620307922363e-02 6.337279919534921646e-03
5.350059999999690262e+03 6.002429872751235962e-02 6.493821740150451660e-03
5.351539999999689826e+03 6.172679364681243896e-02 6.567991338670253754e-03
5.353019999999689389e+03 5.129635334014892578e-02 6.191050168126821518e-03
5.354499999999688953e+03 5.645540356636047363e-02 6.411749403923749924e-03
5.355979999999688516e+03 5.431865155696868896e-02 6.364136934280395508e-03
5.357459999999688080e+03 4.254584759473800659e-02 5.912306252866983414e-03
5.358939999999687643e+03 4.797321930527687073e-02 6.061166059225797653e-03
5.360419999999687207e+03 5.175440758466720581e-02 6.202741060405969620e-03
5.361899999999686770e+03 5.743816494941711426e-02 6.371801253408193588e-03
5.363379999999686333e+03 4.993021488189697266e-02 6.063316017389297485e-03
5.364859999999685897e+03 4.932188242673873901e-02 6.012652069330215454e-03
5.366339999999685460e+03 6.016539037227630615e-02 6.427623797208070755e-03
5.367819999999685024e+03 5.794572830200195312e-02 6.375560536980628967e-03
5.369299999999684587e+03 5.668895691633224487e-02 6.286178249865770340e-03
5.370779999999684151e+03 5.676555633544921875e-02 6.321074441075325012e-03
5.372259999999683714e+03 5.674116313457489014e-02 6.349080242216587067e-03
5.373739999999683278e+03 6.042719632387161255e-02 6.548944860696792603e-03
5.375219999999682841e+03 6.925047934055328369e-02 6.856955587863922119e-03
5.376699999999682404e+03 5.228395760059356689e-02 6.167332176119089127e-03
5.378179999999681968e+03 5.075372755527496338e-02 6.179000716656446457e-03
5.379659999999681531e+03 5.398936569690704346e-02 6.256524473428726196e-03
5.381139999999681095e+03 4.234291613101959229e-02 5.788698326796293259e-03
5.382619999999680658e+03 3.901271522045135498e-02 5.622398573905229568e-03
5.384099999999680222e+03 4.708500206470489502e-02 5.915542598813772202e-03
5.385579999999679785e+03 4.846224561333656311e-02 6.042588036507368088e-03
5.387059999999679349e+03 4.777464270591735840e-02 6.023025140166282654e-03
5.388539999999678912e+03 5.014105141162872314e-02 6.049483083188533783e-03
5.390019999999678475e+03 5.191692709922790527e-02 6.154922768473625183e-03
5.391499999999678039e+03 5.563166737556457520e-02 6.265159696340560913e-03
5.392979999999677602e+03 5.679233372211456299e-02 6.319282576441764832e-03
5.394459999999677166e+03 5.138591304421424866e-02 6.100092083215713501e-03
5.395939999999676729e+03 5.865144729614257812e-02 6.372496485710144043e-03
5.397419999999676293e+03 4.740237072110176086e-02 5.949464160948991776e-03
5.398899999999675856e+03 4.407886788249015808e-02 5.860780365765094757e-03
5.400379999999675420e+03 4.718997329473495483e-02 5.953509826213121414e-03
5.401859999999674983e+03 5.098124593496322632e-02 6.098487880080938339e-03
5.403339999999674546e+03 5.692408233880996704e-02 6.342978216707706451e-03
5.404819999999674110e+03 5.362519621849060059e-02 6.156559567898511887e-03
5.406299999999673673e+03 5.724126100540161133e-02 6.307208444923162460e-03
5.407779999999673237e+03 5.707542598247528076e-02 6.276182830333709717e-03
5.409259999999672800e+03 5.439121648669242859e-02 6.178535055369138718e-03
5.410739999999672364e+03 6.056421622633934021e-02 6.469513289630413055e-03
5.412219999999671927e+03 6.401720643043518066e-02 6.600954569876194000e-03
5.413699999999671491e+03 6.253398954868316650e-02 6.548312958329916000e-03
5.415179999999671054e+03 5.997267365455627441e-02 6.444068625569343567e-03
5.416659999999670617e+03 5.921516194939613342e-02 6.397580727934837341e-03
5.418139999999670181e+03 6.399408727884292603e-02 6.624147761613130569e-03
5.419619999999669744e+03 5.320540070533752441e-02 6.251700688153505325e-03
5.421099999999669308e+03 5.321095138788223267e-02 6.225806195288896561e-03
5.422579999999668871e+03 4.748263210058212280e-02 6.013371050357818604e-03
5.424059999999668435e+03 4.099122434854507446e-02 5.739027634263038635e-03
5.425539999999667998e+03 5.293000489473342896e-02 6.185030099004507065e-03
5.427019999999667561e+03 7.088159024715423584e-02 6.875848863273859024e-03
5.428499999999667125e+03 5.586783215403556824e-02 6.304138805717229843e-03
5.429979999999666688e+03 5.359949171543121338e-02 6.165036931633949280e-03
5.431459999999666252e+03 5.053383857011795044e-02 6.094552110880613327e-03
5.432939999999665815e+03 5.557945370674133301e-02 6.251867860555648804e-03
5.434419999999665379e+03 5.412757396697998047e-02 6.201139651238918304e-03
5.435899999999664942e+03 6.657845526933670044e-02 6.707576569169759750e-03
5.437379999999664506e+03 6.354986876249313354e-02 6.571098230779170990e-03
5.438859999999664069e+03 5.377686023712158203e-02 6.221679504960775375e-03
5.440339999999663632e+03 7.071226835250854492e-02 6.846690084785223007e-03
5.441819999999663196e+03 5.840813741087913513e-02 6.406924221664667130e-03
5.443299999999662759e+03 5.171572417020797729e-02 6.121446378529071808e-03
5.444779999999662323e+03 5.554822087287902832e-02 6.247654091566801071e-03
5.446259999999661886e+03 6.596102565526962280e-02 6.642019841820001602e-03
5.447739999999661450e+03 6.698951125144958496e-02 6.696695461869239807e-03
5.449219999999661013e+03 5.515185743570327759e-02 6.276214495301246643e-03
5.450699999999660577e+03 4.955071955919265747e-02 6.096017081290483475e-03
5.452179999999660140e+03 5.731817707419395447e-02 6.365889683365821838e-03
5.453659999999659703e+03 5.000057071447372437e-02 6.053392309695482254e-03
5.455139999999659267e+03 4.908192902803421021e-02 5.996312014758586884e-03
5.456619999999658830e+03 5.638940632343292236e-02 6.311187986284494400e-03
5.458099999999658394e+03 6.092569231986999512e-02 6.512812338769435883e-03
5.459579999999657957e+03 5.543713271617889404e-02 6.314614787697792053e-03
5.461059999999657521e+03 5.837572365999221802e-02 6.411813199520111084e-03
5.462539999999657084e+03 6.406569480895996094e-02 6.577827036380767822e-03
5.464019999999656648e+03 5.983960628509521484e-02 6.402403116226196289e-03
5.465499999999656211e+03 5.424652993679046631e-02 6.218938622623682022e-03
5.466979999999655774e+03 5.498629435896873474e-02 6.248315796256065369e-03
5.468459999999655338e+03 6.609640270471572876e-02 6.692233961075544357e-03
5.469939999999654901e+03 5.586864426732063293e-02 6.306603550910949707e-03
5.471419999999654465e+03 4.846854507923126221e-02 6.007310934364795685e-03
5.472899999999654028e+03 5.816948786377906799e-02 6.362709682434797287e-03
5.474379999999653592e+03 5.376254767179489136e-02 6.254484876990318298e-03
5.475859999999653155e+03 5.281271412968635559e-02 6.129584740847349167e-03
5.477339999999652719e+03 6.115759909152984619e-02 6.432015448808670044e-03
5.478819999999652282e+03 5.710401386022567749e-02 6.309931166470050812e-03
5.480299999999651845e+03 5.889722704887390137e-02 6.412114482372999191e-03
5.481779999999651409e+03 5.796574428677558899e-02 6.368739530444145203e-03
5.483259999999650972e+03 5.660483241081237793e-02 6.310331635177135468e-03
5.484739999999650536e+03 5.703901499509811401e-02 6.349049508571624756e-03
5.486219999999650099e+03 5.593200773000717163e-02 6.384757813066244125e-03
5.487699999999649663e+03 4.817318916320800781e-02 5.969204008579254150e-03
5.489179999999649226e+03 5.709156394004821777e-02 6.302688736468553543e-03
5.490659999999648790e+03 5.730682611465454102e-02 6.319228094071149826e-03
5.492139999999648353e+03 5.694784969091415405e-02 6.276530679315328598e-03
5.493619999999647916e+03 5.563119053840637207e-02 6.284264381974935532e-03
5.495099999999647480e+03 4.405829682946205139e-02 5.810745060443878174e-03
5.496579999999647043e+03 5.630156397819519043e-02 6.253737490624189377e-03
5.498059999999646607e+03 6.130171194672584534e-02 6.492384243756532669e-03
5.499539999999646170e+03 5.975632369518280029e-02 6.479539442807435989e-03
5.501019999999645734e+03 6.732851266860961914e-02 6.661857478320598602e-03
5.502499999999645297e+03 4.598960652947425842e-02 5.898535251617431641e-03
5.503979999999644861e+03 5.394101887941360474e-02 6.222501397132873535e-03
5.505459999999644424e+03 5.756589025259017944e-02 6.365910172462463379e-03
5.506939999999643987e+03 5.826486647129058838e-02 6.402864586561918259e-03
5.508419999999643551e+03 6.215988099575042725e-02 6.478580646216869354e-03
5.509899999999643114e+03 7.433690130710601807e-02 6.958159618079662323e-03
5.511379999999642678e+03 6.022100895643234253e-02 6.481499411165714264e-03
5.512859999999642241e+03 5.578784644603729248e-02 6.279536522924900055e-03
5.514339999999641805e+03 6.065090000629425049e-02 6.456496659666299820e-03
5.515819999999641368e+03 6.395260244607925415e-02 6.614189594984054565e-03
5.517299999999640931e+03 5.988368019461631775e-02 6.512958090752363205e-03
5.518779999999640495e+03 5.688630789518356323e-02 6.380367558449506760e-03
5.520259999999640058e+03 5.425716191530227661e-02 6.252128630876541138e-03
5.521739999999639622e+03 5.634906515479087830e-02 6.336111575365066528e-03
5.523219999999639185e+03 6.030928343534469604e-02 6.425733212381601334e-03
5.524699999999638749e+03 6.454804539680480957e-02 6.588354241102933884e-03
5.526179999999638312e+03 5.893658846616744995e-02 6.394470576196908951e-03
5.527659999999637876e+03 5.477683618664741516e-02 6.217665970325469971e-03
5.529139999999637439e+03 6.204088032245635986e-02 6.481179036200046539e-03
5.530619999999637002e+03 6.354051828384399414e-02 6.522556766867637634e-03
5.532099999999636566e+03 6.122991442680358887e-02 6.449418608099222183e-03
5.533579999999636129e+03 5.706481635570526123e-02 6.307377014309167862e-03
5.535059999999635693e+03 5.776129290461540222e-02 6.337007507681846619e-03
5.536539999999635256e+03 6.074448302388191223e-02 6.432005669921636581e-03
5.538019999999634820e+03 6.082392483949661255e-02 6.456729024648666382e-03
5.539499999999634383e+03 6.351781636476516724e-02 6.555269937962293625e-03
5.540979999999633947e+03 6.320419907569885254e-02 6.592072080820798874e-03
5.542459999999633510e+03 6.165292486548423767e-02 6.674002856016159058e-03
5.543939999999633073e+03 5.732085555791854858e-02 6.527400109916925430e-03
5.545419999999632637e+03 4.654438793659210205e-02 6.022772286087274551e-03
5.546899999999632200e+03 5.035573244094848633e-02 6.126313004642724991e-03
5.548379999999631764e+03 6.222947314381599426e-02 6.559850182384252548e-03
5.549859999999631327e+03 5.349551513791084290e-02 6.307557690888643265e-03
5.551339999999630891e+03 5.586451664566993713e-02 6.352564785629510880e-03
5.552819999999630454e+03 5.637139454483985901e-02 6.294456776231527328e-03
5.554299999999630018e+03 5.383446067571640015e-02 6.225200369954109192e-03
5.555779999999629581e+03 5.914643406867980957e-02 6.450447253882884979e-03
5.557259999999629144e+03 5.933217704296112061e-02 6.442022044211626053e-03
5.558739999999628708e+03 6.961478292942047119e-02 6.825448945164680481e-03
5.560219999999628271e+03 5.822116136550903320e-02 6.441059987992048264e-03
5.561699999999627835e+03 5.155184492468833923e-02 6.280880887061357498e-03
5.563179999999627398e+03 6.162469834089279175e-02 6.776895839720964432e-03
5.564659999999626962e+03 6.365852802991867065e-02 6.783098448067903519e-03
5.566139999999626525e+03 5.873824656009674072e-02 6.371323484927415848e-03
5.567619999999626089e+03 5.424558371305465698e-02 6.285339593887329102e-03
5.569099999999625652e+03 6.530146300792694092e-02 6.744997575879096985e-03
5.570579999999625215e+03 6.830356270074844360e-02 6.741072982549667358e-03
5.572059999999624779e+03 6.678282469511032104e-02 6.656951736658811569e-03
5.573539999999624342e+03 6.124721467494964600e-02 6.658870261162519455e-03
5.575019999999623906e+03 -4.055048525333404541e-02 1.334841456264257431e-02
5.576499999999623469e+03 3.997925296425819397e-02 2.494691126048564911e-02
5.577979999999623033e+03 6.397354602813720703e-02 2.352195233106613159e-02
5.579459999999622596e+03 2.081718295812606812e-02 9.094786830246448517e-03
5.580939999999622160e+03 6.990338116884231567e-02 6.749764084815979004e-03
5.582419999999621723e+03 6.429918110370635986e-02 6.644735578447580338e-03
5.583899999999621286e+03 7.082737982273101807e-02 6.750691682100296021e-03
5.585379999999620850e+03 6.476753205060958862e-02 6.631994619965553284e-03
5.586859999999620413e+03 5.980474501848220825e-02 6.463398225605487823e-03
5.588339999999619977e+03 5.629125982522964478e-02 6.510404404252767563e-03
5.589819999999619540e+03 6.054262816905975342e-02 6.568814162164926529e-03
5.591299999999619104e+03 6.249002739787101746e-02 6.577585358172655106e-03
5.592779999999618667e+03 5.551838874816894531e-02 6.246681790798902512e-03
5.594259999999618231e+03 4.260181635618209839e-02 5.776542704552412033e-03
5.595739999999617794e+03 5.642400309443473816e-02 6.321717519313097000e-03
5.597219999999617357e+03 5.906024575233459473e-02 6.490438710898160934e-03
5.598699999999616921e+03 6.831572949886322021e-02 6.738051306456327438e-03
5.600179999999616484e+03 7.180498540401458740e-02 6.816609296947717667e-03
5.601659999999616048e+03 5.586317181587219238e-02 6.286547519266605377e-03
5.603139999999615611e+03 6.433780491352081299e-02 6.648159585893154144e-03
5.604619999999615175e+03 5.387849733233451843e-02 6.516091525554656982e-03
5.606099999999614738e+03 5.510635673999786377e-02 6.509999744594097137e-03
5.607579999999614301e+03 6.744470447301864624e-02 6.730283144861459732e-03
5.609059999999613865e+03 7.248391211032867432e-02 6.933739408850669861e-03
5.610539999999613428e+03 7.059669494628906250e-02 6.860775407403707504e-03
5.612019999999612992e+03 6.139681115746498108e-02 6.485159043222665787e-03
5.613499999999612555e+03 6.593820452690124512e-02 6.642263848334550858e-03
5.614979999999612119e+03 6.489653885364532471e-02 6.609524134546518326e-03
5.616459999999611682e+03 5.849707126617431641e-02 6.468465551733970642e-03
5.617939999999611246e+03 5.777765810489654541e-02 6.383954081684350967e-03
5.619419999999610809e+03 5.034485459327697754e-02 6.064483430236577988e-03
5.620899999999610372e+03 5.146818980574607849e-02 6.121334154158830643e-03
5.622379999999609936e+03 6.200585514307022095e-02 6.576782092452049255e-03
5.623859999999609499e+03 6.501165032386779785e-02 6.705261766910552979e-03
5.625339999999609063e+03 5.970954895019531250e-02 6.415211129933595657e-03
5.626819999999608626e+03 5.436765030026435852e-02 6.136847194284200668e-03
5.628299999999608190e+03 5.832416564226150513e-02 6.320383399724960327e-03
5.629779999999607753e+03 5.787070840597152710e-02 6.278626155108213425e-03
5.631259999999607317e+03 5.795065313577651978e-02 6.343425717204809189e-03
5.632739999999606880e+03 5.574546009302139282e-02 6.273437757045030594e-03
5.634219999999606443e+03 5.015247687697410583e-02 6.005880422890186310e-03
5.635699999999606007e+03 5.868332833051681519e-02 6.337436847388744354e-03
5.637179999999605570e+03 6.533820927143096924e-02 6.606163457036018372e-03
5.638659999999605134e+03 5.526215583086013794e-02 6.238192319869995117e-03
5.640139999999604697e+03 5.111613124608993530e-02 6.118040066212415695e-03
5.641619999999604261e+03 5.773700028657913208e-02 6.333077326416969299e-03
5.643099999999603824e+03 5.872568860650062561e-02 6.348039023578166962e-03
5.644579999999603388e+03 6.108886748552322388e-02 6.502323318272829056e-03
5.646059999999602951e+03 5.879450589418411255e-02 6.411950569599866867e-03
5.647539999999602514e+03 6.185150891542434692e-02 6.484936922788619995e-03
5.649019999999602078e+03 5.817059800028800964e-02 6.322131957858800888e-03
5.650499999999601641e+03 5.202035605907440186e-02 6.125642452389001846e-03
5.651979999999601205e+03 5.671380087733268738e-02 6.227610632777214050e-03
5.653459999999600768e+03 6.260237842798233032e-02 6.478121504187583923e-03
5.654939999999600332e+03 6.219473481178283691e-02 6.508294958621263504e-03
5.656419999999599895e+03 5.775711312890052795e-02 6.310544442385435104e-03
5.657899999999599459e+03 5.300726741552352905e-02 6.117962766438722610e-03
5.659379999999599022e+03 6.018758565187454224e-02 6.405569147318601608e-03
5.660859999999598585e+03 5.730370432138442993e-02 6.311517674475908279e-03
5.662339999999598149e+03 6.515470892190933228e-02 6.590629462152719498e-03
5.663819999999597712e+03 5.838994681835174561e-02 6.351207382977008820e-03
5.665299999999597276e+03 4.810103774070739746e-02 6.002013105899095535e-03
5.666779999999596839e+03 6.555718928575515747e-02 6.615309976041316986e-03
5.668259999999596403e+03 5.954719334840774536e-02 6.446150131523609161e-03
5.669739999999595966e+03 6.357117742300033569e-02 6.613601464778184891e-03
5.671219999999595530e+03 6.228035688400268555e-02 6.526302546262741089e-03
5.672699999999595093e+03 6.033180281519889832e-02 6.445905659347772598e-03
5.674179999999594656e+03 5.193841084837913513e-02 6.150892935693264008e-03
5.675659999999594220e+03 4.938451573252677917e-02 6.059956736862659454e-03
5.677139999999593783e+03 6.797625124454498291e-02 6.748660933226346970e-03
5.678619999999593347e+03 5.896069854497909546e-02 6.414670031517744064e-03
5.680099999999592910e+03 5.749765783548355103e-02 6.354864686727523804e-03
5.681579999999592474e+03 6.056331843137741089e-02 6.419986952096223831e-03
5.683059999999592037e+03 6.207166239619255066e-02 6.496597547084093094e-03
5.684539999999591600e+03 6.846292316913604736e-02 6.754405330866575241e-03
5.686019999999591164e+03 5.605378746986389160e-02 6.310055963695049286e-03
5.687499999999590727e+03 6.312724202871322632e-02 6.525645963847637177e-03
5.688979999999590291e+03 6.419955193996429443e-02 6.597331725060939789e-03
5.690459999999589854e+03 5.742246657609939575e-02 6.385141517966985703e-03
5.691939999999589418e+03 6.320101022720336914e-02 6.584418937563896179e-03
5.693419999999588981e+03 5.021157488226890564e-02 6.100489757955074310e-03
5.694899999999588545e+03 6.937304139137268066e-02 6.829585414379835129e-03
5.696379999999588108e+03 6.995610147714614868e-02 6.869188509881496429e-03
5.697859999999587671e+03 6.671994924545288086e-02 6.754214875400066376e-03
5.699339999999587235e+03 7.467822730541229248e-02 7.020477671176195145e-03
5.700819999999586798e+03 5.621744692325592041e-02 6.372600328177213669e-03
5.702299999999586362e+03 5.938515812158584595e-02 6.477360613644123077e-03
5.703779999999585925e+03 6.357809156179428101e-02 6.574723403900861740e-03
5.705259999999585489e+03 5.246789753437042236e-02 6.225797347724437714e-03
5.706739999999585052e+03 5.922501534223556519e-02 6.480419076979160309e-03
5.708219999999584616e+03 6.537103652954101562e-02 6.653653923422098160e-03
5.709699999999584179e+03 5.994284898042678833e-02 6.457931362092494965e-03
5.711179999999583742e+03 6.153880432248115540e-02 6.525405216962099075e-03
5.712659999999583306e+03 7.195380330085754395e-02 6.930061616003513336e-03
5.714139999999582869e+03 6.406731903553009033e-02 6.562305614352226257e-03
5.715619999999582433e+03 5.972429364919662476e-02 6.481905002146959305e-03
5.717099999999581996e+03 6.564064323902130127e-02 6.655280478298664093e-03
5.718579999999581560e+03 5.941785499453544617e-02 6.426418665796518326e-03
5.720059999999581123e+03 6.287157535552978516e-02 6.626651622354984283e-03
5.721539999999580687e+03 6.733494997024536133e-02 6.751269567757844925e-03
5.723019999999580250e+03 5.922267213463783264e-02 6.423794198781251907e-03
5.724499999999579813e+03 6.607021391391754150e-02 6.662291940301656723e-03
5.725979999999579377e+03 7.416921854019165039e-02 6.895969621837139130e-03
5.727459999999578940e+03 5.865896493196487427e-02 6.410195492208003998e-03
5.728939999999578504e+03 5.446662753820419312e-02 6.225418765097856522e-03
5.730419999999578067e+03 5.570003390312194824e-02 6.313564255833625793e-03
5.731899999999577631e+03 5.432979390025138855e-02 6.249830126762390137e-03
5.733379999999577194e+03 5.944416671991348267e-02 6.396648474037647247e-03
5.734859999999576758e+03 5.780749768018722534e-02 6.324788089841604233e-03
5.736339999999576321e+03 5.040837824344635010e-02 6.083964835852384567e-03
5.737819999999575884e+03 5.749084055423736572e-02 6.294280756264925003e-03
5.739299999999575448e+03 5.959194898605346680e-02 6.401199381798505783e-03
5.740779999999575011e+03 6.228285282850265503e-02 6.472790613770484924e-03
5.742259999999574575e+03 5.427761375904083252e-02 6.228568498045206070e-03
5.743739999999574138e+03 6.088531762361526489e-02 6.466838531196117401e-03
5.745219999999573702e+03 6.296139955520629883e-02 6.474672351032495499e-03
5.746699999999573265e+03 5.869448184967041016e-02 6.383344065397977829e-03
5.748179999999572829e+03 5.716042220592498779e-02 6.282961927354335785e-03
5.749659999999572392e+03 6.395140290260314941e-02 6.528428755700588226e-03
5.751139999999571955e+03 6.428808718919754028e-02 6.518476642668247223e-03
5.752619999999571519e+03 6.686408072710037231e-02 6.601427681744098663e-03
5.754099999999571082e+03 6.317926198244094849e-02 6.478238385170698166e-03
5.755579999999570646e+03 5.756938457489013672e-02 6.330471020191907883e-03
5.757059999999570209e+03 5.716209113597869873e-02 6.317754741758108139e-03
5.758539999999569773e+03 5.935000628232955933e-02 6.409218534827232361e-03
5.760019999999569336e+03 5.415195226669311523e-02 6.166363600641489029e-03
5.761499999999568900e+03 7.460311055183410645e-02 6.898589897900819778e-03
5.762979999999568463e+03 5.013317614793777466e-02 6.017754320055246353e-03
5.764459999999568026e+03 6.074195727705955505e-02 6.432041060179471970e-03
5.765939999999567590e+03 7.323230803012847900e-02 6.868459749966859818e-03
5.767419999999567153e+03 7.130228728055953979e-02 6.766618229448795319e-03
5.768899999999566717e+03 7.073584198951721191e-02 6.808751262724399567e-03
5.770379999999566280e+03 6.438887119293212891e-02 6.531245075166225433e-03
5.771859999999565844e+03 6.321164220571517944e-02 6.529242265969514847e-03
5.773339999999565407e+03 6.158065050840377808e-02 6.477867718786001205e-03
5.774819999999564970e+03 6.531879305839538574e-02 6.540567614138126373e-03
5.776299999999564534e+03 6.028247252106666565e-02 6.382015068084001541e-03
5.777779999999564097e+03 7.297524809837341309e-02 6.823519244790077209e-03
5.779259999999563661e+03 5.667196214199066162e-02 6.257076747715473175e-03
5.780739999999563224e+03 5.555278062820434570e-02 6.212385371327400208e-03
5.782219999999562788e+03 5.988997220993041992e-02 6.363966036587953568e-03
5.783699999999562351e+03 6.163574010133743286e-02 6.378269288688898087e-03
5.785179999999561915e+03 5.535300821065902710e-02 6.216537673026323318e-03
5.786659999999561478e+03 6.632284820079803467e-02 6.569485180079936981e-03
5.788139999999561041e+03 6.526271998882293701e-02 6.530271377414464951e-03
5.789619999999560605e+03 6.907765567302703857e-02 6.690627429634332657e-03
5.791099999999560168e+03 6.682997196912765503e-02 6.623176857829093933e-03
5.792579999999559732e+03 4.903468489646911621e-02 6.005233619362115860e-03
5.794059999999559295e+03 5.480401590466499329e-02 6.146629340946674347e-03
5.795539999999558859e+03 6.903393566608428955e-02 6.680980324745178223e-03
5.797019999999558422e+03 5.870747193694114685e-02 6.320295389741659164e-03
5.798499999999557986e+03 6.170974671840667725e-02 6.422782316803932190e-03
5.799979999999557549e+03 5.746731162071228027e-02 6.264852825552225113e-03
5.801459999999557112e+03 5.612369626760482788e-02 6.286943331360816956e-03
5.802939999999556676e+03 5.945113301277160645e-02 6.372995674610137939e-03
5.804419999999556239e+03 6.045511364936828613e-02 6.357727572321891785e-03
5.805899999999555803e+03 6.140225753188133240e-02 6.407459266483783722e-03
5.807379999999555366e+03 6.308475136756896973e-02 6.469012238085269928e-03
5.808859999999554930e+03 5.521334707736968994e-02 6.187540013343095779e-03
5.810339999999554493e+03 7.276047766208648682e-02 6.823701784014701843e-03
5.811819999999554057e+03 5.485451221466064453e-02 6.184360943734645844e-03
5.813299999999553620e+03 5.759724974632263184e-02 6.307643838226795197e-03
5.814779999999553183e+03 5.783475190401077271e-02 6.330412346869707108e-03
5.816259999999552747e+03 5.686616897583007812e-02 6.284065078943967819e-03
5.817739999999552310e+03 5.443914979696273804e-02 6.196756381541490555e-03
5.819219999999551874e+03 5.807688087224960327e-02 6.342728622257709503e-03
5.820699999999551437e+03 6.695538759231567383e-02 6.675804965198040009e-03
5.822179999999551001e+03 5.634042620658874512e-02 6.270517595112323761e-03
5.823659999999550564e+03 4.967397451400756836e-02 6.048026494681835175e-03
5.825139999999550128e+03 5.740536749362945557e-02 6.324528716504573822e-03
5.826619999999549691e+03 6.045895069837570190e-02 6.454269401729106903e-03
5.828099999999549254e+03 6.367096304893493652e-02 6.491200998425483704e-03
5.829579999999548818e+03 5.909901112318038940e-02 6.382560823112726212e-03
5.831059999999548381e+03 6.292528659105300903e-02 6.535536609590053558e-03
5.832539999999547945e+03 5.735091120004653931e-02 6.305217742919921875e-03
5.834019999999547508e+03 5.850246176123619080e-02 6.344703957438468933e-03
5.835499999999547072e+03 5.293555557727813721e-02 6.106128916144371033e-03
5.836979999999546635e+03 5.554558336734771729e-02 6.259804125875234604e-03
5.838459999999546199e+03 7.738811522722244263e-02 6.974845193326473236e-03
5.839939999999545762e+03 7.196396589279174805e-02 6.772460415959358215e-03
5.841419999999545325e+03 7.041944563388824463e-02 6.778704002499580383e-03
5.842899999999544889e+03 6.090865284204483032e-02 6.445547565817832947e-03
5.844379999999544452e+03 5.539299920201301575e-02 6.264556199312210083e-03
5.845859999999544016e+03 6.106524914503097534e-02 6.410459056496620178e-03
5.847339999999543579e+03 6.374581903219223022e-02 6.491060368716716766e-03
5.848819999999543143e+03 5.704338848590850830e-02 6.255841348320245743e-03
5.850299999999542706e+03 5.335544049739837646e-02 6.157222203910350800e-03
5.851779999999542270e+03 4.834214597940444946e-02 5.953495856374502182e-03
5.853259999999541833e+03 5.446725338697433472e-02 6.198124028742313385e-03
5.854739999999541396e+03 6.194039434194564819e-02 6.430929526686668396e-03
5.856219999999540960e+03 6.501622498035430908e-02 6.526312325149774551e-03
5.857699999999540523e+03 5.347405374050140381e-02 6.148442160338163376e-03
5.859179999999540087e+03 5.627277120947837830e-02 6.256249267607927322e-03
5.860659999999539650e+03 6.259503960609436035e-02 6.429339293390512466e-03
5.862139999999539214e+03 6.044454127550125122e-02 6.431668065488338470e-03
5.863619999999538777e+03 6.301413476467132568e-02 6.677420809864997864e-03
5.865099999999538340e+03 6.183621287345886230e-02 6.874335464090108871e-03
5.866579999999537904e+03 6.919465214014053345e-02 7.340046111494302750e-03
5.868059999999537467e+03 6.404180079698562622e-02 7.065567653626203537e-03
5.869539999999537031e+03 5.764723569154739380e-02 6.549846846610307693e-03
5.871019999999536594e+03 6.697905063629150391e-02 6.718935910612344742e-03
5.872499999999536158e+03 5.757737904787063599e-02 6.437984760850667953e-03
5.873979999999535721e+03 5.033385008573532104e-02 6.106085609644651413e-03
5.875459999999535285e+03 5.346210673451423645e-02 6.241112481802701950e-03
5.876939999999534848e+03 5.859901010990142822e-02 6.405047606676816940e-03
5.878419999999534411e+03 6.423656642436981201e-02 6.554734893143177032e-03
5.879899999999533975e+03 6.679053604602813721e-02 6.595796439796686172e-03
5.881379999999533538e+03 6.725997477769851685e-02 6.654644850641489029e-03
5.882859999999533102e+03 5.924153327941894531e-02 6.388111971318721771e-03
5.884339999999532665e+03 6.205962970852851868e-02 6.466700695455074310e-03
5.885819999999532229e+03 6.805186718702316284e-02 6.765336263924837112e-03
5.887299999999531792e+03 4.922986403107643127e-02 7.881162688136100769e-03
5.888779999999531356e+03 7.343879342079162598e-02 1.144816912710666656e-02
5.890259999999530919e+03 8.937972784042358398e-02 1.233171299099922180e-02
5.891739999999530482e+03 5.085235834121704102e-02 8.585092611610889435e-03
5.893219999999530046e+03 4.240581765770912170e-02 6.689746398478746414e-03
5.894699999999529609e+03 6.323531270027160645e-02 9.049826301634311676e-03
5.896179999999529173e+03 7.713069021701812744e-02 9.746729396283626556e-03
5.897659999999528736e+03 6.134598702192306519e-02 7.946518249809741974e-03
5.899139999999528300e+03 5.274883657693862915e-02 6.390877068042755127e-03
5.900619999999527863e+03 6.741784512996673584e-02 6.633191369473934174e-03
5.902099999999527427e+03 5.983322486281394958e-02 6.428961176425218582e-03
5.903579999999526990e+03 5.346097797155380249e-02 6.276301108300685883e-03
5.905059999999526553e+03 6.366020441055297852e-02 6.672782357782125473e-03
5.906539999999526117e+03 6.522758305072784424e-02 6.751137319952249527e-03
5.908019999999525680e+03 5.796686559915542603e-02 6.448944564908742905e-03
5.909499999999525244e+03 5.913478136062622070e-02 6.410618312656879425e-03
5.910979999999524807e+03 7.492023706436157227e-02 6.891186814755201340e-03
5.912459999999524371e+03 7.116585224866867065e-02 6.821041461080312729e-03
5.913939999999523934e+03 6.597579270601272583e-02 7.100628688931465149e-03
5.915419999999523498e+03 6.917378306388854980e-02 7.282217498868703842e-03
5.916899999999523061e+03 6.641615182161331177e-02 6.883696652948856354e-03
5.918379999999522624e+03 5.810789018869400024e-02 6.326276808977127075e-03
5.919859999999522188e+03 5.300183221697807312e-02 6.231089122593402863e-03
5.921339999999521751e+03 6.777000427246093750e-02 6.703905761241912842e-03
5.922819999999521315e+03 6.449555605649948120e-02 6.659379694610834122e-03
5.924299999999520878e+03 6.436099112033843994e-02 6.805375684052705765e-03
5.925779999999520442e+03 7.278550416231155396e-02 7.037427742034196854e-03
5.927259999999520005e+03 7.093986868858337402e-02 6.824383977800607681e-03
5.928739999999519569e+03 6.231805682182312012e-02 6.460757926106452942e-03
5.930219999999519132e+03 5.565151572227478027e-02 6.403709296137094498e-03
5.931699999999518695e+03 5.632878094911575317e-02 6.927647627890110016e-03
5.933179999999518259e+03 5.896492302417755127e-02 7.041489239782094955e-03
5.934659999999517822e+03 6.602351367473602295e-02 6.903669796884059906e-03
5.936139999999517386e+03 5.395772680640220642e-02 6.151726469397544861e-03
5.937619999999516949e+03 5.833760648965835571e-02 6.305081769824028015e-03
5.939099999999516513e+03 5.689326673746109009e-02 6.233281921595335007e-03
5.940579999999516076e+03 5.481155589222908020e-02 6.170563399791717529e-03
5.942059999999515640e+03 6.098709255456924438e-02 6.384390871971845627e-03
5.943539999999515203e+03 6.825515627861022949e-02 6.772515829652547836e-03
5.945019999999514766e+03 6.358665227890014648e-02 6.709036882966756821e-03
5.946499999999514330e+03 5.783622711896896362e-02 6.532743573188781738e-03
5.947979999999513893e+03 5.815457552671432495e-02 6.369368173182010651e-03
5.949459999999513457e+03 7.008744031190872192e-02 6.707313936203718185e-03
5.950939999999513020e+03 6.224832683801651001e-02 6.602226756513118744e-03
5.952419999999512584e+03 6.078113615512847900e-02 6.888980045914649963e-03
5.953899999999512147e+03 6.801041960716247559e-02 7.136480882763862610e-03
5.955379999999511710e+03 6.544701755046844482e-02 6.745894905179738998e-03
5.956859999999511274e+03 7.476910948753356934e-02 6.819475907832384109e-03
5.958339999999510837e+03 6.010077148675918579e-02 6.365491542965173721e-03
5.959819999999510401e+03 7.100609689950942993e-02 6.767584476619958878e-03
5.961299999999509964e+03 6.409103423357009888e-02 6.514114327728748322e-03
5.962779999999509528e+03 7.026663422584533691e-02 6.653558462858200073e-03
5.964259999999509091e+03 7.530681043863296509e-02 6.853599101305007935e-03
5.965739999999508655e+03 6.396628171205520630e-02 6.498780101537704468e-03
5.967219999999508218e+03 6.102434918284416199e-02 6.369649898260831833e-03
5.968699999999507781e+03 6.427176296710968018e-02 6.605659611523151398e-03
5.970179999999507345e+03 6.111355125904083252e-02 6.559445522725582123e-03
5.971659999999506908e+03 6.581032276153564453e-02 6.623769644647836685e-03
5.973139999999506472e+03 6.959289312362670898e-02 6.646495778113603592e-03
5.974619999999506035e+03 7.941746711730957031e-02 7.106196600943803787e-03
5.976099999999505599e+03 7.046826928853988647e-02 7.011057808995246887e-03
5.977579999999505162e+03 5.549585819244384766e-02 6.510424427688121796e-03
5.979059999999504726e+03 6.227868795394897461e-02 6.548027042299509048e-03
5.980539999999504289e+03 6.760134547948837280e-02 6.639612838625907898e-03
5.982019999999503852e+03 6.413277983665466309e-02 6.496976595371961594e-03
5.983499999999503416e+03 6.289732456207275391e-02 6.438872776925563812e-03
5.984979999999502979e+03 6.306418776512145996e-02 6.453790236264467239e-03
5.986459999999502543e+03 6.874155998229980469e-02 6.692281458526849747e-03
5.987939999999502106e+03 6.244201958179473877e-02 6.449099630117416382e-03
5.989419999999501670e+03 5.273444578051567078e-02 6.068116053938865662e-03
5.990899999999501233e+03 5.870399624109268188e-02 6.291254889219999313e-03
5.992379999999500797e+03 6.146701052784919739e-02 6.380583159625530243e-03
5.993859999999500360e+03 5.938808992505073547e-02 6.300253327935934067e-03
5.995339999999499923e+03 6.521651893854141235e-02 6.537926383316516876e-03
5.996819999999499487e+03 6.488865613937377930e-02 6.541775539517402649e-03
5.998299999999499050e+03 6.616311520338058472e-02 6.594994105398654938e-03
5.999779999999498614e+03 6.576967239379882812e-02 6.558336317539215088e-03
6.001259999999498177e+03 4.616577923297882080e-02 5.822463426738977432e-03
6.002739999999497741e+03 5.777629464864730835e-02 6.351070478558540344e-03
6.004219999999497304e+03 6.662951409816741943e-02 6.694566458463668823e-03
6.005699999999496868e+03 6.165520101785659790e-02 6.379737053066492081e-03
6.007179999999496431e+03 5.125449597835540771e-02 5.896892398595809937e-03
6.008659999999495994e+03 5.082946270704269409e-02 5.908517632633447647e-03
6.010139999999495558e+03 6.589570641517639160e-02 6.438411306589841843e-03
6.011619999999495121e+03 6.637638807296752930e-02 6.460780743509531021e-03
6.013099999999494685e+03 6.157853081822395325e-02 6.270819343626499176e-03
6.014579999999494248e+03 6.152435764670372009e-02 6.251153070479631424e-03
6.016059999999493812e+03 5.919393151998519897e-02 6.194049492478370667e-03
6.017539999999493375e+03 6.340576708316802979e-02 6.338291335850954056e-03
6.019019999999492939e+03 6.005931645631790161e-02 6.181112490594387054e-03
6.020499999999492502e+03 6.063390523195266724e-02 6.225877907127141953e-03
6.021979999999492065e+03 6.340300291776657104e-02 6.323685869574546814e-03
6.023459999999491629e+03 4.922623932361602783e-02 5.817308090627193451e-03
6.024939999999491192e+03 5.106039345264434814e-02 5.938220303505659103e-03
6.026419999999490756e+03 5.982745066285133362e-02 6.271921563893556595e-03
6.027899999999490319e+03 6.174538657069206238e-02 6.375866942107677460e-03
6.029379999999489883e+03 6.366325914859771729e-02 6.387902889400720596e-03
6.030859999999489446e+03 6.417567282915115356e-02 6.425277795642614365e-03
6.032339999999489009e+03 5.775214359164237976e-02 6.215668283402919769e-03
6.033819999999488573e+03 5.910395085811614990e-02 6.324188318103551865e-03
6.035299999999488136e+03 6.919895112514495850e-02 6.634430959820747375e-03
6.036779999999487700e+03 5.401511490345001221e-02 6.043034140020608902e-03
6.038259999999487263e+03 5.511110275983810425e-02 6.020252592861652374e-03
6.039739999999486827e+03 6.349306553602218628e-02 6.269892677664756775e-03
6.041219999999486390e+03 6.680683791637420654e-02 6.402003578841686249e-03
6.042699999999485954e+03 6.432114541530609131e-02 6.346387322992086411e-03
6.044179999999485517e+03 5.899443477392196655e-02 6.168159656226634979e-03
6.045659999999485080e+03 5.383235961198806763e-02 5.982954055070877075e-03
6.047139999999484644e+03 5.911909416317939758e-02 6.126541178673505783e-03
6.048619999999484207e+03 6.338623166084289551e-02 6.260351743549108505e-03
6.050099999999483771e+03 6.794232875108718872e-02 6.480657495558261871e-03
6.051579999999483334e+03 6.510318815708160400e-02 6.331757642328739166e-03
6.053059999999482898e+03 7.196705043315887451e-02 6.535382941365242004e-03
6.054539999999482461e+03 5.812601372599601746e-02 6.072440184652805328e-03
6.056019999999482025e+03 5.887871235609054565e-02 6.121051963418722153e-03
6.057499999999481588e+03 6.621612608432769775e-02 6.370742805302143097e-03
6.058979999999481151e+03 6.003310158848762512e-02 6.116394419223070145e-03
6.060459999999480715e+03 6.723012030124664307e-02 6.439357064664363861e-03
6.061939999999480278e+03 6.694789230823516846e-02 6.399616133421659470e-03
6.063419999999479842e+03 8.528013527393341064e-02 6.981960963457822800e-03
6.064899999999479405e+03 6.010841578245162964e-02 6.167625542730093002e-03
6.066379999999478969e+03 5.249203741550445557e-02 5.938796326518058777e-03
6.067859999999478532e+03 6.157471984624862671e-02 6.314942613244056702e-03
6.069339999999478096e+03 6.935989856719970703e-02 6.555548869073390961e-03
6.070819999999477659e+03 6.875163316726684570e-02 6.416629999876022339e-03
6.072299999999477222e+03 6.768633425235748291e-02 6.445941980928182602e-03
6.073779999999476786e+03 6.824719160795211792e-02 6.412182934582233429e-03
6.075259999999476349e+03 6.575283408164978027e-02 6.364797707647085190e-03
6.076739999999475913e+03 6.719980388879776001e-02 6.381800398230552673e-03
6.078219999999475476e+03 6.226694583892822266e-02 6.213461980223655701e-03
6.079699999999475040e+03 6.536604464054107666e-02 6.318704225122928619e-03
6.081179999999474603e+03 6.442184746265411377e-02 6.264686118811368942e-03
6.082659999999474167e+03 5.870795249938964844e-02 6.071572657674551010e-03
6.084139999999473730e+03 6.518612802028656006e-02 6.257755216211080551e-03
6.085619999999473293e+03 6.372952461242675781e-02 6.268763449043035507e-03
6.087099999999472857e+03 5.973730236291885376e-02 6.042876746505498886e-03
6.088579999999472420e+03 6.663076579570770264e-02 6.314608734101057053e-03
6.090059999999471984e+03 6.526429206132888794e-02 6.316293030977249146e-03
6.091539999999471547e+03 4.864731058478355408e-02 5.688325501978397369e-03
6.093019999999471111e+03 5.558811873197555542e-02 5.930784158408641815e-03
6.094499999999470674e+03 6.799471378326416016e-02 6.386097054928541183e-03
6.095979999999470238e+03 6.525287032127380371e-02 6.290395744144916534e-03
6.097459999999469801e+03 5.969886481761932373e-02 6.094852928072214127e-03
6.098939999999469364e+03 5.959341675043106079e-02 6.139728706330060959e-03
6.100419999999468928e+03 5.943951755762100220e-02 6.070997100323438644e-03
6.101899999999468491e+03 5.758217722177505493e-02 5.990683101117610931e-03
6.103379999999468055e+03 5.914792791008949280e-02 6.127457600086927414e-03
6.104859999999467618e+03 5.581082403659820557e-02 6.027929019182920456e-03
6.106339999999467182e+03 5.070131644606590271e-02 5.851930472999811172e-03
6.107819999999466745e+03 6.043039262294769287e-02 6.204182747751474380e-03
6.109299999999466309e+03 6.578359007835388184e-02 6.347939837723970413e-03
6.110779999999465872e+03 5.966704711318016052e-02 6.143492180854082108e-03
6.112259999999465435e+03 6.751624494791030884e-02 6.409833673387765884e-03
6.113739999999464999e+03 6.438364833593368530e-02 6.254767533391714096e-03
6.115219999999464562e+03 6.273237615823745728e-02 6.216882262378931046e-03
6.116699999999464126e+03 7.022651284933090210e-02 6.449745967984199524e-03
6.118179999999463689e+03 6.890472769737243652e-02 6.401528604328632355e-03
6.119659999999463253e+03 7.669644802808761597e-02 6.680116523057222366e-03
6.121139999999462816e+03 7.170054316520690918e-02 6.500632036477327347e-03
6.122619999999462379e+03 6.459724158048629761e-02 6.204899866133928299e-03
6.124099999999461943e+03 5.992181599140167236e-02 6.061715539544820786e-03
6.125579999999461506e+03 7.642366737127304077e-02 6.629352457821369171e-03
6.127059999999461070e+03 6.595405936241149902e-02 6.303492002189159393e-03
6.128539999999460633e+03 6.335094571113586426e-02 6.207960192114114761e-03
6.130019999999460197e+03 6.487669050693511963e-02 6.265394855290651321e-03
6.131499999999459760e+03 6.908734142780303955e-02 6.334935314953327179e-03
6.132979999999459324e+03 6.456630676984786987e-02 9.432564489543437958e-03
6.134459999999458887e+03 5.940337851643562317e-02 8.004439063370227814e-03
6.135939999999458450e+03 5.727817863225936890e-02 6.104535423219203949e-03
6.137419999999458014e+03 4.588987678289413452e-02 5.748589523136615753e-03
6.138899999999457577e+03 5.792494863271713257e-02 6.181498058140277863e-03
6.140379999999457141e+03 4.391397908329963684e-02 5.662423092871904373e-03
6.141859999999456704e+03 4.484575986862182617e-02 5.659981630742549896e-03
6.143339999999456268e+03 6.235281005501747131e-02 6.348471622914075851e-03
6.144819999999455831e+03 6.232323870062828064e-02 6.350438576191663742e-03
6.146299999999455395e+03 6.348759680986404419e-02 6.282658316195011139e-03
6.147779999999454958e+03 6.964115798473358154e-02 6.409938912838697433e-03
6.149259999999454521e+03 6.207603588700294495e-02 6.153782363981008530e-03
6.150739999999454085e+03 6.394030153751373291e-02 6.249644327908754349e-03
6.152219999999453648e+03 6.143951043486595154e-02 6.160060409456491470e-03
6.153699999999453212e+03 6.043688207864761353e-02 6.115773227065801620e-03
6.155179999999452775e+03 6.552140414714813232e-02 6.326449103653430939e-03
6.156659999999452339e+03 6.228930875658988953e-02 6.281925365328788757e-03
6.158139999999451902e+03 5.848490446805953979e-02 6.182080134749412537e-03
6.159619999999451466e+03 6.618948280811309814e-02 6.341779138892889023e-03
6.161099999999451029e+03 6.784074008464813232e-02 6.310954689979553223e-03
6.162579999999450592e+03 6.161328032612800598e-02 6.080019753426313400e-03
6.164059999999450156e+03 6.750951707363128662e-02 6.277768407016992569e-03
6.165539999999449719e+03 6.648135185241699219e-02 6.271448452025651932e-03
6.167019999999449283e+03 5.031742155551910400e-02 5.814988166093826294e-03
6.168499999999448846e+03 5.363894253969192505e-02 6.079001817852258682e-03
6.169979999999448410e+03 6.213757768273353577e-02 6.554577965289354324e-03
6.171459999999447973e+03 5.790708214044570923e-02 6.298397202044725418e-03
6.172939999999447537e+03 6.328660994768142700e-02 6.315242033451795578e-03
6.174419999999447100e+03 7.211560010910034180e-02 6.603959947824478149e-03
6.175899999999446663e+03 6.793784350156784058e-02 6.491626612842082977e-03
6.177379999999446227e+03 6.269168108701705933e-02 6.287007126957178116e-03
6.178859999999445790e+03 5.834373831748962402e-02 6.087925285100936890e-03
6.180339999999445354e+03 6.051687151193618774e-02 6.104880478233098984e-03
6.181819999999444917e+03 6.513628363609313965e-02 6.273746490478515625e-03
6.183299999999444481e+03 6.363137811422348022e-02 6.236930377781391144e-03
6.184779999999444044e+03 6.670038402080535889e-02 6.358891259878873825e-03
6.186259999999443608e+03 5.506902188062667847e-02 5.889966152608394623e-03
6.187739999999443171e+03 5.567185953259468079e-02 5.940644070506095886e-03
6.189219999999442734e+03 5.264528840780258179e-02 5.798099096864461899e-03
6.190699999999442298e+03 7.372207939624786377e-02 6.542730610817670822e-03
6.192179999999441861e+03 6.770448386669158936e-02 6.383527070283889771e-03
6.193659999999441425e+03 6.474775820970535278e-02 6.291021127253770828e-03
6.195139999999440988e+03 5.044663324952125549e-02 5.824519321322441101e-03
6.196619999999440552e+03 6.757976114749908447e-02 6.291576661169528961e-03
6.198099999999440115e+03 7.240095734596252441e-02 6.534778978675603867e-03
6.199579999999439679e+03 5.390835553407669067e-02 5.933667533099651337e-03
6.201059999999439242e+03 6.310658156871795654e-02 6.441930774599313736e-03
6.202539999999438805e+03 6.525347381830215454e-02 6.592904217541217804e-03
6.204019999999438369e+03 6.221950054168701172e-02 6.382410414516925812e-03
6.205499999999437932e+03 5.815757811069488525e-02 6.006567738950252533e-03
6.206979999999437496e+03 6.655199080705642700e-02 6.304379552602767944e-03
6.208459999999437059e+03 6.565351039171218872e-02 6.327506620436906815e-03
6.209939999999436623e+03 6.967629492282867432e-02 6.414984352886676788e-03
6.211419999999436186e+03 6.179423630237579346e-02 6.210010033100843430e-03
6.212899999999435749e+03 5.801940336823463440e-02 6.117737852036952972e-03
6.214379999999435313e+03 6.725461781024932861e-02 6.351348012685775757e-03
6.215859999999434876e+03 7.232826948165893555e-02 6.460013799369335175e-03
6.217339999999434440e+03 6.721120327711105347e-02 6.308122072368860245e-03
6.218819999999434003e+03 6.112209707498550415e-02 6.172202061861753464e-03
6.220299999999433567e+03 7.536362856626510620e-02 6.855170242488384247e-03
6.221779999999433130e+03 7.986882328987121582e-02 7.134702522307634354e-03
6.223259999999432694e+03 7.492700219154357910e-02 6.781442090868949890e-03
6.224739999999432257e+03 6.823867559432983398e-02 6.392831914126873016e-03
6.226219999999431820e+03 5.301185697317123413e-02 5.912189371883869171e-03
6.227699999999431384e+03 5.487269908189773560e-02 5.958927329629659653e-03
6.229179999999430947e+03 6.416312605142593384e-02 6.305686663836240768e-03
6.230659999999430511e+03 6.432376056909561157e-02 6.264123134315013885e-03
6.232139999999430074e+03 6.567536294460296631e-02 6.505330093204975128e-03
6.233619999999429638e+03 6.013543158769607544e-02 6.908071693032979965e-03
6.235099999999429201e+03 5.935636907815933228e-02 7.410912308841943741e-03
6.236579999999428765e+03 7.875920832157135010e-02 7.765681482851505280e-03
6.238059999999428328e+03 7.034832239151000977e-02 6.925873458385467529e-03
6.239539999999427891e+03 6.312616169452667236e-02 6.535385735332965851e-03
6.241019999999427455e+03 6.084172800183296204e-02 6.482162047177553177e-03
6.242499999999427018e+03 6.422100961208343506e-02 6.619261577725410461e-03
6.243979999999426582e+03 7.934626936912536621e-02 6.992350798100233078e-03
6.245459999999426145e+03 7.092928886413574219e-02 6.542002316564321518e-03
6.246939999999425709e+03 5.876098945736885071e-02 6.091367453336715698e-03
6.248419999999425272e+03 6.304374337196350098e-02 6.288611330091953278e-03
6.249899999999424836e+03 6.069668382406234741e-02 6.116509437561035156e-03
6.251379999999424399e+03 6.565442681312561035e-02 6.268777418881654739e-03
6.252859999999423962e+03 6.358201801776885986e-02 6.206845398992300034e-03
6.254339999999423526e+03 5.759451538324356079e-02 6.097207311540842056e-03
6.255819999999423089e+03 6.662277132272720337e-02 6.969966460019350052e-03
6.257299999999422653e+03 6.417035311460494995e-02 7.498179562389850616e-03
6.258779999999422216e+03 5.560518056154251099e-02 7.031849585473537445e-03
6.260259999999421780e+03 6.344704329967498779e-02 6.525177042931318283e-03
6.261739999999421343e+03 6.352324783802032471e-02 6.376361940056085587e-03
6.263219999999420907e+03 5.980978533625602722e-02 6.398986559361219406e-03
6.264699999999420470e+03 5.967895314097404480e-02 6.542231421917676926e-03
6.266179999999420033e+03 6.768061220645904541e-02 6.706862244755029678e-03
6.267659999999419597e+03 6.860048323869705200e-02 6.634584162384271622e-03
6.269139999999419160e+03 6.272901594638824463e-02 6.321228574961423874e-03
6.270619999999418724e+03 5.742753297090530396e-02 6.047199945896863937e-03
6.272099999999418287e+03 6.497142463922500610e-02 6.328043062239885330e-03
6.273579999999417851e+03 6.515911221504211426e-02 6.380571983754634857e-03
6.275059999999417414e+03 5.635728687047958374e-02 6.133832503110170364e-03
6.276539999999416978e+03 5.916665494441986084e-02 6.260272115468978882e-03
6.278019999999416541e+03 5.566902458667755127e-02 6.122991908341646194e-03
6.279499999999416104e+03 6.853626668453216553e-02 6.458440329879522324e-03
6.280979999999415668e+03 6.690703332424163818e-02 6.370677612721920013e-03
6.282459999999415231e+03 6.022568047046661377e-02 6.058474071323871613e-03
6.283939999999414795e+03 6.394448876380920410e-02 6.269276142120361328e-03
6.285419999999414358e+03 6.656444817781448364e-02 6.820931565016508102e-03
6.286899999999413922e+03 5.628631263971328735e-02 6.960954982787370682e-03
6.288379999999413485e+03 5.969887971878051758e-02 6.950149778276681900e-03
6.289859999999413048e+03 6.537507474422454834e-02 6.456219125539064407e-03
6.291339999999412612e+03 6.914928555488586426e-02 6.398491561412811279e-03
6.292819999999412175e+03 6.026140600442886353e-02 6.090130191296339035e-03
6.294299999999411739e+03 7.397747039794921875e-02 6.569080520421266556e-03
6.295779999999411302e+03 7.492902874946594238e-02 6.759035866707563400e-03
6.297259999999410866e+03 3.198756277561187744e-02 7.254700642079114914e-03
6.298739999999410429e+03 7.068861275911331177e-02 1.514641381800174713e-02
6.300219999999409993e+03 1.090604513883590698e-01 1.754497922956943512e-02
6.301699999999409556e+03 3.863994404673576355e-02 1.285636704415082932e-02
6.303179999999409119e+03 3.416113927960395813e-02 6.329136434942483902e-03
6.304659999999408683e+03 5.238528549671173096e-02 6.211391650140285492e-03
6.306139999999408246e+03 5.851797759532928467e-02 7.271307520568370819e-03
6.307619999999407810e+03 7.143285125494003296e-02 7.409628015011548996e-03
6.309099999999407373e+03 6.553982198238372803e-02 6.610534619539976120e-03
6.310579999999406937e+03 6.768414378166198730e-02 6.319831125438213348e-03
6.312059999999406500e+03 7.026558369398117065e-02 6.409645080566406250e-03
6.313539999999406064e+03 6.365075707435607910e-02 6.178164854645729065e-03
6.315019999999405627e+03 5.897108837962150574e-02 5.997190717607736588e-03
6.316499999999405190e+03 6.090273708105087280e-02 6.052983924746513367e-03
6.317979999999404754e+03 6.043145060539245605e-02 6.081171799451112747e-03
6.319459999999404317e+03 6.312341243028640747e-02 6.318122614175081253e-03
6.320939999999403881e+03 7.163970172405242920e-02 6.792616099119186401e-03
6.322419999999403444e+03 6.942958384752273560e-02 6.672827061265707016e-03
6.323899999999403008e+03 6.723403185606002808e-02 6.394113879650831223e-03
6.325379999999402571e+03 6.759242713451385498e-02 6.277019158005714417e-03
6.326859999999402135e+03 6.447248905897140503e-02 6.412328220903873444e-03
6.328339999999401698e+03 7.120081782341003418e-02 7.271336391568183899e-03
6.329819999999401261e+03 6.051626056432723999e-02 7.135950960218906403e-03
6.331299999999400825e+03 7.080747932195663452e-02 6.951911840587854385e-03
6.332779999999400388e+03 5.560565367341041565e-02 5.917793139815330505e-03
6.334259999999399952e+03 5.951426178216934204e-02 6.039456930011510849e-03
6.335739999999399515e+03 6.101783365011215210e-02 6.031904835253953934e-03
6.337219999999399079e+03 7.343362271785736084e-02 6.526304408907890320e-03
6.338699999999398642e+03 6.571637094020843506e-02 6.228146143257617950e-03
6.340179999999398206e+03 6.551955640316009521e-02 6.270821206271648407e-03
6.341659999999397769e+03 6.078694015741348267e-02 6.088722962886095047e-03
6.343139999999397332e+03 7.131184637546539307e-02 6.456980481743812561e-03
6.344619999999396896e+03 6.735698133707046509e-02 6.307220086455345154e-03
6.346099999999396459e+03 6.095877289772033691e-02 6.227046251296997070e-03
6.347579999999396023e+03 5.558691173791885376e-02 6.127959582954645157e-03
6.349059999999395586e+03 7.230739295482635498e-02 6.754903588443994522e-03
6.350539999999395150e+03 7.200247049331665039e-02 6.525187753140926361e-03
6.352019999999394713e+03 6.533361971378326416e-02 6.185831967741250992e-03
6.353499999999394277e+03 5.760481208562850952e-02 6.148369517177343369e-03
6.354979999999393840e+03 5.579815804958343506e-02 6.462346762418746948e-03
6.356459999999393403e+03 6.123362109065055847e-02 6.702885497361421585e-03
6.357939999999392967e+03 6.997808814048767090e-02 6.611415185034275055e-03
6.359419999999392530e+03 5.837967246770858765e-02 5.950330756604671478e-03
6.360899999999392094e+03 6.040598079562187195e-02 7.302402518689632416e-03
6.362379999999391657e+03 7.724063843488693237e-02 1.050048414617776871e-02
6.363859999999391221e+03 7.205612212419509888e-02 1.101664267480373383e-02
6.365339999999390784e+03 5.776572227478027344e-02 8.501328527927398682e-03
6.366819999999390348e+03 5.151754245162010193e-02 6.146294996142387390e-03
6.368299999999389911e+03 6.890521943569183350e-02 6.263425573706626892e-03
6.369779999999389474e+03 6.971278041601181030e-02 6.290828343480825424e-03
6.371259999999389038e+03 6.047536805272102356e-02 6.070640869438648224e-03
6.372739999999388601e+03 6.602992862462997437e-02 6.264336407184600830e-03
6.374219999999388165e+03 6.048610806465148926e-02 6.012292113155126572e-03
6.375699999999387728e+03 6.356374919414520264e-02 6.121489219367504120e-03
6.377179999999387292e+03 5.862841010093688965e-02 6.955260410904884338e-03
6.378659999999386855e+03 5.741523206233978271e-02 1.091530453413724899e-02
6.380139999999386418e+03 6.082273274660110474e-02 1.063716504722833633e-02
6.381619999999385982e+03 5.090167373418807983e-02 5.735478829592466354e-03
6.383099999999385545e+03 6.167537719011306763e-02 6.076098885387182236e-03
6.384579999999385109e+03 6.594499945640563965e-02 6.390337832272052765e-03
6.386059999999384672e+03 7.498624175786972046e-02 6.809064652770757675e-03
6.387539999999384236e+03 6.521186977624893188e-02 6.395240314304828644e-03
6.389019999999383799e+03 5.656131356954574585e-02 5.897170864045619965e-03
6.390499999999383363e+03 5.546784400939941406e-02 5.820473190397024155e-03
6.391979999999382926e+03 6.265368312597274780e-02 6.062352098524570465e-03
6.393459999999382489e+03 5.567312240600585938e-02 5.869724787771701813e-03
6.394939999999382053e+03 5.939706414937973022e-02 5.965522024780511856e-03
6.396419999999381616e+03 5.641602724790573120e-02 5.880990065634250641e-03
6.397899999999381180e+03 5.645652860403060913e-02 5.824797786772251129e-03
6.399379999999380743e+03 6.843760609626770020e-02 6.195698864758014679e-03
6.400859999999380307e+03 6.485149264335632324e-02 6.083990912884473801e-03
6.402339999999379870e+03 5.684975162148475647e-02 5.787597503513097763e-03
6.403819999999379434e+03 5.688299238681793213e-02 5.807301029562950134e-03
6.405299999999378997e+03 5.863349884748458862e-02 5.883334670215845108e-03
6.406779999999378560e+03 6.411784142255783081e-02 6.073205266147851944e-03
6.408259999999378124e+03 6.641164422035217285e-02 6.109824869781732559e-03
6.409739999999377687e+03 5.540185794234275818e-02 5.762026179581880569e-03
6.411219999999377251e+03 6.141817569732666016e-02 6.025695707648992538e-03
6.412699999999376814e+03 7.391975820064544678e-02 6.484010256826877594e-03
6.414179999999376378e+03 6.189689785242080688e-02 6.067764945328235626e-03
6.415659999999375941e+03 5.695274099707603455e-02 5.814443342387676239e-03
6.417139999999375505e+03 5.976688116788864136e-02 5.958296358585357666e-03
6.418619999999375068e+03 6.188372522592544556e-02 6.128815002739429474e-03
6.420099999999374631e+03 6.675535440444946289e-02 6.313060875982046127e-03
6.421579999999374195e+03 6.985377520322799683e-02 6.351725198328495026e-03
6.423059999999373758e+03 5.963546782732009888e-02 5.877112969756126404e-03
6.424539999999373322e+03 6.549666821956634521e-02 6.092253606766462326e-03
6.426019999999372885e+03 5.165065824985504150e-02 5.634481552988290787e-03
6.427499999999372449e+03 5.080357566475868225e-02 5.631705280393362045e-03
6.428979999999372012e+03 6.129788234829902649e-02 5.918433424085378647e-03
6.430459999999371576e+03 5.400639772415161133e-02 5.692665465176105499e-03
6.431939999999371139e+03 6.254042685031890869e-02 5.988627672195434570e-03
6.433419999999370702e+03 6.635095924139022827e-02 6.137930788099765778e-03
6.434899999999370266e+03 5.952804163098335266e-02 5.925138015300035477e-03
6.436379999999369829e+03 6.053987145423889160e-02 5.943210795521736145e-03
6.437859999999369393e+03 6.918346881866455078e-02 6.219450850039720535e-03
6.439339999999368956e+03 6.690173596143722534e-02 6.136782933026552200e-03
6.440819999999368520e+03 6.648600101470947266e-02 6.063670851290225983e-03
6.442299999999368083e+03 5.617769807577133179e-02 5.752587690949440002e-03
6.443779999999367647e+03 5.011803656816482544e-02 5.585389211773872375e-03
6.445259999999367210e+03 5.875865370035171509e-02 5.871745757758617401e-03
6.446739999999366773e+03 6.073785573244094849e-02 5.911184940487146378e-03
6.448219999999366337e+03 5.797965079545974731e-02 5.840716417878866196e-03
6.449699999999365900e+03 6.055782362818717957e-02 5.960483569651842117e-03
6.451179999999365464e+03 5.506346002221107483e-02 5.803681910037994385e-03
6.452659999999365027e+03 5.501259118318557739e-02 5.821818951517343521e-03
6.454139999999364591e+03 6.299076229333877563e-02 6.082517560571432114e-03
6.455619999999364154e+03 5.453734099864959717e-02 5.799243226647377014e-03
6.457099999999363718e+03 5.534707009792327881e-02 5.835272371768951416e-03
6.458579999999363281e+03 6.080052256584167480e-02 6.000552326440811157e-03
6.460059999999362844e+03 5.182570964097976685e-02 5.628342274576425552e-03
6.461539999999362408e+03 5.960082262754440308e-02 6.065762601792812347e-03
6.463019999999361971e+03 6.001912429928779602e-02 6.313071586191654205e-03
6.464499999999361535e+03 6.770521402359008789e-02 6.799591239541769028e-03
6.465979999999361098e+03 7.085364311933517456e-02 6.779258139431476593e-03
6.467459999999360662e+03 6.834430992603302002e-02 6.533345207571983337e-03
6.468939999999360225e+03 5.429132282733917236e-02 6.230288185179233551e-03
6.470419999999359788e+03 5.691659823060035706e-02 6.482524331659078598e-03
6.471899999999359352e+03 6.040154024958610535e-02 6.297798827290534973e-03
6.473379999999358915e+03 5.403398722410202026e-02 5.803005304187536240e-03
6.474859999999358479e+03 5.232452601194381714e-02 5.662228912115097046e-03
6.476339999999358042e+03 5.720933899283409119e-02 5.939201917499303818e-03
6.477819999999357606e+03 5.823586881160736084e-02 6.045128684490919113e-03
6.479299999999357169e+03 5.495781823992729187e-02 5.781355779618024826e-03
6.480779999999356733e+03 6.079152971506118774e-02 5.847932770848274231e-03
6.482259999999356296e+03 5.731427669525146484e-02 5.710866767913103104e-03
6.483739999999355859e+03 5.970039963722229004e-02 5.801402498036623001e-03
6.485219999999355423e+03 6.578348577022552490e-02 6.004391238093376160e-03
6.486699999999354986e+03 5.922966077923774719e-02 5.831959657371044159e-03
6.488179999999354550e+03 6.369099766016006470e-02 5.999804474413394928e-03
6.489659999999354113e+03 6.700540333986282349e-02 6.065490189939737320e-03
6.491139999999353677e+03 5.649008601903915405e-02 5.718820728361606598e-03
6.492619999999353240e+03 5.385993421077728271e-02 5.632286425679922104e-03
6.494099999999352804e+03 5.438209325075149536e-02 5.636353511363267899e-03
6.495579999999352367e+03 6.229092925786972046e-02 6.253521889448165894e-03
6.497059999999351930e+03 6.820736080408096313e-02 7.143139839172363281e-03
6.498539999999351494e+03 5.754782259464263916e-02 7.082939613610506058e-03
6.500019999999351057e+03 5.679702758789062500e-02 6.419185549020767212e-03
6.501499999999350621e+03 6.907045841217041016e-02 6.276058498769998550e-03
6.502979999999350184e+03 7.744371891021728516e-02 6.707969121634960175e-03
6.504459999999349748e+03 6.156921386718750000e-02 6.313181482255458832e-03
6.505939999999349311e+03 6.432850658893585205e-02 6.275829393416643143e-03
6.507419999999348875e+03 5.830800533294677734e-02 5.855143535882234573e-03
6.508899999999348438e+03 5.839863419532775879e-02 5.772607401013374329e-03
6.510379999999348001e+03 5.467986315488815308e-02 5.688446573913097382e-03
6.511859999999347565e+03 5.969468876719474792e-02 5.971436388790607452e-03
6.513339999999347128e+03 5.681837350130081177e-02 5.905197467654943466e-03
6.514819999999346692e+03 6.025265157222747803e-02 5.922744516283273697e-03
6.516299999999346255e+03 6.541252136230468750e-02 6.010028533637523651e-03
6.517779999999345819e+03 5.308190360665321350e-02 5.563622340559959412e-03
6.519259999999345382e+03 5.972235649824142456e-02 5.898810457438230515e-03
6.520739999999344946e+03 6.466133892536163330e-02 6.246040575206279755e-03
6.522219999999344509e+03 5.469609797000885010e-02 5.926075857132673264e-03
6.523699999999344072e+03 5.732290446758270264e-02 5.923142656683921814e-03
6.525179999999343636e+03 6.900954991579055786e-02 6.228433456271886826e-03
6.526659999999343199e+03 6.798721849918365479e-02 6.143808364868164062e-03
6.528139999999342763e+03 6.186179071664810181e-02 5.857225041836500168e-03
6.529619999999342326e+03 5.614329129457473755e-02 5.955410189926624298e-03
6.531099999999341890e+03 4.994665831327438354e-02 6.354568526148796082e-03
6.532579999999341453e+03 6.666009128093719482e-02 7.069545798003673553e-03
6.534059999999341017e+03 5.941671133041381836e-02 6.442062091082334518e-03
6.535539999999340580e+03 4.616825282573699951e-02 5.468963179737329483e-03
6.537019999999340143e+03 5.965913832187652588e-02 5.859728436917066574e-03
6.538499999999339707e+03 5.847853794693946838e-02 5.785238929092884064e-03
6.539979999999339270e+03 5.642203986644744873e-02 5.787660833448171616e-03
6.541459999999338834e+03 5.973776429891586304e-02 6.035701837390661240e-03
6.542939999999338397e+03 6.979502737522125244e-02 6.517374888062477112e-03
6.544419999999337961e+03 5.531995743513107300e-02 6.094440817832946777e-03
6.545899999999337524e+03 5.787577480077743530e-02 5.935410037636756897e-03
6.547379999999337088e+03 6.376301497220993042e-02 5.989647004753351212e-03
6.548859999999336651e+03 5.679852515459060669e-02 5.786778405308723450e-03
6.550339999999336214e+03 4.754403233528137207e-02 5.690529011189937592e-03
6.551819999999335778e+03 5.720613524317741394e-02 6.720629520714282990e-03
6.553299999999335341e+03 6.274789571762084961e-02 7.103878073394298553e-03
6.554779999999334905e+03 6.041060388088226318e-02 6.524608470499515533e-03
6.556259999999334468e+03 5.652108043432235718e-02 5.761128850281238556e-03
6.557739999999334032e+03 4.684544727206230164e-02 5.330984946340322495e-03
6.559219999999333595e+03 5.984637886285781860e-02 5.804958753287792206e-03
6.560699999999333158e+03 7.806751132011413574e-02 6.448924541473388672e-03
6.562179999999332722e+03 7.257103919982910156e-02 6.338508799672126770e-03
6.563659999999332285e+03 6.533409655094146729e-02 6.034824531525373459e-03
6.565139999999331849e+03 6.289471685886383057e-02 5.949025042355060577e-03
6.566619999999331412e+03 6.343980133533477783e-02 6.161862052977085114e-03
6.568099999999330976e+03 6.102025136351585388e-02 6.216266658157110214e-03
6.569579999999330539e+03 6.593563407659530640e-02 6.256086286157369614e-03
6.571059999999330103e+03 6.218437105417251587e-02 5.949398502707481384e-03
6.572539999999329666e+03 6.491691619157791138e-02 6.025378126651048660e-03
6.574019999999329229e+03 6.244070455431938171e-02 6.069792900234460831e-03
6.575499999999328793e+03 6.404525041580200195e-02 6.600031163543462753e-03
6.576979999999328356e+03 5.866967886686325073e-02 6.684623192995786667e-03
6.578459999999327920e+03 5.952604115009307861e-02 6.347931455820798874e-03
6.579939999999327483e+03 6.196095421910285950e-02 5.996978841722011566e-03
6.581419999999327047e+03 6.520023196935653687e-02 6.069942843168973923e-03
6.582899999999326610e+03 6.252729892730712891e-02 5.995574872940778732e-03
6.584379999999326174e+03 5.575300008058547974e-02 5.732007790356874466e-03
6.585859999999325737e+03 6.058089435100555420e-02 5.874610971659421921e-03
6.587339999999325300e+03 4.933544248342514038e-02 5.463746376335620880e-03
6.588819999999324864e+03 4.765352606773376465e-02 5.372213199734687805e-03
6.590299999999324427e+03 5.643559992313385010e-02 5.726268049329519272e-03
6.591779999999323991e+03 5.900270491838455200e-02 5.789510905742645264e-03
6.593259999999323554e+03 6.346652656793594360e-02 5.927519407123327255e-03
6.594739999999323118e+03 6.216572225093841553e-02 6.034806836396455765e-03
6.596219999999322681e+03 6.120355054736137390e-02 6.107646971940994263e-03
6.597699999999322245e+03 6.565867364406585693e-02 6.139098200947046280e-03
6.599179999999321808e+03 6.248833239078521729e-02 5.928401835262775421e-03
6.600659999999321371e+03 6.325445324182510376e-02 6.049907300621271133e-03
6.602139999999320935e+03 5.501781776547431946e-02 6.022839341312646866e-03
6.603619999999320498e+03 5.500999838113784790e-02 6.155270617455244064e-03
6.605099999999320062e+03 5.545786768198013306e-02 5.960350856184959412e-03
6.606579999999319625e+03 6.443955749273300171e-02 6.027042400091886520e-03
6.608059999999319189e+03 6.472682207822799683e-02 6.004301365464925766e-03
6.609539999999318752e+03 6.898309290409088135e-02 6.124062929302453995e-03
6.611019999999318316e+03 6.366033107042312622e-02 5.952171050012111664e-03
6.612499999999317879e+03 5.498909950256347656e-02 5.677485838532447815e-03
6.613979999999317442e+03 6.184808164834976196e-02 5.871884990483522415e-03
6.615459999999317006e+03 6.874258816242218018e-02 6.151663139462471008e-03
6.616939999999316569e+03 5.736108124256134033e-02 5.761319771409034729e-03
6.618419999999316133e+03 5.984913557767868042e-02 5.853435955941677094e-03
6.619899999999315696e+03 6.334916502237319946e-02 5.988073069602251053e-03
6.621379999999315260e+03 6.129139289259910583e-02 5.924654193222522736e-03
6.622859999999314823e+03 6.050196290016174316e-02 5.861141718924045563e-03
6.624339999999314387e+03 5.841326713562011719e-02 5.788145121186971664e-03
6.625819999999313950e+03 6.693136692047119141e-02 6.156003102660179138e-03
6.627299999999313513e+03 6.707039475440979004e-02 6.175122223794460297e-03
6.628779999999313077e+03 5.241223797202110291e-02 5.581163335591554642e-03
6.630259999999312640e+03 5.160684883594512939e-02 5.543814506381750107e-03
6.631739999999312204e+03 6.166993081569671631e-02 5.987762007862329483e-03
6.633219999999311767e+03 6.011351197957992554e-02 6.017944775521755219e-03
6.634699999999311331e+03 5.857008695602416992e-02 5.933207459747791290e-03
6.636179999999310894e+03 6.200661510229110718e-02 5.973819643259048462e-03
6.637659999999310457e+03 5.243635922670364380e-02 5.586428102105855942e-03
6.639139999999310021e+03 6.033218652009963989e-02 5.814322736114263535e-03
6.640619999999309584e+03 4.693922400474548340e-02 5.300902295857667923e-03
6.642099999999309148e+03 5.777774751186370850e-02 5.672908853739500046e-03
6.643579999999308711e+03 5.834021419286727905e-02 5.715290084481239319e-03
6.645059999999308275e+03 5.514605343341827393e-02 5.620937794446945190e-03
6.646539999999307838e+03 7.397753745317459106e-02 6.290594115853309631e-03
6.648019999999307402e+03 6.608821451663970947e-02 6.039647385478019714e-03
6.649499999999306965e+03 5.380305647850036621e-02 5.622442346066236496e-03
6.650979999999306528e+03 5.743018537759780884e-02 5.827622488141059875e-03
6.652459999999306092e+03 6.437639892101287842e-02 5.976239219307899475e-03
6.653939999999305655e+03 6.266643106937408447e-02 5.911719519644975662e-03
6.655419999999305219e+03 6.193739920854568481e-02 5.906427279114723206e-03
6.656899999999304782e+03 5.733062326908111572e-02 5.721641704440116882e-03
6.658379999999304346e+03 5.419082939624786377e-02 5.632629618048667908e-03
6.659859999999303909e+03 6.375657021999359131e-02 5.973160732537508011e-03
6.661339999999303473e+03 6.646482646465301514e-02 6.061930675059556961e-03
6.662819999999303036e+03 6.588048487901687622e-02 5.998825654387474060e-03
6.664299999999302599e+03 6.840214878320693970e-02 6.086871027946472168e-03
6.665779999999302163e+03 5.946272611618041992e-02 5.912332329899072647e-03
6.667259999999301726e+03 6.364572793245315552e-02 6.093368399888277054e-03
6.668739999999301290e+03 6.992893666028976440e-02 6.223232485353946686e-03
6.670219999999300853e+03 5.819353833794593811e-02 5.799957551062107086e-03
6.671699999999300417e+03 6.559902429580688477e-02 5.997518077492713928e-03
6.673179999999299980e+03 5.981124192476272583e-02 5.773507524281740189e-03
6.674659999999299544e+03 5.411875993013381958e-02 5.591464694589376450e-03
6.676139999999299107e+03 6.960529088973999023e-02 6.144936662167310715e-03
6.677619999999298670e+03 6.178507208824157715e-02 5.845733918249607086e-03
6.679099999999298234e+03 6.007356196641921997e-02 5.809543654322624207e-03
6.680579999999297797e+03 5.217794328927993774e-02 5.539644043892621994e-03
6.682059999999297361e+03 5.946071445941925049e-02 5.813420284539461136e-03
6.683539999999296924e+03 5.938416719436645508e-02 5.812231916934251785e-03
6.685019999999296488e+03 6.398937851190567017e-02 5.932995583862066269e-03
6.686499999999296051e+03 6.645380705595016479e-02 6.041093729436397552e-03
6.687979999999295615e+03 6.439415365457534790e-02 5.986412521451711655e-03
6.689459999999295178e+03 7.278977334499359131e-02 6.241286639124155045e-03
6.690939999999294741e+03 7.050931453704833984e-02 6.139006931334733963e-03
6.692419999999294305e+03 6.404417753219604492e-02 5.921520292758941650e-03
6.693899999999293868e+03 6.270281970500946045e-02 5.854696035385131836e-03
6.695379999999293432e+03 5.296817049384117126e-02 5.523310042917728424e-03
6.696859999999292995e+03 5.233209580183029175e-02 5.655623041093349457e-03
6.698339999999292559e+03 6.400117278099060059e-02 6.067255511879920959e-03
6.699819999999292122e+03 7.071012258529663086e-02 6.220478098839521408e-03
6.701299999999291686e+03 6.301237642765045166e-02 5.924495868384838104e-03
6.702779999999291249e+03 6.602913141250610352e-02 6.055609323084354401e-03
6.704259999999290812e+03 6.106600910425186157e-02 5.866156425327062607e-03
6.705739999999290376e+03 5.755655467510223389e-02 5.761851556599140167e-03
6.707219999999289939e+03 6.006119400262832642e-02 5.834299139678478241e-03
6.708699999999289503e+03 5.551153421401977539e-02 5.637567024677991867e-03
6.710179999999289066e+03 6.248199194669723511e-02 5.873320158571004868e-03
6.711659999999288630e+03 5.963880196213722229e-02 5.794164258986711502e-03
6.713139999999288193e+03 6.329795718193054199e-02 5.971148610115051270e-03
6.714619999999287757e+03 6.816285103559494019e-02 6.125420797616243362e-03
6.716099999999287320e+03 6.767165660858154297e-02 6.106912624090909958e-03
6.717579999999286883e+03 5.675943940877914429e-02 5.691763013601303101e-03
6.719059999999286447e+03 5.833231657743453979e-02 5.740144290030002594e-03
6.720539999999286010e+03 6.307773292064666748e-02 5.927193909883499146e-03
6.722019999999285574e+03 5.642811208963394165e-02 5.682272370904684067e-03
6.723499999999285137e+03 6.024048104882240295e-02 5.764995235949754715e-03
6.724979999999284701e+03 6.443843245506286621e-02 5.966797936707735062e-03
6.726459999999284264e+03 6.312817335128784180e-02 5.912211723625659943e-03
6.727939999999283827e+03 6.078583002090454102e-02 5.832543596625328064e-03
6.729419999999283391e+03 5.665119737386703491e-02 5.700920242816209793e-03
6.730899999999282954e+03 6.181737780570983887e-02 5.900383926928043365e-03
6.732379999999282518e+03 6.202886253595352173e-02 5.891425535082817078e-03
6.733859999999282081e+03 6.848096102476119995e-02 6.061028689146041870e-03
6.735339999999281645e+03 6.622301042079925537e-02 6.004514172673225403e-03
6.736819999999281208e+03 6.700287759304046631e-02 6.008604075759649277e-03
6.738299999999280772e+03 5.854614078998565674e-02 5.798800382763147354e-03
6.739779999999280335e+03 5.428304523229598999e-02 5.626809783279895782e-03
6.741259999999279898e+03 5.340728536248207092e-02 5.644165445119142532e-03
6.742739999999279462e+03 6.575779616832733154e-02 6.051117088645696640e-03
6.744219999999279025e+03 5.753081291913986206e-02 5.791396368294954300e-03
6.745699999999278589e+03 6.037015467882156372e-02 5.894987843930721283e-03
6.747179999999278152e+03 6.721687316894531250e-02 6.091154180467128754e-03
6.748659999999277716e+03 6.585167348384857178e-02 5.994429811835289001e-03
6.750139999999277279e+03 6.569731235504150391e-02 5.956337321549654007e-03
6.751619999999276843e+03 6.306773424148559570e-02 5.894167814403772354e-03
6.753099999999276406e+03 6.257047504186630249e-02 5.891524720937013626e-03
6.754579999999275969e+03 6.724777817726135254e-02 6.030899938195943832e-03
6.756059999999275533e+03 6.613811850547790527e-02 6.027602590620517731e-03
6.757539999999275096e+03 6.289321929216384888e-02 5.958248861134052277e-03
6.759019999999274660e+03 6.242658570408821106e-02 5.898276809602975845e-03
6.760499999999274223e+03 5.568237602710723877e-02 5.719060543924570084e-03
6.761979999999273787e+03 6.028004735708236694e-02 5.824818741530179977e-03
6.763459999999273350e+03 5.145499855279922485e-02 5.480142775923013687e-03
6.764939999999272914e+03 5.300577729940414429e-02 5.479722283780574799e-03
6.766419999999272477e+03 5.986396595835685730e-02 5.756824277341365814e-03
6.767899999999272040e+03 5.591665208339691162e-02 5.602673161774873734e-03
6.769379999999271604e+03 6.982232630252838135e-02 6.130570080131292343e-03
6.770859999999271167e+03 6.365694105625152588e-02 5.924298427999019623e-03
6.772339999999270731e+03 5.966539680957794189e-02 5.795480683445930481e-03
6.773819999999270294e+03 6.343699991703033447e-02 5.949879530817270279e-03
6.775299999999269858e+03 6.844811141490936279e-02 6.117007695138454437e-03
6.776779999999269421e+03 6.302194297313690186e-02 5.884069483727216721e-03
6.778259999999268985e+03 6.380946934223175049e-02 5.922126118093729019e-03
6.779739999999268548e+03 6.034609675407409668e-02 5.790454335510730743e-03
6.781219999999268111e+03 6.567346304655075073e-02 5.967272445559501648e-03
6.782699999999267675e+03 6.498734652996063232e-02 5.953205749392509460e-03
6.784179999999267238e+03 5.014911293983459473e-02 5.476125050336122513e-03
6.785659999999266802e+03 4.631613940000534058e-02 5.339252762496471405e-03
6.787139999999266365e+03 5.614368990063667297e-02 5.660273600369691849e-03
6.788619999999265929e+03 6.774111092090606689e-02 6.086580920964479446e-03
6.790099999999265492e+03 5.902247130870819092e-02 5.809625145047903061e-03
6.791579999999265056e+03 6.536361575126647949e-02 5.939047317951917648e-03
6.793059999999264619e+03 6.301798671483993530e-02 5.829063244163990021e-03
6.794539999999264182e+03 6.414535641670227051e-02 5.908975377678871155e-03
6.796019999999263746e+03 6.161410734057426453e-02 5.803655367344617844e-03
6.797499999999263309e+03 6.275967508554458618e-02 5.859298631548881531e-03
6.798979999999262873e+03 6.100448220968246460e-02 5.776274483650922775e-03
6.800459999999262436e+03 7.103656232357025146e-02 6.122364662587642670e-03
6.801939999999262000e+03 6.429840624332427979e-02 5.968432407826185226e-03
6.803419999999261563e+03 5.844539031386375427e-02 5.773599725216627121e-03
6.804899999999261127e+03 6.133506074547767639e-02 5.824753548949956894e-03
6.806379999999260690e+03 6.211537867784500122e-02 5.842990707606077194e-03
6.807859999999260253e+03 6.091462820768356323e-02 5.807520356029272079e-03
6.809339999999259817e+03 5.982086807489395142e-02 5.751560442149639130e-03
6.810819999999259380e+03 6.887218356132507324e-02 6.059303414076566696e-03
6.812299999999258944e+03 6.924103200435638428e-02 6.089870352298021317e-03
6.813779999999258507e+03 5.816640704870223999e-02 5.673896521329879761e-03
6.815259999999258071e+03 5.641282349824905396e-02 5.639734212309122086e-03
6.816739999999257634e+03 7.284078001976013184e-02 6.242579780519008636e-03
6.818219999999257197e+03 1.035504043102264404e-01 7.140867877751588821e-03
6.819699999999256761e+03 1.075776368379592896e-01 7.220630068331956863e-03
6.821179999999256324e+03 8.169946074485778809e-02 6.464122794568538666e-03
6.822659999999255888e+03 6.004640460014343262e-02 5.772845819592475891e-03
6.824139999999255451e+03 5.927562713623046875e-02 5.921647418290376663e-03
6.825619999999255015e+03 6.024663895368576050e-02 6.462118122726678848e-03
6.827099999999254578e+03 4.999037086963653564e-02 7.029890082776546478e-03
6.828579999999254142e+03 7.065550982952117920e-02 7.706887554377317429e-03
6.830059999999253705e+03 4.679844528436660767e-02 6.462555844336748123e-03
6.831539999999253268e+03 1.067756861448287964e-01 8.264060132205486298e-03
6.833019999999252832e+03 4.316349923610687256e-01 1.424629520624876022e-02
6.834499999999252395e+03 5.807431936264038086e-01 1.599244028329849243e-02
6.835979999999251959e+03 3.844691514968872070e-01 1.297950837761163712e-02
6.837459999999251522e+03 9.405806660652160645e-02 6.841079797595739365e-03
6.838939999999251086e+03 6.266453862190246582e-02 6.177212111651897430e-03
6.840419999999250649e+03 5.944585427641868591e-02 6.159148644655942917e-03
6.841899999999250213e+03 5.267652124166488647e-02 5.889155436307191849e-03
6.843379999999249776e+03 5.881148949265480042e-02 5.822618957608938217e-03
6.844859999999249339e+03 6.068558245897293091e-02 5.777050741016864777e-03
6.846339999999248903e+03 4.940096661448478699e-02 5.416358821094036102e-03
6.847819999999248466e+03 5.779524147510528564e-02 5.769321229308843613e-03
6.849299999999248030e+03 5.686275660991668701e-02 5.728558171540498734e-03
6.850779999999247593e+03 6.314945966005325317e-02 5.955839529633522034e-03
6.852259999999247157e+03 7.127261161804199219e-02 6.187229417264461517e-03
6.853739999999246720e+03 1.171622276306152344e-01 7.465212605893611908e-03
6.855219999999246284e+03 2.292564064264297485e-01 1.005101762712001801e-02
6.856699999999245847e+03 2.171779870986938477e-01 9.764232672750949860e-03
6.858179999999245410e+03 1.202400997281074524e-01 7.541544735431671143e-03
6.859659999999244974e+03 5.644539371132850647e-02 6.072402000427246094e-03
6.861139999999244537e+03 6.143381446599960327e-02 7.537066005170345306e-03
6.862619999999244101e+03 6.805638968944549561e-02 8.577942848205566406e-03
6.864099999999243664e+03 5.014972388744354248e-02 7.773769088089466095e-03
6.865579999999243228e+03 4.119922220706939697e-02 5.860086064785718918e-03
6.867059999999242791e+03 4.064282774925231934e-02 5.042916629463434219e-03
6.868539999999242355e+03 3.852662444114685059e-02 5.086591467261314392e-03
6.870019999999241918e+03 4.338695108890533447e-02 5.396718624979257584e-03
6.871499999999241481e+03 4.535479843616485596e-02 5.346626508980989456e-03
6.872979999999241045e+03 4.365333914756774902e-02 5.082067102193832397e-03
6.874459999999240608e+03 5.250462144613265991e-02 5.400963593274354935e-03
6.875939999999240172e+03 5.423464626073837280e-02 5.449930205941200256e-03
6.877419999999239735e+03 5.404876917600631714e-02 5.563196260482072830e-03
6.878899999999239299e+03 6.520368903875350952e-02 6.158264353871345520e-03
6.880379999999238862e+03 4.358068481087684631e-02 5.585692357271909714e-03
6.881859999999238426e+03 7.054074108600616455e-02 6.284424103796482086e-03
6.883339999999237989e+03 6.048947572708129883e-02 5.788736045360565186e-03
6.884819999999237552e+03 5.006054416298866272e-02 5.368895363062620163e-03
6.886299999999237116e+03 5.686087161302566528e-02 5.922593176364898682e-03
6.887779999999236679e+03 6.291052699089050293e-02 6.453598383814096451e-03
6.889259999999236243e+03 5.620004236698150635e-02 6.232019513845443726e-03
6.890739999999235806e+03 4.744281247258186340e-02 5.497702863067388535e-03
6.892219999999235370e+03 5.239922925829887390e-02 5.488347262144088745e-03
6.893699999999234933e+03 5.844431370496749878e-02 5.667246878147125244e-03
6.895179999999234496e+03 5.693979561328887939e-02 5.578821059316396713e-03
6.896659999999234060e+03 5.519964545965194702e-02 5.681924521923065186e-03
6.898139999999233623e+03 6.055062264204025269e-02 6.119163706898689270e-03
6.899619999999233187e+03 6.486915796995162964e-02 6.496810354292392731e-03
6.901099999999232750e+03 5.674428492784500122e-02 6.204660516232252121e-03
6.902579999999232314e+03 4.979525506496429443e-02 5.531459581106901169e-03
6.904059999999231877e+03 5.441122502088546753e-02 5.536385811865329742e-03
6.905539999999231441e+03 5.665380135178565979e-02 5.582516547292470932e-03
6.907019999999231004e+03 5.584648996591567993e-02 5.580222699791193008e-03
6.908499999999230567e+03 5.837541818618774414e-02 5.693253129720687866e-03
6.909979999999230131e+03 5.717023462057113647e-02 6.181726232171058655e-03
6.911459999999229694e+03 6.610553711652755737e-02 6.834233179688453674e-03
6.912939999999229258e+03 6.043431162834167480e-02 6.439254619181156158e-03
6.914419999999228821e+03 6.506106257438659668e-02 6.099842488765716553e-03
6.915899999999228385e+03 6.415143609046936035e-02 5.867539905011653900e-03
6.917379999999227948e+03 5.708070099353790283e-02 5.632195156067609787e-03
6.918859999999227512e+03 5.803410708904266357e-02 5.703294649720191956e-03
6.920339999999227075e+03 6.410282105207443237e-02 6.740946322679519653e-03
6.921819999999226638e+03 6.587772071361541748e-02 7.528886664658784866e-03
6.923299999999226202e+03 6.776998937129974365e-02 7.375100627541542053e-03
6.924779999999225765e+03 6.323136389255523682e-02 6.293809507042169571e-03
6.926259999999225329e+03 5.474920570850372314e-02 5.672971718013286591e-03
6.927739999999224892e+03 6.111207604408264160e-02 5.828373599797487259e-03
6.929219999999224456e+03 5.773995071649551392e-02 5.723407026380300522e-03
6.930699999999224019e+03 5.231481045484542847e-02 5.449074320495128632e-03
6.932179999999223583e+03 5.222521722316741943e-02 5.433815531432628632e-03
6.933659999999223146e+03 6.511452049016952515e-02 5.858195945620536804e-03
6.935139999999222709e+03 5.957826972007751465e-02 5.767468828707933426e-03
6.936619999999222273e+03 5.656490102410316467e-02 6.017234176397323608e-03
6.938099999999221836e+03 5.859025567770004272e-02 6.519983056932687759e-03
6.939579999999221400e+03 5.721314996480941772e-02 6.420942489057779312e-03
6.941059999999220963e+03 5.137207359075546265e-02 5.695953033864498138e-03
6.942539999999220527e+03 5.649862438440322876e-02 5.635085515677928925e-03
6.944019999999220090e+03 5.965288728475570679e-02 5.732566583901643753e-03
6.945499999999219654e+03 4.720104485750198364e-02 5.755703896284103394e-03
6.946979999999219217e+03 5.970073118805885315e-02 7.304280065000057220e-03
6.948459999999218780e+03 7.424713671207427979e-02 7.959394715726375580e-03
6.949939999999218344e+03 6.578215956687927246e-02 6.960069295018911362e-03
6.951419999999217907e+03 5.961512774229049683e-02 5.911192391067743301e-03
6.952899999999217471e+03 5.662599205970764160e-02 5.698604974895715714e-03
6.954379999999217034e+03 5.483551323413848877e-02 5.650419276207685471e-03
6.955859999999216598e+03 5.353308096528053284e-02 5.602183751761913300e-03
6.957339999999216161e+03 6.451983749866485596e-02 5.954975262284278870e-03
6.958819999999215725e+03 5.792553722858428955e-02 5.710853263735771179e-03
6.960299999999215288e+03 5.566892772912979126e-02 5.638692062348127365e-03
6.961779999999214851e+03 6.033454090356826782e-02 5.759023129940032959e-03
6.963259999999214415e+03 6.599631905555725098e-02 5.993241909891366959e-03
6.964739999999213978e+03 6.753694266080856323e-02 6.062932778149843216e-03
6.966219999999213542e+03 6.029731035232543945e-02 5.896319169551134109e-03
6.967699999999213105e+03 5.911344662308692932e-02 6.186787970364093781e-03
6.969179999999212669e+03 6.878837943077087402e-02 6.608973257243633270e-03
6.970659999999212232e+03 6.968815624713897705e-02 6.387903355062007904e-03
6.972139999999211796e+03 6.041157245635986328e-02 5.799861159175634384e-03
6.973619999999211359e+03 5.769022554159164429e-02 5.663435440510511398e-03
6.975099999999210922e+03 5.946546792984008789e-02 6.100066006183624268e-03
6.976579999999210486e+03 6.260439753532409668e-02 6.907138507813215256e-03
6.978059999999210049e+03 6.589955836534500122e-02 7.042850833386182785e-03
6.979539999999209613e+03 5.899177491664886475e-02 6.248348858207464218e-03
6.981019999999209176e+03 5.727830529212951660e-02 5.772110540419816971e-03
6.982499999999208740e+03 6.321798264980316162e-02 5.895306821912527084e-03
6.983979999999208303e+03 6.190172582864761353e-02 5.832429975271224976e-03
6.985459999999207866e+03 5.097791552543640137e-02 5.459048319607973099e-03
6.986939999999207430e+03 6.124188005924224854e-02 5.823904182761907578e-03
6.988419999999206993e+03 6.508413702249526978e-02 5.938774440437555313e-03
6.989899999999206557e+03 5.458388477563858032e-02 5.577650852501392365e-03
6.991379999999206120e+03 5.944875255227088928e-02 5.749099422246217728e-03
6.992859999999205684e+03 1.055631339550018311e-01 7.169652730226516724e-03
6.994339999999205247e+03 1.538046747446060181e-01 8.396849036216735840e-03
6.995819999999204811e+03 1.238234192132949829e-01 7.673555519431829453e-03
6.997299999999204374e+03 7.221204787492752075e-02 6.186364218592643738e-03
6.998779999999203937e+03 6.198525428771972656e-02 5.857880227267742157e-03
7.000259999999203501e+03 5.469529703259468079e-02 5.666170269250869751e-03
7.001739999999203064e+03 5.809517949819564819e-02 5.963189993053674698e-03
7.003219999999202628e+03 6.352020800113677979e-02 6.202446762472391129e-03
7.004699999999202191e+03 5.195148289203643799e-02 5.681482143700122833e-03
7.006179999999201755e+03 6.137192249298095703e-02 5.767640192061662674e-03
7.007659999999201318e+03 9.280374646186828613e-02 6.846116390079259872e-03
7.009139999999200882e+03 1.230839341878890991e-01 7.955249398946762085e-03
7.010619999999200445e+03 1.139936521649360657e-01 7.838413119316101074e-03
7.012099999999200008e+03 7.030685991048812866e-02 6.419839803129434586e-03
7.013579999999199572e+03 5.969335511326789856e-02 5.746670998632907867e-03
7.015059999999199135e+03 5.749151855707168579e-02 5.611871369183063507e-03
7.016539999999198699e+03 6.396681815385818481e-02 5.880857817828655243e-03
7.018019999999198262e+03 6.307650357484817505e-02 5.847439635545015335e-03
7.019499999999197826e+03 6.224635988473892212e-02 5.837560631334781647e-03
7.020979999999197389e+03 5.946707352995872498e-02 5.735136102885007858e-03
7.022459999999196953e+03 5.766761302947998047e-02 5.640707910060882568e-03
7.023939999999196516e+03 5.879939347505569458e-02 5.676043219864368439e-03
7.025419999999196079e+03 6.240956485271453857e-02 5.806170869618654251e-03
7.026899999999195643e+03 6.476067006587982178e-02 5.888149142265319824e-03
7.028379999999195206e+03 6.040853261947631836e-02 5.788516718894243240e-03
7.029859999999194770e+03 5.285146832466125488e-02 5.546420812606811523e-03
7.031339999999194333e+03 5.002979934215545654e-02 5.412744823843240738e-03
7.032819999999193897e+03 6.123610213398933411e-02 5.750488024204969406e-03
7.034299999999193460e+03 6.606709957122802734e-02 5.931009538471698761e-03
7.035779999999193024e+03 5.234567448496818542e-02 5.431671626865863800e-03
7.037259999999192587e+03 5.895933136343955994e-02 5.695357918739318848e-03
7.038739999999192150e+03 5.997446179389953613e-02 5.791426636278629303e-03
7.040219999999191714e+03 5.859410390257835388e-02 5.871620494872331619e-03
7.041699999999191277e+03 6.896199285984039307e-02 6.193350069224834442e-03
7.043179999999190841e+03 6.098388880491256714e-02 5.872853100299835205e-03
7.044659999999190404e+03 5.792767927050590515e-02 5.899508483707904816e-03
7.046139999999189968e+03 6.079097092151641846e-02 6.202449090778827667e-03
7.047619999999189531e+03 6.243702769279479980e-02 6.332142744213342667e-03
7.049099999999189095e+03 6.787859648466110229e-02 6.353786680847406387e-03
7.050579999999188658e+03 6.266169995069503784e-02 6.071463227272033691e-03
7.052059999999188221e+03 5.401642620563507080e-02 5.726639647036790848e-03
7.053539999999187785e+03 5.766600370407104492e-02 5.826862063258886337e-03
7.055019999999187348e+03 5.676943808794021606e-02 5.770533811300992966e-03
7.056499999999186912e+03 5.223232507705688477e-02 5.493603646755218506e-03
7.057979999999186475e+03 5.423863977193832397e-02 5.600966047495603561e-03
7.059459999999186039e+03 5.708341300487518311e-02 5.727071315050125122e-03
7.060939999999185602e+03 5.795928835868835449e-02 5.743877030909061432e-03
7.062419999999185166e+03 6.026978045701980591e-02 5.885766819119453430e-03
7.063899999999184729e+03 5.470692366361618042e-02 5.711927078664302826e-03
7.065379999999184292e+03 5.362071096897125244e-02 5.704201757907867432e-03
7.066859999999183856e+03 5.556970834732055664e-02 5.820422898977994919e-03
7.068339999999183419e+03 5.474196374416351318e-02 5.766713991761207581e-03
7.069819999999182983e+03 5.408787354826927185e-02 5.702890921384096146e-03
7.071299999999182546e+03 5.955271422863006592e-02 5.855736322700977325e-03
7.072779999999182110e+03 5.594343692064285278e-02 5.724553950130939484e-03
7.074259999999181673e+03 5.362471565604209900e-02 5.651638843119144440e-03
7.075739999999181236e+03 6.108215078711509705e-02 5.906134843826293945e-03
7.077219999999180800e+03 5.684434249997138977e-02 5.764409434050321579e-03
7.078699999999180363e+03 5.034561455249786377e-02 5.569928791373968124e-03
7.080179999999179927e+03 6.120687723159790039e-02 5.970038007944822311e-03
7.081659999999179490e+03 5.843698233366012573e-02 5.876521114259958267e-03
7.083139999999179054e+03 4.470196366310119629e-02 5.363088101148605347e-03
7.084619999999178617e+03 5.262335762381553650e-02 5.562384612858295441e-03
7.086099999999178181e+03 6.463325768709182739e-02 6.064600311219692230e-03
7.087579999999177744e+03 6.199460476636886597e-02 6.076864432543516159e-03
7.089059999999177307e+03 6.256286799907684326e-02 6.044631823897361755e-03
7.090539999999176871e+03 6.043386086821556091e-02 5.893848836421966553e-03
7.092019999999176434e+03 6.179514527320861816e-02 5.907137412577867508e-03
7.093499999999175998e+03 6.898465752601623535e-02 6.083026994019746780e-03
7.094979999999175561e+03 6.001041829586029053e-02 5.747137591242790222e-03
7.096459999999175125e+03 5.425164848566055298e-02 5.552050657570362091e-03
