4.300739999999999782e+03 -2.000000000000000000e+00 1.414213538169860840e+00
4.302219999999999345e+03 -2.000000000000000000e+00 1.414213538169860840e+00
4.303699999999998909e+03 -2.000000000000000000e+00 1.414213538169860840e+00
4.305179999999998472e+03 -2.000000000000000000e+00 1.414213538169860840e+00
4.306659999999998035e+03 -2.000000000000000000e+00 1.414213538169860840e+00
4.308139999999997599e+03 -2.000000000000000000e+00 1.414213538169860840e+00
4.309619999999997162e+03 -2.000000000000000000e+00 1.414213538169860840e+00
4.311099999999996726e+03 -2.000000000000000000e+00 1.414213538169860840e+00
4.312579999999996289e+03 -2.000000000000000000e+00 1.414213538169860840e+00
4.314059999999995853e+03 -2.000000000000000000e+00 1.414213538169860840e+00
4.315539999999995416e+03 -2.000000000000000000e+00 1.414213538169860840e+00
4.317019999999994980e+03 -2.000000000000000000e+00 1.414213538169860840e+00
4.318499999999994543e+03 -2.000000000000000000e+00 1.414213538169860840e+00
4.319979999999994106e+03 -2.000000000000000000e+00 1.414213538169860840e+00
4.321459999999993670e+03 -2.000000000000000000e+00 1.414213538169860840e+00
4.322939999999993233e+03 -2.000000000000000000e+00 1.414213538169860840e+00
4.324419999999992797e+03 -2.000000000000000000e+00 1.414213538169860840e+00
4.325899999999992360e+03 -2.000000000000000000e+00 1.414213538169860840e+00
4.327379999999991924e+03 -2.000000000000000000e+00 1.414213538169860840e+00
4.328859999999991487e+03 -2.000000000000000000e+00 1.414213538169860840e+00
4.330339999999991051e+03 -2.000000000000000000e+00 1.414213538169860840e+00
4.331819999999990614e+03 -2.000000000000000000e+00 1.414213538169860840e+00
4.333299999999990177e+03 -2.000000000000000000e+00 1.414213538169860840e+00
4.334779999999989741e+03 -2.000000000000000000e+00 1.414213538169860840e+00
4.336259999999989304e+03 -2.000000000000000000e+00 1.414213538169860840e+00
4.337739999999988868e+03 -2.000000000000000000e+00 1.414213538169860840e+00
4.339219999999988431e+03 -2.000000000000000000e+00 1.414213538169860840e+00
4.340699999999987995e+03 -2.000000000000000000e+00 1.414213538169860840e+00
4.342179999999987558e+03 -2.000000000000000000e+00 1.414213538169860840e+00
4.343659999999987122e+03 -2.000000000000000000e+00 1.414213538169860840e+00
4.345139999999986685e+03 -2.000000000000000000e+00 1.414213538169860840e+00
4.346619999999986248e+03 -2.000000000000000000e+00 1.414213538169860840e+00
4.348099999999985812e+03 -2.000000000000000000e+00 1.414213538169860840e+00
4.349579999999985375e+03 -2.000000000000000000e+00 1.414213538169860840e+00
4.351059999999984939e+03 -2.000000000000000000e+00 1.414213538169860840e+00
4.352539999999984502e+03 -2.000000000000000000e+00 1.414213538169860840e+00
4.354019999999984066e+03 -2.000000000000000000e+00 1.414213538169860840e+00
4.355499999999983629e+03 -2.000000000000000000e+00 1.414213538169860840e+00
4.356979999999983193e+03 -2.000000000000000000e+00 1.414213538169860840e+00
4.358459999999982756e+03 -2.000000000000000000e+00 1.414213538169860840e+00
4.359939999999982319e+03 -2.000000000000000000e+00 1.414213538169860840e+00
4.361419999999981883e+03 -2.000000000000000000e+00 1.414213538169860840e+00
4.362899999999981446e+03 -2.000000000000000000e+00 1.414213538169860840e+00
4.364379999999981010e+03 -2.000000000000000000e+00 1.414213538169860840e+00
4.365859999999980573e+03 -2.000000000000000000e+00 1.414213538169860840e+00
4.367339999999980137e+03 -2.000000000000000000e+00 1.414213538169860840e+00
4.368819999999979700e+03 -2.000000000000000000e+00 1.414213538169860840e+00
4.370299999999979264e+03 -2.000000000000000000e+00 1.414213538169860840e+00
4.371779999999978827e+03 -2.000000000000000000e+00 1.414213538169860840e+00
4.373259999999978390e+03 -2.000000000000000000e+00 1.414213538169860840e+00
4.374739999999977954e+03 -2.000000000000000000e+00 1.414213538169860840e+00
4.376219999999977517e+03 -2.000000000000000000e+00 1.414213538169860840e+00
4.377699999999977081e+03 -2.000000000000000000e+00 1.414213538169860840e+00
4.379179999999976644e+03 -2.000000000000000000e+00 1.414213538169860840e+00
4.380659999999976208e+03 -2.000000000000000000e+00 1.414213538169860840e+00
4.382139999999975771e+03 -2.000000000000000000e+00 1.414213538169860840e+00
4.383619999999975335e+03 -2.000000000000000000e+00 1.414213538169860840e+00
4.385099999999974898e+03 -2.000000000000000000e+00 1.414213538169860840e+00
4.386579999999974461e+03 -2.000000000000000000e+00 1.414213538169860840e+00
4.388059999999974025e+03 -2.000000000000000000e+00 1.414213538169860840e+00
4.389539999999973588e+03 -2.000000000000000000e+00 1.414213538169860840e+00
4.391019999999973152e+03 -2.000000000000000000e+00 1.414213538169860840e+00
4.392499999999972715e+03 -2.000000000000000000e+00 1.414213538169860840e+00
4.393979999999972279e+03 -2.000000000000000000e+00 1.414213538169860840e+00
4.395459999999971842e+03 -2.000000000000000000e+00 1.414213538169860840e+00
4.396939999999971405e+03 -2.000000000000000000e+00 1.414213538169860840e+00
4.398419999999970969e+03 -2.000000000000000000e+00 1.414213538169860840e+00
4.399899999999970532e+03 -2.000000000000000000e+00 1.414213538169860840e+00
4.401379999999970096e+03 -2.000000000000000000e+00 1.414213538169860840e+00
4.402859999999969659e+03 -2.000000000000000000e+00 1.414213538169860840e+00
4.404339999999969223e+03 -2.000000000000000000e+00 1.414213538169860840e+00
4.405819999999968786e+03 -2.000000000000000000e+00 1.414213538169860840e+00
4.407299999999968350e+03 -2.000000000000000000e+00 1.414213538169860840e+00
4.408779999999967913e+03 -2.000000000000000000e+00 1.414213538169860840e+00
4.410259999999967476e+03 -2.000000000000000000e+00 1.414213538169860840e+00
4.411739999999967040e+03 -2.000000000000000000e+00 1.414213538169860840e+00
4.413219999999966603e+03 -2.000000000000000000e+00 1.414213538169860840e+00
4.414699999999966167e+03 -2.000000000000000000e+00 1.414213538169860840e+00
4.416179999999965730e+03 -2.000000000000000000e+00 1.414213538169860840e+00
4.417659999999965294e+03 -2.000000000000000000e+00 1.414213538169860840e+00
4.419139999999964857e+03 -2.000000000000000000e+00 1.414213538169860840e+00
4.420619999999964421e+03 -2.000000000000000000e+00 1.414213538169860840e+00
4.422099999999963984e+03 -2.000000000000000000e+00 1.414213538169860840e+00
4.423579999999963547e+03 -2.000000000000000000e+00 1.414213538169860840e+00
4.425059999999963111e+03 -2.000000000000000000e+00 1.414213538169860840e+00
4.426539999999962674e+03 -2.000000000000000000e+00 1.414213538169860840e+00
4.428019999999962238e+03 -2.000000000000000000e+00 1.414213538169860840e+00
4.429499999999961801e+03 -2.000000000000000000e+00 1.414213538169860840e+00
4.430979999999961365e+03 -2.000000000000000000e+00 1.414213538169860840e+00
4.432459999999960928e+03 -2.000000000000000000e+00 1.414213538169860840e+00
4.433939999999960492e+03 -2.000000000000000000e+00 1.414213538169860840e+00
4.435419999999960055e+03 -2.000000000000000000e+00 1.414213538169860840e+00
4.436899999999959618e+03 -2.000000000000000000e+00 1.414213538169860840e+00
4.438379999999959182e+03 -2.000000000000000000e+00 1.414213538169860840e+00
4.439859999999958745e+03 -2.000000000000000000e+00 1.414213538169860840e+00
4.441339999999958309e+03 -2.000000000000000000e+00 1.414213538169860840e+00
4.442819999999957872e+03 -2.000000000000000000e+00 1.414213538169860840e+00
4.444299999999957436e+03 -2.000000000000000000e+00 1.414213538169860840e+00
4.445779999999956999e+03 -2.000000000000000000e+00 1.414213538169860840e+00
4.447259999999956563e+03 -2.000000000000000000e+00 1.414213538169860840e+00
4.448739999999956126e+03 -2.000000000000000000e+00 1.414213538169860840e+00
4.450219999999955689e+03 -2.000000000000000000e+00 1.414213538169860840e+00
4.451699999999955253e+03 1.251731872558593750e+00 3.720809891819953918e-02
4.453179999999954816e+03 1.240136146545410156e+00 3.659727424383163452e-02
4.454659999999954380e+03 1.221589684486389160e+00 3.660661354660987854e-02
4.456139999999953943e+03 1.200113058090209961e+00 3.602332994341850281e-02
4.457619999999953507e+03 1.226707696914672852e+00 3.635009005665779114e-02
4.459099999999953070e+03 1.207193255424499512e+00 3.599588945508003235e-02
4.460579999999952634e+03 1.250673294067382812e+00 3.665840625762939453e-02
4.462059999999952197e+03 1.221772670745849609e+00 3.614790365099906921e-02
4.463539999999951760e+03 1.253356933593750000e+00 3.648966178297996521e-02
4.465019999999951324e+03 1.247946977615356445e+00 3.641416504979133606e-02
4.466499999999950887e+03 1.258466124534606934e+00 3.644412010908126831e-02
4.467979999999950451e+03 1.228165149688720703e+00 3.605317324399948120e-02
4.469459999999950014e+03 1.218302369117736816e+00 3.596052527427673340e-02
4.470939999999949578e+03 1.208995819091796875e+00 3.558958694338798523e-02
4.472419999999949141e+03 1.257939457893371582e+00 3.633822128176689148e-02
4.473899999999948704e+03 1.219827890396118164e+00 3.572018072009086609e-02
4.475379999999948268e+03 1.300181388854980469e+00 3.667765855789184570e-02
4.476859999999947831e+03 1.206046938896179199e+00 3.553334996104240417e-02
4.478339999999947395e+03 1.200647354125976562e+00 3.542738407850265503e-02
4.479819999999946958e+03 1.307534933090209961e+00 3.670768812298774719e-02
4.481299999999946522e+03 1.239229559898376465e+00 3.584852814674377441e-02
4.482779999999946085e+03 1.255211353302001953e+00 3.599467501044273376e-02
4.484259999999945649e+03 1.430105566978454590e+00 3.814871236681938171e-02
4.485739999999945212e+03 1.722454786300659180e+00 4.184168949723243713e-02
4.487219999999944775e+03 1.478711247444152832e+00 3.902563825249671936e-02
4.488699999999944339e+03 1.216561317443847656e+00 3.542239218950271606e-02
4.490179999999943902e+03 1.248359799385070801e+00 3.569041192531585693e-02
4.491659999999943466e+03 1.269212961196899414e+00 3.605449944734573364e-02
4.493139999999943029e+03 1.321990489959716797e+00 3.691197559237480164e-02
4.494619999999942593e+03 1.263227224349975586e+00 3.585286065936088562e-02
4.496099999999942156e+03 1.174093484878540039e+00 3.441676497459411621e-02
4.497579999999941720e+03 1.260622501373291016e+00 3.591345623135566711e-02
4.499059999999941283e+03 1.272628068923950195e+00 3.573107346892356873e-02
4.500539999999940846e+03 1.257817268371582031e+00 3.550301492214202881e-02
4.502019999999940410e+03 1.250537872314453125e+00 3.537464886903762817e-02
4.503499999999939973e+03 1.228549003601074219e+00 3.509800136089324951e-02
4.504979999999939537e+03 1.241112232208251953e+00 3.523628041148185730e-02
4.506459999999939100e+03 1.297311663627624512e+00 3.578427806496620178e-02
4.507939999999938664e+03 1.188159942626953125e+00 3.436864539980888367e-02
4.509419999999938227e+03 1.227037191390991211e+00 3.475819155573844910e-02
4.510899999999937791e+03 1.288757324218750000e+00 3.567711263895034790e-02
4.512379999999937354e+03 1.307987809181213379e+00 3.593920543789863586e-02
4.513859999999936917e+03 1.205517649650573730e+00 3.431612253189086914e-02
4.515339999999936481e+03 1.252625703811645508e+00 3.479275852441787720e-02
4.516819999999936044e+03 1.258655428886413574e+00 3.492686524987220764e-02
4.518299999999935608e+03 1.297166585922241211e+00 3.543939441442489624e-02
4.519779999999935171e+03 1.288171529769897461e+00 3.523238003253936768e-02
4.521259999999934735e+03 1.282044172286987305e+00 3.523577377200126648e-02
4.522739999999934298e+03 1.245830535888671875e+00 3.457065299153327942e-02
4.524219999999933862e+03 1.278563976287841797e+00 3.510696440935134888e-02
4.525699999999933425e+03 1.228107571601867676e+00 3.431105986237525940e-02
4.527179999999932988e+03 1.255865335464477539e+00 3.448282182216644287e-02
4.528659999999932552e+03 1.218507409095764160e+00 3.425745293498039246e-02
4.530139999999932115e+03 1.274587273597717285e+00 3.490522131323814392e-02
4.531619999999931679e+03 1.221416473388671875e+00 3.418176621198654175e-02
4.533099999999931242e+03 1.257654547691345215e+00 3.457775339484214783e-02
4.534579999999930806e+03 1.216181278228759766e+00 3.406532481312751770e-02
4.536059999999930369e+03 1.275352954864501953e+00 3.463768586516380310e-02
4.537539999999929933e+03 1.237001895904541016e+00 3.409333154559135437e-02
4.539019999999929496e+03 1.265503048896789551e+00 3.471017256379127502e-02
4.540499999999929059e+03 1.225451350212097168e+00 3.371288999915122986e-02
4.541979999999928623e+03 1.275704383850097656e+00 3.448876366019248962e-02
4.543459999999928186e+03 1.200872182846069336e+00 3.339647874236106873e-02
4.544939999999927750e+03 1.200768589973449707e+00 3.334667161107063293e-02
4.546419999999927313e+03 1.256674051284790039e+00 3.408114239573478699e-02
4.547899999999926877e+03 1.231347203254699707e+00 3.386435285210609436e-02
4.549379999999926440e+03 1.236934781074523926e+00 3.372519463300704956e-02
4.550859999999926004e+03 1.219736576080322266e+00 3.345035389065742493e-02
4.552339999999925567e+03 1.232741832733154297e+00 3.368545323610305786e-02
4.553819999999925130e+03 1.288984775543212891e+00 3.438159450888633728e-02
4.555299999999924694e+03 1.242476701736450195e+00 3.363956511020660400e-02
4.556779999999924257e+03 1.183555603027343750e+00 3.285100311040878296e-02
4.558259999999923821e+03 1.276983857154846191e+00 3.382431715726852417e-02
4.559739999999923384e+03 1.283642411231994629e+00 3.402575850486755371e-02
4.561219999999922948e+03 1.291547298431396484e+00 3.418773412704467773e-02
4.562699999999922511e+03 1.251004219055175781e+00 3.346494585275650024e-02
4.564179999999922074e+03 1.239728212356567383e+00 3.340577334165573120e-02
4.565659999999921638e+03 1.243547439575195312e+00 3.329394012689590454e-02
4.567139999999921201e+03 1.164638996124267578e+00 3.208773955702781677e-02
4.568619999999920765e+03 1.215308070182800293e+00 3.280149400234222412e-02
4.570099999999920328e+03 1.208965778350830078e+00 3.271349146962165833e-02
4.571579999999919892e+03 1.191923379898071289e+00 3.257132694125175476e-02
4.573059999999919455e+03 1.269430637359619141e+00 3.346313908696174622e-02
4.574539999999919019e+03 1.287064552307128906e+00 3.363699838519096375e-02
4.576019999999918582e+03 1.282369971275329590e+00 3.356163948774337769e-02
4.577499999999918145e+03 1.227658033370971680e+00 3.289221972227096558e-02
4.578979999999917709e+03 1.157977104187011719e+00 3.166493028402328491e-02
4.580459999999917272e+03 1.236490011215209961e+00 3.273999691009521484e-02
4.581939999999916836e+03 1.223573088645935059e+00 3.260691836476325989e-02
4.583419999999916399e+03 1.223808169364929199e+00 3.260064125061035156e-02
4.584899999999915963e+03 1.232562780380249023e+00 3.262078762054443359e-02
4.586379999999915526e+03 1.191674113273620605e+00 3.209180757403373718e-02
4.587859999999915090e+03 1.217481493949890137e+00 3.232708573341369629e-02
4.589339999999914653e+03 1.179549932479858398e+00 3.198162093758583069e-02
4.590819999999914216e+03 1.228581666946411133e+00 3.240111097693443298e-02
4.592299999999913780e+03 1.223856806755065918e+00 3.245055302977561951e-02
4.593779999999913343e+03 1.243653178215026855e+00 3.248989209532737732e-02
4.595259999999912907e+03 1.253914833068847656e+00 3.267777711153030396e-02
4.596739999999912470e+03 1.223034143447875977e+00 3.236952051520347595e-02
4.598219999999912034e+03 1.225570797920227051e+00 3.212571144104003906e-02
4.599699999999911597e+03 1.228500604629516602e+00 3.241067007184028625e-02
4.601179999999911161e+03 1.225910902023315430e+00 3.210175409913063049e-02
4.602659999999910724e+03 1.171972990036010742e+00 3.151974827051162720e-02
4.604139999999910287e+03 1.187708139419555664e+00 3.165813162922859192e-02
4.605619999999909851e+03 1.190592050552368164e+00 3.167108446359634399e-02
4.607099999999909414e+03 1.179933786392211914e+00 3.139955177903175354e-02
4.608579999999908978e+03 1.190390110015869141e+00 3.174171224236488342e-02
4.610059999999908541e+03 1.183522939682006836e+00 3.143303468823432922e-02
4.611539999999908105e+03 1.157439827919006348e+00 3.126195445656776428e-02
4.613019999999907668e+03 1.189149737358093262e+00 3.154176101088523865e-02
4.614499999999907232e+03 1.222685098648071289e+00 3.200666233897209167e-02
4.615979999999906795e+03 1.191821575164794922e+00 3.155700489878654480e-02
4.617459999999906358e+03 1.234506130218505859e+00 3.186310827732086182e-02
4.618939999999905922e+03 1.206771612167358398e+00 3.182721138000488281e-02
4.620419999999905485e+03 1.208595752716064453e+00 3.153058141469955444e-02
4.621899999999905049e+03 1.225947856903076172e+00 3.177135810256004333e-02
4.623379999999904612e+03 1.207332253456115723e+00 3.152947500348091125e-02
4.624859999999904176e+03 1.185082674026489258e+00 3.124996274709701538e-02
4.626339999999903739e+03 1.238137245178222656e+00 3.177498653531074524e-02
4.627819999999903303e+03 1.206056237220764160e+00 3.141576424241065979e-02
4.629299999999902866e+03 1.279457092285156250e+00 3.221428766846656799e-02
4.630779999999902429e+03 1.247253537178039551e+00 3.184381872415542603e-02
4.632259999999901993e+03 1.192486524581909180e+00 3.119703009724617004e-02
4.633739999999901556e+03 1.222983837127685547e+00 3.133974224328994751e-02
4.635219999999901120e+03 1.276626825332641602e+00 3.207706287503242493e-02
4.636699999999900683e+03 1.227316379547119141e+00 3.135726228356361389e-02
4.638179999999900247e+03 1.277136325836181641e+00 3.198303282260894775e-02
4.639659999999899810e+03 1.314576029777526855e+00 3.228512778878211975e-02
4.641139999999899374e+03 1.318093895912170410e+00 3.246596083045005798e-02
4.642619999999898937e+03 1.270526170730590820e+00 3.178583085536956787e-02
4.644099999999898500e+03 1.259779453277587891e+00 3.151178732514381409e-02
4.645579999999898064e+03 1.294370651245117188e+00 3.178310394287109375e-02
4.647059999999897627e+03 1.296936869621276855e+00 3.193437308073043823e-02
4.648539999999897191e+03 1.348453998565673828e+00 3.265079855918884277e-02
4.650019999999896754e+03 1.284058094024658203e+00 3.179059550166130066e-02
4.651499999999896318e+03 1.310925722122192383e+00 3.186409920454025269e-02
4.652979999999895881e+03 1.328502416610717773e+00 3.218102455139160156e-02
4.654459999999895444e+03 1.322092771530151367e+00 3.219372034072875977e-02
4.655939999999895008e+03 1.320237159729003906e+00 3.201198205351829529e-02
4.657419999999894571e+03 1.279623627662658691e+00 3.153806924819946289e-02
4.658899999999894135e+03 1.294377446174621582e+00 3.162401542067527771e-02
4.660379999999893698e+03 1.260090827941894531e+00 3.130550682544708252e-02
4.661859999999893262e+03 1.270984888076782227e+00 3.138091415166854858e-02
4.663339999999892825e+03 1.223008871078491211e+00 3.070188499987125397e-02
4.664819999999892389e+03 1.262694239616394043e+00 3.116583451628684998e-02
4.666299999999891952e+03 1.296008944511413574e+00 3.143956512212753296e-02
4.667779999999891515e+03 1.241256475448608398e+00 3.075784258544445038e-02
4.669259999999891079e+03 1.284463882446289062e+00 3.130637481808662415e-02
4.670739999999890642e+03 1.297808408737182617e+00 3.123677894473075867e-02
4.672219999999890206e+03 1.333420038223266602e+00 3.177806362509727478e-02
4.673699999999889769e+03 1.350286960601806641e+00 3.187721595168113708e-02
4.675179999999889333e+03 1.308787107467651367e+00 3.129219263792037964e-02
4.676659999999888896e+03 1.312421679496765137e+00 3.134569525718688965e-02
4.678139999999888460e+03 1.296476840972900391e+00 3.123892098665237427e-02
4.679619999999888023e+03 1.366977930068969727e+00 3.202894702553749084e-02
4.681099999999887586e+03 1.285858035087585449e+00 3.095193393528461456e-02
4.682579999999887150e+03 1.255242943763732910e+00 3.050054609775543213e-02
4.684059999999886713e+03 1.275347828865051270e+00 3.075842745602130890e-02
4.685539999999886277e+03 1.281399011611938477e+00 3.081432916224002838e-02
4.687019999999885840e+03 1.319433569908142090e+00 3.106672316789627075e-02
4.688499999999885404e+03 1.298362255096435547e+00 3.094529919326305389e-02
4.689979999999884967e+03 1.264149546623229980e+00 3.031393885612487793e-02
4.691459999999884531e+03 1.297298431396484375e+00 3.079566545784473419e-02
4.692939999999884094e+03 1.296592712402343750e+00 3.096388094127178192e-02
4.694419999999883657e+03 1.263399124145507812e+00 3.039941191673278809e-02
4.695899999999883221e+03 1.276127576828002930e+00 3.055921383202075958e-02
4.697379999999882784e+03 1.267153501510620117e+00 3.036654181778430939e-02
4.698859999999882348e+03 1.305253863334655762e+00 3.079406730830669403e-02
4.700339999999881911e+03 1.321571111679077148e+00 3.081277944147586823e-02
4.701819999999881475e+03 1.307757258415222168e+00 3.065914846956729889e-02
4.703299999999881038e+03 1.296832799911499023e+00 3.064033016562461853e-02
4.704779999999880602e+03 1.296272277832031250e+00 3.070558235049247742e-02
4.706259999999880165e+03 1.281386375427246094e+00 3.044037148356437683e-02
4.707739999999879728e+03 1.256910324096679688e+00 3.004163317382335663e-02
4.709219999999879292e+03 1.221799731254577637e+00 2.964291349053382874e-02
4.710699999999878855e+03 1.213335275650024414e+00 2.968665771186351776e-02
4.712179999999878419e+03 1.203687310218811035e+00 2.927922271192073822e-02
4.713659999999877982e+03 1.197127819061279297e+00 2.937448211014270782e-02
4.715139999999877546e+03 1.274964332580566406e+00 3.002804331481456757e-02
4.716619999999877109e+03 1.219275593757629395e+00 2.948267571628093719e-02
4.718099999999876673e+03 1.218537688255310059e+00 2.951871044933795929e-02
4.719579999999876236e+03 1.182454943656921387e+00 2.887132018804550171e-02
4.721059999999875799e+03 1.150867342948913574e+00 2.865521050989627838e-02
4.722539999999875363e+03 1.184642791748046875e+00 2.903692796826362610e-02
4.724019999999874926e+03 1.198203802108764648e+00 2.925330400466918945e-02
4.725499999999874490e+03 1.179940938949584961e+00 2.891501225531101227e-02
4.726979999999874053e+03 1.240633249282836914e+00 2.945822104811668396e-02
4.728459999999873617e+03 1.178077816963195801e+00 2.901623584330081940e-02
4.729939999999873180e+03 1.118333458900451660e+00 2.793579734861850739e-02
4.731419999999872744e+03 1.146712064743041992e+00 2.834978327155113220e-02
4.732899999999872307e+03 1.165179729461669922e+00 2.861163578927516937e-02
4.734379999999871870e+03 1.197451353073120117e+00 2.901442721486091614e-02
4.735859999999871434e+03 1.197393417358398438e+00 2.903446741402149200e-02
4.737339999999870997e+03 1.205433130264282227e+00 2.896400168538093567e-02
4.738819999999870561e+03 1.149515628814697266e+00 2.820813469588756561e-02
4.740299999999870124e+03 1.171713948249816895e+00 2.854183316230773926e-02
4.741779999999869688e+03 1.135908126831054688e+00 2.822394855320453644e-02
4.743259999999869251e+03 1.132309913635253906e+00 2.825626172125339508e-02
4.744739999999868814e+03 1.120643854141235352e+00 2.783156745135784149e-02
4.746219999999868378e+03 1.093222856521606445e+00 2.734446525573730469e-02
4.747699999999867941e+03 1.143583536148071289e+00 2.814567461609840393e-02
4.749179999999867505e+03 1.150216341018676758e+00 2.815878577530384064e-02
4.750659999999867068e+03 1.104870557785034180e+00 2.773636952042579651e-02
4.752139999999866632e+03 1.099592328071594238e+00 2.756990864872932434e-02
4.753619999999866195e+03 1.105204820632934570e+00 2.766864001750946045e-02
4.755099999999865759e+03 1.129758954048156738e+00 2.802583947777748108e-02
4.756579999999865322e+03 1.107396841049194336e+00 2.772256918251514435e-02
4.758059999999864885e+03 1.092634916305541992e+00 2.733926847577095032e-02
4.759539999999864449e+03 1.083177924156188965e+00 2.732644975185394287e-02
4.761019999999864012e+03 1.085778236389160156e+00 2.721335925161838531e-02
4.762499999999863576e+03 1.108839511871337891e+00 2.771557494997978210e-02
4.763979999999863139e+03 1.086794614791870117e+00 2.734724432229995728e-02
4.765459999999862703e+03 1.111406564712524414e+00 2.776051685214042664e-02
4.766939999999862266e+03 1.128335833549499512e+00 2.780840918421745300e-02
4.768419999999861830e+03 1.122990846633911133e+00 2.776342816650867462e-02
4.769899999999861393e+03 1.097843647003173828e+00 2.746488340198993683e-02
4.771379999999860956e+03 1.105106472969055176e+00 2.749040350317955017e-02
4.772859999999860520e+03 1.132245302200317383e+00 2.774963900446891785e-02
4.774339999999860083e+03 1.076165318489074707e+00 2.700770832598209381e-02
4.775819999999859647e+03 1.103406071662902832e+00 2.745209820568561554e-02
4.777299999999859210e+03 1.100027680397033691e+00 2.740105241537094116e-02
4.778779999999858774e+03 1.107638359069824219e+00 2.753632701933383942e-02
4.780259999999858337e+03 1.101253986358642578e+00 2.722917310893535614e-02
4.781739999999857901e+03 1.141046285629272461e+00 2.777292765676975250e-02
4.783219999999857464e+03 1.133774518966674805e+00 2.764578536152839661e-02
4.784699999999857027e+03 1.120407104492187500e+00 2.734259702265262604e-02
4.786179999999856591e+03 1.102914214134216309e+00 2.723200432956218719e-02
4.787659999999856154e+03 1.068866729736328125e+00 2.668431401252746582e-02
4.789139999999855718e+03 1.118597269058227539e+00 2.748566493391990662e-02
4.790619999999855281e+03 1.096438288688659668e+00 2.707561850547790527e-02
4.792099999999854845e+03 1.095460176467895508e+00 2.707597799599170685e-02
4.793579999999854408e+03 1.114693641662597656e+00 2.730304375290870667e-02
4.795059999999853972e+03 1.139071464538574219e+00 2.754804864525794983e-02
4.796539999999853535e+03 1.104020833969116211e+00 2.705262228846549988e-02
4.798019999999853098e+03 1.083622455596923828e+00 2.685849368572235107e-02
4.799499999999852662e+03 1.123915672302246094e+00 2.726068347692489624e-02
4.800979999999852225e+03 1.129024267196655273e+00 2.735835313796997070e-02
4.802459999999851789e+03 1.086716890335083008e+00 2.684924751520156860e-02
4.803939999999851352e+03 1.082795619964599609e+00 2.673933468759059906e-02
4.805419999999850916e+03 1.081948757171630859e+00 2.682050876319408417e-02
4.806899999999850479e+03 1.082992911338806152e+00 2.685426361858844757e-02
4.808379999999850043e+03 1.071460127830505371e+00 2.658694051206111908e-02
4.809859999999849606e+03 1.093321323394775391e+00 2.680759876966476440e-02
4.811339999999849169e+03 1.108386278152465820e+00 2.702340111136436462e-02
4.812819999999848733e+03 1.085886001586914062e+00 2.678473293781280518e-02
4.814299999999848296e+03 1.059182405471801758e+00 2.633535675704479218e-02
4.815779999999847860e+03 1.081672668457031250e+00 2.662180364131927490e-02
4.817259999999847423e+03 1.077719330787658691e+00 2.656151913106441498e-02
4.818739999999846987e+03 1.087143778800964355e+00 2.665053308010101318e-02
4.820219999999846550e+03 1.113195180892944336e+00 2.704916149377822876e-02
4.821699999999846113e+03 1.074303150177001953e+00 2.659656666219234467e-02
4.823179999999845677e+03 1.088731527328491211e+00 2.661866508424282074e-02
4.824659999999845240e+03 1.067230105400085449e+00 2.640364319086074829e-02
4.826139999999844804e+03 1.085843086242675781e+00 2.656614407896995544e-02
4.827619999999844367e+03 1.084511399269104004e+00 2.664517611265182495e-02
4.829099999999843931e+03 1.090833544731140137e+00 2.663986198604106903e-02
4.830579999999843494e+03 1.078185081481933594e+00 2.632239088416099548e-02
4.832059999999843058e+03 1.115288972854614258e+00 2.684099785983562469e-02
4.833539999999842621e+03 1.087591648101806641e+00 2.669512480497360229e-02
4.835019999999842184e+03 1.051703453063964844e+00 2.618446014821529388e-02
4.836499999999841748e+03 1.106637120246887207e+00 2.681017853319644928e-02
4.837979999999841311e+03 1.077729701995849609e+00 2.642143517732620239e-02
4.839459999999840875e+03 1.030522584915161133e+00 2.575765177607536316e-02
4.840939999999840438e+03 1.073406696319580078e+00 2.643340826034545898e-02
4.842419999999840002e+03 1.071903347969055176e+00 2.620428055524826050e-02
4.843899999999839565e+03 1.077679872512817383e+00 2.635652758181095123e-02
4.845379999999839129e+03 1.088979959487915039e+00 2.640232630074024200e-02
4.846859999999838692e+03 1.087531447410583496e+00 2.638641931116580963e-02
4.848339999999838255e+03 1.116705894470214844e+00 2.688767015933990479e-02
4.849819999999837819e+03 1.114146709442138672e+00 2.667980641126632690e-02
4.851299999999837382e+03 1.117485642433166504e+00 2.672045119106769562e-02
4.852779999999836946e+03 1.097778439521789551e+00 2.650873735547065735e-02
4.854259999999836509e+03 1.095938444137573242e+00 2.623747475445270538e-02
4.855739999999836073e+03 1.102337002754211426e+00 2.649796754121780396e-02
4.857219999999835636e+03 1.139493942260742188e+00 2.686353959143161774e-02
4.858699999999835200e+03 1.132701396942138672e+00 2.682759240269660950e-02
4.860179999999834763e+03 1.098416328430175781e+00 2.631403319537639618e-02
4.861659999999834326e+03 1.063169479370117188e+00 2.589948475360870361e-02
4.863139999999833890e+03 1.019786000251770020e+00 2.540705539286136627e-02
4.864619999999833453e+03 1.081962347030639648e+00 2.608782239258289337e-02
4.866099999999833017e+03 1.054416537284851074e+00 2.579623460769653320e-02
4.867579999999832580e+03 1.088295936584472656e+00 2.628632634878158569e-02
4.869059999999832144e+03 1.067046523094177246e+00 2.590282075107097626e-02
4.870539999999831707e+03 1.028989791870117188e+00 2.536547742784023285e-02
4.872019999999831271e+03 1.014442443847656250e+00 2.536066062748432159e-02
4.873499999999830834e+03 1.298062086105346680e+00 2.838765084743499756e-02
4.874979999999830397e+03 8.916200637817382812e+00 7.721963524818420410e-02
4.876459999999829961e+03 1.567764282226562500e+01 1.050716489553451538e-01
4.877939999999829524e+03 1.043257808685302734e+01 8.447722345590591431e-02
4.879419999999829088e+03 1.638444423675537109e+00 3.060926496982574463e-02
4.880899999999828651e+03 1.052303075790405273e+00 2.563718333840370178e-02
4.882379999999828215e+03 1.025451302528381348e+00 2.516420744359493256e-02
4.883859999999827778e+03 1.073667049407958984e+00 2.572733722627162933e-02
4.885339999999827342e+03 1.063751935958862305e+00 2.572108246386051178e-02
4.886819999999826905e+03 1.058527469635009766e+00 2.579542435705661774e-02
4.888299999999826468e+03 1.083531022071838379e+00 2.585150487720966339e-02
4.889779999999826032e+03 1.089230656623840332e+00 2.589258179068565369e-02
4.891259999999825595e+03 1.088920354843139648e+00 2.597501501441001892e-02
4.892739999999825159e+03 1.029518604278564453e+00 2.528520114719867706e-02
4.894219999999824722e+03 1.078076720237731934e+00 2.570649422705173492e-02
4.895699999999824286e+03 1.094391703605651855e+00 2.601345814764499664e-02
4.897179999999823849e+03 1.092965960502624512e+00 2.592995204031467438e-02
4.898659999999823413e+03 1.037858128547668457e+00 2.535449713468551636e-02
4.900139999999822976e+03 1.007208585739135742e+00 2.501012384891510010e-02
4.901619999999822539e+03 1.026427507400512695e+00 2.522984519600868225e-02
4.903099999999822103e+03 1.067139387130737305e+00 2.563935332000255585e-02
4.904579999999821666e+03 1.062276482582092285e+00 2.556143142282962799e-02
4.906059999999821230e+03 1.091545939445495605e+00 2.597226575016975403e-02
4.907539999999820793e+03 1.042925119400024414e+00 2.527290768921375275e-02
4.909019999999820357e+03 1.027137875556945801e+00 2.504270151257514954e-02
4.910499999999819920e+03 1.046068429946899414e+00 2.536914683878421783e-02
4.911979999999819483e+03 1.097076654434204102e+00 2.597764134407043457e-02
4.913459999999819047e+03 1.018492579460144043e+00 2.504079975187778473e-02
4.914939999999818610e+03 1.072668433189392090e+00 2.568377554416656494e-02
4.916419999999818174e+03 1.077293395996093750e+00 2.582699060440063477e-02
4.917899999999817737e+03 1.043582677841186523e+00 2.530071698129177094e-02
4.919379999999817301e+03 1.078468084335327148e+00 2.573817595839500427e-02
4.920859999999816864e+03 1.095500707626342773e+00 2.603002637624740601e-02
4.922339999999816428e+03 1.088463068008422852e+00 2.583181113004684448e-02
4.923819999999815991e+03 1.055398225784301758e+00 2.537643723189830780e-02
4.925299999999815554e+03 1.021349906921386719e+00 2.498786151409149170e-02
4.926779999999815118e+03 1.042971730232238770e+00 2.546073123812675476e-02
4.928259999999814681e+03 1.079760551452636719e+00 2.551546879112720490e-02
4.929739999999814245e+03 1.082990646362304688e+00 2.568062394857406616e-02
4.931219999999813808e+03 1.054429411888122559e+00 2.525619789958000183e-02
4.932699999999813372e+03 1.083022952079772949e+00 2.567316405475139618e-02
4.934179999999812935e+03 1.042381644248962402e+00 2.519728057086467743e-02
4.935659999999812499e+03 1.079414963722229004e+00 2.554892376065254211e-02
4.937139999999812062e+03 1.141585230827331543e+00 2.625501342117786407e-02
4.938619999999811625e+03 1.121288418769836426e+00 2.609422244131565094e-02
4.940099999999811189e+03 1.085192441940307617e+00 2.560639567673206329e-02
4.941579999999810752e+03 1.059620618820190430e+00 2.547342143952846527e-02
4.943059999999810316e+03 1.072370409965515137e+00 2.536159753799438477e-02
4.944539999999809879e+03 1.076695442199707031e+00 2.558133006095886230e-02
4.946019999999809443e+03 1.094738960266113281e+00 2.570884488523006439e-02
4.947499999999809006e+03 1.074841976165771484e+00 2.546961978077888489e-02
4.948979999999808570e+03 1.068572402000427246e+00 2.551088295876979828e-02
4.950459999999808133e+03 1.094104886054992676e+00 2.557938173413276672e-02
4.951939999999807696e+03 1.050332665443420410e+00 2.520373277366161346e-02
4.953419999999807260e+03 1.079241752624511719e+00 2.564273402094841003e-02
4.954899999999806823e+03 1.050383567810058594e+00 2.525626309216022491e-02
4.956379999999806387e+03 1.088678956031799316e+00 2.560959197580814362e-02
4.957859999999805950e+03 1.104009985923767090e+00 2.577200345695018768e-02
4.959339999999805514e+03 1.079151630401611328e+00 2.538976259529590607e-02
4.960819999999805077e+03 1.026915073394775391e+00 2.491632848978042603e-02
4.962299999999804641e+03 1.040905237197875977e+00 2.492580376565456390e-02
4.963779999999804204e+03 1.042683124542236328e+00 2.508105151355266571e-02
4.965259999999803767e+03 1.077893733978271484e+00 2.531572803854942322e-02
4.966739999999803331e+03 1.069155097007751465e+00 2.541135437786579132e-02
4.968219999999802894e+03 1.087060809135437012e+00 2.550280839204788208e-02
4.969699999999802458e+03 1.086794495582580566e+00 2.541482821106910706e-02
4.971179999999802021e+03 1.175077915191650391e+00 2.659862861037254333e-02
4.972659999999801585e+03 5.533697605133056641e+00 5.913162603974342346e-02
4.974139999999801148e+03 1.108498764038085938e+01 8.524201065301895142e-02
4.975619999999800712e+03 7.586979866027832031e+00 6.950844824314117432e-02
4.977099999999800275e+03 1.663005352020263672e+00 3.101904876530170441e-02
4.978579999999799838e+03 1.038758993148803711e+00 2.487540431320667267e-02
4.980059999999799402e+03 1.039919495582580566e+00 2.484112791717052460e-02
4.981539999999798965e+03 1.080333828926086426e+00 2.527193352580070496e-02
4.983019999999798529e+03 1.041192173957824707e+00 2.502164430916309357e-02
4.984499999999798092e+03 1.061357021331787109e+00 2.498627826571464539e-02
4.985979999999797656e+03 1.094294905662536621e+00 2.546519599854946136e-02
4.987459999999797219e+03 1.044885158538818359e+00 2.487801387906074524e-02
4.988939999999796783e+03 1.050473213195800781e+00 2.495676465332508087e-02
4.990419999999796346e+03 1.091093540191650391e+00 2.552548050880432129e-02
4.991899999999795909e+03 1.042668104171752930e+00 2.473636157810688019e-02
4.993379999999795473e+03 1.046126127243041992e+00 2.496301010251045227e-02
4.994859999999795036e+03 1.045431494712829590e+00 2.497874945402145386e-02
4.996339999999794600e+03 1.027766942977905273e+00 2.462061308324337006e-02
4.997819999999794163e+03 1.031829357147216797e+00 2.481142058968544006e-02
4.999299999999793727e+03 1.082597017288208008e+00 2.539609000086784363e-02
5.000779999999793290e+03 1.111010313034057617e+00 2.561446093022823334e-02
5.002259999999792853e+03 1.141152024269104004e+00 2.602855861186981201e-02
5.003739999999792417e+03 1.074227094650268555e+00 2.522307820618152618e-02
5.005219999999791980e+03 1.067728996276855469e+00 2.510486356914043427e-02
5.006699999999791544e+03 1.062613248825073242e+00 2.497776784002780914e-02
5.008179999999791107e+03 1.045404434204101562e+00 2.479005977511405945e-02
5.009659999999790671e+03 1.051053643226623535e+00 2.486649714410305023e-02
5.011139999999790234e+03 1.099510312080383301e+00 2.539581432938575745e-02
5.012619999999789798e+03 1.096005916595458984e+00 2.537456527352333069e-02
5.014099999999789361e+03 1.091931223869323730e+00 2.537883631885051727e-02
5.015579999999788924e+03 1.088006973266601562e+00 2.533308789134025574e-02
5.017059999999788488e+03 1.170493960380554199e+00 2.626688592135906219e-02
5.018539999999788051e+03 1.303810358047485352e+00 2.774248272180557251e-02
5.020019999999787615e+03 6.195129394531250000e+00 6.265398859977722168e-02
5.021499999999787178e+03 2.711854934692382812e+01 1.445060819387435913e-01
5.022979999999786742e+03 2.904237174987792969e+01 1.520713865756988525e-01
5.024459999999786305e+03 8.578177452087402344e+00 7.349766790866851807e-02
5.025939999999785869e+03 1.119521856307983398e+00 2.554566226899623871e-02
5.027419999999785432e+03 1.089002609252929688e+00 2.520056068897247314e-02
5.028899999999784995e+03 1.111079931259155273e+00 2.551028132438659668e-02
5.030379999999784559e+03 1.342155933380126953e+00 2.795742638409137726e-02
5.031859999999784122e+03 1.350636005401611328e+00 2.807054109871387482e-02
5.033339999999783686e+03 1.081281423568725586e+00 2.513539604842662811e-02
5.034819999999783249e+03 1.068943381309509277e+00 2.496392652392387390e-02
5.036299999999782813e+03 1.049250960350036621e+00 2.455375902354717255e-02
5.037779999999782376e+03 1.025254487991333008e+00 2.453356795012950897e-02
5.039259999999781940e+03 1.029756188392639160e+00 2.439679950475692749e-02
5.040739999999781503e+03 1.040609002113342285e+00 2.446950972080230713e-02
5.042219999999781066e+03 1.039724588394165039e+00 2.451912127435207367e-02
5.043699999999780630e+03 1.065572738647460938e+00 2.491682767868041992e-02
5.045179999999780193e+03 1.064838647842407227e+00 2.491481788456439972e-02
5.046659999999779757e+03 1.043536543846130371e+00 2.450693026185035706e-02
5.048139999999779320e+03 1.038119554519653320e+00 2.456213161349296570e-02
5.049619999999778884e+03 1.007712364196777344e+00 2.421819232404232025e-02
5.051099999999778447e+03 1.040376186370849609e+00 2.452672459185123444e-02
5.052579999999778011e+03 1.018850088119506836e+00 2.420102432370185852e-02
5.054059999999777574e+03 1.039777159690856934e+00 2.469865232706069946e-02
5.055539999999777137e+03 1.022721052169799805e+00 2.424886822700500488e-02
5.057019999999776701e+03 1.045167326927185059e+00 2.454533986747264862e-02
5.058499999999776264e+03 1.062858104705810547e+00 2.488865703344345093e-02
5.059979999999775828e+03 1.063728809356689453e+00 2.476007305085659027e-02
5.061459999999775391e+03 1.032309293746948242e+00 2.444438263773918152e-02
5.062939999999774955e+03 1.084655284881591797e+00 2.513168007135391235e-02
5.064419999999774518e+03 1.070086479187011719e+00 2.478330396115779877e-02
5.065899999999774082e+03 1.038245439529418945e+00 2.442787215113639832e-02
5.067379999999773645e+03 1.038705468177795410e+00 2.443543449044227600e-02
5.068859999999773208e+03 1.053338527679443359e+00 2.466260269284248352e-02
5.070339999999772772e+03 1.083389997482299805e+00 2.507583238184452057e-02
5.071819999999772335e+03 1.065855860710144043e+00 2.468112111091613770e-02
5.073299999999771899e+03 1.071420192718505859e+00 2.481825463473796844e-02
5.074779999999771462e+03 1.058554530143737793e+00 2.466456592082977295e-02
5.076259999999771026e+03 1.025282144546508789e+00 2.429933100938796997e-02
5.077739999999770589e+03 1.041103124618530273e+00 2.446877583861351013e-02
5.079219999999770152e+03 1.061123490333557129e+00 2.462654933333396912e-02
5.080699999999769716e+03 1.035796761512756348e+00 2.434155158698558807e-02
5.082179999999769279e+03 1.037064194679260254e+00 2.433863654732704163e-02
5.083659999999768843e+03 9.897156953811645508e-01 2.380491234362125397e-02
5.085139999999768406e+03 1.040061354637145996e+00 2.430901117622852325e-02
5.086619999999767970e+03 1.026857972145080566e+00 2.421536110341548920e-02
5.088099999999767533e+03 1.046854019165039062e+00 2.441627345979213715e-02
5.089579999999767097e+03 1.016053199768066406e+00 2.401353977620601654e-02
5.091059999999766660e+03 1.000918865203857422e+00 2.389937266707420349e-02
5.092539999999766223e+03 1.033432245254516602e+00 2.413161098957061768e-02
5.094019999999765787e+03 1.030268311500549316e+00 2.436904609203338623e-02
5.095499999999765350e+03 1.019187450408935547e+00 2.407691255211830139e-02
5.096979999999764914e+03 1.068529844284057617e+00 2.461571432650089264e-02
5.098459999999764477e+03 1.032161951065063477e+00 2.421556226909160614e-02
5.099939999999764041e+03 1.026521921157836914e+00 2.418111264705657959e-02
5.101419999999763604e+03 1.002802610397338867e+00 2.403042651712894440e-02
5.102899999999763168e+03 1.031304359436035156e+00 2.424794621765613556e-02
5.104379999999762731e+03 1.026518821716308594e+00 2.425905130803585052e-02
5.105859999999762294e+03 1.033150553703308105e+00 2.434739097952842712e-02
5.107339999999761858e+03 1.022303462028503418e+00 2.415342256426811218e-02
5.108819999999761421e+03 1.007817268371582031e+00 2.395383268594741821e-02
5.110299999999760985e+03 1.064475536346435547e+00 2.461071126163005829e-02
5.111779999999760548e+03 1.062294244766235352e+00 2.448832988739013672e-02
5.113259999999760112e+03 9.930512905120849609e-01 2.373949438333511353e-02
5.114739999999759675e+03 1.018046379089355469e+00 2.408707328140735626e-02
5.116219999999759239e+03 1.033103585243225098e+00 2.418339811265468597e-02
5.117699999999758802e+03 1.053732156753540039e+00 2.448056451976299286e-02
5.119179999999758365e+03 1.049432635307312012e+00 2.425991371273994446e-02
5.120659999999757929e+03 1.029330611228942871e+00 2.409639209508895874e-02
5.122139999999757492e+03 9.815901517868041992e-01 2.353129163384437561e-02
5.123619999999757056e+03 1.003471374511718750e+00 2.371788956224918365e-02
5.125099999999756619e+03 1.053078174591064453e+00 2.439551427960395813e-02
5.126579999999756183e+03 1.040693998336791992e+00 2.412036992609500885e-02
5.128059999999755746e+03 1.021517872810363770e+00 2.396602369844913483e-02
5.129539999999755310e+03 1.013735294342041016e+00 2.388980798423290253e-02
5.131019999999754873e+03 1.043038487434387207e+00 2.419005520641803741e-02
5.132499999999754436e+03 1.006567001342773438e+00 2.375535294413566589e-02
5.133979999999754000e+03 1.009708404541015625e+00 2.383284829556941986e-02
5.135459999999753563e+03 9.815667867660522461e-01 2.341305837035179138e-02
5.136939999999753127e+03 1.024415016174316406e+00 2.403593063354492188e-02
5.138419999999752690e+03 1.028934478759765625e+00 2.408399805426597595e-02
5.139899999999752254e+03 9.897826910018920898e-01 2.346965111792087555e-02
5.141379999999751817e+03 9.745018482208251953e-01 2.343447320163249969e-02
5.142859999999751381e+03 9.943734407424926758e-01 2.361593209207057953e-02
5.144339999999750944e+03 1.044650077819824219e+00 2.423573285341262817e-02
5.145819999999750507e+03 9.771605730056762695e-01 2.348858676850795746e-02
5.147299999999750071e+03 9.909943342208862305e-01 2.360759302973747253e-02
5.148779999999749634e+03 1.049023747444152832e+00 2.410683408379554749e-02
5.150259999999749198e+03 1.008613228797912598e+00 2.377274818718433380e-02
5.151739999999748761e+03 1.029755353927612305e+00 2.392751909792423248e-02
5.153219999999748325e+03 1.023450851440429688e+00 2.397273853421211243e-02
5.154699999999747888e+03 1.019341707229614258e+00 2.382547967135906219e-02
5.156179999999747452e+03 1.025319576263427734e+00 2.390422113239765167e-02
5.157659999999747015e+03 1.015051603317260742e+00 2.375187166035175323e-02
5.159139999999746578e+03 1.007184743881225586e+00 2.369330264627933502e-02
5.160619999999746142e+03 9.985564351081848145e-01 2.368367649614810944e-02
5.162099999999745705e+03 1.006342649459838867e+00 2.371244877576828003e-02
5.163579999999745269e+03 1.022707462310791016e+00 2.388344332575798035e-02
5.165059999999744832e+03 1.003917455673217773e+00 2.354128099977970123e-02
5.166539999999744396e+03 1.018749713897705078e+00 2.371563389897346497e-02
5.168019999999743959e+03 1.005193233489990234e+00 2.358852140605449677e-02
5.169499999999743522e+03 1.012950778007507324e+00 2.355721965432167053e-02
5.170979999999743086e+03 1.004487037658691406e+00 2.350296638906002045e-02
5.172459999999742649e+03 1.020091652870178223e+00 2.374055981636047363e-02
5.173939999999742213e+03 1.018022775650024414e+00 2.375251427292823792e-02
5.175419999999741776e+03 1.017451763153076172e+00 2.370071224868297577e-02
5.176899999999741340e+03 1.021904230117797852e+00 2.372244372963905334e-02
5.178379999999740903e+03 1.017446041107177734e+00 2.363837696611881256e-02
5.179859999999740467e+03 1.044415712356567383e+00 2.382951788604259491e-02
5.181339999999740030e+03 1.017714738845825195e+00 2.352758310735225677e-02
5.182819999999739593e+03 9.746752977371215820e-01 2.304597757756710052e-02
5.184299999999739157e+03 9.808725118637084961e-01 2.315271273255348206e-02
5.185779999999738720e+03 1.001693129539489746e+00 2.344381250441074371e-02
5.187259999999738284e+03 9.972598552703857422e-01 2.343119680881500244e-02
5.188739999999737847e+03 9.920218586921691895e-01 2.331509254872798920e-02
5.190219999999737411e+03 1.015078783035278320e+00 2.360410615801811218e-02
5.191699999999736974e+03 1.012055277824401855e+00 2.339925989508628845e-02
5.193179999999736538e+03 1.019147276878356934e+00 2.353289537131786346e-02
5.194659999999736101e+03 9.789518117904663086e-01 2.311983518302440643e-02
5.196139999999735664e+03 1.006076574325561523e+00 2.360536158084869385e-02
5.197619999999735228e+03 9.826205968856811523e-01 2.324070781469345093e-02
5.199099999999734791e+03 9.438289403915405273e-01 2.265459671616554260e-02
5.200579999999734355e+03 1.000056028366088867e+00 2.337145246565341949e-02
5.202059999999733918e+03 1.008073210716247559e+00 2.349163964390754700e-02
5.203539999999733482e+03 9.727187752723693848e-01 2.313561178743839264e-02
5.205019999999733045e+03 9.691410064697265625e-01 2.284795604646205902e-02
5.206499999999732609e+03 9.516945481300354004e-01 2.260334603488445282e-02
5.207979999999732172e+03 9.733607769012451172e-01 2.300700731575489044e-02
5.209459999999731735e+03 9.664684534072875977e-01 2.302600629627704620e-02
5.210939999999731299e+03 9.745052456855773926e-01 2.310795709490776062e-02
5.212419999999730862e+03 1.034133553504943848e+00 2.362474426627159119e-02
5.213899999999730426e+03 1.024494528770446777e+00 2.352814190089702606e-02
5.215379999999729989e+03 1.067522764205932617e+00 2.417172305285930634e-02
5.216859999999729553e+03 1.010369420051574707e+00 2.338644489645957947e-02
5.218339999999729116e+03 9.968570470809936523e-01 2.324516698718070984e-02
5.219819999999728680e+03 9.363955259323120117e-01 2.252892963588237762e-02
5.221299999999728243e+03 9.848545193672180176e-01 2.318577840924263000e-02
5.222779999999727806e+03 9.650952816009521484e-01 2.294663898646831512e-02
5.224259999999727370e+03 9.601941704750061035e-01 2.273228019475936890e-02
5.225739999999726933e+03 9.380099177360534668e-01 2.254668809473514557e-02
5.227219999999726497e+03 9.885666370391845703e-01 2.312676981091499329e-02
5.228699999999726060e+03 9.888832569122314453e-01 2.305144071578979492e-02
5.230179999999725624e+03 1.009628772735595703e+00 2.342111617326736450e-02
5.231659999999725187e+03 9.934132099151611328e-01 2.323057316243648529e-02
5.233139999999724751e+03 9.634559154510498047e-01 2.275312133133411407e-02
5.234619999999724314e+03 9.846275448799133301e-01 2.309963107109069824e-02
5.236099999999723877e+03 9.698421359062194824e-01 2.290304191410541534e-02
5.237579999999723441e+03 9.483931064605712891e-01 2.268135175108909607e-02
5.239059999999723004e+03 9.739944934844970703e-01 2.302585728466510773e-02
5.240539999999722568e+03 9.951077699661254883e-01 2.324936725199222565e-02
5.242019999999722131e+03 9.774650335311889648e-01 2.286206744611263275e-02
5.243499999999721695e+03 9.685182571411132812e-01 2.281360514461994171e-02
5.244979999999721258e+03 9.776877164840698242e-01 2.302026748657226562e-02
5.246459999999720822e+03 9.892925024032592773e-01 2.305102720856666565e-02
5.247939999999720385e+03 9.874105453491210938e-01 2.315813675522804260e-02
5.249419999999719948e+03 9.572865366935729980e-01 2.264476008713245392e-02
5.250899999999719512e+03 9.943839311599731445e-01 2.296312525868415833e-02
5.252379999999719075e+03 9.631958007812500000e-01 2.262479253113269806e-02
5.253859999999718639e+03 1.003406524658203125e+00 2.320188097655773163e-02
5.255339999999718202e+03 9.976235628128051758e-01 2.318978123366832733e-02
5.256819999999717766e+03 9.597054123878479004e-01 2.269773557782173157e-02
5.258299999999717329e+03 9.716475605964660645e-01 2.269765734672546387e-02
5.259779999999716892e+03 9.843565225601196289e-01 2.295116893947124481e-02
5.261259999999716456e+03 9.631159305572509766e-01 2.267255075275897980e-02
5.262739999999716019e+03 9.663319587707519531e-01 2.269212342798709869e-02
5.264219999999715583e+03 9.629327058792114258e-01 2.265872806310653687e-02
5.265699999999715146e+03 9.631925821304321289e-01 2.263290248811244965e-02
5.267179999999714710e+03 9.540996551513671875e-01 2.258444763720035553e-02
5.268659999999714273e+03 9.840761423110961914e-01 2.288845553994178772e-02
5.270139999999713837e+03 9.714056253433227539e-01 2.272700332105159760e-02
5.271619999999713400e+03 9.915187954902648926e-01 2.295910380780696869e-02
5.273099999999712963e+03 9.865708351135253906e-01 2.284705638885498047e-02
5.274579999999712527e+03 9.499791860580444336e-01 2.250017412006855011e-02
5.276059999999712090e+03 9.491403698921203613e-01 2.249827794730663300e-02
5.277539999999711654e+03 9.825797080993652344e-01 2.284291945397853851e-02
5.279019999999711217e+03 9.659125208854675293e-01 2.269784547388553619e-02
5.280499999999710781e+03 9.636967182159423828e-01 2.268398925662040710e-02
5.281979999999710344e+03 9.408556222915649414e-01 2.228019200265407562e-02
5.283459999999709908e+03 9.650776386260986328e-01 2.262885496020317078e-02
5.284939999999709471e+03 9.745373129844665527e-01 2.264603041112422943e-02
5.286419999999709034e+03 9.786226749420166016e-01 2.291352674365043640e-02
5.287899999999708598e+03 9.726301431655883789e-01 2.275266125798225403e-02
5.289379999999708161e+03 9.437665939331054688e-01 2.243724465370178223e-02
5.290859999999707725e+03 9.550309181213378906e-01 2.251806110143661499e-02
5.292339999999707288e+03 9.712663888931274414e-01 2.277584746479988098e-02
5.293819999999706852e+03 9.372989535331726074e-01 2.227939479053020477e-02
5.295299999999706415e+03 9.458216428756713867e-01 2.231804467737674713e-02
5.296779999999705979e+03 9.797129631042480469e-01 2.280317991971969604e-02
5.298259999999705542e+03 9.850658178329467773e-01 2.285361476242542267e-02
5.299739999999705105e+03 9.455984830856323242e-01 2.242774888873100281e-02
5.301219999999704669e+03 9.405940175056457520e-01 2.230804227292537689e-02
5.302699999999704232e+03 9.718080759048461914e-01 2.264113351702690125e-02
5.304179999999703796e+03 9.322608113288879395e-01 2.215154841542243958e-02
5.305659999999703359e+03 9.536211490631103516e-01 2.263018675148487091e-02
5.307139999999702923e+03 9.585036635398864746e-01 2.257551439106464386e-02
5.308619999999702486e+03 9.320522546768188477e-01 2.218656800687313080e-02
5.310099999999702050e+03 9.606446027755737305e-01 2.256021462380886078e-02
5.311579999999701613e+03 9.803466200828552246e-01 2.283035404980182648e-02
5.313059999999701176e+03 9.647392034530639648e-01 2.269044704735279083e-02
5.314539999999700740e+03 9.571518301963806152e-01 2.241400443017482758e-02
5.316019999999700303e+03 9.507701396942138672e-01 2.250579372048377991e-02
5.317499999999699867e+03 9.707387089729309082e-01 2.255252934992313385e-02
5.318979999999699430e+03 9.457241296768188477e-01 2.239916101098060608e-02
5.320459999999698994e+03 9.608359336853027344e-01 2.248995751142501831e-02
5.321939999999698557e+03 9.562900066375732422e-01 2.254370972514152527e-02
5.323419999999698121e+03 9.687094688415527344e-01 2.265642024576663971e-02
5.324899999999697684e+03 9.402819871902465820e-01 2.238660492002964020e-02
5.326379999999697247e+03 9.434431791305541992e-01 2.231518179178237915e-02
5.327859999999696811e+03 9.756761789321899414e-01 2.270748093724250793e-02
5.329339999999696374e+03 9.408152103424072266e-01 2.222735621035099030e-02
5.330819999999695938e+03 9.389523267745971680e-01 2.223274111747741699e-02
5.332299999999695501e+03 9.405746459960937500e-01 2.221593447029590607e-02
5.333779999999695065e+03 9.423614144325256348e-01 2.223933301866054535e-02
5.335259999999694628e+03 9.519875645637512207e-01 2.238708734512329102e-02
5.336739999999694192e+03 9.242161512374877930e-01 2.197678759694099426e-02
5.338219999999693755e+03 9.597568511962890625e-01 2.242801152169704437e-02
5.339699999999693318e+03 9.613221287727355957e-01 2.255776710808277130e-02
5.341179999999692882e+03 9.488090276718139648e-01 2.224853821098804474e-02
5.342659999999692445e+03 9.473890066146850586e-01 2.226846665143966675e-02
5.344139999999692009e+03 9.252380132675170898e-01 2.207089774310588837e-02
5.345619999999691572e+03 9.416888952255249023e-01 2.216256782412528992e-02
5.347099999999691136e+03 9.475315809249877930e-01 2.230240963399410248e-02
5.348579999999690699e+03 9.205724596977233887e-01 2.189976349472999573e-02
5.350059999999690262e+03 9.434898495674133301e-01 2.229695394635200500e-02
5.351539999999689826e+03 9.727625846862792969e-01 2.242355979979038239e-02
5.353019999999689389e+03 9.614581465721130371e-01 2.242797054350376129e-02
5.354499999999688953e+03 9.205526113510131836e-01 2.195747382938861847e-02
5.355979999999688516e+03 9.554039239883422852e-01 2.229463681578636169e-02
5.357459999999688080e+03 9.482864141464233398e-01 2.223250642418861389e-02
5.358939999999687643e+03 9.377892017364501953e-01 2.211642079055309296e-02
5.360419999999687207e+03 9.129388928413391113e-01 2.188660018146038055e-02
5.361899999999686770e+03 9.539062380790710449e-01 2.227002754807472229e-02
5.363379999999686333e+03 9.254798293113708496e-01 2.193111367523670197e-02
5.364859999999685897e+03 9.157118201255798340e-01 2.187112532556056976e-02
5.366339999999685460e+03 9.289688467979431152e-01 2.192652598023414612e-02
5.367819999999685024e+03 9.599564075469970703e-01 2.224324084818363190e-02
5.369299999999684587e+03 9.793974161148071289e-01 2.247191593050956726e-02
5.370779999999684151e+03 9.433854818344116211e-01 2.205360494554042816e-02
5.372259999999683714e+03 9.619798660278320312e-01 2.230229228734970093e-02
5.373739999999683278e+03 9.578263163566589355e-01 2.221334166824817657e-02
5.375219999999682841e+03 9.289308786392211914e-01 2.184717170894145966e-02
5.376699999999682404e+03 9.359033703804016113e-01 2.198534831404685974e-02
5.378179999999681968e+03 9.487284421920776367e-01 2.217334322631359100e-02
5.379659999999681531e+03 9.260159730911254883e-01 2.185476757586002350e-02
5.381139999999681095e+03 8.983113765716552734e-01 2.160122245550155640e-02
5.382619999999680658e+03 9.334541559219360352e-01 2.186089754104614258e-02
5.384099999999680222e+03 8.992147445678710938e-01 2.152503468096256256e-02
5.385579999999679785e+03 9.165908694267272949e-01 2.174238488078117371e-02
5.387059999999679349e+03 9.367476105690002441e-01 2.205296978354454041e-02
5.388539999999678912e+03 9.319096803665161133e-01 2.188013680279254913e-02
5.390019999999678475e+03 9.200116395950317383e-01 2.175280824303627014e-02
5.391499999999678039e+03 9.473768472671508789e-01 2.213011123239994049e-02
5.392979999999677602e+03 9.155955314636230469e-01 2.181690372526645660e-02
5.394459999999677166e+03 9.481939673423767090e-01 2.205834724009037018e-02
5.395939999999676729e+03 9.528886079788208008e-01 2.201991714537143707e-02
5.397419999999676293e+03 9.149273037910461426e-01 2.164851874113082886e-02
5.398899999999675856e+03 9.301171898841857910e-01 2.182351797819137573e-02
5.400379999999675420e+03 9.634292721748352051e-01 2.223537862300872803e-02
5.401859999999674983e+03 9.408836364746093750e-01 2.201794646680355072e-02
5.403339999999674546e+03 9.218957424163818359e-01 2.182896435260772705e-02
5.404819999999674110e+03 8.788897991180419922e-01 2.132373116910457611e-02
5.406299999999673673e+03 9.037140607833862305e-01 2.149040624499320984e-02
5.407779999999673237e+03 9.221788048744201660e-01 2.177924290299415588e-02
5.409259999999672800e+03 9.109493494033813477e-01 2.168511040508747101e-02
5.410739999999672364e+03 9.411128759384155273e-01 2.194522134959697723e-02
5.412219999999671927e+03 9.275431632995605469e-01 2.181745134294033051e-02
5.413699999999671491e+03 8.948330879211425781e-01 2.145187743008136749e-02
5.415179999999671054e+03 9.369308948516845703e-01 2.189099416136741638e-02
5.416659999999670617e+03 9.504916667938232422e-01 2.204612083733081818e-02
5.418139999999670181e+03 9.247519969940185547e-01 2.175222150981426239e-02
5.419619999999669744e+03 9.274896979331970215e-01 2.179681137204170227e-02
5.421099999999669308e+03 9.182913303375244141e-01 2.158057875931262970e-02
5.422579999999668871e+03 8.980872631072998047e-01 2.140432037413120270e-02
5.424059999999668435e+03 8.745254278182983398e-01 2.116447128355503082e-02
5.425539999999667998e+03 8.751410841941833496e-01 2.119126170873641968e-02
5.427019999999667561e+03 9.313303828239440918e-01 2.178244292736053467e-02
5.428499999999667125e+03 9.116964340209960938e-01 2.157423458993434906e-02
5.429979999999666688e+03 8.966921567916870117e-01 2.141765132546424866e-02
5.431459999999666252e+03 9.058707952499389648e-01 2.151983790099620819e-02
5.432939999999665815e+03 9.088295102119445801e-01 2.151582948863506317e-02
5.434419999999665379e+03 9.159444570541381836e-01 2.154655382037162781e-02
5.435899999999664942e+03 8.841474056243896484e-01 2.122542448341846466e-02
5.437379999999664506e+03 8.655607700347900391e-01 2.100479789078235626e-02
5.438859999999664069e+03 9.324288368225097656e-01 2.179796993732452393e-02
5.440339999999663632e+03 9.307328462600708008e-01 2.171706408262252808e-02
5.441819999999663196e+03 9.169842004776000977e-01 2.157002128660678864e-02
5.443299999999662759e+03 9.221988916397094727e-01 2.165262773633003235e-02
5.444779999999662323e+03 9.022282361984252930e-01 2.135076560080051422e-02
5.446259999999661886e+03 9.031944870948791504e-01 2.136918529868125916e-02
5.447739999999661450e+03 8.634702563285827637e-01 2.094707265496253967e-02
5.449219999999661013e+03 8.778498172760009766e-01 2.103287912905216217e-02
5.450699999999660577e+03 8.948289155960083008e-01 2.130592055618762970e-02
5.452179999999660140e+03 8.930041790008544922e-01 2.137318998575210571e-02
5.453659999999659703e+03 9.551814794540405273e-01 2.188150584697723389e-02
5.455139999999659267e+03 8.917378187179565430e-01 2.126295492053031921e-02
5.456619999999658830e+03 8.904569149017333984e-01 2.130623906850814819e-02
5.458099999999658394e+03 9.089962244033813477e-01 2.144957520067691803e-02
5.459579999999657957e+03 9.201898574829101562e-01 2.158140763640403748e-02
5.461059999999657521e+03 8.860311508178710938e-01 2.121046371757984161e-02
5.462539999999657084e+03 8.925137519836425781e-01 2.130847051739692688e-02
5.464019999999656648e+03 8.744720816612243652e-01 2.108442783355712891e-02
5.465499999999656211e+03 8.845343589782714844e-01 2.107061631977558136e-02
5.466979999999655774e+03 8.800652027130126953e-01 2.106971479952335358e-02
5.468459999999655338e+03 8.951169848442077637e-01 2.129545435309410095e-02
5.469939999999654901e+03 8.629814386367797852e-01 2.075624652206897736e-02
5.471419999999654465e+03 8.687110543251037598e-01 2.088098041713237762e-02
5.472899999999654028e+03 9.122464656829833984e-01 2.155056409537792206e-02
5.474379999999653592e+03 9.243759512901306152e-01 2.159139141440391541e-02
5.475859999999653155e+03 9.014714360237121582e-01 2.124499715864658356e-02
5.477339999999652719e+03 8.726764321327209473e-01 2.095912210643291473e-02
5.478819999999652282e+03 8.855415582656860352e-01 2.112831361591815948e-02
5.480299999999651845e+03 9.041144251823425293e-01 2.129366248846054077e-02
5.481779999999651409e+03 9.181202650070190430e-01 2.152652479708194733e-02
5.483259999999650972e+03 8.666743636131286621e-01 2.085205353796482086e-02
5.484739999999650536e+03 8.596317768096923828e-01 2.077380195260047913e-02
5.486219999999650099e+03 9.084106683731079102e-01 2.141683548688888550e-02
5.487699999999649663e+03 8.835130333900451660e-01 2.112975157797336578e-02
5.489179999999649226e+03 8.805676102638244629e-01 2.117526531219482422e-02
5.490659999999648790e+03 8.869661092758178711e-01 2.111143060028553009e-02
5.492139999999648353e+03 9.079873561859130859e-01 2.143308147788047791e-02
5.493619999999647916e+03 8.595937490463256836e-01 2.075106091797351837e-02
5.495099999999647480e+03 8.766151666641235352e-01 2.102599479258060455e-02
5.496579999999647043e+03 9.137477874755859375e-01 2.148271352052688599e-02
5.498059999999646607e+03 8.831539750099182129e-01 2.106674015522003174e-02
5.499539999999646170e+03 9.098601341247558594e-01 2.127888239920139313e-02
5.501019999999645734e+03 8.806838989257812500e-01 2.107141166925430298e-02
5.502499999999645297e+03 8.905187845230102539e-01 2.113646268844604492e-02
5.503979999999644861e+03 9.040533900260925293e-01 2.127590030431747437e-02
5.505459999999644424e+03 8.762703537940979004e-01 2.097527310252189636e-02
5.506939999999643987e+03 8.769168853759765625e-01 2.092715539038181305e-02
5.508419999999643551e+03 8.840932846069335938e-01 2.111873403191566467e-02
5.509899999999643114e+03 8.559620976448059082e-01 2.068312466144561768e-02
5.511379999999642678e+03 8.667786121368408203e-01 2.084011957049369812e-02
5.512859999999642241e+03 8.998057246208190918e-01 2.120886929333209991e-02
5.514339999999641805e+03 8.844949007034301758e-01 2.107514254748821259e-02
5.515819999999641368e+03 8.574812412261962891e-01 2.065794542431831360e-02
5.517299999999640931e+03 8.761974573135375977e-01 2.097441442310810089e-02
5.518779999999640495e+03 8.826296925544738770e-01 2.103248052299022675e-02
5.520259999999640058e+03 8.872361183166503906e-01 2.113869599997997284e-02
5.521739999999639622e+03 8.671361207962036133e-01 2.071568928658962250e-02
5.523219999999639185e+03 8.894084095954895020e-01 2.096939273178577423e-02
5.524699999999638749e+03 8.554948568344116211e-01 2.077039517462253571e-02
5.526179999999638312e+03 8.627403378486633301e-01 2.075110748410224915e-02
5.527659999999637876e+03 8.878343701362609863e-01 2.102810144424438477e-02
5.529139999999637439e+03 8.539633750915527344e-01 2.063401788473129272e-02
5.530619999999637002e+03 8.538134098052978516e-01 2.058249525725841522e-02
5.532099999999636566e+03 8.593828082084655762e-01 2.062975987792015076e-02
5.533579999999636129e+03 9.053733944892883301e-01 2.119700983166694641e-02
5.535059999999635693e+03 9.313085079193115234e-01 2.159843035042285919e-02
5.536539999999635256e+03 9.083291292190551758e-01 2.120724506676197052e-02
5.538019999999634820e+03 8.466531634330749512e-01 2.047547511756420135e-02
5.539499999999634383e+03 8.602902889251708984e-01 2.070764265954494476e-02
5.540979999999633947e+03 8.844870924949645996e-01 2.094190008938312531e-02
5.542459999999633510e+03 8.643248081207275391e-01 2.077483758330345154e-02
5.543939999999633073e+03 8.760222196578979492e-01 2.089091576635837555e-02
5.545419999999632637e+03 8.755233287811279297e-01 2.085267752408981323e-02
5.546899999999632200e+03 8.807581663131713867e-01 2.086452022194862366e-02
5.548379999999631764e+03 8.863065838813781738e-01 2.087660692632198334e-02
5.549859999999631327e+03 8.393026590347290039e-01 2.036864683032035828e-02
5.551339999999630891e+03 8.371781110763549805e-01 2.036004513502120972e-02
5.552819999999630454e+03 8.686885833740234375e-01 2.067971974611282349e-02
5.554299999999630018e+03 9.064573049545288086e-01 2.116240933537483215e-02
5.555779999999629581e+03 8.984066247940063477e-01 2.108391188085079193e-02
5.557259999999629144e+03 9.010845422744750977e-01 2.121312171220779419e-02
5.558739999999628708e+03 8.847788572311401367e-01 2.096845209598541260e-02
5.560219999999628271e+03 8.638348579406738281e-01 2.065898850560188293e-02
5.561699999999627835e+03 8.592356443405151367e-01 2.073267474770545959e-02
5.563179999999627398e+03 8.761636018753051758e-01 2.091701515018939972e-02
5.564659999999626962e+03 8.245579600334167480e-01 2.029230445623397827e-02
5.566139999999626525e+03 8.385283946990966797e-01 2.042730525135993958e-02
5.567619999999626089e+03 8.518214225769042969e-01 2.049689553678035736e-02
5.569099999999625652e+03 8.407677412033081055e-01 2.055440843105316162e-02
5.570579999999625215e+03 8.647963404655456543e-01 2.074320055544376373e-02
5.572059999999624779e+03 8.736504316329956055e-01 2.074502781033515930e-02
5.573539999999624342e+03 8.380455374717712402e-01 2.069078758358955383e-02
5.575019999999623906e+03 8.246104717254638672e-01 2.492807991802692413e-02
5.576499999999623469e+03 9.415619373321533203e-01 2.905584126710891724e-02
5.577979999999623033e+03 8.593473434448242188e-01 2.554240822792053223e-02
5.579459999999622596e+03 8.004926443099975586e-01 2.039119601249694824e-02
5.580939999999622160e+03 8.282929658889770508e-01 2.022619172930717468e-02
5.582419999999621723e+03 8.640372753143310547e-01 2.065549045801162720e-02
5.583899999999621286e+03 8.905445337295532227e-01 2.080857753753662109e-02
5.585379999999620850e+03 8.631036281585693359e-01 2.074633538722991943e-02
5.586859999999620413e+03 8.581502437591552734e-01 2.050264179706573486e-02
5.588339999999619977e+03 8.251401185989379883e-01 2.014167420566082001e-02
5.589819999999619540e+03 8.435468077659606934e-01 2.043046802282333374e-02
5.591299999999619104e+03 8.383631110191345215e-01 2.020541764795780182e-02
5.592779999999618667e+03 8.480015993118286133e-01 2.046819962561130524e-02
5.594259999999618231e+03 8.735440969467163086e-01 2.070692554116249084e-02
5.595739999999617794e+03 8.630375862121582031e-01 2.065640874207019806e-02
5.597219999999617357e+03 8.243368864059448242e-01 2.020771428942680359e-02
5.598699999999616921e+03 8.460581302642822266e-01 2.039342559874057770e-02
5.600179999999616484e+03 8.472647070884704590e-01 2.047664113342761993e-02
5.601659999999616048e+03 8.700440526008605957e-01 2.063815854489803314e-02
5.603139999999615611e+03 8.124798536300659180e-01 1.999205164611339569e-02
5.604619999999615175e+03 8.278713226318359375e-01 2.031142264604568481e-02
5.606099999999614738e+03 8.141241073608398438e-01 2.013166807591915131e-02
5.607579999999614301e+03 8.067268729209899902e-01 1.997781917452812195e-02
5.609059999999613865e+03 8.352143764495849609e-01 2.027279883623123169e-02
5.610539999999613428e+03 8.249896168708801270e-01 2.012628875672817230e-02
5.612019999999612992e+03 7.993166446685791016e-01 1.987104304134845734e-02
5.613499999999612555e+03 8.279477357864379883e-01 2.018958143889904022e-02
5.614979999999612119e+03 8.529108762741088867e-01 2.050295285880565643e-02
5.616459999999611682e+03 8.569680452346801758e-01 2.047831565141677856e-02
5.617939999999611246e+03 8.381808996200561523e-01 2.032613381743431091e-02
5.619419999999610809e+03 8.133789300918579102e-01 1.998449303209781647e-02
5.620899999999610372e+03 8.361491560935974121e-01 2.034386247396469116e-02
5.622379999999609936e+03 8.427475094795227051e-01 2.051257900893688202e-02
5.623859999999609499e+03 8.370734453201293945e-01 2.019724808633327484e-02
5.625339999999609063e+03 8.624931573867797852e-01 2.059240452945232391e-02
5.626819999999608626e+03 8.794740438461303711e-01 2.082270197570323944e-02
5.628299999999608190e+03 8.376518487930297852e-01 2.028114348649978638e-02
5.629779999999607753e+03 8.305795788764953613e-01 2.018820121884346008e-02
5.631259999999607317e+03 8.422964811325073242e-01 2.034305222332477570e-02
5.632739999999606880e+03 8.390616178512573242e-01 2.029591798782348633e-02
5.634219999999606443e+03 8.196517825126647949e-01 2.004977129399776459e-02
5.635699999999606007e+03 8.472702503204345703e-01 2.034051343798637390e-02
5.637179999999605570e+03 8.402349948883056641e-01 2.032722905278205872e-02
5.638659999999605134e+03 8.110318183898925781e-01 2.001465111970901489e-02
5.640139999999604697e+03 8.132356405258178711e-01 1.997280865907669067e-02
5.641619999999604261e+03 8.047533035278320312e-01 1.986511796712875366e-02
5.643099999999603824e+03 7.998543977737426758e-01 1.979192160069942474e-02
5.644579999999603388e+03 8.088505268096923828e-01 1.983368955552577972e-02
5.646059999999602951e+03 8.246011734008789062e-01 2.013628184795379639e-02
5.647539999999602514e+03 8.092795610427856445e-01 1.994377002120018005e-02
5.649019999999602078e+03 7.993409633636474609e-01 1.968898065388202667e-02
5.650499999999601641e+03 8.344689011573791504e-01 2.026304416358470917e-02
5.651979999999601205e+03 8.299021720886230469e-01 2.013939060270786285e-02
5.653459999999600768e+03 8.075526356697082520e-01 1.990077272057533264e-02
5.654939999999600332e+03 7.985683679580688477e-01 1.975931599736213684e-02
5.656419999999599895e+03 8.041985630989074707e-01 1.971833407878875732e-02
5.657899999999599459e+03 8.158703446388244629e-01 2.002208866178989410e-02
5.659379999999599022e+03 7.968409061431884766e-01 1.972278952598571777e-02
5.660859999999598585e+03 8.023927211761474609e-01 1.971580460667610168e-02
5.662339999999598149e+03 8.336855173110961914e-01 2.024096436798572540e-02
5.663819999999597712e+03 8.430741429328918457e-01 2.029698528349399567e-02
5.665299999999597276e+03 8.073788881301879883e-01 1.992010883986949921e-02
5.666779999999596839e+03 7.788513898849487305e-01 1.959985680878162384e-02
5.668259999999596403e+03 8.180428147315979004e-01 1.996989548206329346e-02
5.669739999999595966e+03 8.213480710983276367e-01 2.002817578613758087e-02
5.671219999999595530e+03 8.155820369720458984e-01 1.990377157926559448e-02
5.672699999999595093e+03 8.155783414840698242e-01 1.995770633220672607e-02
5.674179999999594656e+03 8.388518095016479492e-01 2.018386684358119965e-02
5.675659999999594220e+03 8.193354010581970215e-01 2.002135664224624634e-02
5.677139999999593783e+03 7.824336886405944824e-01 1.959729380905628204e-02
5.678619999999593347e+03 8.106722831726074219e-01 1.983672380447387695e-02
5.680099999999592910e+03 8.235965967178344727e-01 2.014096081256866455e-02
5.681579999999592474e+03 7.911433577537536621e-01 1.977142132818698883e-02
5.683059999999592037e+03 8.141703605651855469e-01 1.996572501957416534e-02
5.684539999999591600e+03 8.099938631057739258e-01 1.993850059807300568e-02
5.686019999999591164e+03 7.823832631111145020e-01 1.954471878707408905e-02
5.687499999999590727e+03 7.927561998367309570e-01 1.976815797388553619e-02
5.688979999999590291e+03 7.998249530792236328e-01 1.975441351532936096e-02
5.690459999999589854e+03 7.944954633712768555e-01 1.968251541256904602e-02
5.691939999999589418e+03 8.068070411682128906e-01 1.983968913555145264e-02
5.693419999999588981e+03 8.060672283172607422e-01 1.988370902836322784e-02
5.694899999999588545e+03 8.039177656173706055e-01 1.982763595879077911e-02
5.696379999999588108e+03 8.108543157577514648e-01 1.993442326784133911e-02
5.697859999999587671e+03 8.092788457870483398e-01 1.990043185651302338e-02
5.699339999999587235e+03 8.169424533843994141e-01 1.996321044862270355e-02
5.700819999999586798e+03 7.852581739425659180e-01 1.965089514851570129e-02
5.702299999999586362e+03 8.004583120346069336e-01 1.972188986837863922e-02
5.703779999999585925e+03 8.413395881652832031e-01 2.036043070256710052e-02
5.705259999999585489e+03 8.024384975433349609e-01 1.974597945809364319e-02
5.706739999999585052e+03 7.974491119384765625e-01 1.969805359840393066e-02
5.708219999999584616e+03 8.430479764938354492e-01 2.029136009514331818e-02
5.709699999999584179e+03 8.382711410522460938e-01 2.023524418473243713e-02
5.711179999999583742e+03 7.906342744827270508e-01 1.959002390503883362e-02
5.712659999999583306e+03 7.805342078208923340e-01 1.950976625084877014e-02
5.714139999999582869e+03 8.241372108459472656e-01 2.005902677774429321e-02
5.715619999999582433e+03 8.197212219238281250e-01 1.993788592517375946e-02
5.717099999999581996e+03 8.222238421440124512e-01 1.999524980783462524e-02
5.718579999999581560e+03 8.087918162345886230e-01 1.989588886499404907e-02
5.720059999999581123e+03 7.774158120155334473e-01 1.942175254225730896e-02
5.721539999999580687e+03 8.055459856986999512e-01 1.982735469937324524e-02
5.723019999999580250e+03 8.357311487197875977e-01 2.015028521418571472e-02
5.724499999999579813e+03 8.030864000320434570e-01 1.981406286358833313e-02
5.725979999999579377e+03 7.759472131729125977e-01 1.949650980532169342e-02
5.727459999999578940e+03 7.953931689262390137e-01 1.963938400149345398e-02
5.728939999999578504e+03 7.797685861587524414e-01 1.951838470995426178e-02
5.730419999999578067e+03 7.929437160491943359e-01 1.971103809773921967e-02
5.731899999999577631e+03 8.213105201721191406e-01 1.994124613702297211e-02
5.733379999999577194e+03 7.954673767089843750e-01 1.966575719416141510e-02
5.734859999999576758e+03 8.133522868156433105e-01 1.989418826997280121e-02
5.736339999999576321e+03 8.091270923614501953e-01 1.987560279667377472e-02
5.737819999999575884e+03 7.961196899414062500e-01 1.966934837400913239e-02
5.739299999999575448e+03 7.953047752380371094e-01 1.962728984653949738e-02
5.740779999999575011e+03 8.014211654663085938e-01 1.968717388808727264e-02
5.742259999999574575e+03 8.171917200088500977e-01 1.997477561235427856e-02
5.743739999999574138e+03 8.040404319763183594e-01 1.978667080402374268e-02
5.745219999999573702e+03 7.722220420837402344e-01 1.927667669951915741e-02
5.746699999999573265e+03 7.915856838226318359e-01 1.962493732571601868e-02
5.748179999999572829e+03 8.131677508354187012e-01 1.980897597968578339e-02
5.749659999999572392e+03 7.815652489662170410e-01 1.945773698389530182e-02
5.751139999999571955e+03 7.658316493034362793e-01 1.927918568253517151e-02
5.752619999999571519e+03 7.905830144882202148e-01 1.950737088918685913e-02
5.754099999999571082e+03 8.056763410568237305e-01 1.981694065034389496e-02
5.755579999999570646e+03 8.044943213462829590e-01 1.976386271417140961e-02
5.757059999999570209e+03 7.885873317718505859e-01 1.966403983533382416e-02
5.758539999999569773e+03 7.701651453971862793e-01 1.929885894060134888e-02
5.760019999999569336e+03 7.985552549362182617e-01 1.966110058128833771e-02
5.761499999999568900e+03 7.892864942550659180e-01 1.957080885767936707e-02
5.762979999999568463e+03 8.025398254394531250e-01 1.970388740301132202e-02
5.764459999999568026e+03 7.661443948745727539e-01 1.922973804175853729e-02
5.765939999999567590e+03 7.790631055831909180e-01 1.940614357590675354e-02
5.767419999999567153e+03 7.802915573120117188e-01 1.949195563793182373e-02
5.768899999999566717e+03 7.614589333534240723e-01 1.919736340641975403e-02
5.770379999999566280e+03 7.768815755844116211e-01 1.931547001004219055e-02
5.771859999999565844e+03 8.458502292633056641e-01 2.023118548095226288e-02
5.773339999999565407e+03 8.213671445846557617e-01 1.997092552483081818e-02
5.774819999999564970e+03 7.894798517227172852e-01 1.948507688939571381e-02
5.776299999999564534e+03 7.911823987960815430e-01 1.951987110078334808e-02
5.777779999999564097e+03 7.869635820388793945e-01 1.943111233413219452e-02
5.779259999999563661e+03 7.827385663986206055e-01 1.946062408387660980e-02
5.780739999999563224e+03 7.875642776489257812e-01 1.944063417613506317e-02
5.782219999999562788e+03 7.885948419570922852e-01 1.943304389715194702e-02
5.783699999999562351e+03 8.157787322998046875e-01 1.988167874515056610e-02
5.785179999999561915e+03 7.851163744926452637e-01 1.942768692970275879e-02
5.786659999999561478e+03 8.071337938308715820e-01 1.964889839291572571e-02
5.788139999999561041e+03 7.979854345321655273e-01 1.961399987339973450e-02
5.789619999999560605e+03 8.002845644950866699e-01 1.959903724491596222e-02
5.791099999999560168e+03 8.117045760154724121e-01 1.972200721502304077e-02
5.792579999999559732e+03 8.019922971725463867e-01 1.960605569183826447e-02
5.794059999999559295e+03 8.036621809005737305e-01 1.959061995148658752e-02
5.795539999999558859e+03 8.013147115707397461e-01 1.961094327270984650e-02
5.797019999999558422e+03 7.861163020133972168e-01 1.937126182019710541e-02
5.798499999999557986e+03 8.220218420028686523e-01 1.979822665452957153e-02
5.799979999999557549e+03 8.267941474914550781e-01 1.991554349660873413e-02
5.801459999999557112e+03 8.128755092620849609e-01 1.973414793610572815e-02
5.802939999999556676e+03 8.311736583709716797e-01 1.989024505019187927e-02
5.804419999999556239e+03 8.044797778129577637e-01 1.951342634856700897e-02
5.805899999999555803e+03 8.249744176864624023e-01 1.987797766923904419e-02
5.807379999999555366e+03 8.232985734939575195e-01 1.982713490724563599e-02
5.808859999999554930e+03 8.595131039619445801e-01 2.021233178675174713e-02
5.810339999999554493e+03 8.279218673706054688e-01 1.985063776373863220e-02
5.811819999999554057e+03 8.482275009155273438e-01 2.005622349679470062e-02
5.813299999999553620e+03 8.621079325675964355e-01 2.020036429166793823e-02
5.814779999999553183e+03 8.728340864181518555e-01 2.030077017843723297e-02
5.816259999999552747e+03 8.261781930923461914e-01 1.979032345116138458e-02
5.817739999999552310e+03 8.293721675872802734e-01 1.984114199876785278e-02
5.819219999999551874e+03 8.316027522087097168e-01 1.985948160290718079e-02
5.820699999999551437e+03 8.332690596580505371e-01 1.989872939884662628e-02
5.822179999999551001e+03 8.450302481651306152e-01 1.998891308903694153e-02
5.823659999999550564e+03 8.353474736213684082e-01 1.993427798151969910e-02
5.825139999999550128e+03 8.418557047843933105e-01 2.003547921776771545e-02
5.826619999999549691e+03 8.490492105484008789e-01 2.009362168610095978e-02
5.828099999999549254e+03 8.218987584114074707e-01 1.971430145204067230e-02
5.829579999999548818e+03 8.215451240539550781e-01 1.976036466658115387e-02
5.831059999999548381e+03 8.241029977798461914e-01 1.986641064286231995e-02
5.832539999999547945e+03 8.019125461578369141e-01 1.943818293511867523e-02
5.834019999999547508e+03 8.082007169723510742e-01 1.948953419923782349e-02
5.835499999999547072e+03 8.254015445709228516e-01 1.979430206120014191e-02
5.836979999999546635e+03 8.453115820884704590e-01 2.002355828881263733e-02
5.838459999999546199e+03 8.427009582519531250e-01 1.990393362939357758e-02
5.839939999999545762e+03 8.384909629821777344e-01 2.001712284982204437e-02
5.841419999999545325e+03 8.383090496063232422e-01 1.998563669621944427e-02
5.842899999999544889e+03 8.430204391479492188e-01 1.989590562880039215e-02
5.844379999999544452e+03 8.416603803634643555e-01 1.998374052345752716e-02
5.845859999999544016e+03 8.256769180297851562e-01 1.972305402159690857e-02
5.847339999999543579e+03 8.140027523040771484e-01 1.961274445056915283e-02
5.848819999999543143e+03 8.179795742034912109e-01 1.964792981743812561e-02
5.850299999999542706e+03 8.155964612960815430e-01 1.948061771690845490e-02
5.851779999999542270e+03 8.270841836929321289e-01 1.973533444106578827e-02
5.853259999999541833e+03 8.087505102157592773e-01 1.958805322647094727e-02
5.854739999999541396e+03 7.984274625778198242e-01 1.937910914421081543e-02
5.856219999999540960e+03 8.286633491516113281e-01 1.967705972492694855e-02
5.857699999999540523e+03 8.226339817047119141e-01 1.961482502520084381e-02
5.859179999999540087e+03 7.895367145538330078e-01 1.930200308561325073e-02
5.860659999999539650e+03 8.053287267684936523e-01 1.947550475597381592e-02
5.862139999999539214e+03 8.163082599639892578e-01 1.955639384686946869e-02
5.863619999999538777e+03 8.132295608520507812e-01 1.955781504511833191e-02
5.865099999999538340e+03 7.895678281784057617e-01 1.945793442428112030e-02
5.866579999999537904e+03 7.998753786087036133e-01 1.965647935867309570e-02
5.868059999999537467e+03 8.244122266769409180e-01 1.967718638479709625e-02
5.869539999999537031e+03 7.780809402465820312e-01 1.908744685351848602e-02
5.871019999999536594e+03 7.408376336097717285e-01 1.870464906096458435e-02
5.872499999999536158e+03 7.426059246063232422e-01 1.870686374604701996e-02
5.873979999999535721e+03 7.552627325057983398e-01 1.885164715349674225e-02
5.875459999999535285e+03 7.874844074249267578e-01 1.911718584597110748e-02
5.876939999999534848e+03 7.869538068771362305e-01 1.923390477895736694e-02
5.878419999999534411e+03 7.482291460037231445e-01 1.868118904531002045e-02
5.879899999999533975e+03 7.552491426467895508e-01 1.881358586251735687e-02
5.881379999999533538e+03 7.879723310470581055e-01 1.925419829785823822e-02
5.882859999999533102e+03 7.675175666809082031e-01 1.897980831563472748e-02
5.884339999999532665e+03 7.614500522613525391e-01 1.887315139174461365e-02
5.885819999999532229e+03 7.563238143920898438e-01 1.899488642811775208e-02
5.887299999999531792e+03 7.362664937973022461e-01 1.937334798276424408e-02
5.888779999999531356e+03 7.011703252792358398e-01 1.930198259651660919e-02
5.890259999999530919e+03 7.126429080963134766e-01 1.932839676737785339e-02
5.891739999999530482e+03 1.207157135009765625e+00 2.391527965664863586e-02
5.893219999999530046e+03 2.305303573608398438e+00 3.276149183511734009e-02
5.894699999999529609e+03 2.294505119323730469e+00 3.291012346744537354e-02
5.896179999999529173e+03 1.186161160469055176e+00 2.393477968871593475e-02
5.897659999999528736e+03 7.581145167350769043e-01 1.881830580532550812e-02
5.899139999999528300e+03 7.489677667617797852e-01 1.869433932006359100e-02
5.900619999999527863e+03 7.613813877105712891e-01 1.886876113712787628e-02
5.902099999999527427e+03 7.473033666610717773e-01 1.871477439999580383e-02
5.903579999999526990e+03 7.187939882278442383e-01 1.842959970235824585e-02
5.905059999999526553e+03 7.380601167678833008e-01 1.872476935386657715e-02
5.906539999999526117e+03 7.209448814392089844e-01 1.857872307300567627e-02
5.908019999999525680e+03 7.440080642700195312e-01 1.872351579368114471e-02
5.909499999999525244e+03 7.628521919250488281e-01 1.895787380635738373e-02
5.910979999999524807e+03 7.053238153457641602e-01 1.823077350854873657e-02
5.912459999999524371e+03 7.451677322387695312e-01 1.873571053147315979e-02
5.913939999999523934e+03 7.412033081054687500e-01 1.901398412883281708e-02
5.915419999999523498e+03 7.309490442276000977e-01 1.877055875957012177e-02
5.916899999999523061e+03 7.489726543426513672e-01 1.884329691529273987e-02
5.918379999999522624e+03 7.478467822074890137e-01 1.872719265520572662e-02
5.919859999999522188e+03 7.437329888343811035e-01 1.871754974126815796e-02
5.921339999999521751e+03 7.774065732955932617e-01 1.911095902323722839e-02
5.922819999999521315e+03 7.213292717933654785e-01 1.846447773277759552e-02
5.924299999999520878e+03 7.143186330795288086e-01 1.842455007135868073e-02
5.925779999999520442e+03 7.132434844970703125e-01 1.835941150784492493e-02
5.927259999999520005e+03 7.531517744064331055e-01 1.881787739694118500e-02
5.928739999999519569e+03 7.591961622238159180e-01 1.891702599823474884e-02
5.930219999999519132e+03 7.470121383666992188e-01 1.872860454022884369e-02
5.931699999999518695e+03 7.430491447448730469e-01 1.902227662503719330e-02
5.933179999999518259e+03 7.420232295989990234e-01 1.893245987594127655e-02
5.934659999999517822e+03 7.156679630279541016e-01 1.840062625706195831e-02
5.936139999999517386e+03 7.372217178344726562e-01 1.866673864424228668e-02
5.937619999999516949e+03 7.597405910491943359e-01 1.887097768485546112e-02
5.939099999999516513e+03 6.837171316146850586e-01 1.786854490637779236e-02
5.940579999999516076e+03 7.153254747390747070e-01 1.836025901138782501e-02
5.942059999999515640e+03 7.273899316787719727e-01 1.833879016339778900e-02
5.943539999999515203e+03 7.061248421669006348e-01 1.824104040861129761e-02
5.945019999999514766e+03 7.115150690078735352e-01 1.833340153098106384e-02
5.946499999999514330e+03 7.328279614448547363e-01 1.848968677222728729e-02
5.947979999999513893e+03 7.139776945114135742e-01 1.825772412121295929e-02
5.949459999999513457e+03 6.924803256988525391e-01 1.807203888893127441e-02
5.950939999999513020e+03 7.115203738212585449e-01 1.833427883684635162e-02
5.952419999999512584e+03 7.027252912521362305e-01 1.843977533280849457e-02
5.953899999999512147e+03 7.272229194641113281e-01 1.862171478569507599e-02
5.955379999999511710e+03 7.182392477989196777e-01 1.832766644656658173e-02
5.956859999999511274e+03 7.004406452178955078e-01 1.801148243248462677e-02
5.958339999999510837e+03 6.955980062484741211e-01 1.798262819647789001e-02
5.959819999999510401e+03 7.208228707313537598e-01 1.839864812791347504e-02
5.961299999999509964e+03 7.200118303298950195e-01 1.819077879190444946e-02
5.962779999999509528e+03 7.235821485519409180e-01 1.828432269394397736e-02
5.964259999999509091e+03 7.301576733589172363e-01 1.838952116668224335e-02
5.965739999999508655e+03 6.954240798950195312e-01 1.789902709424495697e-02
5.967219999999508218e+03 6.895924806594848633e-01 1.795576885342597961e-02
5.968699999999507781e+03 7.092499732971191406e-01 1.821111142635345459e-02
5.970179999999507345e+03 7.104701995849609375e-01 1.822479441761970520e-02
5.971659999999506908e+03 7.258250713348388672e-01 1.839895360171794891e-02
5.973139999999506472e+03 7.229259014129638672e-01 1.832899078726768494e-02
5.974619999999506035e+03 7.247429490089416504e-01 1.844171620905399323e-02
5.976099999999505599e+03 7.188138961791992188e-01 1.846770010888576508e-02
5.977579999999505162e+03 7.081433534622192383e-01 1.813510805368423462e-02
5.979059999999504726e+03 7.185232639312744141e-01 1.825343631207942963e-02
5.980539999999504289e+03 7.351211309432983398e-01 1.846073381602764130e-02
5.982019999999503852e+03 6.921667456626892090e-01 1.785626448690891266e-02
5.983499999999503416e+03 6.840488910675048828e-01 1.782818324863910675e-02
5.984979999999502979e+03 7.193402051925659180e-01 1.820650883018970490e-02
5.986459999999502543e+03 7.161819338798522949e-01 1.818219944834709167e-02
5.987939999999502106e+03 6.980807781219482422e-01 1.797707751393318176e-02
5.989419999999501670e+03 7.111364603042602539e-01 1.812868937849998474e-02
5.990899999999501233e+03 7.095403075218200684e-01 1.815375126898288727e-02
5.992379999999500797e+03 7.135623097419738770e-01 1.810321584343910217e-02
5.993859999999500360e+03 7.079546451568603516e-01 1.796776987612247467e-02
5.995339999999499923e+03 6.955045461654663086e-01 1.790492981672286987e-02
5.996819999999499487e+03 7.059433460235595703e-01 1.809797063469886780e-02
5.998299999999499050e+03 6.931767463684082031e-01 1.786616630852222443e-02
5.999779999999498614e+03 6.929267644882202148e-01 1.781672611832618713e-02
6.001259999999498177e+03 6.855745911598205566e-01 1.783458516001701355e-02
6.002739999999497741e+03 6.808347702026367188e-01 1.781812682747840881e-02
6.004219999999497304e+03 7.046169042587280273e-01 1.803518645465373993e-02
6.005699999999496868e+03 7.037414312362670898e-01 1.796319521963596344e-02
6.007179999999496431e+03 6.960570812225341797e-01 1.779222674667835236e-02
6.008659999999495994e+03 7.123847007751464844e-01 1.806125044822692871e-02
6.010139999999495558e+03 7.290745973587036133e-01 1.844517514109611511e-02
6.011619999999495121e+03 7.008855342864990234e-01 1.799710094928741455e-02
6.013099999999494685e+03 6.967949867248535156e-01 1.789282076060771942e-02
6.014579999999494248e+03 6.923034191131591797e-01 1.784565113484859467e-02
6.016059999999493812e+03 6.760962605476379395e-01 1.767514273524284363e-02
6.017539999999493375e+03 6.729258298873901367e-01 1.764938980340957642e-02
6.019019999999492939e+03 6.879320144653320312e-01 1.776174455881118774e-02
6.020499999999492502e+03 6.842790246009826660e-01 1.775526069104671478e-02
6.021979999999492065e+03 6.942565441131591797e-01 1.795918121933937073e-02
6.023459999999491629e+03 6.649775505065917969e-01 1.749035157263278961e-02
6.024939999999491192e+03 6.726853251457214355e-01 1.761162653565406799e-02
6.026419999999490756e+03 6.668145656585693359e-01 1.754146441817283630e-02
6.027899999999490319e+03 6.873292922973632812e-01 1.779374480247497559e-02
6.029379999999489883e+03 6.849021911621093750e-01 1.775901950895786285e-02
6.030859999999489446e+03 7.034491896629333496e-01 1.798342727124691010e-02
6.032339999999489009e+03 6.926459074020385742e-01 1.784852147102355957e-02
6.033819999999488573e+03 6.455300450325012207e-01 1.718513108789920807e-02
6.035299999999488136e+03 6.881837248802185059e-01 1.786372251808643341e-02
6.036779999999487700e+03 7.128186225891113281e-01 1.788806542754173279e-02
6.038259999999487263e+03 6.911419034004211426e-01 1.781065575778484344e-02
6.039739999999486827e+03 6.739345192909240723e-01 1.750722154974937439e-02
6.041219999999486390e+03 6.616088747978210449e-01 1.734132878482341766e-02
6.042699999999485954e+03 6.966013908386230469e-01 1.791198365390300751e-02
6.044179999999485517e+03 6.858566999435424805e-01 1.769830100238323212e-02
6.045659999999485080e+03 6.903009414672851562e-01 1.763710938394069672e-02
6.047139999999484644e+03 6.633665561676025391e-01 1.736002229154109955e-02
6.048619999999484207e+03 7.109040617942810059e-01 1.794631779193878174e-02
6.050099999999483771e+03 7.025250792503356934e-01 1.790664158761501312e-02
6.051579999999483334e+03 7.078738212585449219e-01 1.795635744929313660e-02
6.053059999999482898e+03 6.757450699806213379e-01 1.755393482744693756e-02
6.054539999999482461e+03 6.640578508377075195e-01 1.740767061710357666e-02
6.056019999999482025e+03 6.798095703125000000e-01 1.766373403370380402e-02
6.057499999999481588e+03 7.210640311241149902e-01 1.815373264253139496e-02
6.058979999999481151e+03 6.830947995185852051e-01 1.756413467228412628e-02
6.060459999999480715e+03 6.851623058319091797e-01 1.763943023979663849e-02
6.061939999999480278e+03 6.812567710876464844e-01 1.766891591250896454e-02
6.063419999999479842e+03 6.756067276000976562e-01 1.757439225912094116e-02
6.064899999999479405e+03 6.729997992515563965e-01 1.753897033631801605e-02
6.066379999999478969e+03 6.897209882736206055e-01 1.776407845318317413e-02
6.067859999999478532e+03 6.725434660911560059e-01 1.754450611770153046e-02
6.069339999999478096e+03 6.838029026985168457e-01 1.765542291104793549e-02
6.070819999999477659e+03 6.928529739379882812e-01 1.772730983793735504e-02
6.072299999999477222e+03 6.781433820724487305e-01 1.761014573276042938e-02
6.073779999999476786e+03 6.980133056640625000e-01 1.782722026109695435e-02
6.075259999999476349e+03 6.737440824508666992e-01 1.747929304838180542e-02
6.076739999999475913e+03 6.704325675964355469e-01 1.752869598567485809e-02
6.078219999999475476e+03 7.021940946578979492e-01 1.784968562424182892e-02
6.079699999999475040e+03 6.857928037643432617e-01 1.762120611965656281e-02
6.081179999999474603e+03 6.437924504280090332e-01 1.714949496090412140e-02
6.082659999999474167e+03 6.552131175994873047e-01 1.726913265883922577e-02
6.084139999999473730e+03 6.828256249427795410e-01 1.759744808077812195e-02
6.085619999999473293e+03 6.615178585052490234e-01 1.731448620557785034e-02
6.087099999999472857e+03 6.794741153717041016e-01 1.754966191947460175e-02
6.088579999999472420e+03 6.932154893875122070e-01 1.775565743446350098e-02
6.090059999999471984e+03 6.691085696220397949e-01 1.743516512215137482e-02
6.091539999999471547e+03 6.719757318496704102e-01 1.748149655759334564e-02
6.093019999999471111e+03 6.661630868911743164e-01 1.742052659392356873e-02
6.094499999999470674e+03 6.709893941879272461e-01 1.738786138594150543e-02
6.095979999999470238e+03 6.758301258087158203e-01 1.752035506069660187e-02
6.097459999999469801e+03 6.922045946121215820e-01 1.766308397054672241e-02
6.098939999999469364e+03 6.509202718734741211e-01 1.723865792155265808e-02
6.100419999999468928e+03 6.474584937095642090e-01 1.718166843056678772e-02
6.101899999999468491e+03 6.607157588005065918e-01 1.725304499268531799e-02
6.103379999999468055e+03 6.793779134750366211e-01 1.752952113747596741e-02
6.104859999999467618e+03 6.540875434875488281e-01 1.725249737501144409e-02
6.106339999999467182e+03 6.568855047225952148e-01 1.711656153202056885e-02
6.107819999999466745e+03 6.954243183135986328e-01 1.771710999310016632e-02
6.109299999999466309e+03 6.728699207305908203e-01 1.751684397459030151e-02
6.110779999999465872e+03 6.771265268325805664e-01 1.743024960160255432e-02
6.112259999999465435e+03 6.481947898864746094e-01 1.716100051999092102e-02
6.113739999999464999e+03 6.536251902580261230e-01 1.708935573697090149e-02
6.115219999999464562e+03 6.798075437545776367e-01 1.752579770982265472e-02
6.116699999999464126e+03 6.749385595321655273e-01 1.752068102359771729e-02
6.118179999999463689e+03 6.487206220626831055e-01 1.714638620615005493e-02
6.119659999999463253e+03 6.614484190940856934e-01 1.734770089387893677e-02
6.121139999999462816e+03 6.556304097175598145e-01 1.716481521725654602e-02
6.122619999999462379e+03 6.468561887741088867e-01 1.710845530033111572e-02
6.124099999999461943e+03 6.591989994049072266e-01 1.727820187807083130e-02
6.125579999999461506e+03 6.774136424064636230e-01 1.738256216049194336e-02
6.127059999999461070e+03 6.960568428039550781e-01 1.769096963107585907e-02
6.128539999999460633e+03 6.593834161758422852e-01 1.729651726782321930e-02
6.130019999999460197e+03 6.779026985168457031e-01 1.742136478424072266e-02
6.131499999999459760e+03 6.874353885650634766e-01 1.753959991037845612e-02
6.132979999999459324e+03 6.626545190811157227e-01 1.730162464082241058e-02
6.134459999999458887e+03 6.382274031639099121e-01 1.690960675477981567e-02
6.135939999999458450e+03 6.430625319480895996e-01 1.701272837817668915e-02
6.137419999999458014e+03 6.655347347259521484e-01 1.738517917692661285e-02
6.138899999999457577e+03 6.641710996627807617e-01 1.733337156474590302e-02
6.140379999999457141e+03 6.632808446884155273e-01 1.728326641023159027e-02
6.141859999999456704e+03 6.493495702743530273e-01 1.707031205296516418e-02
6.143339999999456268e+03 6.426436305046081543e-01 1.702726259827613831e-02
6.144819999999455831e+03 6.616848111152648926e-01 1.731276139616966248e-02
6.146299999999455395e+03 6.602972745895385742e-01 1.713891513645648956e-02
6.147779999999454958e+03 6.423076391220092773e-01 1.695712283253669739e-02
6.149259999999454521e+03 6.281396150588989258e-01 1.687506586313247681e-02
6.150739999999454085e+03 6.531972885131835938e-01 1.719672232866287231e-02
6.152219999999453648e+03 6.631096005439758301e-01 1.726531051099300385e-02
6.153699999999453212e+03 6.400738954544067383e-01 1.692432723939418793e-02
6.155179999999452775e+03 6.412629485130310059e-01 1.697709970176219940e-02
6.156659999999452339e+03 6.340270042419433594e-01 1.683278940618038177e-02
6.158139999999451902e+03 6.413479447364807129e-01 1.696718856692314148e-02
6.159619999999451466e+03 6.314614415168762207e-01 1.679684594273567200e-02
6.161099999999451029e+03 6.232171058654785156e-01 1.678149215877056122e-02
6.162579999999450592e+03 6.437870264053344727e-01 1.702501997351646423e-02
6.164059999999450156e+03 6.561017632484436035e-01 1.709822751581668854e-02
6.165539999999449719e+03 6.439827680587768555e-01 1.697014458477497101e-02
6.167019999999449283e+03 6.358882188796997070e-01 1.697206869721412659e-02
6.168499999999448846e+03 6.435990333557128906e-01 1.711049675941467285e-02
6.169979999999448410e+03 6.346011161804199219e-01 1.701603271067142487e-02
6.171459999999447973e+03 6.724649667739868164e-01 1.752126030623912811e-02
6.172939999999447537e+03 6.460285186767578125e-01 1.691724918782711029e-02
6.174419999999447100e+03 6.329365968704223633e-01 1.690891571342945099e-02
6.175899999999446663e+03 6.369026899337768555e-01 1.688804291188716888e-02
6.177379999999446227e+03 6.332580447196960449e-01 1.677245274186134338e-02
6.178859999999445790e+03 6.384228467941284180e-01 1.699290983378887177e-02
6.180339999999445354e+03 6.244370937347412109e-01 1.669837534427642822e-02
6.181819999999444917e+03 6.274644136428833008e-01 1.674930937588214874e-02
6.183299999999444481e+03 6.445637345314025879e-01 1.702130399644374847e-02
6.184779999999444044e+03 6.208987236022949219e-01 1.669210009276866913e-02
6.186259999999443608e+03 6.292510032653808594e-01 1.671521365642547607e-02
6.187739999999443171e+03 6.436254978179931641e-01 1.696324907243251801e-02
6.189219999999442734e+03 6.191926002502441406e-01 1.660499908030033112e-02
6.190699999999442298e+03 6.271005868911743164e-01 1.678898744285106659e-02
6.192179999999441861e+03 6.248090267181396484e-01 1.669343188405036926e-02
6.193659999999441425e+03 6.382117271423339844e-01 1.685978285968303680e-02
6.195139999999440988e+03 6.457951068878173828e-01 1.701130345463752747e-02
6.196619999999440552e+03 6.556720137596130371e-01 1.708775572478771210e-02
6.198099999999440115e+03 6.635925769805908203e-01 1.714737527072429657e-02
6.199579999999439679e+03 6.283308267593383789e-01 1.682210154831409454e-02
6.201059999999439242e+03 6.345819234848022461e-01 1.700218021869659424e-02
6.202539999999438805e+03 6.635863780975341797e-01 1.736813224852085114e-02
6.204019999999438369e+03 6.523795723915100098e-01 1.708222366869449615e-02
6.205499999999437932e+03 6.456893682479858398e-01 1.699251867830753326e-02
6.206979999999437496e+03 6.472902297973632812e-01 1.704460754990577698e-02
6.208459999999437059e+03 6.459557414054870605e-01 1.695313490927219391e-02
6.209939999999436623e+03 6.356348395347595215e-01 1.687424816191196442e-02
6.211419999999436186e+03 6.168794035911560059e-01 1.666056923568248749e-02
6.212899999999435749e+03 6.188849210739135742e-01 1.672697812318801880e-02
6.214379999999435313e+03 6.184319257736206055e-01 1.653085649013519287e-02
6.215859999999434876e+03 6.313273906707763672e-01 1.681083627045154572e-02
6.217339999999434440e+03 6.429664492607116699e-01 1.701119169592857361e-02
6.218819999999434003e+03 6.649755239486694336e-01 1.724505610764026642e-02
6.220299999999433567e+03 6.433025598526000977e-01 1.697119325399398804e-02
6.221779999999433130e+03 6.378105878829956055e-01 1.697113923728466034e-02
6.223259999999432694e+03 6.396627426147460938e-01 1.700326241552829742e-02
6.224739999999432257e+03 6.243046522140502930e-01 1.670080609619617462e-02
6.226219999999431820e+03 6.172096133232116699e-01 1.652504876255989075e-02
6.227699999999431384e+03 6.258962154388427734e-01 1.661411486566066742e-02
6.229179999999430947e+03 6.206611394882202148e-01 1.662689447402954102e-02
6.230659999999430511e+03 6.293783187866210938e-01 1.682358421385288239e-02
6.232139999999430074e+03 6.826283931732177734e-01 1.753123477101325989e-02
6.233619999999429638e+03 6.279476284980773926e-01 1.716668158769607544e-02
6.235099999999429201e+03 6.211333274841308594e-01 1.734717004001140594e-02
6.236579999999428765e+03 6.204841136932373047e-01 1.716070808470249176e-02
6.238059999999428328e+03 6.074469089508056641e-01 1.658119820058345795e-02
6.239539999999427891e+03 6.153491735458374023e-01 1.673587411642074585e-02
6.241019999999427455e+03 6.376881599426269531e-01 1.704552397131919861e-02
6.242499999999427018e+03 6.213347911834716797e-01 1.683655194938182831e-02
6.243979999999426582e+03 6.095359325408935547e-01 1.656396687030792236e-02
6.245459999999426145e+03 6.387683153152465820e-01 1.693339645862579346e-02
6.246939999999425709e+03 6.168030500411987305e-01 1.670366339385509491e-02
6.248419999999425272e+03 5.871127843856811523e-01 1.620001159608364105e-02
6.249899999999424836e+03 6.127617359161376953e-01 1.649450510740280151e-02
6.251379999999424399e+03 6.149584054946899414e-01 1.662288419902324677e-02
6.252859999999423962e+03 5.996733903884887695e-01 1.632291264832019806e-02
6.254339999999423526e+03 6.113752126693725586e-01 1.650680601596832275e-02
6.255819999999423089e+03 6.123770475387573242e-01 1.699622534215450287e-02
6.257299999999422653e+03 6.179696917533874512e-01 1.732036471366882324e-02
6.258779999999422216e+03 6.351903676986694336e-01 1.723599806427955627e-02
6.260259999999421780e+03 6.133379936218261719e-01 1.658786274492740631e-02
6.261739999999421343e+03 6.106738448143005371e-01 1.654083654284477234e-02
6.263219999999420907e+03 6.151170730590820312e-01 1.667383126914501190e-02
6.264699999999420470e+03 5.996304750442504883e-01 1.649548672139644623e-02
6.266179999999420033e+03 5.857002139091491699e-01 1.629708334803581238e-02
6.267659999999419597e+03 5.909420847892761230e-01 1.620686799287796021e-02
6.269139999999419160e+03 6.154958605766296387e-01 1.662733405828475952e-02
6.270619999999418724e+03 5.923571586608886719e-01 1.618115790188312531e-02
6.272099999999418287e+03 5.940371155738830566e-01 1.625570654869079590e-02
6.273579999999417851e+03 6.291900873184204102e-01 1.674394868314266205e-02
6.275059999999417414e+03 6.002241373062133789e-01 1.639431715011596680e-02
6.276539999999416978e+03 5.802439451217651367e-01 1.614028587937355042e-02
6.278019999999416541e+03 5.748181343078613281e-01 1.607509143650531769e-02
6.279499999999416104e+03 5.782252550125122070e-01 1.607035845518112183e-02
6.280979999999415668e+03 6.030873060226440430e-01 1.634260453283786774e-02
6.282459999999415231e+03 5.834908485412597656e-01 1.602906920015811920e-02
6.283939999999414795e+03 5.841974020004272461e-01 1.617522537708282471e-02
6.285419999999414358e+03 6.191747188568115234e-01 1.682764291763305664e-02
6.286899999999413922e+03 6.083679199218750000e-01 1.699322462081909180e-02
6.288379999999413485e+03 5.953021049499511719e-01 1.669687777757644653e-02
6.289859999999413048e+03 5.978462696075439453e-01 1.634157076478004456e-02
6.291339999999412612e+03 5.862694978713989258e-01 1.621307246387004852e-02
6.292819999999412175e+03 6.063656806945800781e-01 1.641190238296985626e-02
6.294299999999411739e+03 6.028670072555541992e-01 1.634405367076396942e-02
6.295779999999411302e+03 6.034812927246093750e-01 1.639511995017528534e-02
6.297259999999410866e+03 5.873947143554687500e-01 1.673952303826808929e-02
6.298739999999410429e+03 6.151861548423767090e-01 1.869511418044567108e-02
6.300219999999409993e+03 6.417276263236999512e-01 1.932936161756515503e-02
6.301699999999409556e+03 5.884684324264526367e-01 1.724264770746231079e-02
6.303179999999409119e+03 5.905228257179260254e-01 1.630054786801338196e-02
6.304659999999408683e+03 6.174664497375488281e-01 1.694785617291927338e-02
6.306139999999408246e+03 5.942329168319702148e-01 1.691680960357189178e-02
6.307619999999407810e+03 5.929229259490966797e-01 1.668369956314563751e-02
6.309099999999407373e+03 6.127636432647705078e-01 1.649902947247028351e-02
6.310579999999406937e+03 5.936688184738159180e-01 1.615449786186218262e-02
6.312059999999406500e+03 5.991940498352050781e-01 1.623077690601348877e-02
6.313539999999406064e+03 6.019554734230041504e-01 1.631999574601650238e-02
6.315019999999405627e+03 5.984756946563720703e-01 1.624748669564723969e-02
6.316499999999405190e+03 5.868169665336608887e-01 1.608320698142051697e-02
6.317979999999404754e+03 6.567132472991943359e-01 1.700769923627376556e-02
6.319459999999404317e+03 8.254436254501342773e-01 1.922386512160301208e-02
6.320939999999403881e+03 8.059033155441284180e-01 1.890568062663078308e-02
6.322419999999403444e+03 6.711564064025878906e-01 1.725281588733196259e-02
6.323899999999403008e+03 6.305533647537231445e-01 1.667607948184013367e-02
6.325379999999402571e+03 6.053609848022460938e-01 1.622145250439643860e-02
6.326859999999402135e+03 5.930407047271728516e-01 1.629792712628841400e-02
6.328339999999401698e+03 5.913642048835754395e-01 1.660934835672378540e-02
6.329819999999401261e+03 6.764736175537109375e-01 1.783163659274578094e-02
6.331299999999400825e+03 7.258305549621582031e-01 1.786519587039947510e-02
6.332779999999400388e+03 6.987928152084350586e-01 1.745206303894519806e-02
6.334259999999399952e+03 6.427958607673645020e-01 1.674939319491386414e-02
6.335739999999399515e+03 6.010460853576660156e-01 1.634242944419384003e-02
6.337219999999399079e+03 6.259588003158569336e-01 1.659554056823253632e-02
6.338699999999398642e+03 6.198209524154663086e-01 1.649942249059677124e-02
6.340179999999398206e+03 5.757585763931274414e-01 1.589813828468322754e-02
6.341659999999397769e+03 5.970144271850585938e-01 1.629029028117656708e-02
6.343139999999397332e+03 6.233951449394226074e-01 1.660647429525852203e-02
6.344619999999396896e+03 6.105070114135742188e-01 1.640740782022476196e-02
6.346099999999396459e+03 5.845370292663574219e-01 1.620512641966342926e-02
6.347579999999396023e+03 5.744485259056091309e-01 1.606531068682670593e-02
6.349059999999395586e+03 5.891187787055969238e-01 1.626772247254848480e-02
6.350539999999395150e+03 5.854461193084716797e-01 1.615608297288417816e-02
6.352019999999394713e+03 5.741352438926696777e-01 1.592759415507316589e-02
6.353499999999394277e+03 5.772356986999511719e-01 1.605555415153503418e-02
6.354979999999393840e+03 5.929906368255615234e-01 1.648248359560966492e-02
6.356459999999393403e+03 5.908814668655395508e-01 1.637615635991096497e-02
6.357939999999392967e+03 5.796470642089843750e-01 1.599583961069583893e-02
6.359419999999392530e+03 5.763157606124877930e-01 1.598487794399261475e-02
6.360899999999392094e+03 5.772361755371093750e-01 1.611101999878883362e-02
6.362379999999391657e+03 6.211892366409301758e-01 1.720581762492656708e-02
6.363859999999391221e+03 5.826878547668457031e-01 1.690076477825641632e-02
6.365339999999390784e+03 6.066210269927978516e-01 1.663622632622718811e-02
6.366819999999390348e+03 6.315980553627014160e-01 1.657179743051528931e-02
6.368299999999389911e+03 6.218755245208740234e-01 1.642862521111965179e-02
6.369779999999389474e+03 5.908287763595581055e-01 1.612752489745616913e-02
6.371259999999389038e+03 5.929437875747680664e-01 1.606769114732742310e-02
6.372739999999388601e+03 5.885404348373413086e-01 1.606312580406665802e-02
6.374219999999388165e+03 5.841799974441528320e-01 1.603123545646667480e-02
6.375699999999387728e+03 6.063720583915710449e-01 1.628663763403892517e-02
6.377179999999387292e+03 5.724546909332275391e-01 1.593495532870292664e-02
6.378659999999386855e+03 5.794171094894409180e-01 1.600167900323867798e-02
6.380139999999386418e+03 6.023480892181396484e-01 1.631009951233863831e-02
6.381619999999385982e+03 6.121702194213867188e-01 1.647500693798065186e-02
6.383099999999385545e+03 6.525097489356994629e-01 1.693207211792469025e-02
6.384579999999385109e+03 6.615406274795532227e-01 1.709211990237236023e-02
6.386059999999384672e+03 6.148501038551330566e-01 1.657520607113838196e-02
6.387539999999384236e+03 6.058330535888671875e-01 1.632390916347503662e-02
6.389019999999383799e+03 5.965372323989868164e-01 1.616581156849861145e-02
6.390499999999383363e+03 5.911170244216918945e-01 1.612750440835952759e-02
6.391979999999382926e+03 6.184161901473999023e-01 1.652712002396583557e-02
6.393459999999382489e+03 5.908777713775634766e-01 1.610823906958103180e-02
6.394939999999382053e+03 5.651028752326965332e-01 1.566938683390617371e-02
6.396419999999381616e+03 5.947387218475341797e-01 1.614992506802082062e-02
6.397899999999381180e+03 5.962247848510742188e-01 1.608684472739696503e-02
6.399379999999380743e+03 5.947377085685729980e-01 1.613319851458072662e-02
6.400859999999380307e+03 5.942034721374511719e-01 1.617263443768024445e-02
6.402339999999379870e+03 6.109486222267150879e-01 1.640864647924900055e-02
6.403819999999379434e+03 5.909448266029357910e-01 1.609947904944419861e-02
6.405299999999378997e+03 5.896037817001342773e-01 1.604102179408073425e-02
6.406779999999378560e+03 6.107277274131774902e-01 1.630100235342979431e-02
6.408259999999378124e+03 6.141624450683593750e-01 1.637145876884460449e-02
6.409739999999377687e+03 5.696114301681518555e-01 1.574632711708545685e-02
6.411219999999377251e+03 5.679450035095214844e-01 1.573903486132621765e-02
6.412699999999376814e+03 5.609672069549560547e-01 1.581682078540325165e-02
6.414179999999376378e+03 5.635212659835815430e-01 1.556677743792533875e-02
6.415659999999375941e+03 5.842757821083068848e-01 1.601551286876201630e-02
6.417139999999375505e+03 6.031015515327453613e-01 1.630620285868644714e-02
6.418619999999375068e+03 5.838136076927185059e-01 1.595942117273807526e-02
6.420099999999374631e+03 5.817357301712036133e-01 1.600498519837856293e-02
6.421579999999374195e+03 6.118329167366027832e-01 1.651348359882831573e-02
6.423059999999373758e+03 5.833680629730224609e-01 1.591149345040321350e-02
6.424539999999373322e+03 5.805450677871704102e-01 1.584368757903575897e-02
6.426019999999372885e+03 6.004735231399536133e-01 1.612488552927970886e-02
6.427499999999372449e+03 5.812042951583862305e-01 1.582497917115688324e-02
6.428979999999372012e+03 5.701805949211120605e-01 1.570011489093303680e-02
6.430459999999371576e+03 5.757587552070617676e-01 1.580834388732910156e-02
6.431939999999371139e+03 5.810880661010742188e-01 1.594055630266666412e-02
6.433419999999370702e+03 5.884155035018920898e-01 1.602084189653396606e-02
6.434899999999370266e+03 5.582187175750732422e-01 1.555381808429956436e-02
6.436379999999369829e+03 5.601679086685180664e-01 1.559325307607650757e-02
6.437859999999369393e+03 5.932388305664062500e-01 1.609341986477375031e-02
6.439339999999368956e+03 5.596987009048461914e-01 1.570226438343524933e-02
6.440819999999368520e+03 5.878365039825439453e-01 1.596481911838054657e-02
6.442299999999368083e+03 5.991786122322082520e-01 1.620872132480144501e-02
6.443779999999367647e+03 5.768599510192871094e-01 1.589572429656982422e-02
6.445259999999367210e+03 5.451656579971313477e-01 1.539396587759256363e-02
6.446739999999366773e+03 5.544665455818176270e-01 1.554052531719207764e-02
6.448219999999366337e+03 5.687973499298095703e-01 1.583161950111389160e-02
6.449699999999365900e+03 5.533689856529235840e-01 1.559874415397644043e-02
6.451179999999365464e+03 5.846967101097106934e-01 1.602012105286121368e-02
6.452659999999365027e+03 5.772637128829956055e-01 1.590735465288162231e-02
6.454139999999364591e+03 5.908538103103637695e-01 1.612232811748981476e-02
6.455619999999364154e+03 5.995417833328247070e-01 1.613942533731460571e-02
6.457099999999363718e+03 5.849058628082275391e-01 1.603997685015201569e-02
6.458579999999363281e+03 5.905308723449707031e-01 1.610016822814941406e-02
6.460059999999362844e+03 5.755189657211303711e-01 1.586308889091014862e-02
6.461539999999362408e+03 5.658500194549560547e-01 1.580679789185523987e-02
6.463019999999361971e+03 5.691839456558227539e-01 1.600368134677410126e-02
6.464499999999361535e+03 5.708354115486145020e-01 1.613566465675830841e-02
6.465979999999361098e+03 5.627645254135131836e-01 1.594099402427673340e-02
6.467459999999360662e+03 5.633385181427001953e-01 1.587709039449691772e-02
6.468939999999360225e+03 5.670738220214843750e-01 1.597947441041469574e-02
6.470419999999359788e+03 5.816908478736877441e-01 1.625112630426883698e-02
6.471899999999359352e+03 6.028482913970947266e-01 1.643937639892101288e-02
6.473379999999358915e+03 5.719012022018432617e-01 1.588919945061206818e-02
6.474859999999358479e+03 5.431442260742187500e-01 1.547663286328315735e-02
6.476339999999358042e+03 5.815421342849731445e-01 1.597273536026477814e-02
6.477819999999357606e+03 5.920610427856445312e-01 1.619152724742889404e-02
6.479299999999357169e+03 5.737058520317077637e-01 1.584552600979804993e-02
6.480779999999356733e+03 5.892221927642822266e-01 1.603239215910434723e-02
6.482259999999356296e+03 5.591363906860351562e-01 1.566134952008724213e-02
6.483739999999355859e+03 5.879962444305419922e-01 1.597040332853794098e-02
6.485219999999355423e+03 5.804544091224670410e-01 1.590138487517833710e-02
6.486699999999354986e+03 5.902104377746582031e-01 1.607130467891693115e-02
6.488179999999354550e+03 5.834326744079589844e-01 1.595815643668174744e-02
6.489659999999354113e+03 5.806362032890319824e-01 1.586392149329185486e-02
6.491139999999353677e+03 5.689543485641479492e-01 1.565428823232650757e-02
6.492619999999353240e+03 5.580415725708007812e-01 1.568520441651344299e-02
6.494099999999352804e+03 5.748016834259033203e-01 1.585199870169162750e-02
6.495579999999352367e+03 5.741721987724304199e-01 1.596050523221492767e-02
6.497059999999351930e+03 5.992928743362426758e-01 1.689662411808967590e-02
6.498539999999351494e+03 5.942716598510742188e-01 1.685109175741672516e-02
6.500019999999351057e+03 5.601592659950256348e-01 1.587367989122867584e-02
6.501499999999350621e+03 5.714700222015380859e-01 1.587157696485519409e-02
6.502979999999350184e+03 5.776950120925903320e-01 1.597410626709461212e-02
6.504459999999349748e+03 5.745337605476379395e-01 1.593392156064510345e-02
6.505939999999349311e+03 5.696423053741455078e-01 1.587021723389625549e-02
6.507419999999348875e+03 5.688893198966979980e-01 1.576265878975391388e-02
6.508899999999348438e+03 5.796080827713012695e-01 1.586599275469779968e-02
6.510379999999348001e+03 5.661467313766479492e-01 1.576020754873752594e-02
6.511859999999347565e+03 5.535013079643249512e-01 1.559762936085462570e-02
6.513339999999347128e+03 5.634442567825317383e-01 1.568100415170192719e-02
6.514819999999346692e+03 5.534390807151794434e-01 1.561494171619415283e-02
6.516299999999346255e+03 5.383282899856567383e-01 1.531405746936798096e-02
6.517779999999345819e+03 5.506815314292907715e-01 1.548162754625082016e-02
6.519259999999345382e+03 5.803854465484619141e-01 1.597296819090843201e-02
6.520739999999344946e+03 5.804565548896789551e-01 1.607672125101089478e-02
6.522219999999344509e+03 5.600984096527099609e-01 1.573922298848628998e-02
6.523699999999344072e+03 5.625414252281188965e-01 1.574293151497840881e-02
6.525179999999343636e+03 5.662657022476196289e-01 1.573722995817661285e-02
6.526659999999343199e+03 5.705871582031250000e-01 1.587629318237304688e-02
6.528139999999342763e+03 5.834250450134277344e-01 1.589177176356315613e-02
6.529619999999342326e+03 5.572533607482910156e-01 1.567905582487583160e-02
6.531099999999341890e+03 5.655303001403808594e-01 1.610473915934562683e-02
6.532579999999341453e+03 5.829361677169799805e-01 1.640431955456733704e-02
6.534059999999341017e+03 5.790487527847290039e-01 1.618064567446708679e-02
6.535539999999340580e+03 5.514849424362182617e-01 1.547977980226278305e-02
6.537019999999340143e+03 5.652120113372802734e-01 1.567125134170055389e-02
6.538499999999339707e+03 5.757348537445068359e-01 1.581414043903350830e-02
6.539979999999339270e+03 5.555661916732788086e-01 1.558499317616224289e-02
6.541459999999338834e+03 5.717589855194091797e-01 1.594862528145313263e-02
6.542939999999338397e+03 5.814548730850219727e-01 1.614350080490112305e-02
6.544419999999337961e+03 5.590570569038391113e-01 1.571498997509479523e-02
6.545899999999337524e+03 5.666446685791015625e-01 1.569102890789508820e-02
6.547379999999337088e+03 5.750341415405273438e-01 1.579678617417812347e-02
6.548859999999336651e+03 5.577101111412048340e-01 1.556787174195051193e-02
6.550339999999336214e+03 5.591152906417846680e-01 1.575244218111038208e-02
6.551819999999335778e+03 5.691660046577453613e-01 1.630846038460731506e-02
6.553299999999335341e+03 5.824755430221557617e-01 1.651613414287567139e-02
6.554779999999334905e+03 5.763065814971923828e-01 1.615046709775924683e-02
6.556259999999334468e+03 5.639305114746093750e-01 1.564691774547100067e-02
6.557739999999334032e+03 5.978322625160217285e-01 1.609053835272789001e-02
6.559219999999333595e+03 5.644438266754150391e-01 1.578900776803493500e-02
6.560699999999333158e+03 5.857782363891601562e-01 1.637141220271587372e-02
6.562179999999332722e+03 5.778031945228576660e-01 1.645824685692787170e-02
6.563659999999332285e+03 6.003993749618530273e-01 1.633304543793201447e-02
6.565139999999331849e+03 6.397491097450256348e-01 1.674155704677104950e-02
6.566619999999331412e+03 1.412927865982055664e+00 2.465534955263137817e-02
6.568099999999330976e+03 2.305228948593139648e+00 3.142233565449714661e-02
6.569579999999330539e+03 1.916537046432495117e+00 2.865367941558361053e-02
6.571059999999330103e+03 9.331766366958618164e-01 2.009236440062522888e-02
6.572539999999329666e+03 6.549289226531982422e-01 1.674306392669677734e-02
6.574019999999329229e+03 6.485045552253723145e-01 1.679684408009052277e-02
6.575499999999328793e+03 6.424461603164672852e-01 1.706781797111034393e-02
6.576979999999328356e+03 6.664583683013916016e-01 1.740171387791633606e-02
6.578459999999327920e+03 8.254501819610595703e-01 1.906919293105602264e-02
6.579939999999327483e+03 2.313136100769042969e+00 4.046668857336044312e-02
6.581419999999327047e+03 2.198556900024414062e+01 9.739518910646438599e-02
6.582899999999326610e+03 3.867314147949218750e+01 1.090142950415611267e-01
6.584379999999326174e+03 3.233512496948242188e+01 7.220170646905899048e-02
6.585859999999325737e+03 7.074422836303710938e+00 6.503497809171676636e-02
6.587339999999325300e+03 8.303946256637573242e-01 1.862896233797073364e-02
6.588819999999324864e+03 7.297760248184204102e-01 1.777185872197151184e-02
6.590299999999324427e+03 6.621234416961669922e-01 1.686950400471687317e-02
6.591779999999323991e+03 6.338660717010498047e-01 1.658565737307071686e-02
6.593259999999323554e+03 6.266340613365173340e-01 1.637005247175693512e-02
6.594739999999323118e+03 6.250778436660766602e-01 1.650008745491504669e-02
6.596219999999322681e+03 6.241853237152099609e-01 1.654273457825183868e-02
6.597699999999322245e+03 6.305876970291137695e-01 1.652274467051029205e-02
6.599179999999321808e+03 6.475884914398193359e-01 1.672255992889404297e-02
6.600659999999321371e+03 6.883426308631896973e-01 1.709649525582790375e-02
6.602139999999320935e+03 3.339816093444824219e+00 3.801510483026504517e-02
6.603619999999320498e+03 5.887186527252197266e+00 5.050231888890266418e-02
6.605099999999320062e+03 4.457326889038085938e+00 4.370447620749473572e-02
6.606579999999319625e+03 1.413228631019592285e+00 2.441961877048015594e-02
6.608059999999319189e+03 5.792779922485351562e-01 1.585314795374870300e-02
6.609539999999318752e+03 5.611368417739868164e-01 1.554562989622354507e-02
6.611019999999318316e+03 5.714141130447387695e-01 1.571017131209373474e-02
6.612499999999317879e+03 5.742758512496948242e-01 1.570728234946727753e-02
6.613979999999317442e+03 5.703130960464477539e-01 1.566771976649761200e-02
6.615459999999317006e+03 5.549429059028625488e-01 1.547196693718433380e-02
6.616939999999316569e+03 5.571233630180358887e-01 1.557544525712728500e-02
6.618419999999316133e+03 5.497864484786987305e-01 1.550495438277721405e-02
6.619899999999315696e+03 5.461327433586120605e-01 1.533202081918716431e-02
6.621379999999315260e+03 5.757287740707397461e-01 1.578648760914802551e-02
6.622859999999314823e+03 5.775034427642822266e-01 1.578803919255733490e-02
6.624339999999314387e+03 5.554637312889099121e-01 1.549559552222490311e-02
6.625819999999313950e+03 5.314539670944213867e-01 1.517688576132059097e-02
6.627299999999313513e+03 5.395121574401855469e-01 1.535884290933609009e-02
6.628779999999313077e+03 5.456464290618896484e-01 1.531762257218360901e-02
6.630259999999312640e+03 5.300740003585815430e-01 1.520939450711011887e-02
6.631739999999312204e+03 5.404407978057861328e-01 1.532305497676134109e-02
6.633219999999311767e+03 5.464301109313964844e-01 1.545611210167407990e-02
6.634699999999311331e+03 5.741543769836425781e-01 1.578230969607830048e-02
6.636179999999310894e+03 5.488865971565246582e-01 1.542209181934595108e-02
6.637659999999310457e+03 5.243148803710937500e-01 1.502642035484313965e-02
6.639139999999310021e+03 5.304120779037475586e-01 1.515145227313041687e-02
6.640619999999309584e+03 5.277276635169982910e-01 1.511551439762115479e-02
6.642099999999309148e+03 5.326637625694274902e-01 1.518797315657138824e-02
6.643579999999308711e+03 5.393139123916625977e-01 1.520089525729417801e-02
6.645059999999308275e+03 5.325979590415954590e-01 1.510334480553865433e-02
6.646539999999307838e+03 5.369200110435485840e-01 1.523991767317056656e-02
6.648019999999307402e+03 5.459566116333007812e-01 1.534698624163866043e-02
6.649499999999306965e+03 5.425277352333068848e-01 1.533552352339029312e-02
6.650979999999306528e+03 5.306822657585144043e-01 1.514600403606891632e-02
6.652459999999306092e+03 5.362392663955688477e-01 1.518370211124420166e-02
6.653939999999305655e+03 5.258873701095581055e-01 1.506432518362998962e-02
6.655419999999305219e+03 5.325189232826232910e-01 1.514072902500629425e-02
6.656899999999304782e+03 5.482236146926879883e-01 1.537010911852121353e-02
6.658379999999304346e+03 5.384345054626464844e-01 1.521543785929679871e-02
6.659859999999303909e+03 5.415380597114562988e-01 1.533504202961921692e-02
6.661339999999303473e+03 5.496293902397155762e-01 1.535076461732387543e-02
6.662819999999303036e+03 5.489891767501831055e-01 1.532468292862176895e-02
6.664299999999302599e+03 5.376292467117309570e-01 1.522052660584449768e-02
6.665779999999302163e+03 5.522409677505493164e-01 1.542130578309297562e-02
6.667259999999301726e+03 5.305586457252502441e-01 1.509007345885038376e-02
6.668739999999301290e+03 5.391004681587219238e-01 1.522993855178356171e-02
6.670219999999300853e+03 5.418484807014465332e-01 1.530928537249565125e-02
6.671699999999300417e+03 5.482980012893676758e-01 1.532532926648855209e-02
6.673179999999299980e+03 5.426759123802185059e-01 1.521858386695384979e-02
6.674659999999299544e+03 5.259003639221191406e-01 1.503894384950399399e-02
6.676139999999299107e+03 5.278732180595397949e-01 1.505802292376756668e-02
6.677619999999298670e+03 5.468132495880126953e-01 1.523553952574729919e-02
6.679099999999298234e+03 5.454065799713134766e-01 1.521198172122240067e-02
6.680579999999297797e+03 5.360296368598937988e-01 1.513100322335958481e-02
6.682059999999297361e+03 5.281617641448974609e-01 1.505440752953290939e-02
6.683539999999296924e+03 5.127670764923095703e-01 1.480533275753259659e-02
6.685019999999296488e+03 5.416448116302490234e-01 1.522689405828714371e-02
6.686499999999296051e+03 5.458630919456481934e-01 1.524425949901342392e-02
6.687979999999295615e+03 5.329975485801696777e-01 1.510078366845846176e-02
6.689459999999295178e+03 5.293422937393188477e-01 1.509235613048076630e-02
6.690939999999294741e+03 5.478405952453613281e-01 1.530411094427108765e-02
6.692419999999294305e+03 5.444734096527099609e-01 1.518089044839143753e-02
6.693899999999293868e+03 5.112446546554565430e-01 1.483122725039720535e-02
6.695379999999293432e+03 5.230082273483276367e-01 1.495228335261344910e-02
6.696859999999292995e+03 7.219962477684020996e-01 1.742709800601005554e-02
6.698339999999292559e+03 1.001029968261718750e+00 2.065075188875198364e-02
6.699819999999292122e+03 9.236701130867004395e-01 1.981369964778423309e-02
6.701299999999291686e+03 6.307257413864135742e-01 1.644603349268436432e-02
6.702779999999291249e+03 5.430957078933715820e-01 1.526568084955215454e-02
6.704259999999290812e+03 5.304228067398071289e-01 1.505852397531270981e-02
6.705739999999290376e+03 5.180289745330810547e-01 1.491144951432943344e-02
6.707219999999289939e+03 5.233277082443237305e-01 1.499748509377241135e-02
6.708699999999289503e+03 5.308896899223327637e-01 1.507074665278196335e-02
6.710179999999289066e+03 5.539768338203430176e-01 1.538224704563617706e-02
6.711659999999288630e+03 5.595828890800476074e-01 1.544547919183969498e-02
6.713139999999288193e+03 5.392900109291076660e-01 1.516159158200025558e-02
6.714619999999287757e+03 5.502761602401733398e-01 1.532732043415307999e-02
6.716099999999287320e+03 5.549475550651550293e-01 1.537066884338855743e-02
6.717579999999286883e+03 5.350866317749023438e-01 1.502933166921138763e-02
6.719059999999286447e+03 5.425220131874084473e-01 1.523292716592550278e-02
6.720539999999286010e+03 5.098170042037963867e-01 1.473912224173545837e-02
6.722019999999285574e+03 5.239722728729248047e-01 1.489134319126605988e-02
6.723499999999285137e+03 5.214137434959411621e-01 1.497201062738895416e-02
6.724979999999284701e+03 5.327091217041015625e-01 1.505776029080152512e-02
6.726459999999284264e+03 5.253816246986389160e-01 1.499399449676275253e-02
6.727939999999283827e+03 5.481259226799011230e-01 1.525671314448118210e-02
6.729419999999283391e+03 5.633097887039184570e-01 1.553469710052013397e-02
6.730899999999282954e+03 5.371186137199401855e-01 1.526182889938354492e-02
6.732379999999282518e+03 5.409350395202636719e-01 1.522777508944272995e-02
6.733859999999282081e+03 5.883274078369140625e-01 1.580132544040679932e-02
6.735339999999281645e+03 1.944520950317382812e+00 2.851045876741409302e-02
6.736819999999281208e+03 3.364092350006103516e+00 3.753660619258880615e-02
6.738299999999280772e+03 2.729641437530517578e+00 3.380161523818969727e-02
6.739779999999280335e+03 1.041377544403076172e+00 2.089072763919830322e-02
6.741259999999279898e+03 5.447270870208740234e-01 1.521707419306039810e-02
6.742739999999279462e+03 5.122312307357788086e-01 1.481512468308210373e-02
6.744219999999279025e+03 5.223389863967895508e-01 1.491429563611745834e-02
6.745699999999278589e+03 5.450308918952941895e-01 1.518624089658260345e-02
6.747179999999278152e+03 5.385885238647460938e-01 1.521304063498973846e-02
6.748659999999277716e+03 7.635071277618408203e-01 1.793859153985977173e-02
6.750139999999277279e+03 1.997137665748596191e+00 2.887985669076442719e-02
6.751619999999276843e+03 2.775850534439086914e+00 3.392906859517097473e-02
6.753099999999276406e+03 1.846719264984130859e+00 2.793314680457115173e-02
6.754579999999275969e+03 7.274014353752136230e-01 1.751559041440486908e-02
6.756059999999275533e+03 5.514855384826660156e-01 1.527348812669515610e-02
6.757539999999275096e+03 5.162978172302246094e-01 1.481862831860780716e-02
6.759019999999274660e+03 4.824290573596954346e-01 1.434437930583953857e-02
6.760499999999274223e+03 4.943319261074066162e-01 1.440796628594398499e-02
6.761979999999273787e+03 5.096572637557983398e-01 1.471793465316295624e-02
6.763459999999273350e+03 5.078905820846557617e-01 1.470502838492393494e-02
6.764939999999272914e+03 5.191019773483276367e-01 1.479215826839208603e-02
6.766419999999272477e+03 5.241884589195251465e-01 1.482887379825115204e-02
6.767899999999272040e+03 5.164221525192260742e-01 1.477003376930952072e-02
6.769379999999271604e+03 5.207223892211914062e-01 1.484716776758432388e-02
6.770859999999271167e+03 5.135272145271301270e-01 1.467713620513677597e-02
6.772339999999270731e+03 5.112913250923156738e-01 1.466959808021783829e-02
6.773819999999270294e+03 5.117388367652893066e-01 1.478586439043283463e-02
6.775299999999269858e+03 4.903405308723449707e-01 1.446959283202886581e-02
6.776779999999269421e+03 5.061826705932617188e-01 1.463456917554140091e-02
6.778259999999268985e+03 5.110498666763305664e-01 1.473181042820215225e-02
6.779739999999268548e+03 4.956435561180114746e-01 1.443651411682367325e-02
6.781219999999268111e+03 4.893622994422912598e-01 1.441098656505346298e-02
6.782699999999267675e+03 5.203424692153930664e-01 1.476217340677976608e-02
6.784179999999267238e+03 5.135371685028076172e-01 1.473864354193210602e-02
6.785659999999266802e+03 5.006701946258544922e-01 1.452137064188718796e-02
6.787139999999266365e+03 4.903455674648284912e-01 1.447310391813516617e-02
6.788619999999265929e+03 4.927694499492645264e-01 1.445987261831760406e-02
6.790099999999265492e+03 4.946231842041015625e-01 1.447204966098070145e-02
6.791579999999265056e+03 5.220059156417846680e-01 1.484958175569772720e-02
6.793059999999264619e+03 5.060104131698608398e-01 1.467225234955549240e-02
6.794539999999264182e+03 5.087616443634033203e-01 1.468329131603240967e-02
6.796019999999263746e+03 5.117055773735046387e-01 1.469705626368522644e-02
6.797499999999263309e+03 5.006735324859619141e-01 1.453213207423686981e-02
6.798979999999262873e+03 5.135449767112731934e-01 1.472838129848241806e-02
6.800459999999262436e+03 5.137885212898254395e-01 1.472854241728782654e-02
6.801939999999262000e+03 5.101962685585021973e-01 1.463746838271617889e-02
6.803419999999261563e+03 5.008547306060791016e-01 1.457357965409755707e-02
6.804899999999261127e+03 4.941678345203399658e-01 1.449601724743843079e-02
6.806379999999260690e+03 5.057077407836914062e-01 1.453598216176033020e-02
6.807859999999260253e+03 4.936412870883941650e-01 1.448230352252721786e-02
6.809339999999259817e+03 5.009166002273559570e-01 1.455698348581790924e-02
6.810819999999259380e+03 4.895079433917999268e-01 1.439947076141834259e-02
6.812299999999258944e+03 5.103545784950256348e-01 1.462473161518573761e-02
6.813779999999258507e+03 4.690627455711364746e-01 1.413830835372209549e-02
6.815259999999258071e+03 5.017491579055786133e-01 1.458211708813905716e-02
6.816739999999257634e+03 4.955674707889556885e-01 1.451670192182064056e-02
6.818219999999257197e+03 4.958726167678833008e-01 1.442359946668148041e-02
6.819699999999256761e+03 5.024442076683044434e-01 1.455469708889722824e-02
6.821179999999256324e+03 4.908439517021179199e-01 1.436768751591444016e-02
6.822659999999255888e+03 4.858939647674560547e-01 1.434975024312734604e-02
6.824139999999255451e+03 5.042161941528320312e-01 1.473546959459781647e-02
6.825619999999255015e+03 5.075190067291259766e-01 1.506433729082345963e-02
6.827099999999254578e+03 5.176046490669250488e-01 1.564193144440650940e-02
6.828579999999254142e+03 5.267556905746459961e-01 1.587189361453056335e-02
6.830059999999253705e+03 4.889634847640991211e-01 1.500879041850566864e-02
6.831539999999253268e+03 4.691482186317443848e-01 1.474914886057376862e-02
6.833019999999252832e+03 4.938482642173767090e-01 1.536544598639011383e-02
6.834499999999252395e+03 5.014392733573913574e-01 1.521290745586156845e-02
6.835979999999251959e+03 5.034036636352539062e-01 1.464695669710636139e-02
6.837459999999251522e+03 4.985102415084838867e-01 1.453670393675565720e-02
6.838939999999251086e+03 5.132159590721130371e-01 1.486962474882602692e-02
6.840419999999250649e+03 5.094650983810424805e-01 1.486564148217439651e-02
6.841899999999250213e+03 5.083215832710266113e-01 1.477563846856355667e-02
6.843379999999249776e+03 4.997337758541107178e-01 1.458800397813320160e-02
6.844859999999249339e+03 4.792057871818542480e-01 1.425152085721492767e-02
6.846339999999248903e+03 4.930052161216735840e-01 1.437663845717906952e-02
6.847819999999248466e+03 4.826887547969818115e-01 1.423629373311996460e-02
6.849299999999248030e+03 5.180304050445556641e-01 1.483826804906129837e-02
6.850779999999247593e+03 5.216849446296691895e-01 1.484751421958208084e-02
6.852259999999247157e+03 4.909453690052032471e-01 1.438267063349485397e-02
6.853739999999246720e+03 4.915720820426940918e-01 1.440238952636718750e-02
6.855219999999246284e+03 5.082314014434814453e-01 1.457586325705051422e-02
6.856699999999245847e+03 5.082207322120666504e-01 1.451553311198949814e-02
6.858179999999245410e+03 4.940674901008605957e-01 1.439505536109209061e-02
6.859659999999244974e+03 4.573245644569396973e-01 1.421668194234371185e-02
6.861139999999244537e+03 4.506326913833618164e-01 1.491608843207359314e-02
6.862619999999244101e+03 5.069725513458251953e-01 1.610846631228923798e-02
6.864099999999243664e+03 4.974591135978698730e-01 1.574271358549594879e-02
6.865579999999243228e+03 4.085122942924499512e-01 1.350081805139780045e-02
6.867059999999242791e+03 3.350965976715087891e-01 1.198983099311590195e-02
6.868539999999242355e+03 3.197107017040252686e-01 1.182048767805099487e-02
6.870019999999241918e+03 3.419730067253112793e-01 1.219467166811227798e-02
6.871499999999241481e+03 3.505060076713562012e-01 1.230108831077814102e-02
6.872979999999241045e+03 3.548187613487243652e-01 1.226009428501129150e-02
6.874459999999240608e+03 3.817888498306274414e-01 1.266888622194528580e-02
6.875939999999240172e+03 4.088861346244812012e-01 1.307302340865135193e-02
6.877419999999239735e+03 4.082134962081909180e-01 1.315542217344045639e-02
6.878899999999239299e+03 4.280741214752197266e-01 1.357993576675653458e-02
6.880379999999238862e+03 4.687994718551635742e-01 1.429130136966705322e-02
6.881859999999238426e+03 4.728806018829345703e-01 1.424772292375564575e-02
6.883339999999237989e+03 4.511373639106750488e-01 1.373845711350440979e-02
6.884819999999237552e+03 4.156914949417114258e-01 1.324595138430595398e-02
6.886299999999237116e+03 4.096262753009796143e-01 1.333588734269142151e-02
6.887779999999236679e+03 4.244277477264404297e-01 1.376495510339736938e-02
6.889259999999236243e+03 4.176592230796813965e-01 1.358757354319095612e-02
6.890739999999235806e+03 4.147420525550842285e-01 1.326689589768648148e-02
6.892219999999235370e+03 4.182741045951843262e-01 1.332719158381223679e-02
6.893699999999234933e+03 4.317469000816345215e-01 1.353152096271514893e-02
6.895179999999234496e+03 4.142101407051086426e-01 1.313721667975187302e-02
6.896659999999234060e+03 4.207255840301513672e-01 1.333845593035221100e-02
6.898139999999233623e+03 4.234247803688049316e-01 1.361115835607051849e-02
6.899619999999233187e+03 4.435363411903381348e-01 1.403397601097822189e-02
6.901099999999232750e+03 4.402889609336853027e-01 1.383042894303798676e-02
6.902579999999232314e+03 4.470894336700439453e-01 1.380786858499050140e-02
6.904059999999231877e+03 4.363984465599060059e-01 1.352289691567420959e-02
6.905539999999231441e+03 4.422518610954284668e-01 1.360248588025569916e-02
6.907019999999231004e+03 4.137139618396759033e-01 1.317411474883556366e-02
6.908499999999230567e+03 4.280490279197692871e-01 1.348334643989801407e-02
6.909979999999230131e+03 4.616592526435852051e-01 1.425446476787328720e-02
6.911459999999229694e+03 4.612222909927368164e-01 1.431737281382083893e-02
6.912939999999229258e+03 4.322859942913055420e-01 1.382137276232242584e-02
6.914419999999228821e+03 4.356858134269714355e-01 1.350650656968355179e-02
6.915899999999228385e+03 4.745276868343353271e-01 1.410260610282421112e-02
6.917379999999227948e+03 4.616602957248687744e-01 1.391832809895277023e-02
6.918859999999227512e+03 4.431176185607910156e-01 1.372139248996973038e-02
6.920339999999227075e+03 4.625159502029418945e-01 1.451897993683815002e-02
6.921819999999226638e+03 4.588382840156555176e-01 1.486177835613489151e-02
6.923299999999226202e+03 4.659975171089172363e-01 1.478974241763353348e-02
6.924779999999225765e+03 4.800513088703155518e-01 1.428797654807567596e-02
6.926259999999225329e+03 4.773716926574707031e-01 1.417260523885488510e-02
6.927739999999224892e+03 4.798573851585388184e-01 1.420505158603191376e-02
6.929219999999224456e+03 4.688710570335388184e-01 1.403645705431699753e-02
6.930699999999224019e+03 4.745886027812957764e-01 1.416884455829858780e-02
6.932179999999223583e+03 4.721183776855468750e-01 1.401198655366897583e-02
6.933659999999223146e+03 4.555723369121551514e-01 1.389383897185325623e-02
6.935139999999222709e+03 4.691196382045745850e-01 1.404619775712490082e-02
6.936619999999222273e+03 4.775358140468597412e-01 1.431993395090103149e-02
6.938099999999221836e+03 4.857133030891418457e-01 1.471107639372348785e-02
6.939579999999221400e+03 4.651051759719848633e-01 1.430709473788738251e-02
6.941059999999220963e+03 4.422105550765991211e-01 1.371808629482984543e-02
6.942539999999220527e+03 4.749898910522460938e-01 1.406035851687192917e-02
6.944019999999220090e+03 4.841464757919311523e-01 1.421776600182056427e-02
6.945499999999219654e+03 4.745267629623413086e-01 1.439842581748962402e-02
6.946979999999219217e+03 4.838475883007049561e-01 1.523616909980773926e-02
6.948459999999218780e+03 4.720993041992187500e-01 1.516400557011365891e-02
6.949939999999218344e+03 4.530992209911346436e-01 1.433364581316709518e-02
6.951419999999217907e+03 4.779619872570037842e-01 1.425150129944086075e-02
6.952899999999217471e+03 4.666827917098999023e-01 1.400476042181253433e-02
6.954379999999217034e+03 4.652614593505859375e-01 1.394625846296548843e-02
6.955859999999216598e+03 4.524958729743957520e-01 1.381335686892271042e-02
6.957339999999216161e+03 4.782290756702423096e-01 1.418982353061437607e-02
6.958819999999215725e+03 4.884688556194305420e-01 1.435902435332536697e-02
6.960299999999215288e+03 4.655398428440093994e-01 1.396703068166971207e-02
6.961779999999214851e+03 4.695132374763488770e-01 1.400276180356740952e-02
6.963259999999214415e+03 4.596572518348693848e-01 1.389244012534618378e-02
6.964739999999213978e+03 4.668848514556884766e-01 1.399107836186885834e-02
6.966219999999213542e+03 4.794704914093017578e-01 1.423720177263021469e-02
6.967699999999213105e+03 4.645680189132690430e-01 1.419714652001857758e-02
6.969179999999212669e+03 4.654461145401000977e-01 1.424993015825748444e-02
6.970659999999212232e+03 4.722810387611389160e-01 1.423830818384885788e-02
6.972139999999211796e+03 4.661255776882171631e-01 1.395892258733510971e-02
6.973619999999211359e+03 4.537483751773834229e-01 1.386787835508584976e-02
6.975099999999210922e+03 4.507370591163635254e-01 1.401790790259838104e-02
6.976579999999210486e+03 4.642077684402465820e-01 1.458886452019214630e-02
6.978059999999210049e+03 4.691651463508605957e-01 1.462216582149267197e-02
6.979539999999209613e+03 4.690580964088439941e-01 1.414253748953342438e-02
6.981019999999209176e+03 4.813571572303771973e-01 1.421187166124582291e-02
6.982499999999208740e+03 4.823320806026458740e-01 1.422552391886711121e-02
6.983979999999208303e+03 4.712852239608764648e-01 1.407323870807886124e-02
6.985459999999207866e+03 4.588637650012969971e-01 1.392350718379020691e-02
6.986939999999207430e+03 4.524547457695007324e-01 1.388317160308361053e-02
6.988419999999206993e+03 4.579862952232360840e-01 1.389120426028966904e-02
6.989899999999206557e+03 4.692409634590148926e-01 1.400538720190525055e-02
6.991379999999206120e+03 4.796549677848815918e-01 1.416144613176584244e-02
6.992859999999205684e+03 4.894942939281463623e-01 1.432484947144985199e-02
6.994339999999205247e+03 4.860031008720397949e-01 1.424638088792562485e-02
6.995819999999204811e+03 4.595124721527099609e-01 1.389498729258775711e-02
6.997299999999204374e+03 4.430209696292877197e-01 1.363020576536655426e-02
6.998779999999203937e+03 4.452461600303649902e-01 1.362224668264389038e-02
7.000259999999203501e+03 4.507961571216583252e-01 1.376913767307996750e-02
7.001739999999203064e+03 4.628403186798095703e-01 1.403833739459514618e-02
7.003219999999202628e+03 4.754595458507537842e-01 1.429136190563440323e-02
7.004699999999202191e+03 4.751595258712768555e-01 1.421960350126028061e-02
7.006179999999201755e+03 4.756554663181304932e-01 1.405877806246280670e-02
7.007659999999201318e+03 4.651819467544555664e-01 1.403870712965726852e-02
7.009139999999200882e+03 4.687808752059936523e-01 1.434787083417177200e-02
7.010619999999200445e+03 4.714460372924804688e-01 1.439145673066377640e-02
7.012099999999200008e+03 4.488815069198608398e-01 1.392532233148813248e-02
7.013579999999199572e+03 4.489464163780212402e-01 1.380402315407991409e-02
7.015059999999199135e+03 4.494936466217041016e-01 1.371344178915023804e-02
7.016539999999198699e+03 4.422720372676849365e-01 1.364617608487606049e-02
7.018019999999198262e+03 4.568529725074768066e-01 1.383857987821102142e-02
7.019499999999197826e+03 4.536211490631103516e-01 1.376351434737443924e-02
7.020979999999197389e+03 4.425957798957824707e-01 1.365016400814056396e-02
7.022459999999196953e+03 4.566295146942138672e-01 1.383606810122728348e-02
7.023939999999196516e+03 4.664257168769836426e-01 1.399032026529312134e-02
7.025419999999196079e+03 4.617392420768737793e-01 1.393359433859586716e-02
7.026899999999195643e+03 4.473793804645538330e-01 1.373748295009136200e-02
7.028379999999195206e+03 4.739617109298706055e-01 1.417249999940395355e-02
7.029859999999194770e+03 4.717055559158325195e-01 1.409046445041894913e-02
7.031339999999194333e+03 4.600050449371337891e-01 1.387318968772888184e-02
7.032819999999193897e+03 4.775775671005249023e-01 1.414058078080415726e-02
7.034299999999193460e+03 4.715128540992736816e-01 1.407773140817880630e-02
7.035779999999193024e+03 4.606148004531860352e-01 1.391504611819982529e-02
7.037259999999192587e+03 4.489676356315612793e-01 1.372462511062622070e-02
7.038739999999192150e+03 4.466196298599243164e-01 1.382350642234086990e-02
7.040219999999191714e+03 4.501800537109375000e-01 1.389061752706766129e-02
7.041699999999191277e+03 4.779819250106811523e-01 1.425071246922016144e-02
7.043179999999190841e+03 4.729137718677520752e-01 1.417255308479070663e-02
7.044659999999190404e+03 4.399044513702392578e-01 1.369216386228799820e-02
7.046139999999189968e+03 4.420332312583923340e-01 1.389532443135976791e-02
7.047619999999189531e+03 4.731800854206085205e-01 1.434558257460594177e-02
7.049099999999189095e+03 4.685441851615905762e-01 1.423087343573570251e-02
7.050579999999188658e+03 4.380586743354797363e-01 1.376914884895086288e-02
7.052059999999188221e+03 4.560671448707580566e-01 1.393449772149324417e-02
7.053539999999187785e+03 4.523260295391082764e-01 1.394948270171880722e-02
7.055019999999187348e+03 4.645125269889831543e-01 1.401955075562000275e-02
7.056499999999186912e+03 4.465723037719726562e-01 1.374318636953830719e-02
7.057979999999186475e+03 4.656324982643127441e-01 1.401890907436609268e-02
7.059459999999186039e+03 4.484264850616455078e-01 1.376844011247158051e-02
7.060939999999185602e+03 4.550663828849792480e-01 1.387396082282066345e-02
7.062419999999185166e+03 4.702150821685791016e-01 1.417014189064502716e-02
7.063899999999184729e+03 4.738958477973937988e-01 1.425744686275720596e-02
7.065379999999184292e+03 4.562063217163085938e-01 1.398695819079875946e-02
7.066859999999183856e+03 4.704196751117706299e-01 1.418453454971313477e-02
7.068339999999183419e+03 4.678015708923339844e-01 1.414382178336381912e-02
7.069819999999182983e+03 4.594619870185852051e-01 1.400359440594911575e-02
7.071299999999182546e+03 4.746118187904357910e-01 1.422955002635717392e-02
7.072779999999182110e+03 4.760847091674804688e-01 1.422758214175701141e-02
7.074259999999181673e+03 4.599745273590087891e-01 1.396578457206487656e-02
7.075739999999181236e+03 4.317747950553894043e-01 1.360413338989019394e-02
7.077219999999180800e+03 4.518392682075500488e-01 1.383380033075809479e-02
7.078699999999180363e+03 4.537381529808044434e-01 1.390137802809476852e-02
7.080179999999179927e+03 4.715934991836547852e-01 1.424263790249824524e-02
7.081659999999179490e+03 4.595833420753479004e-01 1.398660335689783096e-02
7.083139999999179054e+03 4.708156585693359375e-01 1.417399104684591293e-02
7.084619999999178617e+03 5.349540710449218750e-01 1.502352766692638397e-02
7.086099999999178181e+03 7.162845134735107422e-01 1.731546036899089813e-02
7.087579999999177744e+03 7.342375516891479492e-01 1.754844561219215393e-02
7.089059999999177307e+03 5.845345258712768555e-01 1.576866209506988525e-02
7.090539999999176871e+03 4.665666222572326660e-01 1.414555031806230545e-02
7.092019999999176434e+03 4.612027704715728760e-01 1.396830938756465912e-02
7.093499999999175998e+03 4.665712714195251465e-01 1.403831876814365387e-02
7.094979999999175561e+03 4.515857994556427002e-01 1.384755596518516541e-02
7.096459999999175125e+03 4.492699503898620605e-01 1.378288678824901581e-02
