4.300739999999999782e+03 4.883188754320144653e-02 5.425567179918289185e-02
4.302219999999999345e+03 1.169498115777969360e-01 5.158034712076187134e-02
4.303699999999998909e+03 1.322237253189086914e-01 5.275481194257736206e-02
4.305179999999998472e+03 2.035962343215942383e-01 5.374101176857948303e-02
4.306659999999998035e+03 2.214999794960021973e-01 5.260481312870979309e-02
4.308139999999997599e+03 1.548756957054138184e-01 4.829262942075729370e-02
4.309619999999997162e+03 1.337478458881378174e-01 4.802197962999343872e-02
4.311099999999996726e+03 1.852142512798309326e-01 5.083379521965980530e-02
4.312579999999996289e+03 1.928429007530212402e-01 5.311642959713935852e-02
4.314059999999995853e+03 1.102097481489181519e-01 5.374249070882797241e-02
4.315539999999995416e+03 2.412963509559631348e-01 5.986161902546882629e-02
4.317019999999994980e+03 2.409813106060028076e-01 6.123781204223632812e-02
4.318499999999994543e+03 1.752765178680419922e-01 5.945264920592308044e-02
4.319979999999994106e+03 2.567864358425140381e-01 6.002902984619140625e-02
4.321459999999993670e+03 7.898028939962387085e-02 5.455587431788444519e-02
4.322939999999993233e+03 2.102520316839218140e-01 5.368785187602043152e-02
4.324419999999992797e+03 1.270844638347625732e-01 4.786003753542900085e-02
4.325899999999992360e+03 1.608821302652359009e-01 4.988217353820800781e-02
4.327379999999991924e+03 1.749888956546783447e-01 5.448881909251213074e-02
4.328859999999991487e+03 2.391757965087890625e-01 5.757133662700653076e-02
4.330339999999991051e+03 1.676816940307617188e-01 5.562234297394752502e-02
4.331819999999990614e+03 2.662726640701293945e-01 5.710722133517265320e-02
4.333299999999990177e+03 1.603901833295822144e-01 5.521870031952857971e-02
4.334779999999989741e+03 1.024840474128723145e-01 5.400069802999496460e-02
4.336259999999989304e+03 2.279910594224929810e-01 5.398131906986236572e-02
4.337739999999988868e+03 2.335784584283828735e-01 5.046575888991355896e-02
4.339219999999988431e+03 1.281521320343017578e-01 4.569290578365325928e-02
4.340699999999987995e+03 2.151640057563781738e-01 4.706542938947677612e-02
4.342179999999987558e+03 1.651717424392700195e-01 4.860460758209228516e-02
4.343659999999987122e+03 1.850087642669677734e-01 5.085786059498786926e-02
4.345139999999986685e+03 2.111158072948455811e-01 5.239512398838996887e-02
4.346619999999986248e+03 1.382077783346176147e-01 5.134142935276031494e-02
4.348099999999985812e+03 1.662519276142120361e-01 5.200767144560813904e-02
4.349579999999985375e+03 2.354750186204910278e-01 5.279395356774330139e-02
4.351059999999984939e+03 1.486061513423919678e-01 4.848833009600639343e-02
4.352539999999984502e+03 1.620266288518905640e-01 4.752421751618385315e-02
4.354019999999984066e+03 2.169203013181686401e-01 5.020055174827575684e-02
4.355499999999983629e+03 1.571787297725677490e-01 4.968546330928802490e-02
4.356979999999983193e+03 8.697451651096343994e-02 4.867208376526832581e-02
4.358459999999982756e+03 1.150096282362937927e-01 4.832194373011589050e-02
4.359939999999982319e+03 1.186763197183609009e-01 4.828242212533950806e-02
4.361419999999981883e+03 1.591187119483947754e-01 4.999447241425514221e-02
4.362899999999981446e+03 1.171234697103500366e-01 4.883755743503570557e-02
4.364379999999981010e+03 1.744141280651092529e-01 5.004265531897544861e-02
4.365859999999980573e+03 2.514622211456298828e-01 5.096580088138580322e-02
4.367339999999980137e+03 1.616844683885574341e-01 4.772730544209480286e-02
4.368819999999979700e+03 9.639216959476470947e-02 4.613062366843223572e-02
4.370299999999979264e+03 1.573231816291809082e-01 4.679019749164581299e-02
4.371779999999978827e+03 2.242663502693176270e-01 4.787319526076316833e-02
4.373259999999978390e+03 2.027201801538467407e-01 4.650232940912246704e-02
4.374739999999977954e+03 1.491652727127075195e-01 4.333164170384407043e-02
4.376219999999977517e+03 1.948672682046890259e-01 9.575618803501129150e-02
4.377699999999977081e+03 2.322807908058166504e-01 1.321706622838973999e-01
4.379179999999976644e+03 2.025404870510101318e-01 4.551667720079421997e-02
4.380659999999976208e+03 1.570357382297515869e-01 4.489143565297126770e-02
4.382139999999975771e+03 1.284622550010681152e-01 4.155646264553070068e-02
4.383619999999975335e+03 1.306797862052917480e-01 3.828075528144836426e-02
4.385099999999974898e+03 1.335179805755615234e-01 3.918356820940971375e-02
4.386579999999974461e+03 1.748408526182174683e-01 4.329895973205566406e-02
4.388059999999974025e+03 1.214414089918136597e-01 4.274773597717285156e-02
4.389539999999973588e+03 1.889943182468414307e-01 4.332502186298370361e-02
4.391019999999973152e+03 2.150504887104034424e-01 4.374966397881507874e-02
4.392499999999972715e+03 8.584521710872650146e-02 4.154112935066223145e-02
4.393979999999972279e+03 1.771558374166488647e-01 4.288407042622566223e-02
4.395459999999971842e+03 1.755905896425247192e-01 4.295847937464714050e-02
4.396939999999971405e+03 1.673831343650817871e-01 4.320417344570159912e-02
4.398419999999970969e+03 8.177684247493743896e-02 4.214957728981971741e-02
4.399899999999970532e+03 5.912969261407852173e-02 3.996638208627700806e-02
4.401379999999970096e+03 7.910898327827453613e-02 4.001998156309127808e-02
4.402859999999969659e+03 7.487270981073379517e-02 3.985662758350372314e-02
4.404339999999969223e+03 5.404957011342048645e-02 3.783240914344787598e-02
4.405819999999968786e+03 1.113614439964294434e-01 3.833448886871337891e-02
4.407299999999968350e+03 1.438025832176208496e-01 4.052233323454856873e-02
4.408779999999967913e+03 1.454820781946182251e-01 4.052389413118362427e-02
4.410259999999967476e+03 9.768739342689514160e-02 4.075441882014274597e-02
4.411739999999967040e+03 1.017998307943344116e-01 4.164822772145271301e-02
4.413219999999966603e+03 1.366961151361465454e-01 4.184842109680175781e-02
4.414699999999966167e+03 1.105783507227897644e-01 3.924783691763877869e-02
4.416179999999965730e+03 8.302977681159973145e-02 3.829623758792877197e-02
4.417659999999965294e+03 1.156058907508850098e-01 4.007201641798019409e-02
4.419139999999964857e+03 1.129008382558822632e-01 4.102205112576484680e-02
4.420619999999964421e+03 1.250459998846054077e-01 4.103579372167587280e-02
4.422099999999963984e+03 1.201163157820701599e-01 3.993478789925575256e-02
4.423579999999963547e+03 2.062974572181701660e-01 4.061531275510787964e-02
4.425059999999963111e+03 1.447578072547912598e-01 3.973831608891487122e-02
4.426539999999962674e+03 7.834985852241516113e-02 3.859664872288703918e-02
4.428019999999962238e+03 1.041840910911560059e-01 3.930303454399108887e-02
4.429499999999961801e+03 1.790887564420700073e-01 4.023011401295661926e-02
4.430979999999961365e+03 9.351078420877456665e-02 3.838695585727691650e-02
4.432459999999960928e+03 1.668238341808319092e-01 3.940305113792419434e-02
4.433939999999960492e+03 1.607480049133300781e-01 3.848001360893249512e-02
4.435419999999960055e+03 8.307658880949020386e-02 3.654849156737327576e-02
4.436899999999959618e+03 1.684879660606384277e-01 3.869554027915000916e-02
4.438379999999959182e+03 1.419241130352020264e-01 3.931521624326705933e-02
4.439859999999958745e+03 7.189067453145980835e-02 3.826721385121345520e-02
4.441339999999958309e+03 8.246569335460662842e-02 3.719609230756759644e-02
4.442819999999957872e+03 1.464128047227859497e-01 3.741427883505821228e-02
4.444299999999957436e+03 8.946552127599716187e-02 3.670262917876243591e-02
4.445779999999956999e+03 1.133630722761154175e-01 3.838036954402923584e-02
4.447259999999956563e+03 7.805879414081573486e-02 3.735246136784553528e-02
4.448739999999956126e+03 1.363395452499389648e-01 3.803823888301849365e-02
4.450219999999955689e+03 1.620967984199523926e-01 3.853151202201843262e-02
4.451699999999955253e+03 7.099016755819320679e-02 3.647368028759956360e-02
4.453179999999954816e+03 1.536057889461517334e-01 3.764995187520980835e-02
4.454659999999954380e+03 1.602126061916351318e-01 3.610602766275405884e-02
4.456139999999953943e+03 1.622304767370223999e-01 3.541117534041404724e-02
4.457619999999953507e+03 1.368295401334762573e-01 3.549936413764953613e-02
4.459099999999953070e+03 1.742562055587768555e-01 3.626348450779914856e-02
4.460579999999952634e+03 1.029508337378501892e-01 3.479192405939102173e-02
4.462059999999952197e+03 1.030928269028663635e-01 3.474242612719535828e-02
4.463539999999951760e+03 1.467248946428298950e-01 3.642699494957923889e-02
4.465019999999951324e+03 1.526105701923370361e-01 3.683565557003021240e-02
4.466499999999950887e+03 1.847547888755798340e-01 3.744066506624221802e-02
4.467979999999950451e+03 1.594515293836593628e-01 3.675025328993797302e-02
4.469459999999950014e+03 1.122912019491195679e-01 3.553226217627525330e-02
4.470939999999949578e+03 1.677661389112472534e-01 3.657105192542076111e-02
4.472419999999949141e+03 1.441642493009567261e-01 3.705875948071479797e-02
4.473899999999948704e+03 1.496210545301437378e-01 3.750354424118995667e-02
4.475379999999948268e+03 1.742875128984451294e-01 3.785916790366172791e-02
4.476859999999947831e+03 1.417721956968307495e-01 3.734257444739341736e-02
4.478339999999947395e+03 7.846806943416595459e-02 3.660942986607551575e-02
4.479819999999946958e+03 9.109306335449218750e-02 3.552643209695816040e-02
4.481299999999946522e+03 1.184985190629959106e-01 3.481805324554443359e-02
4.482779999999946085e+03 1.706668436527252197e-01 3.589637950062751770e-02
4.484259999999945649e+03 1.284148246049880981e-01 3.643133118748664856e-02
4.485739999999945212e+03 1.206939592957496643e-01 3.697108104825019836e-02
4.487219999999944775e+03 1.019209325313568115e-01 3.665681183338165283e-02
4.488699999999944339e+03 1.018262058496475220e-01 3.560776263475418091e-02
4.490179999999943902e+03 1.039842516183853149e-01 3.500140830874443054e-02
4.491659999999943466e+03 1.004154533147811890e-01 3.582968562841415405e-02
4.493139999999943029e+03 9.202599525451660156e-02 3.593008965253829956e-02
4.494619999999942593e+03 1.833242475986480713e-01 3.678518906235694885e-02
4.496099999999942156e+03 1.158442199230194092e-01 3.538259118795394897e-02
4.497579999999941720e+03 8.081571757793426514e-02 3.568345680832862854e-02
4.499059999999941283e+03 1.688586026430130005e-01 3.716528043150901794e-02
4.500539999999940846e+03 4.875917732715606689e-02 3.518071398138999939e-02
4.502019999999940410e+03 1.378149092197418213e-01 3.634762018918991089e-02
4.503499999999939973e+03 1.623978912830352783e-01 3.725558519363403320e-02
4.504979999999939537e+03 1.432477682828903198e-01 3.764169290661811829e-02
4.506459999999939100e+03 1.269881129264831543e-01 3.712074458599090576e-02
4.507939999999938664e+03 1.821340322494506836e-01 3.765938803553581238e-02
4.509419999999938227e+03 1.085857227444648743e-01 3.643104434013366699e-02
4.510899999999937791e+03 1.502175927162170410e-01 3.724111989140510559e-02
4.512379999999937354e+03 1.038862094283103943e-01 3.620000183582305908e-02
4.513859999999936917e+03 5.120023339986801147e-02 3.495984151959419250e-02
4.515339999999936481e+03 9.586302191019058228e-02 3.514266386628150940e-02
4.516819999999936044e+03 1.914574652910232544e-01 3.674618527293205261e-02
4.518299999999935608e+03 1.668824106454849243e-01 3.629467636346817017e-02
4.519779999999935171e+03 1.116214841604232788e-01 3.575767576694488525e-02
4.521259999999934735e+03 1.071342378854751587e-01 3.578446432948112488e-02
4.522739999999934298e+03 7.554548978805541992e-02 3.508071973919868469e-02
4.524219999999933862e+03 4.973126202821731567e-02 3.429534286260604858e-02
4.525699999999933425e+03 1.292583346366882324e-01 3.490604832768440247e-02
4.527179999999932988e+03 1.337784975767135620e-01 3.429549932479858398e-02
4.528659999999932552e+03 9.478122740983963013e-02 3.298887982964515686e-02
4.530139999999932115e+03 1.149302497506141663e-01 3.358691930770874023e-02
4.531619999999931679e+03 1.445767134428024292e-01 3.471510484814643860e-02
4.533099999999931242e+03 1.334762871265411377e-01 3.444556146860122681e-02
4.534579999999930806e+03 9.682726860046386719e-02 3.339615464210510254e-02
4.536059999999930369e+03 7.123496383428573608e-02 3.322852775454521179e-02
4.537539999999929933e+03 1.305728554725646973e-01 3.552626445889472961e-02
4.539019999999929496e+03 1.282161176204681396e-01 3.581117838621139526e-02
4.540499999999929059e+03 1.258690953254699707e-01 3.518548235297203064e-02
4.541979999999928623e+03 1.415236592292785645e-01 3.529925644397735596e-02
4.543459999999928186e+03 1.336251050233840942e-01 3.563030064105987549e-02
4.544939999999927750e+03 1.329326182603836060e-01 3.519230335950851440e-02
4.546419999999927313e+03 1.583270579576492310e-01 3.527794405817985535e-02
4.547899999999926877e+03 1.283679455518722534e-01 3.440950438380241394e-02
4.549379999999926440e+03 1.713563203811645508e-01 3.465378284454345703e-02
4.550859999999926004e+03 1.857950538396835327e-01 3.490671142935752869e-02
4.552339999999925567e+03 1.142175793647766113e-01 3.428420796990394592e-02
4.553819999999925130e+03 1.962305605411529541e-01 3.537308052182197571e-02
4.555299999999924694e+03 1.589944511651992798e-01 3.458681330084800720e-02
4.556779999999924257e+03 1.004510670900344849e-01 3.398220613598823547e-02
4.558259999999923821e+03 1.541248559951782227e-01 3.549830988049507141e-02
4.559739999999923384e+03 1.191448643803596497e-01 3.502895683050155640e-02
4.561219999999922948e+03 7.238103449344635010e-02 3.464458137750625610e-02
4.562699999999922511e+03 1.199822947382926941e-01 3.497792035341262817e-02
4.564179999999922074e+03 1.199429929256439209e-01 3.424352407455444336e-02
4.565659999999921638e+03 1.175815016031265259e-01 3.370130434632301331e-02
4.567139999999921201e+03 1.030622497200965881e-01 3.413196280598640442e-02
4.568619999999920765e+03 1.360735893249511719e-01 3.501968830823898315e-02
4.570099999999920328e+03 7.622671872377395630e-02 3.391608223319053650e-02
4.571579999999919892e+03 7.005088031291961670e-02 3.338334709405899048e-02
4.573059999999919455e+03 9.297022223472595215e-02 3.391605243086814880e-02
4.574539999999919019e+03 1.020102947950363159e-01 3.428069129586219788e-02
4.576019999999918582e+03 1.313447058200836182e-01 3.490766137838363647e-02
4.577499999999918145e+03 1.202844232320785522e-01 3.453563153743743896e-02
4.578979999999917709e+03 6.994791328907012939e-02 3.342726454138755798e-02
4.580459999999917272e+03 1.673174947500228882e-01 3.389714658260345459e-02
4.581939999999916836e+03 1.776025593280792236e-01 3.387275338172912598e-02
4.583419999999916399e+03 1.354842782020568848e-01 3.332234546542167664e-02
4.584899999999915963e+03 1.624936014413833618e-01 3.367669880390167236e-02
4.586379999999915526e+03 1.114820092916488647e-01 3.312816098332405090e-02
4.587859999999915090e+03 9.318395704030990601e-02 3.322137147188186646e-02
4.589339999999914653e+03 9.956584870815277100e-02 3.375239297747612000e-02
4.590819999999914216e+03 1.163156628608703613e-01 3.368843719363212585e-02
4.592299999999913780e+03 1.004679501056671143e-01 3.283245489001274109e-02
4.593779999999913343e+03 9.668532758951187134e-02 3.286182135343551636e-02
4.595259999999912907e+03 1.410683244466781616e-01 3.345235064625740051e-02
4.596739999999912470e+03 1.465699523687362671e-01 3.337546810507774353e-02
4.598219999999912034e+03 1.070499494671821594e-01 3.280974552035331726e-02
4.599699999999911597e+03 1.137317270040512085e-01 3.298361971974372864e-02
4.601179999999911161e+03 1.428923457860946655e-01 3.328206762671470642e-02
4.602659999999910724e+03 1.107414364814758301e-01 3.284176066517829895e-02
4.604139999999910287e+03 1.144005507230758667e-01 3.315149247646331787e-02
4.605619999999909851e+03 5.022807046771049500e-02 3.195452317595481873e-02
4.607099999999909414e+03 7.294572144746780396e-02 3.252113983035087585e-02
4.608579999999908978e+03 1.608158648014068604e-01 3.426686301827430725e-02
4.610059999999908541e+03 1.365232765674591064e-01 3.417313098907470703e-02
4.611539999999908105e+03 1.281468570232391357e-01 3.341729938983917236e-02
4.613019999999907668e+03 1.719425022602081299e-01 3.337106853723526001e-02
4.614499999999907232e+03 1.484533548355102539e-01 3.369563817977905273e-02
4.615979999999906795e+03 1.042868718504905701e-01 3.289723768830299377e-02
4.617459999999906358e+03 1.490800231695175171e-01 3.350250050425529480e-02
4.618939999999905922e+03 8.306050300598144531e-02 3.219747915863990784e-02
4.620419999999905485e+03 1.332000792026519775e-01 3.310139849781990051e-02
4.621899999999905049e+03 1.538572758436203003e-01 3.359457850456237793e-02
4.623379999999904612e+03 7.133504748344421387e-02 3.230580314993858337e-02
4.624859999999904176e+03 7.026445865631103516e-02 3.225598484277725220e-02
4.626339999999903739e+03 1.505263447761535645e-01 3.332316130399703979e-02
4.627819999999903303e+03 8.697357773780822754e-02 3.236769139766693115e-02
4.629299999999902866e+03 7.461704313755035400e-02 3.220842033624649048e-02
4.630779999999902429e+03 9.382137656211853027e-02 3.232296556234359741e-02
4.632259999999901993e+03 1.160915866494178772e-01 3.274362534284591675e-02
4.633739999999901556e+03 9.386936575174331665e-02 3.201815113425254822e-02
4.635219999999901120e+03 1.340752989053726196e-01 3.253207728266716003e-02
4.636699999999900683e+03 1.434105783700942993e-01 3.254035487771034241e-02
4.638179999999900247e+03 1.521548926830291748e-01 3.225655481219291687e-02
4.639659999999899810e+03 9.061621129512786865e-02 3.124007582664489746e-02
4.641139999999899374e+03 1.156649589538574219e-01 3.191523998975753784e-02
4.642619999999898937e+03 1.472773700952529907e-01 3.239729627966880798e-02
4.644099999999898500e+03 1.439230293035507202e-01 3.218566253781318665e-02
4.645579999999898064e+03 1.323138773441314697e-01 3.151120617985725403e-02
4.647059999999897627e+03 9.684821218252182007e-02 3.051493875682353973e-02
4.648539999999897191e+03 6.844609975814819336e-02 2.988935820758342743e-02
4.650019999999896754e+03 1.524805873632431030e-01 3.151457011699676514e-02
4.651499999999896318e+03 1.448310762643814087e-01 3.207310661673545837e-02
4.652979999999895881e+03 8.634254336357116699e-02 3.120672143995761871e-02
4.654459999999895444e+03 9.661155194044113159e-02 3.089291229844093323e-02
4.655939999999895008e+03 1.127897873520851135e-01 3.052532300353050232e-02
4.657419999999894571e+03 3.778262063860893250e-02 3.008565120398998260e-02
4.658899999999894135e+03 1.026632115244865417e-01 3.141982853412628174e-02
4.660379999999893698e+03 1.538030207157135010e-01 3.223142027854919434e-02
4.661859999999893262e+03 1.286029815673828125e-01 3.164340928196907043e-02
4.663339999999892825e+03 1.666924506425857544e-01 3.167602792382240295e-02
4.664819999999892389e+03 2.041711062192916870e-01 3.185443207621574402e-02
4.666299999999891952e+03 1.166743114590644836e-01 2.982751466333866119e-02
4.667779999999891515e+03 1.335257440805435181e-01 2.922738529741764069e-02
4.669259999999891079e+03 9.669341892004013062e-02 2.904654107987880707e-02
4.670739999999890642e+03 1.115884631872177124e-01 3.045573085546493530e-02
4.672219999999890206e+03 1.325713247060775757e-01 3.094016015529632568e-02
4.673699999999889769e+03 1.281058490276336670e-01 3.038186393678188324e-02
4.675179999999889333e+03 1.613159924745559692e-01 3.120972774922847748e-02
4.676659999999888896e+03 1.406741738319396973e-01 3.109215572476387024e-02
4.678139999999888460e+03 1.173135638236999512e-01 3.050816804170608521e-02
4.679619999999888023e+03 1.484461426734924316e-01 3.049387224018573761e-02
4.681099999999887586e+03 1.597462892532348633e-01 3.047326393425464630e-02
4.682579999999887150e+03 1.378423720598220825e-01 3.028635680675506592e-02
4.684059999999886713e+03 1.451493948698043823e-01 3.065888397395610809e-02
4.685539999999886277e+03 1.135773584246635437e-01 3.023129701614379883e-02
4.687019999999885840e+03 1.185890510678291321e-01 3.039502911269664764e-02
4.688499999999885404e+03 1.674208790063858032e-01 3.085120394825935364e-02
4.689979999999884967e+03 1.298850178718566895e-01 3.014590032398700714e-02
4.691459999999884531e+03 1.219060495495796204e-01 2.996690012514591217e-02
4.692939999999884094e+03 1.193506866693496704e-01 2.993427775800228119e-02
4.694419999999883657e+03 1.145191639661788940e-01 2.991099096834659576e-02
4.695899999999883221e+03 1.592469960451126099e-01 3.078851103782653809e-02
4.697379999999882784e+03 1.686568111181259155e-01 3.068272210657596588e-02
4.698859999999882348e+03 1.416649669408798218e-01 2.969093620777130127e-02
4.700339999999881911e+03 1.173070967197418213e-01 2.898414991796016693e-02
4.701819999999881475e+03 9.786783158779144287e-02 2.877803146839141846e-02
4.703299999999881038e+03 1.017322540283203125e-01 2.822705358266830444e-02
4.704779999999880602e+03 1.140645444393157959e-01 2.893924340605735779e-02
4.706259999999880165e+03 1.528544872999191284e-01 2.984963543713092804e-02
4.707739999999879728e+03 1.031632572412490845e-01 2.850858122110366821e-02
4.709219999999879292e+03 9.674073010683059692e-02 2.842899039387702942e-02
4.710699999999878855e+03 9.189365804195404053e-02 2.894196100533008575e-02
4.712179999999878419e+03 8.984187245368957520e-02 2.886650711297988892e-02
4.713659999999877982e+03 7.554183900356292725e-02 2.849232591688632965e-02
4.715139999999877546e+03 1.680361479520797729e-01 2.966172248125076294e-02
4.716619999999877109e+03 9.074492752552032471e-02 2.903274260461330414e-02
4.718099999999876673e+03 1.129839271306991577e-01 2.963541820645332336e-02
4.719579999999876236e+03 1.522392332553863525e-01 3.031159006059169769e-02
4.721059999999875799e+03 1.153059899806976318e-01 2.970835752785205841e-02
4.722539999999875363e+03 1.386868208646774292e-01 2.991228923201560974e-02
4.724019999999874926e+03 9.451614320278167725e-02 2.940715849399566650e-02
4.725499999999874490e+03 1.095778346061706543e-01 2.962920255959033966e-02
4.726979999999874053e+03 1.164054647088050842e-01 2.909171953797340393e-02
4.728459999999873617e+03 9.408897161483764648e-02 2.814804948866367340e-02
4.729939999999873180e+03 1.184609681367874146e-01 2.836798690259456635e-02
4.731419999999872744e+03 8.202741295099258423e-02 2.791021950542926788e-02
4.732899999999872307e+03 7.260708510875701904e-02 2.820261009037494659e-02
4.734379999999871870e+03 8.441314101219177246e-02 2.843216806650161743e-02
4.735859999999871434e+03 1.501890271902084351e-01 2.911771833896636963e-02
4.737339999999870997e+03 8.552327007055282593e-02 2.799600921571254730e-02
4.738819999999870561e+03 1.270118951797485352e-01 2.894509956240653992e-02
4.740299999999870124e+03 1.474963128566741943e-01 2.941102534532546997e-02
4.741779999999869688e+03 1.302149593830108643e-01 2.906228601932525635e-02
4.743259999999869251e+03 1.489052772521972656e-01 2.959814853966236115e-02
4.744739999999868814e+03 1.449818611145019531e-01 2.906488627195358276e-02
4.746219999999868378e+03 1.427275091409683228e-01 2.918117865920066833e-02
4.747699999999867941e+03 3.856617957353591919e-02 2.774533443152904510e-02
4.749179999999867505e+03 7.356332987546920776e-02 2.817578613758087158e-02
4.750659999999867068e+03 9.113107621669769287e-02 2.839876711368560791e-02
4.752139999999866632e+03 1.544089913368225098e-01 2.902033925056457520e-02
4.753619999999866195e+03 1.238221675157546997e-01 2.832884527742862701e-02
4.755099999999865759e+03 5.189209058880805969e-02 2.705295756459236145e-02
4.756579999999865322e+03 1.202528104186058044e-01 2.811469882726669312e-02
4.758059999999864885e+03 1.218308359384536743e-01 2.834800817072391510e-02
4.759539999999864449e+03 9.999635070562362671e-02 2.819128520786762238e-02
4.761019999999864012e+03 9.840903431177139282e-02 2.823000028729438782e-02
4.762499999999863576e+03 8.575460314750671387e-02 2.737960591912269592e-02
4.763979999999863139e+03 1.252396255731582642e-01 2.778091654181480408e-02
4.765459999999862703e+03 9.855340421199798584e-02 2.714234031736850739e-02
4.766939999999862266e+03 1.221586018800735474e-01 2.756107784807682037e-02
4.768419999999861830e+03 1.361642032861709595e-01 2.831045165657997131e-02
4.769899999999861393e+03 1.062065958976745605e-01 2.807994745671749115e-02
4.771379999999860956e+03 9.703730791807174683e-02 2.769931219518184662e-02
4.772859999999860520e+03 1.327902823686599731e-01 2.825891971588134766e-02
4.774339999999860083e+03 1.597510278224945068e-01 2.901142463088035583e-02
4.775819999999859647e+03 1.461833566427230835e-01 2.883520163595676422e-02
4.777299999999859210e+03 7.117688655853271484e-02 2.776126749813556671e-02
4.778779999999858774e+03 1.031724065542221069e-01 2.820082940161228180e-02
4.780259999999858337e+03 9.989309310913085938e-02 2.800605818629264832e-02
4.781739999999857901e+03 7.313461601734161377e-02 2.746973000466823578e-02
4.783219999999857464e+03 9.764844179153442383e-02 2.756971865892410278e-02
4.784699999999857027e+03 9.182708710432052612e-02 2.739842981100082397e-02
4.786179999999856591e+03 1.347576677799224854e-01 2.777464315295219421e-02
4.787659999999856154e+03 1.622605919837951660e-01 2.795793116092681885e-02
4.789139999999855718e+03 1.116348654031753540e-01 2.735710330307483673e-02
4.790619999999855281e+03 7.332333177328109741e-02 2.686313912272453308e-02
4.792099999999854845e+03 1.304295957088470459e-01 2.782342024147510529e-02
4.793579999999854408e+03 1.577546745538711548e-01 2.847743779420852661e-02
4.795059999999853972e+03 8.674768358469009399e-02 2.769999578595161438e-02
4.796539999999853535e+03 1.320882290601730347e-01 2.825142815709114075e-02
4.798019999999853098e+03 1.022505611181259155e-01 2.749634161591529846e-02
4.799499999999852662e+03 1.280063092708587646e-01 2.737199701368808746e-02
4.800979999999852225e+03 8.265566825866699219e-02 2.683209814131259918e-02
4.802459999999851789e+03 1.402508914470672607e-01 2.792738191783428192e-02
4.803939999999851352e+03 1.158934086561203003e-01 2.757542766630649567e-02
4.805419999999850916e+03 1.835013628005981445e-01 2.826118655502796173e-02
4.806899999999850479e+03 1.149175316095352173e-01 2.711554802954196930e-02
4.808379999999850043e+03 1.199849769473075867e-01 2.709278464317321777e-02
4.809859999999849606e+03 1.500660479068756104e-01 2.756639756262302399e-02
4.811339999999849169e+03 1.214545965194702148e-01 2.745613642036914825e-02
4.812819999999848733e+03 1.482661217451095581e-01 2.763761021196842194e-02
4.814299999999848296e+03 1.156270205974578857e-01 2.743797563016414642e-02
4.815779999999847860e+03 1.045706719160079956e-01 2.738472260534763336e-02
4.817259999999847423e+03 1.424400955438613892e-01 2.793118171393871307e-02
4.818739999999846987e+03 1.148499697446823120e-01 2.738371118903160095e-02
4.820219999999846550e+03 1.213724464178085327e-01 2.756575867533683777e-02
4.821699999999846113e+03 1.066729500889778137e-01 2.691066451370716095e-02
4.823179999999845677e+03 1.022610515356063843e-01 2.734093926846981049e-02
4.824659999999845240e+03 9.670589119195938110e-02 2.638773806393146515e-02
4.826139999999844804e+03 8.012960851192474365e-02 2.657255902886390686e-02
4.827619999999844367e+03 9.988967329263687134e-02 2.677810005843639374e-02
4.829099999999843931e+03 9.956169128417968750e-02 2.642230689525604248e-02
4.830579999999843494e+03 8.457001298666000366e-02 2.601748332381248474e-02
4.832059999999843058e+03 1.031846329569816589e-01 2.629848010838031769e-02
4.833539999999842621e+03 1.062122061848640442e-01 2.646532095968723297e-02
4.835019999999842184e+03 1.080741286277770996e-01 2.671738713979721069e-02
4.836499999999841748e+03 1.089110150933265686e-01 2.650731056928634644e-02
4.837979999999841311e+03 6.177797913551330566e-02 2.575235813856124878e-02
4.839459999999840875e+03 8.902175724506378174e-02 2.578695490956306458e-02
4.840939999999840438e+03 8.845048397779464722e-02 2.559394389390945435e-02
4.842419999999840002e+03 1.102268844842910767e-01 2.612744085490703583e-02
4.843899999999839565e+03 9.538516402244567871e-02 2.593038976192474365e-02
4.845379999999839129e+03 1.498470902442932129e-01 2.683380246162414551e-02
4.846859999999838692e+03 1.190383434295654297e-01 2.632426284253597260e-02
4.848339999999838255e+03 1.084960922598838806e-01 2.580026537179946899e-02
4.849819999999837819e+03 1.424846351146697998e-01 2.636444941163063049e-02
4.851299999999837382e+03 6.626343727111816406e-02 2.510081417858600616e-02
4.852779999999836946e+03 1.207367777824401855e-01 2.605573087930679321e-02
4.854259999999836509e+03 1.152222529053688049e-01 2.540115080773830414e-02
4.855739999999836073e+03 1.468253433704376221e-01 2.531228400766849518e-02
4.857219999999835636e+03 1.432614922523498535e-01 2.505865134298801422e-02
4.858699999999835200e+03 1.259194761514663696e-01 2.429904974997043610e-02
4.860179999999834763e+03 9.988487511873245239e-02 2.226951345801353455e-02
4.861659999999834326e+03 1.216823682188987732e-01 2.186635695397853851e-02
4.863139999999833890e+03 9.884196519851684570e-02 2.268817462027072906e-02
4.864619999999833453e+03 1.083166450262069702e-01 2.405278943479061127e-02
4.866099999999833017e+03 8.669865876436233521e-02 2.442703023552894592e-02
4.867579999999832580e+03 9.864279627799987793e-02 2.481899596750736237e-02
4.869059999999832144e+03 1.311101317405700684e-01 2.522370591759681702e-02
4.870539999999831707e+03 1.339020282030105591e-01 2.453405410051345825e-02
4.872019999999831271e+03 1.035148724913597107e-01 2.366764098405838013e-02
4.873499999999830834e+03 1.199676319956779480e-01 2.455246262252330780e-02
4.874979999999830397e+03 1.253089457750320435e-01 2.530983835458755493e-02
4.876459999999829961e+03 1.207737326622009277e-01 2.521503716707229614e-02
4.877939999999829524e+03 1.324347108602523804e-01 2.536818012595176697e-02
4.879419999999829088e+03 1.431827545166015625e-01 2.609366923570632935e-02
4.880899999999828651e+03 1.537966877222061157e-01 2.612292394042015076e-02
4.882379999999828215e+03 1.242887675762176514e-01 2.543534338474273682e-02
4.883859999999827778e+03 6.642498075962066650e-02 2.456653863191604614e-02
4.885339999999827342e+03 1.142103821039199829e-01 2.477227151393890381e-02
4.886819999999826905e+03 1.364727616310119629e-01 2.496357634663581848e-02
4.888299999999826468e+03 1.327585577964782715e-01 2.487614564597606659e-02
4.889779999999826032e+03 9.002725780010223389e-02 2.386245690286159515e-02
4.891259999999825595e+03 7.477032393217086792e-02 2.320155128836631775e-02
4.892739999999825159e+03 1.173100098967552185e-01 2.458155900239944458e-02
4.894219999999824722e+03 1.738473474979400635e-01 2.636864967644214630e-02
4.895699999999824286e+03 8.935307711362838745e-02 2.534856274724006653e-02
4.897179999999823849e+03 1.114054918289184570e-01 2.558225579559803009e-02
4.898659999999823413e+03 1.106565520167350769e-01 2.545222640037536621e-02
4.900139999999822976e+03 1.042998582124710083e-01 2.512691542506217957e-02
4.901619999999822539e+03 8.551691472530364990e-02 2.472900785505771637e-02
4.903099999999822103e+03 1.394509673118591309e-01 2.531969174742698669e-02
4.904579999999821666e+03 1.370592713356018066e-01 2.540329657495021820e-02
4.906059999999821230e+03 9.504589438438415527e-02 2.503848262131214142e-02
4.907539999999820793e+03 1.263252198696136475e-01 2.535332553088665009e-02
4.909019999999820357e+03 1.200908944010734558e-01 2.470024116337299347e-02
4.910499999999819920e+03 1.031072959303855896e-01 2.400698885321617126e-02
4.911979999999819483e+03 1.250434815883636475e-01 2.476298809051513672e-02
4.913459999999819047e+03 1.666561663150787354e-01 2.577953040599822998e-02
4.914939999999818610e+03 1.354866474866867065e-01 2.556321769952774048e-02
4.916419999999818174e+03 1.127059385180473328e-01 2.494564279913902283e-02
4.917899999999817737e+03 1.021078079938888550e-01 2.371481806039810181e-02
4.919379999999817301e+03 1.355288177728652954e-01 2.330271713435649872e-02
4.920859999999816864e+03 7.825650274753570557e-02 2.260934561491012573e-02
4.922339999999816428e+03 1.091086566448211670e-01 2.394815720617771149e-02
4.923819999999815991e+03 1.192755848169326782e-01 2.425465546548366547e-02
4.925299999999815554e+03 1.498331576585769653e-01 2.497933432459831238e-02
4.926779999999815118e+03 1.464872807264328003e-01 2.535387501120567322e-02
4.928259999999814681e+03 7.439297437667846680e-02 2.412656694650650024e-02
4.929739999999814245e+03 1.410830616950988770e-01 2.532839216291904449e-02
4.931219999999813808e+03 1.364965289831161499e-01 2.516667917370796204e-02
4.932699999999813372e+03 9.065465629100799561e-02 2.399061992764472961e-02
4.934179999999812935e+03 5.226387083530426025e-02 2.324906922876834869e-02
4.935659999999812499e+03 7.341744005680084229e-02 2.373957261443138123e-02
4.937139999999812062e+03 8.692578971385955811e-02 2.349116653203964233e-02
4.938619999999811625e+03 1.042827889323234558e-01 2.349894680082798004e-02
4.940099999999811189e+03 7.212996482849121094e-02 2.332807146012783051e-02
4.941579999999810752e+03 9.600675106048583984e-02 2.443006634712219238e-02
4.943059999999810316e+03 1.542216986417770386e-01 2.538865245878696442e-02
4.944539999999809879e+03 1.292543411254882812e-01 2.508237585425376892e-02
4.946019999999809443e+03 7.994218170642852783e-02 2.399299480020999908e-02
4.947499999999809006e+03 1.197970882058143616e-01 2.476355992257595062e-02
4.948979999999808570e+03 1.061342135071754456e-01 2.465038374066352844e-02
4.950459999999808133e+03 1.281815767288208008e-01 2.491964958608150482e-02
4.951939999999807696e+03 1.288260519504547119e-01 2.482727356255054474e-02
4.953419999999807260e+03 7.884727418422698975e-02 2.401060052216053009e-02
4.954899999999806823e+03 1.623615324497222900e-01 2.505172789096832275e-02
4.956379999999806387e+03 1.591279655694961548e-01 2.407003194093704224e-02
4.957859999999805950e+03 1.005011498928070068e-01 2.266054227948188782e-02
4.959339999999805514e+03 9.877547621726989746e-02 2.368885278701782227e-02
4.960819999999805077e+03 1.118319183588027954e-01 2.452186308801174164e-02
4.962299999999804641e+03 1.164629459381103516e-01 2.474085614085197449e-02
4.963779999999804204e+03 1.485344171524047852e-01 2.492439001798629761e-02
4.965259999999803767e+03 1.624186336994171143e-01 2.486370876431465149e-02
4.966739999999803331e+03 1.300123631954193115e-01 2.410898543894290924e-02
4.968219999999802894e+03 1.025818064808845520e-01 2.371637336909770966e-02
4.969699999999802458e+03 1.264988780021667480e-01 2.406883798539638519e-02
4.971179999999802021e+03 1.285652816295623779e-01 2.428297325968742371e-02
4.972659999999801585e+03 1.250650435686111450e-01 2.441688068211078644e-02
4.974139999999801148e+03 1.320533454418182373e-01 2.457995526492595673e-02
4.975619999999800712e+03 1.511416882276535034e-01 2.471616305410861969e-02
4.977099999999800275e+03 1.852569431066513062e-01 2.493273094296455383e-02
4.978579999999799838e+03 1.177452057600021362e-01 2.392511628568172455e-02
4.980059999999799402e+03 1.284895837306976318e-01 2.380522154271602631e-02
4.981539999999798965e+03 1.331899762153625488e-01 2.322100289165973663e-02
4.983019999999798529e+03 1.225857883691787720e-01 2.264619246125221252e-02
4.984499999999798092e+03 1.200653538107872009e-01 2.273172885179519653e-02
4.985979999999797656e+03 1.174020841717720032e-01 2.333112992346286774e-02
4.987459999999797219e+03 9.862734377384185791e-02 2.352623455226421356e-02
4.988939999999796783e+03 1.437755227088928223e-01 2.433546259999275208e-02
4.990419999999796346e+03 8.392426371574401855e-02 2.317576482892036438e-02
4.991899999999795909e+03 9.814268350601196289e-02 2.320167422294616699e-02
4.993379999999795473e+03 1.272842288017272949e-01 2.397327311336994171e-02
4.994859999999795036e+03 1.256316453218460083e-01 2.372332289814949036e-02
4.996339999999794600e+03 1.442230492830276489e-01 2.422190271317958832e-02
4.997819999999794163e+03 1.255513876676559448e-01 2.386201918125152588e-02
4.999299999999793727e+03 1.439835131168365479e-01 2.371685951948165894e-02
5.000779999999793290e+03 1.114775463938713074e-01 2.307938225567340851e-02
5.002259999999792853e+03 1.336705237627029419e-01 2.325154654681682587e-02
5.003739999999792417e+03 1.363944262266159058e-01 2.335083670914173126e-02
5.005219999999791980e+03 9.559570252895355225e-02 2.226430363953113556e-02
5.006699999999791544e+03 1.403543502092361450e-01 2.282189205288887024e-02
5.008179999999791107e+03 1.366613209247589111e-01 2.360848523676395416e-02
5.009659999999790671e+03 1.256889104843139648e-01 2.364145405590534210e-02
5.011139999999790234e+03 1.272179037332534790e-01 2.329294942319393158e-02
5.012619999999789798e+03 1.382879316806793213e-01 2.279140427708625793e-02
5.014099999999789361e+03 1.102176532149314880e-01 2.231319807469844818e-02
5.015579999999788924e+03 9.326974302530288696e-02 2.240919321775436401e-02
5.017059999999788488e+03 1.495982855558395386e-01 2.313706092536449432e-02
5.018539999999788051e+03 1.143457219004631042e-01 2.265052124857902527e-02
5.020019999999787615e+03 1.246905252337455750e-01 2.305090427398681641e-02
5.021499999999787178e+03 1.160794198513031006e-01 2.285027690231800079e-02
5.022979999999786742e+03 1.683595478534698486e-01 2.361251413822174072e-02
5.024459999999786305e+03 1.611081659793853760e-01 2.362208440899848938e-02
5.025939999999785869e+03 1.425973773002624512e-01 2.339094318449497223e-02
5.027419999999785432e+03 9.345756471157073975e-02 2.251529134809970856e-02
5.028899999999784995e+03 1.257345825433731079e-01 2.307067438960075378e-02
5.030379999999784559e+03 1.474902182817459106e-01 2.368652075529098511e-02
5.031859999999784122e+03 1.225340068340301514e-01 2.339567430317401886e-02
5.033339999999783686e+03 1.628701388835906982e-01 2.417463995516300201e-02
5.034819999999783249e+03 1.144660711288452148e-01 2.293599583208560944e-02
5.036299999999782813e+03 1.623415350914001465e-01 2.338594757020473480e-02
5.037779999999782376e+03 9.960319101810455322e-02 2.233553864061832428e-02
5.039259999999781940e+03 1.155084520578384399e-01 2.211542055010795593e-02
5.040739999999781503e+03 1.579227447509765625e-01 2.224829047918319702e-02
5.042219999999781066e+03 1.264587342739105225e-01 2.222928963601589203e-02
5.043699999999780630e+03 1.581059694290161133e-01 2.360236085951328278e-02
5.045179999999780193e+03 1.247113347053527832e-01 2.360182441771030426e-02
5.046659999999779757e+03 1.024784445762634277e-01 2.318545430898666382e-02
5.048139999999779320e+03 1.180081143975257874e-01 2.275295183062553406e-02
5.049619999999778884e+03 1.250801384449005127e-01 2.261120267212390900e-02
5.051099999999778447e+03 1.479390859603881836e-01 2.289382554590702057e-02
5.052579999999778011e+03 1.915637552738189697e-01 2.377878502011299133e-02
5.054059999999777574e+03 1.308034509420394897e-01 2.335600182414054871e-02
5.055539999999777137e+03 1.098271533846855164e-01 2.321404404938220978e-02
5.057019999999776701e+03 1.243876963853836060e-01 2.321066521108150482e-02
5.058499999999776264e+03 1.557110995054244995e-01 2.377539500594139099e-02
5.059979999999775828e+03 1.801700294017791748e-01 2.412624657154083252e-02
5.061459999999775391e+03 1.396420896053314209e-01 2.359510399401187897e-02
5.062939999999774955e+03 1.332295835018157959e-01 2.331141568720340729e-02
5.064419999999774518e+03 1.576699763536453247e-01 2.323062904179096222e-02
5.065899999999774082e+03 1.408992558717727661e-01 2.283443696796894073e-02
5.067379999999773645e+03 1.469883620738983154e-01 2.303818240761756897e-02
5.068859999999773208e+03 1.515315473079681396e-01 2.312185987830162048e-02
5.070339999999772772e+03 1.560547053813934326e-01 2.322880923748016357e-02
5.071819999999772335e+03 1.387971192598342896e-01 2.284816466271877289e-02
5.073299999999771899e+03 1.430872231721878052e-01 2.276924438774585724e-02
5.074779999999771462e+03 1.367635428905487061e-01 2.278322167694568634e-02
5.076259999999771026e+03 1.376892030239105225e-01 2.281734347343444824e-02
5.077739999999770589e+03 1.844329982995986938e-01 2.353298105299472809e-02
5.079219999999770152e+03 1.603951454162597656e-01 2.229250036180019379e-02
5.080699999999769716e+03 1.367427706718444824e-01 2.204042300581932068e-02
5.082179999999769279e+03 1.455188095569610596e-01 2.243749611079692841e-02
5.083659999999768843e+03 1.094819307327270508e-01 2.207938581705093384e-02
5.085139999999768406e+03 1.144678294658660889e-01 2.244567312300205231e-02
5.086619999999767970e+03 1.423196196556091309e-01 2.305956743657588959e-02
5.088099999999767533e+03 1.407513767480850220e-01 2.289444580674171448e-02
5.089579999999767097e+03 1.164777651429176331e-01 2.257521823048591614e-02
5.091059999999766660e+03 1.264019310474395752e-01 2.273656800389289856e-02
5.092539999999766223e+03 1.623944342136383057e-01 2.337004430592060089e-02
5.094019999999765787e+03 1.111984327435493469e-01 2.273122780025005341e-02
5.095499999999765350e+03 1.417119055986404419e-01 2.282830327749252319e-02
5.096979999999764914e+03 1.997483372688293457e-01 2.322603948414325714e-02
5.098459999999764477e+03 1.241648569703102112e-01 2.165834233164787292e-02
5.099939999999764041e+03 1.274392008781433105e-01 2.207653224468231201e-02
5.101419999999763604e+03 1.642692983150482178e-01 2.316448092460632324e-02
5.102899999999763168e+03 1.434459090232849121e-01 2.291123382747173309e-02
5.104379999999762731e+03 1.410008817911148071e-01 2.271422371268272400e-02
5.105859999999762294e+03 1.490441560745239258e-01 2.261126972734928131e-02
5.107339999999761858e+03 1.466992497444152832e-01 2.241479977965354919e-02
5.108819999999761421e+03 1.124142408370971680e-01 2.178244106471538544e-02
5.110299999999760985e+03 1.421884447336196899e-01 2.234973758459091187e-02
5.111779999999760548e+03 1.273787915706634521e-01 2.237959019839763641e-02
5.113259999999760112e+03 1.146577149629592896e-01 2.255638130009174347e-02
5.114739999999759675e+03 1.594135761260986328e-01 2.293402329087257385e-02
5.116219999999759239e+03 1.355897486209869385e-01 2.260731533169746399e-02
5.117699999999758802e+03 1.666019856929779053e-01 2.332689799368381500e-02
5.119179999999758365e+03 1.047978401184082031e-01 2.229760773479938507e-02
5.120659999999757929e+03 1.101880967617034912e-01 2.211656048893928528e-02
5.122139999999757492e+03 1.555302739143371582e-01 2.241747826337814331e-02
5.123619999999757056e+03 1.098454222083091736e-01 2.146118506789207458e-02
5.125099999999756619e+03 1.195335462689399719e-01 2.149669267237186432e-02
5.126579999999756183e+03 1.330703049898147583e-01 2.176292426884174347e-02
5.128059999999755746e+03 1.596618890762329102e-01 2.223225682973861694e-02
5.129539999999755310e+03 1.596013754606246948e-01 2.218360267579555511e-02
5.131019999999754873e+03 1.526584029197692871e-01 2.232198417186737061e-02
5.132499999999754436e+03 1.312180757522583008e-01 2.203687466681003571e-02
5.133979999999754000e+03 1.354994624853134155e-01 2.213582955300807953e-02
5.135459999999753563e+03 1.090248823165893555e-01 2.175289951264858246e-02
5.136939999999753127e+03 1.139387339353561401e-01 2.136325649917125702e-02
5.138419999999752690e+03 6.932203471660614014e-02 2.040178887546062469e-02
5.139899999999752254e+03 1.434118300676345825e-01 2.154227532446384430e-02
5.141379999999751817e+03 1.642452180385589600e-01 2.201590314507484436e-02
5.142859999999751381e+03 1.452052146196365356e-01 2.185649797320365906e-02
5.144339999999750944e+03 1.789216399192810059e-01 2.243030630052089691e-02
5.145819999999750507e+03 1.166463643312454224e-01 2.152034081518650055e-02
5.147299999999750071e+03 1.043737977743148804e-01 2.114449627697467804e-02
5.148779999999749634e+03 1.487897932529449463e-01 2.194997668266296387e-02
5.150259999999749198e+03 1.610150486230850220e-01 2.217498794198036194e-02
5.151739999999748761e+03 1.305012255907058716e-01 2.152727730572223663e-02
5.153219999999748325e+03 1.227293014526367188e-01 2.141452208161354065e-02
5.154699999999747888e+03 1.312007009983062744e-01 2.175704017281532288e-02
5.156179999999747452e+03 1.060215383768081665e-01 2.147869765758514404e-02
5.157659999999747015e+03 1.430300325155258179e-01 2.215987816452980042e-02
5.159139999999746578e+03 1.481622606515884399e-01 2.227245457470417023e-02
5.160619999999746142e+03 1.602676212787628174e-01 2.217401005327701569e-02
5.162099999999745705e+03 1.569962650537490845e-01 2.190151438117027283e-02
5.163579999999745269e+03 1.766210496425628662e-01 2.180613204836845398e-02
5.165059999999744832e+03 1.323873400688171387e-01 2.064084075391292572e-02
5.166539999999744396e+03 1.523119360208511353e-01 1.987143605947494507e-02
5.168019999999743959e+03 1.261931806802749634e-01 1.938071288168430328e-02
5.169499999999743522e+03 1.457591056823730469e-01 2.048257365822792053e-02
5.170979999999743086e+03 1.366224884986877441e-01 1.988147199153900146e-02
5.172459999999742649e+03 1.219208389520645142e-01 1.893435418605804443e-02
5.173939999999742213e+03 1.445526927709579468e-01 2.033316344022750854e-02
5.175419999999741776e+03 1.378739923238754272e-01 2.156588621437549591e-02
5.176899999999741340e+03 1.407070010900497437e-01 2.192340791225433350e-02
5.178379999999740903e+03 1.401207298040390015e-01 2.188969030976295471e-02
5.179859999999740467e+03 1.601300984621047974e-01 2.208741568028926849e-02
5.181339999999740030e+03 1.439730525016784668e-01 2.079535648226737976e-02
5.182819999999739593e+03 1.253506839275360107e-01 1.873998902738094330e-02
5.184299999999739157e+03 1.042606830596923828e-01 1.863332279026508331e-02
5.185779999999738720e+03 1.535593718290328979e-01 2.111310325562953949e-02
5.187259999999738284e+03 1.588008701801300049e-01 2.170841395854949951e-02
5.188739999999737847e+03 1.443049013614654541e-01 2.147316746413707733e-02
5.190219999999737411e+03 1.273128241300582886e-01 2.105937339365482330e-02
5.191699999999736974e+03 1.459878385066986084e-01 2.092470601201057434e-02
5.193179999999736538e+03 1.122809275984764099e-01 2.056604996323585510e-02
5.194659999999736101e+03 1.509951651096343994e-01 2.128072082996368408e-02
5.196139999999735664e+03 1.214663758873939514e-01 2.087572216987609863e-02
5.197619999999735228e+03 1.164021939039230347e-01 2.116865292191505432e-02
5.199099999999734791e+03 1.279481798410415649e-01 2.162049710750579834e-02
5.200579999999734355e+03 1.285573989152908325e-01 2.166519127786159515e-02
5.202059999999733918e+03 1.452931910753250122e-01 2.167962864041328430e-02
5.203539999999733482e+03 1.240748986601829529e-01 2.096707001328468323e-02
5.205019999999733045e+03 1.321887522935867310e-01 2.080781757831573486e-02
5.206499999999732609e+03 1.384737789630889893e-01 2.071836590766906738e-02
5.207979999999732172e+03 1.335266828536987305e-01 2.068850211799144745e-02
5.209459999999731735e+03 1.088727936148643494e-01 2.069524116814136505e-02
5.210939999999731299e+03 1.317884027957916260e-01 2.135453186929225922e-02
5.212419999999730862e+03 1.307730078697204590e-01 2.161905914545059204e-02
5.213899999999730426e+03 1.248965486884117126e-01 2.124218083918094635e-02
5.215379999999729989e+03 1.400608718395233154e-01 2.099083736538887024e-02
5.216859999999729553e+03 1.349068880081176758e-01 2.089300937950611115e-02
5.218339999999729116e+03 1.740820854902267456e-01 2.177547104656696320e-02
5.219819999999728680e+03 1.539063155651092529e-01 2.189959213137626648e-02
5.221299999999728243e+03 1.386004239320755005e-01 2.167529240250587463e-02
5.222779999999727806e+03 1.619478762149810791e-01 2.185016125440597534e-02
5.224259999999727370e+03 1.360423564910888672e-01 2.104192413389682770e-02
5.225739999999726933e+03 1.162153705954551697e-01 1.982645690441131592e-02
5.227219999999726497e+03 1.285291165113449097e-01 2.005634829401969910e-02
5.228699999999726060e+03 1.765779107809066772e-01 2.142985910177230835e-02
5.230179999999725624e+03 1.503849029541015625e-01 2.136722393333911896e-02
5.231659999999725187e+03 1.145850941538810730e-01 2.064351737499237061e-02
5.233139999999724751e+03 1.763989329338073730e-01 2.126000821590423584e-02
5.234619999999724314e+03 1.819142401218414307e-01 2.150973677635192871e-02
5.236099999999723877e+03 1.268010735511779785e-01 2.116275392472743988e-02
5.237579999999723441e+03 1.375648975372314453e-01 2.158761769533157349e-02
5.239059999999723004e+03 1.352169215679168701e-01 2.151758782565593719e-02
5.240539999999722568e+03 1.415046900510787964e-01 2.160603180527687073e-02
5.242019999999722131e+03 1.465225368738174438e-01 2.141926251351833344e-02
5.243499999999721695e+03 1.257648468017578125e-01 2.106570824980735779e-02
5.244979999999721258e+03 1.380979865789413452e-01 2.150496654212474823e-02
5.246459999999720822e+03 9.765429794788360596e-02 2.060220949351787567e-02
5.247939999999720385e+03 1.058726012706756592e-01 2.066111750900745392e-02
5.249419999999719948e+03 1.644335091114044189e-01 2.140086703002452850e-02
5.250899999999719512e+03 1.060261577367782593e-01 2.055643126368522644e-02
5.252379999999719075e+03 9.523107111454010010e-02 2.052053250372409821e-02
5.253859999999718639e+03 1.350324749946594238e-01 2.097151428461074829e-02
5.255339999999718202e+03 1.459050178527832031e-01 2.124103717505931854e-02
5.256819999999717766e+03 1.094506680965423584e-01 2.093593776226043701e-02
5.258299999999717329e+03 1.312873661518096924e-01 2.141013741493225098e-02
5.259779999999716892e+03 1.273503601551055908e-01 2.105652168393135071e-02
5.261259999999716456e+03 1.084684133529663086e-01 2.024254947900772095e-02
5.262739999999716019e+03 1.268111914396286011e-01 1.995362713932991028e-02
5.264219999999715583e+03 1.156647205352783203e-01 1.945132017135620117e-02
5.265699999999715146e+03 1.567894071340560913e-01 2.013938687741756439e-02
5.267179999999714710e+03 1.290018558502197266e-01 1.988226920366287231e-02
5.268659999999714273e+03 1.262565553188323975e-01 1.953432895243167877e-02
5.270139999999713837e+03 1.320820301771163940e-01 1.948369294404983521e-02
5.271619999999713400e+03 9.309219568967819214e-02 1.961644738912582397e-02
5.273099999999712963e+03 1.256368458271026611e-01 2.041074819862842560e-02
5.274579999999712527e+03 1.320163309574127197e-01 2.029014565050601959e-02
5.276059999999712090e+03 1.165852248668670654e-01 2.033663168549537659e-02
5.277539999999711654e+03 1.555591821670532227e-01 2.131615951657295227e-02
5.279019999999711217e+03 1.007717028260231018e-01 2.059006318449974060e-02
5.280499999999710781e+03 9.927038848400115967e-02 2.027646638453006744e-02
5.281979999999710344e+03 1.069764941930770874e-01 2.001154609024524689e-02
5.283459999999709908e+03 1.517088264226913452e-01 2.058208920061588287e-02
5.284939999999709471e+03 1.341344267129898071e-01 2.076596207916736603e-02
5.286419999999709034e+03 1.418743431568145752e-01 2.130142785608768463e-02
5.287899999999708598e+03 1.701864451169967651e-01 2.170248888432979584e-02
5.289379999999708161e+03 1.568324714899063110e-01 2.153156697750091553e-02
5.290859999999707725e+03 1.203082501888275146e-01 2.094836719334125519e-02
5.292339999999707288e+03 1.230888068675994873e-01 2.090833336114883423e-02
5.293819999999706852e+03 1.298167407512664795e-01 2.102180384099483490e-02
5.295299999999706415e+03 1.415778845548629761e-01 2.095251344144344330e-02
5.296779999999705979e+03 1.204657256603240967e-01 2.015607245266437531e-02
5.298259999999705542e+03 1.429641842842102051e-01 2.040819078683853149e-02
5.299739999999705105e+03 1.252064704895019531e-01 2.055101096630096436e-02
5.301219999999704669e+03 1.391606926918029785e-01 2.072472311556339264e-02
5.302699999999704232e+03 1.401793360710144043e-01 2.080230973660945892e-02
5.304179999999703796e+03 1.457364410161972046e-01 2.115889079868793488e-02
5.305659999999703359e+03 1.247363910079002380e-01 2.093853056430816650e-02
5.307139999999702923e+03 1.227981522679328918e-01 2.073775231838226318e-02
5.308619999999702486e+03 9.836816787719726562e-02 2.051491662859916687e-02
5.310099999999702050e+03 1.090305373072624207e-01 2.073068171739578247e-02
5.311579999999701613e+03 1.220654547214508057e-01 2.089255489408969879e-02
5.313059999999701176e+03 1.315846890211105347e-01 2.093552425503730774e-02
5.314539999999700740e+03 1.722822636365890503e-01 2.142101712524890900e-02
5.316019999999700303e+03 1.516986191272735596e-01 2.093166857957839966e-02
5.317499999999699867e+03 1.702956110239028931e-01 2.111166529357433319e-02
5.318979999999699430e+03 1.507003307342529297e-01 2.106426842510700226e-02
5.320459999999698994e+03 1.251214146614074707e-01 2.069183439016342163e-02
5.321939999999698557e+03 1.154746562242507935e-01 2.038219198584556580e-02
5.323419999999698121e+03 1.306871473789215088e-01 2.030060440301895142e-02
5.324899999999697684e+03 1.290307939052581787e-01 2.017156407237052917e-02
5.326379999999697247e+03 1.391985267400741577e-01 1.995880715548992157e-02
5.327859999999696811e+03 1.519183218479156494e-01 1.962969452142715454e-02
5.329339999999696374e+03 1.509308815002441406e-01 1.991078071296215057e-02
5.330819999999695938e+03 1.254444122314453125e-01 2.032107673585414886e-02
5.332299999999695501e+03 1.191859692335128784e-01 2.039491944015026093e-02
5.333779999999695065e+03 1.182654649019241333e-01 2.046927809715270996e-02
5.335259999999694628e+03 1.602424681186676025e-01 2.120070718228816986e-02
5.336739999999694192e+03 1.483104228973388672e-01 2.096672542393207550e-02
5.338219999999693755e+03 1.568216532468795776e-01 2.075319178402423859e-02
5.339699999999693318e+03 1.053351312875747681e-01 1.958998478949069977e-02
5.341179999999692882e+03 1.119619607925415039e-01 1.981363072991371155e-02
5.342659999999692445e+03 1.566686034202575684e-01 2.084060758352279663e-02
5.344139999999692009e+03 1.572457402944564819e-01 2.083898335695266724e-02
5.345619999999691572e+03 1.451009362936019897e-01 2.066407538950443268e-02
5.347099999999691136e+03 1.261990368366241455e-01 2.021238580346107483e-02
5.348579999999690699e+03 1.786604076623916626e-01 2.080180868506431580e-02
5.350059999999690262e+03 1.196641847491264343e-01 2.009596303105354309e-02
5.351539999999689826e+03 1.436605453491210938e-01 2.062527276575565338e-02
5.353019999999689389e+03 1.462834477424621582e-01 2.081594616174697876e-02
5.354499999999688953e+03 1.339421868324279785e-01 2.079720608890056610e-02
5.355979999999688516e+03 1.465179175138473511e-01 2.085624821484088898e-02
5.357459999999688080e+03 1.566365063190460205e-01 2.122161909937858582e-02
5.358939999999687643e+03 1.505287140607833862e-01 2.105585671961307526e-02
5.360419999999687207e+03 1.373426616191864014e-01 2.069110795855522156e-02
5.361899999999686770e+03 1.586667895317077637e-01 2.080444619059562683e-02
5.363379999999686333e+03 1.492129117250442505e-01 2.042257413268089294e-02
5.364859999999685897e+03 1.255619525909423828e-01 1.996861957013607025e-02
5.366339999999685460e+03 1.410160660743713379e-01 2.013879269361495972e-02
5.367819999999685024e+03 1.507272124290466309e-01 2.020592987537384033e-02
5.369299999999684587e+03 1.508747935295104980e-01 2.002173475921154022e-02
5.370779999999684151e+03 1.329303383827209473e-01 1.954931020736694336e-02
5.372259999999683714e+03 1.295248568058013916e-01 1.974296942353248596e-02
5.373739999999683278e+03 1.260783076286315918e-01 2.023461088538169861e-02
5.375219999999682841e+03 1.493690907955169678e-01 2.083243243396282196e-02
5.376699999999682404e+03 1.518089920282363892e-01 2.082607336342334747e-02
5.378179999999681968e+03 1.391953229904174805e-01 2.037850022315979004e-02
5.379659999999681531e+03 1.517402678728103638e-01 2.057972736656665802e-02
5.381139999999681095e+03 1.406183540821075439e-01 2.025205269455909729e-02
5.382619999999680658e+03 1.401433199644088745e-01 2.004605717957019806e-02
5.384099999999680222e+03 1.367776244878768921e-01 2.026961557567119598e-02
5.385579999999679785e+03 1.662482470273971558e-01 2.076586708426475525e-02
5.387059999999679349e+03 1.399648636579513550e-01 2.028118073940277100e-02
5.388539999999678912e+03 1.617499738931655884e-01 2.050988748669624329e-02
5.390019999999678475e+03 1.245590448379516602e-01 1.984276250004768372e-02
5.391499999999678039e+03 1.646565794944763184e-01 2.022657543420791626e-02
5.392979999999677602e+03 1.293363869190216064e-01 1.969502866268157959e-02
5.394459999999677166e+03 1.230989098548889160e-01 1.977961696684360504e-02
5.395939999999676729e+03 1.267964392900466919e-01 1.968042738735675812e-02
5.397419999999676293e+03 1.496832817792892456e-01 1.981903985142707825e-02
5.398899999999675856e+03 1.498841494321823120e-01 2.008997462689876556e-02
5.400379999999675420e+03 1.461163163185119629e-01 2.009422890841960907e-02
5.401859999999674983e+03 1.439960896968841553e-01 1.997183822095394135e-02
5.403339999999674546e+03 1.265633702278137207e-01 1.938493363559246063e-02
5.404819999999674110e+03 1.227258294820785522e-01 1.896013319492340088e-02
5.406299999999673673e+03 1.310186088085174561e-01 1.935689151287078857e-02
5.407779999999673237e+03 1.455291360616683960e-01 1.984250918030738831e-02
5.409259999999672800e+03 1.385999917984008789e-01 1.959247887134552002e-02
5.410739999999672364e+03 1.397459805011749268e-01 1.962758973240852356e-02
5.412219999999671927e+03 1.458580195903778076e-01 1.996630989015102386e-02
5.413699999999671491e+03 1.402034163475036621e-01 1.988969556987285614e-02
5.415179999999671054e+03 1.395480483770370483e-01 1.983397826552391052e-02
5.416659999999670617e+03 1.638841181993484497e-01 2.039625495672225952e-02
5.418139999999670181e+03 1.592431664466857910e-01 2.040996216237545013e-02
5.419619999999669744e+03 1.163330227136611938e-01 1.969701983034610748e-02
5.421099999999669308e+03 1.135819703340530396e-01 1.964386552572250366e-02
5.422579999999668871e+03 1.290774196386337280e-01 1.962591335177421570e-02
5.424059999999668435e+03 1.454492062330245972e-01 1.972081512212753296e-02
5.425539999999667998e+03 1.167770251631736755e-01 1.971543952822685242e-02
5.427019999999667561e+03 1.547334492206573486e-01 2.048419974744319916e-02
5.428499999999667125e+03 1.653669774532318115e-01 2.004172466695308685e-02
5.429979999999666688e+03 1.636853665113449097e-01 1.995213702321052551e-02
5.431459999999666252e+03 1.555166244506835938e-01 2.011684887111186981e-02
5.432939999999665815e+03 1.668075919151306152e-01 2.003460563719272614e-02
5.434419999999665379e+03 1.203221082687377930e-01 1.927579008042812347e-02
5.435899999999664942e+03 1.771420240402221680e-01 2.017317339777946472e-02
5.437379999999664506e+03 1.381148099899291992e-01 1.994995400309562683e-02
5.438859999999664069e+03 1.612709164619445801e-01 2.047553099691867828e-02
5.440339999999663632e+03 1.372124999761581421e-01 2.012422122061252594e-02
5.441819999999663196e+03 1.188166886568069458e-01 1.974966377019882202e-02
5.443299999999662759e+03 1.076130270957946777e-01 1.964407041668891907e-02
5.444779999999662323e+03 1.358014941215515137e-01 1.970752142369747162e-02
5.446259999999661886e+03 1.258284449577331543e-01 1.913478225469589233e-02
5.447739999999661450e+03 1.268074065446853638e-01 1.932946220040321350e-02
5.449219999999661013e+03 1.543947607278823853e-01 2.023925632238388062e-02
5.450699999999660577e+03 1.411243081092834473e-01 2.020749263465404510e-02
5.452179999999660140e+03 1.666762232780456543e-01 2.046550065279006958e-02
5.453659999999659703e+03 1.386251002550125122e-01 1.959382742643356323e-02
5.455139999999659267e+03 1.256143152713775635e-01 1.913594081997871399e-02
5.456619999999658830e+03 1.602442860603332520e-01 1.994341611862182617e-02
5.458099999999658394e+03 1.407281309366226196e-01 2.005916461348533630e-02
5.459579999999657957e+03 1.321300566196441650e-01 1.997475139796733856e-02
5.461059999999657521e+03 1.414946913719177246e-01 1.987434923648834229e-02
5.462539999999657084e+03 1.143326014280319214e-01 1.910986565053462982e-02
5.464019999999656648e+03 1.459413468837738037e-01 1.956448331475257874e-02
5.465499999999656211e+03 1.390801966190338135e-01 1.970399171113967896e-02
5.466979999999655774e+03 1.510047018527984619e-01 1.988944038748741150e-02
5.468459999999655338e+03 1.603333204984664917e-01 2.004046179354190826e-02
5.469939999999654901e+03 1.228262335062026978e-01 1.956069841980934143e-02
5.471419999999654465e+03 1.398383975028991699e-01 1.969351805746555328e-02
5.472899999999654028e+03 1.334227621555328369e-01 1.955256424844264984e-02
5.474379999999653592e+03 1.189465075731277466e-01 1.921017840504646301e-02
5.475859999999653155e+03 1.288194954395294189e-01 1.894974708557128906e-02
5.477339999999652719e+03 1.148277595639228821e-01 1.869017258286476135e-02
5.478819999999652282e+03 1.333886981010437012e-01 1.933771558105945587e-02
5.480299999999651845e+03 1.085048392415046692e-01 1.906412467360496521e-02
5.481779999999651409e+03 1.171640902757644653e-01 1.902515627443790436e-02
5.483259999999650972e+03 1.396781802177429199e-01 1.954279281198978424e-02
5.484739999999650536e+03 1.358467936515808105e-01 1.973996497690677643e-02
5.486219999999650099e+03 1.630390733480453491e-01 1.998816058039665222e-02
5.487699999999649663e+03 1.524307876825332642e-01 1.968428492546081543e-02
5.489179999999649226e+03 1.559218466281890869e-01 1.976227387785911560e-02
5.490659999999648790e+03 1.183495074510574341e-01 1.933670789003372192e-02
5.492139999999648353e+03 1.385108083486557007e-01 1.961626671254634857e-02
5.493619999999647916e+03 1.614955365657806396e-01 1.979595236480236053e-02
5.495099999999647480e+03 1.423421502113342285e-01 1.956206746399402618e-02
5.496579999999647043e+03 1.713394820690155029e-01 1.987493038177490234e-02
5.498059999999646607e+03 1.678388416767120361e-01 1.979919150471687317e-02
5.499539999999646170e+03 1.671751141548156738e-01 1.997522823512554169e-02
5.501019999999645734e+03 1.422132551670074463e-01 1.944414153695106506e-02
5.502499999999645297e+03 1.407970190048217773e-01 1.933722943067550659e-02
5.503979999999644861e+03 1.763557195663452148e-01 1.995183527469635010e-02
5.505459999999644424e+03 1.597933471202850342e-01 1.969679631292819977e-02
5.506939999999643987e+03 1.210591346025466919e-01 1.904264837503433228e-02
5.508419999999643551e+03 1.786096692085266113e-01 2.001910470426082611e-02
5.509899999999643114e+03 1.456011384725570679e-01 1.960100606083869934e-02
5.511379999999642678e+03 1.164625883102416992e-01 1.903484016656875610e-02
5.512859999999642241e+03 1.357788592576980591e-01 1.916654035449028015e-02
5.514339999999641805e+03 1.346930265426635742e-01 1.924510486423969269e-02
5.515819999999641368e+03 1.135391891002655029e-01 1.901009492576122284e-02
5.517299999999640931e+03 1.141047030687332153e-01 1.913831010460853577e-02
5.518779999999640495e+03 1.340628564357757568e-01 1.944577321410179138e-02
5.520259999999640058e+03 1.616663038730621338e-01 1.980633102357387543e-02
5.521739999999639622e+03 1.660088300704956055e-01 1.992238871753215790e-02
5.523219999999639185e+03 1.156682372093200684e-01 1.911571808159351349e-02
5.524699999999638749e+03 8.871167153120040894e-02 1.866494305431842804e-02
5.526179999999638312e+03 1.278633177280426025e-01 1.884487457573413849e-02
5.527659999999637876e+03 1.555310487747192383e-01 1.897481270134449005e-02
5.529139999999637439e+03 1.522220075130462646e-01 1.918843202292919159e-02
5.530619999999637002e+03 1.470475345849990845e-01 1.938844658434391022e-02
5.532099999999636566e+03 1.439449042081832886e-01 1.940302178263664246e-02
5.533579999999636129e+03 1.372091621160507202e-01 1.912448741495609283e-02
5.535059999999635693e+03 1.579889059066772461e-01 1.940210163593292236e-02
5.536539999999635256e+03 1.454991698265075684e-01 1.933502592146396637e-02
5.538019999999634820e+03 1.355353593826293945e-01 1.916658505797386169e-02
5.539499999999634383e+03 1.378437727689743042e-01 1.920926943421363831e-02
5.540979999999633947e+03 1.257483363151550293e-01 1.920160464942455292e-02
5.542459999999633510e+03 1.375352740287780762e-01 1.932927407324314117e-02
5.543939999999633073e+03 1.354649215936660767e-01 1.920680701732635498e-02
5.545419999999632637e+03 1.501898765563964844e-01 1.944178156554698944e-02
5.546899999999632200e+03 1.400341987609863281e-01 1.933514699339866638e-02
5.548379999999631764e+03 1.224599629640579224e-01 1.913827285170555115e-02
5.549859999999631327e+03 1.276706159114837646e-01 1.923408545553684235e-02
5.551339999999630891e+03 1.513957530260086060e-01 1.956969685852527618e-02
5.552819999999630454e+03 1.372273564338684082e-01 1.917145214974880219e-02
5.554299999999630018e+03 1.506682038307189941e-01 1.922665908932685852e-02
5.555779999999629581e+03 1.278521120548248291e-01 1.907012984156608582e-02
5.557259999999629144e+03 1.330270469188690186e-01 1.913427934050559998e-02
5.558739999999628708e+03 1.159467622637748718e-01 1.876118965446949005e-02
5.560219999999628271e+03 1.062942817807197571e-01 1.863502152264118195e-02
5.561699999999627835e+03 1.509809494018554688e-01 1.928672008216381073e-02
5.563179999999627398e+03 1.327439695596694946e-01 1.896636933088302612e-02
5.564659999999626962e+03 1.221763119101524353e-01 1.876352168619632721e-02
5.566139999999626525e+03 1.075858622789382935e-01 1.857973076403141022e-02
5.567619999999626089e+03 1.217401176691055298e-01 1.871311850845813751e-02
5.569099999999625652e+03 1.378919482231140137e-01 1.890315115451812744e-02
5.570579999999625215e+03 1.477207839488983154e-01 1.903269253671169281e-02
5.572059999999624779e+03 1.318336725234985352e-01 1.860969141125679016e-02
5.573539999999624342e+03 1.368333995342254639e-01 1.879347674548625946e-02
5.575019999999623906e+03 6.464046984910964966e-02 1.959282159805297852e-02
5.576499999999623469e+03 1.761644482612609863e-01 2.622707933187484741e-02
5.577979999999623033e+03 1.756864339113235474e-01 2.642001025378704071e-02
5.579459999999622596e+03 1.079237461090087891e-01 2.064917422831058502e-02
5.580939999999622160e+03 1.198734566569328308e-01 1.872654817998409271e-02
5.582419999999621723e+03 9.773534536361694336e-02 1.832440309226512909e-02
5.583899999999621286e+03 1.238219588994979858e-01 1.871714927256107330e-02
5.585379999999620850e+03 1.388439536094665527e-01 1.866281963884830475e-02
5.586859999999620413e+03 1.517686843872070312e-01 1.857776567339897156e-02
5.588339999999619977e+03 1.515425592660903931e-01 1.842061802744865417e-02
5.589819999999619540e+03 1.366586536169052124e-01 1.854844577610492706e-02
5.591299999999619104e+03 1.305441260337829590e-01 1.857992075383663177e-02
5.592779999999618667e+03 1.362768709659576416e-01 1.861422695219516754e-02
5.594259999999618231e+03 1.646574884653091431e-01 1.902696490287780762e-02
5.595739999999617794e+03 1.494302749633789062e-01 1.894358173012733459e-02
5.597219999999617357e+03 1.276530921459197998e-01 1.867311820387840271e-02
5.598699999999616921e+03 1.098179891705513000e-01 1.826522126793861389e-02
5.600179999999616484e+03 1.486040651798248291e-01 1.868478953838348389e-02
5.601659999999616048e+03 1.593091785907745361e-01 1.871619746088981628e-02
5.603139999999615611e+03 1.232102215290069580e-01 1.835101656615734100e-02
5.604619999999615175e+03 1.348126977682113647e-01 1.906040683388710022e-02
5.606099999999614738e+03 1.189889684319496155e-01 1.897457800805568695e-02
5.607579999999614301e+03 1.038376837968826294e-01 1.853336021304130554e-02
5.609059999999613865e+03 1.537036448717117310e-01 1.932413876056671143e-02
5.610539999999613428e+03 1.235193610191345215e-01 1.882537454366683960e-02
5.612019999999612992e+03 1.142463460564613342e-01 1.875562220811843872e-02
5.613499999999612555e+03 1.169973909854888916e-01 1.843331381678581238e-02
5.614979999999612119e+03 1.330371201038360596e-01 1.804141700267791748e-02
5.616459999999611682e+03 1.410029828548431396e-01 1.836175844073295593e-02
5.617939999999611246e+03 1.233151257038116455e-01 1.839771494269371033e-02
5.619419999999610809e+03 1.474221944808959961e-01 1.882771961390972137e-02
5.620899999999610372e+03 1.587398350238800049e-01 1.912005804479122162e-02
5.622379999999609936e+03 1.564991176128387451e-01 1.906280778348445892e-02
5.623859999999609499e+03 1.498866379261016846e-01 1.868808269500732422e-02
5.625339999999609063e+03 1.127577498555183411e-01 1.818010024726390839e-02
5.626819999999608626e+03 1.104911565780639648e-01 1.819081045687198639e-02
5.628299999999608190e+03 1.670019328594207764e-01 1.922145299613475800e-02
5.629779999999607753e+03 1.826003789901733398e-01 1.956541836261749268e-02
5.631259999999607317e+03 1.717308759689331055e-01 1.930615678429603577e-02
5.632739999999606880e+03 1.523553729057312012e-01 1.895271055400371552e-02
5.634219999999606443e+03 1.357919424772262573e-01 1.859721355140209198e-02
5.635699999999606007e+03 1.492657214403152466e-01 1.870364323258399963e-02
5.637179999999605570e+03 1.248063668608665466e-01 1.826527155935764313e-02
5.638659999999605134e+03 1.343344151973724365e-01 1.844696700572967529e-02
5.640139999999604697e+03 1.532747149467468262e-01 1.878755725920200348e-02
5.641619999999604261e+03 1.439952999353408813e-01 1.862147264182567596e-02
5.643099999999603824e+03 1.346741467714309692e-01 1.851774007081985474e-02
5.644579999999603388e+03 1.414426863193511963e-01 1.863535307347774506e-02
5.646059999999602951e+03 1.384857296943664551e-01 1.865182071924209595e-02
5.647539999999602514e+03 1.405535340309143066e-01 1.870165765285491943e-02
5.649019999999602078e+03 1.247534304857254028e-01 1.829820871353149414e-02
5.650499999999601641e+03 1.187437921762466431e-01 1.820047199726104736e-02
5.651979999999601205e+03 1.570603847503662109e-01 1.882423274219036102e-02
5.653459999999600768e+03 1.714187115430831909e-01 1.896282844245433807e-02
5.654939999999600332e+03 1.370127350091934204e-01 1.837360858917236328e-02
5.656419999999599895e+03 1.490363776683807373e-01 1.843934319913387299e-02
5.657899999999599459e+03 1.393448412418365479e-01 1.817345432937145233e-02
5.659379999999599022e+03 1.282758712768554688e-01 1.792521215975284576e-02
5.660859999999598585e+03 1.282438337802886963e-01 1.808738708496093750e-02
5.662339999999598149e+03 1.249358206987380981e-01 1.813855208456516266e-02
5.663819999999597712e+03 1.374049782752990723e-01 1.841382682323455811e-02
5.665299999999597276e+03 1.393309086561203003e-01 1.852037198841571808e-02
5.666779999999596839e+03 1.377986669540405273e-01 1.856075040996074677e-02
5.668259999999596403e+03 1.067602708935737610e-01 1.804402656853199005e-02
5.669739999999595966e+03 9.041663259267807007e-02 1.783720217645168304e-02
5.671219999999595530e+03 1.081326827406883240e-01 1.824274659156799316e-02
5.672699999999595093e+03 9.689776599407196045e-02 1.805790513753890991e-02
5.674179999999594656e+03 1.205411925911903381e-01 1.833964325487613678e-02
5.675659999999594220e+03 1.265303194522857666e-01 1.837008260190486908e-02
5.677139999999593783e+03 1.122333109378814697e-01 1.819321140646934509e-02
5.678619999999593347e+03 1.363210976123809814e-01 1.856332831084728241e-02
5.680099999999592910e+03 1.402323842048645020e-01 1.849180646240711212e-02
5.681579999999592474e+03 1.316957473754882812e-01 1.825456693768501282e-02
5.683059999999592037e+03 1.273744255304336548e-01 1.799112372100353241e-02
5.684539999999591600e+03 1.314741969108581543e-01 1.807372085750102997e-02
5.686019999999591164e+03 1.442900896072387695e-01 1.843260601162910461e-02
5.687499999999590727e+03 1.272763013839721680e-01 1.809287443757057190e-02
5.688979999999590291e+03 1.499467343091964722e-01 1.835608482360839844e-02
5.690459999999589854e+03 1.444618105888366699e-01 1.849567517638206482e-02
5.691939999999589418e+03 1.585241854190826416e-01 1.877756044268608093e-02
5.693419999999588981e+03 1.400461941957473755e-01 1.841184310615062714e-02
5.694899999999588545e+03 1.342335641384124756e-01 1.828585006296634674e-02
5.696379999999588108e+03 1.617623269557952881e-01 1.881420239806175232e-02
5.697859999999587671e+03 1.494736671447753906e-01 1.857012510299682617e-02
5.699339999999587235e+03 1.241721361875534058e-01 1.812392100691795349e-02
5.700819999999586798e+03 1.068454980850219727e-01 1.784781366586685181e-02
5.702299999999586362e+03 1.208143234252929688e-01 1.792916841804981232e-02
5.703779999999585925e+03 1.377179920673370361e-01 1.830549165606498718e-02
5.705259999999585489e+03 1.215494424104690552e-01 1.798318140208721161e-02
5.706739999999585052e+03 1.166192665696144104e-01 1.777649670839309692e-02
5.708219999999584616e+03 1.707999259233474731e-01 1.834455318748950958e-02
5.709699999999584179e+03 1.406835317611694336e-01 1.788443140685558319e-02
5.711179999999583742e+03 1.125348657369613647e-01 1.748173497617244720e-02
5.712659999999583306e+03 1.421508640050888062e-01 1.807914674282073975e-02
5.714139999999582869e+03 1.411479562520980835e-01 1.830888353288173676e-02
5.715619999999582433e+03 1.618918031454086304e-01 1.864665001630783081e-02
5.717099999999581996e+03 1.230130493640899658e-01 1.806198619306087494e-02
5.718579999999581560e+03 1.253923326730728149e-01 1.817088760435581207e-02
5.720059999999581123e+03 1.326138228178024292e-01 1.827528141438961029e-02
5.721539999999580687e+03 1.402945220470428467e-01 1.844793558120727539e-02
5.723019999999580250e+03 1.353261470794677734e-01 1.840269193053245544e-02
5.724499999999579813e+03 1.264847964048385620e-01 1.823551952838897705e-02
5.725979999999579377e+03 1.249696761369705200e-01 1.821639947593212128e-02
5.727459999999578940e+03 1.292912960052490234e-01 1.813416928052902222e-02
5.728939999999578504e+03 1.303368061780929565e-01 1.823148503899574280e-02
5.730419999999578067e+03 1.169561594724655151e-01 1.791989989578723907e-02
5.731899999999577631e+03 1.471068263053894043e-01 1.835957355797290802e-02
5.733379999999577194e+03 1.109591722488403320e-01 1.785311475396156311e-02
5.734859999999576758e+03 1.353413611650466919e-01 1.824556104838848114e-02
5.736339999999576321e+03 1.447586268186569214e-01 1.842702552676200867e-02
5.737819999999575884e+03 1.502715796232223511e-01 1.849482394754886627e-02
5.739299999999575448e+03 1.240787655115127563e-01 1.803602464497089386e-02
5.740779999999575011e+03 1.341265887022018433e-01 1.822563260793685913e-02
5.742259999999574575e+03 1.229387372732162476e-01 1.797523908317089081e-02
5.743739999999574138e+03 1.105880588293075562e-01 1.783116720616817474e-02
5.745219999999573702e+03 1.476797163486480713e-01 1.841723732650279999e-02
5.746699999999573265e+03 1.554803401231765747e-01 1.847231760621070862e-02
5.748179999999572829e+03 1.518246382474899292e-01 1.822763308882713318e-02
5.749659999999572392e+03 1.161678582429885864e-01 1.782331243157386780e-02
5.751139999999571955e+03 1.287963390350341797e-01 1.797194778919219971e-02
5.752619999999571519e+03 1.340244710445404053e-01 1.775044202804565430e-02
5.754099999999571082e+03 1.317685395479202271e-01 1.773028075695037842e-02
5.755579999999570646e+03 1.053115800023078918e-01 1.750160567462444305e-02
5.757059999999570209e+03 1.209976300597190857e-01 1.790272444486618042e-02
5.758539999999569773e+03 1.297319233417510986e-01 1.801595091819763184e-02
5.760019999999569336e+03 1.179598718881607056e-01 1.779252849519252777e-02
5.761499999999568900e+03 1.318502724170684814e-01 1.775792241096496582e-02
5.762979999999568463e+03 1.227707713842391968e-01 1.761812344193458557e-02
5.764459999999568026e+03 1.161259263753890991e-01 1.768143661320209503e-02
5.765939999999567590e+03 1.397029757499694824e-01 1.826733537018299103e-02
5.767419999999567153e+03 1.287623792886734009e-01 1.803756691515445709e-02
5.768899999999566717e+03 1.351749002933502197e-01 1.819643937051296234e-02
5.770379999999566280e+03 1.569984257221221924e-01 1.825403794646263123e-02
5.771859999999565844e+03 1.249744668602943420e-01 1.777669973671436310e-02
5.773339999999565407e+03 1.563727259635925293e-01 1.819098368287086487e-02
5.774819999999564970e+03 1.586141437292098999e-01 1.826345920562744141e-02
5.776299999999564534e+03 1.306603252887725830e-01 1.788739301264286041e-02
5.777779999999564097e+03 1.011263579130172729e-01 1.744625158607959747e-02
5.779259999999563661e+03 1.136201173067092896e-01 1.756392233073711395e-02
5.780739999999563224e+03 1.341710239648818970e-01 1.762293279170989990e-02
5.782219999999562788e+03 1.207682713866233826e-01 1.744088158011436462e-02
5.783699999999562351e+03 1.108733937144279480e-01 1.726727001368999481e-02
5.785179999999561915e+03 1.528599262237548828e-01 1.791971921920776367e-02
5.786659999999561478e+03 1.354833096265792847e-01 1.770504005253314972e-02
5.788139999999561041e+03 1.239216625690460205e-01 1.768746413290500641e-02
5.789619999999560605e+03 1.150010749697685242e-01 1.743518561124801636e-02
5.791099999999560168e+03 1.348453313112258911e-01 1.770125702023506165e-02
5.792579999999559732e+03 1.105348393321037292e-01 1.734283939003944397e-02
5.794059999999559295e+03 1.325510144233703613e-01 1.778800413012504578e-02
5.795539999999558859e+03 1.591157168149948120e-01 1.820402219891548157e-02
5.797019999999558422e+03 1.190594732761383057e-01 1.755137369036674500e-02
5.798499999999557986e+03 1.197715103626251221e-01 1.748123951256275177e-02
5.799979999999557549e+03 1.317811161279678345e-01 1.782572641968727112e-02
5.801459999999557112e+03 1.318658888339996338e-01 1.793142594397068024e-02
5.802939999999556676e+03 1.361831873655319214e-01 1.786311902105808258e-02
5.804419999999556239e+03 1.208198219537734985e-01 1.745500229299068451e-02
5.805899999999555803e+03 1.054953187704086304e-01 1.726953312754631042e-02
5.807379999999555366e+03 1.289209872484207153e-01 1.763661019504070282e-02
5.808859999999554930e+03 1.277612298727035522e-01 1.761556044220924377e-02
5.810339999999554493e+03 1.322605311870574951e-01 1.776645891368389130e-02
5.811819999999554057e+03 1.346771568059921265e-01 1.771622896194458008e-02
5.813299999999553620e+03 1.118596270680427551e-01 1.756196655333042145e-02
5.814779999999553183e+03 1.229960173368453979e-01 1.744995266199111938e-02
5.816259999999552747e+03 1.321118026971817017e-01 1.758001558482646942e-02
5.817739999999552310e+03 1.162576302886009216e-01 1.742436550557613373e-02
5.819219999999551874e+03 1.243913024663925171e-01 1.771538518369197845e-02
5.820699999999551437e+03 1.253132522106170654e-01 1.775588840246200562e-02
5.822179999999551001e+03 1.474718004465103149e-01 1.793115772306919098e-02
5.823659999999550564e+03 1.331934630870819092e-01 1.779459975659847260e-02
5.825139999999550128e+03 1.302427053451538086e-01 1.774556562304496765e-02
5.826619999999549691e+03 1.197451949119567871e-01 1.750800013542175293e-02
5.828099999999549254e+03 1.402944177389144897e-01 1.785761862993240356e-02
5.829579999999548818e+03 1.411202251911163330e-01 1.790131255984306335e-02
5.831059999999548381e+03 1.265758574008941650e-01 1.764941401779651642e-02
5.832539999999547945e+03 1.194534301757812500e-01 1.757173426449298859e-02
5.834019999999547508e+03 1.244059950113296509e-01 1.750260591506958008e-02
5.835499999999547072e+03 1.151506975293159485e-01 1.735276356339454651e-02
5.836979999999546635e+03 1.329353004693984985e-01 1.772540248930454254e-02
5.838459999999546199e+03 1.357544511556625366e-01 1.771605573594570160e-02
5.839939999999545762e+03 1.358429044485092163e-01 1.770771481096744537e-02
5.841419999999545325e+03 1.445819288492202759e-01 1.788970828056335449e-02
5.842899999999544889e+03 1.317091286182403564e-01 1.770039834082126617e-02
5.844379999999544452e+03 1.393776237964630127e-01 1.781476847827434540e-02
5.845859999999544016e+03 1.277792751789093018e-01 1.750024035573005676e-02
5.847339999999543579e+03 1.078991740942001343e-01 1.717874221503734589e-02
5.848819999999543143e+03 1.274969577789306641e-01 1.742503233253955841e-02
5.850299999999542706e+03 1.316721737384796143e-01 1.754649356007575989e-02
5.851779999999542270e+03 1.190142780542373657e-01 1.736804656684398651e-02
5.853259999999541833e+03 1.143841594457626343e-01 1.721655391156673431e-02
5.854739999999541396e+03 1.104164570569992065e-01 1.707990281283855438e-02
5.856219999999540960e+03 1.325632780790328979e-01 1.723181642591953278e-02
5.857699999999540523e+03 1.430153548717498779e-01 1.737897284328937531e-02
5.859179999999540087e+03 1.231206133961677551e-01 1.707006990909576416e-02
5.860659999999539650e+03 1.268919110298156738e-01 1.730182766914367676e-02
5.862139999999539214e+03 1.252324283123016357e-01 1.724733598530292511e-02
5.863619999999538777e+03 1.125248596072196960e-01 1.715206168591976166e-02
5.865099999999538340e+03 1.064508706331253052e-01 1.727667264640331268e-02
5.866579999999537904e+03 1.093189790844917297e-01 1.743945479393005371e-02
5.868059999999537467e+03 1.355370134115219116e-01 1.788872852921485901e-02
5.869539999999537031e+03 1.379833072423934937e-01 1.774355210363864899e-02
5.871019999999536594e+03 1.217206418514251709e-01 1.731240004301071167e-02
5.872499999999536158e+03 1.536727398633956909e-01 1.783170178532600403e-02
5.873979999999535721e+03 1.389833390712738037e-01 1.756204105913639069e-02
5.875459999999535285e+03 1.115662157535552979e-01 1.705343648791313171e-02
5.876939999999534848e+03 1.289387047290802002e-01 1.734293997287750244e-02
5.878419999999534411e+03 1.560923457145690918e-01 1.768737286329269409e-02
5.879899999999533975e+03 1.542237102985382080e-01 1.764273270964622498e-02
5.881379999999533538e+03 1.221438124775886536e-01 1.718456111848354340e-02
5.882859999999533102e+03 1.217978596687316895e-01 1.709110103547573090e-02
5.884339999999532665e+03 1.521591097116470337e-01 1.749397628009319305e-02
5.885819999999532229e+03 1.546036750078201294e-01 1.764591597020626068e-02
5.887299999999531792e+03 1.044470444321632385e-01 1.742870360612869263e-02
5.888779999999531356e+03 1.142526119947433472e-01 1.840851455926895142e-02
5.890259999999530919e+03 1.526809334754943848e-01 1.921145431697368622e-02
5.891739999999530482e+03 1.217094361782073975e-01 1.769713684916496277e-02
5.893219999999530046e+03 1.021596044301986694e-01 1.665976271033287048e-02
5.894699999999529609e+03 1.129692420363426208e-01 1.721146889030933380e-02
5.896179999999529173e+03 1.234663128852844238e-01 1.741939596831798553e-02
5.897659999999528736e+03 1.495437771081924438e-01 1.752824895083904266e-02
5.899139999999528300e+03 1.348972320556640625e-01 1.711097545921802521e-02
5.900619999999527863e+03 1.193006932735443115e-01 1.696531847119331360e-02
5.902099999999527427e+03 1.004288494586944580e-01 1.673911325633525848e-02
5.903579999999526990e+03 1.252882182598114014e-01 1.717242971062660217e-02
5.905059999999526553e+03 1.200224459171295166e-01 1.704377867281436920e-02
5.906539999999526117e+03 1.202165782451629639e-01 1.717082597315311432e-02
5.908019999999525680e+03 1.451682597398757935e-01 1.748352870345115662e-02
5.909499999999525244e+03 1.339798718690872192e-01 1.719053648412227631e-02
5.910979999999524807e+03 1.174793094396591187e-01 1.700737886130809784e-02
5.912459999999524371e+03 1.379047930240631104e-01 1.727721095085144043e-02
5.913939999999523934e+03 1.509564071893692017e-01 1.753421314060688019e-02
5.915419999999523498e+03 1.446147859096527100e-01 1.768110878765583038e-02
5.916899999999523061e+03 1.157473996281623840e-01 1.718992367386817932e-02
5.918379999999522624e+03 1.222350150346755981e-01 1.697529479861259460e-02
5.919859999999522188e+03 1.202621608972549438e-01 1.697324030101299286e-02
5.921339999999521751e+03 1.305429041385650635e-01 1.717561483383178711e-02
5.922819999999521315e+03 1.292353719472885132e-01 1.709140464663505554e-02
5.924299999999520878e+03 1.442226171493530273e-01 1.744888350367546082e-02
5.925779999999520442e+03 1.396877020597457886e-01 1.743669994175434113e-02
5.927259999999520005e+03 1.086912304162979126e-01 1.685804314911365509e-02
5.928739999999519569e+03 1.175552010536193848e-01 1.677692495286464691e-02
5.930219999999519132e+03 1.222264468669891357e-01 1.683029159903526306e-02
5.931699999999518695e+03 1.290553063154220581e-01 1.732871681451797485e-02
5.933179999999518259e+03 1.418993622064590454e-01 1.771806739270687103e-02
5.934659999999517822e+03 1.107883900403976440e-01 1.702433452010154724e-02
5.936139999999517386e+03 1.409378051757812500e-01 1.719382964074611664e-02
5.937619999999516949e+03 1.210385710000991821e-01 1.688556186854839325e-02
5.939099999999516513e+03 1.286456733942031860e-01 1.712984405457973480e-02
5.940579999999516076e+03 1.181247383356094360e-01 1.677267253398895264e-02
5.942059999999515640e+03 1.391458213329315186e-01 1.702660135924816132e-02
5.943539999999515203e+03 1.191899925470352173e-01 1.664563082158565521e-02
5.945019999999514766e+03 1.395119130611419678e-01 1.717596687376499176e-02
5.946499999999514330e+03 1.431320756673812866e-01 1.710622385144233704e-02
5.947979999999513893e+03 1.281478554010391235e-01 1.676616631448268890e-02
5.949459999999513457e+03 9.614458680152893066e-02 1.608410105109214783e-02
5.950939999999513020e+03 1.067994385957717896e-01 1.664968766272068024e-02
5.952419999999512584e+03 1.086552590131759644e-01 1.671838760375976562e-02
5.953899999999512147e+03 1.278979927301406860e-01 1.718015782535076141e-02
5.955379999999511710e+03 1.211966425180435181e-01 1.699009910225868225e-02
5.956859999999511274e+03 1.306185424327850342e-01 1.683736592531204224e-02
5.958339999999510837e+03 1.191717162728309631e-01 1.670162566006183624e-02
5.959819999999510401e+03 1.134085655212402344e-01 1.667179539799690247e-02
5.961299999999509964e+03 1.634443104267120361e-01 1.736351661384105682e-02
5.962779999999509528e+03 1.098767817020416260e-01 1.658373326063156128e-02
5.964259999999509091e+03 1.272574961185455322e-01 1.696604676544666290e-02
5.965739999999508655e+03 1.324616670608520508e-01 1.696458272635936737e-02
5.967219999999508218e+03 1.144679412245750427e-01 1.662894524633884430e-02
5.968699999999507781e+03 1.317059546709060669e-01 1.693204604089260101e-02
5.970179999999507345e+03 1.143042892217636108e-01 1.682253554463386536e-02
5.971659999999506908e+03 1.178839355707168579e-01 1.682183332741260529e-02
5.973139999999506472e+03 1.240663528442382812e-01 1.684731058776378632e-02
5.974619999999506035e+03 1.187022104859352112e-01 1.669699512422084808e-02
5.976099999999505599e+03 1.411529481410980225e-01 1.703839935362339020e-02
5.977579999999505162e+03 1.796917766332626343e-01 1.767501607537269592e-02
5.979059999999504726e+03 1.248178035020828247e-01 1.676652953028678894e-02
5.980539999999504289e+03 1.125544011592864990e-01 1.660170964896678925e-02
5.982019999999503852e+03 1.437865048646926880e-01 1.694488339126110077e-02
5.983499999999503416e+03 1.362359374761581421e-01 1.673361472785472870e-02
5.984979999999502979e+03 1.279487758874893188e-01 1.654664240777492523e-02
5.986459999999502543e+03 1.257932931184768677e-01 1.648717559874057770e-02
5.987939999999502106e+03 1.175900697708129883e-01 1.644441671669483185e-02
5.989419999999501670e+03 1.246992051601409912e-01 1.667209714651107788e-02
5.990899999999501233e+03 1.348410099744796753e-01 1.675303466618061066e-02
5.992379999999500797e+03 1.218232586979866028e-01 1.647495478391647339e-02
5.993859999999500360e+03 1.171478405594825745e-01 1.644174382090568542e-02
5.995339999999499923e+03 1.195167303085327148e-01 1.657386682927608490e-02
5.996819999999499487e+03 1.330763548612594604e-01 1.673161424696445465e-02
5.998299999999499050e+03 1.256429255008697510e-01 1.646137796342372894e-02
5.999779999999498614e+03 1.091409847140312195e-01 1.623771339654922485e-02
6.001259999999498177e+03 1.196360662579536438e-01 1.642397046089172363e-02
6.002739999999497741e+03 1.444734930992126465e-01 1.679922081530094147e-02
6.004219999999497304e+03 1.212812885642051697e-01 1.644772104918956757e-02
6.005699999999496868e+03 1.040591150522232056e-01 1.620014570653438568e-02
6.007179999999496431e+03 1.168505996465682983e-01 1.627633906900882721e-02
6.008659999999495994e+03 1.176955103874206543e-01 1.601932011544704437e-02
6.010139999999495558e+03 1.366272419691085815e-01 1.654837280511856079e-02
6.011619999999495121e+03 1.258705258369445801e-01 1.649244129657745361e-02
6.013099999999494685e+03 1.225545853376388550e-01 1.627924293279647827e-02
6.014579999999494248e+03 1.216585859656333923e-01 1.627143658697605133e-02
6.016059999999493812e+03 1.345340460538864136e-01 1.644412241876125336e-02
6.017539999999493375e+03 1.435423791408538818e-01 1.665212213993072510e-02
6.019019999999492939e+03 1.293890476226806641e-01 1.634401455521583557e-02
6.020499999999492502e+03 1.274077594280242920e-01 1.617411151528358459e-02
6.021979999999492065e+03 1.285201013088226318e-01 1.621475629508495331e-02
6.023459999999491629e+03 1.351326704025268555e-01 1.631814986467361450e-02
6.024939999999491192e+03 1.140649169683456421e-01 1.607570052146911621e-02
6.026419999999490756e+03 1.277402341365814209e-01 1.629327796399593353e-02
6.027899999999490319e+03 1.398168951272964478e-01 1.659720763564109802e-02
6.029379999999489883e+03 1.376631557941436768e-01 1.667927205562591553e-02
6.030859999999489446e+03 1.298911422491073608e-01 1.651419885456562042e-02
6.032339999999489009e+03 1.355059146881103516e-01 1.660225726664066315e-02
6.033819999999488573e+03 1.150361001491546631e-01 1.635567285120487213e-02
6.035299999999488136e+03 1.329530775547027588e-01 1.656212471425533295e-02
6.036779999999487700e+03 1.017044559121131897e-01 1.605373620986938477e-02
6.038259999999487263e+03 1.334345936775207520e-01 1.645923592150211334e-02
6.039739999999486827e+03 1.253674328327178955e-01 1.634312234818935394e-02
6.041219999999486390e+03 1.414386928081512451e-01 1.650646142661571503e-02
6.042699999999485954e+03 1.376018375158309937e-01 1.641931757330894470e-02
6.044179999999485517e+03 1.350012421607971191e-01 1.639144867658615112e-02
6.045659999999485080e+03 1.130862757563591003e-01 1.603138260543346405e-02
6.047139999999484644e+03 1.466978192329406738e-01 1.665375567972660065e-02
6.048619999999484207e+03 1.389268338680267334e-01 1.647329516708850861e-02
6.050099999999483771e+03 1.218569502234458923e-01 1.625149324536323547e-02
6.051579999999483334e+03 1.043331325054168701e-01 1.594647578895092010e-02
6.053059999999482898e+03 1.250995844602584839e-01 1.621222496032714844e-02
6.054539999999482461e+03 1.241366863250732422e-01 1.609175466001033783e-02
6.056019999999482025e+03 1.425263732671737671e-01 1.645664870738983154e-02
6.057499999999481588e+03 1.003990843892097473e-01 1.588738150894641876e-02
6.058979999999481151e+03 1.341782212257385254e-01 1.636082306504249573e-02
6.060459999999480715e+03 1.596228331327438354e-01 1.682494580745697021e-02
6.061939999999480278e+03 1.282889842987060547e-01 1.633566059172153473e-02
6.063419999999479842e+03 1.088211536407470703e-01 1.597904972732067108e-02
6.064899999999479405e+03 9.928358346223831177e-02 1.570036634802818298e-02
6.066379999999478969e+03 1.231648400425910950e-01 1.609269343316555023e-02
6.067859999999478532e+03 1.225025355815887451e-01 1.618886180222034454e-02
6.069339999999478096e+03 1.081448644399642944e-01 1.597126200795173645e-02
6.070819999999477659e+03 1.198588460683822632e-01 1.620606705546379089e-02
6.072299999999477222e+03 9.412067383527755737e-02 1.579237356781959534e-02
6.073779999999476786e+03 1.086178198456764221e-01 1.596607454121112823e-02
6.075259999999476349e+03 1.295690685510635376e-01 1.624764874577522278e-02
6.076739999999475913e+03 1.107566058635711670e-01 1.586155220866203308e-02
6.078219999999475476e+03 1.324296444654464722e-01 1.605114527046680450e-02
6.079699999999475040e+03 1.501571536064147949e-01 1.633684709668159485e-02
6.081179999999474603e+03 1.299464702606201172e-01 1.616748422384262085e-02
6.082659999999474167e+03 1.118180155754089355e-01 1.581737771630287170e-02
6.084139999999473730e+03 1.121224686503410339e-01 1.578149199485778809e-02
6.085619999999473293e+03 1.019487753510475159e-01 1.555793453007936478e-02
6.087099999999472857e+03 1.017575562000274658e-01 1.556857768446207047e-02
6.088579999999472420e+03 1.232464313507080078e-01 1.598321087658405304e-02
6.090059999999471984e+03 1.196175813674926758e-01 1.593369059264659882e-02
6.091539999999471547e+03 1.133685111999511719e-01 1.572313904762268066e-02
6.093019999999471111e+03 1.162809580564498901e-01 1.582125760614871979e-02
6.094499999999470674e+03 1.245358288288116455e-01 1.599977910518646240e-02
6.095979999999470238e+03 1.288037598133087158e-01 1.606005057692527771e-02
6.097459999999469801e+03 1.318424344062805176e-01 1.607570610940456390e-02
6.098939999999469364e+03 1.222833544015884399e-01 1.599507033824920654e-02
6.100419999999468928e+03 1.004768982529640198e-01 1.560657378286123276e-02
6.101899999999468491e+03 1.173074319958686829e-01 1.552326418459415436e-02
6.103379999999468055e+03 1.217672377824783325e-01 1.560614723712205887e-02
6.104859999999467618e+03 1.260143369436264038e-01 1.579692773520946503e-02
6.106339999999467182e+03 1.397284865379333496e-01 1.625283248722553253e-02
6.107819999999466745e+03 1.175883710384368896e-01 1.574951410293579102e-02
6.109299999999466309e+03 1.138166934251785278e-01 1.574900746345520020e-02
6.110779999999465872e+03 1.100530475378036499e-01 1.567202247679233551e-02
6.112259999999465435e+03 1.230823248624801636e-01 1.583393290638923645e-02
6.113739999999464999e+03 9.798625111579895020e-02 1.548667810857295990e-02
6.115219999999464562e+03 1.302092671394348145e-01 1.596706919372081757e-02
6.116699999999464126e+03 1.214796751737594604e-01 1.574725657701492310e-02
6.118179999999463689e+03 1.167048439383506775e-01 1.579753868281841278e-02
6.119659999999463253e+03 1.101265400648117065e-01 1.566807739436626434e-02
6.121139999999462816e+03 1.081560999155044556e-01 1.537224743515253067e-02
6.122619999999462379e+03 1.204879879951477051e-01 1.554661709815263748e-02
6.124099999999461943e+03 1.468628793954849243e-01 1.598163507878780365e-02
6.125579999999461506e+03 1.415532082319259644e-01 1.612189784646034241e-02
6.127059999999461070e+03 1.163804903626441956e-01 1.570704020559787750e-02
6.128539999999460633e+03 1.099508628249168396e-01 1.554607041180133820e-02
6.130019999999460197e+03 1.188357099890708923e-01 1.566494628787040710e-02
6.131499999999459760e+03 1.056902706623077393e-01 1.547318510711193085e-02
6.132979999999459324e+03 9.606304764747619629e-02 1.538936421275138855e-02
6.134459999999458887e+03 1.196527257561683655e-01 1.564680039882659912e-02
6.135939999999458450e+03 1.203259453177452087e-01 1.547070872038602829e-02
6.137419999999458014e+03 9.828771650791168213e-02 1.490181870758533478e-02
6.138899999999457577e+03 1.106230765581130981e-01 1.536059007048606873e-02
6.140379999999457141e+03 1.204256862401962280e-01 1.572218723595142365e-02
6.141859999999456704e+03 1.438974142074584961e-01 1.603553630411624908e-02
6.143339999999456268e+03 1.591815054416656494e-01 1.626825332641601562e-02
6.144819999999455831e+03 1.249918639659881592e-01 1.582597009837627411e-02
6.146299999999455395e+03 1.084992438554763794e-01 1.544834300875663757e-02
6.147779999999454958e+03 1.084908992052078247e-01 1.539593283087015152e-02
6.149259999999454521e+03 1.110184639692306519e-01 1.549248863011598587e-02
6.150739999999454085e+03 1.465997695922851562e-01 1.607511937618255615e-02
6.152219999999453648e+03 1.350002288818359375e-01 1.583596505224704742e-02
6.153699999999453212e+03 1.082071140408515930e-01 1.531401090323925018e-02
6.155179999999452775e+03 1.246845573186874390e-01 1.559218950569629669e-02
6.156659999999452339e+03 1.286429166793823242e-01 1.564378477632999420e-02
6.158139999999451902e+03 1.058585643768310547e-01 1.533931586891412735e-02
6.159619999999451466e+03 1.072921156883239746e-01 1.526481658220291138e-02
6.161099999999451029e+03 1.431781649589538574e-01 1.556165888905525208e-02
6.162579999999450592e+03 1.221408098936080933e-01 1.504562888294458389e-02
6.164059999999450156e+03 1.111863106489181519e-01 1.504400372505187988e-02
6.165539999999449719e+03 1.222635433077812195e-01 1.547980401664972305e-02
6.167019999999449283e+03 1.246923431754112244e-01 1.551809627562761307e-02
6.168499999999448846e+03 1.124844849109649658e-01 1.534810010343790054e-02
6.169979999999448410e+03 1.036120057106018066e-01 1.533632818609476089e-02
6.171459999999447973e+03 9.783568978309631348e-02 1.523465476930141449e-02
6.172939999999447537e+03 1.095442399382591248e-01 1.542891375720500946e-02
6.174419999999447100e+03 1.086927130818367004e-01 1.529016718268394470e-02
6.175899999999446663e+03 1.095067560672760010e-01 1.537695806473493576e-02
6.177379999999446227e+03 1.326345354318618774e-01 1.579160802066326141e-02
6.178859999999445790e+03 1.353483051061630249e-01 1.574650779366493225e-02
6.180339999999445354e+03 1.064344495534896851e-01 1.534074265509843826e-02
6.181819999999444917e+03 1.185014843940734863e-01 1.555216778069734573e-02
6.183299999999444481e+03 1.040974706411361694e-01 1.538708154112100601e-02
6.184779999999444044e+03 1.330024600028991699e-01 1.587668806314468384e-02
6.186259999999443608e+03 8.948860317468643188e-02 1.506754755973815918e-02
6.187739999999443171e+03 1.010356321930885315e-01 1.523950416594743729e-02
6.189219999999442734e+03 1.313603222370147705e-01 1.570910215377807617e-02
6.190699999999442298e+03 1.049039512872695923e-01 1.507432665675878525e-02
6.192179999999441861e+03 8.764334768056869507e-02 1.486693695187568665e-02
6.193659999999441425e+03 1.128833889961242676e-01 1.544056553393602371e-02
6.195139999999440988e+03 1.126001924276351929e-01 1.552382763475179672e-02
6.196619999999440552e+03 1.140209659934043884e-01 1.554087642580270767e-02
6.198099999999440115e+03 1.106514856219291687e-01 1.543427631258964539e-02
6.199579999999439679e+03 1.005582809448242188e-01 1.516466867178678513e-02
6.201059999999439242e+03 1.029270291328430176e-01 1.527750026434659958e-02
6.202539999999438805e+03 1.190820038318634033e-01 1.576907187700271606e-02
6.204019999999438369e+03 1.102977991104125977e-01 1.553316973149776459e-02
6.205499999999437932e+03 1.174386367201805115e-01 1.548722386360168457e-02
6.206979999999437496e+03 1.420092284679412842e-01 1.591034606099128723e-02
6.208459999999437059e+03 1.451350897550582886e-01 1.590377278625965118e-02
6.209939999999436623e+03 1.359736472368240356e-01 1.577294990420341492e-02
6.211419999999436186e+03 1.189264059066772461e-01 1.561882998794317245e-02
6.212899999999435749e+03 1.256114393472671509e-01 1.561074517667293549e-02
6.214379999999435313e+03 1.155011653900146484e-01 1.526828296482563019e-02
6.215859999999434876e+03 9.916188567876815796e-02 1.499590743333101273e-02
6.217339999999434440e+03 1.190187036991119385e-01 1.534781511873006821e-02
6.218819999999434003e+03 1.302094757556915283e-01 1.555813197046518326e-02
6.220299999999433567e+03 1.048432886600494385e-01 1.526467408984899521e-02
6.221779999999433130e+03 1.066068336367607117e-01 1.548671256750822067e-02
6.223259999999432694e+03 1.260700821876525879e-01 1.585251651704311371e-02
6.224739999999432257e+03 1.264008581638336182e-01 1.561617013067007065e-02
6.226219999999431820e+03 8.915190398693084717e-02 1.497685909271240234e-02
6.227699999999431384e+03 1.265126466751098633e-01 1.548559125512838364e-02
6.229179999999430947e+03 1.258896440267562866e-01 1.535068266093730927e-02
6.230659999999430511e+03 1.114904582500457764e-01 1.494935899972915649e-02
6.232139999999430074e+03 1.209637597203254700e-01 1.522440556436777115e-02
6.233619999999429638e+03 9.607821702957153320e-02 1.533500850200653076e-02
6.235099999999429201e+03 1.124256551265716553e-01 1.607762090861797333e-02
6.236579999999428765e+03 1.272919923067092896e-01 1.623884029686450958e-02
6.238059999999428328e+03 1.100633516907691956e-01 1.554315816611051559e-02
6.239539999999427891e+03 1.396361291408538818e-01 1.581652462482452393e-02
6.241019999999427455e+03 1.508813798427581787e-01 1.604440808296203613e-02
6.242499999999427018e+03 1.152920871973037720e-01 1.547025702893733978e-02
6.243979999999426582e+03 1.252110153436660767e-01 1.552263833582401276e-02
6.245459999999426145e+03 1.156638413667678833e-01 1.514670997858047485e-02
6.246939999999425709e+03 1.045548468828201294e-01 1.482391078025102615e-02
6.248419999999425272e+03 1.098559349775314331e-01 1.514159888029098511e-02
6.249899999999424836e+03 1.201338469982147217e-01 1.538146380335092545e-02
6.251379999999424399e+03 1.021490022540092468e-01 1.500494591891765594e-02
6.252859999999423962e+03 1.025860980153083801e-01 1.480317208915948868e-02
6.254339999999423526e+03 1.259839236736297607e-01 1.501827500760555267e-02
6.255819999999423089e+03 1.426935493946075439e-01 1.562995277345180511e-02
6.257299999999422653e+03 1.122255474328994751e-01 1.572586968541145325e-02
6.258779999999422216e+03 9.432132542133331299e-02 1.550093200057744980e-02
6.260259999999421780e+03 1.175806298851966858e-01 1.546771079301834106e-02
6.261739999999421343e+03 1.185587123036384583e-01 1.521171536296606064e-02
6.263219999999420907e+03 1.124838143587112427e-01 1.520947553217411041e-02
6.264699999999420470e+03 1.104773730039596558e-01 1.535631716251373291e-02
6.266179999999420033e+03 1.207963377237319946e-01 1.558251306414604187e-02
6.267659999999419597e+03 1.262872964143753052e-01 1.558750681579113007e-02
6.269139999999419160e+03 1.281983852386474609e-01 1.554953213781118393e-02
6.270619999999418724e+03 1.350740790367126465e-01 1.552324835211038589e-02
6.272099999999418287e+03 1.132587119936943054e-01 1.510232593864202499e-02
6.273579999999417851e+03 1.052347570657730103e-01 1.508545037358999252e-02
6.275059999999417414e+03 1.075741052627563477e-01 1.512604486197233200e-02
6.276539999999416978e+03 9.771956503391265869e-02 1.479353662580251694e-02
6.278019999999416541e+03 9.226077049970626831e-02 1.442943699657917023e-02
6.279499999999416104e+03 1.030285507440567017e-01 1.453356444835662842e-02
6.280979999999415668e+03 1.293139159679412842e-01 1.492803264409303665e-02
6.282459999999415231e+03 1.111342608928680420e-01 1.476949639618396759e-02
6.283939999999414795e+03 1.420352160930633545e-01 1.544957607984542847e-02
6.285419999999414358e+03 1.205601096153259277e-01 1.538189779967069626e-02
6.286899999999413922e+03 1.466229408979415894e-01 1.623239181935787201e-02
6.288379999999413485e+03 1.047036051750183105e-01 1.560524385422468185e-02
6.289859999999413048e+03 9.994091093540191650e-02 1.505157351493835449e-02
6.291339999999412612e+03 1.210816353559494019e-01 1.497413031756877899e-02
6.292819999999412175e+03 1.152994260191917419e-01 1.489811390638351440e-02
6.294299999999411739e+03 1.157981604337692261e-01 1.506094448268413544e-02
6.295779999999411302e+03 1.187583431601524353e-01 1.502358820289373398e-02
6.297259999999410866e+03 1.055467948317527771e-01 1.501425169408321381e-02
6.298739999999410429e+03 7.953529059886932373e-02 2.023374103009700775e-02
6.300219999999409993e+03 1.444386541843414307e-01 2.562409080564975739e-02
6.301699999999409556e+03 1.620809435844421387e-01 2.380771562457084656e-02
6.303179999999409119e+03 1.158109009265899658e-01 1.702829450368881226e-02
6.304659999999408683e+03 1.036237627267837524e-01 1.499703899025917053e-02
6.306139999999408246e+03 1.265548616647720337e-01 1.589727029204368591e-02
6.307619999999407810e+03 1.241199523210525513e-01 1.593044586479663849e-02
6.309099999999407373e+03 1.201246976852416992e-01 1.538255810737609863e-02
6.310579999999406937e+03 1.353127211332321167e-01 1.520514674484729767e-02
6.312059999999406500e+03 9.161634743213653564e-02 1.447648741304874420e-02
6.313539999999406064e+03 9.025082737207412720e-02 1.440707966685295105e-02
6.315019999999405627e+03 1.298967003822326660e-01 1.490053255110979080e-02
6.316499999999405190e+03 1.171926110982894897e-01 1.463555358350276947e-02
6.317979999999404754e+03 1.011594384908676147e-01 1.437817513942718506e-02
6.319459999999404317e+03 9.930787980556488037e-02 1.441976148635149002e-02
6.320939999999403881e+03 9.311318397521972656e-02 1.465706434100866318e-02
6.322419999999403444e+03 1.074916720390319824e-01 1.497269514948129654e-02
6.323899999999403008e+03 1.202847808599472046e-01 1.500271447002887726e-02
6.325379999999402571e+03 1.077122986316680908e-01 1.476951781660318375e-02
6.326859999999402135e+03 1.103399991989135742e-01 1.481527276337146759e-02
6.328339999999401698e+03 8.611716330051422119e-02 1.477869041264057159e-02
6.329819999999401261e+03 1.239921078085899353e-01 1.559644471853971481e-02
6.331299999999400825e+03 1.398693025112152100e-01 1.571588218212127686e-02
6.332779999999400388e+03 1.123305410146713257e-01 1.482180505990982056e-02
6.334259999999399952e+03 1.095547527074813843e-01 1.466764509677886963e-02
6.335739999999399515e+03 1.378580480813980103e-01 1.502062566578388214e-02
6.337219999999399079e+03 1.153662949800491333e-01 1.457171235233545303e-02
6.338699999999398642e+03 1.004881560802459717e-01 1.442816667258739471e-02
6.340179999999398206e+03 1.065543368458747864e-01 1.466806419193744659e-02
6.341659999999397769e+03 1.013320684432983398e-01 1.460782624781131744e-02
6.343139999999397332e+03 9.480646252632141113e-02 1.436190865933895111e-02
6.344619999999396896e+03 1.153501421213150024e-01 1.465957053005695343e-02
6.346099999999396459e+03 1.192055344581604004e-01 1.487035956233739853e-02
6.347579999999396023e+03 9.441740810871124268e-02 1.461128890514373779e-02
6.349059999999395586e+03 1.067612618207931519e-01 1.482123509049415588e-02
6.350539999999395150e+03 1.315639615058898926e-01 1.512869074940681458e-02
6.352019999999394713e+03 1.381045728921890259e-01 1.515349280089139938e-02
6.353499999999394277e+03 1.283731311559677124e-01 1.504661235958337784e-02
6.354979999999393840e+03 1.113509386777877808e-01 1.497677154839038849e-02
6.356459999999393403e+03 1.105514615774154663e-01 1.515268255025148392e-02
6.357939999999392967e+03 1.085852906107902527e-01 1.487454865127801895e-02
6.359419999999392530e+03 1.069052219390869141e-01 1.441915892064571381e-02
6.360899999999392094e+03 1.038378849625587463e-01 1.471799425780773163e-02
6.362379999999391657e+03 9.648503363132476807e-02 1.673931069672107697e-02
6.363859999999391221e+03 1.293794214725494385e-01 1.890788041055202484e-02
6.365339999999390784e+03 1.355462074279785156e-01 1.837477646768093109e-02
6.366819999999390348e+03 1.226683408021926880e-01 1.523796468973159790e-02
6.368299999999389911e+03 1.262453049421310425e-01 1.500100921839475632e-02
6.369779999999389474e+03 1.131171435117721558e-01 1.470062043517827988e-02
6.371259999999389038e+03 1.104210689663887024e-01 1.456105150282382965e-02
6.372739999999388601e+03 1.361521333456039429e-01 1.499362289905548096e-02
6.374219999999388165e+03 1.201611831784248352e-01 1.476319320499897003e-02
6.375699999999387728e+03 1.324027925729751587e-01 1.498081907629966736e-02
6.377179999999387292e+03 1.080049425363540649e-01 1.463570445775985718e-02
6.378659999999386855e+03 1.319062113761901855e-01 1.502050831913948059e-02
6.380139999999386418e+03 1.287403255701065063e-01 1.496327854692935944e-02
6.381619999999385982e+03 1.050229594111442566e-01 1.454040315002202988e-02
6.383099999999385545e+03 1.050773859024047852e-01 1.451620925217866898e-02
6.384579999999385109e+03 1.096553951501846313e-01 1.457421015948057175e-02
6.386059999999384672e+03 1.225424706935882568e-01 1.496002823114395142e-02
6.387539999999384236e+03 1.096730157732963562e-01 1.478321850299835205e-02
6.389019999999383799e+03 1.183477193117141724e-01 1.480026636272668839e-02
6.390499999999383363e+03 1.188068166375160217e-01 1.470931060612201691e-02
6.391979999999382926e+03 1.441923826932907104e-01 1.486304402351379395e-02
6.393459999999382489e+03 1.429452747106552124e-01 1.476524770259857178e-02
6.394939999999382053e+03 1.172284185886383057e-01 1.450341660529375076e-02
6.396419999999381616e+03 1.092098057270050049e-01 1.452724263072013855e-02
6.397899999999381180e+03 8.974649012088775635e-02 1.404469180852174759e-02
6.399379999999380743e+03 1.056915819644927979e-01 1.409135479480028152e-02
6.400859999999380307e+03 1.211489886045455933e-01 1.439235638827085495e-02
6.402339999999379870e+03 1.140731126070022583e-01 1.449596881866455078e-02
6.403819999999379434e+03 1.023385226726531982e-01 1.442795060575008392e-02
6.405299999999378997e+03 8.630309998989105225e-02 1.404352020472288132e-02
6.406779999999378560e+03 1.110490411520004272e-01 1.428919192403554916e-02
6.408259999999378124e+03 1.087784171104431152e-01 1.422341819852590561e-02
6.409739999999377687e+03 1.105539724230766296e-01 1.429064478725194931e-02
6.411219999999377251e+03 9.283232688903808594e-02 1.394042838364839554e-02
6.412699999999376814e+03 9.373128414154052734e-02 1.397030148655176163e-02
6.414179999999376378e+03 9.549429267644882202e-02 1.398714259266853333e-02
6.415659999999375941e+03 1.127985641360282898e-01 1.430026534944772720e-02
6.417139999999375505e+03 1.326771676540374756e-01 1.458244491368532181e-02
6.418619999999375068e+03 1.202536672353744507e-01 1.437899935990571976e-02
6.420099999999374631e+03 1.113392189145088196e-01 1.419749576598405838e-02
6.421579999999374195e+03 8.533123880624771118e-02 1.380186248570680618e-02
6.423059999999373758e+03 1.171688735485076904e-01 1.439603511244058609e-02
6.424539999999373322e+03 1.253566890954971313e-01 1.450935099273920059e-02
6.426019999999372885e+03 8.963941782712936401e-02 1.394031010568141937e-02
6.427499999999372449e+03 1.049124374985694885e-01 1.425152830779552460e-02
6.428979999999372012e+03 1.125906631350517273e-01 1.434304844588041306e-02
6.430459999999371576e+03 1.227079033851623535e-01 1.440799329429864883e-02
6.431939999999371139e+03 1.335275173187255859e-01 1.456389296799898148e-02
6.433419999999370702e+03 1.062150448560714722e-01 1.412158925086259842e-02
6.434899999999370266e+03 8.641324937343597412e-02 1.381606515496969223e-02
6.436379999999369829e+03 9.847008436918258667e-02 1.404550857841968536e-02
6.437859999999369393e+03 1.094449907541275024e-01 1.405134424567222595e-02
6.439339999999368956e+03 1.174232810735702515e-01 1.418380998075008392e-02
6.440819999999368520e+03 1.242018043994903564e-01 1.442057266831398010e-02
6.442299999999368083e+03 1.101535186171531677e-01 1.425669435411691666e-02
6.443779999999367647e+03 1.003831773996353149e-01 1.415049936622381210e-02
6.445259999999367210e+03 1.109486371278762817e-01 1.432537008076906204e-02
6.446739999999366773e+03 1.092596352100372314e-01 1.425935514271259308e-02
6.448219999999366337e+03 9.127437323331832886e-02 1.377489697188138962e-02
6.449699999999365900e+03 8.878948539495468140e-02 1.362956408411264420e-02
6.451179999999365464e+03 1.085828617215156555e-01 1.412947382777929306e-02
6.452659999999365027e+03 8.145998418331146240e-02 1.371827069669961929e-02
6.454139999999364591e+03 1.054375618696212769e-01 1.405203714966773987e-02
6.455619999999364154e+03 1.305691301822662354e-01 1.442821882665157318e-02
6.457099999999363718e+03 1.148522943258285522e-01 1.421446818858385086e-02
6.458579999999363281e+03 1.097084507346153259e-01 1.421560905873775482e-02
6.460059999999362844e+03 9.943789243698120117e-02 1.399480644613504410e-02
6.461539999999362408e+03 1.206438317894935608e-01 1.420975755900144577e-02
6.463019999999361971e+03 1.019549369812011719e-01 1.403336506336927414e-02
6.464499999999361535e+03 1.203962117433547974e-01 1.472393888980150223e-02
6.465979999999361098e+03 1.227197349071502686e-01 1.485052797943353653e-02
6.467459999999360662e+03 9.891121089458465576e-02 1.428820472210645676e-02
6.468939999999360225e+03 1.019226014614105225e-01 1.422024425119161606e-02
6.470419999999359788e+03 1.095399335026741028e-01 1.440220605581998825e-02
6.471899999999359352e+03 9.727413207292556763e-02 1.411215774714946747e-02
6.473379999999358915e+03 9.956631064414978027e-02 1.400739140808582306e-02
6.474859999999358479e+03 9.887530654668807983e-02 1.388456951826810837e-02
6.476339999999358042e+03 8.964279294013977051e-02 1.371912844479084015e-02
6.477819999999357606e+03 1.137528419494628906e-01 1.426982786506414413e-02
6.479299999999357169e+03 1.256107240915298462e-01 1.445725373923778534e-02
6.480779999999356733e+03 9.790086746215820312e-02 1.384431589394807816e-02
6.482259999999356296e+03 1.006660982966423035e-01 1.377211697399616241e-02
6.483739999999355859e+03 1.130362600088119507e-01 1.404100470244884491e-02
6.485219999999355423e+03 1.051273867487907410e-01 1.398734655231237411e-02
6.486699999999354986e+03 9.751563519239425659e-02 1.386908628046512604e-02
6.488179999999354550e+03 1.190527677536010742e-01 1.422836445271968842e-02
6.489659999999354113e+03 1.173807531595230103e-01 1.417631469666957855e-02
6.491139999999353677e+03 9.438299387693405151e-02 1.363683119416236877e-02
6.492619999999353240e+03 9.618677943944931030e-02 1.350256428122520447e-02
6.494099999999352804e+03 1.200846284627914429e-01 1.371388696134090424e-02
6.495579999999352367e+03 1.299534142017364502e-01 1.394319254904985428e-02
6.497059999999351930e+03 8.549151569604873657e-02 1.397829502820968628e-02
6.498539999999351494e+03 1.079550907015800476e-01 1.483471132814884186e-02
6.500019999999351057e+03 1.232051253318786621e-01 1.493551582098007202e-02
6.501499999999350621e+03 1.155648380517959595e-01 1.423546858131885529e-02
6.502979999999350184e+03 1.068197339773178101e-01 1.413213554769754410e-02
6.504459999999349748e+03 1.227005869150161743e-01 1.461645774543285370e-02
6.505939999999349311e+03 1.167021840810775757e-01 1.443017926067113876e-02
6.507419999999348875e+03 9.391778707504272461e-02 1.381762418895959854e-02
6.508899999999348438e+03 9.382373094558715820e-02 1.371111068874597549e-02
6.510379999999348001e+03 1.273354440927505493e-01 1.424645166844129562e-02
6.511859999999347565e+03 1.272219717502593994e-01 1.425649225711822510e-02
6.513339999999347128e+03 1.134464293718338013e-01 1.410522125661373138e-02
6.514819999999346692e+03 1.441249996423721313e-01 1.444393862038850784e-02
6.516299999999346255e+03 1.454815566539764404e-01 1.436507049947977066e-02
6.517779999999345819e+03 1.116355508565902710e-01 1.380667369812726974e-02
6.519259999999345382e+03 1.024523004889488220e-01 1.377712376415729523e-02
6.520739999999344946e+03 1.221151351928710938e-01 1.429014094173908234e-02
6.522219999999344509e+03 1.236119717359542847e-01 1.443078089505434036e-02
6.523699999999344072e+03 1.127492934465408325e-01 1.414675544947385788e-02
6.525179999999343636e+03 1.133815050125122070e-01 1.398555748164653778e-02
6.526659999999343199e+03 1.289514005184173584e-01 1.424876414239406586e-02
6.528139999999342763e+03 1.079662889242172241e-01 1.389323174953460693e-02
6.529619999999342326e+03 1.245229840278625488e-01 1.408915687352418900e-02
6.531099999999341890e+03 8.590789139270782471e-02 1.387021318078041077e-02
6.532579999999341453e+03 1.180170774459838867e-01 1.483100652694702148e-02
6.534059999999341017e+03 1.158508583903312683e-01 1.466690097004175186e-02
6.535539999999340580e+03 1.099892854690551758e-01 1.405085530132055283e-02
6.537019999999340143e+03 9.204530715942382812e-02 1.354864984750747681e-02
6.538499999999339707e+03 1.022176817059516907e-01 1.375572290271520615e-02
6.539979999999339270e+03 1.323202252388000488e-01 1.433368586003780365e-02
6.541459999999338834e+03 1.139953881502151489e-01 1.402804907411336899e-02
6.542939999999338397e+03 1.099035888910293579e-01 1.414573937654495239e-02
6.544419999999337961e+03 1.181774884462356567e-01 1.429809629917144775e-02
6.545899999999337524e+03 1.106579452753067017e-01 1.386121194809675217e-02
6.547379999999337088e+03 9.855414927005767822e-02 1.351756695657968521e-02
6.548859999999336651e+03 9.133609384298324585e-02 1.338688749819993973e-02
6.550339999999336214e+03 1.097753345966339111e-01 1.377381198108196259e-02
6.551819999999335778e+03 1.266641616821289062e-01 1.455729920417070389e-02
6.553299999999335341e+03 1.203422844409942627e-01 1.483152620494365692e-02
6.554779999999334905e+03 1.098986715078353882e-01 1.428769901394844055e-02
6.556259999999334468e+03 1.108161807060241699e-01 1.363811083137989044e-02
6.557739999999334032e+03 9.338197857141494751e-02 1.313075330108404160e-02
6.559219999999333595e+03 1.092401593923568726e-01 1.325915195047855377e-02
6.560699999999333158e+03 1.353043019771575928e-01 1.333211082965135574e-02
6.562179999999332722e+03 1.198038756847381592e-01 1.256872154772281647e-02
6.563659999999332285e+03 1.165902465581893921e-01 1.256487984210252762e-02
6.565139999999331849e+03 1.086899489164352417e-01 1.292490772902965546e-02
6.566619999999331412e+03 1.126483082771301270e-01 1.352287922054529190e-02
6.568099999999330976e+03 9.838999807834625244e-02 1.351812481880187988e-02
6.569579999999330539e+03 1.121023744344711304e-01 1.379006542265415192e-02
6.571059999999330103e+03 1.095255687832832336e-01 1.365789771080017090e-02
6.572539999999329666e+03 1.058079153299331665e-01 1.351149193942546844e-02
6.574019999999329229e+03 1.266729533672332764e-01 1.388632506132125854e-02
6.575499999999328793e+03 1.254088431596755981e-01 1.422077510505914688e-02
6.576979999999328356e+03 1.087505519390106201e-01 1.440562028437852859e-02
6.578459999999327920e+03 1.239040195941925049e-01 1.456056442111730576e-02
6.579939999999327483e+03 1.217103898525238037e-01 1.409359183162450790e-02
6.581419999999327047e+03 1.173340082168579102e-01 1.381100062280893326e-02
6.582899999999326610e+03 1.301807463169097900e-01 1.405012980103492737e-02
6.584379999999326174e+03 1.320419311523437500e-01 1.407749298959970474e-02
6.585859999999325737e+03 1.074127256870269775e-01 1.362467370927333832e-02
6.587339999999325300e+03 8.719580620527267456e-02 1.328255143016576767e-02
6.588819999999324864e+03 1.052717044949531555e-01 1.369806751608848572e-02
6.590299999999324427e+03 1.149963438510894775e-01 1.386365387588739395e-02
6.591779999999323991e+03 1.142316609621047974e-01 1.370926853269338608e-02
6.593259999999323554e+03 1.114935576915740967e-01 1.353941205888986588e-02
6.594739999999323118e+03 1.129127442836761475e-01 1.370348036289215088e-02
6.596219999999322681e+03 1.093269586563110352e-01 1.384103577584028244e-02
6.597699999999322245e+03 1.003409698605537415e-01 1.369818113744258881e-02
6.599179999999321808e+03 1.084226667881011963e-01 1.363635528832674026e-02
6.600659999999321371e+03 9.373857080936431885e-02 1.346249040216207504e-02
6.602139999999320935e+03 1.277880221605300903e-01 1.422094926238059998e-02
6.603619999999320498e+03 1.228045970201492310e-01 1.428946573287248611e-02
6.605099999999320062e+03 1.056541651487350464e-01 1.391947735100984573e-02
6.606579999999319625e+03 1.292008161544799805e-01 1.406717486679553986e-02
6.608059999999319189e+03 1.240890994668006897e-01 1.389154512435197830e-02
6.609539999999318752e+03 1.197869926691055298e-01 1.377249229699373245e-02
6.611019999999318316e+03 1.021529659628868103e-01 1.358435023576021194e-02
6.612499999999317879e+03 1.025474593043327332e-01 1.363348495215177536e-02
6.613979999999317442e+03 1.166051253676414490e-01 1.380273979157209396e-02
6.615459999999317006e+03 9.241225570440292358e-02 1.336344983428716660e-02
6.616939999999316569e+03 9.268534928560256958e-02 1.335413847118616104e-02
6.618419999999316133e+03 1.014580801129341125e-01 1.353639177978038788e-02
6.619899999999315696e+03 9.698438644409179688e-02 1.346488576382398605e-02
6.621379999999315260e+03 1.045707762241363525e-01 1.360537018626928329e-02
6.622859999999314823e+03 9.217686951160430908e-02 1.338522322475910187e-02
6.624339999999314387e+03 9.631305932998657227e-02 1.342846825718879700e-02
6.625819999999313950e+03 1.077611148357391357e-01 1.368196681141853333e-02
6.627299999999313513e+03 1.192224323749542236e-01 1.392997428774833679e-02
6.628779999999313077e+03 9.811590611934661865e-02 1.352990604937076569e-02
6.630259999999312640e+03 1.087106615304946899e-01 1.362406741827726364e-02
6.631739999999312204e+03 1.169796735048294067e-01 1.371928956359624863e-02
6.633219999999311767e+03 1.182458996772766113e-01 1.373231504112482071e-02
6.634699999999311331e+03 8.898751437664031982e-02 1.324015483260154724e-02
6.636179999999310894e+03 1.099003255367279053e-01 1.368729677051305771e-02
6.637659999999310457e+03 1.228785440325737000e-01 1.386214606463909149e-02
6.639139999999310021e+03 1.270608305931091309e-01 1.396895665675401688e-02
6.640619999999309584e+03 1.239473670721054077e-01 1.388280466198921204e-02
6.642099999999309148e+03 1.253289133310317993e-01 1.385578792542219162e-02
6.643579999999308711e+03 1.182613819837570190e-01 1.367000117897987366e-02
6.645059999999308275e+03 1.056285053491592407e-01 1.353397686034440994e-02
6.646539999999307838e+03 1.057480871677398682e-01 1.356594450771808624e-02
6.648019999999307402e+03 1.227989271283149719e-01 1.382642053067684174e-02
6.649499999999306965e+03 1.186923459172248840e-01 1.374994590878486633e-02
6.650979999999306528e+03 1.070379614830017090e-01 1.357751525938510895e-02
6.652459999999306092e+03 8.708736300468444824e-02 1.323867961764335632e-02
6.653939999999305655e+03 6.613435596227645874e-02 1.284006051719188690e-02
6.655419999999305219e+03 1.209411993622779846e-01 1.381626818329095840e-02
6.656899999999304782e+03 1.798448860645294189e-01 1.486206240952014923e-02
6.658379999999304346e+03 1.683358252048492432e-01 1.460834778845310211e-02
6.659859999999303909e+03 1.112114936113357544e-01 1.370298210531473160e-02
6.661339999999303473e+03 9.250987321138381958e-02 1.323421485722064972e-02
6.662819999999303036e+03 7.775886356830596924e-02 1.292656455188989639e-02
6.664299999999302599e+03 1.189197301864624023e-01 1.358371414244174957e-02
6.665779999999302163e+03 1.055352166295051575e-01 1.347180921584367752e-02
6.667259999999301726e+03 9.708735346794128418e-02 1.336228102445602417e-02
6.668739999999301290e+03 1.016133278608322144e-01 1.347201596945524216e-02
6.670219999999300853e+03 9.739853441715240479e-02 1.339136436581611633e-02
6.671699999999300417e+03 1.038604229688644409e-01 1.348904147744178772e-02
6.673179999999299980e+03 1.134663075208663940e-01 1.369622629135847092e-02
6.674659999999299544e+03 1.033315211534500122e-01 1.348429452627897263e-02
6.676139999999299107e+03 1.261958479881286621e-01 1.376662403345108032e-02
6.677619999999298670e+03 1.459842175245285034e-01 1.403459999710321426e-02
6.679099999999298234e+03 1.385613977909088135e-01 1.393174752593040466e-02
6.680579999999297797e+03 1.185140013694763184e-01 1.366103067994117737e-02
6.682059999999297361e+03 1.004754304885864258e-01 1.334050484001636505e-02
6.683539999999296924e+03 1.019457429647445679e-01 1.338007394224405289e-02
6.685019999999296488e+03 1.214484572410583496e-01 1.373558677732944489e-02
6.686499999999296051e+03 1.039346456527709961e-01 1.342383772134780884e-02
6.687979999999295615e+03 8.187868446111679077e-02 1.302730757743120193e-02
6.689459999999295178e+03 1.091642454266548157e-01 1.370127033442258835e-02
6.690939999999294741e+03 1.348893642425537109e-01 1.423539593815803528e-02
6.692419999999294305e+03 1.285881698131561279e-01 1.386207994073629379e-02
6.693899999999293868e+03 1.021704524755477905e-01 1.335801836103200912e-02
6.695379999999293432e+03 8.882688730955123901e-02 1.310209464281797409e-02
6.696859999999292995e+03 1.037025153636932373e-01 1.331580895930528641e-02
6.698339999999292559e+03 1.098754778504371643e-01 1.346754934638738632e-02
6.699819999999292122e+03 1.301259994506835938e-01 1.383435912430286407e-02
6.701299999999291686e+03 1.243420541286468506e-01 1.376723870635032654e-02
6.702779999999291249e+03 1.084050312638282776e-01 1.335997600108385086e-02
6.704259999999290812e+03 1.064144521951675415e-01 1.341043785214424133e-02
6.705739999999290376e+03 8.527269959449768066e-02 1.303813885897397995e-02
6.707219999999289939e+03 1.048781871795654297e-01 1.336295716464519501e-02
6.708699999999289503e+03 1.241542994976043701e-01 1.370638329535722733e-02
6.710179999999289066e+03 1.048199981451034546e-01 1.339518651366233826e-02
6.711659999999288630e+03 9.817302227020263672e-02 1.319360453635454178e-02
6.713139999999288193e+03 1.054017171263694763e-01 1.323936134576797485e-02
6.714619999999287757e+03 1.107660084962844849e-01 1.334748975932598114e-02
6.716099999999287320e+03 1.079560741782188416e-01 1.329156197607517242e-02
6.717579999999286883e+03 1.052183136343955994e-01 1.321412995457649231e-02
6.719059999999286447e+03 1.127935573458671570e-01 1.339792180806398392e-02
6.720539999999286010e+03 1.119123697280883789e-01 1.339038182049989700e-02
6.722019999999285574e+03 1.034271866083145142e-01 1.324531435966491699e-02
6.723499999999285137e+03 1.117115244269371033e-01 1.343348622322082520e-02
6.724979999999284701e+03 1.036493480205535889e-01 1.328120287507772446e-02
6.726459999999284264e+03 1.063683629035949707e-01 1.326798368245363235e-02
6.727939999999283827e+03 1.108353435993194580e-01 1.336879096925258636e-02
6.729419999999283391e+03 1.260048002004623413e-01 1.372384745627641678e-02
6.730899999999282954e+03 1.121735796332359314e-01 1.337690837681293488e-02
6.732379999999282518e+03 1.185760200023651123e-01 1.347215659916400909e-02
6.733859999999282081e+03 1.229255199432373047e-01 1.364855375140905380e-02
6.735339999999281645e+03 1.073954552412033081e-01 1.333573926240205765e-02
6.736819999999281208e+03 8.141587674617767334e-02 1.287389360368251801e-02
6.738299999999280772e+03 8.089113235473632812e-02 1.290119905024766922e-02
6.739779999999280335e+03 1.095288246870040894e-01 1.335552055388689041e-02
6.741259999999279898e+03 1.206175386905670166e-01 1.351013593375682831e-02
6.742739999999279462e+03 1.083688437938690186e-01 1.331195142120122910e-02
6.744219999999279025e+03 1.139336973428726196e-01 1.340806391090154648e-02
6.745699999999278589e+03 1.270082443952560425e-01 1.363757625222206116e-02
6.747179999999278152e+03 1.107761710882186890e-01 1.333385985344648361e-02
6.748659999999277716e+03 1.030438244342803955e-01 1.314598601311445236e-02
6.750139999999277279e+03 1.270544528961181641e-01 1.356861181557178497e-02
6.751619999999276843e+03 1.302180439233779907e-01 1.364748924970626831e-02
6.753099999999276406e+03 9.126837551593780518e-02 1.300959661602973938e-02
6.754579999999275969e+03 1.073001250624656677e-01 1.329429168254137039e-02
6.756059999999275533e+03 1.074887737631797791e-01 1.325694099068641663e-02
6.757539999999275096e+03 1.061907187104225159e-01 1.327562704682350159e-02
6.759019999999274660e+03 1.239785999059677124e-01 1.357984263449907303e-02
6.760499999999274223e+03 1.337937116622924805e-01 1.371710654348134995e-02
6.761979999999273787e+03 9.916755557060241699e-02 1.306630298495292664e-02
6.763459999999273350e+03 9.993421286344528198e-02 1.314975786954164505e-02
6.764939999999272914e+03 9.228165447711944580e-02 1.294796448200941086e-02
6.766419999999272477e+03 9.054499864578247070e-02 1.284602470695972443e-02
6.767899999999272040e+03 1.026219427585601807e-01 1.306961756199598312e-02
6.769379999999271604e+03 1.124173700809478760e-01 1.325824949890375137e-02
6.770859999999271167e+03 1.024965941905975342e-01 1.312670204788446426e-02
6.772339999999270731e+03 1.002290621399879456e-01 1.307696383446455002e-02
6.773819999999270294e+03 1.075656637549400330e-01 1.315823942422866821e-02
6.775299999999269858e+03 1.099355518817901611e-01 1.322260592132806778e-02
6.776779999999269421e+03 9.889344125986099243e-02 1.303912326693534851e-02
6.778259999999268985e+03 9.141007810831069946e-02 1.292154565453529358e-02
6.779739999999268548e+03 1.081494987010955811e-01 1.320356130599975586e-02
6.781219999999268111e+03 1.324589103460311890e-01 1.364177651703357697e-02
6.782699999999267675e+03 1.360540986061096191e-01 1.371038891375064850e-02
6.784179999999267238e+03 1.071935892105102539e-01 1.320728566497564316e-02
6.785659999999266802e+03 1.039337441325187683e-01 1.306396536529064178e-02
6.787139999999266365e+03 1.147896498441696167e-01 1.328970585018396378e-02
6.788619999999265929e+03 1.227599978446960449e-01 1.348423678427934647e-02
6.790099999999265492e+03 1.073356866836547852e-01 1.308084558695554733e-02
6.791579999999265056e+03 9.932897984981536865e-02 1.301249582320451736e-02
6.793059999999264619e+03 1.086090952157974243e-01 1.315591391175985336e-02
6.794539999999264182e+03 9.489936381578445435e-02 1.287558674812316895e-02
6.796019999999263746e+03 9.962467849254608154e-02 1.301265694200992584e-02
6.797499999999263309e+03 9.643721580505371094e-02 1.293391454964876175e-02
6.798979999999262873e+03 9.406130760908126831e-02 1.288257353007793427e-02
6.800459999999262436e+03 1.064528226852416992e-01 1.310843974351882935e-02
6.801939999999262000e+03 1.070154383778572083e-01 1.306866481900215149e-02
6.803419999999261563e+03 1.182357221841812134e-01 1.326346676796674728e-02
6.804899999999261127e+03 1.171777546405792236e-01 1.319832354784011841e-02
6.806379999999260690e+03 1.054887324571609497e-01 1.297316886484622955e-02
6.807859999999260253e+03 1.122061163187026978e-01 1.316951029002666473e-02
6.809339999999259817e+03 1.154775917530059814e-01 1.324069406837224960e-02
6.810819999999259380e+03 1.349034160375595093e-01 1.356766559183597565e-02
6.812299999999258944e+03 1.484408825635910034e-01 1.380569115281105042e-02
6.813779999999258507e+03 1.430077552795410156e-01 1.371253933757543564e-02
6.815259999999258071e+03 1.200380474328994751e-01 1.323082111775875092e-02
6.816739999999257634e+03 1.025811359286308289e-01 1.298181712627410889e-02
6.818219999999257197e+03 9.117601811885833740e-02 1.274358201771974564e-02
6.819699999999256761e+03 9.444040805101394653e-02 1.274834573268890381e-02
6.821179999999256324e+03 9.215016663074493408e-02 1.277304906398057938e-02
6.822659999999255888e+03 1.022937446832656860e-01 1.301154587417840958e-02
6.824139999999255451e+03 1.113553196191787720e-01 1.318097393959760666e-02
6.825619999999255015e+03 1.208936274051666260e-01 1.362602785229682922e-02
6.827099999999254578e+03 1.310272514820098877e-01 1.447302941232919693e-02
6.828579999999254142e+03 1.177791282534599304e-01 1.460935082286596298e-02
6.830059999999253705e+03 1.000885665416717529e-01 1.394362002611160278e-02
6.831539999999253268e+03 9.221051633358001709e-02 1.359061338007450104e-02
6.833019999999252832e+03 9.184090793132781982e-02 1.393040549010038376e-02
6.834499999999252395e+03 1.070320904254913330e-01 1.420276332646608353e-02
6.835979999999251959e+03 1.149960160255432129e-01 1.364578120410442352e-02
6.837459999999251522e+03 1.103001609444618225e-01 1.302506495267152786e-02
6.838939999999251086e+03 1.008684933185577393e-01 1.291820593178272247e-02
6.840419999999250649e+03 1.031412333250045776e-01 1.307267602533102036e-02
6.841899999999250213e+03 1.144861131906509399e-01 1.327203586697578430e-02
6.843379999999249776e+03 9.464462846517562866e-02 1.283884327858686447e-02
6.844859999999249339e+03 1.224974021315574646e-01 1.330839563161134720e-02
6.846339999999248903e+03 1.286599338054656982e-01 1.327867247164249420e-02
6.847819999999248466e+03 1.154595315456390381e-01 1.308732666075229645e-02
6.849299999999248030e+03 1.038507372140884399e-01 1.290915720164775848e-02
6.850779999999247593e+03 8.704125136137008667e-02 1.266284007579088211e-02
6.852259999999247157e+03 9.105987846851348877e-02 1.262388005852699280e-02
6.853739999999246720e+03 9.321771562099456787e-02 1.261815987527370453e-02
6.855219999999246284e+03 8.830846101045608521e-02 1.243979018181562424e-02
6.856699999999245847e+03 9.795399755239486694e-02 1.268170215189456940e-02
6.858179999999245410e+03 9.987441450357437134e-02 1.273621898144483566e-02
6.859659999999244974e+03 9.724462777376174927e-02 1.266285683959722519e-02
6.861139999999244537e+03 9.135882556438446045e-02 1.350579690188169479e-02
6.862619999999244101e+03 9.328379482030868530e-02 1.504767872393131256e-02
6.864099999999243664e+03 1.238394826650619507e-01 1.535644568502902985e-02
6.865579999999243228e+03 1.102801263332366943e-01 1.349800825119018555e-02
6.867059999999242791e+03 5.645737797021865845e-02 1.076238229870796204e-02
6.868539999999242355e+03 6.786260008811950684e-02 1.058490201830863953e-02
6.870019999999241918e+03 7.736861705780029297e-02 1.105832494795322418e-02
6.871499999999241481e+03 6.207319349050521851e-02 1.089001446962356567e-02
6.872979999999241045e+03 7.188822329044342041e-02 1.103796251118183136e-02
6.874459999999240608e+03 9.349992871284484863e-02 1.146764960139989853e-02
6.875939999999240172e+03 9.294511377811431885e-02 1.163383107632398605e-02
6.877419999999239735e+03 8.593172580003738403e-02 1.173391193151473999e-02
6.878899999999239299e+03 8.152677118778228760e-02 1.203004643321037292e-02
6.880379999999238862e+03 8.601091802120208740e-02 1.243618782609701157e-02
6.881859999999238426e+03 9.620558470487594604e-02 1.261379290372133255e-02
6.883339999999237989e+03 8.867277950048446655e-02 1.229302957653999329e-02
6.884819999999237552e+03 1.058946996927261353e-01 1.229115389287471771e-02
6.886299999999237116e+03 1.099961921572685242e-01 1.240626629441976547e-02
6.887779999999236679e+03 9.621033072471618652e-02 1.239686552435159683e-02
6.889259999999236243e+03 1.003049537539482117e-01 1.256230846047401428e-02
6.890739999999235806e+03 8.740730583667755127e-02 1.207857672125101089e-02
6.892219999999235370e+03 7.434182614088058472e-02 1.154803950339555740e-02
6.893699999999234933e+03 9.509669244289398193e-02 1.201359555125236511e-02
6.895179999999234496e+03 9.273020178079605103e-02 1.195633318275213242e-02
6.896659999999234060e+03 8.654630929231643677e-02 1.186888292431831360e-02
6.898139999999233623e+03 1.042095348238945007e-01 1.249740365892648697e-02
6.899619999999233187e+03 8.415982127189636230e-02 1.241180952638387680e-02
6.901099999999232750e+03 9.819233417510986328e-02 1.279984321445226669e-02
6.902579999999232314e+03 1.237611174583435059e-01 1.281482167541980743e-02
6.904059999999231877e+03 1.067147776484489441e-01 1.234924979507923126e-02
6.905539999999231441e+03 8.939427137374877930e-02 1.200770400464534760e-02
6.907019999999231004e+03 9.331442415714263916e-02 1.219590194523334503e-02
6.908499999999230567e+03 9.044647216796875000e-02 1.213368587195873260e-02
6.909979999999230131e+03 8.622205257415771484e-02 1.231904700398445129e-02
6.911459999999229694e+03 9.080801159143447876e-02 1.292891148477792740e-02
6.912939999999229258e+03 7.619006186723709106e-02 1.261990703642368317e-02
6.914419999999228821e+03 1.077753305435180664e-01 1.273667532950639725e-02
6.915899999999228385e+03 1.145336553454399109e-01 1.255663949996232986e-02
6.917379999999227948e+03 9.399040043354034424e-02 1.213273033499717712e-02
6.918859999999227512e+03 9.265933930873870850e-02 1.217270083725452423e-02
6.920339999999227075e+03 7.746905088424682617e-02 1.247212197631597519e-02
6.921819999999226638e+03 9.216986596584320068e-02 1.372977998107671738e-02
6.923299999999226202e+03 1.141725927591323853e-01 1.407767180353403091e-02
6.924779999999225765e+03 1.121006160974502563e-01 1.327018998563289642e-02
6.926259999999225329e+03 7.588899135589599609e-02 1.211739610880613327e-02
6.927739999999224892e+03 9.489922225475311279e-02 1.233924459666013718e-02
6.929219999999224456e+03 8.635788410902023315e-02 1.208529621362686157e-02
6.930699999999224019e+03 8.626070618629455566e-02 1.216314826160669327e-02
6.932179999999223583e+03 1.109733730554580688e-01 1.260184496641159058e-02
6.933659999999223146e+03 1.109222993254661560e-01 1.258799526840448380e-02
6.935139999999222709e+03 1.100960373878479004e-01 1.259015779942274094e-02
6.936619999999222273e+03 9.565053135156631470e-02 1.261550094932317734e-02
6.938099999999221836e+03 1.014933884143829346e-01 1.305952947586774826e-02
6.939579999999221400e+03 1.101120486855506897e-01 1.317354477941989899e-02
6.941059999999220963e+03 9.212572872638702393e-02 1.252080686390399933e-02
6.942539999999220527e+03 1.016307026147842407e-01 1.241466030478477478e-02
6.944019999999220090e+03 1.150460243225097656e-01 1.263972558081150055e-02
6.945499999999219654e+03 9.404966235160827637e-02 1.248100958764553070e-02
6.946979999999219217e+03 1.088684797286987305e-01 1.352097187191247940e-02
6.948459999999218780e+03 1.374336928129196167e-01 1.462307013571262360e-02
6.949939999999218344e+03 1.018673032522201538e-01 1.367965899407863617e-02
6.951419999999217907e+03 9.329500794410705566e-02 1.261973660439252853e-02
6.952899999999217471e+03 1.109982579946517944e-01 1.265340577811002731e-02
6.954379999999217034e+03 8.990436047315597534e-02 1.226123888045549393e-02
6.955859999999216598e+03 1.138199865818023682e-01 1.267069857567548752e-02
6.957339999999216161e+03 1.108327358961105347e-01 1.264505647122859955e-02
6.958819999999215725e+03 1.144508123397827148e-01 1.270230114459991455e-02
6.960299999999215288e+03 9.057854861021041870e-02 1.221401710063219070e-02
6.961779999999214851e+03 9.098719060420989990e-02 1.236026361584663391e-02
6.963259999999214415e+03 1.021810919046401978e-01 1.253568381071090698e-02
6.964739999999213978e+03 9.323831647634506226e-02 1.238841097801923752e-02
6.966219999999213542e+03 9.806052595376968384e-02 1.252447906881570816e-02
6.967699999999213105e+03 1.013104468584060669e-01 1.270752493292093277e-02
6.969179999999212669e+03 1.035038828849792480e-01 1.290085259824991226e-02
6.970659999999212232e+03 1.196930557489395142e-01 1.307966280728578568e-02
6.972139999999211796e+03 1.099006086587905884e-01 1.274000015109777451e-02
6.973619999999211359e+03 1.035143733024597168e-01 1.247124280780553818e-02
6.975099999999210922e+03 1.063366383314132690e-01 1.263214647769927979e-02
6.976579999999210486e+03 9.596353769302368164e-02 1.292891334742307663e-02
6.978059999999210049e+03 1.102749481797218323e-01 1.339665241539478302e-02
6.979539999999209613e+03 9.983173012733459473e-02 1.294756401330232620e-02
6.981019999999209176e+03 1.114501208066940308e-01 1.274073868989944458e-02
6.982499999999208740e+03 1.160038635134696960e-01 1.270704530179500580e-02
6.983979999999208303e+03 1.091763749718666077e-01 1.257355883717536926e-02
6.985459999999207866e+03 1.228967607021331787e-01 1.281689945608377457e-02
6.986939999999207430e+03 1.151531934738159180e-01 1.263059489428997040e-02
6.988419999999206993e+03 1.115292087197303772e-01 1.255044993013143539e-02
6.989899999999206557e+03 1.190723776817321777e-01 1.273564994335174561e-02
6.991379999999206120e+03 9.524525701999664307e-02 1.232908014208078384e-02
6.992859999999205684e+03 8.070908486843109131e-02 1.202675048261880875e-02
6.994339999999205247e+03 8.059024810791015625e-02 1.192878466099500656e-02
6.995819999999204811e+03 7.729028910398483276e-02 1.226076204329729080e-02
6.997299999999204374e+03 9.609293937683105469e-02 1.269135810434818268e-02
6.998779999999203937e+03 1.159523129463195801e-01 1.257761474698781967e-02
7.000259999999203501e+03 1.144187152385711670e-01 1.262801419943571091e-02
7.001739999999203064e+03 1.081552207469940186e-01 1.258448697626590729e-02
7.003219999999202628e+03 9.174083173274993896e-02 1.233025360852479935e-02
7.004699999999202191e+03 1.026654839515686035e-01 1.248593907803297043e-02
7.006179999999201755e+03 9.898546338081359863e-02 1.214810740202665329e-02
7.007659999999201318e+03 1.158313453197479248e-01 1.256566680967807770e-02
7.009139999999200882e+03 1.067667007446289062e-01 1.260360609740018845e-02
7.010619999999200445e+03 1.145489513874053955e-01 1.302678324282169342e-02
7.012099999999200008e+03 1.088439375162124634e-01 1.285546552389860153e-02
7.013579999999199572e+03 1.142561286687850952e-01 1.267853286117315292e-02
7.015059999999199135e+03 1.162755191326141357e-01 1.246841158717870712e-02
7.016539999999198699e+03 1.089693158864974976e-01 1.232581026852130890e-02
7.018019999999198262e+03 1.066114380955696106e-01 1.241740398108959198e-02
7.019499999999197826e+03 1.072032228112220764e-01 1.244601514190435410e-02
7.020979999999197389e+03 1.160932779312133789e-01 1.255589071661233902e-02
7.022459999999196953e+03 1.204513162374496460e-01 1.253024023026227951e-02
7.023939999999196516e+03 1.032867059111595154e-01 1.221769955009222031e-02
7.025419999999196079e+03 8.904273808002471924e-02 1.200243085622787476e-02
7.026899999999195643e+03 1.010493636131286621e-01 1.222101319581270218e-02
7.028379999999195206e+03 1.105352565646171570e-01 1.252338290214538574e-02
7.029859999999194770e+03 8.159767091274261475e-02 1.201500836759805679e-02
7.031339999999194333e+03 9.153448045253753662e-02 1.221002265810966492e-02
7.032819999999193897e+03 9.310933947563171387e-02 1.215462666004896164e-02
7.034299999999193460e+03 8.801753818988800049e-02 1.198158413171768188e-02
7.035779999999193024e+03 1.035977900028228760e-01 1.228930242359638214e-02
7.037259999999192587e+03 8.865340054035186768e-02 1.200317312031984329e-02
7.038739999999192150e+03 1.002800017595291138e-01 1.226047426462173462e-02
7.040219999999191714e+03 1.067957878112792969e-01 1.253417693078517914e-02
7.041699999999191277e+03 9.667648375034332275e-02 1.240628212690353394e-02
7.043179999999190841e+03 9.948880970478057861e-02 1.240591239184141159e-02
7.044659999999190404e+03 1.079853400588035583e-01 1.256502605974674225e-02
7.046139999999189968e+03 1.078115701675415039e-01 1.268340460956096649e-02
7.047619999999189531e+03 1.065696775913238525e-01 1.277116686105728149e-02
7.049099999999189095e+03 1.075974255800247192e-01 1.275836303830146790e-02
7.050579999999188658e+03 1.114098206162452698e-01 1.264118496328592300e-02
7.052059999999188221e+03 1.019279360771179199e-01 1.233657263219356537e-02
7.053539999999187785e+03 8.939595520496368408e-02 1.215369254350662231e-02
7.055019999999187348e+03 1.050510033965110779e-01 1.247853972017765045e-02
7.056499999999186912e+03 9.867142140865325928e-02 1.228469330817461014e-02
7.057979999999186475e+03 9.797339141368865967e-02 1.221717614680528641e-02
7.059459999999186039e+03 9.431748837232589722e-02 1.213661488145589828e-02
7.060939999999185602e+03 1.034871488809585571e-01 1.235190872102975845e-02
7.062419999999185166e+03 1.065250188112258911e-01 1.247252430766820908e-02
7.063899999999184729e+03 9.641613066196441650e-02 1.229027286171913147e-02
7.065379999999184292e+03 9.930747747421264648e-02 1.232910621911287308e-02
7.066859999999183856e+03 8.541435748338699341e-02 1.206151768565177917e-02
7.068339999999183419e+03 9.049896895885467529e-02 1.218676473945379257e-02
7.069819999999182983e+03 1.114596128463745117e-01 1.254174578934907913e-02
7.071299999999182546e+03 1.171121001243591309e-01 1.263065356761217117e-02
7.072779999999182110e+03 1.161399334669113159e-01 1.261263713240623474e-02
7.074259999999181673e+03 1.001022011041641235e-01 1.230932865291833878e-02
7.075739999999181236e+03 9.419307857751846313e-02 1.220561470836400986e-02
7.077219999999180800e+03 1.066189780831336975e-01 1.242139562964439392e-02
7.078699999999180363e+03 9.207328408956527710e-02 1.221313979476690292e-02
7.080179999999179927e+03 8.290822803974151611e-02 1.203497312963008881e-02
7.081659999999179490e+03 9.936594963073730469e-02 1.232364401221275330e-02
7.083139999999179054e+03 1.129986196756362915e-01 1.246292795985937119e-02
7.084619999999178617e+03 9.548676759004592896e-02 1.206661667674779892e-02
7.086099999999178181e+03 1.071102470159530640e-01 1.232062280178070068e-02
7.087579999999177744e+03 9.713302552700042725e-02 1.228058990091085434e-02
7.089059999999177307e+03 8.878894895315170288e-02 1.215543970465660095e-02
7.090539999999176871e+03 9.494731575250625610e-02 1.217157859355211258e-02
7.092019999999176434e+03 9.956308454275131226e-02 1.222183648496866226e-02
7.093499999999175998e+03 1.016593575477600098e-01 1.226398441940546036e-02
7.094979999999175561e+03 1.080583035945892334e-01 1.228905562311410904e-02
7.096459999999175125e+03 1.155666708946228027e-01 1.242100168019533157e-02
