4.300739999999999782e+03 -4.000000000000000000e+00 2.000000000000000000e+00
4.302219999999999345e+03 -4.000000000000000000e+00 2.000000000000000000e+00
4.303699999999998909e+03 -4.000000000000000000e+00 2.000000000000000000e+00
4.305179999999998472e+03 -4.000000000000000000e+00 2.000000000000000000e+00
4.306659999999998035e+03 -4.000000000000000000e+00 2.000000000000000000e+00
4.308139999999997599e+03 -4.000000000000000000e+00 2.000000000000000000e+00
4.309619999999997162e+03 -4.000000000000000000e+00 2.000000000000000000e+00
4.311099999999996726e+03 -4.000000000000000000e+00 2.000000000000000000e+00
4.312579999999996289e+03 -4.000000000000000000e+00 2.000000000000000000e+00
4.314059999999995853e+03 -4.000000000000000000e+00 2.000000000000000000e+00
4.315539999999995416e+03 -4.000000000000000000e+00 2.000000000000000000e+00
4.317019999999994980e+03 -4.000000000000000000e+00 2.000000000000000000e+00
4.318499999999994543e+03 -4.000000000000000000e+00 2.000000000000000000e+00
4.319979999999994106e+03 -4.000000000000000000e+00 2.000000000000000000e+00
4.321459999999993670e+03 -4.000000000000000000e+00 2.000000000000000000e+00
4.322939999999993233e+03 -4.000000000000000000e+00 2.000000000000000000e+00
4.324419999999992797e+03 -4.000000000000000000e+00 2.000000000000000000e+00
4.325899999999992360e+03 -4.000000000000000000e+00 2.000000000000000000e+00
4.327379999999991924e+03 -4.000000000000000000e+00 2.000000000000000000e+00
4.328859999999991487e+03 -4.000000000000000000e+00 2.000000000000000000e+00
4.330339999999991051e+03 -4.000000000000000000e+00 2.000000000000000000e+00
4.331819999999990614e+03 -4.000000000000000000e+00 2.000000000000000000e+00
4.333299999999990177e+03 -4.000000000000000000e+00 2.000000000000000000e+00
4.334779999999989741e+03 -4.000000000000000000e+00 2.000000000000000000e+00
4.336259999999989304e+03 -4.000000000000000000e+00 2.000000000000000000e+00
4.337739999999988868e+03 -4.000000000000000000e+00 2.000000000000000000e+00
4.339219999999988431e+03 -4.000000000000000000e+00 2.000000000000000000e+00
4.340699999999987995e+03 -4.000000000000000000e+00 2.000000000000000000e+00
4.342179999999987558e+03 -4.000000000000000000e+00 2.000000000000000000e+00
4.343659999999987122e+03 -4.000000000000000000e+00 2.000000000000000000e+00
4.345139999999986685e+03 -4.000000000000000000e+00 2.000000000000000000e+00
4.346619999999986248e+03 -4.000000000000000000e+00 2.000000000000000000e+00
4.348099999999985812e+03 -4.000000000000000000e+00 2.000000000000000000e+00
4.349579999999985375e+03 -4.000000000000000000e+00 2.000000000000000000e+00
4.351059999999984939e+03 -4.000000000000000000e+00 2.000000000000000000e+00
4.352539999999984502e+03 -4.000000000000000000e+00 2.000000000000000000e+00
4.354019999999984066e+03 -4.000000000000000000e+00 2.000000000000000000e+00
4.355499999999983629e+03 -4.000000000000000000e+00 2.000000000000000000e+00
4.356979999999983193e+03 -4.000000000000000000e+00 2.000000000000000000e+00
4.358459999999982756e+03 -4.000000000000000000e+00 2.000000000000000000e+00
4.359939999999982319e+03 -4.000000000000000000e+00 2.000000000000000000e+00
4.361419999999981883e+03 -4.000000000000000000e+00 2.000000000000000000e+00
4.362899999999981446e+03 -4.000000000000000000e+00 2.000000000000000000e+00
4.364379999999981010e+03 -4.000000000000000000e+00 2.000000000000000000e+00
4.365859999999980573e+03 -4.000000000000000000e+00 2.000000000000000000e+00
4.367339999999980137e+03 -4.000000000000000000e+00 2.000000000000000000e+00
4.368819999999979700e+03 -4.000000000000000000e+00 2.000000000000000000e+00
4.370299999999979264e+03 -4.000000000000000000e+00 2.000000000000000000e+00
4.371779999999978827e+03 -4.000000000000000000e+00 2.000000000000000000e+00
4.373259999999978390e+03 -4.000000000000000000e+00 2.000000000000000000e+00
4.374739999999977954e+03 -4.000000000000000000e+00 2.000000000000000000e+00
4.376219999999977517e+03 -4.000000000000000000e+00 2.000000000000000000e+00
4.377699999999977081e+03 -4.000000000000000000e+00 2.000000000000000000e+00
4.379179999999976644e+03 -4.000000000000000000e+00 2.000000000000000000e+00
4.380659999999976208e+03 -4.000000000000000000e+00 2.000000000000000000e+00
4.382139999999975771e+03 -4.000000000000000000e+00 2.000000000000000000e+00
4.383619999999975335e+03 -4.000000000000000000e+00 2.000000000000000000e+00
4.385099999999974898e+03 -4.000000000000000000e+00 2.000000000000000000e+00
4.386579999999974461e+03 -4.000000000000000000e+00 2.000000000000000000e+00
4.388059999999974025e+03 -4.000000000000000000e+00 2.000000000000000000e+00
4.389539999999973588e+03 -4.000000000000000000e+00 2.000000000000000000e+00
4.391019999999973152e+03 -4.000000000000000000e+00 2.000000000000000000e+00
4.392499999999972715e+03 -4.000000000000000000e+00 2.000000000000000000e+00
4.393979999999972279e+03 -4.000000000000000000e+00 2.000000000000000000e+00
4.395459999999971842e+03 -4.000000000000000000e+00 2.000000000000000000e+00
4.396939999999971405e+03 -4.000000000000000000e+00 2.000000000000000000e+00
4.398419999999970969e+03 -4.000000000000000000e+00 2.000000000000000000e+00
4.399899999999970532e+03 -4.000000000000000000e+00 2.000000000000000000e+00
4.401379999999970096e+03 -4.000000000000000000e+00 2.000000000000000000e+00
4.402859999999969659e+03 -4.000000000000000000e+00 2.000000000000000000e+00
4.404339999999969223e+03 -4.000000000000000000e+00 2.000000000000000000e+00
4.405819999999968786e+03 -4.000000000000000000e+00 2.000000000000000000e+00
4.407299999999968350e+03 -4.000000000000000000e+00 2.000000000000000000e+00
4.408779999999967913e+03 -4.000000000000000000e+00 2.000000000000000000e+00
4.410259999999967476e+03 -4.000000000000000000e+00 2.000000000000000000e+00
4.411739999999967040e+03 -4.000000000000000000e+00 2.000000000000000000e+00
4.413219999999966603e+03 -4.000000000000000000e+00 2.000000000000000000e+00
4.414699999999966167e+03 -4.000000000000000000e+00 2.000000000000000000e+00
4.416179999999965730e+03 -4.000000000000000000e+00 2.000000000000000000e+00
4.417659999999965294e+03 -4.000000000000000000e+00 2.000000000000000000e+00
4.419139999999964857e+03 -4.000000000000000000e+00 2.000000000000000000e+00
4.420619999999964421e+03 -4.000000000000000000e+00 2.000000000000000000e+00
4.422099999999963984e+03 -4.000000000000000000e+00 2.000000000000000000e+00
4.423579999999963547e+03 -4.000000000000000000e+00 2.000000000000000000e+00
4.425059999999963111e+03 -4.000000000000000000e+00 2.000000000000000000e+00
4.426539999999962674e+03 -4.000000000000000000e+00 2.000000000000000000e+00
4.428019999999962238e+03 -4.000000000000000000e+00 2.000000000000000000e+00
4.429499999999961801e+03 -4.000000000000000000e+00 2.000000000000000000e+00
4.430979999999961365e+03 -4.000000000000000000e+00 2.000000000000000000e+00
4.432459999999960928e+03 -4.000000000000000000e+00 2.000000000000000000e+00
4.433939999999960492e+03 -4.000000000000000000e+00 2.000000000000000000e+00
4.435419999999960055e+03 -4.000000000000000000e+00 2.000000000000000000e+00
4.436899999999959618e+03 -4.000000000000000000e+00 2.000000000000000000e+00
4.438379999999959182e+03 -4.000000000000000000e+00 2.000000000000000000e+00
4.439859999999958745e+03 -4.000000000000000000e+00 2.000000000000000000e+00
4.441339999999958309e+03 -4.000000000000000000e+00 2.000000000000000000e+00
4.442819999999957872e+03 -4.000000000000000000e+00 2.000000000000000000e+00
4.444299999999957436e+03 -4.000000000000000000e+00 2.000000000000000000e+00
4.445779999999956999e+03 -4.000000000000000000e+00 2.000000000000000000e+00
4.447259999999956563e+03 -4.000000000000000000e+00 2.000000000000000000e+00
4.448739999999956126e+03 -4.000000000000000000e+00 2.000000000000000000e+00
4.450219999999955689e+03 -4.000000000000000000e+00 2.000000000000000000e+00
4.451699999999955253e+03 1.132185012102127075e-02 7.047046441584825516e-03
4.453179999999954816e+03 1.366847008466720581e-02 7.109446916729211807e-03
4.454659999999954380e+03 1.611940935254096985e-02 6.966521032154560089e-03
4.456139999999953943e+03 9.310687892138957977e-03 6.717746611684560776e-03
4.457619999999953507e+03 1.357733272016048431e-02 6.920699030160903931e-03
4.459099999999953070e+03 1.355946809053421021e-02 6.856905296444892883e-03
4.460579999999952634e+03 1.872118934988975525e-02 7.123793940991163254e-03
4.462059999999952197e+03 2.670873701572418213e-02 7.535522803664207458e-03
4.463539999999951760e+03 7.064387202262878418e-03 6.719606928527355194e-03
4.465019999999951324e+03 1.339249592274427414e-02 6.960828322917222977e-03
4.466499999999950887e+03 2.998128766193985939e-04 6.409199908375740051e-03
4.467979999999950451e+03 1.226449478417634964e-02 6.931922864168882370e-03
4.469459999999950014e+03 9.632659144699573517e-03 6.685461848974227905e-03
4.470939999999949578e+03 1.967931911349296570e-02 7.110782433301210403e-03
4.472419999999949141e+03 -8.092829957604408264e-03 5.667008925229310989e-03
4.473899999999948704e+03 1.514070108532905579e-02 7.081266492605209351e-03
4.475379999999948268e+03 1.807730272412300110e-02 7.137718144804239273e-03
4.476859999999947831e+03 9.495498612523078918e-03 6.877446547150611877e-03
4.478339999999947395e+03 8.724343962967395782e-03 6.632078438997268677e-03
4.479819999999946958e+03 1.945925876498222351e-02 6.986784283071756363e-03
4.481299999999946522e+03 5.472214892506599426e-03 6.145381834357976913e-03
4.482779999999946085e+03 1.035189442336559296e-02 6.671444978564977646e-03
4.484259999999945649e+03 1.919667422771453857e-02 7.327791769057512283e-03
4.485739999999945212e+03 1.081419363617897034e-02 6.874061655253171921e-03
4.487219999999944775e+03 7.961122319102287292e-03 6.594865117222070694e-03
4.488699999999944339e+03 9.081121534109115601e-03 6.480106618255376816e-03
4.490179999999943902e+03 6.342387758195400238e-03 6.392404902726411819e-03
4.491659999999943466e+03 1.004457846283912659e-02 6.675812881439924240e-03
4.493139999999943029e+03 1.402145624160766602e-02 6.828199606388807297e-03
4.494619999999942593e+03 1.436066627502441406e-02 6.737931165844202042e-03
4.496099999999942156e+03 1.384187769144773483e-02 6.880561821162700653e-03
4.497579999999941720e+03 8.390261791646480560e-03 6.644566543400287628e-03
4.499059999999941283e+03 1.353126019239425659e-02 6.894987076520919800e-03
4.500539999999940846e+03 3.048369474709033966e-02 7.441124878823757172e-03
4.502019999999940410e+03 2.280145883560180664e-02 7.096269633620977402e-03
4.503499999999939973e+03 2.275888342410326004e-03 6.272670812904834747e-03
4.504979999999939537e+03 5.356003064662218094e-03 6.406547967344522476e-03
4.506459999999939100e+03 9.817787446081638336e-03 6.783021613955497742e-03
4.507939999999938664e+03 7.781343534588813782e-03 6.719308905303478241e-03
4.509419999999938227e+03 1.062805019319057465e-02 6.646725814789533615e-03
4.510899999999937791e+03 1.890086196362972260e-02 7.038267329335212708e-03
4.512379999999937354e+03 1.321339979767799377e-02 6.805405486375093460e-03
4.513859999999936917e+03 1.577116362750530243e-02 6.638452410697937012e-03
4.515339999999936481e+03 2.340056560933589935e-02 7.045883219689130783e-03
4.516819999999936044e+03 7.039491087198257446e-03 6.453191861510276794e-03
4.518299999999935608e+03 1.761467754840850830e-02 6.815079599618911743e-03
4.519779999999935171e+03 2.865009941160678864e-03 6.130571942776441574e-03
4.521259999999934735e+03 2.328909188508987427e-02 7.238391786813735962e-03
4.522739999999934298e+03 1.829501613974571228e-02 6.882043555378913879e-03
4.524219999999933862e+03 5.184680223464965820e-03 6.186833139508962631e-03
4.525699999999933425e+03 4.068808630108833313e-03 6.146944127976894379e-03
4.527179999999932988e+03 6.284348201006650925e-03 6.270981859415769577e-03
4.528659999999932552e+03 2.231812477111816406e-02 7.042456883937120438e-03
4.530139999999932115e+03 8.303145878016948700e-03 6.488583981990814209e-03
4.531619999999931679e+03 8.577004075050354004e-03 6.350113544613122940e-03
4.533099999999931242e+03 1.760837435722351074e-02 6.864625029265880585e-03
4.534579999999930806e+03 2.560839615762233734e-02 7.122178096324205399e-03
4.536059999999930369e+03 8.818190544843673706e-03 6.487038452178239822e-03
4.537539999999929933e+03 1.259283535182476044e-02 6.737473420798778534e-03
4.539019999999929496e+03 1.980450004339218140e-03 6.160920485854148865e-03
4.540499999999929059e+03 1.130684558302164078e-02 6.576937157660722733e-03
4.541979999999928623e+03 2.040779218077659607e-02 6.934790872037410736e-03
4.543459999999928186e+03 -4.199816379696130753e-03 5.928021855652332306e-03
4.544939999999927750e+03 1.835282705724239349e-02 6.872796919196844101e-03
4.546419999999927313e+03 7.455386687070131302e-03 6.440430879592895508e-03
4.547899999999926877e+03 9.710132144391536713e-03 6.450743414461612701e-03
4.549379999999926440e+03 1.558751054108142853e-02 6.571316160261631012e-03
4.550859999999926004e+03 1.667013205587863922e-02 6.626131478697061539e-03
4.552339999999925567e+03 1.135517656803131104e-02 6.430663634091615677e-03
4.553819999999925130e+03 1.505654305219650269e-02 6.622008513659238815e-03
4.555299999999924694e+03 8.849283680319786072e-03 6.137341260910034180e-03
4.556779999999924257e+03 1.676522567868232727e-02 6.526518613100051880e-03
4.558259999999923821e+03 2.580957859754562378e-02 7.005913648754358292e-03
4.559739999999923384e+03 8.444537408649921417e-03 6.268776953220367432e-03
4.561219999999922948e+03 2.236570045351982117e-02 6.847193464636802673e-03
4.562699999999922511e+03 1.467221230268478394e-02 6.501539610326290131e-03
4.564179999999922074e+03 1.574970781803131104e-02 6.331547163426876068e-03
4.565659999999921638e+03 1.858979230746626854e-03 5.719240754842758179e-03
4.567139999999921201e+03 1.178366877138614655e-02 6.311972159892320633e-03
4.568619999999920765e+03 2.614521235227584839e-02 6.888162344694137573e-03
4.570099999999920328e+03 7.806200534105300903e-03 6.129224784672260284e-03
4.571579999999919892e+03 1.527661643922328949e-02 6.420942954719066620e-03
4.573059999999919455e+03 1.741076633334159851e-02 6.478666793555021286e-03
4.574539999999919019e+03 1.465220190584659576e-02 6.305808667093515396e-03
4.576019999999918582e+03 2.025224035605788231e-03 5.860931705683469772e-03
4.577499999999918145e+03 2.710403129458427429e-02 6.883458234369754791e-03
4.578979999999917709e+03 1.429254375398159027e-02 6.411441136151552200e-03
4.580459999999917272e+03 2.066089585423469543e-02 6.601212546229362488e-03
4.581939999999916836e+03 2.160332351922988892e-02 6.615059915930032730e-03
4.583419999999916399e+03 3.870320506393909454e-03 5.789584945887327194e-03
4.584899999999915963e+03 1.228536479175090790e-02 6.274194922298192978e-03
4.586379999999915526e+03 1.110842637717723846e-02 6.190463434904813766e-03
4.587859999999915090e+03 2.032460458576679230e-02 6.568765733391046524e-03
4.589339999999914653e+03 -1.656069653108716011e-03 5.473022814840078354e-03
4.590819999999914216e+03 7.389793638139963150e-03 5.817668046802282333e-03
4.592299999999913780e+03 7.214168086647987366e-03 5.875285249203443527e-03
4.593779999999913343e+03 2.633852139115333557e-02 6.581962108612060547e-03
4.595259999999912907e+03 9.442171081900596619e-03 5.866763647645711899e-03
4.596739999999912470e+03 2.030128613114356995e-02 6.316299084573984146e-03
4.598219999999912034e+03 1.523166149854660034e-02 6.036891136318445206e-03
4.599699999999911597e+03 1.722156815230846405e-02 6.187986116856336594e-03
4.601179999999911161e+03 2.252724394202232361e-02 6.365645211189985275e-03
4.602659999999910724e+03 1.544888690114021301e-02 6.117744371294975281e-03
4.604139999999910287e+03 2.050815522670745850e-02 6.256944965571165085e-03
4.605619999999909851e+03 1.270949840545654297e-02 6.030042655766010284e-03
4.607099999999909414e+03 -1.605114899575710297e-03 5.341769661754369736e-03
4.608579999999908978e+03 2.005040273070335388e-02 6.398641504347324371e-03
4.610059999999908541e+03 1.165451481938362122e-02 6.128186360001564026e-03
4.611539999999908105e+03 1.812674477696418762e-02 6.316448561847209930e-03
4.613019999999907668e+03 5.796439480036497116e-03 5.726243834942579269e-03
4.614499999999907232e+03 1.822564750909805298e-02 6.243873853236436844e-03
4.615979999999906795e+03 1.422365009784698486e-02 6.040055770426988602e-03
4.617459999999906358e+03 1.018810458481311798e-02 5.728347692638635635e-03
4.618939999999905922e+03 1.798478327691555023e-02 6.124356295913457870e-03
4.620419999999905485e+03 1.675042323768138885e-02 6.258805282413959503e-03
4.621899999999905049e+03 1.265209726989269257e-02 5.941312760114669800e-03
4.623379999999904612e+03 1.148433424532413483e-02 5.897423718124628067e-03
4.624859999999904176e+03 1.535260863602161407e-02 6.057109683752059937e-03
4.626339999999903739e+03 2.275051176548004150e-02 6.369422655552625656e-03
4.627819999999903303e+03 3.173685073852539062e-02 6.728840991854667664e-03
4.629299999999902866e+03 2.489463798701763153e-02 6.484196055680513382e-03
4.630779999999902429e+03 -2.274230355396866798e-03 5.227976478636264801e-03
4.632259999999901993e+03 1.415222138166427612e-02 5.959182977676391602e-03
4.633739999999901556e+03 1.222259365022182465e-02 5.822665058076381683e-03
4.635219999999901120e+03 8.557634428143501282e-03 5.542912520468235016e-03
4.636699999999900683e+03 1.983015984296798706e-02 6.073940545320510864e-03
4.638179999999900247e+03 8.131348527967929840e-03 5.533928517252206802e-03
4.639659999999899810e+03 2.049502916634082794e-02 6.024310830980539322e-03
4.641139999999899374e+03 1.414421014487743378e-02 5.982628557831048965e-03
4.642619999999898937e+03 7.742478977888822556e-03 5.649287253618240356e-03
4.644099999999898500e+03 8.668614551424980164e-03 5.527972243726253510e-03
4.645579999999898064e+03 2.038492262363433838e-02 6.017642561346292496e-03
4.647059999999897627e+03 2.016731910407543182e-02 5.960591603070497513e-03
4.648539999999897191e+03 1.804656162858009338e-02 5.846364889293909073e-03
4.650019999999896754e+03 9.825644083321094513e-03 5.631739273667335510e-03
4.651499999999896318e+03 2.381098270416259766e-02 6.247542798519134521e-03
4.652979999999895881e+03 2.058097533881664276e-02 6.068608257919549942e-03
4.654459999999895444e+03 1.922866515815258026e-02 5.970868282020092010e-03
4.655939999999895008e+03 1.448629237711429596e-02 5.796267185360193253e-03
4.657419999999894571e+03 7.925464771687984467e-03 5.647398065775632858e-03
4.658899999999894135e+03 2.881258726119995117e-02 6.580213550478219986e-03
4.660379999999893698e+03 1.950869522988796234e-02 6.172730121761560440e-03
4.661859999999893262e+03 2.278454974293708801e-02 6.274875719100236893e-03
4.663339999999892825e+03 2.940947189927101135e-02 6.366052664816379547e-03
4.664819999999892389e+03 1.242419239133596420e-02 5.650648847222328186e-03
4.666299999999891952e+03 9.873919188976287842e-04 5.024095065891742706e-03
4.667779999999891515e+03 1.841702032834291458e-03 5.069468636065721512e-03
4.669259999999891079e+03 4.209205973893404007e-03 5.272186826914548874e-03
4.670739999999890642e+03 2.085592597723007202e-02 6.108872126787900925e-03
4.672219999999890206e+03 1.747393980622291565e-02 5.925765261054039001e-03
4.673699999999889769e+03 6.971718277782201767e-03 5.528275854885578156e-03
4.675179999999889333e+03 1.726233400404453278e-02 5.905152298510074615e-03
4.676659999999888896e+03 1.439954899251461029e-02 5.763781256973743439e-03
4.678139999999888460e+03 7.138778455555438995e-03 5.401508882641792297e-03
4.679619999999888023e+03 1.169533375650644302e-02 5.456969141960144043e-03
4.681099999999887586e+03 5.836902651935815811e-03 5.263575352728366852e-03
4.682579999999887150e+03 2.352956123650074005e-02 5.994037725031375885e-03
4.684059999999886713e+03 1.132711884565651417e-03 5.132077727466821671e-03
4.685539999999886277e+03 2.446680329740047455e-02 6.075195036828517914e-03
4.687019999999885840e+03 1.946869865059852600e-02 5.766237154603004456e-03
4.688499999999885404e+03 4.268988501280546188e-03 5.227633751928806305e-03
4.689979999999884967e+03 1.858577691018581390e-02 5.829338449984788895e-03
4.691459999999884531e+03 2.395446226000785828e-02 5.904944147914648056e-03
4.692939999999884094e+03 1.747741363942623138e-02 5.747261922806501389e-03
4.694419999999883657e+03 7.029880303889513016e-03 5.376463755965232849e-03
4.695899999999883221e+03 1.416786666959524155e-02 5.600587464869022369e-03
4.697379999999882784e+03 9.841393679380416870e-03 5.275713745504617691e-03
4.698859999999882348e+03 1.989194191992282867e-02 5.705037619918584824e-03
4.700339999999881911e+03 2.444335259497165680e-02 5.887481849640607834e-03
4.701819999999881475e+03 8.722871541976928711e-03 5.167055409401655197e-03
4.703299999999881038e+03 1.324368268251419067e-02 5.396442022174596786e-03
4.704779999999880602e+03 1.584432460367679596e-02 5.608712788671255112e-03
4.706259999999880165e+03 1.388622820377349854e-02 5.442749243229627609e-03
4.707739999999879728e+03 1.731408387422561646e-02 5.600692238658666611e-03
4.709219999999879292e+03 1.589724048972129822e-02 5.570420529693365097e-03
4.710699999999878855e+03 7.273849565535783768e-03 5.266311578452587128e-03
4.712179999999878419e+03 1.598108932375907898e-02 5.641861353069543839e-03
4.713659999999877982e+03 -2.223840681836009026e-03 4.680752288550138474e-03
4.715139999999877546e+03 1.649235934019088745e-02 5.598422605544328690e-03
4.716619999999877109e+03 1.321770809590816498e-02 5.455777049064636230e-03
4.718099999999876673e+03 1.734469830989837646e-02 5.655390676110982895e-03
4.719579999999876236e+03 7.203057408332824707e-03 5.229941103607416153e-03
4.721059999999875799e+03 1.405373588204383850e-02 5.440418142825365067e-03
4.722539999999875363e+03 1.919855177402496338e-02 5.665699951350688934e-03
4.724019999999874926e+03 9.469840675592422485e-03 5.403015762567520142e-03
4.725499999999874490e+03 5.735259503126144409e-03 5.131545942276716232e-03
4.726979999999874053e+03 1.496288646012544632e-02 5.408929660916328430e-03
4.728459999999873617e+03 2.351775765419006348e-03 4.755722824484109879e-03
4.729939999999873180e+03 8.358391933143138885e-03 5.082147195935249329e-03
4.731419999999872744e+03 9.012641385197639465e-03 5.097804125398397446e-03
4.732899999999872307e+03 1.347160153090953827e-02 5.305171478539705276e-03
4.734379999999871870e+03 7.360709831118583679e-03 5.047293379902839661e-03
4.735859999999871434e+03 1.896766014397144318e-02 5.522935651242733002e-03
4.737339999999870997e+03 1.175808720290660858e-02 5.272897426038980484e-03
4.738819999999870561e+03 1.424294803291559219e-02 5.389765370637178421e-03
4.740299999999870124e+03 7.205268368124961853e-03 5.028497427701950073e-03
4.741779999999869688e+03 1.336848735809326172e-02 5.341541487723588943e-03
4.743259999999869251e+03 1.950919441878795624e-02 5.595027469098567963e-03
4.744739999999868814e+03 1.358248759061098099e-02 5.366196390241384506e-03
4.746219999999868378e+03 1.071258354932069778e-02 5.150313023477792740e-03
4.747699999999867941e+03 1.591610908508300781e-02 5.360917188227176666e-03
4.749179999999867505e+03 1.835700869560241699e-02 5.550496280193328857e-03
4.750659999999867068e+03 2.973084151744842529e-02 5.912567488849163055e-03
4.752139999999866632e+03 1.847151294350624084e-02 5.443934816867113113e-03
4.753619999999866195e+03 1.515173539519309998e-02 5.314735230058431625e-03
4.755099999999865759e+03 6.974087562412023544e-03 4.991983063519001007e-03
4.756579999999865322e+03 1.859216950833797455e-02 5.386637058109045029e-03
4.758059999999864885e+03 1.134996488690376282e-02 5.207627546042203903e-03
4.759539999999864449e+03 2.317949756979942322e-02 5.681611597537994385e-03
4.761019999999864012e+03 2.296232432126998901e-02 5.615829490125179291e-03
4.762499999999863576e+03 1.315127313137054443e-02 5.217853467911481857e-03
4.763979999999863139e+03 1.780959591269493103e-02 5.379266105592250824e-03
4.765459999999862703e+03 1.034942828118801117e-02 5.118927918374538422e-03
4.766939999999862266e+03 2.219538018107414246e-02 5.594113841652870178e-03
4.768419999999861830e+03 1.544006261974573135e-02 5.342185031622648239e-03
4.769899999999861393e+03 1.563352718949317932e-02 5.397071130573749542e-03
4.771379999999860956e+03 1.463026087731122971e-02 5.309209227561950684e-03
4.772859999999860520e+03 2.171707153320312500e-02 5.559154786169528961e-03
4.774339999999860083e+03 1.449399255216121674e-02 5.259234923869371414e-03
4.775819999999859647e+03 2.373494580388069153e-02 5.618898663669824600e-03
4.777299999999859210e+03 1.431392505764961243e-02 5.340920761227607727e-03
4.778779999999858774e+03 2.272993139922618866e-02 5.661878734827041626e-03
4.780259999999858337e+03 1.933506503701210022e-02 5.504966713488101959e-03
4.781739999999857901e+03 1.403449289500713348e-02 5.225331056863069534e-03
4.783219999999857464e+03 1.570598222315311432e-02 5.290017928928136826e-03
4.784699999999857027e+03 2.075763419270515442e-02 5.498232319951057434e-03
4.786179999999856591e+03 1.861435547471046448e-02 5.380438640713691711e-03
4.787659999999856154e+03 1.353399269282817841e-02 5.206733942031860352e-03
4.789139999999855718e+03 1.763701252639293671e-02 5.305673927068710327e-03
4.790619999999855281e+03 6.977500393986701965e-03 4.989286884665489197e-03
4.792099999999854845e+03 1.460425369441509247e-02 5.348328500986099243e-03
4.793579999999854408e+03 1.619143411517143250e-02 5.305652972310781479e-03
4.795059999999853972e+03 1.141412369906902313e-02 5.163850728422403336e-03
4.796539999999853535e+03 7.985066622495651245e-03 4.990274552255868912e-03
4.798019999999853098e+03 8.646606467664241791e-03 5.059911403805017471e-03
4.799499999999852662e+03 2.201161533594131470e-02 5.465500056743621826e-03
4.800979999999852225e+03 9.817083366215229034e-03 5.000924225896596909e-03
4.802459999999851789e+03 1.375999301671981812e-02 5.290163680911064148e-03
4.803939999999851352e+03 1.487550977617502213e-02 5.305051803588867188e-03
4.805419999999850916e+03 1.820143684744834900e-02 5.406578537076711655e-03
4.806899999999850479e+03 7.638998329639434814e-03 4.896195605397224426e-03
4.808379999999850043e+03 1.030820980668067932e-02 5.016894545406103134e-03
4.809859999999849606e+03 1.403097994625568390e-02 5.217085592448711395e-03
4.811339999999849169e+03 1.378171518445014954e-02 5.170332267880439758e-03
4.812819999999848733e+03 5.120179615914821625e-03 4.872305318713188171e-03
4.814299999999848296e+03 1.695342734456062317e-02 5.301214288920164108e-03
4.815779999999847860e+03 1.468713209033012390e-02 5.352540407329797745e-03
4.817259999999847423e+03 1.343070715665817261e-02 5.335313733667135239e-03
4.818739999999846987e+03 7.841817103326320648e-03 5.133718252182006836e-03
4.820219999999846550e+03 2.191831916570663452e-02 5.690092220902442932e-03
4.821699999999846113e+03 2.204038016498088837e-02 5.615347530692815781e-03
4.823179999999845677e+03 8.769286796450614929e-03 5.056476686149835587e-03
4.824659999999845240e+03 1.233998686075210571e-02 5.277789663523435593e-03
4.826139999999844804e+03 1.889410056173801422e-02 5.498199723660945892e-03
4.827619999999844367e+03 -3.484667977318167686e-03 4.541520029306411743e-03
4.829099999999843931e+03 1.344122178852558136e-02 5.283104721456766129e-03
4.830579999999843494e+03 1.183819118887186050e-02 5.178178660571575165e-03
4.832059999999843058e+03 4.483998287469148636e-03 4.933310672640800476e-03
4.833539999999842621e+03 1.949408650398254395e-02 5.541427060961723328e-03
4.835019999999842184e+03 1.926612667739391327e-02 5.450590047985315323e-03
4.836499999999841748e+03 5.165725480765104294e-03 4.949737805873155594e-03
4.837979999999841311e+03 1.056592911481857300e-02 5.126808770000934601e-03
4.839459999999840875e+03 2.168903872370719910e-02 5.525747779756784439e-03
4.840939999999840438e+03 6.369507871568202972e-03 4.923237487673759460e-03
4.842419999999840002e+03 1.434757374227046967e-02 5.156788043677806854e-03
4.843899999999839565e+03 2.279342897236347198e-02 5.514193791896104813e-03
4.845379999999839129e+03 1.763085275888442993e-02 5.386938340961933136e-03
4.846859999999838692e+03 1.836949214339256287e-02 5.358343478292226791e-03
4.848339999999838255e+03 1.878144778311252594e-02 5.219606682658195496e-03
4.849819999999837819e+03 2.214585244655609131e-02 5.339272320270538330e-03
4.851299999999837382e+03 2.029873058199882507e-02 5.342800635844469070e-03
4.852779999999836946e+03 7.151768542826175690e-03 4.883272573351860046e-03
4.854259999999836509e+03 1.461054012179374695e-02 4.992963746190071106e-03
4.855739999999836073e+03 1.997773163020610809e-02 5.160829052329063416e-03
4.857219999999835636e+03 1.680224016308784485e-02 5.005814600735902786e-03
4.858699999999835200e+03 1.113859191536903381e-02 4.859498236328363419e-03
4.860179999999834763e+03 1.418615691363811493e-02 5.135456565767526627e-03
4.861659999999834326e+03 1.725943386554718018e-02 5.217972677201032639e-03
4.863139999999833890e+03 1.622109860181808472e-02 4.966568667441606522e-03
4.864619999999833453e+03 1.828453131020069122e-02 5.052417516708374023e-03
4.866099999999833017e+03 2.717449329793453217e-03 4.461453296244144440e-03
4.867579999999832580e+03 3.988898359239101410e-03 4.615755751729011536e-03
4.869059999999832144e+03 9.964443743228912354e-03 4.794884007424116135e-03
4.870539999999831707e+03 1.591868512332439423e-02 4.930822644382715225e-03
4.872019999999831271e+03 1.570093631744384766e-02 5.012062843888998032e-03
4.873499999999830834e+03 2.009952999651432037e-02 5.144915543496608734e-03
4.874979999999830397e+03 1.040690299123525620e-02 4.917715210467576981e-03
4.876459999999829961e+03 1.096817757934331894e-02 4.839932546019554138e-03
4.877939999999829524e+03 8.280177600681781769e-03 4.798219073563814163e-03
4.879419999999829088e+03 1.244755275547504425e-02 5.061176139861345291e-03
4.880899999999828651e+03 1.397476531565189362e-02 5.166159942746162415e-03
4.882379999999828215e+03 1.014465559273958206e-02 4.855531267821788788e-03
4.883859999999827778e+03 1.236852165311574936e-02 4.960086662322282791e-03
4.885339999999827342e+03 1.743017509579658508e-02 5.086970515549182892e-03
4.886819999999826905e+03 2.041647769510746002e-02 5.304807331413030624e-03
4.888299999999826468e+03 1.029678806662559509e-02 4.845334682613611221e-03
4.889779999999826032e+03 1.566215604543685913e-02 5.098779685795307159e-03
4.891259999999825595e+03 3.074578195810317993e-02 5.625415127724409103e-03
4.892739999999825159e+03 1.163394749164581299e-02 4.915514029562473297e-03
4.894219999999824722e+03 2.385841682553291321e-03 4.645742475986480713e-03
4.895699999999824286e+03 1.924167759716510773e-02 5.270692985504865646e-03
4.897179999999823849e+03 1.748426444828510284e-02 5.167298484593629837e-03
4.898659999999823413e+03 1.657490432262420654e-02 5.044676829129457474e-03
4.900139999999822976e+03 1.360782328993082047e-02 4.903980065137147903e-03
4.901619999999822539e+03 1.382174342870712280e-02 4.924752749502658844e-03
4.903099999999822103e+03 1.300137583166360855e-02 4.945636726915836334e-03
4.904579999999821666e+03 1.228409446775913239e-02 5.025327671319246292e-03
4.906059999999821230e+03 1.794920489192008972e-02 5.186370108276605606e-03
4.907539999999820793e+03 1.906394399702548981e-02 5.125482566654682159e-03
4.909019999999820357e+03 1.475180033594369888e-02 4.887409973889589310e-03
4.910499999999819920e+03 1.169721316546201706e-02 4.803640767931938171e-03
4.911979999999819483e+03 2.141302824020385742e-02 5.248934496194124222e-03
4.913459999999819047e+03 1.062938384711742401e-02 4.874317906796932220e-03
4.914939999999818610e+03 2.369090169668197632e-02 5.310545675456523895e-03
4.916419999999818174e+03 2.569812582805752754e-03 4.406349733471870422e-03
4.917899999999817737e+03 1.327303610742092133e-02 4.746364895254373550e-03
4.919379999999817301e+03 1.579011417925357819e-02 4.783399403095245361e-03
4.920859999999816864e+03 1.044754125177860260e-02 4.652664996683597565e-03
4.922339999999816428e+03 1.561669260263442993e-02 4.958375357091426849e-03
4.923819999999815991e+03 2.048696950078010559e-02 5.208376795053482056e-03
4.925299999999815554e+03 1.046792138367891312e-02 4.851562436670064926e-03
4.926779999999815118e+03 1.506047602742910385e-02 5.064096301794052124e-03
4.928259999999814681e+03 1.934651657938957214e-02 5.132153630256652832e-03
4.929739999999814245e+03 1.852981746196746826e-02 5.136868450790643692e-03
4.931219999999813808e+03 1.089912280440330505e-02 4.772350192070007324e-03
4.932699999999813372e+03 9.284405037760734558e-03 4.689064342528581619e-03
4.934179999999812935e+03 7.662022486329078674e-03 4.632433410733938217e-03
4.935659999999812499e+03 8.269531652331352234e-03 4.785382654517889023e-03
4.937139999999812062e+03 1.571532525122165680e-02 5.069341976195573807e-03
4.938619999999811625e+03 1.999547891318798065e-02 5.088541656732559204e-03
4.940099999999811189e+03 5.754280835390090942e-03 4.568447358906269073e-03
4.941579999999810752e+03 4.323498811572790146e-03 4.634761717170476913e-03
4.943059999999810316e+03 1.247218623757362366e-02 4.879290238022804260e-03
4.944539999999809879e+03 1.730035431683063507e-02 4.980315454304218292e-03
4.946019999999809443e+03 2.076306566596031189e-02 5.228827707469463348e-03
4.947499999999809006e+03 1.762351021170616150e-02 5.095515865832567215e-03
4.948979999999808570e+03 2.436250448226928711e-02 5.356389563530683517e-03
4.950459999999808133e+03 2.937252074480056763e-02 5.472698248922824860e-03
4.951939999999807696e+03 1.293582282960414886e-02 4.995767027139663696e-03
4.953419999999807260e+03 2.427300438284873962e-02 5.411439109593629837e-03
4.954899999999806823e+03 1.690785028040409088e-02 4.944945219904184341e-03
4.956379999999806387e+03 1.425773464143276215e-02 4.711026325821876526e-03
4.957859999999805950e+03 6.523018237203359604e-03 4.507341422140598297e-03
4.959339999999805514e+03 1.749946549534797668e-02 5.027135834097862244e-03
4.960819999999805077e+03 1.899618841707706451e-02 5.105954594910144806e-03
4.962299999999804641e+03 1.025960780680179596e-02 4.745521582663059235e-03
4.963779999999804204e+03 4.984905943274497986e-03 4.465133883059024811e-03
4.965259999999803767e+03 1.294855400919914246e-02 4.914302844554185867e-03
4.966739999999803331e+03 1.545419916510581970e-02 5.008850246667861938e-03
4.968219999999802894e+03 1.472366414964199066e-02 4.901261068880558014e-03
4.969699999999802458e+03 1.732217520475387573e-02 5.059667862951755524e-03
4.971179999999802021e+03 2.492557466030120850e-02 5.356095265597105026e-03
4.972659999999801585e+03 2.284112386405467987e-02 5.203773267567157745e-03
4.974139999999801148e+03 1.408686209470033646e-02 4.895744845271110535e-03
4.975619999999800712e+03 1.942348480224609375e-02 5.129728466272354126e-03
4.977099999999800275e+03 1.403374783694744110e-02 4.865035880357027054e-03
4.978579999999799838e+03 1.776117831468582153e-02 4.948223009705543518e-03
4.980059999999799402e+03 2.506630308926105499e-02 5.198536906391382217e-03
4.981539999999798965e+03 1.345713995397090912e-02 4.681095480918884277e-03
4.983019999999798529e+03 1.491835247725248337e-02 4.683988634496927261e-03
4.984499999999798092e+03 8.922473527491092682e-03 4.501294344663619995e-03
4.985979999999797656e+03 1.023317780345678329e-02 4.721826873719692230e-03
4.987459999999797219e+03 2.179900929331779480e-02 5.163462832570075989e-03
4.988939999999796783e+03 2.376056462526321411e-02 5.198849365115165710e-03
4.990419999999796346e+03 1.219979673624038696e-02 4.767591133713722229e-03
4.991899999999795909e+03 7.316416595131158829e-03 4.585006274282932281e-03
4.993379999999795473e+03 1.827412657439708710e-02 5.013470537960529327e-03
4.994859999999795036e+03 1.718783378601074219e-02 5.002124235033988953e-03
4.996339999999794600e+03 1.597376726567745209e-02 4.883822984993457794e-03
4.997819999999794163e+03 1.240731962025165558e-02 4.800220485776662827e-03
4.999299999999793727e+03 1.194122806191444397e-02 4.683650098741054535e-03
5.000779999999793290e+03 1.053050812333822250e-02 4.649791866540908813e-03
5.002259999999792853e+03 9.326973930001258850e-03 4.604441113770008087e-03
5.003739999999792417e+03 1.139165461063385010e-02 4.721589386463165283e-03
5.005219999999791980e+03 4.177751019597053528e-03 4.383403807878494263e-03
5.006699999999791544e+03 1.103525422513484955e-02 4.667107481509447098e-03
5.008179999999791107e+03 1.676989905536174774e-02 4.982467740774154663e-03
5.009659999999790671e+03 1.441682502627372742e-02 4.830664955079555511e-03
5.011139999999790234e+03 1.856813207268714905e-02 4.875476937741041183e-03
5.012619999999789798e+03 1.247851364314556122e-02 4.649871494621038437e-03
5.014099999999789361e+03 1.167912967503070831e-02 4.642046988010406494e-03
5.015579999999788924e+03 1.196028757840394974e-02 4.652627278119325638e-03
5.017059999999788488e+03 1.428061351180076599e-02 4.646078683435916901e-03
5.018539999999788051e+03 1.572987437248229980e-02 4.855247214436531067e-03
5.020019999999787615e+03 1.998534053564071655e-02 5.024620797485113144e-03
5.021499999999787178e+03 4.096960648894309998e-03 4.322140011936426163e-03
5.022979999999786742e+03 7.945318706333637238e-03 4.497561603784561157e-03
5.024459999999786305e+03 1.571068353950977325e-02 4.769722465425729752e-03
5.025939999999785869e+03 2.080460265278816223e-02 4.944733809679746628e-03
5.027419999999785432e+03 1.611960679292678833e-02 4.742143675684928894e-03
5.028899999999784995e+03 8.076873607933521271e-03 4.513980355113744736e-03
5.030379999999784559e+03 3.357276553288102150e-03 4.344974644482135773e-03
5.031859999999784122e+03 1.078026182949542999e-02 4.619193263351917267e-03
5.033339999999783686e+03 1.693066582083702087e-02 4.868017043918371201e-03
5.034819999999783249e+03 1.663319766521453857e-02 4.791521001607179642e-03
5.036299999999782813e+03 9.694386273622512817e-03 4.516307730227708817e-03
5.037779999999782376e+03 2.412666752934455872e-02 5.062561947852373123e-03
5.039259999999781940e+03 4.316984210163354874e-03 4.124068189412355423e-03
5.040739999999781503e+03 1.355117931962013245e-02 4.500367678701877594e-03
5.042219999999781066e+03 1.686076447367668152e-02 4.827269352972507477e-03
5.043699999999780630e+03 1.769082248210906982e-02 4.917112179100513458e-03
5.045179999999780193e+03 2.101044543087482452e-02 4.990752320736646652e-03
5.046659999999779757e+03 1.394993253052234650e-02 4.661698359996080399e-03
5.048139999999779320e+03 1.398500427603721619e-02 4.620933439582586288e-03
5.049619999999778884e+03 2.207956835627555847e-02 5.023881327360868454e-03
5.051099999999778447e+03 1.715088076889514923e-02 4.814944230020046234e-03
5.052579999999778011e+03 2.016023918986320496e-02 4.968728870153427124e-03
5.054059999999777574e+03 2.097804658114910126e-02 4.986521322280168533e-03
5.055539999999777137e+03 1.449734717607498169e-02 4.726423881947994232e-03
5.057019999999776701e+03 1.048347353935241699e-02 4.589091055095195770e-03
5.058499999999776264e+03 9.003693237900733948e-03 4.575158003717660904e-03
5.059979999999775828e+03 1.813162490725517273e-02 4.932362586259841919e-03
5.061459999999775391e+03 1.380144432187080383e-02 4.659060388803482056e-03
5.062939999999774955e+03 1.419744640588760376e-02 4.622848704457283020e-03
5.064419999999774518e+03 6.736432202160358429e-03 4.317949526011943817e-03
5.065899999999774082e+03 1.629560999572277069e-02 4.693658556789159775e-03
5.067379999999773645e+03 1.646182499825954437e-02 4.745288752019405365e-03
5.068859999999773208e+03 1.699917204678058624e-02 4.809561651200056076e-03
5.070339999999772772e+03 1.590657792985439301e-02 4.762925207614898682e-03
5.071819999999772335e+03 1.531888265162706375e-02 4.706881009042263031e-03
5.073299999999771899e+03 2.201670967042446136e-02 4.921334329992532730e-03
5.074779999999771462e+03 2.412917278707027435e-02 4.994620103389024734e-03
5.076259999999771026e+03 2.269579470157623291e-02 4.985281266272068024e-03
5.077739999999770589e+03 1.131378114223480225e-02 4.434209782630205154e-03
5.079219999999770152e+03 1.800305396318435669e-02 4.728497471660375595e-03
5.080699999999769716e+03 1.122755464166402817e-02 4.421425983309745789e-03
5.082179999999769279e+03 1.771249994635581970e-02 4.735750611871480942e-03
5.083659999999768843e+03 1.724105514585971832e-02 4.790441133081912994e-03
5.085139999999768406e+03 1.517134066671133041e-02 4.760240204632282257e-03
5.086619999999767970e+03 1.717932522296905518e-02 4.808243829756975174e-03
5.088099999999767533e+03 1.786383613944053650e-02 4.804773256182670593e-03
5.089579999999767097e+03 1.723193936049938202e-02 4.815448075532913208e-03
5.091059999999766660e+03 1.255915965884923935e-02 4.638975486159324646e-03
5.092539999999766223e+03 1.545231230556964874e-02 4.749889951199293137e-03
5.094019999999765787e+03 8.368680253624916077e-03 4.478351678699254990e-03
5.095499999999765350e+03 2.059346996247768402e-02 4.897803068161010742e-03
5.096979999999764914e+03 1.304542366415262222e-02 4.534746985882520676e-03
5.098459999999764477e+03 1.921840943396091461e-02 4.727200604975223541e-03
5.099939999999764041e+03 2.885632216930389404e-02 5.182212218642234802e-03
5.101419999999763604e+03 2.063031122088432312e-02 4.913713317364454269e-03
5.102899999999763168e+03 1.721070334315299988e-02 4.797315690666437149e-03
5.104379999999762731e+03 8.456585928797721863e-03 4.361281171441078186e-03
5.105859999999762294e+03 1.661051437258720398e-02 4.701037891209125519e-03
5.107339999999761858e+03 1.409485284239053726e-02 4.598672036081552505e-03
5.108819999999761421e+03 1.916669309139251709e-02 4.772057756781578064e-03
5.110299999999760985e+03 1.915975101292133331e-02 4.786803387105464935e-03
5.111779999999760548e+03 2.073998935520648956e-02 4.892720840871334076e-03
5.113259999999760112e+03 1.572513580322265625e-02 4.667896777391433716e-03
5.114739999999759675e+03 1.575144194066524506e-02 4.672407172620296478e-03
5.116219999999759239e+03 2.631932869553565979e-02 5.114816129207611084e-03
5.117699999999758802e+03 1.857233792543411255e-02 4.862697795033454895e-03
5.119179999999758365e+03 2.303119562566280365e-02 4.944657906889915466e-03
5.120659999999757929e+03 8.954551070928573608e-03 4.424544982612133026e-03
5.122139999999757492e+03 1.274851895868778229e-02 4.464756231755018234e-03
5.123619999999757056e+03 1.498418487608432770e-02 4.561895970255136490e-03
5.125099999999756619e+03 1.624486595392227173e-02 4.626514390110969543e-03
5.126579999999756183e+03 1.287393551319837570e-02 4.453208297491073608e-03
5.128059999999755746e+03 1.227140892297029495e-02 4.545755218714475632e-03
5.129539999999755310e+03 1.759090833365917206e-02 4.745264537632465363e-03
5.131019999999754873e+03 1.646219752728939056e-02 4.682315979152917862e-03
5.132499999999754436e+03 1.646254956722259521e-02 4.754235967993736267e-03
5.133979999999754000e+03 1.686807349324226379e-02 4.818947054445743561e-03
5.135459999999753563e+03 1.456566154956817627e-02 4.680131096392869949e-03
5.136939999999753127e+03 2.203233726322650909e-02 4.861503373831510544e-03
5.138419999999752690e+03 1.434018276631832123e-02 4.655053373426198959e-03
5.139899999999752254e+03 2.392302080988883972e-02 4.995606373995542526e-03
5.141379999999751817e+03 1.490414794534444809e-02 4.657067358493804932e-03
5.142859999999751381e+03 2.128872089087963104e-02 4.870298784226179123e-03
5.144339999999750944e+03 2.015392668545246124e-02 4.825279582291841507e-03
5.145819999999750507e+03 2.177531272172927856e-02 4.921439103782176971e-03
5.147299999999750071e+03 1.042677927762269974e-02 4.467791412025690079e-03
5.148779999999749634e+03 1.440999656915664673e-02 4.635644610971212387e-03
5.150259999999749198e+03 1.502343360334634781e-02 4.718124400824308395e-03
5.151739999999748761e+03 1.201462373137474060e-02 4.563760943710803986e-03
5.153219999999748325e+03 1.689684018492698669e-02 4.630410112440586090e-03
5.154699999999747888e+03 1.945379190146923065e-02 4.735725000500679016e-03
5.156179999999747452e+03 2.237372845411300659e-02 4.904665052890777588e-03
5.157659999999747015e+03 2.252440154552459717e-02 4.980113822966814041e-03
5.159139999999746578e+03 1.713252998888492584e-02 4.765787627547979355e-03
5.160619999999746142e+03 1.433253847062587738e-02 4.635382909327745438e-03
5.162099999999745705e+03 1.831132359802722931e-02 4.736999981105327606e-03
5.163579999999745269e+03 2.166341245174407959e-02 4.762069322168827057e-03
5.165059999999744832e+03 1.671906188130378723e-02 4.501097835600376129e-03
5.166539999999744396e+03 1.332876272499561310e-02 4.305336624383926392e-03
5.168019999999743959e+03 1.998905092477798462e-02 4.558222834020853043e-03
5.169499999999743522e+03 1.440285332500934601e-02 4.388403613120317459e-03
5.170979999999743086e+03 1.527967862784862518e-02 4.307967144995927811e-03
5.172459999999742649e+03 2.241880446672439575e-02 4.622401669621467590e-03
5.173939999999742213e+03 1.127552799880504608e-02 4.389624111354351044e-03
5.175419999999741776e+03 1.833106763660907745e-02 4.745694808661937714e-03
5.176899999999741340e+03 1.754883304238319397e-02 4.641569219529628754e-03
5.178379999999740903e+03 2.012333087623119354e-02 4.730049055069684982e-03
5.179859999999740467e+03 1.943476311862468719e-02 4.623697139322757721e-03
5.181339999999740030e+03 2.002900093793869019e-02 4.480868577957153320e-03
5.182819999999739593e+03 2.094265818595886230e-02 4.372786264866590500e-03
5.184299999999739157e+03 2.156199142336845398e-02 4.608656745404005051e-03
5.185779999999738720e+03 1.585031859576702118e-02 4.724142141640186310e-03
5.187259999999738284e+03 1.142471097409725189e-02 4.732490517199039459e-03
5.188739999999737847e+03 1.657822355628013611e-02 4.807712044566869736e-03
5.190219999999737411e+03 1.163314841687679291e-02 4.433429334312677383e-03
5.191699999999736974e+03 1.595539599657058716e-02 4.567698575556278229e-03
5.193179999999736538e+03 1.194988563656806946e-02 4.413076210767030716e-03
5.194659999999736101e+03 1.005371287465095520e-02 4.514252766966819763e-03
5.196139999999735664e+03 2.050394564867019653e-02 5.455037113279104233e-03
5.197619999999735228e+03 2.405129931867122650e-02 5.905621685087680817e-03
5.199099999999734791e+03 1.293723378330469131e-02 5.452758632600307465e-03
5.200579999999734355e+03 1.449457090348005295e-02 5.161601584404706955e-03
5.202059999999733918e+03 1.357815042138099670e-02 4.890753421932458878e-03
5.203539999999733482e+03 1.537341251969337463e-02 4.700081888586282730e-03
5.205019999999733045e+03 1.560891978442668915e-02 4.469020757824182510e-03
5.206499999999732609e+03 1.880175061523914337e-02 4.650083370506763458e-03
5.207979999999732172e+03 1.377164013683795929e-02 4.499156028032302856e-03
5.209459999999731735e+03 2.144910767674446106e-02 4.807656630873680115e-03
5.210939999999731299e+03 2.166640944778919220e-02 4.844875074923038483e-03
5.212419999999730862e+03 8.180010132491588593e-03 4.322482738643884659e-03
5.213899999999730426e+03 1.805742830038070679e-02 4.601710010319948196e-03
5.215379999999729989e+03 1.390097290277481079e-02 4.506389610469341278e-03
5.216859999999729553e+03 1.095235720276832581e-02 4.513794090598821640e-03
5.218339999999729116e+03 1.657609269022941589e-02 4.723831079900264740e-03
5.219819999999728680e+03 1.295307185500860214e-02 4.519402049481868744e-03
5.221299999999728243e+03 1.978396624326705933e-02 4.859980661422014236e-03
5.222779999999727806e+03 2.411172911524772644e-02 5.122059956192970276e-03
5.224259999999727370e+03 1.985758915543556213e-02 4.888970404863357544e-03
5.225739999999726933e+03 2.078843861818313599e-02 4.603679291903972626e-03
5.227219999999726497e+03 1.874063722789287567e-02 4.608649760484695435e-03
5.228699999999726060e+03 1.614275202155113220e-02 4.601006861776113510e-03
5.230179999999725624e+03 2.369779348373413086e-02 4.952030256390571594e-03
5.231659999999725187e+03 1.682932302355766296e-02 4.659272264689207077e-03
5.233139999999724751e+03 2.045412920415401459e-02 4.719316959381103516e-03
5.234619999999724314e+03 2.352449297904968262e-02 4.805267788469791412e-03
5.236099999999723877e+03 1.126298867166042328e-02 4.496352747082710266e-03
5.237579999999723441e+03 1.706061698496341705e-02 5.017555784434080124e-03
5.239059999999723004e+03 2.241017669439315796e-02 5.117719992995262146e-03
5.240539999999722568e+03 1.344907097518444061e-02 4.543405026197433472e-03
5.242019999999722131e+03 1.897236518561840057e-02 4.712379071861505508e-03
5.243499999999721695e+03 2.355177514255046844e-02 4.856505896896123886e-03
5.244979999999721258e+03 1.840108633041381836e-02 4.635579418390989304e-03
5.246459999999720822e+03 7.953194901347160339e-03 4.320275969803333282e-03
5.247939999999720385e+03 1.578346639871597290e-02 4.623310174793004990e-03
5.249419999999719948e+03 2.376233972609043121e-02 4.961947910487651825e-03
5.250899999999719512e+03 2.191493660211563110e-02 4.747074563056230545e-03
5.252379999999719075e+03 2.086240984499454498e-02 4.811486229300498962e-03
5.253859999999718639e+03 2.199411019682884216e-02 5.020062904804944992e-03
5.255339999999718202e+03 1.284784451127052307e-02 4.825120326131582260e-03
5.256819999999717766e+03 1.145820599049329758e-02 4.697328899055719376e-03
5.258299999999717329e+03 2.217873372137546539e-02 4.825630690902471542e-03
5.259779999999716892e+03 1.886358484625816345e-02 4.665412008762359619e-03
5.261259999999716456e+03 1.361498981714248657e-02 4.376608412712812424e-03
5.262739999999716019e+03 1.494752988219261169e-02 4.321219399571418762e-03
5.264219999999715583e+03 2.185380645096302032e-02 4.540189635008573532e-03
5.265699999999715146e+03 2.339548245072364807e-02 4.600872751325368881e-03
5.267179999999714710e+03 2.090294286608695984e-02 4.518992733210325241e-03
5.268659999999714273e+03 1.743758842349052429e-02 4.453790839761495590e-03
5.270139999999713837e+03 1.344039663672447205e-02 4.416986834257841110e-03
5.271619999999713400e+03 1.410478726029396057e-02 4.464616533368825912e-03
5.273099999999712963e+03 9.527195245027542114e-03 4.385258071124553680e-03
5.274579999999712527e+03 1.059030182659626007e-02 4.607515875250101089e-03
5.276059999999712090e+03 1.996167004108428955e-02 4.882711451500654221e-03
5.277539999999711654e+03 1.634482294321060181e-02 4.665882326662540436e-03
5.279019999999711217e+03 2.151571959257125854e-02 4.701594822108745575e-03
5.280499999999710781e+03 2.726390957832336426e-02 4.863906186074018478e-03
5.281979999999710344e+03 1.396537199616432190e-02 4.285392817109823227e-03
5.283459999999709908e+03 1.710246875882148743e-02 4.496365785598754883e-03
5.284939999999709471e+03 1.425455417484045029e-02 4.488121718168258667e-03
5.286419999999709034e+03 1.702520810067653656e-02 4.585611633956432343e-03
5.287899999999708598e+03 2.890581265091896057e-02 5.004882812500000000e-03
5.289379999999708161e+03 1.794639043509960175e-02 4.626368638128042221e-03
5.290859999999707725e+03 1.015413831919431686e-02 4.359254613518714905e-03
5.292339999999707288e+03 1.647586561739444733e-02 4.660766106098890305e-03
5.293819999999706852e+03 1.923857629299163818e-02 4.731835331767797470e-03
5.295299999999706415e+03 1.329376548528671265e-02 4.420560784637928009e-03
5.296779999999705979e+03 9.632614441215991974e-03 4.317196551710367203e-03
5.298259999999705542e+03 1.890797354280948639e-02 4.745427519083023071e-03
5.299739999999705105e+03 1.243056356906890869e-02 4.460418131202459335e-03
5.301219999999704669e+03 9.209896437823772430e-03 4.269639030098915100e-03
5.302699999999704232e+03 1.358339749276638031e-02 4.480216186493635178e-03
5.304179999999703796e+03 1.996139436960220337e-02 4.767970182001590729e-03
5.305659999999703359e+03 1.830407418310642242e-02 4.679964389652013779e-03
5.307139999999702923e+03 1.736910641193389893e-02 4.656877834349870682e-03
5.308619999999702486e+03 1.944959536194801331e-02 4.737419541925191879e-03
5.310099999999702050e+03 1.954405382275581360e-02 4.763779230415821075e-03
5.311579999999701613e+03 1.579699479043483734e-02 4.714109003543853760e-03
5.313059999999701176e+03 2.248656190931797028e-02 4.898707848042249680e-03
5.314539999999700740e+03 1.193497236818075180e-02 4.428114276379346848e-03
5.316019999999700303e+03 1.627750508487224579e-02 4.543899558484554291e-03
5.317499999999699867e+03 1.369204930961132050e-02 4.417433403432369232e-03
5.318979999999699430e+03 1.622425206005573273e-02 4.608603194355964661e-03
5.320459999999698994e+03 1.759173721075057983e-02 4.624348599463701248e-03
5.321939999999698557e+03 1.934051699936389923e-02 4.731142427772283554e-03
5.323419999999698121e+03 1.325800083577632904e-02 4.535412881523370743e-03
5.324899999999697684e+03 2.041857689619064331e-02 4.716880153864622116e-03
5.326379999999697247e+03 1.472904719412326813e-02 4.369922913610935211e-03
5.327859999999696811e+03 1.734646782279014587e-02 4.579260479658842087e-03
5.329339999999696374e+03 1.624650321900844574e-02 4.717024508863687515e-03
5.330819999999695938e+03 1.953874342143535614e-02 4.821214359253644943e-03
5.332299999999695501e+03 1.545627787709236145e-02 4.565670154988765717e-03
5.333779999999695065e+03 1.654931344091892242e-02 4.570237360894680023e-03
5.335259999999694628e+03 1.673804968595504761e-02 4.624203778803348541e-03
5.336739999999694192e+03 1.573467813432216644e-02 4.530786070972681046e-03
5.338219999999693755e+03 1.305472105741500854e-02 4.371304996311664581e-03
5.339699999999693318e+03 1.562822610139846802e-02 4.484472796320915222e-03
5.341179999999692882e+03 2.378785237669944763e-02 4.823432769626379013e-03
5.342659999999692445e+03 2.097689919173717499e-02 4.796625580638647079e-03
5.344139999999692009e+03 2.300426922738552094e-02 4.801115486770868301e-03
5.345619999999691572e+03 1.671954803168773651e-02 4.564375150948762894e-03
5.347099999999691136e+03 1.294256001710891724e-02 4.454554058611392975e-03
5.348579999999690699e+03 1.118321344256401062e-02 4.412973299622535706e-03
5.350059999999690262e+03 1.543118245899677277e-02 4.539842251688241959e-03
5.351539999999689826e+03 1.658228039741516113e-02 4.588237032294273376e-03
5.353019999999689389e+03 1.413373462855815887e-02 4.437651019543409348e-03
5.354499999999688953e+03 2.199640125036239624e-02 4.784944001585245132e-03
5.355979999999688516e+03 8.313306607306003571e-03 4.229704383760690689e-03
5.357459999999688080e+03 2.401910722255706787e-02 4.780158400535583496e-03
5.358939999999687643e+03 1.617061533033847809e-02 4.520636051893234253e-03
5.360419999999687207e+03 2.584018371999263763e-02 4.854815080761909485e-03
5.361899999999686770e+03 2.111781015992164612e-02 4.653595853596925735e-03
5.363379999999686333e+03 1.874896325170993805e-02 4.596228711307048798e-03
5.364859999999685897e+03 1.555151492357254028e-02 4.469272214919328690e-03
5.366339999999685460e+03 1.529480330646038055e-02 4.495591390877962112e-03
5.367819999999685024e+03 1.304727885872125626e-02 4.343190230429172516e-03
5.369299999999684587e+03 1.465956494212150574e-02 4.362953826785087585e-03
5.370779999999684151e+03 1.985115557909011841e-02 4.544754046946763992e-03
5.372259999999683714e+03 2.278838679194450378e-02 4.730695392936468124e-03
5.373739999999683278e+03 2.824116311967372894e-02 4.931719508022069931e-03
5.375219999999682841e+03 2.388649806380271912e-02 4.746290389448404312e-03
5.376699999999682404e+03 1.789837330579757690e-02 4.552947357296943665e-03
5.378179999999681968e+03 2.322004735469818115e-02 4.749867599457502365e-03
5.379659999999681531e+03 1.423816010355949402e-02 4.428339656442403793e-03
5.381139999999681095e+03 1.884493045508861542e-02 4.539836663752794266e-03
5.382619999999680658e+03 2.401248365640640259e-02 4.767864942550659180e-03
5.384099999999680222e+03 1.552331354469060898e-02 4.494162742048501968e-03
5.385579999999679785e+03 1.593086682260036469e-02 4.525044001638889313e-03
5.387059999999679349e+03 1.634290069341659546e-02 4.484939854592084885e-03
5.388539999999678912e+03 2.077951282262802124e-02 4.600479267537593842e-03
5.390019999999678475e+03 1.181057095527648926e-02 4.263856448233127594e-03
5.391499999999678039e+03 2.175656333565711975e-02 4.634953569620847702e-03
5.392979999999677602e+03 1.870660670101642609e-02 4.562491551041603088e-03
5.394459999999677166e+03 1.314008608460426331e-02 4.316376987844705582e-03
5.395939999999676729e+03 1.664850115776062012e-02 4.385937936604022980e-03
5.397419999999676293e+03 2.451936155557632446e-02 4.693512804806232452e-03
5.398899999999675856e+03 1.016732119023799896e-02 4.150339867919683456e-03
5.400379999999675420e+03 9.498249739408493042e-03 4.176964052021503448e-03
5.401859999999674983e+03 2.130638435482978821e-02 4.546400159597396851e-03
5.403339999999674546e+03 2.438211813569068909e-02 4.619210027158260345e-03
5.404819999999674110e+03 1.556056924164295197e-02 4.309376236051321030e-03
5.406299999999673673e+03 1.028698962181806564e-02 4.201586823910474777e-03
5.407779999999673237e+03 1.617194339632987976e-02 4.443924408406019211e-03
5.409259999999672800e+03 1.616178639233112335e-02 4.405299201607704163e-03
5.410739999999672364e+03 1.112607773393392563e-02 4.230468533933162689e-03
5.412219999999671927e+03 1.479255128651857376e-02 4.394536837935447693e-03
5.413699999999671491e+03 1.594381220638751984e-02 4.380998201668262482e-03
5.415179999999671054e+03 1.453077606856822968e-02 4.392468836158514023e-03
5.416659999999670617e+03 1.610106788575649261e-02 4.461276810616254807e-03
5.418139999999670181e+03 1.269688829779624939e-02 4.320127889513969421e-03
5.419619999999669744e+03 2.121426537632942200e-02 4.600046668201684952e-03
5.421099999999669308e+03 2.030763588845729828e-02 4.533004015684127808e-03
5.422579999999668871e+03 1.047166716307401657e-02 4.138116259127855301e-03
5.424059999999668435e+03 1.734836399555206299e-02 4.424756858497858047e-03
5.425539999999667998e+03 2.386721223592758179e-02 4.702862817794084549e-03
5.427019999999667561e+03 2.483867481350898743e-02 4.716562107205390930e-03
5.428499999999667125e+03 2.152842655777931213e-02 4.552244674414396286e-03
5.429979999999666688e+03 2.060322836041450500e-02 4.601182416081428528e-03
5.431459999999666252e+03 1.502206921577453613e-02 4.422326106578111649e-03
5.432939999999665815e+03 1.555421575903892517e-02 4.381678532809019089e-03
5.434419999999665379e+03 1.331479754298925400e-02 4.304102156311273575e-03
5.435899999999664942e+03 1.885306090116500854e-02 4.566099960356950760e-03
5.437379999999664506e+03 1.523477211594581604e-02 4.440379329025745392e-03
5.438859999999664069e+03 1.056119799613952637e-02 4.269195720553398132e-03
5.440339999999663632e+03 1.329748705029487610e-02 4.340075422078371048e-03
5.441819999999663196e+03 1.926926709711551666e-02 4.570793360471725464e-03
5.443299999999662759e+03 2.053722925484180450e-02 4.598811268806457520e-03
5.444779999999662323e+03 1.837153732776641846e-02 4.401010461151599884e-03
5.446259999999661886e+03 1.574921794235706329e-02 4.322210792452096939e-03
5.447739999999661450e+03 2.225699275732040405e-02 4.587945528328418732e-03
5.449219999999661013e+03 1.517449971288442612e-02 4.426377825438976288e-03
5.450699999999660577e+03 1.331766974180936813e-02 4.357594996690750122e-03
5.452179999999660140e+03 1.395036187022924423e-02 4.339605569839477539e-03
5.453659999999659703e+03 2.499501593410968781e-02 4.652579315006732941e-03
5.455139999999659267e+03 2.061295881867408752e-02 4.501230549067258835e-03
5.456619999999658830e+03 1.522460486739873886e-02 4.467402584850788116e-03
5.458099999999658394e+03 1.117824576795101166e-02 4.393893294036388397e-03
5.459579999999657957e+03 2.161513268947601318e-02 4.786950536072254181e-03
5.461059999999657521e+03 1.052476931363344193e-02 4.316729027777910233e-03
5.462539999999657084e+03 1.902444846928119659e-02 4.492118023335933685e-03
5.464019999999656648e+03 1.436468865722417831e-02 4.358355421572923660e-03
5.465499999999656211e+03 1.491695828735828400e-02 4.406084306538105011e-03
5.466979999999655774e+03 1.971680298447608948e-02 4.598609637469053268e-03
5.468459999999655338e+03 1.368045993149280548e-02 4.347952548414468765e-03
5.469939999999654901e+03 1.923486776649951935e-02 4.534095991402864456e-03
5.471419999999654465e+03 2.371227182447910309e-02 4.636151250451803207e-03
5.472899999999654028e+03 1.018380653113126755e-02 4.117118660360574722e-03
5.474379999999653592e+03 1.243481040000915527e-02 4.153405781835317612e-03
5.475859999999653155e+03 2.221532166004180908e-02 4.463757388293743134e-03
5.477339999999652719e+03 1.578856259584426880e-02 4.316710866987705231e-03
5.478819999999652282e+03 1.677807793021202087e-02 4.415020812302827835e-03
5.480299999999651845e+03 1.640348322689533234e-02 4.376840777695178986e-03
5.481779999999651409e+03 1.910713873803615570e-02 4.467734601348638535e-03
5.483259999999650972e+03 2.346663549542427063e-02 4.691467620432376862e-03
5.484739999999650536e+03 1.849928498268127441e-02 4.503874573856592178e-03
5.486219999999650099e+03 2.572970464825630188e-02 4.697919823229312897e-03
5.487699999999649663e+03 2.004804462194442749e-02 4.519376903772354126e-03
5.489179999999649226e+03 1.559926383197307587e-02 4.373339936137199402e-03
5.490659999999648790e+03 1.755289360880851746e-02 4.463050514459609985e-03
5.492139999999648353e+03 1.428081840276718140e-02 4.342749249190092087e-03
5.493619999999647916e+03 1.171232946217060089e-02 4.225845914334058762e-03
5.495099999999647480e+03 2.125328592956066132e-02 4.576321691274642944e-03
5.496579999999647043e+03 1.913470774888992310e-02 4.555199295282363892e-03
5.498059999999646607e+03 1.968700811266899109e-02 4.632347263395786285e-03
5.499539999999646170e+03 1.503973361104726791e-02 4.423573613166809082e-03
5.501019999999645734e+03 1.121171377599239349e-02 4.295688588172197342e-03
5.502499999999645297e+03 1.812310144305229187e-02 4.506132099777460098e-03
5.503979999999644861e+03 1.929512433707714081e-02 4.544342868030071259e-03
5.505459999999644424e+03 1.406579557806253433e-02 4.386349115520715714e-03
5.506939999999643987e+03 3.220634534955024719e-02 5.008525680750608444e-03
5.508419999999643551e+03 2.126805484294891357e-02 4.626427777111530304e-03
5.509899999999643114e+03 1.904942095279693604e-02 4.589229822158813477e-03
5.511379999999642678e+03 2.100353874266147614e-02 4.611078184098005295e-03
5.512859999999642241e+03 1.632394269108772278e-02 4.403478000313043594e-03
5.514339999999641805e+03 2.526012808084487915e-02 4.765087738633155823e-03
5.515819999999641368e+03 1.491679251194000244e-02 4.420658107846975327e-03
5.517299999999640931e+03 1.367348618805408478e-02 4.414396360516548157e-03
5.518779999999640495e+03 1.314627099782228470e-02 4.373355302959680557e-03
5.520259999999640058e+03 1.343974377959966660e-02 4.421442281454801559e-03
5.521739999999639622e+03 1.387548353523015976e-02 4.382182843983173370e-03
5.523219999999639185e+03 1.727207750082015991e-02 4.483776632696390152e-03
5.524699999999638749e+03 1.177863869816064835e-02 4.316153936088085175e-03
5.526179999999638312e+03 1.265516411513090134e-02 4.246165975928306580e-03
5.527659999999637876e+03 9.315962903201580048e-03 4.146025516092777252e-03
5.529139999999637439e+03 1.595495827496051788e-02 4.422103986144065857e-03
5.530619999999637002e+03 2.414609119296073914e-02 4.763910546898841858e-03
5.532099999999636566e+03 2.183474786579608917e-02 4.681324586272239685e-03
5.533579999999636129e+03 1.141012553125619888e-02 4.251634236425161362e-03
5.535059999999635693e+03 1.835120655596256256e-02 4.494095686823129654e-03
5.536539999999635256e+03 2.292932383716106415e-02 4.680456593632698059e-03
5.538019999999634820e+03 2.133264206349849701e-02 4.632507916539907455e-03
5.539499999999634383e+03 1.637120544910430908e-02 4.547269083559513092e-03
5.540979999999633947e+03 1.491133961826562881e-02 4.723494406789541245e-03
5.542459999999633510e+03 1.241545472294092178e-02 4.749065265059471130e-03
5.543939999999633073e+03 1.418200321495532990e-02 4.679836332798004150e-03
5.545419999999632637e+03 1.824890822172164917e-02 4.631064366549253464e-03
5.546899999999632200e+03 1.755725964903831482e-02 4.532424733042716980e-03
5.548379999999631764e+03 1.778911799192428589e-02 4.602468106895685196e-03
5.549859999999631327e+03 1.856628432869911194e-02 4.616312682628631592e-03
5.551339999999630891e+03 1.232701446861028671e-02 4.340664017945528030e-03
5.552819999999630454e+03 1.426154468208551407e-02 4.389825742691755295e-03
5.554299999999630018e+03 2.133373171091079712e-02 4.639535211026668549e-03
5.555779999999629581e+03 1.898893713951110840e-02 4.526640288531780243e-03
5.557259999999629144e+03 1.964191533625125885e-02 4.601920489221811295e-03
5.558739999999628708e+03 2.373049221932888031e-02 4.719402175396680832e-03
5.560219999999628271e+03 1.803570985794067383e-02 4.570902325212955475e-03
5.561699999999627835e+03 2.395458146929740906e-02 5.115923471748828888e-03
5.563179999999627398e+03 1.366398017853498459e-02 4.973981529474258423e-03
5.564659999999626962e+03 1.010165549814701080e-02 4.520779941231012344e-03
5.566139999999626525e+03 1.539008598774671555e-02 4.504761192947626114e-03
5.567619999999626089e+03 1.602410525083541870e-02 4.575547296553850174e-03
5.569099999999625652e+03 2.896531671285629272e-02 5.034740082919597626e-03
5.570579999999625215e+03 3.244423121213912964e-02 5.078914575278759003e-03
5.572059999999624779e+03 2.803226560354232788e-02 4.749336745589971542e-03
5.573539999999624342e+03 -1.206840388476848602e-02 4.750113468617200851e-03
5.575019999999623906e+03 -3.856132738292217255e-03 1.951593160629272461e-02
5.576499999999623469e+03 -8.534098044037818909e-03 2.474892325699329376e-02
5.577979999999623033e+03 -5.493451654911041260e-02 1.836055703461170197e-02
5.579459999999622596e+03 -1.856486499309539795e-02 5.611256230622529984e-03
5.580939999999622160e+03 1.419061701744794846e-02 4.422039259225130081e-03
5.582419999999621723e+03 1.658725924789905548e-02 4.478614777326583862e-03
5.583899999999621286e+03 2.184391394257545471e-02 4.578780382871627808e-03
5.585379999999620850e+03 1.390525605529546738e-02 4.311461001634597778e-03
5.586859999999620413e+03 2.195737138390541077e-02 4.876115825027227402e-03
5.588339999999619977e+03 1.536429859697818756e-02 4.799617454409599304e-03
5.589819999999619540e+03 6.620785687118768692e-03 4.316643346101045609e-03
5.591299999999619104e+03 1.681512221693992615e-02 4.447691608220338821e-03
5.592779999999618667e+03 2.208839729428291321e-02 4.561669658869504929e-03
5.594259999999618231e+03 1.791455782949924469e-02 4.393750801682472229e-03
5.595739999999617794e+03 2.078806050121784210e-02 4.665375221520662308e-03
5.597219999999617357e+03 1.638189516961574554e-02 4.592415411025285721e-03
5.598699999999616921e+03 1.854087039828300476e-02 4.517689347267150879e-03
5.600179999999616484e+03 1.373094785958528519e-02 4.272398538887500763e-03
5.601659999999616048e+03 1.383262313902378082e-02 4.285565577447414398e-03
5.603139999999615611e+03 1.647935993969440460e-02 4.856232553720474243e-03
5.604619999999615175e+03 1.540019176900386810e-02 4.991285968571901321e-03
5.606099999999614738e+03 2.385235205292701721e-02 5.023542791604995728e-03
5.607579999999614301e+03 1.359119918197393417e-02 4.311295691877603531e-03
5.609059999999613865e+03 1.888968423008918762e-02 4.522771574556827545e-03
5.610539999999613428e+03 1.564622856676578522e-02 4.386487882584333420e-03
5.612019999999612992e+03 1.977849751710891724e-02 4.544060211628675461e-03
5.613499999999612555e+03 2.305118553340435028e-02 4.591796081513166428e-03
5.614979999999612119e+03 1.935851015150547028e-02 4.520088434219360352e-03
5.616459999999611682e+03 1.400788873434066772e-02 4.466373007744550705e-03
5.617939999999611246e+03 1.269742473959922791e-02 4.336384590715169907e-03
5.619419999999610809e+03 1.641676388680934906e-02 4.390295594930648804e-03
5.620899999999610372e+03 9.790995158255100250e-03 4.338600207120180130e-03
5.622379999999609936e+03 1.722719147801399231e-02 4.835649859160184860e-03
5.623859999999609499e+03 2.152902632951736450e-02 4.890408832579851151e-03
5.625339999999609063e+03 1.400029193609952927e-02 4.382887855172157288e-03
5.626819999999608626e+03 1.039936393499374390e-02 4.185524303466081619e-03
5.628299999999608190e+03 1.562457345426082611e-02 4.385469947010278702e-03
5.629779999999607753e+03 1.732669398188591003e-02 4.452604800462722778e-03
5.631259999999607317e+03 1.977542415261268616e-02 4.508922807872295380e-03
5.632739999999606880e+03 2.051262184977531433e-02 4.552728496491909027e-03
5.634219999999606443e+03 1.217681728303432465e-02 4.220024682581424713e-03
5.635699999999606007e+03 1.308333314955234528e-02 4.262474365532398224e-03
5.637179999999605570e+03 1.770048961043357849e-02 4.499174654483795166e-03
5.638659999999605134e+03 1.595430634915828705e-02 4.450114909559488297e-03
5.640139999999604697e+03 1.789556816220283508e-02 4.470766987651586533e-03
5.641619999999604261e+03 9.919194504618644714e-03 4.108984023332595825e-03
5.643099999999603824e+03 1.102184224873781204e-02 4.347682930529117584e-03
5.644579999999603388e+03 1.210012845695018768e-02 4.509983118623495102e-03
5.646059999999602951e+03 1.345477625727653503e-02 4.444977734237909317e-03
5.647539999999602514e+03 1.558171492069959641e-02 4.354106727987527847e-03
5.649019999999602078e+03 2.220577001571655273e-02 4.580192733556032181e-03
5.650499999999601641e+03 2.221535332500934601e-02 4.544578492641448975e-03
5.651979999999601205e+03 1.687119156122207642e-02 4.362352658063173294e-03
5.653459999999600768e+03 1.255861017853021622e-02 4.230628721415996552e-03
5.654939999999600332e+03 1.838698610663414001e-02 4.429672379046678543e-03
5.656419999999599895e+03 2.311496995389461517e-02 4.511630162596702576e-03
5.657899999999599459e+03 2.403983846306800842e-02 4.555412102490663528e-03
5.659379999999599022e+03 2.601291798055171967e-02 4.664355423301458359e-03
5.660859999999598585e+03 2.551241032779216766e-02 4.652003291994333267e-03
5.662339999999598149e+03 1.496037468314170837e-02 4.323304165154695511e-03
5.663819999999597712e+03 1.342100277543067932e-02 4.272467922419309616e-03
5.665299999999597276e+03 1.605375297367572784e-02 4.317126236855983734e-03
5.666779999999596839e+03 1.236226502805948257e-02 4.233187530189752579e-03
5.668259999999596403e+03 1.857794448733329773e-02 4.547480959445238113e-03
5.669739999999595966e+03 2.012014761567115784e-02 4.575555678457021713e-03
5.671219999999595530e+03 2.163182012736797333e-02 4.578429739922285080e-03
5.672699999999595093e+03 2.067385800182819366e-02 4.540092777460813522e-03
5.674179999999594656e+03 2.023984678089618683e-02 4.511677194386720657e-03
5.675659999999594220e+03 2.032260224223136902e-02 4.548543132841587067e-03
5.677139999999593783e+03 1.586408913135528564e-02 4.370228387415409088e-03
5.678619999999593347e+03 2.708033099770545959e-02 4.721965640783309937e-03
5.680099999999592910e+03 2.282446995377540588e-02 4.596970044076442719e-03
5.681579999999592474e+03 1.354131381958723068e-02 4.289008211344480515e-03
5.683059999999592037e+03 1.610560342669487000e-02 4.377683624625205994e-03
5.684539999999591600e+03 1.341372542083263397e-02 4.277971107512712479e-03
5.686019999999591164e+03 1.954458095133304596e-02 4.477030131965875626e-03
5.687499999999590727e+03 2.226254530251026154e-02 4.557067994028329849e-03
5.688979999999590291e+03 2.311738207936286926e-02 4.624845925718545914e-03
5.690459999999589854e+03 2.392769046127796173e-02 4.711844492703676224e-03
5.691939999999589418e+03 1.895356737077236176e-02 4.554940853267908096e-03
5.693419999999588981e+03 1.303338352590799332e-02 4.305449314415454865e-03
5.694899999999588545e+03 1.539313420653343201e-02 4.429148510098457336e-03
5.696379999999588108e+03 1.987475529313087463e-02 4.617654252797365189e-03
5.697859999999587671e+03 2.434145286679267883e-02 4.720685537904500961e-03
5.699339999999587235e+03 2.027414180338382721e-02 4.590190481394529343e-03
5.700819999999586798e+03 1.220871694386005402e-02 4.297668114304542542e-03
5.702299999999586362e+03 1.957374438643455505e-02 4.517035558819770813e-03
5.703779999999585925e+03 2.658679336309432983e-02 4.745977930724620819e-03
5.705259999999585489e+03 1.976062171161174774e-02 4.482456948608160019e-03
5.706739999999585052e+03 1.264872029423713684e-02 4.218619316816329956e-03
5.708219999999584616e+03 1.373478583991527557e-02 4.273643251508474350e-03
5.709699999999584179e+03 2.196932956576347351e-02 4.527722951024770737e-03
5.711179999999583742e+03 1.815764233469963074e-02 4.423823207616806030e-03
5.712659999999583306e+03 7.166399620473384857e-03 4.072728101164102554e-03
5.714139999999582869e+03 1.521664299070835114e-02 4.342838656157255173e-03
5.715619999999582433e+03 2.274230495095252991e-02 4.632209893316030502e-03
5.717099999999581996e+03 2.309019304811954498e-02 4.669665824621915817e-03
5.718579999999581560e+03 2.103708311915397644e-02 4.590563941746950150e-03
5.720059999999581123e+03 1.817496679723262787e-02 4.476386122405529022e-03
5.721539999999580687e+03 1.733260229229927063e-02 4.454606212675571442e-03
5.723019999999580250e+03 1.594480313360691071e-02 4.392594099044799805e-03
5.724499999999579813e+03 1.296901144087314606e-02 4.319145344197750092e-03
5.725979999999579377e+03 1.436402928084135056e-02 4.376544151455163956e-03
5.727459999999578940e+03 1.163149438798427582e-02 4.290667362511157990e-03
5.728939999999578504e+03 1.687745749950408936e-02 4.393711686134338379e-03
5.730419999999578067e+03 1.978323608636856079e-02 4.477978218346834183e-03
5.731899999999577631e+03 2.159990929067134857e-02 4.567944444715976715e-03
5.733379999999577194e+03 1.363430544734001160e-02 4.333913791924715042e-03
5.734859999999576758e+03 9.932042099535465240e-03 4.167993087321519852e-03
5.736339999999576321e+03 1.409817207604646683e-02 4.249990452080965042e-03
5.737819999999575884e+03 1.561743207275867462e-02 4.332760348916053772e-03
5.739299999999575448e+03 1.900811120867729187e-02 4.503887612372636795e-03
5.740779999999575011e+03 1.759896241128444672e-02 4.395965486764907837e-03
5.742259999999574575e+03 1.165940053761005402e-02 4.219684284180402756e-03
5.743739999999574138e+03 1.780934631824493408e-02 4.447426181286573410e-03
5.745219999999573702e+03 1.471454277634620667e-02 4.340204875916242599e-03
5.746699999999573265e+03 1.795608922839164734e-02 4.435418639332056046e-03
5.748179999999572829e+03 1.925090886652469635e-02 4.461020231246948242e-03
5.749659999999572392e+03 1.682969368994235992e-02 4.374324344098567963e-03
5.751139999999571955e+03 1.779026724398136139e-02 4.398519638925790787e-03
5.752619999999571519e+03 1.596405729651451111e-02 4.332846496254205704e-03
5.754099999999571082e+03 1.170700136572122574e-02 4.157211631536483765e-03
5.755579999999570646e+03 2.122426964342594147e-02 4.516872111707925797e-03
5.757059999999570209e+03 1.950350776314735413e-02 4.511603154242038727e-03
5.758539999999569773e+03 7.778317201882600784e-03 3.990430384874343872e-03
5.760019999999569336e+03 1.446541585028171539e-02 4.235727712512016296e-03
5.761499999999568900e+03 1.663514226675033569e-02 4.327066242694854736e-03
5.762979999999568463e+03 1.176968496292829514e-02 4.181566648185253143e-03
5.764459999999568026e+03 7.105781696736812592e-03 4.024439025670289993e-03
5.765939999999567590e+03 1.108613703399896622e-02 4.233861807733774185e-03
5.767419999999567153e+03 1.944728009402751923e-02 4.538672510534524918e-03
5.768899999999566717e+03 1.813679002225399017e-02 4.461102187633514404e-03
5.770379999999566280e+03 1.746039837598800659e-02 4.520433489233255386e-03
5.771859999999565844e+03 2.004590071737766266e-02 4.538021981716156006e-03
5.773339999999565407e+03 1.242266781628131866e-02 4.187915008515119553e-03
5.774819999999564970e+03 1.445515733212232590e-02 4.240643698722124100e-03
5.776299999999564534e+03 1.646327041089534760e-02 4.333074670284986496e-03
5.777779999999564097e+03 1.474004983901977539e-02 4.281774628907442093e-03
5.779259999999563661e+03 1.920296065509319305e-02 4.404616542160511017e-03
5.780739999999563224e+03 1.403974648565053940e-02 4.185535013675689697e-03
5.782219999999562788e+03 1.598537713289260864e-02 4.247974138706922531e-03
5.783699999999562351e+03 2.522512525320053101e-02 4.564099013805389404e-03
5.785179999999561915e+03 1.934608630836009979e-02 4.402954597026109695e-03
5.786659999999561478e+03 2.119345590472221375e-02 4.460918717086315155e-03
5.788139999999561041e+03 1.860779710114002228e-02 4.389530047774314880e-03
5.789619999999560605e+03 1.479628030210733414e-02 4.317203070968389511e-03
5.791099999999560168e+03 2.296103723347187042e-02 4.588491749018430710e-03
5.792579999999559732e+03 2.039884217083454132e-02 4.468397703021764755e-03
5.794059999999559295e+03 1.554242428392171860e-02 4.287154413759708405e-03
5.795539999999558859e+03 1.575732789933681488e-02 4.307947121560573578e-03
5.797019999999558422e+03 1.456499379128217697e-02 4.255451261997222900e-03
5.798499999999557986e+03 1.361599005758762360e-02 4.224833101034164429e-03
5.799979999999557549e+03 2.256406471133232117e-02 4.531694576144218445e-03
5.801459999999557112e+03 2.542342245578765869e-02 4.642949439585208893e-03
5.802939999999556676e+03 1.493969932198524475e-02 4.268931224942207336e-03
5.804419999999556239e+03 1.375775877386331558e-02 4.161387681961059570e-03
5.805899999999555803e+03 1.892341673374176025e-02 4.397404845803976059e-03
5.807379999999555366e+03 2.212688140571117401e-02 4.517455119639635086e-03
5.808859999999554930e+03 2.356425486505031586e-02 4.546864423900842667e-03
5.810339999999554493e+03 1.953010447323322296e-02 4.409534391015768051e-03
5.811819999999554057e+03 1.748601347208023071e-02 4.315067548304796219e-03
5.813299999999553620e+03 1.810382120311260223e-02 4.380476661026477814e-03
5.814779999999553183e+03 1.891433261334896088e-02 4.371521528810262680e-03
5.816259999999552747e+03 1.348122581839561462e-02 4.126118496060371399e-03
5.817739999999552310e+03 1.277047675102949142e-02 4.167804960161447525e-03
5.819219999999551874e+03 1.632547564804553986e-02 4.333382006734609604e-03
5.820699999999551437e+03 1.535218022763729095e-02 4.268726333975791931e-03
5.822179999999551001e+03 1.593330502510070801e-02 4.291620105504989624e-03
5.823659999999550564e+03 1.938945055007934570e-02 4.440339282155036926e-03
5.825139999999550128e+03 1.216418296098709106e-02 4.191087558865547180e-03
5.826619999999549691e+03 1.223544310778379440e-02 4.162635188549757004e-03
5.828099999999549254e+03 1.411120407283306122e-02 4.203475080430507660e-03
5.829579999999548818e+03 1.795126311480998993e-02 4.338252358138561249e-03
5.831059999999548381e+03 1.412866078317165375e-02 4.190786741673946381e-03
5.832539999999547945e+03 7.129621226340532303e-03 3.951277118176221848e-03
5.834019999999547508e+03 1.225851662456989288e-02 4.110299982130527496e-03
5.835499999999547072e+03 1.708130910992622375e-02 4.311540629714727402e-03
5.836979999999546635e+03 2.185729146003723145e-02 4.497698042541742325e-03
5.838459999999546199e+03 1.381065696477890015e-02 4.164925310760736465e-03
5.839939999999545762e+03 1.024836208671331406e-02 4.014817997813224792e-03
5.841419999999545325e+03 1.854630745947360992e-02 4.364373628050088882e-03
5.842899999999544889e+03 2.082488127052783966e-02 4.461965057998895645e-03
5.844379999999544452e+03 1.494755223393440247e-02 4.232623614370822906e-03
5.845859999999544016e+03 1.988839544355869293e-02 4.397385288029909134e-03
5.847339999999543579e+03 2.263540402054786682e-02 4.446945618838071823e-03
5.848819999999543143e+03 2.150376141071319580e-02 4.459673538804054260e-03
5.850299999999542706e+03 2.666080556809902191e-02 4.635374527424573898e-03
5.851779999999542270e+03 2.003253623843193054e-02 4.342094063758850098e-03
5.853259999999541833e+03 1.832554303109645844e-02 4.309426993131637573e-03
5.854739999999541396e+03 1.523374952375888824e-02 4.186615813523530960e-03
5.856219999999540960e+03 1.433963887393474579e-02 4.138905089348554611e-03
5.857699999999540523e+03 1.955828256905078888e-02 4.318508319556713104e-03
5.859179999999540087e+03 1.720115542411804199e-02 4.238168708980083466e-03
5.860659999999539650e+03 1.735088415443897247e-02 4.256453830748796463e-03
5.862139999999539214e+03 1.165187824517488480e-02 4.201118368655443192e-03
5.863619999999538777e+03 7.387040182948112488e-03 4.597907420247793198e-03
5.865099999999538340e+03 1.838413439691066742e-02 5.671816878020763397e-03
5.866579999999537904e+03 2.020905166864395142e-02 5.851792637258768082e-03
5.868059999999537467e+03 9.213642217218875885e-03 5.062133073806762695e-03
5.869539999999537031e+03 1.572992466390132904e-02 4.664907697588205338e-03
5.871019999999536594e+03 2.940802834928035736e-02 4.974033217877149582e-03
5.872499999999536158e+03 2.014897577464580536e-02 4.730074200779199600e-03
5.873979999999535721e+03 2.312683686614036560e-02 4.760998766869306564e-03
5.875459999999535285e+03 2.306691929697990417e-02 4.626841284334659576e-03
5.876939999999534848e+03 2.029380016028881073e-02 4.486759193241596222e-03
5.878419999999534411e+03 1.776874996721744537e-02 4.361409228295087814e-03
5.879899999999533975e+03 1.484759151935577393e-02 4.243001807481050491e-03
5.881379999999533538e+03 1.844379864633083344e-02 4.401983693242073059e-03
5.882859999999533102e+03 1.257690414786338806e-02 4.210594575852155685e-03
5.884339999999532665e+03 1.111053302884101868e-02 4.241005517542362213e-03
5.885819999999532229e+03 1.238821726292371750e-02 5.053482018411159515e-03
5.887299999999531792e+03 8.234906941652297974e-03 7.065944839268922806e-03
5.888779999999531356e+03 1.506290305405855179e-02 8.472217246890068054e-03
5.890259999999530919e+03 4.308170638978481293e-03 7.317343261092901230e-03
5.891739999999530482e+03 5.275452509522438049e-03 4.957094788551330566e-03
5.893219999999530046e+03 1.366325747221708298e-02 5.409938283264636993e-03
5.894699999999529609e+03 1.872084289789199829e-02 6.623800843954086304e-03
5.896179999999529173e+03 1.794631592929363251e-02 6.177157163619995117e-03
5.897659999999528736e+03 1.169553585350513458e-02 4.727278370410203934e-03
5.899139999999528300e+03 2.039583027362823486e-02 4.457085859030485153e-03
5.900619999999527863e+03 1.627020910382270813e-02 4.407816566526889801e-03
5.902099999999527427e+03 1.947881281375885010e-02 4.592289682477712631e-03
5.903579999999526990e+03 1.757200807332992554e-02 4.605324473232030869e-03
5.905059999999526553e+03 2.180638909339904785e-02 4.900166764855384827e-03
5.906539999999526117e+03 2.983735501766204834e-02 5.167799070477485657e-03
5.908019999999525680e+03 1.566713862121105194e-02 4.522015806287527084e-03
5.909499999999525244e+03 1.172317937016487122e-02 4.154961090534925461e-03
5.910979999999524807e+03 1.521204598248004913e-02 4.306337330490350723e-03
5.912459999999524371e+03 8.221237920224666595e-03 4.430480301380157471e-03
5.913939999999523934e+03 2.135603316128253937e-02 5.787811707705259323e-03
5.915419999999523498e+03 2.210415899753570557e-02 5.921487696468830109e-03
5.916899999999523061e+03 1.371535565704107285e-02 4.671404138207435608e-03
5.918379999999522624e+03 1.390453055500984192e-02 4.220359493046998978e-03
5.919859999999522188e+03 2.063838392496109009e-02 4.505619406700134277e-03
5.921339999999521751e+03 1.920337043702602386e-02 4.491352476179599762e-03
5.922819999999521315e+03 1.791694015264511108e-02 4.786584991961717606e-03
5.924299999999520878e+03 1.369036734104156494e-02 4.811941180378198624e-03
5.925779999999520442e+03 1.763464882969856262e-02 4.721755161881446838e-03
5.927259999999520005e+03 2.506294474005699158e-02 4.576430190354585648e-03
5.928739999999519569e+03 2.069954015314579010e-02 4.460691940039396286e-03
5.930219999999519132e+03 1.463814917951822281e-02 4.783648997545242310e-03
5.931699999999518695e+03 1.978675834834575653e-02 5.862234160304069519e-03
5.933179999999518259e+03 2.215188182890415192e-02 5.863016005605459213e-03
5.934659999999517822e+03 1.003050711005926132e-02 4.372632596641778946e-03
5.936139999999517386e+03 1.495514623820781708e-02 4.208847880363464355e-03
5.937619999999516949e+03 7.568928413093090057e-03 4.010353237390518188e-03
5.939099999999516513e+03 1.388982031494379044e-02 4.179442767053842545e-03
5.940579999999516076e+03 1.973054185509681702e-02 4.400731530040502548e-03
5.942059999999515640e+03 1.948491111397743225e-02 4.342622589319944382e-03
5.943539999999515203e+03 1.830540411174297333e-02 4.667463246732950211e-03
5.945019999999514766e+03 1.946632377803325653e-02 4.927042871713638306e-03
5.946499999999514330e+03 2.774341404438018799e-02 5.097131244838237762e-03
5.947979999999513893e+03 1.877509616315364838e-02 4.445199854671955109e-03
5.949459999999513457e+03 1.668328233063220978e-02 4.264475312083959579e-03
5.950939999999513020e+03 1.640933379530906677e-02 4.938763100653886795e-03
5.952419999999512584e+03 1.797967962920665741e-02 5.644479766488075256e-03
5.953899999999512147e+03 1.200155913829803467e-02 5.319076590240001678e-03
5.955379999999511710e+03 1.462450437247753143e-02 4.487619735300540924e-03
5.956859999999511274e+03 1.943344064056873322e-02 4.320167005062103271e-03
5.958339999999510837e+03 1.265510451048612595e-02 4.129129461944103241e-03
5.959819999999510401e+03 8.419400081038475037e-03 4.012730903923511505e-03
5.961299999999509964e+03 1.498676836490631104e-02 4.305927082896232605e-03
5.962779999999509528e+03 1.551453582942485809e-02 4.321928601711988449e-03
5.964259999999509091e+03 1.328960992395877838e-02 4.238588735461235046e-03
5.965739999999508655e+03 1.804253086447715759e-02 4.366545937955379486e-03
5.967219999999508218e+03 2.129246667027473450e-02 4.529597703367471695e-03
5.968699999999507781e+03 1.793787628412246704e-02 4.695553798228502274e-03
5.970179999999507345e+03 1.585374958813190460e-02 4.709848202764987946e-03
5.971659999999506908e+03 1.757068000733852386e-02 4.524980671703815460e-03
5.973139999999506472e+03 1.595054194331169128e-02 4.280110355466604233e-03
5.974619999999506035e+03 2.067407593131065369e-02 4.765609279274940491e-03
5.976099999999505599e+03 2.188058756291866302e-02 5.210426636040210724e-03
5.977579999999505162e+03 2.188961952924728394e-02 5.066232755780220032e-03
5.979059999999504726e+03 1.478519942611455917e-02 4.382551182061433792e-03
5.980539999999504289e+03 9.119544178247451782e-03 3.972327802330255508e-03
5.982019999999503852e+03 1.416565105319023132e-02 4.158394411206245422e-03
5.983499999999503416e+03 2.038859017193317413e-02 4.357083700597286224e-03
5.984979999999502979e+03 1.566553115844726562e-02 4.210605751723051071e-03
5.986459999999502543e+03 1.314048655331134796e-02 4.094996489584445953e-03
5.987939999999502106e+03 1.649400964379310608e-02 4.226398188620805740e-03
5.989419999999501670e+03 2.013273723423480988e-02 4.357164725661277771e-03
5.990899999999501233e+03 1.938703656196594238e-02 4.329929128289222717e-03
5.992379999999500797e+03 1.199263520538806915e-02 4.035741556435823441e-03
5.993859999999500360e+03 1.585905998945236206e-02 4.183067940175533295e-03
5.995339999999499923e+03 2.272736839950084686e-02 4.529513884335756302e-03
5.996819999999499487e+03 1.596548967063426971e-02 4.410501569509506226e-03
5.998299999999499050e+03 1.629133149981498718e-02 4.387979395687580109e-03
5.999779999999498614e+03 2.009525150060653687e-02 4.340595565736293793e-03
6.001259999999498177e+03 1.144198328256607056e-02 4.230558406561613083e-03
6.002739999999497741e+03 1.158104278147220612e-02 4.537099506705999374e-03
6.004219999999497304e+03 1.300777681171894073e-02 4.449308849871158600e-03
6.005699999999496868e+03 1.746692322194576263e-02 4.337053745985031128e-03
6.007179999999496431e+03 2.099235728383064270e-02 4.315084312111139297e-03
6.008659999999495994e+03 2.404131367802619934e-02 4.448026418685913086e-03
6.010139999999495558e+03 1.538699679076671600e-02 4.213334061205387115e-03
6.011619999999495121e+03 1.549548935145139694e-02 4.212354775518178940e-03
6.013099999999494685e+03 1.334964204579591751e-02 4.092031158506870270e-03
6.014579999999494248e+03 1.808286830782890320e-02 4.228959325700998306e-03
6.016059999999493812e+03 1.865787059068679810e-02 4.312448203563690186e-03
6.017539999999493375e+03 2.101409249007701874e-02 4.343290813267230988e-03
6.019019999999492939e+03 2.003786340355873108e-02 4.293882288038730621e-03
6.020499999999492502e+03 2.258237823843955994e-02 4.361546132713556290e-03
6.021979999999492065e+03 2.240796014666557312e-02 4.378614947199821472e-03
6.023459999999491629e+03 1.535249128937721252e-02 4.134927410632371902e-03
6.024939999999491192e+03 1.690178737044334412e-02 4.218319896608591080e-03
6.026419999999490756e+03 1.476314850151538849e-02 4.195834044367074966e-03
6.027899999999490319e+03 1.144461985677480698e-02 4.117535892874002457e-03
6.029379999999489883e+03 1.847353577613830566e-02 4.288348834961652756e-03
6.030859999999489446e+03 1.956547051668167114e-02 4.316635895520448685e-03
6.032339999999489009e+03 1.044435705989599228e-02 4.118118435144424438e-03
6.033819999999488573e+03 2.357800863683223724e-02 4.637373145669698715e-03
6.035299999999488136e+03 1.486577372997999191e-02 4.194413311779499054e-03
6.036779999999487700e+03 1.360400952398777008e-02 4.107843153178691864e-03
6.038259999999487263e+03 1.427640579640865326e-02 4.105004481971263885e-03
6.039739999999486827e+03 1.660049334168434143e-02 4.128183238208293915e-03
6.041219999999486390e+03 1.347509026527404785e-02 4.067247267812490463e-03
6.042699999999485954e+03 1.004336960613727570e-02 3.906245343387126923e-03
6.044179999999485517e+03 9.280264377593994141e-03 3.865965176373720169e-03
6.045659999999485080e+03 1.458185072988271713e-02 4.072049632668495178e-03
6.047139999999484644e+03 1.604610309004783630e-02 4.154000896960496902e-03
6.048619999999484207e+03 1.109801698476076126e-02 3.987250849604606628e-03
6.050099999999483771e+03 1.954094320535659790e-02 4.248965531587600708e-03
6.051579999999483334e+03 2.012760750949382782e-02 4.243222530931234360e-03
6.053059999999482898e+03 1.258794218301773071e-02 4.028138704597949982e-03
6.054539999999482461e+03 1.724504306912422180e-02 4.163498990237712860e-03
6.056019999999482025e+03 1.549820229411125183e-02 4.108262248337268829e-03
6.057499999999481588e+03 1.687802933156490326e-02 4.178415518254041672e-03
6.058979999999481151e+03 1.910786703228950500e-02 4.209831822663545609e-03
6.060459999999480715e+03 1.867093704640865326e-02 4.309413023293018341e-03
6.061939999999480278e+03 1.526827458292245865e-02 4.241021815687417984e-03
6.063419999999479842e+03 1.956340670585632324e-02 4.283071961253881454e-03
6.064899999999479405e+03 2.117194607853889465e-02 4.307576455175876617e-03
6.066379999999478969e+03 1.667755097150802612e-02 4.267399664968252182e-03
6.067859999999478532e+03 1.737860403954982758e-02 4.287675954401493073e-03
6.069339999999478096e+03 1.484352629631757736e-02 4.077495075762271881e-03
6.070819999999477659e+03 1.268976461142301559e-02 3.936067689210176468e-03
6.072299999999477222e+03 1.424236409366130829e-02 4.011782351881265640e-03
6.073779999999476786e+03 1.249540410935878754e-02 3.952550701797008514e-03
6.075259999999476349e+03 1.268454175442457199e-02 3.951800987124443054e-03
6.076739999999475913e+03 1.559192221611738205e-02 4.075083881616592407e-03
6.078219999999475476e+03 1.077305246144533157e-02 3.908393438905477524e-03
6.079699999999475040e+03 1.625679619610309601e-02 4.096139222383499146e-03
6.081179999999474603e+03 1.733330264687538147e-02 4.140194971114397049e-03
6.082659999999474167e+03 1.195509918034076691e-02 3.966615535318851471e-03
6.084139999999473730e+03 1.393581926822662354e-02 4.054460674524307251e-03
6.085619999999473293e+03 1.213678717613220215e-02 3.999216016381978989e-03
6.087099999999472857e+03 1.502292416989803314e-02 4.088620189577341080e-03
6.088579999999472420e+03 1.997373253107070923e-02 4.251524340361356735e-03
6.090059999999471984e+03 1.338365767151117325e-02 4.007785581052303314e-03
6.091539999999471547e+03 1.231506280601024628e-02 3.924145828932523727e-03
6.093019999999471111e+03 1.143634505569934845e-02 3.894957946613430977e-03
6.094499999999470674e+03 1.660675369203090668e-02 4.120523110032081604e-03
6.095979999999470238e+03 1.674094051122665405e-02 4.138261079788208008e-03
6.097459999999469801e+03 2.387285418808460236e-02 4.378007724881172180e-03
6.098939999999469364e+03 1.034265849739313126e-02 3.960812464356422424e-03
6.100419999999468928e+03 1.576788537204265594e-02 4.103114828467369080e-03
6.101899999999468491e+03 2.201055735349655151e-02 4.253256134688854218e-03
6.103379999999468055e+03 1.546692755073308945e-02 4.115825518965721130e-03
6.104859999999467618e+03 1.869334466755390167e-02 4.216502886265516281e-03
6.106339999999467182e+03 5.343196913599967957e-03 3.674983279779553413e-03
6.107819999999466745e+03 1.658399030566215515e-02 4.111818969249725342e-03
6.109299999999466309e+03 1.917769759893417358e-02 4.191886633634567261e-03
6.110779999999465872e+03 1.845883205533027649e-02 4.141995217651128769e-03
6.112259999999465435e+03 1.533360406756401062e-02 4.086948931217193604e-03
6.113739999999464999e+03 1.723756082355976105e-02 4.134413786232471466e-03
6.115219999999464562e+03 1.423081941902637482e-02 3.981510177254676819e-03
6.116699999999464126e+03 1.761472225189208984e-02 4.103541374206542969e-03
6.118179999999463689e+03 2.358808740973472595e-02 4.320076666772365570e-03
6.119659999999463253e+03 2.079396322369575500e-02 4.235836677253246307e-03
6.121139999999462816e+03 1.428852230310440063e-02 3.966447897255420685e-03
6.122619999999462379e+03 1.655610837042331696e-02 4.037728067487478256e-03
6.124099999999461943e+03 2.298456616699695587e-02 4.315862897783517838e-03
6.125579999999461506e+03 2.185371704399585724e-02 4.287850577384233475e-03
6.127059999999461070e+03 1.951216533780097961e-02 4.214908927679061890e-03
6.128539999999460633e+03 1.593940705060958862e-02 4.078217316418886185e-03
6.130019999999460197e+03 1.952244341373443604e-02 4.205971956253051758e-03
6.131499999999459760e+03 2.226426452398300171e-02 4.299102351069450378e-03
6.132979999999459324e+03 1.582964695990085602e-02 4.084892105311155319e-03
6.134459999999458887e+03 1.799235865473747253e-02 4.204261116683483124e-03
6.135939999999458450e+03 1.947208866477012634e-02 4.309564828872680664e-03
6.137419999999458014e+03 1.486722286790609360e-02 4.262503236532211304e-03
6.138899999999457577e+03 1.576579734683036804e-02 4.409702494740486145e-03
6.140379999999457141e+03 1.761863194406032562e-02 4.363429732620716095e-03
6.141859999999456704e+03 1.326375082135200500e-02 4.232287872582674026e-03
6.143339999999456268e+03 1.523024588823318481e-02 4.506839439272880554e-03
6.144819999999455831e+03 1.908775791525840759e-02 4.525658674538135529e-03
6.146299999999455395e+03 1.791401579976081848e-02 4.200222901999950409e-03
6.147779999999454958e+03 1.981189101934432983e-02 4.203162621706724167e-03
6.149259999999454521e+03 9.485211223363876343e-03 3.925458993762731552e-03
6.150739999999454085e+03 1.287682447582483292e-02 4.091747570782899857e-03
6.152219999999453648e+03 2.121387980878353119e-02 4.288115072995424271e-03
6.153699999999453212e+03 1.388465426862239838e-02 4.011882003396749496e-03
6.155179999999452775e+03 1.650594547390937805e-02 4.090630449354648590e-03
6.156659999999452339e+03 2.824541181325912476e-02 4.461841192096471786e-03
6.158139999999451902e+03 2.549236826598644257e-02 4.357039928436279297e-03
6.159619999999451466e+03 1.220660097897052765e-02 3.886176738888025284e-03
6.161099999999451029e+03 1.934788376092910767e-02 4.119776654988527298e-03
6.162579999999450592e+03 1.758778467774391174e-02 4.005332477390766144e-03
6.164059999999450156e+03 1.123945135623216629e-02 3.764104563742876053e-03
6.165539999999449719e+03 1.321237348020076752e-02 3.870244370773434639e-03
6.167019999999449283e+03 1.742217503488063812e-02 4.073712974786758423e-03
6.168499999999448846e+03 2.245962619781494141e-02 4.739882890135049820e-03
6.169979999999448410e+03 2.295282483100891113e-02 5.013535264879465103e-03
6.171459999999447973e+03 2.281702309846878052e-02 4.781072493642568588e-03
6.172939999999447537e+03 1.475576870143413544e-02 4.104932304471731186e-03
6.174419999999447100e+03 1.273047924041748047e-02 4.080280195921659470e-03
6.175899999999446663e+03 1.263833511620759964e-02 4.201126750558614731e-03
6.177379999999446227e+03 1.912899315357208252e-02 4.275962244719266891e-03
6.178859999999445790e+03 9.828291833400726318e-03 3.836771007627248764e-03
6.180339999999445354e+03 1.355639286339282990e-02 3.963597584515810013e-03
6.181819999999444917e+03 2.226849645376205444e-02 4.305296111851930618e-03
6.183299999999444481e+03 1.072878390550613403e-02 3.984147217124700546e-03
6.184779999999444044e+03 9.530909359455108643e-03 3.880999982357025146e-03
6.186259999999443608e+03 1.408226788043975830e-02 4.007106646895408630e-03
6.187739999999443171e+03 2.055513486266136169e-02 4.252133890986442566e-03
6.189219999999442734e+03 1.667831838130950928e-02 4.052456934005022049e-03
6.190699999999442298e+03 2.040654048323631287e-02 4.259151406586170197e-03
6.192179999999441861e+03 2.430803887546062469e-02 4.522228613495826721e-03
6.193659999999441425e+03 1.364170946180820465e-02 4.093968775123357773e-03
6.195139999999440988e+03 1.638912409543991089e-02 4.070202820003032684e-03
6.196619999999440552e+03 1.764585822820663452e-02 4.071088042110204697e-03
6.198099999999440115e+03 1.564208045601844788e-02 3.948366735130548477e-03
6.199579999999439679e+03 1.908192038536071777e-02 4.272484220564365387e-03
6.201059999999439242e+03 1.490431651473045349e-02 4.610148724168539047e-03
6.202539999999438805e+03 1.723500341176986694e-02 4.801400937139987946e-03
6.204019999999438369e+03 1.444474793970584869e-02 4.315424244850873947e-03
6.205499999999437932e+03 9.744809940457344055e-03 3.846804611384868622e-03
6.206979999999437496e+03 1.076821982860565186e-02 3.905826015397906303e-03
6.208459999999437059e+03 1.653951592743396759e-02 4.122904501855373383e-03
6.209939999999436623e+03 1.238439045846462250e-02 3.983810078352689743e-03
6.211419999999436186e+03 1.122419349849224091e-02 4.082493018358945847e-03
6.212899999999435749e+03 1.226334366947412491e-02 4.139539785683155060e-03
6.214379999999435313e+03 1.587301678955554962e-02 4.117895849049091339e-03
6.215859999999434876e+03 1.107485499233007431e-02 3.834600793197751045e-03
6.217339999999434440e+03 2.048971690237522125e-02 4.170334432274103165e-03
6.218819999999434003e+03 7.707178592681884766e-03 3.935897257179021835e-03
6.220299999999433567e+03 1.922988146543502808e-02 4.813283216208219528e-03
6.221779999999433130e+03 2.474956773221492767e-02 5.060254596173763275e-03
6.223259999999432694e+03 1.652973517775535583e-02 4.320350009948015213e-03
6.224739999999432257e+03 1.532872766256332397e-02 3.973888233304023743e-03
6.226219999999431820e+03 2.138129249215126038e-02 4.188689868897199631e-03
6.227699999999431384e+03 1.922436617314815521e-02 4.123569000512361526e-03
6.229179999999430947e+03 1.684867776930332184e-02 4.054854158312082291e-03
6.230659999999430511e+03 1.740371994674205780e-02 4.134444054216146469e-03
6.232139999999430074e+03 1.402360294014215469e-02 4.691783804446458817e-03
6.233619999999429638e+03 1.127240806818008423e-02 5.987373646348714828e-03
6.235099999999429201e+03 1.425150968134403229e-02 6.684878841042518616e-03
6.236579999999428765e+03 2.223669178783893585e-02 6.245763972401618958e-03
6.238059999999428328e+03 2.080867253243923187e-02 5.118749570101499557e-03
6.239539999999427891e+03 1.885377801954746246e-02 4.844619426876306534e-03
6.241019999999427455e+03 1.861556991934776306e-02 5.051253363490104675e-03
6.242499999999427018e+03 1.434129662811756134e-02 4.821904934942722321e-03
6.243979999999426582e+03 9.985807351768016815e-03 4.342952743172645569e-03
6.245459999999426145e+03 2.028840221464633942e-02 4.358583129942417145e-03
6.246939999999425709e+03 2.267669513821601868e-02 4.415668547153472900e-03
6.248419999999425272e+03 1.250389404594898224e-02 3.990026656538248062e-03
6.249899999999424836e+03 1.661168411374092102e-02 3.996061626821756363e-03
6.251379999999424399e+03 2.106772363185882568e-02 4.126269370317459106e-03
6.252859999999423962e+03 1.302867103368043900e-02 3.772123251110315323e-03
6.254339999999423526e+03 4.953479394316673279e-03 3.985784016549587250e-03
6.255819999999423089e+03 7.334660738706588745e-03 5.721651483327150345e-03
6.257299999999422653e+03 2.471053600311279297e-02 6.782071664929389954e-03
6.258779999999422216e+03 2.112094871699810028e-02 5.947047378867864609e-03
6.260259999999421780e+03 1.088017784059047699e-02 4.162569064646959305e-03
6.261739999999421343e+03 5.008705426007509232e-03 3.989647142589092255e-03
6.263219999999420907e+03 1.264492422342300415e-02 4.730158951133489609e-03
6.264699999999420470e+03 2.017040364444255829e-02 5.193839780986309052e-03
6.266179999999420033e+03 1.005238573998212814e-02 4.608694463968276978e-03
6.267659999999419597e+03 1.414377707988023758e-02 4.277869127690792084e-03
6.269139999999419160e+03 1.557618379592895508e-02 4.217098932713270187e-03
6.270619999999418724e+03 1.544275693595409393e-02 4.051637835800647736e-03
6.272099999999418287e+03 2.089413814246654510e-02 4.278985317796468735e-03
6.273579999999417851e+03 1.267093420028686523e-02 4.182609263807535172e-03
6.275059999999417414e+03 1.837456971406936646e-02 4.499959759414196014e-03
6.276539999999416978e+03 2.525166422128677368e-02 4.800226073712110519e-03
6.278019999999416541e+03 2.484169974923133850e-02 4.644876811653375626e-03
6.279499999999416104e+03 1.397452130913734436e-02 3.995949868112802505e-03
6.280979999999415668e+03 1.657574996352195740e-02 3.998178523033857346e-03
6.282459999999415231e+03 2.088458836078643799e-02 4.198144190013408661e-03
6.283939999999414795e+03 6.195846013724803925e-03 3.945559728890657425e-03
6.285419999999414358e+03 1.768740476109087467e-03 5.228499416261911392e-03
6.286899999999413922e+03 1.888289488852024078e-02 6.351029500365257263e-03
6.288379999999413485e+03 2.059497311711311340e-02 5.608553532510995865e-03
6.289859999999413048e+03 1.680684089660644531e-02 4.281192552298307419e-03
6.291339999999412612e+03 1.799900829792022705e-02 4.086388275027275085e-03
6.292819999999412175e+03 2.012890204787254333e-02 4.159729927778244019e-03
6.294299999999411739e+03 2.583649381995201111e-02 4.430982749909162521e-03
6.295779999999411302e+03 1.769466511905193329e-02 4.680720157921314240e-03
6.297259999999410866e+03 -3.779848292469978333e-02 8.622402325272560120e-03
6.298739999999410429e+03 7.381605450063943863e-03 1.593537814915180206e-02
6.300219999999409993e+03 7.785995304584503174e-02 1.746736839413642883e-02
6.301699999999409556e+03 3.953822329640388489e-02 1.163162291049957275e-02
6.303179999999409119e+03 1.931213424541056156e-03 4.810606129467487335e-03
6.304659999999408683e+03 1.181462686508893967e-02 5.460216663777828217e-03
6.306139999999408246e+03 2.357289567589759827e-02 6.667451001703739166e-03
6.307619999999407810e+03 1.961481012403964996e-02 6.045405287295579910e-03
6.309099999999407373e+03 1.677337102591991425e-02 4.314086399972438812e-03
6.310579999999406937e+03 1.542195677757263184e-02 4.005315713584423065e-03
6.312059999999406500e+03 1.366044487804174423e-02 3.946607932448387146e-03
6.313539999999406064e+03 1.474662590771913528e-02 3.914676140993833542e-03
6.315019999999405627e+03 1.415991596877574921e-02 3.904484212398529053e-03
6.316499999999405190e+03 1.706483587622642517e-02 3.968658391386270523e-03
6.317979999999404754e+03 1.121095288544893265e-02 3.869377542287111282e-03
6.319459999999404317e+03 2.322151511907577515e-02 4.819618072360754013e-03
6.320939999999403881e+03 1.887694373726844788e-02 4.969374742358922958e-03
6.322419999999403444e+03 2.423361316323280334e-02 4.726456943899393082e-03
6.323899999999403008e+03 1.941587775945663452e-02 4.188135731965303421e-03
6.325379999999402571e+03 1.286843605339527130e-02 3.921572118997573853e-03
6.326859999999402135e+03 5.466823466122150421e-03 4.349050577729940414e-03
6.328339999999401698e+03 1.529849134385585785e-02 5.980648566037416458e-03
6.329819999999401261e+03 2.063778042793273926e-02 6.218541413545608521e-03
6.331299999999400825e+03 1.548007223755121231e-02 4.853347782045602798e-03
6.332779999999400388e+03 1.242287456989288330e-02 3.894501598551869392e-03
6.334259999999399952e+03 1.916404627263545990e-02 4.077924881130456924e-03
6.335739999999399515e+03 1.092611346393823624e-02 3.780802246183156967e-03
6.337219999999399079e+03 1.127870008349418640e-02 3.809066256508231163e-03
6.338699999999398642e+03 1.757154427468776703e-02 4.062828142195940018e-03
6.340179999999398206e+03 1.775111071765422821e-02 4.055067431181669235e-03
6.341659999999397769e+03 2.024860493838787079e-02 4.190276842564344406e-03
6.343139999999397332e+03 2.014065161347389221e-02 4.190807696431875229e-03
6.344619999999396896e+03 1.653696596622467041e-02 4.065132234245538712e-03
6.346099999999396459e+03 1.476581394672393799e-02 4.320637788623571396e-03
6.347579999999396023e+03 1.508697681128978729e-02 4.674066789448261261e-03
6.349059999999395586e+03 2.140430174767971039e-02 4.645346198230981827e-03
6.350539999999395150e+03 2.366746589541435242e-02 4.313506651669740677e-03
6.352019999999394713e+03 1.138428226113319397e-02 3.895752364769577980e-03
6.353499999999394277e+03 1.206036284565925598e-02 4.388825502246618271e-03
6.354979999999393840e+03 2.587823569774627686e-02 5.581690464168787003e-03
6.356459999999393403e+03 2.353319898247718811e-02 5.479366984218358994e-03
6.357939999999392967e+03 1.760432124137878418e-02 4.382117651402950287e-03
6.359419999999392530e+03 6.001546047627925873e-03 3.910341300070285797e-03
6.360899999999392094e+03 -9.195087477564811707e-03 5.808722693473100662e-03
6.362379999999391657e+03 3.219037130475044250e-02 1.007024198770523071e-02
6.363859999999391221e+03 3.670012205839157104e-02 1.039319019764661789e-02
6.365339999999390784e+03 1.336291991174221039e-02 6.348415743559598923e-03
6.366819999999390348e+03 2.099704556167125702e-02 4.286736715584993362e-03
6.368299999999389911e+03 1.164510659873485565e-02 3.769749309867620468e-03
6.369779999999389474e+03 1.462787017226219177e-02 3.913565073162317276e-03
6.371259999999389038e+03 2.068548463284969330e-02 4.155787639319896698e-03
6.372739999999388601e+03 1.314661465585231781e-02 3.878840710967779160e-03
6.374219999999388165e+03 1.798025146126747131e-02 4.051023628562688828e-03
6.375699999999387728e+03 2.138789743185043335e-02 4.183930344879627228e-03
6.377179999999387292e+03 1.746704429388046265e-02 4.270172212272882462e-03
6.378659999999386855e+03 1.816616207361221313e-02 4.495762754231691360e-03
6.380139999999386418e+03 2.024444565176963806e-02 4.404961597174406052e-03
6.381619999999385982e+03 1.489724591374397278e-02 3.968484699726104736e-03
6.383099999999385545e+03 1.450289040803909302e-02 4.078793805092573166e-03
6.384579999999385109e+03 1.867856271564960480e-02 4.640721250325441360e-03
6.386059999999384672e+03 1.967081427574157715e-02 4.810722544789314270e-03
6.387539999999384236e+03 1.560711767524480820e-02 4.302039276808500290e-03
6.389019999999383799e+03 1.461715996265411377e-02 3.924509510397911072e-03
6.390499999999383363e+03 1.800631731748580933e-02 4.047303926199674606e-03
6.391979999999382926e+03 1.619626209139823914e-02 3.999902866780757904e-03
6.393459999999382489e+03 1.296023000031709671e-02 3.882718272507190704e-03
6.394939999999382053e+03 1.263007707893848419e-02 3.824383718892931938e-03
6.396419999999381616e+03 1.955876685678958893e-02 4.083734937012195587e-03
6.397899999999381180e+03 1.299563609063625336e-02 3.796844044700264931e-03
6.399379999999380743e+03 7.795856334269046783e-03 3.541121026501059532e-03
6.400859999999380307e+03 1.465669088065624237e-02 3.881807206198573112e-03
6.402339999999379870e+03 1.336879841983318329e-02 3.850326407700777054e-03
6.403819999999379434e+03 2.028421126306056976e-02 4.073101095855236053e-03
6.405299999999378997e+03 2.117442712187767029e-02 4.073058720678091049e-03
6.406779999999378560e+03 1.188714802265167236e-02 3.685954026877880096e-03
6.408259999999378124e+03 1.829512789845466614e-02 3.952995408326387405e-03
6.409739999999377687e+03 2.111251279711723328e-02 4.076760262250900269e-03
6.411219999999377251e+03 1.302212942391633987e-02 3.948008641600608826e-03
6.412699999999376814e+03 2.285609208047389984e-02 4.381631035357713699e-03
6.414179999999376378e+03 2.046394720673561096e-02 4.227640572935342789e-03
6.415659999999375941e+03 1.711457967758178711e-02 3.971530124545097351e-03
6.417139999999375505e+03 1.175913680344820023e-02 3.849037922918796539e-03
6.418619999999375068e+03 1.606003008782863617e-02 4.213672131299972534e-03
6.420099999999374631e+03 2.218851447105407715e-02 4.458894021809101105e-03
6.421579999999374195e+03 1.610444858670234680e-02 4.088382236659526825e-03
6.423059999999373758e+03 1.677585765719413757e-02 3.898093244060873985e-03
6.424539999999373322e+03 1.830477267503738403e-02 3.963767550885677338e-03
6.426019999999372885e+03 1.536485552787780762e-02 3.900026204064488411e-03
6.427499999999372449e+03 1.336847152560949326e-02 3.802028950303792953e-03
6.428979999999372012e+03 1.398352533578872681e-02 3.795404918491840363e-03
6.430459999999371576e+03 1.628619246184825897e-02 3.905524499714374542e-03
6.431939999999371139e+03 1.608952134847640991e-02 3.902834374457597733e-03
6.433419999999370702e+03 2.029601857066154480e-02 4.060019273310899734e-03
6.434899999999370266e+03 1.623019948601722717e-02 3.938155248761177063e-03
6.436379999999369829e+03 1.389770396053791046e-02 3.803262254223227501e-03
6.437859999999369393e+03 1.753754727542400360e-02 3.924668766558170319e-03
6.439339999999368956e+03 1.110409479588270187e-02 3.687282325699925423e-03
6.440819999999368520e+03 2.188540995121002197e-02 4.060236271470785141e-03
6.442299999999368083e+03 1.077637728303670883e-02 3.703675232827663422e-03
6.443779999999367647e+03 1.498574391007423401e-02 3.842837642878293991e-03
6.445259999999367210e+03 1.944925449788570404e-02 4.041205625981092453e-03
6.446739999999366773e+03 1.786315999925136566e-02 3.958575893193483353e-03
6.448219999999366337e+03 8.645104244351387024e-03 3.663871437311172485e-03
6.449699999999365900e+03 1.289391890168190002e-02 3.893141169100999832e-03
6.451179999999365464e+03 1.633568294346332550e-02 4.127988126128911972e-03
6.452659999999365027e+03 1.764802634716033936e-02 4.119318444281816483e-03
6.454139999999364591e+03 1.112302392721176147e-02 3.784406231716275215e-03
6.455619999999364154e+03 1.001581922173500061e-02 3.874668153002858162e-03
6.457099999999363718e+03 1.719648204743862152e-02 4.201909061521291733e-03
6.458579999999363281e+03 2.382711879909038544e-02 4.325042013078927994e-03
6.460059999999362844e+03 1.485339365899562836e-02 4.019810352474451065e-03
6.461539999999362408e+03 6.552684120833873749e-03 4.086277447640895844e-03
6.463019999999361971e+03 1.233850978314876556e-02 5.008247680962085724e-03
6.464499999999361535e+03 1.564132608473300934e-02 5.397673230618238449e-03
6.465979999999361098e+03 1.162074226886034012e-02 4.925145301967859268e-03
6.467459999999360662e+03 1.734641753137111664e-02 4.720239434391260147e-03
6.468939999999360225e+03 2.069374173879623413e-02 5.315354559570550919e-03
6.470419999999359788e+03 1.534071378409862518e-02 5.358106456696987152e-03
6.471899999999359352e+03 1.699396409094333649e-02 4.634987562894821167e-03
6.473379999999358915e+03 1.988923549652099609e-02 4.100126679986715317e-03
6.474859999999358479e+03 1.470431685447692871e-02 4.001901950687170029e-03
6.476339999999358042e+03 9.209530428051948547e-03 4.110466223210096359e-03
6.477819999999357606e+03 9.272715076804161072e-03 4.133337642997503281e-03
6.479299999999357169e+03 9.927202016115188599e-03 3.882989985868334770e-03
6.480779999999356733e+03 1.123134884983301163e-02 3.738845931366086006e-03
6.482259999999356296e+03 1.816591620445251465e-02 3.957808017730712891e-03
6.483739999999355859e+03 1.175765506923198700e-02 3.720750566571950912e-03
6.485219999999355423e+03 1.559438183903694153e-02 3.853124333545565605e-03
6.486699999999354986e+03 1.584488339722156525e-02 3.866645507514476776e-03
6.488179999999354550e+03 1.400827243924140930e-02 3.793737385421991348e-03
6.489659999999354113e+03 1.785095781087875366e-02 3.924591466784477234e-03
6.491139999999353677e+03 1.266704965382814407e-02 3.765660803765058517e-03
6.492619999999353240e+03 1.176492869853973389e-02 3.764597931876778603e-03
6.494099999999352804e+03 1.192368008196353912e-02 3.780004102736711502e-03
6.495579999999352367e+03 3.241828642785549164e-03 4.540717229247093201e-03
6.497059999999351930e+03 1.559397112578153610e-02 6.412461400032043457e-03
6.498539999999351494e+03 2.990383654832839966e-02 6.796272937208414078e-03
6.500019999999351057e+03 2.257598191499710083e-02 5.296072922646999359e-03
6.501499999999350621e+03 1.169790979474782944e-02 4.261647351086139679e-03
6.502979999999350184e+03 1.964637637138366699e-02 4.776946268975734711e-03
6.504459999999349748e+03 2.319125086069107056e-02 5.075108259916305542e-03
6.505939999999349311e+03 1.702415198087692261e-02 4.415111150592565536e-03
6.507419999999348875e+03 1.283555850386619568e-02 3.802078077569603920e-03
6.508899999999348438e+03 1.114236749708652496e-02 3.699488472193479538e-03
6.510379999999348001e+03 1.245938614010810852e-02 3.831882728263735771e-03
6.511859999999347565e+03 1.136408746242523193e-02 3.970640245825052261e-03
6.513339999999347128e+03 1.535492483526468277e-02 4.133946727961301804e-03
6.514819999999346692e+03 1.807878911495208740e-02 4.097952507436275482e-03
6.516299999999346255e+03 1.225741766393184662e-02 3.718389896675944328e-03
6.517779999999345819e+03 1.038182526826858521e-02 3.610166022554039955e-03
6.519259999999345382e+03 8.293180726468563080e-03 3.796611214056611061e-03
6.520739999999344946e+03 1.337433885782957077e-02 4.390371497720479965e-03
6.522219999999344509e+03 2.266033366322517395e-02 4.765922669321298599e-03
6.523699999999344072e+03 1.975957676768302917e-02 4.303445108234882355e-03
6.525179999999343636e+03 1.553152315318584442e-02 3.967566881328821182e-03
6.526659999999343199e+03 1.329870522022247314e-02 3.811959642916917801e-03
6.528139999999342763e+03 1.195725612342357635e-02 3.712671576067805290e-03
6.529619999999342326e+03 1.142789702862501144e-02 4.268816206604242325e-03
6.531099999999341890e+03 7.393405772745609283e-03 5.522392690181732178e-03
6.532579999999341453e+03 2.334426529705524445e-02 6.240641698241233826e-03
6.534059999999341017e+03 2.112308889627456665e-02 5.227449815720319748e-03
6.535539999999340580e+03 1.094283722341060638e-02 3.840352408587932587e-03
6.537019999999340143e+03 1.650029793381690979e-02 3.852533642202615738e-03
6.538499999999339707e+03 2.088297158479690552e-02 4.049308132380247116e-03
6.539979999999339270e+03 2.109045535326004028e-02 4.197713918983936310e-03
6.541459999999338834e+03 1.627145335078239441e-02 4.587567411363124847e-03
6.542939999999338397e+03 2.184024825692176819e-02 5.078550428152084351e-03
6.544419999999337961e+03 2.147822640836238861e-02 4.792907740920782089e-03
6.545899999999337524e+03 9.607801213860511780e-03 3.866399871185421944e-03
6.547379999999337088e+03 1.906166970729827881e-02 4.052013624459505081e-03
6.548859999999336651e+03 9.273689240217208862e-03 3.784831846132874489e-03
6.550339999999336214e+03 3.275598399341106415e-03 4.298959393054246902e-03
6.551819999999335778e+03 1.268134266138076782e-02 6.153929978609085083e-03
6.553299999999335341e+03 2.473681420087814331e-02 6.434027571231126785e-03
6.554779999999334905e+03 1.322924159467220306e-02 4.851421341300010681e-03
6.556259999999334468e+03 1.463730446994304657e-02 3.887546947225928307e-03
6.557739999999334032e+03 1.481653749942779541e-02 3.754657460376620293e-03
6.559219999999333595e+03 1.683171838521957397e-03 3.677558153867721558e-03
6.560699999999333158e+03 1.969913020730018616e-02 5.240420810878276825e-03
6.562179999999332722e+03 2.119193226099014282e-02 5.513635929673910141e-03
6.563659999999332285e+03 1.131208334118127823e-02 4.391701892018318176e-03
6.565139999999331849e+03 9.259407408535480499e-03 3.869186621159315109e-03
6.566619999999331412e+03 5.213785916566848755e-03 4.078006371855735779e-03
6.568099999999330976e+03 1.490483991801738739e-02 4.701437428593635559e-03
6.569579999999330539e+03 1.875581778585910797e-02 4.451961722224950790e-03
6.571059999999330103e+03 1.591249369084835052e-02 3.964740782976150513e-03
6.572539999999329666e+03 1.463260315358638763e-02 3.811412258073687553e-03
6.574019999999329229e+03 1.362486369907855988e-02 4.375795833766460419e-03
6.575499999999328793e+03 1.514600031077861786e-02 5.605304148048162460e-03
6.576979999999328356e+03 2.108184620738029480e-02 5.792706739157438278e-03
6.578459999999327920e+03 2.227360010147094727e-02 4.874044097959995270e-03
6.579939999999327483e+03 1.371556241065263748e-02 3.856342285871505737e-03
6.581419999999327047e+03 1.430549193173646927e-02 3.932663239538669586e-03
6.582899999999326610e+03 1.935743167996406555e-02 4.106912761926651001e-03
6.584379999999326174e+03 1.435368787497282028e-02 3.885572077706456184e-03
6.585859999999325737e+03 1.724981516599655151e-02 3.904332406818866730e-03
6.587339999999325300e+03 1.935480162501335144e-02 3.941685892641544342e-03
6.588819999999324864e+03 1.014113146811723709e-02 3.679135348647832870e-03
6.590299999999324427e+03 1.251622196286916733e-02 3.787880064919590950e-03
6.591779999999323991e+03 1.667265966534614563e-02 3.893399843946099281e-03
6.593259999999323554e+03 1.736686564981937408e-02 4.038228653371334076e-03
6.594739999999323118e+03 1.077259797602891922e-02 4.153812769800424576e-03
6.596219999999322681e+03 1.444715727120637894e-02 4.292777739465236664e-03
6.597699999999322245e+03 1.613206416368484497e-02 4.040976986289024353e-03
6.599179999999321808e+03 1.829634979367256165e-02 3.918335307389497757e-03
6.600659999999321371e+03 1.235557813197374344e-02 3.999397158622741699e-03
6.602139999999320935e+03 1.515955105423927307e-02 4.752553068101406097e-03
6.603619999999320498e+03 2.459635213017463684e-02 5.099543370306491852e-03
6.605099999999320062e+03 1.812803186476230621e-02 4.449475090950727463e-03
6.606579999999319625e+03 8.881974034011363983e-03 3.629125189036130905e-03
6.608059999999319189e+03 1.544056553393602371e-02 3.787946887314319611e-03
6.609539999999318752e+03 2.048539370298385620e-02 3.999307751655578613e-03
6.611019999999318316e+03 1.962374709546566010e-02 3.967065829783678055e-03
6.612499999999317879e+03 1.606610417366027832e-02 3.838160773739218712e-03
6.613979999999317442e+03 1.210199762135744095e-02 3.695982974022626877e-03
6.615459999999317006e+03 1.799161545932292938e-02 3.912351094186306000e-03
6.616939999999316569e+03 1.356263272464275360e-02 3.756716847419738770e-03
6.618419999999316133e+03 9.405861608684062958e-03 3.639278933405876160e-03
6.619899999999315696e+03 1.831916905939579010e-02 3.932595252990722656e-03
6.621379999999315260e+03 1.982565969228744507e-02 3.974637482315301895e-03
6.622859999999314823e+03 1.698943227529525757e-02 3.848011372610926628e-03
6.624339999999314387e+03 1.147799845784902573e-02 3.730771131813526154e-03
6.625819999999313950e+03 1.389908976852893829e-02 3.997476305812597275e-03
6.627299999999313513e+03 1.933883130550384521e-02 4.174422938376665115e-03
6.628779999999313077e+03 1.690752059221267700e-02 3.959309775382280350e-03
6.630259999999312640e+03 1.797171309590339661e-02 3.952511120587587357e-03
6.631739999999312204e+03 1.552118360996246338e-02 4.155336413532495499e-03
6.633219999999311767e+03 1.078300364315509796e-02 4.183901939541101456e-03
6.634699999999311331e+03 1.301009021699428558e-02 4.061282146722078323e-03
6.636179999999310894e+03 1.486549712717533112e-02 3.888854058459401131e-03
6.637659999999310457e+03 1.314883492887020111e-02 3.750703530386090279e-03
6.639139999999310021e+03 1.210080552846193314e-02 3.702871035784482956e-03
6.640619999999309584e+03 1.119998190551996231e-02 3.648799145594239235e-03
6.642099999999309148e+03 1.626434177160263062e-02 3.797216573730111122e-03
6.643579999999308711e+03 1.726804673671722412e-02 3.826148808002471924e-03
6.645059999999308275e+03 1.604436710476875305e-02 3.787011373788118362e-03
6.646539999999307838e+03 1.550490967929363251e-02 3.819071687757968903e-03
6.648019999999307402e+03 1.408052630722522736e-02 3.818634897470474243e-03
6.649499999999306965e+03 2.379354834556579590e-02 4.118515644222497940e-03
6.650979999999306528e+03 1.321029663085937500e-02 3.738560713827610016e-03
6.652459999999306092e+03 1.122868806123733521e-02 3.651572857052087784e-03
6.653939999999305655e+03 1.120631303638219833e-02 3.630719380453228951e-03
6.655419999999305219e+03 1.966258138418197632e-02 3.974531777203083038e-03
6.656899999999304782e+03 1.881060935556888580e-02 3.906129393726587296e-03
6.658379999999304346e+03 1.781683042645454407e-02 3.912684973329305649e-03
6.659859999999303909e+03 1.207546889781951904e-02 3.773132339119911194e-03
6.661339999999303473e+03 2.589386142790317535e-02 4.254099447280168533e-03
6.662819999999303036e+03 1.683434844017028809e-02 3.875404130667448044e-03
6.664299999999302599e+03 1.284748874604701996e-02 3.816897049546241760e-03
6.665779999999302163e+03 1.632851734757423401e-02 4.040491301566362381e-03
6.667259999999301726e+03 1.878344453871250153e-02 4.122327081859111786e-03
6.668739999999301290e+03 1.334056816995143890e-02 3.808355890214443207e-03
6.670219999999300853e+03 1.482603698968887329e-02 3.741743275895714760e-03
6.671699999999300417e+03 1.525201182812452316e-02 3.760900348424911499e-03
6.673179999999299980e+03 1.835205405950546265e-02 3.875427879393100739e-03
6.674659999999299544e+03 1.755520328879356384e-02 3.819867270067334175e-03
6.676139999999299107e+03 9.737778455018997192e-03 3.510640934109687805e-03
6.677619999999298670e+03 1.194653566926717758e-02 3.643681295216083527e-03
6.679099999999298234e+03 1.618607714772224426e-02 3.812116570770740509e-03
6.680579999999297797e+03 1.651873625814914703e-02 3.777812235057353973e-03
6.682059999999297361e+03 1.848083734512329102e-02 3.868769854307174683e-03
6.683539999999296924e+03 1.834385097026824951e-02 3.892632666975259781e-03
6.685019999999296488e+03 1.513156294822692871e-02 3.817746881395578384e-03
6.686499999999296051e+03 1.352584920823574066e-02 3.716616425663232803e-03
6.687979999999295615e+03 1.861734688282012939e-02 3.911946900188922882e-03
6.689459999999295178e+03 1.886084675788879395e-02 3.920020069926977158e-03
6.690939999999294741e+03 1.736246421933174133e-02 3.813030198216438293e-03
6.692419999999294305e+03 1.462054718285799026e-02 3.720121691003441811e-03
6.693899999999293868e+03 1.407710462808609009e-02 3.711874829605221748e-03
6.695379999999293432e+03 1.546680741012096405e-02 4.080262500792741776e-03
6.696859999999292995e+03 9.025348350405693054e-03 3.807778004556894302e-03
6.698339999999292559e+03 1.263173110783100128e-02 3.895077155902981758e-03
6.699819999999292122e+03 2.128831483423709869e-02 4.139741882681846619e-03
6.701299999999291686e+03 2.420798875391483307e-02 4.185013473033905029e-03
6.702779999999291249e+03 2.138734981417655945e-02 4.114087671041488647e-03
6.704259999999290812e+03 1.122384797781705856e-02 3.712412202730774879e-03
6.705739999999290376e+03 1.094007678329944611e-02 3.614326240494847298e-03
6.707219999999289939e+03 1.515737269073724747e-02 3.764495020732283592e-03
6.708699999999289503e+03 1.614852994680404663e-02 3.833815921097993851e-03
6.710179999999289066e+03 1.565279811620712280e-02 3.794099437072873116e-03
6.711659999999288630e+03 1.204233430325984955e-02 3.670522710308432579e-03
6.713139999999288193e+03 1.368106156587600708e-02 3.817170392721891403e-03
6.714619999999287757e+03 1.379236206412315369e-02 3.872907254844903946e-03
6.716099999999287320e+03 1.867276243865489960e-02 4.012266639620065689e-03
6.717579999999286883e+03 1.849240623414516449e-02 3.910167142748832703e-03
6.719059999999286447e+03 1.276869233697652817e-02 3.664275165647268295e-03
6.720539999999286010e+03 1.956460624933242798e-02 3.921902272850275040e-03
6.722019999999285574e+03 1.142272073775529861e-02 3.623419208452105522e-03
6.723499999999285137e+03 1.390111446380615234e-02 3.726928727701306343e-03
6.724979999999284701e+03 1.266186870634555817e-02 3.643890842795372009e-03
6.726459999999284264e+03 1.315825991332530975e-02 3.712688339874148369e-03
6.727939999999283827e+03 9.312003850936889648e-03 3.645849647000432014e-03
6.729419999999283391e+03 1.330271922051906586e-02 3.804586129263043404e-03
6.730899999999282954e+03 1.232460420578718185e-02 3.737154882401227951e-03
6.732379999999282518e+03 1.624517701566219330e-02 3.820601617917418480e-03
6.733859999999282081e+03 1.882048323750495911e-02 3.882260993123054504e-03
6.735339999999281645e+03 1.211075950413942337e-02 3.626523073762655258e-03
6.736819999999281208e+03 1.782087795436382294e-02 3.846517298370599747e-03
6.738299999999280772e+03 1.720031350851058960e-02 3.885182784870266914e-03
6.739779999999280335e+03 1.139944419264793396e-02 3.700537374243140221e-03
6.741259999999279898e+03 1.760911568999290466e-02 3.932313062250614166e-03
6.742739999999279462e+03 1.443795394152402878e-02 3.869434352964162827e-03
6.744219999999279025e+03 1.371048018336296082e-02 3.821506164968013763e-03
6.745699999999278589e+03 1.647620648145675659e-02 3.877897979691624641e-03
6.747179999999278152e+03 2.197703532874584198e-02 4.000522196292877197e-03
6.748659999999277716e+03 1.550647243857383728e-02 3.797896206378936768e-03
6.750139999999277279e+03 1.530756521970033646e-02 3.768018912523984909e-03
6.751619999999276843e+03 1.190378516912460327e-02 3.628066740930080414e-03
6.753099999999276406e+03 1.209184154868125916e-02 3.648006357252597809e-03
6.754579999999275969e+03 1.192734017968177795e-02 3.616770263761281967e-03
6.756059999999275533e+03 4.736868664622306824e-03 3.372198203578591347e-03
6.757539999999275096e+03 1.271013729274272919e-02 3.656641114503145218e-03
6.759019999999274660e+03 1.420722529292106628e-02 3.728047711774706841e-03
6.760499999999274223e+03 8.502912707626819611e-03 3.502084640786051750e-03
6.761979999999273787e+03 1.158826798200607300e-02 3.588621271774172783e-03
6.763459999999273350e+03 9.031118825078010559e-03 3.502968698740005493e-03
6.764939999999272914e+03 8.630576543509960175e-03 3.493149532005190849e-03
6.766419999999272477e+03 1.367441657930612564e-02 3.677485510706901550e-03
6.767899999999272040e+03 1.909377798438072205e-02 3.902492346242070198e-03
6.769379999999271604e+03 2.440467104315757751e-02 4.058670718222856522e-03
6.770859999999271167e+03 1.743060909211635590e-02 3.788236528635025024e-03
6.772339999999270731e+03 1.215587090700864792e-02 3.634525695815682411e-03
6.773819999999270294e+03 1.567511074244976044e-02 3.752132412046194077e-03
6.775299999999269858e+03 1.204573176801204681e-02 3.621663898229598999e-03
6.776779999999269421e+03 1.250702328979969025e-02 3.614328103139996529e-03
6.778259999999268985e+03 1.402800343930721283e-02 3.647433593869209290e-03
6.779739999999268548e+03 1.163984648883342743e-02 3.588427789509296417e-03
6.781219999999268111e+03 1.197721995413303375e-02 3.642433788627386093e-03
6.782699999999267675e+03 1.383182965219020844e-02 3.695757361128926277e-03
6.784179999999267238e+03 1.631019823253154755e-02 3.784063737839460373e-03
6.785659999999266802e+03 1.680693961679935455e-02 3.854128532111644745e-03
6.787139999999266365e+03 2.058711275458335876e-02 4.004013258963823318e-03
6.788619999999265929e+03 1.750225760042667389e-02 3.850031876936554909e-03
6.790099999999265492e+03 1.133228745311498642e-02 3.596531692892313004e-03
6.791579999999265056e+03 1.244053989648818970e-02 3.606510115787386894e-03
6.793059999999264619e+03 1.993700861930847168e-02 3.886580001562833786e-03
6.794539999999264182e+03 1.978428289294242859e-02 3.913775086402893066e-03
6.796019999999263746e+03 1.734443381428718567e-02 3.808252746239304543e-03
6.797499999999263309e+03 1.678610593080520630e-02 3.739234060049057007e-03
6.798979999999262873e+03 1.799852028489112854e-02 3.825931111350655556e-03
6.800459999999262436e+03 1.733130030333995819e-02 3.843089099973440170e-03
6.801939999999262000e+03 1.079636812210083008e-02 3.623975440859794617e-03
6.803419999999261563e+03 1.381135918200016022e-02 3.701412584632635117e-03
6.804899999999261127e+03 1.475120335817337036e-02 3.706581424921751022e-03
6.806379999999260690e+03 1.136811077594757080e-02 3.618350485339760780e-03
6.807859999999260253e+03 1.676464825868606567e-02 3.773912321776151657e-03
6.809339999999259817e+03 1.530822739005088806e-02 3.728563431650400162e-03
6.810819999999259380e+03 1.299342978745698929e-02 3.653087653219699860e-03
6.812299999999258944e+03 1.933108456432819366e-02 3.888508537784218788e-03
6.813779999999258507e+03 1.816411502659320831e-02 3.814403666183352470e-03
6.815259999999258071e+03 1.728753000497817993e-02 3.800369799137115479e-03
6.816739999999257634e+03 1.886924356222152710e-02 3.879886353388428688e-03
6.818219999999257197e+03 1.142594404518604279e-02 3.636617911979556084e-03
6.819699999999256761e+03 1.386365666985511780e-02 3.701533423736691475e-03
6.821179999999256324e+03 1.260505989193916321e-02 3.615673398599028587e-03
6.822659999999255888e+03 1.239190064370632172e-02 3.591651795431971550e-03
6.824139999999255451e+03 8.721128106117248535e-03 3.963139373809099197e-03
6.825619999999255015e+03 9.438928216695785522e-03 5.464845336973667145e-03
6.827099999999254578e+03 2.606499008834362030e-02 7.185398600995540619e-03
6.828579999999254142e+03 3.323348239064216614e-02 7.307132240384817123e-03
6.830059999999253705e+03 1.079590804874897003e-02 5.895919632166624069e-03
6.831539999999253268e+03 6.953135598450899124e-04 5.933295469731092453e-03
6.833019999999252832e+03 1.588463783264160156e-02 6.882779300212860107e-03
6.834499999999252395e+03 2.461643889546394348e-02 6.253039464354515076e-03
6.835979999999251959e+03 1.704390347003936768e-02 4.265027586370706558e-03
6.837459999999251522e+03 1.665025576949119568e-02 4.091727547347545624e-03
6.838939999999251086e+03 1.894896104931831360e-02 4.569888114929199219e-03
6.840419999999250649e+03 1.844644173979759216e-02 4.829838406294584274e-03
6.841899999999250213e+03 1.674597896635532379e-02 4.528895951807498932e-03
6.843379999999249776e+03 1.946580410003662109e-02 4.040032625198364258e-03
6.844859999999249339e+03 1.773318462073802948e-02 3.811969421803951263e-03
6.846339999999248903e+03 1.808808185160160065e-02 3.803015686571598053e-03
6.847819999999248466e+03 1.263741962611675262e-02 3.735587466508150101e-03
6.849299999999248030e+03 1.405709143728017807e-02 3.875284688547253609e-03
6.850779999999247593e+03 2.029844745993614197e-02 4.005785100162029266e-03
6.852259999999247157e+03 1.384336408227682114e-02 3.698408603668212891e-03
6.853739999999246720e+03 9.410550817847251892e-03 3.537270706146955490e-03
6.855219999999246284e+03 1.365064643323421478e-02 3.654141211882233620e-03
6.856699999999245847e+03 1.752537675201892853e-02 3.761824453249573708e-03
6.858179999999245410e+03 1.584788039326667786e-02 3.802740480750799179e-03
6.859659999999244974e+03 -2.409133361652493477e-03 4.278378095477819443e-03
6.861139999999244537e+03 -7.211782038211822510e-03 7.448120508342981339e-03
6.862619999999244101e+03 1.961648277938365936e-02 9.123585186898708344e-03
6.864099999999243664e+03 3.032303228974342346e-02 7.778474595397710800e-03
6.865579999999243228e+03 6.259519606828689575e-03 4.144944716244935989e-03
6.867059999999242791e+03 3.026631660759449005e-03 3.411583136767148972e-03
6.868539999999242355e+03 1.669683679938316345e-02 4.288702737540006638e-03
6.870019999999241918e+03 1.939982920885086060e-02 4.508106503635644913e-03
6.871499999999241481e+03 1.868421956896781921e-02 4.084234591573476791e-03
6.872979999999241045e+03 9.488055482506752014e-03 3.332156455144286156e-03
6.874459999999240608e+03 8.438315242528915405e-03 3.289781277999281883e-03
6.875939999999240172e+03 1.055653579533100128e-02 3.435368649661540985e-03
6.877419999999239735e+03 1.082530338317155838e-02 3.759461455047130585e-03
6.878899999999239299e+03 1.395228691399097443e-02 4.418410826474428177e-03
6.880379999999238862e+03 1.790845952928066254e-02 4.586296156048774719e-03
6.881859999999238426e+03 1.457523927092552185e-02 4.127865657210350037e-03
6.883339999999237989e+03 1.358821615576744080e-02 3.657459281384944916e-03
6.884819999999237552e+03 9.932644665241241455e-03 3.679232904687523842e-03
6.886299999999237116e+03 5.007751751691102982e-03 4.293217323720455170e-03
6.887779999999236679e+03 1.205622125416994095e-02 4.991033114492893219e-03
6.889259999999236243e+03 1.493955776095390320e-02 4.775563720613718033e-03
6.890739999999235806e+03 1.355955377221107483e-02 3.865331877022981644e-03
6.892219999999235370e+03 1.413742080330848694e-02 3.766286186873912811e-03
6.893699999999234933e+03 1.562015712261199951e-02 3.826303873211145401e-03
6.895179999999234496e+03 1.860399357974529266e-02 3.769959555938839912e-03
6.896659999999234060e+03 6.514712236821651459e-03 3.493555355817079544e-03
6.898139999999233623e+03 1.584277488291263580e-02 4.808992613106966019e-03
6.899619999999233187e+03 2.148965373635292053e-02 5.419518332928419113e-03
6.901099999999232750e+03 2.428459934890270233e-02 4.943255800753831863e-03
6.902579999999232314e+03 1.199879404157400131e-02 3.761826548725366592e-03
6.904059999999231877e+03 9.522523730993270874e-03 3.482900792732834816e-03
6.905539999999231441e+03 1.467296015471220016e-02 3.631507512181997299e-03
6.907019999999231004e+03 1.394410151988267899e-02 3.579973708838224411e-03
6.908499999999230567e+03 4.016902763396501541e-03 3.639567410573363304e-03
6.909979999999230131e+03 1.358895190060138702e-02 5.117756780236959457e-03
6.911459999999229694e+03 2.314105629920959473e-02 5.881208460777997971e-03
6.912939999999229258e+03 1.398484408855438232e-02 4.996940959244966507e-03
6.914419999999228821e+03 1.853561773896217346e-02 3.982980735599994659e-03
6.915899999999228385e+03 2.113365195691585541e-02 3.902186872437596321e-03
6.917379999999227948e+03 1.107182539999485016e-02 3.572303568944334984e-03
6.918859999999227512e+03 1.410921849310398102e-02 4.135041497647762299e-03
6.920339999999227075e+03 2.594094723463058472e-02 6.345623638480901718e-03
6.921819999999226638e+03 2.938788384199142456e-02 7.298485841602087021e-03
6.923299999999226202e+03 1.251642592251300812e-02 6.262766662985086441e-03
6.924779999999225765e+03 9.565038606524467468e-03 4.190704319626092911e-03
6.926259999999225329e+03 1.294316072016954422e-02 3.787954570725560188e-03
6.927739999999224892e+03 3.764571622014045715e-03 3.352438565343618393e-03
6.929219999999224456e+03 1.624909415841102600e-02 3.773597301915287971e-03
6.930699999999224019e+03 2.326253801584243774e-02 4.010327626019716263e-03
6.932179999999223583e+03 1.852398179471492767e-02 3.848271211609244347e-03
6.933659999999223146e+03 1.346909254789352417e-02 3.608486149460077286e-03
6.935139999999222709e+03 1.090014167129993439e-02 3.722582478076219559e-03
6.936619999999222273e+03 1.246837805956602097e-02 4.784395918250083923e-03
6.938099999999221836e+03 2.711636200547218323e-02 5.816965363919734955e-03
6.939579999999221400e+03 2.734390646219253540e-02 5.349556915462017059e-03
6.941059999999220963e+03 1.485866587609052658e-02 3.984923474490642548e-03
6.942539999999220527e+03 1.709115877747535706e-02 3.712610108777880669e-03
6.944019999999220090e+03 1.178777962923049927e-02 3.715852741152048111e-03
6.945499999999219654e+03 5.632767453789710999e-03 5.033906083554029465e-03
6.946979999999219217e+03 2.252452075481414795e-02 7.538112811744213104e-03
6.948459999999218780e+03 2.696048468351364136e-02 7.454647682607173920e-03
6.949939999999218344e+03 7.435636594891548157e-03 5.185843445360660553e-03
6.951419999999217907e+03 5.598155315965414047e-03 3.831375855952501297e-03
6.952899999999217471e+03 1.573542878031730652e-02 3.877387614920735359e-03
6.954379999999217034e+03 1.296865381300449371e-02 3.818532684817910194e-03
6.955859999999216598e+03 1.559655461460351944e-02 3.920482471585273743e-03
6.957339999999216161e+03 1.987139880657196045e-02 4.057626705616712570e-03
6.958819999999215725e+03 2.106272801756858826e-02 4.068632610142230988e-03
6.960299999999215288e+03 2.446280792355537415e-02 4.121852107346057892e-03
6.961779999999214851e+03 1.721610687673091888e-02 3.877812065184116364e-03
6.963259999999214415e+03 1.803935691714286804e-02 3.936496563255786896e-03
6.964739999999213978e+03 2.450630068778991699e-02 4.148486070334911346e-03
6.966219999999213542e+03 2.232253365218639374e-02 4.439228679984807968e-03
6.967699999999213105e+03 2.192371711134910583e-02 5.036961287260055542e-03
6.969179999999212669e+03 1.933782920241355896e-02 5.032304208725690842e-03
6.970659999999212232e+03 1.378947962075471878e-02 4.275307524949312210e-03
6.972139999999211796e+03 9.774985723197460175e-03 3.646551398560404778e-03
6.973619999999211359e+03 1.075989101082086563e-02 3.679437329992651939e-03
6.975099999999210922e+03 1.805203408002853394e-02 4.836957436054944992e-03
6.976579999999210486e+03 2.519089728593826294e-02 6.622237153351306915e-03
6.978059999999210049e+03 4.174662753939628601e-02 1.098629180341959000e-02
6.979539999999209613e+03 7.093743234872817993e-02 1.461400091648101807e-02
6.981019999999209176e+03 2.417299151420593262e-02 1.540798693895339966e-02
6.982499999999208740e+03 2.071568556129932404e-02 1.669568754732608795e-02
6.983979999999208303e+03 3.031668439507484436e-02 1.241645682603120804e-02
6.985459999999207866e+03 8.201116323471069336e-02 1.108361594378948212e-02
6.986939999999207430e+03 1.486568003892898560e-01 1.197667233645915985e-02
6.988419999999206993e+03 1.364164799451828003e-01 1.464039552956819534e-02
6.989899999999206557e+03 7.954754680395126343e-02 1.140963565558195114e-02
6.991379999999206120e+03 3.318846598267555237e-02 3.797021927312016487e-03
6.992859999999205684e+03 1.702313497662544250e-02 3.865584265440702438e-03
6.994339999999205247e+03 1.601454615592956543e-02 3.893436864018440247e-03
6.995819999999204811e+03 1.679218560457229614e-02 3.943821415305137634e-03
6.997299999999204374e+03 1.579818874597549438e-02 3.896593349054455757e-03
6.998779999999203937e+03 1.387655548751354218e-02 3.827495267614722252e-03
7.000259999999203501e+03 2.120788209140300751e-02 4.174707457423210144e-03
7.001739999999203064e+03 2.443045563995838165e-02 4.655675962567329407e-03
7.003219999999202628e+03 1.235341746360063553e-02 4.309021867811679840e-03
7.004699999999202191e+03 1.210477389395236969e-02 3.874988760799169540e-03
7.006179999999201755e+03 4.849857650697231293e-03 3.338257549330592155e-03
7.007659999999201318e+03 1.007799152284860611e-02 3.897910937666893005e-03
7.009139999999200882e+03 2.036344818770885468e-02 5.055477842688560486e-03
7.010619999999200445e+03 1.920614205300807953e-02 5.169305484741926193e-03
7.012099999999200008e+03 1.165838632732629776e-02 4.265259020030498505e-03
7.013579999999199572e+03 1.477082259953022003e-02 3.782696323469281197e-03
7.015059999999199135e+03 1.700973138213157654e-02 3.742914879694581032e-03
7.016539999999198699e+03 1.586187072098255157e-02 3.708008676767349243e-03
7.018019999999198262e+03 1.940019614994525909e-02 3.833649447187781334e-03
7.019499999999197826e+03 1.760313101112842560e-02 3.787845605984330177e-03
7.020979999999197389e+03 1.829433254897594452e-02 3.807165892794728279e-03
7.022459999999196953e+03 1.983248628675937653e-02 3.844515420496463776e-03
7.023939999999196516e+03 1.528640184551477432e-02 3.709635464474558830e-03
7.025419999999196079e+03 2.026789262890815735e-02 3.909619990736246109e-03
7.026899999999195643e+03 1.435750164091587067e-02 3.741749329492449760e-03
7.028379999999195206e+03 1.641462184488773346e-02 3.858471522107720375e-03
7.029859999999194770e+03 1.727244630455970764e-02 3.840898629277944565e-03
7.031339999999194333e+03 1.469150930643081665e-02 3.719876054674386978e-03
7.032819999999193897e+03 1.583882607519626617e-02 3.755255369469523430e-03
7.034299999999193460e+03 1.985789462924003601e-02 3.867439227178692818e-03
7.035779999999193024e+03 1.593915745615959167e-02 3.721862332895398140e-03
7.037259999999192587e+03 1.985360495746135712e-02 3.931831568479537964e-03
7.038739999999192150e+03 1.735463924705982208e-02 4.111118614673614502e-03
7.040219999999191714e+03 1.743430644273757935e-02 4.226072225719690323e-03
7.041699999999191277e+03 1.589790359139442444e-02 4.029423929750919342e-03
7.043179999999190841e+03 1.065790560096502304e-02 3.769583301618695259e-03
7.044659999999190404e+03 1.243233215063810349e-02 4.233978223055601120e-03
7.046139999999189968e+03 2.070173807442188263e-02 4.957439377903938293e-03
7.047619999999189531e+03 2.311675623059272766e-02 5.028808023780584335e-03
7.049099999999189095e+03 1.567795313894748688e-02 4.493192769587039948e-03
7.050579999999188658e+03 1.087936293333768845e-02 4.063561093062162399e-03
7.052059999999188221e+03 1.147115416824817657e-02 3.985656891018152237e-03
7.053539999999187785e+03 1.515394821763038635e-02 4.037402104586362839e-03
7.055019999999187348e+03 1.099849492311477661e-02 3.767828922718763351e-03
7.056499999999186912e+03 1.449191942811012268e-02 3.775791497901082039e-03
7.057979999999186475e+03 1.900524646043777466e-02 3.977859858423471451e-03
7.059459999999186039e+03 1.596320420503616333e-02 3.943172283470630646e-03
7.060939999999185602e+03 1.385919936001300812e-02 3.975798841565847397e-03
7.062419999999185166e+03 1.211986504495143890e-02 3.980944398790597916e-03
7.063899999999184729e+03 8.111049421131610870e-03 3.878482384607195854e-03
7.065379999999184292e+03 8.711083792150020599e-03 3.906054189428687096e-03
7.066859999999183856e+03 1.528596878051757812e-02 4.097677301615476608e-03
7.068339999999183419e+03 1.799923554062843323e-02 4.135968629270792007e-03
7.069819999999182983e+03 1.534040551632642746e-02 4.031139891594648361e-03
7.071299999999182546e+03 1.901042088866233826e-02 4.144912585616111755e-03
7.072779999999182110e+03 2.416753582656383514e-02 4.294240847229957581e-03
7.074259999999181673e+03 1.702333427965641022e-02 4.074696917086839676e-03
7.075739999999181236e+03 8.295506238937377930e-03 3.785794135183095932e-03
7.077219999999180800e+03 1.084349490702152252e-02 3.877274226397275925e-03
7.078699999999180363e+03 2.081492915749549866e-02 4.200408235192298889e-03
7.080179999999179927e+03 2.430460415780544281e-02 4.412046633660793304e-03
7.081659999999179490e+03 1.584116555750370026e-02 4.146645311266183853e-03
7.083139999999179054e+03 1.647397503256797791e-02 3.984529525041580200e-03
7.084619999999178617e+03 1.547904871404170990e-02 3.977743443101644516e-03
7.086099999999178181e+03 1.576317846775054932e-02 4.210504703223705292e-03
7.087579999999177744e+03 1.440880447626113892e-02 4.339188337326049805e-03
7.089059999999177307e+03 9.682868607342243195e-03 4.017471335828304291e-03
7.090539999999176871e+03 1.585965603590011597e-02 4.034825600683689117e-03
7.092019999999176434e+03 1.467178761959075928e-02 3.905134741216897964e-03
7.093499999999175998e+03 1.137059554457664490e-02 3.688038093969225883e-03
7.094979999999175561e+03 8.193062618374824524e-03 3.537951270118355751e-03
7.096459999999175125e+03 8.146908134222030640e-03 3.520583035424351692e-03
