4.300739999999999782e+03 -5.000000000000000000e+00 2.236068010330200195e+00
4.302219999999999345e+03 -5.000000000000000000e+00 2.236068010330200195e+00
4.303699999999998909e+03 -5.000000000000000000e+00 2.236068010330200195e+00
4.305179999999998472e+03 -5.000000000000000000e+00 2.236068010330200195e+00
4.306659999999998035e+03 -5.000000000000000000e+00 2.236068010330200195e+00
4.308139999999997599e+03 -5.000000000000000000e+00 2.236068010330200195e+00
4.309619999999997162e+03 -5.000000000000000000e+00 2.236068010330200195e+00
4.311099999999996726e+03 -5.000000000000000000e+00 2.236068010330200195e+00
4.312579999999996289e+03 -5.000000000000000000e+00 2.236068010330200195e+00
4.314059999999995853e+03 -5.000000000000000000e+00 2.236068010330200195e+00
4.315539999999995416e+03 -5.000000000000000000e+00 2.236068010330200195e+00
4.317019999999994980e+03 -5.000000000000000000e+00 2.236068010330200195e+00
4.318499999999994543e+03 -5.000000000000000000e+00 2.236068010330200195e+00
4.319979999999994106e+03 -5.000000000000000000e+00 2.236068010330200195e+00
4.321459999999993670e+03 -5.000000000000000000e+00 2.236068010330200195e+00
4.322939999999993233e+03 -5.000000000000000000e+00 2.236068010330200195e+00
4.324419999999992797e+03 -5.000000000000000000e+00 2.236068010330200195e+00
4.325899999999992360e+03 -5.000000000000000000e+00 2.236068010330200195e+00
4.327379999999991924e+03 -5.000000000000000000e+00 2.236068010330200195e+00
4.328859999999991487e+03 -5.000000000000000000e+00 2.236068010330200195e+00
4.330339999999991051e+03 -5.000000000000000000e+00 2.236068010330200195e+00
4.331819999999990614e+03 -5.000000000000000000e+00 2.236068010330200195e+00
4.333299999999990177e+03 -5.000000000000000000e+00 2.236068010330200195e+00
4.334779999999989741e+03 -5.000000000000000000e+00 2.236068010330200195e+00
4.336259999999989304e+03 -5.000000000000000000e+00 2.236068010330200195e+00
4.337739999999988868e+03 -5.000000000000000000e+00 2.236068010330200195e+00
4.339219999999988431e+03 -5.000000000000000000e+00 2.236068010330200195e+00
4.340699999999987995e+03 -5.000000000000000000e+00 2.236068010330200195e+00
4.342179999999987558e+03 -5.000000000000000000e+00 2.236068010330200195e+00
4.343659999999987122e+03 -5.000000000000000000e+00 2.236068010330200195e+00
4.345139999999986685e+03 -5.000000000000000000e+00 2.236068010330200195e+00
4.346619999999986248e+03 -5.000000000000000000e+00 2.236068010330200195e+00
4.348099999999985812e+03 -5.000000000000000000e+00 2.236068010330200195e+00
4.349579999999985375e+03 -5.000000000000000000e+00 2.236068010330200195e+00
4.351059999999984939e+03 -5.000000000000000000e+00 2.236068010330200195e+00
4.352539999999984502e+03 -5.000000000000000000e+00 2.236068010330200195e+00
4.354019999999984066e+03 -5.000000000000000000e+00 2.236068010330200195e+00
4.355499999999983629e+03 -5.000000000000000000e+00 2.236068010330200195e+00
4.356979999999983193e+03 -5.000000000000000000e+00 2.236068010330200195e+00
4.358459999999982756e+03 -5.000000000000000000e+00 2.236068010330200195e+00
4.359939999999982319e+03 -5.000000000000000000e+00 2.236068010330200195e+00
4.361419999999981883e+03 -5.000000000000000000e+00 2.236068010330200195e+00
4.362899999999981446e+03 -5.000000000000000000e+00 2.236068010330200195e+00
4.364379999999981010e+03 -5.000000000000000000e+00 2.236068010330200195e+00
4.365859999999980573e+03 -5.000000000000000000e+00 2.236068010330200195e+00
4.367339999999980137e+03 -5.000000000000000000e+00 2.236068010330200195e+00
4.368819999999979700e+03 -5.000000000000000000e+00 2.236068010330200195e+00
4.370299999999979264e+03 -5.000000000000000000e+00 2.236068010330200195e+00
4.371779999999978827e+03 -5.000000000000000000e+00 2.236068010330200195e+00
4.373259999999978390e+03 -5.000000000000000000e+00 2.236068010330200195e+00
4.374739999999977954e+03 -5.000000000000000000e+00 2.236068010330200195e+00
4.376219999999977517e+03 -5.000000000000000000e+00 2.236068010330200195e+00
4.377699999999977081e+03 -5.000000000000000000e+00 2.236068010330200195e+00
4.379179999999976644e+03 -5.000000000000000000e+00 2.236068010330200195e+00
4.380659999999976208e+03 -5.000000000000000000e+00 2.236068010330200195e+00
4.382139999999975771e+03 -5.000000000000000000e+00 2.236068010330200195e+00
4.383619999999975335e+03 -5.000000000000000000e+00 2.236068010330200195e+00
4.385099999999974898e+03 -5.000000000000000000e+00 2.236068010330200195e+00
4.386579999999974461e+03 -5.000000000000000000e+00 2.236068010330200195e+00
4.388059999999974025e+03 -5.000000000000000000e+00 2.236068010330200195e+00
4.389539999999973588e+03 -5.000000000000000000e+00 2.236068010330200195e+00
4.391019999999973152e+03 -5.000000000000000000e+00 2.236068010330200195e+00
4.392499999999972715e+03 -5.000000000000000000e+00 2.236068010330200195e+00
4.393979999999972279e+03 -5.000000000000000000e+00 2.236068010330200195e+00
4.395459999999971842e+03 -5.000000000000000000e+00 2.236068010330200195e+00
4.396939999999971405e+03 -5.000000000000000000e+00 2.236068010330200195e+00
4.398419999999970969e+03 -5.000000000000000000e+00 2.236068010330200195e+00
4.399899999999970532e+03 -5.000000000000000000e+00 2.236068010330200195e+00
4.401379999999970096e+03 -5.000000000000000000e+00 2.236068010330200195e+00
4.402859999999969659e+03 -5.000000000000000000e+00 2.236068010330200195e+00
4.404339999999969223e+03 -5.000000000000000000e+00 2.236068010330200195e+00
4.405819999999968786e+03 -5.000000000000000000e+00 2.236068010330200195e+00
4.407299999999968350e+03 -5.000000000000000000e+00 2.236068010330200195e+00
4.408779999999967913e+03 -5.000000000000000000e+00 2.236068010330200195e+00
4.410259999999967476e+03 -5.000000000000000000e+00 2.236068010330200195e+00
4.411739999999967040e+03 -5.000000000000000000e+00 2.236068010330200195e+00
4.413219999999966603e+03 -5.000000000000000000e+00 2.236068010330200195e+00
4.414699999999966167e+03 -5.000000000000000000e+00 2.236068010330200195e+00
4.416179999999965730e+03 -5.000000000000000000e+00 2.236068010330200195e+00
4.417659999999965294e+03 -5.000000000000000000e+00 2.236068010330200195e+00
4.419139999999964857e+03 -5.000000000000000000e+00 2.236068010330200195e+00
4.420619999999964421e+03 -5.000000000000000000e+00 2.236068010330200195e+00
4.422099999999963984e+03 -5.000000000000000000e+00 2.236068010330200195e+00
4.423579999999963547e+03 -5.000000000000000000e+00 2.236068010330200195e+00
4.425059999999963111e+03 -5.000000000000000000e+00 2.236068010330200195e+00
4.426539999999962674e+03 -5.000000000000000000e+00 2.236068010330200195e+00
4.428019999999962238e+03 -5.000000000000000000e+00 2.236068010330200195e+00
4.429499999999961801e+03 -5.000000000000000000e+00 2.236068010330200195e+00
4.430979999999961365e+03 -5.000000000000000000e+00 2.236068010330200195e+00
4.432459999999960928e+03 -5.000000000000000000e+00 2.236068010330200195e+00
4.433939999999960492e+03 -5.000000000000000000e+00 2.236068010330200195e+00
4.435419999999960055e+03 -5.000000000000000000e+00 2.236068010330200195e+00
4.436899999999959618e+03 -5.000000000000000000e+00 2.236068010330200195e+00
4.438379999999959182e+03 -5.000000000000000000e+00 2.236068010330200195e+00
4.439859999999958745e+03 -5.000000000000000000e+00 2.236068010330200195e+00
4.441339999999958309e+03 -5.000000000000000000e+00 2.236068010330200195e+00
4.442819999999957872e+03 -5.000000000000000000e+00 2.236068010330200195e+00
4.444299999999957436e+03 -5.000000000000000000e+00 2.236068010330200195e+00
4.445779999999956999e+03 -5.000000000000000000e+00 2.236068010330200195e+00
4.447259999999956563e+03 -5.000000000000000000e+00 2.236068010330200195e+00
4.448739999999956126e+03 -5.000000000000000000e+00 2.236068010330200195e+00
4.450219999999955689e+03 -5.000000000000000000e+00 2.236068010330200195e+00
4.451699999999955253e+03 6.372219324111938477e-01 2.210646867752075195e-02
4.453179999999954816e+03 7.694881558418273926e-01 2.406469359993934631e-02
4.454659999999954380e+03 7.668672800064086914e-01 2.383853681385517120e-02
4.456139999999953943e+03 7.234857678413391113e-01 2.331699244678020477e-02
4.457619999999953507e+03 6.931834220886230469e-01 2.277247048914432526e-02
4.459099999999953070e+03 6.874501109123229980e-01 2.281456440687179565e-02
4.460579999999952634e+03 7.084375619888305664e-01 2.300537377595901489e-02
4.462059999999952197e+03 6.433031558990478516e-01 2.186262607574462891e-02
4.463539999999951760e+03 6.419430971145629883e-01 2.203142456710338593e-02
4.465019999999951324e+03 7.112570405006408691e-01 2.289627119898796082e-02
4.466499999999950887e+03 6.904008388519287109e-01 2.259571850299835205e-02
4.467979999999950451e+03 7.188309431076049805e-01 2.300042286515235901e-02
4.469459999999950014e+03 7.174013853073120117e-01 2.289324067533016205e-02
4.470939999999949578e+03 6.843165755271911621e-01 2.240945398807525635e-02
4.472419999999949141e+03 7.068622112274169922e-01 2.284011803567409515e-02
4.473899999999948704e+03 6.065099239349365234e-01 2.131127193570137024e-02
4.475379999999948268e+03 5.945357084274291992e-01 2.104853466153144836e-02
4.476859999999947831e+03 8.068393468856811523e-01 2.417919598519802094e-02
4.478339999999947395e+03 1.224070549011230469e+00 2.928358688950538635e-02
4.479819999999946958e+03 1.045901060104370117e+00 2.716739475727081299e-02
4.481299999999946522e+03 6.192928552627563477e-01 2.120422571897506714e-02
4.482779999999946085e+03 5.577205419540405273e-01 2.028433978557586670e-02
4.484259999999945649e+03 5.810598134994506836e-01 2.067485079169273376e-02
4.485739999999945212e+03 6.760314702987670898e-01 2.210967987775802612e-02
4.487219999999944775e+03 6.692242622375488281e-01 2.201822213828563690e-02
4.488699999999944339e+03 6.916720271110534668e-01 2.210548147559165955e-02
4.490179999999943902e+03 6.476393342018127441e-01 2.156411111354827881e-02
4.491659999999943466e+03 6.563478708267211914e-01 2.170272544026374817e-02
4.493139999999943029e+03 7.223689556121826172e-01 2.261566370725631714e-02
4.494619999999942593e+03 7.121869325637817383e-01 2.251170203089714050e-02
4.496099999999942156e+03 7.586933970451354980e-01 2.306609600782394409e-02
4.497579999999941720e+03 8.123826384544372559e-01 2.380779571831226349e-02
4.499059999999941283e+03 7.858915925025939941e-01 2.346769534051418304e-02
4.500539999999940846e+03 7.552154660224914551e-01 2.293995581567287445e-02
4.502019999999940410e+03 8.078275322914123535e-01 2.366578578948974609e-02
4.503499999999939973e+03 8.178091049194335938e-01 2.383562177419662476e-02
4.504979999999939537e+03 7.587630748748779297e-01 2.297884412109851837e-02
4.506459999999939100e+03 7.454061508178710938e-01 2.276535704731941223e-02
4.507939999999938664e+03 8.083058595657348633e-01 2.356788329780101776e-02
4.509419999999938227e+03 7.854739427566528320e-01 2.314694225788116455e-02
4.510899999999937791e+03 8.013859987258911133e-01 2.339846454560756683e-02
4.512379999999937354e+03 7.751956582069396973e-01 2.300226129591464996e-02
4.513859999999936917e+03 7.261184453964233398e-01 2.232705242931842804e-02
4.515339999999936481e+03 7.506736516952514648e-01 2.252046391367912292e-02
4.516819999999936044e+03 8.018313050270080566e-01 2.322163805365562439e-02
4.518299999999935608e+03 7.742413282394409180e-01 2.285210043191909790e-02
4.519779999999935171e+03 7.773579955101013184e-01 2.283771522343158722e-02
4.521259999999934735e+03 7.510235309600830078e-01 2.246711589395999908e-02
4.522739999999934298e+03 6.721842288970947266e-01 2.133910916745662689e-02
4.524219999999933862e+03 6.760011315345764160e-01 2.150167524814605713e-02
4.525699999999933425e+03 6.901879310607910156e-01 2.146863751113414764e-02
4.527179999999932988e+03 7.443993687629699707e-01 2.226595580577850342e-02
4.528659999999932552e+03 7.071888446807861328e-01 2.169512212276458740e-02
4.530139999999932115e+03 7.139232158660888672e-01 2.189162559807300568e-02
4.531619999999931679e+03 7.560218572616577148e-01 2.238233201205730438e-02
4.533099999999931242e+03 7.205854058265686035e-01 2.183487452566623688e-02
4.534579999999930806e+03 6.930302381515502930e-01 2.153092809021472931e-02
4.536059999999930369e+03 7.172414064407348633e-01 2.176548913121223450e-02
4.537539999999929933e+03 7.926992177963256836e-01 2.281157858669757843e-02
4.539019999999929496e+03 7.623500227928161621e-01 2.244472503662109375e-02
4.540499999999929059e+03 7.408192753791809082e-01 2.201650291681289673e-02
4.541979999999928623e+03 7.587923407554626465e-01 2.225128747522830963e-02
4.543459999999928186e+03 7.224450707435607910e-01 2.176542021334171295e-02
4.544939999999927750e+03 7.342075705528259277e-01 2.184625715017318726e-02
4.546419999999927313e+03 7.272024750709533691e-01 2.174297906458377838e-02
4.547899999999926877e+03 7.500749826431274414e-01 2.201832644641399384e-02
4.549379999999926440e+03 7.713005542755126953e-01 2.220815606415271759e-02
4.550859999999926004e+03 7.446982264518737793e-01 2.179257944226264954e-02
4.552339999999925567e+03 8.046123981475830078e-01 2.260341867804527283e-02
4.553819999999925130e+03 7.773512005805969238e-01 2.219112776219844818e-02
4.555299999999924694e+03 7.593744993209838867e-01 2.190083637833595276e-02
4.556779999999924257e+03 7.306168079376220703e-01 2.153209969401359558e-02
4.558259999999923821e+03 7.413032054901123047e-01 2.167940326035022736e-02
4.559739999999923384e+03 7.430324554443359375e-01 2.163584902882575989e-02
4.561219999999922948e+03 8.160634040832519531e-01 2.257137559354305267e-02
4.562699999999922511e+03 7.450051903724670410e-01 2.165427803993225098e-02
4.564179999999922074e+03 7.484271526336669922e-01 2.151662483811378479e-02
4.565659999999921638e+03 7.637678980827331543e-01 2.179145254194736481e-02
4.567139999999921201e+03 7.885541915893554688e-01 2.212034165859222412e-02
4.568619999999920765e+03 7.538563013076782227e-01 2.159454300999641418e-02
4.570099999999920328e+03 8.307300806045532227e-01 2.252832613885402679e-02
4.571579999999919892e+03 6.805225610733032227e-01 2.062818966805934906e-02
4.573059999999919455e+03 7.471269369125366211e-01 2.139982208609580994e-02
4.574539999999919019e+03 7.415072917938232422e-01 2.133413404226303101e-02
4.576019999999918582e+03 7.314215302467346191e-01 2.121095731854438782e-02
4.577499999999918145e+03 7.389770746231079102e-01 2.121103368699550629e-02
4.578979999999917709e+03 7.874762415885925293e-01 2.187285944819450378e-02
4.580459999999917272e+03 7.875371575355529785e-01 2.181728743016719818e-02
4.581939999999916836e+03 7.530331611633300781e-01 2.128366753458976746e-02
4.583419999999916399e+03 7.331197261810302734e-01 2.108363620936870575e-02
4.584899999999915963e+03 7.560042738914489746e-01 2.125890552997589111e-02
4.586379999999915526e+03 7.260711193084716797e-01 2.096178941428661346e-02
4.587859999999915090e+03 7.936559915542602539e-01 2.181239426136016846e-02
4.589339999999914653e+03 7.743579149246215820e-01 2.154968120157718658e-02
4.590819999999914216e+03 7.436358332633972168e-01 2.109627425670623779e-02
4.592299999999913780e+03 7.242648005485534668e-01 2.087653987109661102e-02
4.593779999999913343e+03 7.412983179092407227e-01 2.110366150736808777e-02
4.595259999999912907e+03 7.850328683853149414e-01 2.159537002444267273e-02
4.596739999999912470e+03 7.447320818901062012e-01 2.109199576079845428e-02
4.598219999999912034e+03 7.573570013046264648e-01 2.112843468785285950e-02
4.599699999999911597e+03 7.326840758323669434e-01 2.080627344548702240e-02
4.601179999999911161e+03 7.418380975723266602e-01 2.094556018710136414e-02
4.602659999999910724e+03 7.494665384292602539e-01 2.098290435969829559e-02
4.604139999999910287e+03 7.470439672470092773e-01 2.097393013536930084e-02
4.605619999999909851e+03 7.348952889442443848e-01 2.074724808335304260e-02
4.607099999999909414e+03 7.499752044677734375e-01 2.103346958756446838e-02
4.608579999999908978e+03 7.648164033889770508e-01 2.120297960937023163e-02
4.610059999999908541e+03 7.066546678543090820e-01 2.035575546324253082e-02
4.611539999999908105e+03 7.578500509262084961e-01 2.107702009379863739e-02
4.613019999999907668e+03 8.008124828338623047e-01 2.149698510766029358e-02
4.614499999999907232e+03 7.646911144256591797e-01 2.108291536569595337e-02
4.615979999999906795e+03 7.843386530876159668e-01 2.125679887831211090e-02
4.617459999999906358e+03 7.840571403503417969e-01 2.129752747714519501e-02
4.618939999999905922e+03 8.063527345657348633e-01 2.145515941083431244e-02
4.620419999999905485e+03 7.929605841636657715e-01 2.132162265479564667e-02
4.621899999999905049e+03 7.749700546264648438e-01 2.103505097329616547e-02
4.623379999999904612e+03 7.098759412765502930e-01 2.015983499586582184e-02
4.624859999999904176e+03 6.865020990371704102e-01 1.994246244430541992e-02
4.626339999999903739e+03 7.768617868423461914e-01 2.102682366967201233e-02
4.627819999999903303e+03 7.824044227600097656e-01 2.099437266588211060e-02
4.629299999999902866e+03 8.158897161483764648e-01 2.138038910925388336e-02
4.630779999999902429e+03 8.093640804290771484e-01 2.132499776780605316e-02
4.632259999999901993e+03 7.362912893295288086e-01 2.036022208631038666e-02
4.633739999999901556e+03 7.597514390945434570e-01 2.066487260162830353e-02
4.635219999999901120e+03 8.001780509948730469e-01 2.113054320216178894e-02
4.636699999999900683e+03 7.649854421615600586e-01 2.056458033621311188e-02
4.638179999999900247e+03 7.782738208770751953e-01 2.074449509382247925e-02
4.639659999999899810e+03 7.723121643066406250e-01 2.060707286000251770e-02
4.641139999999899374e+03 8.107562065124511719e-01 2.117150649428367615e-02
4.642619999999898937e+03 8.112256526947021484e-01 2.108054608106613159e-02
4.644099999999898500e+03 7.654080390930175781e-01 2.046128362417221069e-02
4.645579999999898064e+03 7.794402837753295898e-01 2.060742489993572235e-02
4.647059999999897627e+03 7.944974899291992188e-01 2.074266970157623291e-02
4.648539999999897191e+03 8.250895142555236816e-01 2.114469930529594421e-02
4.650019999999896754e+03 8.301620483398437500e-01 2.119947038590908051e-02
4.651499999999896318e+03 7.966370582580566406e-01 2.073092944920063019e-02
4.652979999999895881e+03 7.727140188217163086e-01 2.044732868671417236e-02
4.654459999999895444e+03 8.088438510894775391e-01 2.083133161067962646e-02
4.655939999999895008e+03 8.292699456214904785e-01 2.109468914568424225e-02
4.657419999999894571e+03 7.603466510772705078e-01 2.024101279675960541e-02
4.658899999999894135e+03 8.496253490447998047e-01 2.130031399428844452e-02
4.660379999999893698e+03 7.870558500289916992e-01 2.050353214144706726e-02
4.661859999999893262e+03 7.895501852035522461e-01 2.052362076938152313e-02
4.663339999999892825e+03 8.139913678169250488e-01 2.081605792045593262e-02
4.664819999999892389e+03 7.581402063369750977e-01 2.002147398889064789e-02
4.666299999999891952e+03 7.876364588737487793e-01 2.035989798605442047e-02
4.667779999999891515e+03 7.794867753982543945e-01 2.024645917117595673e-02
4.669259999999891079e+03 7.307273149490356445e-01 1.958776451647281647e-02
4.670739999999890642e+03 7.394399642944335938e-01 1.975995674729347229e-02
4.672219999999890206e+03 7.189824581146240234e-01 1.944996230304241180e-02
4.673699999999889769e+03 7.132837772369384766e-01 2.317187748849391937e-02
4.675179999999889333e+03 7.055621147155761719e-01 3.065700829029083252e-02
4.676659999999888896e+03 7.172991633415222168e-01 2.980765700340270996e-02
4.678139999999888460e+03 7.524832487106323242e-01 2.829423546791076660e-02
4.679619999999888023e+03 7.511510848999023438e-01 2.175345085561275482e-02
4.681099999999887586e+03 7.792527079582214355e-01 2.000740170478820801e-02
4.682579999999887150e+03 8.169324398040771484e-01 2.040093764662742615e-02
4.684059999999886713e+03 7.907627224922180176e-01 2.017906680703163147e-02
4.685539999999886277e+03 7.549149990081787109e-01 1.975275948643684387e-02
4.687019999999885840e+03 7.867956161499023438e-01 2.008243650197982788e-02
4.688499999999885404e+03 7.708282470703125000e-01 1.984930783510208130e-02
4.689979999999884967e+03 7.386188507080078125e-01 1.952150091528892517e-02
4.691459999999884531e+03 7.033579945564270020e-01 1.899917051196098328e-02
4.692939999999884094e+03 7.646309137344360352e-01 1.974318176507949829e-02
4.694419999999883657e+03 7.385711669921875000e-01 1.943444833159446716e-02
4.695899999999883221e+03 7.480943202972412109e-01 1.955461315810680389e-02
4.697379999999882784e+03 7.288098335266113281e-01 1.927768997848033905e-02
4.698859999999882348e+03 7.166222929954528809e-01 1.913403347134590149e-02
4.700339999999881911e+03 7.555050849914550781e-01 1.954783685505390167e-02
4.701819999999881475e+03 7.707493305206298828e-01 1.970937661826610565e-02
4.703299999999881038e+03 7.504878640174865723e-01 1.946163736283779144e-02
4.704779999999880602e+03 7.938687801361083984e-01 1.993947848677635193e-02
4.706259999999880165e+03 8.055815696716308594e-01 2.008302137255668640e-02
4.707739999999879728e+03 7.848138809204101562e-01 1.983283646404743195e-02
4.709219999999879292e+03 7.626101970672607422e-01 1.952929235994815826e-02
4.710699999999878855e+03 7.273094058036804199e-01 1.905113272368907928e-02
4.712179999999878419e+03 7.846889495849609375e-01 1.979000680148601532e-02
4.713659999999877982e+03 7.809031605720520020e-01 1.967149041593074799e-02
4.715139999999877546e+03 8.054508566856384277e-01 1.994560286402702332e-02
4.716619999999877109e+03 7.347070574760437012e-01 1.912000961601734161e-02
4.718099999999876673e+03 7.711628675460815430e-01 1.959816552698612213e-02
4.719579999999876236e+03 7.709155678749084473e-01 1.950266957283020020e-02
4.721059999999875799e+03 7.367331981658935547e-01 1.913145743310451508e-02
4.722539999999875363e+03 7.560015320777893066e-01 1.938159763813018799e-02
4.724019999999874926e+03 7.527638077735900879e-01 1.934488303959369659e-02
4.725499999999874490e+03 7.393031120300292969e-01 1.914272271096706390e-02
4.726979999999874053e+03 7.176511883735656738e-01 1.883064024150371552e-02
4.728459999999873617e+03 7.356168031692504883e-01 1.899318024516105652e-02
4.729939999999873180e+03 7.302644252777099609e-01 1.891602948307991028e-02
4.731419999999872744e+03 7.435786724090576172e-01 1.904569752514362335e-02
4.732899999999872307e+03 7.346011400222778320e-01 1.898566260933876038e-02
4.734379999999871870e+03 7.452411651611328125e-01 1.905620656907558441e-02
4.735859999999871434e+03 8.084185719490051270e-01 1.983240433037281036e-02
4.737339999999870997e+03 7.545762062072753906e-01 1.920925825834274292e-02
4.738819999999870561e+03 7.417058944702148438e-01 1.903191953897476196e-02
4.740299999999870124e+03 7.961813807487487793e-01 1.957686059176921844e-02
4.741779999999869688e+03 7.557772397994995117e-01 1.921457052230834961e-02
4.743259999999869251e+03 7.589265108108520508e-01 1.929941959679126740e-02
4.744739999999868814e+03 7.649793028831481934e-01 1.927741803228855133e-02
4.746219999999868378e+03 7.205985784530639648e-01 1.855986565351486206e-02
4.747699999999867941e+03 7.340067625045776367e-01 1.892154850065708160e-02
4.749179999999867505e+03 7.388835549354553223e-01 1.890907622873783112e-02
4.750659999999867068e+03 7.576276063919067383e-01 1.907479017972946167e-02
4.752139999999866632e+03 7.335945963859558105e-01 1.891029812395572662e-02
4.753619999999866195e+03 7.591484785079956055e-01 1.906820759177207947e-02
4.755099999999865759e+03 7.784717082977294922e-01 1.933617331087589264e-02
4.756579999999865322e+03 8.106685280799865723e-01 1.964613609015941620e-02
4.758059999999864885e+03 7.799358367919921875e-01 1.931186579167842865e-02
4.759539999999864449e+03 7.617052793502807617e-01 1.912520825862884521e-02
4.761019999999864012e+03 7.600898146629333496e-01 1.911476813256740570e-02
4.762499999999863576e+03 7.743495702743530273e-01 1.920747198164463043e-02
4.763979999999863139e+03 8.027362823486328125e-01 1.945428363978862762e-02
4.765459999999862703e+03 7.406786084175109863e-01 1.882617361843585968e-02
4.766939999999862266e+03 7.388254404067993164e-01 1.866778731346130371e-02
4.768419999999861830e+03 7.653566598892211914e-01 1.909495331346988678e-02
4.769899999999861393e+03 8.118494749069213867e-01 1.960998773574829102e-02
4.771379999999860956e+03 8.242459297180175781e-01 1.972686871886253357e-02
4.772859999999860520e+03 7.989752292633056641e-01 1.942909881472587585e-02
4.774339999999860083e+03 7.777650356292724609e-01 1.921248808503150940e-02
4.775819999999859647e+03 7.501489520072937012e-01 1.884829066693782806e-02
4.777299999999859210e+03 8.137108087539672852e-01 1.952714845538139343e-02
4.778779999999858774e+03 7.325059175491333008e-01 1.861517876386642456e-02
4.780259999999858337e+03 7.620968818664550781e-01 1.896948367357254028e-02
4.781739999999857901e+03 7.395961880683898926e-01 1.864964328706264496e-02
4.783219999999857464e+03 7.824712395668029785e-01 1.916412264108657837e-02
4.784699999999857027e+03 7.756054401397705078e-01 1.910223439335823059e-02
4.786179999999856591e+03 7.527585029602050781e-01 1.880867592990398407e-02
4.787659999999856154e+03 7.470642328262329102e-01 1.874407567083835602e-02
4.789139999999855718e+03 7.485696673393249512e-01 1.868519932031631470e-02
4.790619999999855281e+03 7.847427725791931152e-01 1.906766556203365326e-02
4.792099999999854845e+03 7.749937772750854492e-01 1.902331598103046417e-02
4.793579999999854408e+03 7.307723760604858398e-01 1.849670335650444031e-02
4.795059999999853972e+03 7.102535963058471680e-01 1.820559985935688019e-02
4.796539999999853535e+03 7.254279255867004395e-01 1.833850331604480743e-02
4.798019999999853098e+03 7.592457532882690430e-01 1.879154704511165619e-02
4.799499999999852662e+03 7.686057090759277344e-01 1.880112476646900177e-02
4.800979999999852225e+03 7.711069583892822266e-01 1.882456988096237183e-02
4.802459999999851789e+03 7.402076721191406250e-01 1.857494190335273743e-02
4.803939999999851352e+03 7.466935515403747559e-01 1.862883195281028748e-02
4.805419999999850916e+03 7.532877326011657715e-01 1.859268546104431152e-02
4.806899999999850479e+03 7.596910595893859863e-01 1.867774501442909241e-02
4.808379999999850043e+03 7.971922159194946289e-01 1.904245838522911072e-02
4.809859999999849606e+03 7.797479629516601562e-01 1.891245692968368530e-02
4.811339999999849169e+03 7.394088506698608398e-01 1.846955530345439911e-02
4.812819999999848733e+03 7.141596674919128418e-01 1.812553592026233673e-02
4.814299999999848296e+03 7.228437066078186035e-01 1.829867623746395111e-02
4.815779999999847860e+03 7.257677912712097168e-01 1.824756897985935211e-02
4.817259999999847423e+03 7.024259567260742188e-01 1.802417077124118805e-02
4.818739999999846987e+03 7.386693954467773438e-01 1.852167211472988129e-02
4.820219999999846550e+03 7.471624016761779785e-01 1.850189827382564545e-02
4.821699999999846113e+03 7.631483078002929688e-01 1.875352486968040466e-02
4.823179999999845677e+03 7.392470836639404297e-01 1.836268790066242218e-02
4.824659999999845240e+03 7.509117722511291504e-01 1.850682869553565979e-02
4.826139999999844804e+03 7.371867895126342773e-01 1.837622933089733124e-02
4.827619999999844367e+03 7.839791774749755859e-01 1.882759481668472290e-02
4.829099999999843931e+03 7.675491571426391602e-01 1.868683472275733948e-02
4.830579999999843494e+03 7.466688752174377441e-01 1.833491027355194092e-02
4.832059999999843058e+03 7.778143882751464844e-01 1.880342885851860046e-02
4.833539999999842621e+03 7.652456760406494141e-01 1.862573437392711639e-02
4.835019999999842184e+03 7.862837910652160645e-01 1.875034160912036896e-02
4.836499999999841748e+03 7.498324513435363770e-01 1.841894537210464478e-02
4.837979999999841311e+03 7.442724704742431641e-01 1.835644617676734924e-02
4.839459999999840875e+03 7.727854251861572266e-01 1.860849931836128235e-02
4.840939999999840438e+03 7.324622869491577148e-01 1.821271516382694244e-02
4.842419999999840002e+03 7.765831947326660156e-01 1.863503642380237579e-02
4.843899999999839565e+03 7.577638030052185059e-01 1.840007863938808441e-02
4.845379999999839129e+03 7.358329296112060547e-01 1.815122552216053009e-02
4.846859999999838692e+03 7.527583837509155273e-01 1.832888647913932800e-02
4.848339999999838255e+03 7.370879054069519043e-01 1.811888627707958221e-02
4.849819999999837819e+03 7.429128885269165039e-01 1.820744015276432037e-02
4.851299999999837382e+03 7.367811799049377441e-01 1.805073395371437073e-02
4.852779999999836946e+03 7.324865460395812988e-01 1.806642301380634308e-02
4.854259999999836509e+03 7.299217581748962402e-01 1.796438358724117279e-02
4.855739999999836073e+03 7.268174290657043457e-01 1.789348199963569641e-02
4.857219999999835636e+03 7.113187313079833984e-01 1.771236583590507507e-02
4.858699999999835200e+03 7.399452328681945801e-01 1.797461137175559998e-02
4.860179999999834763e+03 7.675487995147705078e-01 1.840552315115928650e-02
4.861659999999834326e+03 7.422997355461120605e-01 1.806426793336868286e-02
4.863139999999833890e+03 7.616149187088012695e-01 1.829940639436244965e-02
4.864619999999833453e+03 7.440277338027954102e-01 1.797334849834442139e-02
4.866099999999833017e+03 7.602902650833129883e-01 1.820342801511287689e-02
4.867579999999832580e+03 7.637363672256469727e-01 1.826977729797363281e-02
4.869059999999832144e+03 8.023084402084350586e-01 1.860320940613746643e-02
4.870539999999831707e+03 7.754108905792236328e-01 1.834942214190959930e-02
4.872019999999831271e+03 7.479197978973388672e-01 1.796521246433258057e-02
4.873499999999830834e+03 7.827560901641845703e-01 1.836446113884449005e-02
4.874979999999830397e+03 7.972096204757690430e-01 1.858646050095558167e-02
4.876459999999829961e+03 7.575457692146301270e-01 1.809240691363811493e-02
4.877939999999829524e+03 7.535123229026794434e-01 1.804803684353828430e-02
4.879419999999829088e+03 7.176427841186523438e-01 1.765168458223342896e-02
4.880899999999828651e+03 7.150900363922119141e-01 1.774105615913867950e-02
4.882379999999828215e+03 7.441669106483459473e-01 1.794534549117088318e-02
4.883859999999827778e+03 7.444390654563903809e-01 1.790550723671913147e-02
4.885339999999827342e+03 7.430341839790344238e-01 1.796575263142585754e-02
4.886819999999826905e+03 7.490100264549255371e-01 1.793269440531730652e-02
4.888299999999826468e+03 7.533497810363769531e-01 1.802162639796733856e-02
4.889779999999826032e+03 7.750750780105590820e-01 1.826874725520610809e-02
4.891259999999825595e+03 7.659539580345153809e-01 1.809574104845523834e-02
4.892739999999825159e+03 7.712967395782470703e-01 1.815875619649887085e-02
4.894219999999824722e+03 7.732571363449096680e-01 1.821373775601387024e-02
4.895699999999824286e+03 7.607460021972656250e-01 1.811521872878074646e-02
4.897179999999823849e+03 7.528706192970275879e-01 1.801424287259578705e-02
4.898659999999823413e+03 7.630703449249267578e-01 1.806921511888504028e-02
4.900139999999822976e+03 7.446419000625610352e-01 1.779761724174022675e-02
4.901619999999822539e+03 7.794139385223388672e-01 1.825065910816192627e-02
4.903099999999822103e+03 7.641647458076477051e-01 1.812530681490898132e-02
4.904579999999821666e+03 7.621636986732482910e-01 1.806719042360782623e-02
4.906059999999821230e+03 7.572834491729736328e-01 1.793911308050155640e-02
4.907539999999820793e+03 7.452482581138610840e-01 1.776853762567043304e-02
4.909019999999820357e+03 7.631719112396240234e-01 1.802055537700653076e-02
4.910499999999819920e+03 7.532267570495605469e-01 1.789805665612220764e-02
4.911979999999819483e+03 7.383950948715209961e-01 1.776347495615482330e-02
4.913459999999819047e+03 7.338234782218933105e-01 1.772008836269378662e-02
4.914939999999818610e+03 7.431715726852416992e-01 1.785778254270553589e-02
4.916419999999818174e+03 6.966105103492736816e-01 1.719473674893379211e-02
4.917899999999817737e+03 7.293744683265686035e-01 1.752504892647266388e-02
4.919379999999817301e+03 7.479017972946166992e-01 1.774128340184688568e-02
4.920859999999816864e+03 7.303260564804077148e-01 1.750938408076763153e-02
4.922339999999816428e+03 7.439744472503662109e-01 1.771593093872070312e-02
4.923819999999815991e+03 7.585942149162292480e-01 1.788361184298992157e-02
4.925299999999815554e+03 7.994090318679809570e-01 1.836846023797988892e-02
4.926779999999815118e+03 7.930137515068054199e-01 1.833108440041542053e-02
4.928259999999814681e+03 7.331781983375549316e-01 1.758550107479095459e-02
4.929739999999814245e+03 7.735212445259094238e-01 1.801841333508491516e-02
4.931219999999813808e+03 7.505085468292236328e-01 1.770856417715549469e-02
4.932699999999813372e+03 7.524732351303100586e-01 1.774504967033863068e-02
4.934179999999812935e+03 7.307978868484497070e-01 1.750354282557964325e-02
4.935659999999812499e+03 7.412106394767761230e-01 1.767595671117305756e-02
4.937139999999812062e+03 7.192053794860839844e-01 1.743513159453868866e-02
4.938619999999811625e+03 7.453777790069580078e-01 1.764946430921554565e-02
4.940099999999811189e+03 7.569454908370971680e-01 1.771618612110614777e-02
4.941579999999810752e+03 7.431445121765136719e-01 1.766743510961532593e-02
4.943059999999810316e+03 7.567166090011596680e-01 1.778271049261093140e-02
4.944539999999809879e+03 7.655153870582580566e-01 1.780642382800579071e-02
4.946019999999809443e+03 7.932537198066711426e-01 1.820314675569534302e-02
4.947499999999809006e+03 7.943525314331054688e-01 1.815169490873813629e-02
4.948979999999808570e+03 7.650233507156372070e-01 1.787586696445941925e-02
4.950459999999808133e+03 7.725797891616821289e-01 1.792133413255214691e-02
4.951939999999807696e+03 7.341295480728149414e-01 1.749454066157341003e-02
4.953419999999807260e+03 7.185160517692565918e-01 1.735046878457069397e-02
4.954899999999806823e+03 7.600594162940979004e-01 1.764223538339138031e-02
4.956379999999806387e+03 7.748315334320068359e-01 2.506508864462375641e-02
4.957859999999805950e+03 7.701547741889953613e-01 2.614281512796878815e-02
4.959339999999805514e+03 7.677046060562133789e-01 1.778547093272209167e-02
4.960819999999805077e+03 7.543108463287353516e-01 1.770452596247196198e-02
4.962299999999804641e+03 7.313532829284667969e-01 1.738054864108562469e-02
4.963779999999804204e+03 7.418611049652099609e-01 1.759510301053524017e-02
4.965259999999803767e+03 7.703614830970764160e-01 1.779707707464694977e-02
4.966739999999803331e+03 7.587870955467224121e-01 1.771235652267932892e-02
4.968219999999802894e+03 7.834429740905761719e-01 1.802472770214080811e-02
4.969699999999802458e+03 7.484296560287475586e-01 1.764347963035106659e-02
4.971179999999802021e+03 7.719919681549072266e-01 1.790197566151618958e-02
4.972659999999801585e+03 7.672749757766723633e-01 1.780301705002784729e-02
4.974139999999801148e+03 7.959063053131103516e-01 1.817798800766468048e-02
4.975619999999800712e+03 8.038825392723083496e-01 1.816225424408912659e-02
4.977099999999800275e+03 7.675616145133972168e-01 1.774183660745620728e-02
4.978579999999799838e+03 7.287322878837585449e-01 1.735996641218662262e-02
4.980059999999799402e+03 7.301710844039916992e-01 1.735059730708599091e-02
4.981539999999798965e+03 7.434287667274475098e-01 1.743245497345924377e-02
4.983019999999798529e+03 7.352650165557861328e-01 1.734149456024169922e-02
4.984499999999798092e+03 6.986947059631347656e-01 1.695442385971546173e-02
4.985979999999797656e+03 7.440925836563110352e-01 1.746824383735656738e-02
4.987459999999797219e+03 7.340956926345825195e-01 1.741840317845344543e-02
4.988939999999796783e+03 7.436040043830871582e-01 1.746734231710433960e-02
4.990419999999796346e+03 7.241762876510620117e-01 1.725143752992153168e-02
4.991899999999795909e+03 7.309083342552185059e-01 1.732508651912212372e-02
4.993379999999795473e+03 7.269056439399719238e-01 1.727167889475822449e-02
4.994859999999795036e+03 6.873605251312255859e-01 1.680334284901618958e-02
4.996339999999794600e+03 7.066958546638488770e-01 1.704143732786178589e-02
4.997819999999794163e+03 7.144479751586914062e-01 1.710879243910312653e-02
4.999299999999793727e+03 6.997197866439819336e-01 1.692323572933673859e-02
5.000779999999793290e+03 7.392443418502807617e-01 1.728653162717819214e-02
5.002259999999792853e+03 6.996305584907531738e-01 1.697869226336479187e-02
5.003739999999792417e+03 6.810960769653320312e-01 1.670565269887447357e-02
5.005219999999791980e+03 6.924798488616943359e-01 1.685969345271587372e-02
5.006699999999791544e+03 6.522260904312133789e-01 1.633069664239883423e-02
5.008179999999791107e+03 6.368776559829711914e-01 1.618443056941032410e-02
5.009659999999790671e+03 6.256937980651855469e-01 1.604711823165416718e-02
5.011139999999790234e+03 6.286970973014831543e-01 1.606511324644088745e-02
5.012619999999789798e+03 6.677590608596801758e-01 1.649708859622478485e-02
5.014099999999789361e+03 1.237240910530090332e+00 2.212904207408428192e-02
5.015579999999788924e+03 2.138022899627685547e+00 2.896596305072307587e-02
5.017059999999788488e+03 1.836834907531738281e+00 2.691122144460678101e-02
5.018539999999788051e+03 8.727096319198608398e-01 1.871514506638050079e-02
5.020019999999787615e+03 5.850034952163696289e-01 1.556954812258481979e-02
5.021499999999787178e+03 6.201712489128112793e-01 1.587085798382759094e-02
5.022979999999786742e+03 6.213356852531433105e-01 1.594442874193191528e-02
5.024459999999786305e+03 6.558486819267272949e-01 1.640017144381999969e-02
5.025939999999785869e+03 6.462954282760620117e-01 1.624129712581634521e-02
5.027419999999785432e+03 6.350591182708740234e-01 1.604515686631202698e-02
5.028899999999784995e+03 6.344291567802429199e-01 1.609196886420249939e-02
5.030379999999784559e+03 6.724491715431213379e-01 1.651219278573989868e-02
5.031859999999784122e+03 6.868672966957092285e-01 1.674439013004302979e-02
5.033339999999783686e+03 7.343194484710693359e-01 1.720080338418483734e-02
5.034819999999783249e+03 7.385697960853576660e-01 1.726220361888408661e-02
5.036299999999782813e+03 7.216162085533142090e-01 1.702546328306198120e-02
5.037779999999782376e+03 6.846920847892761230e-01 1.661991886794567108e-02
5.039259999999781940e+03 7.268526554107666016e-01 1.699353195726871490e-02
5.040739999999781503e+03 6.842292547225952148e-01 1.655901409685611725e-02
5.042219999999781066e+03 6.810654997825622559e-01 1.654115505516529083e-02
5.043699999999780630e+03 6.932528614997863770e-01 1.669269427657127380e-02
5.045179999999780193e+03 6.896156668663024902e-01 1.663441583514213562e-02
5.046659999999779757e+03 6.733399033546447754e-01 1.644530706107616425e-02
5.048139999999779320e+03 7.261093854904174805e-01 1.705602183938026428e-02
5.049619999999778884e+03 7.518889904022216797e-01 1.728337071835994720e-02
5.051099999999778447e+03 7.582009434700012207e-01 1.740196719765663147e-02
5.052579999999778011e+03 7.641345858573913574e-01 1.742053963243961334e-02
5.054059999999777574e+03 7.934924960136413574e-01 1.772995665669441223e-02
5.055539999999777137e+03 7.845011353492736816e-01 1.760068163275718689e-02
5.057019999999776701e+03 7.104243040084838867e-01 1.684162206947803497e-02
5.058499999999776264e+03 7.541576623916625977e-01 1.734944060444831848e-02
5.059979999999775828e+03 7.459847927093505859e-01 1.722379587590694427e-02
5.061459999999775391e+03 7.626804709434509277e-01 1.742724701762199402e-02
5.062939999999774955e+03 7.328674793243408203e-01 1.703486777842044830e-02
5.064419999999774518e+03 7.434027194976806641e-01 1.715633459389209747e-02
5.065899999999774082e+03 7.270298004150390625e-01 1.702380925416946411e-02
5.067379999999773645e+03 6.968806385993957520e-01 1.663744635879993439e-02
5.068859999999773208e+03 6.960658431053161621e-01 1.665894873440265656e-02
5.070339999999772772e+03 7.361702919006347656e-01 1.707832515239715576e-02
5.071819999999772335e+03 7.390760183334350586e-01 1.711558550596237183e-02
5.073299999999771899e+03 7.593966722488403320e-01 1.734579354524612427e-02
5.074779999999771462e+03 7.075150609016418457e-01 1.672617346048355103e-02
5.076259999999771026e+03 6.661868691444396973e-01 1.630726270377635956e-02
5.077739999999770589e+03 6.944022178649902344e-01 1.654907502233982086e-02
5.079219999999770152e+03 7.001799345016479492e-01 1.661737076938152313e-02
5.080699999999769716e+03 6.907245516777038574e-01 1.649627089500427246e-02
5.082179999999769279e+03 7.315615415573120117e-01 1.694299839437007904e-02
5.083659999999768843e+03 7.540224790573120117e-01 1.725709252059459686e-02
5.085139999999768406e+03 7.566337585449218750e-01 1.727669127285480499e-02
5.086619999999767970e+03 7.638164162635803223e-01 1.730451174080371857e-02
5.088099999999767533e+03 7.634181380271911621e-01 1.727259904146194458e-02
5.089579999999767097e+03 7.443713545799255371e-01 1.710227504372596741e-02
5.091059999999766660e+03 7.357750535011291504e-01 1.702914200723171234e-02
5.092539999999766223e+03 7.315310239791870117e-01 1.698083244264125824e-02
5.094019999999765787e+03 7.024369239807128906e-01 1.673744618892669678e-02
5.095499999999765350e+03 7.140145897865295410e-01 1.673479564487934113e-02
5.096979999999764914e+03 7.195351123809814453e-01 1.686500757932662964e-02
5.098459999999764477e+03 7.770287990570068359e-01 1.741292886435985565e-02
5.099939999999764041e+03 7.824406623840332031e-01 1.746107824146747589e-02
5.101419999999763604e+03 7.730709910392761230e-01 1.739358343183994293e-02
5.102899999999763168e+03 7.406762838363647461e-01 1.705261878669261932e-02
5.104379999999762731e+03 7.454159855842590332e-01 1.708658970892429352e-02
5.105859999999762294e+03 7.742553949356079102e-01 1.737176254391670227e-02
5.107339999999761858e+03 7.791695594787597656e-01 1.743336394429206848e-02
5.108819999999761421e+03 7.501380443572998047e-01 1.708546653389930725e-02
5.110299999999760985e+03 7.575930953025817871e-01 1.715669780969619751e-02
5.111779999999760548e+03 7.638797760009765625e-01 1.722711138427257538e-02
5.113259999999760112e+03 7.349410653114318848e-01 1.697684451937675476e-02
5.114739999999759675e+03 7.731936573982238770e-01 1.739814504981040955e-02
5.116219999999759239e+03 8.480418920516967773e-01 1.807336509227752686e-02
5.117699999999758802e+03 8.294403553009033203e-01 1.794263906776905060e-02
5.119179999999758365e+03 7.707885503768920898e-01 1.728452742099761963e-02
5.120659999999757929e+03 7.284730672836303711e-01 1.683912612497806549e-02
5.122139999999757492e+03 7.459198236465454102e-01 1.694732159376144409e-02
5.123619999999757056e+03 7.180368900299072266e-01 1.665958575904369354e-02
5.125099999999756619e+03 7.403503060340881348e-01 1.695671491324901581e-02
5.126579999999756183e+03 7.122860550880432129e-01 1.664544083178043365e-02
5.128059999999755746e+03 7.104042768478393555e-01 1.658375561237335205e-02
5.129539999999755310e+03 7.218257188796997070e-01 1.672778278589248657e-02
5.131019999999754873e+03 7.425010204315185547e-01 1.693939976394176483e-02
5.132499999999754436e+03 7.729374170303344727e-01 1.731339469552040100e-02
5.133979999999754000e+03 7.560138106346130371e-01 1.711384952068328857e-02
5.135459999999753563e+03 7.438627481460571289e-01 1.693783514201641083e-02
5.136939999999753127e+03 7.127228379249572754e-01 1.660286821424961090e-02
5.138419999999752690e+03 6.934188604354858398e-01 1.641300506889820099e-02
5.139899999999752254e+03 6.967596411705017090e-01 1.645480468869209290e-02
5.141379999999751817e+03 6.794533729553222656e-01 1.621085777878761292e-02
5.142859999999751381e+03 6.991807222366333008e-01 1.642095856368541718e-02
5.144339999999750944e+03 6.963526606559753418e-01 1.647148467600345612e-02
5.145819999999750507e+03 7.454769611358642578e-01 1.690813340246677399e-02
5.147299999999750071e+03 7.453253865242004395e-01 1.689456775784492493e-02
5.148779999999749634e+03 7.449612021446228027e-01 1.694068312644958496e-02
5.150259999999749198e+03 7.589722275733947754e-01 1.706708781421184540e-02
5.151739999999748761e+03 7.251781821250915527e-01 1.677300035953521729e-02
5.153219999999748325e+03 7.475152015686035156e-01 1.691020652651786804e-02
5.154699999999747888e+03 7.449156045913696289e-01 1.688301935791969299e-02
5.156179999999747452e+03 7.221866846084594727e-01 1.670220494270324707e-02
5.157659999999747015e+03 7.117871642112731934e-01 1.658550649881362915e-02
5.159139999999746578e+03 7.127846479415893555e-01 1.655595377087593079e-02
5.160619999999746142e+03 7.139822244644165039e-01 1.653761230409145355e-02
5.162099999999745705e+03 7.482777237892150879e-01 1.691799424588680267e-02
5.163579999999745269e+03 8.773808479309082031e-01 1.825846545398235321e-02
5.165059999999744832e+03 1.043877840042114258e+00 1.968282833695411682e-02
5.166539999999744396e+03 1.053257226943969727e+00 1.979490928351879120e-02
5.168019999999743959e+03 8.989363908767700195e-01 1.836550794541835785e-02
5.169499999999743522e+03 7.411329746246337891e-01 1.669859141111373901e-02
5.170979999999743086e+03 7.131853699684143066e-01 1.644216105341911316e-02
5.172459999999742649e+03 6.980069279670715332e-01 1.616296917200088501e-02
5.173939999999742213e+03 6.744573116302490234e-01 1.608050055801868439e-02
5.175419999999741776e+03 6.929384469985961914e-01 1.626989617943763733e-02
5.176899999999741340e+03 7.154003381729125977e-01 1.654282025992870331e-02
5.178379999999740903e+03 6.497181057929992676e-01 1.572738215327262878e-02
5.179859999999740467e+03 6.817870140075683594e-01 1.608766987919807434e-02
5.181339999999740030e+03 6.839023232460021973e-01 1.603080891072750092e-02
5.182819999999739593e+03 6.896078586578369141e-01 1.599319837987422943e-02
5.184299999999739157e+03 7.297437787055969238e-01 1.657875999808311462e-02
5.185779999999738720e+03 7.370986938476562500e-01 1.668164879083633423e-02
5.187259999999738284e+03 6.823668479919433594e-01 1.620162278413772583e-02
5.188739999999737847e+03 7.110115885734558105e-01 1.645351015031337738e-02
5.190219999999737411e+03 7.130419015884399414e-01 1.638519391417503357e-02
5.191699999999736974e+03 7.249566912651062012e-01 1.647123135626316071e-02
5.193179999999736538e+03 7.162117362022399902e-01 1.639567501842975616e-02
5.194659999999736101e+03 6.987246274948120117e-01 1.633713021874427795e-02
5.196139999999735664e+03 7.248076796531677246e-01 1.685197092592716217e-02
5.197619999999735228e+03 7.135074734687805176e-01 1.700395531952381134e-02
5.199099999999734791e+03 6.986382603645324707e-01 1.666752249002456665e-02
5.200579999999734355e+03 6.588370203971862793e-01 1.613556221127510071e-02
5.202059999999733918e+03 6.643796563148498535e-01 1.593936607241630554e-02
5.203539999999733482e+03 6.996431350708007812e-01 1.627293229103088379e-02
5.205019999999733045e+03 7.094222903251647949e-01 1.631923764944076538e-02
5.206499999999732609e+03 7.461991310119628906e-01 1.668265461921691895e-02
5.207979999999732172e+03 7.340908050537109375e-01 1.653684116899967194e-02
5.209459999999731735e+03 6.873369216918945312e-01 1.610524207353591919e-02
5.210939999999731299e+03 7.089493274688720703e-01 1.632263883948326111e-02
5.212419999999730862e+03 7.253969907760620117e-01 1.644300669431686401e-02
5.213899999999730426e+03 7.182612419128417969e-01 1.638251170516014099e-02
5.215379999999729989e+03 7.253746986389160156e-01 1.644842326641082764e-02
5.216859999999729553e+03 7.217933535575866699e-01 1.645927131175994873e-02
5.218339999999729116e+03 7.372540831565856934e-01 1.662005297839641571e-02
5.219819999999728680e+03 7.468569278717041016e-01 1.666167005896568298e-02
5.221299999999728243e+03 7.649520635604858398e-01 1.685699820518493652e-02
5.222779999999727806e+03 7.358904480934143066e-01 1.661818288266658783e-02
5.224259999999727370e+03 7.310248613357543945e-01 1.649844832718372345e-02
5.225739999999726933e+03 7.092599868774414062e-01 1.621990650892257690e-02
5.227219999999726497e+03 7.057070136070251465e-01 1.620356552302837372e-02
5.228699999999726060e+03 7.312061786651611328e-01 1.648793742060661316e-02
5.230179999999725624e+03 7.089309692382812500e-01 1.628942042589187622e-02
5.231659999999725187e+03 7.186129093170166016e-01 1.634056866168975830e-02
5.233139999999724751e+03 7.384163141250610352e-01 1.655309274792671204e-02
5.234619999999724314e+03 7.035992741584777832e-01 1.619011908769607544e-02
5.236099999999723877e+03 7.209028005599975586e-01 1.646933518350124359e-02
5.237579999999723441e+03 7.152380347251892090e-01 1.645073294639587402e-02
5.239059999999723004e+03 6.853787302970886230e-01 1.605158485472202301e-02
5.240539999999722568e+03 6.682490706443786621e-01 1.580061390995979309e-02
5.242019999999722131e+03 6.723077893257141113e-01 1.584949158132076263e-02
5.243499999999721695e+03 6.653661727905273438e-01 1.579465158283710480e-02
5.244979999999721258e+03 6.715829968452453613e-01 1.584243774414062500e-02
5.246459999999720822e+03 7.083094120025634766e-01 1.628075167536735535e-02
5.247939999999720385e+03 7.341625690460205078e-01 1.652196981012821198e-02
5.249419999999719948e+03 7.079535722732543945e-01 1.622421108186244965e-02
5.250899999999719512e+03 7.115380764007568359e-01 1.620477810502052307e-02
5.252379999999719075e+03 7.350826263427734375e-01 1.651557162404060364e-02
5.253859999999718639e+03 7.364491224288940430e-01 1.654446497559547424e-02
5.255339999999718202e+03 7.364161610603332520e-01 1.656971126794815063e-02
5.256819999999717766e+03 7.058789134025573730e-01 1.624740287661552429e-02
5.258299999999717329e+03 7.024658322334289551e-01 1.613219454884529114e-02
5.259779999999716892e+03 6.850317716598510742e-01 1.590819284319877625e-02
5.261259999999716456e+03 6.582811474800109863e-01 1.567146554589271545e-02
5.262739999999716019e+03 6.878816485404968262e-01 1.588431559503078461e-02
5.264219999999715583e+03 7.443650364875793457e-01 1.650323159992694855e-02
5.265699999999715146e+03 7.299431562423706055e-01 1.634068973362445831e-02
5.267179999999714710e+03 6.891078352928161621e-01 1.589388586580753326e-02
5.268659999999714273e+03 7.024695873260498047e-01 1.597663946449756622e-02
5.270139999999713837e+03 7.026016116142272949e-01 1.601758040487766266e-02
5.271619999999713400e+03 6.974712014198303223e-01 1.603515259921550751e-02
5.273099999999712963e+03 7.101454734802246094e-01 1.613792590796947479e-02
5.274579999999712527e+03 7.221643924713134766e-01 1.625603809952735901e-02
5.276059999999712090e+03 7.004851102828979492e-01 1.604616083204746246e-02
5.277539999999711654e+03 7.012381553649902344e-01 1.605735160410404205e-02
5.279019999999711217e+03 7.208570241928100586e-01 1.628023572266101837e-02
5.280499999999710781e+03 7.347521781921386719e-01 1.635190844535827637e-02
5.281979999999710344e+03 7.402765750885009766e-01 1.644098386168479919e-02
5.283459999999709908e+03 6.969146132469177246e-01 1.596928015351295471e-02
5.284939999999709471e+03 6.910855174064636230e-01 1.595883443951606750e-02
5.286419999999709034e+03 6.770362854003906250e-01 1.573648490011692047e-02
5.287899999999708598e+03 6.834351420402526855e-01 1.587501913309097290e-02
5.289379999999708161e+03 6.986859440803527832e-01 1.600646413862705231e-02
5.290859999999707725e+03 6.736644506454467773e-01 1.573887094855308533e-02
5.292339999999707288e+03 6.751750707626342773e-01 1.575624756515026093e-02
5.293819999999706852e+03 7.054997086524963379e-01 1.614067330956459045e-02
5.295299999999706415e+03 6.696671843528747559e-01 1.566513255238533020e-02
5.296779999999705979e+03 6.941161155700683594e-01 1.593485102057456970e-02
5.298259999999705542e+03 7.095271944999694824e-01 1.615553162992000580e-02
5.299739999999705105e+03 6.974305510520935059e-01 1.594883762300014496e-02
5.301219999999704669e+03 6.553699970245361328e-01 1.548168435692787170e-02
5.302699999999704232e+03 6.454290747642517090e-01 1.541164517402648926e-02
5.304179999999703796e+03 6.894292235374450684e-01 1.579985767602920532e-02
5.305659999999703359e+03 6.785799860954284668e-01 1.575119979679584503e-02
5.307139999999702923e+03 6.782019734382629395e-01 1.579177938401699066e-02
5.308619999999702486e+03 7.032574415206909180e-01 1.604965701699256897e-02
5.310099999999702050e+03 6.715246438980102539e-01 1.576579175889492035e-02
5.311579999999701613e+03 6.828142404556274414e-01 1.586087793111801147e-02
5.313059999999701176e+03 6.844601631164550781e-01 1.587680727243423462e-02
5.314539999999700740e+03 6.583820581436157227e-01 1.550848688930273056e-02
5.316019999999700303e+03 6.683033108711242676e-01 1.568816415965557098e-02
5.317499999999699867e+03 6.665354371070861816e-01 1.560838427394628525e-02
5.318979999999699430e+03 6.587652564048767090e-01 1.556098181754350662e-02
5.320459999999698994e+03 6.853663921356201172e-01 1.588731072843074799e-02
5.321939999999698557e+03 7.152603864669799805e-01 1.611953228712081909e-02
5.323419999999698121e+03 7.132775187492370605e-01 1.612803339958190918e-02
5.324899999999697684e+03 7.098566889762878418e-01 1.614165119826793671e-02
5.326379999999697247e+03 7.010368108749389648e-01 1.595823839306831360e-02
5.327859999999696811e+03 7.026625871658325195e-01 1.596989296376705170e-02
5.329339999999696374e+03 6.446829438209533691e-01 1.535526104271411896e-02
5.330819999999695938e+03 5.867714881896972656e-01 1.477319374680519104e-02
5.332299999999695501e+03 5.803802013397216797e-01 1.464864704757928848e-02
5.333779999999695065e+03 6.098279356956481934e-01 1.499376166611909866e-02
5.335259999999694628e+03 6.208763122558593750e-01 1.510757766664028168e-02
5.336739999999694192e+03 5.479930639266967773e-01 1.422798447310924530e-02
5.338219999999693755e+03 5.761313438415527344e-01 1.456753630191087723e-02
5.339699999999693318e+03 6.649905443191528320e-01 1.554247271269559860e-02
5.341179999999692882e+03 6.800539493560791016e-01 1.572566665709018707e-02
5.342659999999692445e+03 6.827690005302429199e-01 1.576189696788787842e-02
5.344139999999692009e+03 6.983587145805358887e-01 1.593932881951332092e-02
5.345619999999691572e+03 6.627753973007202148e-01 1.556415110826492310e-02
5.347099999999691136e+03 6.020761132240295410e-01 1.485249027609825134e-02
5.348579999999690699e+03 5.969836115837097168e-01 1.481062825769186020e-02
5.350059999999690262e+03 6.272517442703247070e-01 1.511727087199687958e-02
5.351539999999689826e+03 6.530271768569946289e-01 1.539326645433902740e-02
5.353019999999689389e+03 6.540663242340087891e-01 1.545099355280399323e-02
5.354499999999688953e+03 6.794099807739257812e-01 1.574451290071010590e-02
5.355979999999688516e+03 6.600874066352844238e-01 1.545272674411535263e-02
5.357459999999688080e+03 6.438593268394470215e-01 1.529921032488346100e-02
5.358939999999687643e+03 6.518636345863342285e-01 1.544220279902219772e-02
5.360419999999687207e+03 6.911510825157165527e-01 1.581485942006111145e-02
5.361899999999686770e+03 7.092317342758178711e-01 1.593901775777339935e-02
5.363379999999686333e+03 7.798896431922912598e-01 1.673862710595130920e-02
5.364859999999685897e+03 7.681546211242675781e-01 1.649985834956169128e-02
5.366339999999685460e+03 7.366952300071716309e-01 1.630173623561859131e-02
5.367819999999685024e+03 6.764003634452819824e-01 1.563213951885700226e-02
5.369299999999684587e+03 6.629693508148193359e-01 1.541682984679937363e-02
5.370779999999684151e+03 6.316527724266052246e-01 1.507564727216959000e-02
5.372259999999683714e+03 6.267676353454589844e-01 1.506625302135944366e-02
5.373739999999683278e+03 6.470937132835388184e-01 1.524402294307947159e-02
5.375219999999682841e+03 6.366968154907226562e-01 1.516697928309440613e-02
5.376699999999682404e+03 6.716837286949157715e-01 1.557767391204833984e-02
5.378179999999681968e+03 7.232050895690917969e-01 1.607527025043964386e-02
5.379659999999681531e+03 7.010213136672973633e-01 1.585210300981998444e-02
5.381139999999681095e+03 6.657748222351074219e-01 1.544803567230701447e-02
5.382619999999680658e+03 6.814222931861877441e-01 1.562950015068054199e-02
5.384099999999680222e+03 7.123473882675170898e-01 1.597912609577178955e-02
5.385579999999679785e+03 7.020049095153808594e-01 1.582589559257030487e-02
5.387059999999679349e+03 7.199524641036987305e-01 1.604127325117588043e-02
5.388539999999678912e+03 7.234350442886352539e-01 1.610042154788970947e-02
5.390019999999678475e+03 6.648589968681335449e-01 1.542032975703477859e-02
5.391499999999678039e+03 6.344772577285766602e-01 1.510614715516567230e-02
5.392979999999677602e+03 6.381793022155761719e-01 1.510583236813545227e-02
5.394459999999677166e+03 6.926587820053100586e-01 1.569868810474872589e-02
5.395939999999676729e+03 6.937906146049499512e-01 1.569794677197933197e-02
5.397419999999676293e+03 6.791719794273376465e-01 1.555708050727844238e-02
5.398899999999675856e+03 6.674697399139404297e-01 1.543624047189950943e-02
5.400379999999675420e+03 6.796723008155822754e-01 1.557370554655790329e-02
5.401859999999674983e+03 7.015523314476013184e-01 1.578888110816478729e-02
5.403339999999674546e+03 6.870162487030029297e-01 1.561160478740930557e-02
5.404819999999674110e+03 7.016845941543579102e-01 1.570570841431617737e-02
5.406299999999673673e+03 7.148897647857666016e-01 1.596940308809280396e-02
5.407779999999673237e+03 6.726887822151184082e-01 1.539290230721235275e-02
5.409259999999672800e+03 6.772686243057250977e-01 1.552115287631750107e-02
5.410739999999672364e+03 7.017677426338195801e-01 1.577953249216079712e-02
5.412219999999671927e+03 7.239904403686523438e-01 1.597656868398189545e-02
5.413699999999671491e+03 7.210811376571655273e-01 1.596808433532714844e-02
5.415179999999671054e+03 6.768420934677124023e-01 1.549691427499055862e-02
5.416659999999670617e+03 6.863831877708435059e-01 1.560319401323795319e-02
5.418139999999670181e+03 6.870603561401367188e-01 1.564159058034420013e-02
5.419619999999669744e+03 6.959879398345947266e-01 1.575781963765621185e-02
5.421099999999669308e+03 7.051689028739929199e-01 1.575600542128086090e-02
5.422579999999668871e+03 7.037663459777832031e-01 1.576538383960723877e-02
5.424059999999668435e+03 6.919849514961242676e-01 1.566194742918014526e-02
5.425539999999667998e+03 6.877940893173217773e-01 1.556401606649160385e-02
5.427019999999667561e+03 6.993133425712585449e-01 1.568393036723136902e-02
5.428499999999667125e+03 6.966444253921508789e-01 1.567136868834495544e-02
5.429979999999666688e+03 6.675122976303100586e-01 1.537802815437316895e-02
5.431459999999666252e+03 6.208373904228210449e-01 1.483711414039134979e-02
5.432939999999665815e+03 6.206599473953247070e-01 1.486037857830524445e-02
5.434419999999665379e+03 6.283570528030395508e-01 1.494612731039524078e-02
5.435899999999664942e+03 6.337126493453979492e-01 1.501741167157888412e-02
5.437379999999664506e+03 6.266383528709411621e-01 1.496784109622240067e-02
5.438859999999664069e+03 6.353970766067504883e-01 1.500163134187459946e-02
5.440339999999663632e+03 6.528670787811279297e-01 1.520268060266971588e-02
5.441819999999663196e+03 6.910881996154785156e-01 1.563420519232749939e-02
5.443299999999662759e+03 6.763364672660827637e-01 1.545303687453269958e-02
5.444779999999662323e+03 7.008321285247802734e-01 1.564764045178890228e-02
5.446259999999661886e+03 7.134437561035156250e-01 1.580535806715488434e-02
5.447739999999661450e+03 7.012103199958801270e-01 1.571486890316009521e-02
5.449219999999661013e+03 7.044150829315185547e-01 1.570456661283969879e-02
5.450699999999660577e+03 6.665189862251281738e-01 1.533585321158170700e-02
5.452179999999660140e+03 6.648933887481689453e-01 1.538421772420406342e-02
5.453659999999659703e+03 7.151935100555419922e-01 1.570796594023704529e-02
5.455139999999659267e+03 7.323533296585083008e-01 1.599388755857944489e-02
5.456619999999658830e+03 7.503415942192077637e-01 1.618103682994842529e-02
5.458099999999658394e+03 7.593980431556701660e-01 1.629831083118915558e-02
5.459579999999657957e+03 7.532684206962585449e-01 1.623265072703361511e-02
5.461059999999657521e+03 7.549479007720947266e-01 1.630324125289916992e-02
5.462539999999657084e+03 7.280300855636596680e-01 1.595945656299591064e-02
5.464019999999656648e+03 7.124054431915283203e-01 1.572489179670810699e-02
5.465499999999656211e+03 6.679212450981140137e-01 1.530789211392402649e-02
5.466979999999655774e+03 6.742402315139770508e-01 1.539988536387681961e-02
5.468459999999655338e+03 6.977875232696533203e-01 1.558910124003887177e-02
5.469939999999654901e+03 7.050296068191528320e-01 1.725250668823719025e-02
5.471419999999654465e+03 7.200895547866821289e-01 2.027093246579170227e-02
5.472899999999654028e+03 7.208581566810607910e-01 1.694203913211822510e-02
5.474379999999653592e+03 7.191768288612365723e-01 1.582458429038524628e-02
5.475859999999653155e+03 7.102457284927368164e-01 1.572937145829200745e-02
5.477339999999652719e+03 7.274055480957031250e-01 1.591509580612182617e-02
5.478819999999652282e+03 7.420040369033813477e-01 1.605218648910522461e-02
5.480299999999651845e+03 7.388645410537719727e-01 1.600065268576145172e-02
5.481779999999651409e+03 7.386587858200073242e-01 1.600020751357078552e-02
5.483259999999650972e+03 7.315832376480102539e-01 1.590622402727603912e-02
5.484739999999650536e+03 7.150806784629821777e-01 1.577561534941196442e-02
5.486219999999650099e+03 6.974442601203918457e-01 1.560023892670869827e-02
5.487699999999649663e+03 6.936750411987304688e-01 1.554224640130996704e-02
5.489179999999649226e+03 7.041158676147460938e-01 1.569953002035617828e-02
5.490659999999648790e+03 7.238833904266357422e-01 1.586378179490566254e-02
5.492139999999648353e+03 7.321434020996093750e-01 1.596091128885746002e-02
5.493619999999647916e+03 6.961195468902587891e-01 1.557711698114871979e-02
5.495099999999647480e+03 6.651734113693237305e-01 1.522940490394830704e-02
5.496579999999647043e+03 6.429652571678161621e-01 1.498844288289546967e-02
5.498059999999646607e+03 6.493055820465087891e-01 1.508052181452512741e-02
5.499539999999646170e+03 6.584670543670654297e-01 1.514326035976409912e-02
5.501019999999645734e+03 6.926726698875427246e-01 1.556199695914983749e-02
5.502499999999645297e+03 7.045226097106933594e-01 1.565946266055107117e-02
5.503979999999644861e+03 7.227926850318908691e-01 1.583589799702167511e-02
5.505459999999644424e+03 7.221383452415466309e-01 1.576189696788787842e-02
5.506939999999643987e+03 7.031658887863159180e-01 1.561334170401096344e-02
5.508419999999643551e+03 6.837155222892761230e-01 1.543281693011522293e-02
5.509899999999643114e+03 6.801261901855468750e-01 1.537131797522306442e-02
5.511379999999642678e+03 6.979036927223205566e-01 1.551797427237033844e-02
5.512859999999642241e+03 7.113710045814514160e-01 1.566334068775177002e-02
5.514339999999641805e+03 7.234930992126464844e-01 1.579079963266849518e-02
5.515819999999641368e+03 7.087050676345825195e-01 1.567535288631916046e-02
5.517299999999640931e+03 7.097322940826416016e-01 1.567105948925018311e-02
5.518779999999640495e+03 7.247459292411804199e-01 1.584340445697307587e-02
5.520259999999640058e+03 7.052670717239379883e-01 1.557003613561391830e-02
5.521739999999639622e+03 7.336892485618591309e-01 1.591765880584716797e-02
5.523219999999639185e+03 7.512228488922119141e-01 1.608354225754737854e-02
5.524699999999638749e+03 7.549431324005126953e-01 1.614087261259555817e-02
5.526179999999638312e+03 7.473573088645935059e-01 1.604520715773105621e-02
5.527659999999637876e+03 7.461540102958679199e-01 1.602814719080924988e-02
5.529139999999637439e+03 7.455352544784545898e-01 1.600365340709686279e-02
5.530619999999637002e+03 7.561314105987548828e-01 1.615973562002182007e-02
5.532099999999636566e+03 7.256160974502563477e-01 1.581428572535514832e-02
5.533579999999636129e+03 7.086066007614135742e-01 1.569420285522937775e-02
5.535059999999635693e+03 6.947358846664428711e-01 1.547887269407510757e-02
5.536539999999635256e+03 6.730379462242126465e-01 1.531410776078701019e-02
5.538019999999634820e+03 6.857840418815612793e-01 1.536664180457592010e-02
5.539499999999634383e+03 6.867999434471130371e-01 1.546432264149188995e-02
5.540979999999633947e+03 6.850194334983825684e-01 1.545889116823673248e-02
5.542459999999633510e+03 7.029994130134582520e-01 1.561279781162738800e-02
5.543939999999633073e+03 7.202136516571044922e-01 1.583395525813102722e-02
5.545419999999632637e+03 7.109441757202148438e-01 1.570903696119785309e-02
5.546899999999632200e+03 6.979734897613525391e-01 1.550224609673023224e-02
5.548379999999631764e+03 7.384632825851440430e-01 1.596011221408843994e-02
5.549859999999631327e+03 7.295433282852172852e-01 1.589943468570709229e-02
5.551339999999630891e+03 6.976745128631591797e-01 1.549792196601629257e-02
5.552819999999630454e+03 7.159276008605957031e-01 1.567239500582218170e-02
5.554299999999630018e+03 7.243012785911560059e-01 1.578509993851184845e-02
5.555779999999629581e+03 7.120007872581481934e-01 1.562294829636812210e-02
5.557259999999629144e+03 7.204407453536987305e-01 1.571980491280555725e-02
5.558739999999628708e+03 7.158986330032348633e-01 1.568079181015491486e-02
5.560219999999628271e+03 7.086802721023559570e-01 1.557814516127109528e-02
5.561699999999627835e+03 6.910591125488281250e-01 1.547190919518470764e-02
5.563179999999627398e+03 7.005861997604370117e-01 1.567070558667182922e-02
5.564659999999626962e+03 6.783874630928039551e-01 1.535349339246749878e-02
5.566139999999626525e+03 6.714429855346679688e-01 1.519743725657463074e-02
5.567619999999626089e+03 6.740690469741821289e-01 1.528566982597112656e-02
5.569099999999625652e+03 6.704258918762207031e-01 1.529644336551427841e-02
5.570579999999625215e+03 6.788734793663024902e-01 1.530924998223781586e-02
5.572059999999624779e+03 6.901671886444091797e-01 1.536475401371717453e-02
5.573539999999624342e+03 6.635729670524597168e-01 1.548978127539157867e-02
5.575019999999623906e+03 6.577607393264770508e-01 2.301050536334514618e-02
5.576499999999623469e+03 7.958227992057800293e-01 2.898278087377548218e-02
5.577979999999623033e+03 6.656091809272766113e-01 2.458106912672519684e-02
5.579459999999622596e+03 6.106873750686645508e-01 1.593564078211784363e-02
5.580939999999622160e+03 6.799908280372619629e-01 1.513498555868864059e-02
5.582419999999621723e+03 6.834456920623779297e-01 1.531126257032155991e-02
5.583899999999621286e+03 6.967183947563171387e-01 1.546523161232471466e-02
5.585379999999620850e+03 7.052816152572631836e-01 1.547751110047101974e-02
5.586859999999620413e+03 7.014436721801757812e-01 1.551943272352218628e-02
5.588339999999619977e+03 6.865468621253967285e-01 1.537797506898641586e-02
5.589819999999619540e+03 7.039148807525634766e-01 1.559036131948232651e-02
5.591299999999619104e+03 7.108442187309265137e-01 1.555404718965291977e-02
5.592779999999618667e+03 6.849143505096435547e-01 1.532215531915426254e-02
5.594259999999618231e+03 6.865187883377075195e-01 1.527768932282924652e-02
5.595739999999617794e+03 7.089926004409790039e-01 1.555424742400646210e-02
5.597219999999617357e+03 7.043832540512084961e-01 1.553226821124553680e-02
5.598699999999616921e+03 6.948924064636230469e-01 1.537580881267786026e-02
5.600179999999616484e+03 7.137521505355834961e-01 1.554948091506958008e-02
5.601659999999616048e+03 6.750252842903137207e-01 1.515548396855592728e-02
5.603139999999615611e+03 6.613908410072326660e-01 1.509900856763124466e-02
5.604619999999615175e+03 6.759111285209655762e-01 1.533823553472757339e-02
5.606099999999614738e+03 6.844402551651000977e-01 1.537608262151479721e-02
5.607579999999614301e+03 6.730975508689880371e-01 1.513152383267879486e-02
5.609059999999613865e+03 6.852943897247314453e-01 1.529728248715400696e-02
5.610539999999613428e+03 7.097449898719787598e-01 1.550776790827512741e-02
5.612019999999612992e+03 7.206294536590576172e-01 1.561292354017496109e-02
5.613499999999612555e+03 7.430624961853027344e-01 1.580100134015083313e-02
5.614979999999612119e+03 7.484825253486633301e-01 1.595000363886356354e-02
5.616459999999611682e+03 7.399718761444091797e-01 1.590125635266304016e-02
5.617939999999611246e+03 7.007555365562438965e-01 1.535764150321483612e-02
5.619419999999610809e+03 6.812934875488281250e-01 1.527904532849788666e-02
5.620899999999610372e+03 6.692289113998413086e-01 1.512611564248800278e-02
5.622379999999609936e+03 6.611936092376708984e-01 1.508736517280340195e-02
5.623859999999609499e+03 6.950179338455200195e-01 1.544784195721149445e-02
5.625339999999609063e+03 7.015832662582397461e-01 1.543227396905422211e-02
5.626819999999608626e+03 6.790802478790283203e-01 1.520448736846446991e-02
5.628299999999608190e+03 6.623576283454895020e-01 1.500374916940927505e-02
5.629779999999607753e+03 6.784418821334838867e-01 1.517355069518089294e-02
5.631259999999607317e+03 6.850732564926147461e-01 1.526655163615942001e-02
5.632739999999606880e+03 6.906083822250366211e-01 1.528073009103536606e-02
5.634219999999606443e+03 6.933751702308654785e-01 1.532450597733259201e-02
5.635699999999606007e+03 6.781861782073974609e-01 1.514959428459405899e-02
5.637179999999605570e+03 6.970738172531127930e-01 1.530818920582532883e-02
5.638659999999605134e+03 6.894385218620300293e-01 1.530023477971553802e-02
5.640139999999604697e+03 6.936812996864318848e-01 1.532722078263759613e-02
5.641619999999604261e+03 7.220900058746337891e-01 1.561437640339136124e-02
5.643099999999603824e+03 7.097193002700805664e-01 1.548904925584793091e-02
5.644579999999603388e+03 6.889860033988952637e-01 1.530737336724996567e-02
5.646059999999602951e+03 6.794134378433227539e-01 1.521084923297166824e-02
5.647539999999602514e+03 6.662487983703613281e-01 1.501872017979621887e-02
5.649019999999602078e+03 6.588102579116821289e-01 1.492146309465169907e-02
5.650499999999601641e+03 6.516363024711608887e-01 1.484266202896833420e-02
5.651979999999601205e+03 6.405271291732788086e-01 1.472860015928745270e-02
5.653459999999600768e+03 6.642312407493591309e-01 1.494736131280660629e-02
5.654939999999600332e+03 6.687082648277282715e-01 1.504912599921226501e-02
5.656419999999599895e+03 6.848486661911010742e-01 1.517651416361331940e-02
5.657899999999599459e+03 6.958376169204711914e-01 1.530267484486103058e-02
5.659379999999599022e+03 7.107592821121215820e-01 1.552983466535806656e-02
5.660859999999598585e+03 7.064983844757080078e-01 1.538521517068147659e-02
5.662339999999598149e+03 6.847702264785766602e-01 1.517283823341131210e-02
5.663819999999597712e+03 6.912302970886230469e-01 1.528131403028964996e-02
5.665299999999597276e+03 6.958946585655212402e-01 1.529042143374681473e-02
5.666779999999596839e+03 7.021294236183166504e-01 1.541521865874528885e-02
5.668259999999596403e+03 6.898004412651062012e-01 1.528573501855134964e-02
5.669739999999595966e+03 6.866877675056457520e-01 1.525750197470188141e-02
5.671219999999595530e+03 7.002705335617065430e-01 1.539315097033977509e-02
5.672699999999595093e+03 6.986788511276245117e-01 1.532943360507488251e-02
5.674179999999594656e+03 6.978528499603271484e-01 1.532897539436817169e-02
5.675659999999594220e+03 6.908090114593505859e-01 1.530477777123451233e-02
5.677139999999593783e+03 6.668905615806579590e-01 1.502071972936391830e-02
5.678619999999593347e+03 6.639432311058044434e-01 1.496675144881010056e-02
5.680099999999592910e+03 6.766072511672973633e-01 1.510048843920230865e-02
5.681579999999592474e+03 6.953542232513427734e-01 1.530953310430049896e-02
5.683059999999592037e+03 6.969416141510009766e-01 1.532604079693555832e-02
5.684539999999591600e+03 6.778439879417419434e-01 1.516147516667842865e-02
5.686019999999591164e+03 6.926838755607604980e-01 1.528710033744573593e-02
5.687499999999590727e+03 6.888929605484008789e-01 1.521233748644590378e-02
5.688979999999590291e+03 6.616858243942260742e-01 1.497804652899503708e-02
5.690459999999589854e+03 6.618456840515136719e-01 1.500718854367733002e-02
5.691939999999589418e+03 6.774869561195373535e-01 1.513441279530525208e-02
5.693419999999588981e+03 7.092936038970947266e-01 1.546394266188144684e-02
5.694899999999588545e+03 7.287893891334533691e-01 1.566972024738788605e-02
5.696379999999588108e+03 7.267335057258605957e-01 1.562178507447242737e-02
5.697859999999587671e+03 7.102424502372741699e-01 1.545904669910669327e-02
5.699339999999587235e+03 6.701900362968444824e-01 1.503982581198215485e-02
5.700819999999586798e+03 6.661563515663146973e-01 1.504020020365715027e-02
5.702299999999586362e+03 6.725865006446838379e-01 1.511047594249248505e-02
5.703779999999585925e+03 6.686304807662963867e-01 1.502401567995548248e-02
5.705259999999585489e+03 6.734163165092468262e-01 1.510426308959722519e-02
5.706739999999585052e+03 6.896101236343383789e-01 1.525534037500619888e-02
5.708219999999584616e+03 6.813901066780090332e-01 1.514053158462047577e-02
5.709699999999584179e+03 6.745081543922424316e-01 1.505514513701200485e-02
5.711179999999583742e+03 6.834095716476440430e-01 1.517201121896505356e-02
5.712659999999583306e+03 6.942156553268432617e-01 1.533550024032592773e-02
5.714139999999582869e+03 6.909685134887695312e-01 1.526963058859109879e-02
5.715619999999582433e+03 6.910452246665954590e-01 1.527720037847757339e-02
5.717099999999581996e+03 7.042980194091796875e-01 1.542633678764104843e-02
5.718579999999581560e+03 7.113563418388366699e-01 1.550615299493074417e-02
5.720059999999581123e+03 6.964575052261352539e-01 1.533136516809463501e-02
5.721539999999580687e+03 6.862807869911193848e-01 1.525773201137781143e-02
5.723019999999580250e+03 6.909474134445190430e-01 1.526329107582569122e-02
5.724499999999579813e+03 7.009740471839904785e-01 1.536643784493207932e-02
5.725979999999579377e+03 7.123051285743713379e-01 1.547887083142995834e-02
5.727459999999578940e+03 7.036859989166259766e-01 1.538873463869094849e-02
5.728939999999578504e+03 6.853493452072143555e-01 1.522019691765308380e-02
5.730419999999578067e+03 6.926507949829101562e-01 1.531284023076295853e-02
5.731899999999577631e+03 7.063644528388977051e-01 1.537446863949298859e-02
5.733379999999577194e+03 6.913131475448608398e-01 1.523347385227680206e-02
5.734859999999576758e+03 6.820788383483886719e-01 1.514744013547897339e-02
5.736339999999576321e+03 6.793557405471801758e-01 1.512187253683805466e-02
5.737819999999575884e+03 6.781653165817260742e-01 1.513343956321477890e-02
5.739299999999575448e+03 6.727271080017089844e-01 1.504755672067403793e-02
5.740779999999575011e+03 6.718758940696716309e-01 1.503570377826690674e-02
5.742259999999574575e+03 6.537320017814636230e-01 1.487648300826549530e-02
5.743739999999574138e+03 6.552453041076660156e-01 1.485753618180751801e-02
5.745219999999573702e+03 6.636502742767333984e-01 1.493345759809017181e-02
5.746699999999573265e+03 6.550916433334350586e-01 1.484416052699089050e-02
5.748179999999572829e+03 6.559252142906188965e-01 1.486072875559329987e-02
5.749659999999572392e+03 6.713700294494628906e-01 1.504881028085947037e-02
5.751139999999571955e+03 6.954806447029113770e-01 1.528848428279161453e-02
5.752619999999571519e+03 7.057491540908813477e-01 1.531966961920261383e-02
5.754099999999571082e+03 6.963974833488464355e-01 1.520990021526813507e-02
5.755579999999570646e+03 6.806763410568237305e-01 1.511646434664726257e-02
5.757059999999570209e+03 6.792656779289245605e-01 1.509926654398441315e-02
5.758539999999569773e+03 6.930534839630126953e-01 1.523168012499809265e-02
5.760019999999569336e+03 7.061764597892761230e-01 1.537704374641180038e-02
5.761499999999568900e+03 6.823235154151916504e-01 1.506934408098459244e-02
5.762979999999568463e+03 6.741810441017150879e-01 1.498321350663900375e-02
5.764459999999568026e+03 6.769768595695495605e-01 1.508256699889898300e-02
5.765939999999567590e+03 6.478700637817382812e-01 1.477828156203031540e-02
5.767419999999567153e+03 6.402350664138793945e-01 1.463088300079107285e-02
5.768899999999566717e+03 6.666847467422485352e-01 1.493734586983919144e-02
5.770379999999566280e+03 6.588199734687805176e-01 1.488523837178945541e-02
5.771859999999565844e+03 6.656867861747741699e-01 1.493271067738533020e-02
5.773339999999565407e+03 6.692128777503967285e-01 1.490856986492872238e-02
5.774819999999564970e+03 6.805849671363830566e-01 1.505005080252885818e-02
5.776299999999564534e+03 6.628229618072509766e-01 1.491842698305845261e-02
5.777779999999564097e+03 6.448748707771301270e-01 1.472293492406606674e-02
5.779259999999563661e+03 6.462571024894714355e-01 1.469028275460004807e-02
5.780739999999563224e+03 6.556098461151123047e-01 1.476796623319387436e-02
5.782219999999562788e+03 6.724379062652587891e-01 1.493477541953325272e-02
5.783699999999562351e+03 6.879279017448425293e-01 1.511946879327297211e-02
5.785179999999561915e+03 6.801056265830993652e-01 1.501558627933263779e-02
5.786659999999561478e+03 6.713071465492248535e-01 1.492566615343093872e-02
5.788139999999561041e+03 6.941400766372680664e-01 1.519670058041810989e-02
5.789619999999560605e+03 6.973802447319030762e-01 1.517725735902786255e-02
5.791099999999560168e+03 6.682354211807250977e-01 1.489623449742794037e-02
5.792579999999559732e+03 6.698244214057922363e-01 1.491091586649417877e-02
5.794059999999559295e+03 6.717900037765502930e-01 1.488351076841354370e-02
5.795539999999558859e+03 6.491442918777465820e-01 1.466438267379999161e-02
5.797019999999558422e+03 6.743684411048889160e-01 1.494188793003559113e-02
5.798499999999557986e+03 6.936014890670776367e-01 1.511283684521913528e-02
5.799979999999557549e+03 6.951694488525390625e-01 1.512507442384958267e-02
5.801459999999557112e+03 6.845716238021850586e-01 1.507974974811077118e-02
5.802939999999556676e+03 6.605405807495117188e-01 1.480710972100496292e-02
5.804419999999556239e+03 6.474090814590454102e-01 1.461276412010192871e-02
5.805899999999555803e+03 6.711682081222534180e-01 1.485092844814062119e-02
5.807379999999555366e+03 6.707841753959655762e-01 1.489655207842588425e-02
5.808859999999554930e+03 6.904739737510681152e-01 1.511053834110498428e-02
5.810339999999554493e+03 7.135781049728393555e-01 1.527881342917680740e-02
5.811819999999554057e+03 7.102521657943725586e-01 1.526833977550268173e-02
5.813299999999553620e+03 6.673191189765930176e-01 1.483594812452793121e-02
5.814779999999553183e+03 6.579379439353942871e-01 1.473879814147949219e-02
5.816259999999552747e+03 6.692585349082946777e-01 1.480988040566444397e-02
5.817739999999552310e+03 6.623446345329284668e-01 1.480135228484869003e-02
5.819219999999551874e+03 6.601201891899108887e-01 1.475860830396413803e-02
5.820699999999551437e+03 6.589631438255310059e-01 1.469249650835990906e-02
5.822179999999551001e+03 6.721645593643188477e-01 1.484738476574420929e-02
5.823659999999550564e+03 6.580671072006225586e-01 1.472081616520881653e-02
5.825139999999550128e+03 6.521700620651245117e-01 1.463815011084079742e-02
5.826619999999549691e+03 6.762679815292358398e-01 1.490840595215559006e-02
5.828099999999549254e+03 6.869958043098449707e-01 1.500565838068723679e-02
5.829579999999548818e+03 6.738541722297668457e-01 1.482458040118217468e-02
5.831059999999548381e+03 6.729482412338256836e-01 1.486915722489356995e-02
5.832539999999547945e+03 6.910601258277893066e-01 1.504442747682332993e-02
5.834019999999547508e+03 6.935096979141235352e-01 1.508240867406129837e-02
5.835499999999547072e+03 6.825722455978393555e-01 1.492516696453094482e-02
5.836979999999546635e+03 6.599861979484558105e-01 1.470158062875270844e-02
5.838459999999546199e+03 6.339260935783386230e-01 1.441502664238214493e-02
5.839939999999545762e+03 6.256306171417236328e-01 1.434852555394172668e-02
5.841419999999545325e+03 6.447141170501708984e-01 1.455226913094520569e-02
5.842899999999544889e+03 6.682556271553039551e-01 1.479704026132822037e-02
5.844379999999544452e+03 6.730095744132995605e-01 1.483523380011320114e-02
5.845859999999544016e+03 6.842564940452575684e-01 1.491331588476896286e-02
5.847339999999543579e+03 6.742732524871826172e-01 1.486758142709732056e-02
5.848819999999543143e+03 6.622878909111022949e-01 1.474901475012302399e-02
5.850299999999542706e+03 6.737738251686096191e-01 1.483089849352836609e-02
5.851779999999542270e+03 6.946721076965332031e-01 1.506268978118896484e-02
5.853259999999541833e+03 6.989080905914306641e-01 1.508575119078159332e-02
5.854739999999541396e+03 6.870426535606384277e-01 1.494165416806936264e-02
5.856219999999540960e+03 6.856240034103393555e-01 1.492183748632669449e-02
5.857699999999540523e+03 6.796376705169677734e-01 1.487293466925621033e-02
5.859179999999540087e+03 6.874171495437622070e-01 1.494962815195322037e-02
5.860659999999539650e+03 6.841742992401123047e-01 1.489127427339553833e-02
5.862139999999539214e+03 6.744999885559082031e-01 1.482120901346206665e-02
5.863619999999538777e+03 6.570395827293395996e-01 1.475045923143625259e-02
5.865099999999538340e+03 6.509786844253540039e-01 1.490034256130456924e-02
5.866579999999537904e+03 6.785079240798950195e-01 1.523612067103385925e-02
5.868059999999537467e+03 6.737072467803955078e-01 1.506277266889810562e-02
5.869539999999537031e+03 6.691046357154846191e-01 1.486448105424642563e-02
5.871019999999536594e+03 6.531386375427246094e-01 1.464875880628824234e-02
5.872499999999536158e+03 7.010123133659362793e-01 1.513747684657573700e-02
5.873979999999535721e+03 6.998867988586425781e-01 1.510407403111457825e-02
5.875459999999535285e+03 6.811081767082214355e-01 1.492292061448097229e-02
5.876939999999534848e+03 6.962898373603820801e-01 1.505381427705287933e-02
5.878419999999534411e+03 6.859902143478393555e-01 1.493437401950359344e-02
5.879899999999533975e+03 6.982901692390441895e-01 1.506364997476339340e-02
5.881379999999533538e+03 6.711298227310180664e-01 1.472628116607666016e-02
5.882859999999533102e+03 6.551361680030822754e-01 1.459868997335433960e-02
5.884339999999532665e+03 6.554732918739318848e-01 1.465873420238494873e-02
5.885819999999532229e+03 6.504784822463989258e-01 1.477492414414882660e-02
5.887299999999531792e+03 6.377058625221252441e-01 1.532877981662750244e-02
5.888779999999531356e+03 6.286133527755737305e-01 1.604071818292140961e-02
5.890259999999530919e+03 6.070600152015686035e-01 1.551620382815599442e-02
5.891739999999530482e+03 6.158303022384643555e-01 1.463754847645759583e-02
5.893219999999530046e+03 6.404559612274169922e-01 1.480094715952873230e-02
5.894699999999529609e+03 6.496416330337524414e-01 1.550992112606763840e-02
5.896179999999529173e+03 6.828156709671020508e-01 1.574765518307685852e-02
5.897659999999528736e+03 6.644431352615356445e-01 1.497484650462865829e-02
5.899139999999528300e+03 6.890594959259033203e-01 1.493786275386810303e-02
5.900619999999527863e+03 6.834592819213867188e-01 1.487607415765523911e-02
5.902099999999527427e+03 6.924748420715332031e-01 1.502671930938959122e-02
5.903579999999526990e+03 6.680092811584472656e-01 1.479939837008714676e-02
5.905059999999526553e+03 6.724005937576293945e-01 1.485668495297431946e-02
5.906539999999526117e+03 7.159981727600097656e-01 1.528511475771665573e-02
5.908019999999525680e+03 6.673742532730102539e-01 1.479679066687822342e-02
5.909499999999525244e+03 6.807082891464233398e-01 1.487786788493394852e-02
5.910979999999524807e+03 6.715644001960754395e-01 1.481852121651172638e-02
5.912459999999524371e+03 6.873972415924072266e-01 1.503666583448648453e-02
5.913939999999523934e+03 6.845822334289550781e-01 1.524579245597124100e-02
5.915419999999523498e+03 6.425765752792358398e-01 1.481937244534492493e-02
5.916899999999523061e+03 7.020360231399536133e-01 1.518512796610593796e-02
5.918379999999522624e+03 6.825419068336486816e-01 1.488696504384279251e-02
5.919859999999522188e+03 6.866515874862670898e-01 1.493429485708475113e-02
5.921339999999521751e+03 6.780702471733093262e-01 1.481816172599792480e-02
5.922819999999521315e+03 6.834264993667602539e-01 1.490705925971269608e-02
5.924299999999520878e+03 6.804305315017700195e-01 1.501156203448772430e-02
5.925779999999520442e+03 6.594724655151367188e-01 1.466992683708667755e-02
5.927259999999520005e+03 6.713303923606872559e-01 1.474896539002656937e-02
5.928739999999519569e+03 7.137289047241210938e-01 1.518733240664005280e-02
5.930219999999519132e+03 6.716309189796447754e-01 1.488951034843921661e-02
5.931699999999518695e+03 6.560030579566955566e-01 1.501339953392744064e-02
5.933179999999518259e+03 6.627687811851501465e-01 1.500396057963371277e-02
5.934659999999517822e+03 6.737106442451477051e-01 1.487953029572963715e-02
5.936139999999517386e+03 6.742935180664062500e-01 1.474538538604974747e-02
5.937619999999516949e+03 6.739405989646911621e-01 1.478007808327674866e-02
5.939099999999516513e+03 6.912708878517150879e-01 1.495234388858079910e-02
5.940579999999516076e+03 6.847519874572753906e-01 1.481516659259796143e-02
5.942059999999515640e+03 6.691941022872924805e-01 1.470658835023641586e-02
5.943539999999515203e+03 6.596982479095458984e-01 1.465986389666795731e-02
5.945019999999514766e+03 6.692497730255126953e-01 1.482658740133047104e-02
5.946499999999514330e+03 6.784388422966003418e-01 1.488331053406000137e-02
5.947979999999513893e+03 6.866069436073303223e-01 1.488741580396890640e-02
5.949459999999513457e+03 6.683369874954223633e-01 1.467396412044763565e-02
5.950939999999513020e+03 6.667369008064270020e-01 1.480939518660306931e-02
5.952419999999512584e+03 6.895666122436523438e-01 1.519031263887882233e-02
5.953899999999512147e+03 6.566362380981445312e-01 1.484027411788702011e-02
5.955379999999511710e+03 6.679509282112121582e-01 1.481606625020503998e-02
5.956859999999511274e+03 6.963837742805480957e-01 1.494190655648708344e-02
5.958339999999510837e+03 6.514982581138610840e-01 1.444301195442676544e-02
5.959819999999510401e+03 6.622834801673889160e-01 1.459350157529115677e-02
5.961299999999509964e+03 6.827986836433410645e-01 1.487928163260221481e-02
5.962779999999509528e+03 6.801122426986694336e-01 1.479733083397150040e-02
5.964259999999509091e+03 6.412765979766845703e-01 1.438955217599868774e-02
5.965739999999508655e+03 6.135945320129394531e-01 1.410145778208971024e-02
5.967219999999508218e+03 6.306630373001098633e-01 1.429404411464929581e-02
5.968699999999507781e+03 6.490045785903930664e-01 1.455972529947757721e-02
5.970179999999507345e+03 6.565922498703002930e-01 1.465749088674783707e-02
5.971659999999506908e+03 6.615641117095947266e-01 1.463650632649660110e-02
5.973139999999506472e+03 6.631876826286315918e-01 1.464968547224998474e-02
5.974619999999506035e+03 6.523581147193908691e-01 1.458408776670694351e-02
5.976099999999505599e+03 6.626707911491394043e-01 1.476038154214620590e-02
5.977579999999505162e+03 6.891857385635375977e-01 1.497166790068149567e-02
5.979059999999504726e+03 6.872968077659606934e-01 1.485076826065778732e-02
5.980539999999504289e+03 6.602935791015625000e-01 1.454641111195087433e-02
5.982019999999503852e+03 6.468201279640197754e-01 1.441101450473070145e-02
5.983499999999503416e+03 6.525272130966186523e-01 1.447302009910345078e-02
5.984979999999502979e+03 6.732208728790283203e-01 1.465432811528444290e-02
5.986459999999502543e+03 7.005475163459777832e-01 1.493247132748365402e-02
5.987939999999502106e+03 6.874240636825561523e-01 1.485482975840568542e-02
5.989419999999501670e+03 6.687865257263183594e-01 1.465887110680341721e-02
5.990899999999501233e+03 6.728402972221374512e-01 1.462737470865249634e-02
5.992379999999500797e+03 6.729074716567993164e-01 1.464513503015041351e-02
5.993859999999500360e+03 6.631864905357360840e-01 1.459123194217681885e-02
5.995339999999499923e+03 6.885364651679992676e-01 1.483003050088882446e-02
5.996819999999499487e+03 6.904416680335998535e-01 1.487147435545921326e-02
5.998299999999499050e+03 6.696681976318359375e-01 1.465640868991613388e-02
5.999779999999498614e+03 6.810202598571777344e-01 1.472043339163064957e-02
6.001259999999498177e+03 6.674913167953491211e-01 1.461660303175449371e-02
6.002739999999497741e+03 6.936382651329040527e-01 1.494013983756303787e-02
6.004219999999497304e+03 6.963832378387451172e-01 1.502628065645694733e-02
6.005699999999496868e+03 6.882784366607666016e-01 1.483951695263385773e-02
6.007179999999496431e+03 6.957601308822631836e-01 1.480723824352025986e-02
6.008659999999495994e+03 6.879342794418334961e-01 1.477239001542329788e-02
6.010139999999495558e+03 6.675252318382263184e-01 1.465191598981618881e-02
6.011619999999495121e+03 6.857639551162719727e-01 1.479104720056056976e-02
6.013099999999494685e+03 6.881952881813049316e-01 1.476311683654785156e-02
6.014579999999494248e+03 6.565996408462524414e-01 1.445564813911914825e-02
6.016059999999493812e+03 6.636373996734619141e-01 1.451023854315280914e-02
6.017539999999493375e+03 6.724011898040771484e-01 1.461361907422542572e-02
6.019019999999492939e+03 6.572717428207397461e-01 1.443453412503004074e-02
6.020499999999492502e+03 6.865386962890625000e-01 1.473009400069713593e-02
6.021979999999492065e+03 6.832644939422607422e-01 1.466716360300779343e-02
6.023459999999491629e+03 6.896828413009643555e-01 1.477715838700532913e-02
6.024939999999491192e+03 6.858303546905517578e-01 1.473066955804824829e-02
6.026419999999490756e+03 7.030379176139831543e-01 1.488757319748401642e-02
6.027899999999490319e+03 6.663178801536560059e-01 1.454032119363546371e-02
6.029379999999489883e+03 6.766594648361206055e-01 1.467889174818992615e-02
6.030859999999489446e+03 6.654797792434692383e-01 1.449749805033206940e-02
6.032339999999489009e+03 6.818972826004028320e-01 1.472312677651643753e-02
6.033819999999488573e+03 6.764178276062011719e-01 1.465469878166913986e-02
6.035299999999488136e+03 6.642068028450012207e-01 1.454547978937625885e-02
6.036779999999487700e+03 6.618386507034301758e-01 1.448335871100425720e-02
6.038259999999487263e+03 6.556926965713500977e-01 1.445163600146770477e-02
6.039739999999486827e+03 6.511231660842895508e-01 1.430609636008739471e-02
6.041219999999486390e+03 6.634213328361511230e-01 1.450414396822452545e-02
6.042699999999485954e+03 6.588678359985351562e-01 1.443534716963768005e-02
6.044179999999485517e+03 6.394014954566955566e-01 1.418619602918624878e-02
6.045659999999485080e+03 6.382811069488525391e-01 1.421868894249200821e-02
6.047139999999484644e+03 6.521733999252319336e-01 1.439122203737497330e-02
6.048619999999484207e+03 6.740323901176452637e-01 1.455985847860574722e-02
6.050099999999483771e+03 6.653112173080444336e-01 1.444876939058303833e-02
6.051579999999483334e+03 6.323821544647216797e-01 1.412237714976072311e-02
6.053059999999482898e+03 6.532970666885375977e-01 1.436823420226573944e-02
6.054539999999482461e+03 6.820177435874938965e-01 1.467224862426519394e-02
6.056019999999482025e+03 6.690441966056823730e-01 1.449053082615137100e-02
6.057499999999481588e+03 6.629007458686828613e-01 1.448666211217641830e-02
6.058979999999481151e+03 6.596077680587768555e-01 1.446201466023921967e-02
6.060459999999480715e+03 7.146447896957397461e-01 1.494136545807123184e-02
6.061939999999480278e+03 8.220461606979370117e-01 1.599969714879989624e-02
6.063419999999479842e+03 8.064011931419372559e-01 1.586076989769935608e-02
6.064899999999479405e+03 7.096109390258789062e-01 1.491885259747505188e-02
6.066379999999478969e+03 6.863530874252319336e-01 1.471268199384212494e-02
6.067859999999478532e+03 6.723002791404724121e-01 1.459458563476800919e-02
6.069339999999478096e+03 6.485121846199035645e-01 1.435396634042263031e-02
6.070819999999477659e+03 6.535012722015380859e-01 1.435010228306055069e-02
6.072299999999477222e+03 6.516333818435668945e-01 1.434124726802110672e-02
6.073779999999476786e+03 6.430113315582275391e-01 1.428247522562742233e-02
6.075259999999476349e+03 5.879610776901245117e-01 1.363255176693201065e-02
6.076739999999475913e+03 4.999631345272064209e-01 1.267275307327508926e-02
6.078219999999475476e+03 5.003896355628967285e-01 1.265482604503631592e-02
6.079699999999475040e+03 5.433928966522216797e-01 1.319503318518400192e-02
6.081179999999474603e+03 5.703907012939453125e-01 1.348346844315528870e-02
6.082659999999474167e+03 5.671014785766601562e-01 1.340840943157672882e-02
6.084139999999473730e+03 5.583320260047912598e-01 1.332254521548748016e-02
6.085619999999473293e+03 5.760065317153930664e-01 1.352087594568729401e-02
6.087099999999472857e+03 5.989024043083190918e-01 1.373864524066448212e-02
6.088579999999472420e+03 6.312899589538574219e-01 1.407523825764656067e-02
6.090059999999471984e+03 6.525668501853942871e-01 1.435586344450712204e-02
6.091539999999471547e+03 6.582096815109252930e-01 1.435669045895338058e-02
6.093019999999471111e+03 6.467941999435424805e-01 1.423966884613037109e-02
6.094499999999470674e+03 6.596001386642456055e-01 1.439809426665306091e-02
6.095979999999470238e+03 6.600294709205627441e-01 1.436867099255323410e-02
6.097459999999469801e+03 6.661653518676757812e-01 1.445733755826950073e-02
6.098939999999469364e+03 6.551674008369445801e-01 1.433779112994670868e-02
6.100419999999468928e+03 6.658930778503417969e-01 1.439437549561262131e-02
6.101899999999468491e+03 6.309723854064941406e-01 1.412420906126499176e-02
6.103379999999468055e+03 6.407518982887268066e-01 1.410372648388147354e-02
6.104859999999467618e+03 6.519037485122680664e-01 1.432999689131975174e-02
6.106339999999467182e+03 6.753799319267272949e-01 1.449319440871477127e-02
6.107819999999466745e+03 6.735960245132446289e-01 1.448302064090967178e-02
6.109299999999466309e+03 6.558808088302612305e-01 1.432623341679573059e-02
6.110779999999465872e+03 6.604399681091308594e-01 1.438772398978471756e-02
6.112259999999465435e+03 6.487032175064086914e-01 1.419434323906898499e-02
6.113739999999464999e+03 6.440271139144897461e-01 1.420321594923734665e-02
6.115219999999464562e+03 6.751993894577026367e-01 1.452965103089809418e-02
6.116699999999464126e+03 6.600748300552368164e-01 1.431278605014085770e-02
6.118179999999463689e+03 6.686075925827026367e-01 1.442372798919677734e-02
6.119659999999463253e+03 6.628690361976623535e-01 1.440127287060022354e-02
6.121139999999462816e+03 6.285343766212463379e-01 1.398816425353288651e-02
6.122619999999462379e+03 6.327707171440124512e-01 1.402022875845432281e-02
6.124099999999461943e+03 6.471771001815795898e-01 1.423997525125741959e-02
6.125579999999461506e+03 6.378832459449768066e-01 1.411653682589530945e-02
6.127059999999461070e+03 6.701287627220153809e-01 1.441936939954757690e-02
6.128539999999460633e+03 6.616152524948120117e-01 1.435051672160625458e-02
6.130019999999460197e+03 6.622710227966308594e-01 1.430310774594545364e-02
6.131499999999459760e+03 6.614228487014770508e-01 1.431856676936149597e-02
6.132979999999459324e+03 6.431579589843750000e-01 1.414352469146251678e-02
6.134459999999458887e+03 6.627314090728759766e-01 1.433104742318391800e-02
6.135939999999458450e+03 6.674743890762329102e-01 1.437828503549098969e-02
6.137419999999458014e+03 6.583356857299804688e-01 1.430286653339862823e-02
6.138899999999457577e+03 6.540236473083496094e-01 1.431177183985710144e-02
6.140379999999457141e+03 6.382857561111450195e-01 1.410324126482009888e-02
6.141859999999456704e+03 6.422787308692932129e-01 1.418093778192996979e-02
6.143339999999456268e+03 6.685450077056884766e-01 1.448364835232496262e-02
6.144819999999455831e+03 6.469362974166870117e-01 1.425796560943126678e-02
6.146299999999455395e+03 6.175534725189208984e-01 1.386874448508024216e-02
6.147779999999454958e+03 6.267316341400146484e-01 1.393745839595794678e-02
6.149259999999454521e+03 6.485269665718078613e-01 1.415231078863143921e-02
6.150739999999454085e+03 6.719179153442382812e-01 1.441645994782447815e-02
6.152219999999453648e+03 6.514436602592468262e-01 1.422727573662996292e-02
6.153699999999453212e+03 6.432045102119445801e-01 1.408853102475404739e-02
6.155179999999452775e+03 6.533942222595214844e-01 1.422586198896169662e-02
6.156659999999452339e+03 6.502529382705688477e-01 1.420838758349418640e-02
6.158139999999451902e+03 6.829870343208312988e-01 1.450057420879602432e-02
6.159619999999451466e+03 6.821186542510986328e-01 1.449731457978487015e-02
6.161099999999451029e+03 6.535850763320922852e-01 1.425313390791416168e-02
6.162579999999450592e+03 6.319891214370727539e-01 1.390564907342195511e-02
6.164059999999450156e+03 6.520872116088867188e-01 1.415646262466907501e-02
6.165539999999449719e+03 6.402732729911804199e-01 1.408793032169342041e-02
6.167019999999449283e+03 6.659982204437255859e-01 1.431825757026672363e-02
6.168499999999448846e+03 6.543012857437133789e-01 1.435579825192689896e-02
6.169979999999448410e+03 6.733565926551818848e-01 1.460753660649061203e-02
6.171459999999447973e+03 6.730394363403320312e-01 1.450527645647525787e-02
6.172939999999447537e+03 6.656163930892944336e-01 1.436600461602210999e-02
6.174419999999447100e+03 6.310197114944458008e-01 1.401881873607635498e-02
6.175899999999446663e+03 6.203002929687500000e-01 1.393430400639772415e-02
6.177379999999446227e+03 6.603497266769409180e-01 1.430887915194034576e-02
6.178859999999445790e+03 6.387811899185180664e-01 1.405375357717275620e-02
6.180339999999445354e+03 6.508691906929016113e-01 1.416746061295270920e-02
6.181819999999444917e+03 6.370506286621093750e-01 1.406888104975223541e-02
6.183299999999444481e+03 6.473688483238220215e-01 1.418767031282186508e-02
6.184779999999444044e+03 6.556069254875183105e-01 1.424185838550329208e-02
6.186259999999443608e+03 6.488702893257141113e-01 1.416477747261524200e-02
6.187739999999443171e+03 6.383685469627380371e-01 1.406979281455278397e-02
6.189219999999442734e+03 6.406700611114501953e-01 1.410434488207101822e-02
6.190699999999442298e+03 6.529112458229064941e-01 1.422468945384025574e-02
6.192179999999441861e+03 6.514650583267211914e-01 1.421695575118064880e-02
6.193659999999441425e+03 6.545346975326538086e-01 1.422772184014320374e-02
6.195139999999440988e+03 6.696098446846008301e-01 1.435913983732461929e-02
6.196619999999440552e+03 6.611847281455993652e-01 1.426363643258810043e-02
6.198099999999440115e+03 6.310521364212036133e-01 1.393909566104412079e-02
6.199579999999439679e+03 6.432790756225585938e-01 1.409205514937639236e-02
6.201059999999439242e+03 6.555894017219543457e-01 1.436032541096210480e-02
6.202539999999438805e+03 6.449846029281616211e-01 1.428911089897155762e-02
6.204019999999438369e+03 6.488127112388610840e-01 1.420714985579252243e-02
6.205499999999437932e+03 6.461246609687805176e-01 1.411604136228561401e-02
6.206979999999437496e+03 6.346976757049560547e-01 1.403313875198364258e-02
6.208459999999437059e+03 6.445660591125488281e-01 1.409060135483741760e-02
6.209939999999436623e+03 6.414568424224853516e-01 1.403093058615922928e-02
6.211419999999436186e+03 6.214116811752319336e-01 1.391611713916063309e-02
6.212899999999435749e+03 6.253215074539184570e-01 1.398770976811647415e-02
6.214379999999435313e+03 6.571521162986755371e-01 1.412478927522897720e-02
6.215859999999434876e+03 6.333414316177368164e-01 1.397149637341499329e-02
6.217339999999434440e+03 6.685020327568054199e-01 1.437809690833091736e-02
6.218819999999434003e+03 6.548514366149902344e-01 1.421851385384798050e-02
6.220299999999433567e+03 6.467126011848449707e-01 1.428337488323450089e-02
6.221779999999433130e+03 6.554787158966064453e-01 1.438182592391967773e-02
6.223259999999432694e+03 6.488181352615356445e-01 1.420993264764547348e-02
6.224739999999432257e+03 6.616468429565429688e-01 1.429960038512945175e-02
6.226219999999431820e+03 6.613427400588989258e-01 1.423754170536994934e-02
6.227699999999431384e+03 6.545543074607849121e-01 1.413799077272415161e-02
6.229179999999430947e+03 6.457934975624084473e-01 1.407582778483629227e-02
6.230659999999430511e+03 6.696169376373291016e-01 1.436026394367218018e-02
6.232139999999430074e+03 6.477011442184448242e-01 1.425856165587902069e-02
6.233619999999429638e+03 6.421634554862976074e-01 1.458141859620809555e-02
6.235099999999429201e+03 6.562376022338867188e-01 1.494438666850328445e-02
6.236579999999428765e+03 6.555336713790893555e-01 1.478570979088544846e-02
6.238059999999428328e+03 6.499701142311096191e-01 1.438416633754968643e-02
6.239539999999427891e+03 6.468236446380615234e-01 1.424353476613759995e-02
6.241019999999427455e+03 6.496511697769165039e-01 1.433039363473653793e-02
6.242499999999427018e+03 6.487724781036376953e-01 1.434432994574308395e-02
6.243979999999426582e+03 6.541616320610046387e-01 1.432526111602783203e-02
6.245459999999426145e+03 6.820555925369262695e-01 1.447858568280935287e-02
6.246939999999425709e+03 6.684339046478271484e-01 1.432942133396863937e-02
6.248419999999425272e+03 6.379434466361999512e-01 1.402835920453071594e-02
6.249899999999424836e+03 6.411567926406860352e-01 1.401254255324602127e-02
6.251379999999424399e+03 6.547281742095947266e-01 1.420357730239629745e-02
6.252859999999423962e+03 6.598135232925415039e-01 1.421500649303197861e-02
6.254339999999423526e+03 6.521060466766357422e-01 1.415676716715097427e-02
6.255819999999423089e+03 6.502895355224609375e-01 1.458192709833383560e-02
6.257299999999422653e+03 6.471383571624755859e-01 1.487215422093868256e-02
6.258779999999422216e+03 6.315560340881347656e-01 1.445813197642564774e-02
6.260259999999421780e+03 6.328322291374206543e-01 1.402288209646940231e-02
6.261739999999421343e+03 6.534163355827331543e-01 1.421080064028501511e-02
6.263219999999420907e+03 6.509869694709777832e-01 1.428147125989198685e-02
6.264699999999420470e+03 6.535475850105285645e-01 1.439977902919054031e-02
6.266179999999420033e+03 6.601490974426269531e-01 1.435922645032405853e-02
6.267659999999419597e+03 6.608920097351074219e-01 1.433687563985586166e-02
6.269139999999419160e+03 6.493185162544250488e-01 1.417453866451978683e-02
6.270619999999418724e+03 6.317391395568847656e-01 1.394059788435697556e-02
6.272099999999418287e+03 6.426931619644165039e-01 1.405149791389703751e-02
6.273579999999417851e+03 6.568938493728637695e-01 1.418930198997259140e-02
6.275059999999417414e+03 6.310476660728454590e-01 1.401863805949687958e-02
6.276539999999416978e+03 6.169830560684204102e-01 1.382877863943576813e-02
6.278019999999416541e+03 6.111767292022705078e-01 1.379171013832092285e-02
6.279499999999416104e+03 6.160201430320739746e-01 1.374203525483608246e-02
6.280979999999415668e+03 6.080231666564941406e-01 1.358472369611263275e-02
6.282459999999415231e+03 6.307965517044067383e-01 1.391715649515390396e-02
6.283939999999414795e+03 6.242645382881164551e-01 1.385838631540536880e-02
6.285419999999414358e+03 6.141188144683837891e-01 1.416478585451841354e-02
6.286899999999413922e+03 6.497873067855834961e-01 1.479225326329469681e-02
6.288379999999413485e+03 6.514087915420532227e-01 1.456675957888364792e-02
6.289859999999413048e+03 6.320072412490844727e-01 1.401320192962884903e-02
6.291339999999412612e+03 6.381239295005798340e-01 1.394256949424743652e-02
6.292819999999412175e+03 6.461994051933288574e-01 1.406535878777503967e-02
6.294299999999411739e+03 6.541956067085266113e-01 1.418406143784523010e-02
6.295779999999411302e+03 6.274711489677429199e-01 1.401958521455526352e-02
6.297259999999410866e+03 5.050407052040100098e-01 1.673101261258125305e-02
6.298739999999410429e+03 6.241886019706726074e-01 2.606134116649627686e-02
6.300219999999409993e+03 7.831473350524902344e-01 2.849787659943103790e-02
6.301699999999409556e+03 6.544697880744934082e-01 2.105378173291683197e-02
6.303179999999409119e+03 5.843206644058227539e-01 1.401221193373203278e-02
6.304659999999408683e+03 6.113080978393554688e-01 1.397907081991434097e-02
6.306139999999408246e+03 6.144980192184448242e-01 1.450496632605791092e-02
6.307619999999407810e+03 6.584807038307189941e-01 1.470413338392972946e-02
6.309099999999407373e+03 6.442618966102600098e-01 1.411187462508678436e-02
6.310579999999406937e+03 6.256554722785949707e-01 1.382376160472631454e-02
6.312059999999406500e+03 6.275591850280761719e-01 1.386543735861778259e-02
6.313539999999406064e+03 6.350401639938354492e-01 1.390604861080646515e-02
6.315019999999405627e+03 6.479642391204833984e-01 1.401920430362224579e-02
6.316499999999405190e+03 6.292002797126770020e-01 1.388920284807682037e-02
6.317979999999404754e+03 6.533713340759277344e-01 1.411746907979249954e-02
6.319459999999404317e+03 6.358766555786132812e-01 1.403253152966499329e-02
6.320939999999403881e+03 6.477935910224914551e-01 1.423198822885751724e-02
6.322419999999403444e+03 6.277136206626892090e-01 1.398943178355693817e-02
6.323899999999403008e+03 6.482049226760864258e-01 1.409981120377779007e-02
6.325379999999402571e+03 6.491131782531738281e-01 1.404899824410676956e-02
6.326859999999402135e+03 6.525066494941711426e-01 1.422540750354528427e-02
6.328339999999401698e+03 6.421971917152404785e-01 1.448551286011934280e-02
6.329819999999401261e+03 6.388858556747436523e-01 1.450988277792930603e-02
6.331299999999400825e+03 6.028452515602111816e-01 1.381496991962194443e-02
6.332779999999400388e+03 5.891028642654418945e-01 1.345713995397090912e-02
6.334259999999399952e+03 6.150409579277038574e-01 1.364933792501688004e-02
6.335739999999399515e+03 6.639469265937805176e-01 1.419566757977008820e-02
6.337219999999399079e+03 6.392117738723754883e-01 1.396530680358409882e-02
6.338699999999398642e+03 6.389068365097045898e-01 1.393403951078653336e-02
6.340179999999398206e+03 6.537146568298339844e-01 1.407838705927133560e-02
6.341659999999397769e+03 6.374419927597045898e-01 1.394775230437517166e-02
6.343139999999397332e+03 6.371243596076965332e-01 1.392222288995981216e-02
6.344619999999396896e+03 6.234485507011413574e-01 1.379334088414907455e-02
6.346099999999396459e+03 6.106100082397460938e-01 1.371745113283395767e-02
6.347579999999396023e+03 6.227024793624877930e-01 1.390721742063760757e-02
6.349059999999395586e+03 6.363647580146789551e-01 1.398888509720563889e-02
6.350539999999395150e+03 6.291391253471374512e-01 1.384367886930704117e-02
6.352019999999394713e+03 5.996506214141845703e-01 1.351368520408868790e-02
6.353499999999394277e+03 5.917183160781860352e-01 1.356234494596719742e-02
6.354979999999393840e+03 6.201232075691223145e-01 1.407352834939956665e-02
6.356459999999393403e+03 6.123831868171691895e-01 1.397837325930595398e-02
6.357939999999392967e+03 5.878742337226867676e-01 1.349974889308214188e-02
6.359419999999392530e+03 5.772498250007629395e-01 1.338160596787929535e-02
6.360899999999392094e+03 5.730233788490295410e-01 1.463922485709190369e-02
6.362379999999391657e+03 6.741534471511840820e-01 1.921066641807556152e-02
6.363859999999391221e+03 6.669788360595703125e-01 1.940292678773403168e-02
6.365339999999390784e+03 5.871727466583251953e-01 1.537985261529684067e-02
6.366819999999390348e+03 5.694392919540405273e-01 1.333492994308471680e-02
6.368299999999389911e+03 5.961859822273254395e-01 1.342769525945186615e-02
6.369779999999389474e+03 6.133304834365844727e-01 1.367852184921503067e-02
6.371259999999389038e+03 6.153018474578857422e-01 1.364013087004423141e-02
6.372739999999388601e+03 6.214741468429565430e-01 1.374355051666498184e-02
6.374219999999388165e+03 6.218362450599670410e-01 1.371555496007204056e-02
6.375699999999387728e+03 6.156868934631347656e-01 1.370983384549617767e-02
6.377179999999387292e+03 6.238331794738769531e-01 1.380829699337482452e-02
6.378659999999386855e+03 6.165719628334045410e-01 1.378380786627531052e-02
6.380139999999386418e+03 6.298588514328002930e-01 1.392005663365125656e-02
6.381619999999385982e+03 6.305161714553833008e-01 1.385435368865728378e-02
6.383099999999385545e+03 6.217712759971618652e-01 1.379681844264268875e-02
6.384579999999385109e+03 6.169944405555725098e-01 1.382580772042274475e-02
6.386059999999384672e+03 6.178567409515380859e-01 1.386563573032617569e-02
6.387539999999384236e+03 6.179961562156677246e-01 1.376524567604064941e-02
6.389019999999383799e+03 6.131796240806579590e-01 1.365956850349903107e-02
6.390499999999383363e+03 6.129459738731384277e-01 1.364559587091207504e-02
6.391979999999382926e+03 5.996066331863403320e-01 1.350285764783620834e-02
6.393459999999382489e+03 6.033067703247070312e-01 1.351129170507192612e-02
6.394939999999382053e+03 6.101874709129333496e-01 1.359389536082744598e-02
6.396419999999381616e+03 6.136977672576904297e-01 1.362944766879081726e-02
6.397899999999381180e+03 6.291773319244384766e-01 1.378086674958467484e-02
6.399379999999380743e+03 6.072323918342590332e-01 1.354035455733537674e-02
6.400859999999380307e+03 5.975939035415649414e-01 1.343934517353773117e-02
6.402339999999379870e+03 6.191120147705078125e-01 1.366395037621259689e-02
6.403819999999379434e+03 6.262663006782531738e-01 1.377181801944971085e-02
6.405299999999378997e+03 6.415892243385314941e-01 1.386845018714666367e-02
6.406779999999378560e+03 6.254130005836486816e-01 1.372267119586467743e-02
6.408259999999378124e+03 6.132854819297790527e-01 1.357056573033332825e-02
6.409739999999377687e+03 6.232471466064453125e-01 1.368507277220487595e-02
6.411219999999377251e+03 5.799737572669982910e-01 1.326105836778879166e-02
6.412699999999376814e+03 6.158167719841003418e-01 1.366283651441335678e-02
6.414179999999376378e+03 5.803517103195190430e-01 1.325805857777595520e-02
6.415659999999375941e+03 5.957502722740173340e-01 1.342504005879163742e-02
6.417139999999375505e+03 5.988786220550537109e-01 1.346588972955942154e-02
6.418619999999375068e+03 5.984534621238708496e-01 1.349873375147581100e-02
6.420099999999374631e+03 5.824929475784301758e-01 1.336155552417039871e-02
6.421579999999374195e+03 6.055355668067932129e-01 1.354827079921960831e-02
6.423059999999373758e+03 6.125339269638061523e-01 1.358728297054767609e-02
6.424539999999373322e+03 6.042647957801818848e-01 1.348552294075489044e-02
6.426019999999372885e+03 6.027089357376098633e-01 1.348995696753263474e-02
6.427499999999372449e+03 5.887594819068908691e-01 1.332030072808265686e-02
6.428979999999372012e+03 5.769169330596923828e-01 1.315433811396360397e-02
6.430459999999371576e+03 5.810315608978271484e-01 1.320866588503122330e-02
6.431939999999371139e+03 6.247967481613159180e-01 1.373182144016027451e-02
6.433419999999370702e+03 6.294655203819274902e-01 1.378832664340734482e-02
6.434899999999370266e+03 5.969198942184448242e-01 1.337700244039297104e-02
6.436379999999369829e+03 6.186726093292236328e-01 1.366283558309078217e-02
6.437859999999369393e+03 6.226862072944641113e-01 1.371116470545530319e-02
6.439339999999368956e+03 5.943489670753479004e-01 1.341202668845653534e-02
6.440819999999368520e+03 5.813854336738586426e-01 1.327650714665651321e-02
6.442299999999368083e+03 5.820009708404541016e-01 1.325738988816738129e-02
6.443779999999367647e+03 5.786703228950500488e-01 1.323432661592960358e-02
6.445259999999367210e+03 5.738143920898437500e-01 1.317565422505140305e-02
6.446739999999366773e+03 5.939228534698486328e-01 1.342203095555305481e-02
6.448219999999366337e+03 6.005318164825439453e-01 1.346263475716114044e-02
6.449699999999365900e+03 6.121186017990112305e-01 1.361083798110485077e-02
6.451179999999365464e+03 6.076966524124145508e-01 1.354877930134534836e-02
6.452659999999365027e+03 5.927577018737792969e-01 1.342309266328811646e-02
6.454139999999364591e+03 5.776438117027282715e-01 1.323430798947811127e-02
6.455619999999364154e+03 5.679380893707275391e-01 1.310872286558151245e-02
6.457099999999363718e+03 5.860593318939208984e-01 1.335739344358444214e-02
6.458579999999363281e+03 6.032379865646362305e-01 1.355665363371372223e-02
6.460059999999362844e+03 6.021187901496887207e-01 1.349534559994935989e-02
6.461539999999362408e+03 5.919272899627685547e-01 1.345091592520475388e-02
6.463019999999361971e+03 6.080834865570068359e-01 1.383342593908309937e-02
6.464499999999361535e+03 6.133169531822204590e-01 1.396509539335966110e-02
6.465979999999361098e+03 5.993577241897583008e-01 1.370275393128395081e-02
6.467459999999360662e+03 6.097709536552429199e-01 1.371272373944520950e-02
6.468939999999360225e+03 6.149014830589294434e-01 1.386408880352973938e-02
6.470419999999359788e+03 5.981424450874328613e-01 1.379933115094900131e-02
6.471899999999359352e+03 6.127071976661682129e-01 1.377157401293516159e-02
6.473379999999358915e+03 6.203916072845458984e-01 1.375180948525667191e-02
6.474859999999358479e+03 6.141602396965026855e-01 1.367411296814680099e-02
6.476339999999358042e+03 6.187425851821899414e-01 1.371746696531772614e-02
6.477819999999357606e+03 5.889822244644165039e-01 1.343772280961275101e-02
6.479299999999357169e+03 5.917173624038696289e-01 1.343933213502168655e-02
6.480779999999356733e+03 5.881433486938476562e-01 1.333494391292333603e-02
6.482259999999356296e+03 5.792518258094787598e-01 1.322067994624376297e-02
6.483739999999355859e+03 5.745947957038879395e-01 1.319793611764907837e-02
6.485219999999355423e+03 5.670971870422363281e-01 1.309500169008970261e-02
6.486699999999354986e+03 5.922471880912780762e-01 1.335508096963167191e-02
6.488179999999354550e+03 6.194842457771301270e-01 1.368077751249074936e-02
6.489659999999354113e+03 6.341456174850463867e-01 1.382054947316646576e-02
6.491139999999353677e+03 6.099531054496765137e-01 1.353011000901460648e-02
6.492619999999353240e+03 5.966497659683227539e-01 1.338667701929807663e-02
6.494099999999352804e+03 6.124343276023864746e-01 1.357618439942598343e-02
6.495579999999352367e+03 6.040543913841247559e-01 1.373740658164024353e-02
6.497059999999351930e+03 6.142784953117370605e-01 1.432801876217126846e-02
6.498539999999351494e+03 6.547153592109680176e-01 1.488222368061542511e-02
6.500019999999351057e+03 7.241802215576171875e-01 1.504773180931806564e-02
6.501499999999350621e+03 7.208340167999267578e-01 1.466515194624662399e-02
6.502979999999350184e+03 6.571416258811950684e-01 1.415329240262508392e-02
6.504459999999349748e+03 6.275011897087097168e-01 1.399827748537063599e-02
6.505939999999349311e+03 6.104320287704467773e-01 1.367418933659791946e-02
6.507419999999348875e+03 6.156226396560668945e-01 1.361922454088926315e-02
6.508899999999348438e+03 6.285576820373535156e-01 1.368893124163150787e-02
6.510379999999348001e+03 5.946372747421264648e-01 1.336194016039371490e-02
6.511859999999347565e+03 5.898742675781250000e-01 1.339930016547441483e-02
6.513339999999347128e+03 6.112080216407775879e-01 1.360758207738399506e-02
6.514819999999346692e+03 6.215420365333557129e-01 1.366007793694734573e-02
6.516299999999346255e+03 5.945687890052795410e-01 1.335678528994321823e-02
6.517779999999345819e+03 5.842749476432800293e-01 1.324640866369009018e-02
6.519259999999345382e+03 5.843718051910400391e-01 1.327611133456230164e-02
6.520739999999344946e+03 5.735478401184082031e-01 1.326946634799242020e-02
6.522219999999344509e+03 6.034052371978759766e-01 1.368062291294336319e-02
6.523699999999344072e+03 6.021261215209960938e-01 1.348943449556827545e-02
6.525179999999343636e+03 6.165755391120910645e-01 1.358189340680837631e-02
6.526659999999343199e+03 6.179002523422241211e-01 1.363237388432025909e-02
6.528139999999342763e+03 6.246062517166137695e-01 1.365148276090621948e-02
6.529619999999342326e+03 6.140653491020202637e-01 1.367053296416997910e-02
6.531099999999341890e+03 6.155579686164855957e-01 1.412193477153778076e-02
6.532579999999341453e+03 6.138542294502258301e-01 1.426981482654809952e-02
6.534059999999341017e+03 5.856630802154541016e-01 1.365119591355323792e-02
6.535539999999340580e+03 6.018400192260742188e-01 1.348941307514905930e-02
6.537019999999340143e+03 6.062464714050292969e-01 1.349519379436969757e-02
6.538499999999339707e+03 5.930384397506713867e-01 1.337612420320510864e-02
6.539979999999339270e+03 5.793403387069702148e-01 1.324871089309453964e-02
6.541459999999338834e+03 5.962454676628112793e-01 1.353952568024396896e-02
6.542939999999338397e+03 6.192682385444641113e-01 1.388897094875574112e-02
6.544419999999337961e+03 6.065857410430908203e-01 1.368094980716705322e-02
6.545899999999337524e+03 5.907386541366577148e-01 1.338140480220317841e-02
6.547379999999337088e+03 5.934912562370300293e-01 1.336732786148786545e-02
6.548859999999336651e+03 6.014182567596435547e-01 1.344155799597501755e-02
6.550339999999336214e+03 5.947038531303405762e-01 1.351446378976106644e-02
6.551819999999335778e+03 6.209231019020080566e-01 1.433346793055534363e-02
6.553299999999335341e+03 6.161462664604187012e-01 1.434630341827869415e-02
6.554779999999334905e+03 5.853756070137023926e-01 1.359907351434230804e-02
6.556259999999334468e+03 6.001692414283752441e-01 1.346008945256471634e-02
6.557739999999334032e+03 6.146023869514465332e-01 1.350238267332315445e-02
6.559219999999333595e+03 5.899801254272460938e-01 1.338932104408740997e-02
6.560699999999333158e+03 6.029629707336425781e-01 1.412000320851802826e-02
6.562179999999332722e+03 5.853619575500488281e-01 1.407554373145103455e-02
6.563659999999332285e+03 5.916039943695068359e-01 1.370748877525329590e-02
6.565139999999331849e+03 6.343840360641479492e-01 1.384262554347515106e-02
6.566619999999331412e+03 6.471099853515625000e-01 1.400938071310520172e-02
6.568099999999330976e+03 6.384220123291015625e-01 1.399512123316526413e-02
6.569579999999330539e+03 6.144961118698120117e-01 1.368170697242021561e-02
6.571059999999330103e+03 6.112737655639648438e-01 1.353628840297460556e-02
6.572539999999329666e+03 6.189464330673217773e-01 1.359626464545726776e-02
6.574019999999329229e+03 6.246858835220336914e-01 1.382299140095710754e-02
6.575499999999328793e+03 6.268360614776611328e-01 1.411929074674844742e-02
6.576979999999328356e+03 6.224015951156616211e-01 1.409280579537153244e-02
6.578459999999327920e+03 6.170603036880493164e-01 1.380150113254785538e-02
6.579939999999327483e+03 6.095941066741943359e-01 1.356080081313848495e-02
6.581419999999327047e+03 6.104458570480346680e-01 1.353867258876562119e-02
6.582899999999326610e+03 6.175417304039001465e-01 1.363526098430156708e-02
6.584379999999326174e+03 6.201268434524536133e-01 1.364813838154077530e-02
6.585859999999325737e+03 6.004501581192016602e-01 1.342222746461629868e-02
6.587339999999325300e+03 6.032557487487792969e-01 1.345952041447162628e-02
6.588819999999324864e+03 6.403723955154418945e-01 1.379946898669004440e-02
6.590299999999324427e+03 6.208892464637756348e-01 1.363688241690397263e-02
6.591779999999323991e+03 6.026459336280822754e-01 1.338516827672719955e-02
6.593259999999323554e+03 6.097955703735351562e-01 1.351270265877246857e-02
6.594739999999323118e+03 6.200166940689086914e-01 1.372924540191888809e-02
6.596219999999322681e+03 5.984698534011840820e-01 1.349419727921485901e-02
6.597699999999322245e+03 6.108968853950500488e-01 1.350503414869308472e-02
6.599179999999321808e+03 6.309105753898620605e-01 1.369900256395339966e-02
6.600659999999321371e+03 6.197263598442077637e-01 1.365938968956470490e-02
6.602139999999320935e+03 5.810138583183288574e-01 1.344774942845106125e-02
6.603619999999320498e+03 5.693931579589843750e-01 1.330463401973247528e-02
6.605099999999320062e+03 5.838362574577331543e-01 1.334833726286888123e-02
6.606579999999319625e+03 6.029705405235290527e-01 1.340131554752588272e-02
6.608059999999319189e+03 6.181178092956542969e-01 1.352857984602451324e-02
6.609539999999318752e+03 6.226058602333068848e-01 1.361235510557889938e-02
6.611019999999318316e+03 6.121050715446472168e-01 1.349932607263326645e-02
6.612499999999317879e+03 6.032707095146179199e-01 1.335049513727426529e-02
6.613979999999317442e+03 5.978140234947204590e-01 1.331245526671409607e-02
6.615459999999317006e+03 5.953953266143798828e-01 1.331553328782320023e-02
6.616939999999316569e+03 5.909616947174072266e-01 1.324788108468055725e-02
6.618419999999316133e+03 5.864474177360534668e-01 1.319911330938339233e-02
6.619899999999315696e+03 6.017409563064575195e-01 1.340021938085556030e-02
6.621379999999315260e+03 6.040569543838500977e-01 1.337768044322729111e-02
6.622859999999314823e+03 5.953539609909057617e-01 1.331916823983192444e-02
6.624339999999314387e+03 6.036891341209411621e-01 1.340068876743316650e-02
6.625819999999313950e+03 5.910650491714477539e-01 1.330738235265016556e-02
6.627299999999313513e+03 6.236357092857360840e-01 1.365932542830705643e-02
6.628779999999313077e+03 6.241235733032226562e-01 1.360813062638044357e-02
6.630259999999312640e+03 6.104478836059570312e-01 1.345021370798349380e-02
6.631739999999312204e+03 6.183093786239624023e-01 1.361828017979860306e-02
6.633219999999311767e+03 5.896009206771850586e-01 1.338859554380178452e-02
6.634699999999311331e+03 5.830343365669250488e-01 1.324804034084081650e-02
6.636179999999310894e+03 5.823482871055603027e-01 1.320093590766191483e-02
6.637659999999310457e+03 6.182795763015747070e-01 1.356102246791124344e-02
6.639139999999310021e+03 6.216145753860473633e-01 1.357998233288526535e-02
6.640619999999309584e+03 6.084012985229492188e-01 1.344435848295688629e-02
6.642099999999309148e+03 6.056493520736694336e-01 1.338494941592216492e-02
6.643579999999308711e+03 6.036806702613830566e-01 1.336680352687835693e-02
6.645059999999308275e+03 6.121214628219604492e-01 1.345268264412879944e-02
6.646539999999307838e+03 6.122738718986511230e-01 1.344461552798748016e-02
6.648019999999307402e+03 6.101909279823303223e-01 1.346696261316537857e-02
6.649499999999306965e+03 6.247971653938293457e-01 1.362332422286272049e-02
6.650979999999306528e+03 6.203677654266357422e-01 1.355136651545763016e-02
6.652459999999306092e+03 5.966603159904479980e-01 1.327940076589584351e-02
6.653939999999305655e+03 5.852743983268737793e-01 1.316681224852800369e-02
6.655419999999305219e+03 5.701089501380920410e-01 1.303059514611959457e-02
6.656899999999304782e+03 5.658529996871948242e-01 1.297930069267749786e-02
6.658379999999304346e+03 6.034123897552490234e-01 1.339571364223957062e-02
6.659859999999303909e+03 5.855565071105957031e-01 1.316243782639503479e-02
6.661339999999303473e+03 5.722504854202270508e-01 1.305465307086706161e-02
6.662819999999303036e+03 6.115525364875793457e-01 1.345694158226251602e-02
6.664299999999302599e+03 6.200181245803833008e-01 1.350191887468099594e-02
6.665779999999302163e+03 6.120080947875976562e-01 1.349296420812606812e-02
6.667259999999301726e+03 5.955408811569213867e-01 1.331126969307661057e-02
6.668739999999301290e+03 5.781972408294677734e-01 1.315321121364831924e-02
6.670219999999300853e+03 5.941113233566284180e-01 1.326893735677003860e-02
6.671699999999300417e+03 6.122630238533020020e-01 1.343821082264184952e-02
6.673179999999299980e+03 6.016813516616821289e-01 1.333551295101642609e-02
6.674659999999299544e+03 5.944817662239074707e-01 1.322280429303646088e-02
6.676139999999299107e+03 6.104863286018371582e-01 1.339159440249204636e-02
6.677619999999298670e+03 6.276957988739013672e-01 1.358789578080177307e-02
6.679099999999298234e+03 6.322452425956726074e-01 1.363348960876464844e-02
6.680579999999297797e+03 6.213931441307067871e-01 1.350224576890468597e-02
6.682059999999297361e+03 6.098212599754333496e-01 1.336957328021526337e-02
6.683539999999296924e+03 6.186835765838623047e-01 1.350598223507404327e-02
6.685019999999296488e+03 6.017503738403320312e-01 1.338526047766208649e-02
6.686499999999296051e+03 6.018227934837341309e-01 1.330078858882188797e-02
6.687979999999295615e+03 6.074515581130981445e-01 1.335090678185224533e-02
6.689459999999295178e+03 6.019788980484008789e-01 1.331221684813499451e-02
6.690939999999294741e+03 6.030815839767456055e-01 1.338740251958370209e-02
6.692419999999294305e+03 6.137090325355529785e-01 1.342519093304872513e-02
6.693899999999293868e+03 5.862767696380615234e-01 1.317027676850557327e-02
6.695379999999293432e+03 6.105957627296447754e-01 1.336032617837190628e-02
6.696859999999292995e+03 5.920181274414062500e-01 1.322698034346103668e-02
6.698339999999292559e+03 5.704836845397949219e-01 1.302251964807510376e-02
6.699819999999292122e+03 5.742494463920593262e-01 1.303165778517723083e-02
6.701299999999291686e+03 5.455051660537719727e-01 1.278328429907560349e-02
6.702779999999291249e+03 5.372624993324279785e-01 1.264949701726436615e-02
6.704259999999290812e+03 5.534623861312866211e-01 1.280759833753108978e-02
6.705739999999290376e+03 5.774817466735839844e-01 1.307158172130584717e-02
6.707219999999289939e+03 5.978332757949829102e-01 1.327863615006208420e-02
6.708699999999289503e+03 5.918724536895751953e-01 1.321720518171787262e-02
6.710179999999289066e+03 5.934866666793823242e-01 1.320004463195800781e-02
6.711659999999288630e+03 6.044746637344360352e-01 1.331100985407829285e-02
6.713139999999288193e+03 6.034234166145324707e-01 1.334212906658649445e-02
6.714619999999287757e+03 5.983625650405883789e-01 1.328571233898401260e-02
6.716099999999287320e+03 6.029198765754699707e-01 1.334583573043346405e-02
6.717579999999286883e+03 6.378904581069946289e-01 1.368855591863393784e-02
6.719059999999286447e+03 6.154706478118896484e-01 1.344640925526618958e-02
6.720539999999286010e+03 6.127566099166870117e-01 1.341667119413614273e-02
6.722019999999285574e+03 6.000631451606750488e-01 1.325693447142839432e-02
6.723499999999285137e+03 6.048166155815124512e-01 1.328669767826795578e-02
6.724979999999284701e+03 6.027985215187072754e-01 1.329231634736061096e-02
6.726459999999284264e+03 6.037870645523071289e-01 1.330283470451831818e-02
6.727939999999283827e+03 6.196221113204956055e-01 1.348659116774797440e-02
6.729419999999283391e+03 5.999958515167236328e-01 1.332047209143638611e-02
6.730899999999282954e+03 5.918044447898864746e-01 1.316016819328069687e-02
6.732379999999282518e+03 5.964584350585937500e-01 1.318444870412349701e-02
6.733859999999282081e+03 5.800183415412902832e-01 1.305581256747245789e-02
6.735339999999281645e+03 5.908004641532897949e-01 1.315872464329004288e-02
6.736819999999281208e+03 6.089409589767456055e-01 1.331743784248828888e-02
6.738299999999280772e+03 5.985718369483947754e-01 1.329530775547027588e-02
6.739779999999280335e+03 5.956840515136718750e-01 1.326098572462797165e-02
6.741259999999279898e+03 5.919986367225646973e-01 1.316177472472190857e-02
6.742739999999279462e+03 5.951374769210815430e-01 1.322598289698362350e-02
6.744219999999279025e+03 6.101794838905334473e-01 1.338045392185449600e-02
6.745699999999278589e+03 5.996577143669128418e-01 1.325544435530900955e-02
6.747179999999278152e+03 5.939636230468750000e-01 1.316253561526536942e-02
6.748659999999277716e+03 5.936301946640014648e-01 1.319614145904779434e-02
6.750139999999277279e+03 6.016497611999511719e-01 1.328606624156236649e-02
6.751619999999276843e+03 6.276090145111083984e-01 1.351203676313161850e-02
6.753099999999276406e+03 6.890243291854858398e-01 1.411733217537403107e-02
6.754579999999275969e+03 1.001854658126831055e+00 1.688719540834426880e-02
6.756059999999275533e+03 1.241446137428283691e+00 1.868286542594432831e-02
6.757539999999275096e+03 1.091390728950500488e+00 1.758530177175998688e-02
6.759019999999274660e+03 7.685021162033081055e-01 1.485605351626873016e-02
6.760499999999274223e+03 5.863993167877197266e-01 1.310526300221681595e-02
6.761979999999273787e+03 5.521795153617858887e-01 1.273139007389545441e-02
6.763459999999273350e+03 5.484719276428222656e-01 1.269723195582628250e-02
6.764939999999272914e+03 5.689336061477661133e-01 1.289764512330293655e-02
6.766419999999272477e+03 6.080132126808166504e-01 1.330752298235893250e-02
6.767899999999272040e+03 9.316804409027099609e-01 1.626830734312534332e-02
6.769379999999271604e+03 2.924328088760375977e+00 2.862153947353363037e-02
6.770859999999271167e+03 5.413845062255859375e+00 3.881658241152763367e-02
6.772339999999270731e+03 5.390122413635253906e+00 3.868011385202407837e-02
6.773819999999270294e+03 2.553832292556762695e+00 2.668349444866180420e-02
6.775299999999269858e+03 7.788414359092712402e-01 1.492703892290592194e-02
6.776779999999269421e+03 5.851798653602600098e-01 1.303475536406040192e-02
6.778259999999268985e+03 5.647783279418945312e-01 1.281485613435506821e-02
6.779739999999268548e+03 5.585549473762512207e-01 1.278923824429512024e-02
6.781219999999268111e+03 5.623577833175659180e-01 1.285038609057664871e-02
6.782699999999267675e+03 5.913982391357421875e-01 1.309701055288314819e-02
6.784179999999267238e+03 5.690249204635620117e-01 1.289675943553447723e-02
6.785659999999266802e+03 5.810934305191040039e-01 1.301598083227872849e-02
6.787139999999266365e+03 6.054467558860778809e-01 1.326957903802394867e-02
6.788619999999265929e+03 7.169225811958312988e-01 1.437431760132312775e-02
6.790099999999265492e+03 1.142643809318542480e+00 1.795759797096252441e-02
6.791579999999265056e+03 2.252644538879394531e+00 2.509773150086402893e-02
6.793059999999264619e+03 2.667171716690063477e+00 2.723498269915580750e-02
6.794539999999264182e+03 1.888402700424194336e+00 2.290501259267330170e-02
6.796019999999263746e+03 8.951328396797180176e-01 1.589597575366497040e-02
6.797499999999263309e+03 6.097837090492248535e-01 1.331204921007156372e-02
6.798979999999262873e+03 5.860940217971801758e-01 1.307998038828372955e-02
6.800459999999262436e+03 5.808022618293762207e-01 1.301060430705547333e-02
6.801939999999262000e+03 5.730364322662353516e-01 1.291550230234861374e-02
6.803419999999261563e+03 5.739789009094238281e-01 1.294001005589962006e-02
6.804899999999261127e+03 5.960133671760559082e-01 1.317021716386079788e-02
6.806379999999260690e+03 5.922219157218933105e-01 1.311530172824859619e-02
6.807859999999260253e+03 5.896179676055908203e-01 1.308695506304502487e-02
6.809339999999259817e+03 5.939351320266723633e-01 1.308420021086931229e-02
6.810819999999259380e+03 5.778557658195495605e-01 1.296031568199396133e-02
6.812299999999258944e+03 5.768542885780334473e-01 1.295442134141921997e-02
6.813779999999258507e+03 6.006633043289184570e-01 1.317447982728481293e-02
6.815259999999258071e+03 6.138920187950134277e-01 1.335161551833152771e-02
6.816739999999257634e+03 5.811516046524047852e-01 1.297617238014936447e-02
6.818219999999257197e+03 5.612390041351318359e-01 1.275721378624439240e-02
6.819699999999256761e+03 5.698763132095336914e-01 1.284617371857166290e-02
6.821179999999256324e+03 5.856331586837768555e-01 1.305759418755769730e-02
6.822659999999255888e+03 5.884702801704406738e-01 1.304265111684799194e-02
6.824139999999255451e+03 5.936154723167419434e-01 1.317668799310922623e-02
6.825619999999255015e+03 5.776276588439941406e-01 1.340211462229490280e-02
6.827099999999254578e+03 5.939275026321411133e-01 1.404679752886295319e-02
6.828579999999254142e+03 6.110575199127197266e-01 1.424384303390979767e-02
6.830059999999253705e+03 5.880662202835083008e-01 1.365855615586042404e-02
6.831539999999253268e+03 5.909918546676635742e-01 1.379611808806657791e-02
6.833019999999252832e+03 6.062628030776977539e-01 1.422887668013572693e-02
6.834499999999252395e+03 5.929212570190429688e-01 1.380556263029575348e-02
6.835979999999251959e+03 5.744607448577880859e-01 1.299825310707092285e-02
6.837459999999251522e+03 5.888811945915222168e-01 1.312516536563634872e-02
6.838939999999251086e+03 5.935947299003601074e-01 1.329185068607330322e-02
6.840419999999250649e+03 5.822671055793762207e-01 1.315993722528219223e-02
6.841899999999250213e+03 5.805914402008056641e-01 1.313637197017669678e-02
6.843379999999249776e+03 5.751360058784484863e-01 1.291777472943067551e-02
6.844859999999249339e+03 5.686510205268859863e-01 1.287767942994832993e-02
6.846339999999248903e+03 5.731598138809204102e-01 1.287317834794521332e-02
6.847819999999248466e+03 5.949804186820983887e-01 1.309607643634080887e-02
6.849299999999248030e+03 5.862058401107788086e-01 1.309902314096689224e-02
6.850779999999247593e+03 5.942167043685913086e-01 1.316310558468103409e-02
6.852259999999247157e+03 5.772163867950439453e-01 1.291744504123926163e-02
6.853739999999246720e+03 5.888947248458862305e-01 1.302108261734247208e-02
6.855219999999246284e+03 5.871869325637817383e-01 1.301006320863962173e-02
6.856699999999245847e+03 5.625065565109252930e-01 1.276918500661849976e-02
6.858179999999245410e+03 5.879353880882263184e-01 1.298092957586050034e-02
6.859659999999244974e+03 5.845446586608886719e-01 1.327268220484256744e-02
6.861139999999244537e+03 5.822668671607971191e-01 1.423882413655519485e-02
6.862619999999244101e+03 5.934324860572814941e-01 1.501693110913038254e-02
6.864099999999243664e+03 5.506827235221862793e-01 1.404322683811187744e-02
6.865579999999243228e+03 5.062465667724609375e-01 1.237965840846300125e-02
6.867059999999242791e+03 4.257071614265441895e-01 1.123597472906112671e-02
6.868539999999242355e+03 3.876583576202392578e-01 1.086017303168773651e-02
6.870019999999241918e+03 4.065007567405700684e-01 1.115113962441682816e-02
6.871499999999241481e+03 4.123910665512084961e-01 1.108459290117025375e-02
6.872979999999241045e+03 4.442501068115234375e-01 1.135979779064655304e-02
6.874459999999240608e+03 4.428373575210571289e-01 1.136246882379055023e-02
6.875939999999240172e+03 4.594250023365020752e-01 1.151356939226388931e-02
6.877419999999239735e+03 4.927409887313842773e-01 1.203021407127380371e-02
6.878899999999239299e+03 5.297251343727111816e-01 1.257084868848323822e-02
6.880379999999238862e+03 5.482966303825378418e-01 1.281270664185285568e-02
6.881859999999238426e+03 5.585749149322509766e-01 1.282877195626497269e-02
6.883339999999237989e+03 5.446223616600036621e-01 1.253866590559482574e-02
6.884819999999237552e+03 5.200750231742858887e-01 1.231950242072343826e-02
6.886299999999237116e+03 5.214549303054809570e-01 1.248113345354795456e-02
6.887779999999236679e+03 5.269255638122558594e-01 1.271937415003776550e-02
6.889259999999236243e+03 5.295268893241882324e-01 1.265801582485437393e-02
6.890739999999235806e+03 5.189923048019409180e-01 1.230053883045911789e-02
6.892219999999235370e+03 4.975276887416839600e-01 1.204316504299640656e-02
6.893699999999234933e+03 5.162990689277648926e-01 1.226099394261837006e-02
6.895179999999234496e+03 5.196021795272827148e-01 1.224883366376161575e-02
6.896659999999234060e+03 5.269784331321716309e-01 1.235435437411069870e-02
6.898139999999233623e+03 5.195078253746032715e-01 1.260914746671915054e-02
6.899619999999233187e+03 5.317488908767700195e-01 1.283431705087423325e-02
6.901099999999232750e+03 5.535545349121093750e-01 1.287044491618871689e-02
6.902579999999232314e+03 5.262932181358337402e-01 1.238735765218734741e-02
6.904059999999231877e+03 5.373453497886657715e-01 1.245913375169038773e-02
6.905539999999231441e+03 5.516024827957153320e-01 1.260377746075391769e-02
6.907019999999231004e+03 5.380540490150451660e-01 1.243358291685581207e-02
6.908499999999230567e+03 5.294890999794006348e-01 1.240741088986396790e-02
6.909979999999230131e+03 5.608148574829101562e-01 1.306099258363246918e-02
6.911459999999229694e+03 5.617464780807495117e-01 1.327607315033674240e-02
6.912939999999229258e+03 5.407165288925170898e-01 1.280003972351551056e-02
6.914419999999228821e+03 5.514584779739379883e-01 1.265206653624773026e-02
6.915899999999228385e+03 5.549371242523193359e-01 1.263567991554737091e-02
6.917379999999227948e+03 5.510895848274230957e-01 1.255794614553451538e-02
6.918859999999227512e+03 5.520085096359252930e-01 1.270780619233846664e-02
6.920339999999227075e+03 5.698050856590270996e-01 1.346135791391134262e-02
6.921819999999226638e+03 5.630556941032409668e-01 1.383254770189523697e-02
6.923299999999226202e+03 5.565877556800842285e-01 1.347059663385152817e-02
6.924779999999225765e+03 5.997319221496582031e-01 1.328185200691223145e-02
6.926259999999225329e+03 6.694226264953613281e-01 1.383134629577398300e-02
6.927739999999224892e+03 9.363747835159301758e-01 1.619180850684642792e-02
6.929219999999224456e+03 1.363435387611389160e+00 1.943244412541389465e-02
6.930699999999224019e+03 1.406562924385070801e+00 1.971419528126716614e-02
6.932179999999223583e+03 9.393987655639648438e-01 1.619053445756435394e-02
6.933659999999223146e+03 6.081721782684326172e-01 1.322198752313852310e-02
6.935139999999222709e+03 5.631219148635864258e-01 1.279454398900270462e-02
6.936619999999222273e+03 5.648515224456787109e-01 1.295733731240034103e-02
6.938099999999221836e+03 5.892715454101562500e-01 1.350322086364030838e-02
6.939579999999221400e+03 5.913113951683044434e-01 1.330109871923923492e-02
6.941059999999220963e+03 6.162137389183044434e-01 1.342017855495214462e-02
6.942539999999220527e+03 8.885840177536010742e-01 1.581941545009613037e-02
6.944019999999220090e+03 1.225200295448303223e+00 1.843992620706558228e-02
6.945499999999219654e+03 1.221652626991271973e+00 1.860319450497627258e-02
6.946979999999219217e+03 8.762686252593994141e-01 1.660795696079730988e-02
6.948459999999218780e+03 6.229098439216613770e-01 1.443851273506879807e-02
6.949939999999218344e+03 5.891759395599365234e-01 1.356644183397293091e-02
6.951419999999217907e+03 5.463461875915527344e-01 1.272666454315185547e-02
6.952899999999217471e+03 5.603389739990234375e-01 1.270632259547710419e-02
6.954379999999217034e+03 5.906720757484436035e-01 1.299308426678180695e-02
6.955859999999216598e+03 5.506345033645629883e-01 1.265366002917289734e-02
6.957339999999216161e+03 5.456895232200622559e-01 1.262381859123706818e-02
6.958819999999215725e+03 5.627885460853576660e-01 1.275691017508506775e-02
6.960299999999215288e+03 5.568135976791381836e-01 1.269608270376920700e-02
6.961779999999214851e+03 5.472902059555053711e-01 1.260821893811225891e-02
6.963259999999214415e+03 5.518648028373718262e-01 1.263561472296714783e-02
6.964739999999213978e+03 5.535236597061157227e-01 1.266675628721714020e-02
6.966219999999213542e+03 5.539755225181579590e-01 1.272553857415914536e-02
6.967699999999213105e+03 5.649437904357910156e-01 1.299548149108886719e-02
6.969179999999212669e+03 5.690062046051025391e-01 1.307620480656623840e-02
6.970659999999212232e+03 5.572968125343322754e-01 1.282752491533756256e-02
6.972139999999211796e+03 5.598565936088562012e-01 1.273370441049337387e-02
6.973619999999211359e+03 5.658458471298217773e-01 1.278688199818134308e-02
6.975099999999210922e+03 5.661165714263916016e-01 1.299440301954746246e-02
6.976579999999210486e+03 6.008107662200927734e-01 1.373486313968896866e-02
6.978059999999210049e+03 5.654809474945068359e-01 1.331742107868194580e-02
6.979539999999209613e+03 5.574502944946289062e-01 1.283034589141607285e-02
6.981019999999209176e+03 5.752796530723571777e-01 1.291195768862962723e-02
6.982499999999208740e+03 5.737457871437072754e-01 1.286042015999555588e-02
6.983979999999208303e+03 5.626348257064819336e-01 1.277979742735624313e-02
6.985459999999207866e+03 5.469022989273071289e-01 1.261538919061422348e-02
6.986939999999207430e+03 5.482699275016784668e-01 1.260325312614440918e-02
6.988419999999206993e+03 5.649814605712890625e-01 1.280147023499011993e-02
6.989899999999206557e+03 5.832541584968566895e-01 1.297644525766372681e-02
6.991379999999206120e+03 5.670607089996337891e-01 1.274664886295795441e-02
6.992859999999205684e+03 5.582446455955505371e-01 1.268327049911022186e-02
6.994339999999205247e+03 5.832880735397338867e-01 1.299263257533311844e-02
6.995819999999204811e+03 5.763239860534667969e-01 1.290820911526679993e-02
6.997299999999204374e+03 5.650344491004943848e-01 1.276884507387876511e-02
6.998779999999203937e+03 5.685666203498840332e-01 1.280083600431680679e-02
7.000259999999203501e+03 5.612893700599670410e-01 1.276864577084779739e-02
7.001739999999203064e+03 5.652592182159423828e-01 1.292288862168788910e-02
7.003219999999202628e+03 5.539075732231140137e-01 1.279205456376075745e-02
7.004699999999202191e+03 5.644691586494445801e-01 1.283949054777622223e-02
7.006179999999201755e+03 5.999057292938232422e-01 1.308241207152605057e-02
7.007659999999201318e+03 5.628690123558044434e-01 1.278074271976947784e-02
7.009139999999200882e+03 5.516009330749511719e-01 1.288316212594509125e-02
7.010619999999200445e+03 5.747236013412475586e-01 1.319207530468702316e-02
7.012099999999200008e+03 5.777497291564941406e-01 1.303485035896301270e-02
7.013579999999199572e+03 5.858513712882995605e-01 1.302219647914171219e-02
7.015059999999199135e+03 5.787566900253295898e-01 1.291759032756090164e-02
7.016539999999198699e+03 5.779913663864135742e-01 1.287897955626249313e-02
7.018019999999198262e+03 5.976642370223999023e-01 1.310164295136928558e-02
7.019499999999197826e+03 5.884059071540832520e-01 1.301478035748004913e-02
7.020979999999197389e+03 5.520597696304321289e-01 1.261813659220933914e-02
7.022459999999196953e+03 5.453902482986450195e-01 1.256396528333425522e-02
7.023939999999196516e+03 5.646806955337524414e-01 1.277907378971576691e-02
7.025419999999196079e+03 5.659645199775695801e-01 1.280466560274362564e-02
7.026899999999195643e+03 5.595090389251708984e-01 1.277168840169906616e-02
7.028379999999195206e+03 5.697796344757080078e-01 1.285428367555141449e-02
7.029859999999194770e+03 5.573343634605407715e-01 1.270723529160022736e-02
7.031339999999194333e+03 5.616750717163085938e-01 1.273979339748620987e-02
7.032819999999193897e+03 5.647758245468139648e-01 1.276166085153818130e-02
7.034299999999193460e+03 5.838758349418640137e-01 1.295371912419795990e-02
7.035779999999193024e+03 5.721153020858764648e-01 1.282290276139974594e-02
7.037259999999192587e+03 5.627067089080810547e-01 1.275170780718326569e-02
7.038739999999192150e+03 5.576280355453491211e-01 1.277110353112220764e-02
7.040219999999191714e+03 5.645771026611328125e-01 1.289708074182271957e-02
7.041699999999191277e+03 5.737406015396118164e-01 1.295103225857019424e-02
7.043179999999190841e+03 5.727520585060119629e-01 1.291052717715501785e-02
7.044659999999190404e+03 5.766837596893310547e-01 1.300973538309335709e-02
7.046139999999189968e+03 5.676652789115905762e-01 1.304585766047239304e-02
7.047619999999189531e+03 5.614587664604187012e-01 1.304916758090257645e-02
7.049099999999189095e+03 5.715981125831604004e-01 1.306077279150485992e-02
7.050579999999188658e+03 5.535935163497924805e-01 1.279827579855918884e-02
7.052059999999188221e+03 5.485645532608032227e-01 1.274377387017011642e-02
7.053539999999187785e+03 5.616490840911865234e-01 1.285196933895349503e-02
7.055019999999187348e+03 5.647987127304077148e-01 1.280507445335388184e-02
7.056499999999186912e+03 5.663297176361083984e-01 1.284201536327600479e-02
7.057979999999186475e+03 5.456799268722534180e-01 1.263936702162027359e-02
7.059459999999186039e+03 5.523003935813903809e-01 1.274495292454957962e-02
7.060939999999185602e+03 5.672795772552490234e-01 1.287148427218198776e-02
7.062419999999185166e+03 5.668168067932128906e-01 1.288372557610273361e-02
7.063899999999184729e+03 5.515095591545104980e-01 1.277104113250970840e-02
7.065379999999184292e+03 5.618151426315307617e-01 1.290757115930318832e-02
7.066859999999183856e+03 5.606496930122375488e-01 1.285286713391542435e-02
7.068339999999183419e+03 5.607587099075317383e-01 1.280413195490837097e-02
7.069819999999182983e+03 5.778163075447082520e-01 1.299998443573713303e-02
7.071299999999182546e+03 5.672703981399536133e-01 1.291276048868894577e-02
7.072779999999182110e+03 5.562328696250915527e-01 1.279307249933481216e-02
7.074259999999181673e+03 5.600360631942749023e-01 1.280742045491933823e-02
7.075739999999181236e+03 5.488581061363220215e-01 1.272289361804723740e-02
7.077219999999180800e+03 5.519989728927612305e-01 1.278913673013448715e-02
7.078699999999180363e+03 5.544286370277404785e-01 1.278277300298213959e-02
7.080179999999179927e+03 5.625276565551757812e-01 1.288983412086963654e-02
7.081659999999179490e+03 5.868506431579589844e-01 1.315766107290983200e-02
7.083139999999179054e+03 5.772375464439392090e-01 1.297531090676784515e-02
7.084619999999178617e+03 5.620374679565429688e-01 1.286093331873416901e-02
7.086099999999178181e+03 5.610894560813903809e-01 1.290650758892297745e-02
7.087579999999177744e+03 5.596167445182800293e-01 1.287607941776514053e-02
7.089059999999177307e+03 5.677697658538818359e-01 1.294767577201128006e-02
7.090539999999176871e+03 5.702958703041076660e-01 1.294365525245666504e-02
7.092019999999176434e+03 5.688959956169128418e-01 1.286551449447870255e-02
7.093499999999175998e+03 5.684905052185058594e-01 1.284669525921344757e-02
7.094979999999175561e+03 5.583047270774841309e-01 1.274161972105503082e-02
7.096459999999175125e+03 5.591128468513488770e-01 1.273993961513042450e-02
