4.300739999999999782e+03 3.131123185157775879e-01 3.375828638672828674e-02
4.302219999999999345e+03 3.559996783733367920e-01 3.485829383134841919e-02
4.303699999999998909e+03 3.147669732570648193e-01 3.306992724537849426e-02
4.305179999999998472e+03 3.257653117179870605e-01 3.302840515971183777e-02
4.306659999999998035e+03 3.418989181518554688e-01 3.325460478663444519e-02
4.308139999999997599e+03 3.097362220287322998e-01 3.138840943574905396e-02
4.309619999999997162e+03 3.224088549613952637e-01 3.222247585654258728e-02
4.311099999999996726e+03 3.606013655662536621e-01 3.271070867776870728e-02
4.312579999999996289e+03 3.419526815414428711e-01 3.244627267122268677e-02
4.314059999999995853e+03 3.443102240562438965e-01 3.253587707877159119e-02
4.315539999999995416e+03 3.433032929897308350e-01 3.307398036122322083e-02
4.317019999999994980e+03 3.315671384334564209e-01 3.262908011674880981e-02
4.318499999999994543e+03 3.438942432403564453e-01 3.206375986337661743e-02
4.319979999999994106e+03 3.986415863037109375e-01 3.378563746809959412e-02
4.321459999999993670e+03 3.075317442417144775e-01 3.037337027490139008e-02
4.322939999999993233e+03 4.184798896312713623e-01 3.321121260523796082e-02
4.324419999999992797e+03 2.420438230037689209e-01 2.764240838587284088e-02
4.325899999999992360e+03 3.482745885848999023e-01 3.067090734839439392e-02
4.327379999999991924e+03 3.382294178009033203e-01 3.048848547041416168e-02
4.328859999999991487e+03 3.728537559509277344e-01 3.105414845049381256e-02
4.330339999999991051e+03 3.098782598972320557e-01 2.957081608474254608e-02
4.331819999999990614e+03 4.036912024021148682e-01 3.244046866893768311e-02
4.333299999999990177e+03 4.075389802455902100e-01 3.191618621349334717e-02
4.334779999999989741e+03 4.414694011211395264e-01 3.300252184271812439e-02
4.336259999999989304e+03 4.024598002433776855e-01 3.122882358729839325e-02
4.337739999999988868e+03 3.592236340045928955e-01 2.953478507697582245e-02
4.339219999999988431e+03 4.607915878295898438e-01 3.205612301826477051e-02
4.340699999999987995e+03 3.650127053260803223e-01 2.925758622586727142e-02
4.342179999999987558e+03 3.709581494331359863e-01 2.998285926878452301e-02
4.343659999999987122e+03 3.321685791015625000e-01 2.864591777324676514e-02
4.345139999999986685e+03 3.045065104961395264e-01 2.767563425004482269e-02
4.346619999999986248e+03 3.347149491310119629e-01 2.816541865468025208e-02
4.348099999999985812e+03 3.500919342041015625e-01 2.855587750673294067e-02
4.349579999999985375e+03 3.531842231750488281e-01 2.887457236647605896e-02
4.351059999999984939e+03 3.412190973758697510e-01 2.787254191935062408e-02
4.352539999999984502e+03 3.870463073253631592e-01 2.900118753314018250e-02
4.354019999999984066e+03 3.886199891567230225e-01 2.900605462491512299e-02
4.355499999999983629e+03 3.467245101928710938e-01 2.792580239474773407e-02
4.356979999999983193e+03 3.654901385307312012e-01 2.830664627254009247e-02
4.358459999999982756e+03 3.469513356685638428e-01 2.768252417445182800e-02
4.359939999999982319e+03 4.083190858364105225e-01 2.931387163698673248e-02
4.361419999999981883e+03 3.549674749374389648e-01 2.770220302045345306e-02
4.362899999999981446e+03 3.539083302021026611e-01 2.737097442150115967e-02
4.364379999999981010e+03 3.600301444530487061e-01 2.732391096651554108e-02
4.365859999999980573e+03 3.691958487033843994e-01 2.772880531847476959e-02
4.367339999999980137e+03 3.890728354454040527e-01 2.814611606299877167e-02
4.368819999999979700e+03 3.773370683193206787e-01 2.748579718172550201e-02
4.370299999999979264e+03 3.832069337368011475e-01 2.745871059596538544e-02
4.371779999999978827e+03 3.718273639678955078e-01 2.679066173732280731e-02
4.373259999999978390e+03 3.522487580776214600e-01 2.629967965185642242e-02
4.374739999999977954e+03 3.523645699024200439e-01 2.613656409084796906e-02
4.376219999999977517e+03 2.982971668243408203e-01 2.483572624623775482e-02
4.377699999999977081e+03 3.593884110450744629e-01 2.618537656962871552e-02
4.379179999999976644e+03 3.148862421512603760e-01 2.486178278923034668e-02
4.380659999999976208e+03 3.453471064567565918e-01 2.548438683152198792e-02
4.382139999999975771e+03 3.584296405315399170e-01 2.553197555243968964e-02
4.383619999999975335e+03 3.413835167884826660e-01 2.454905956983566284e-02
4.385099999999974898e+03 3.547330498695373535e-01 2.493073977530002594e-02
4.386579999999974461e+03 3.556213080883026123e-01 2.532129734754562378e-02
4.388059999999974025e+03 4.022425115108489990e-01 2.617968805134296417e-02
4.389539999999973588e+03 3.414584994316101074e-01 2.485238201916217804e-02
4.391019999999973152e+03 3.379993438720703125e-01 2.451519481837749481e-02
4.392499999999972715e+03 3.418830931186676025e-01 2.460217662155628204e-02
4.393979999999972279e+03 3.592685163021087646e-01 2.494066767394542694e-02
4.395459999999971842e+03 3.558180332183837891e-01 2.462203241884708405e-02
4.396939999999971405e+03 3.714146614074707031e-01 2.504776790738105774e-02
4.398419999999970969e+03 3.511445522308349609e-01 2.409572154283523560e-02
4.399899999999970532e+03 3.629070222377777100e-01 2.442700229585170746e-02
4.401379999999970096e+03 2.910860776901245117e-01 2.293808199465274811e-02
4.402859999999969659e+03 2.667558193206787109e-01 2.206236310303211212e-02
4.404339999999969223e+03 3.046811819076538086e-01 2.324512414634227753e-02
4.405819999999968786e+03 3.329561948776245117e-01 2.377850748598575592e-02
4.407299999999968350e+03 4.119886755943298340e-01 2.566342800855636597e-02
4.408779999999967913e+03 3.962075114250183105e-01 2.534816786646842957e-02
4.410259999999967476e+03 3.501114547252655029e-01 2.401182800531387329e-02
4.411739999999967040e+03 3.427425622940063477e-01 2.405289560556411743e-02
4.413219999999966603e+03 3.388231396675109863e-01 2.364733815193176270e-02
4.414699999999966167e+03 3.638654649257659912e-01 2.402560599148273468e-02
4.416179999999965730e+03 3.375129103660583496e-01 2.344388887286186218e-02
4.417659999999965294e+03 4.134384095668792725e-01 2.499354444444179535e-02
4.419139999999964857e+03 3.068156242370605469e-01 2.276245504617691040e-02
4.420619999999964421e+03 3.479967117309570312e-01 2.368475124239921570e-02
4.422099999999963984e+03 3.668057620525360107e-01 2.369092404842376709e-02
4.423579999999963547e+03 3.925168514251708984e-01 2.407369390130043030e-02
4.425059999999963111e+03 3.370481133460998535e-01 2.301480621099472046e-02
4.426539999999962674e+03 3.084604442119598389e-01 2.210525609552860260e-02
4.428019999999962238e+03 3.549052178859710693e-01 2.319168113172054291e-02
4.429499999999961801e+03 3.170717656612396240e-01 2.185050211846828461e-02
4.430979999999961365e+03 3.146649003028869629e-01 2.189504727721214294e-02
4.432459999999960928e+03 3.321572244167327881e-01 2.248024567961692810e-02
4.433939999999960492e+03 3.392509818077087402e-01 2.194294519722461700e-02
4.435419999999960055e+03 3.004235327243804932e-01 2.124954573810100555e-02
4.436899999999959618e+03 3.399752974510192871e-01 2.212952449917793274e-02
4.438379999999959182e+03 3.087467551231384277e-01 2.145938947796821594e-02
4.439859999999958745e+03 3.536806702613830566e-01 2.242936193943023682e-02
4.441339999999958309e+03 3.303060233592987061e-01 2.171218395233154297e-02
4.442819999999957872e+03 3.473754525184631348e-01 2.196988463401794434e-02
4.444299999999957436e+03 4.006755053997039795e-01 2.312438562512397766e-02
4.445779999999956999e+03 3.517423868179321289e-01 2.196976542472839355e-02
4.447259999999956563e+03 3.778792023658752441e-01 2.269437536597251892e-02
4.448739999999956126e+03 3.211837410926818848e-01 2.128580026328563690e-02
4.450219999999955689e+03 3.154853284358978271e-01 2.103514783084392548e-02
4.451699999999955253e+03 3.020008206367492676e-01 2.070660889148712158e-02
4.453179999999954816e+03 2.808096408843994141e-01 2.011947520077228546e-02
4.454659999999954380e+03 3.108944594860076904e-01 2.046433091163635254e-02
4.456139999999953943e+03 3.351445794105529785e-01 2.119105868041515350e-02
4.457619999999953507e+03 3.730162382125854492e-01 2.196699567139148712e-02
4.459099999999953070e+03 3.801978528499603271e-01 2.196176163852214813e-02
4.460579999999952634e+03 3.565359413623809814e-01 2.131240442395210266e-02
4.462059999999952197e+03 3.334886729717254639e-01 2.077679894864559174e-02
4.463539999999951760e+03 3.320416510105133057e-01 2.083894424140453339e-02
4.465019999999951324e+03 2.584932744503021240e-01 1.916446723043918610e-02
4.466499999999950887e+03 3.698667585849761963e-01 2.158933505415916443e-02
4.467979999999950451e+03 3.254850804805755615e-01 2.055436372756958008e-02
4.469459999999950014e+03 3.138012290000915527e-01 2.010490559041500092e-02
4.470939999999949578e+03 3.285996913909912109e-01 2.037668228149414062e-02
4.472419999999949141e+03 2.691714167594909668e-01 1.928096264600753784e-02
4.473899999999948704e+03 3.024837672710418701e-01 2.016975916922092438e-02
4.475379999999948268e+03 3.227890431880950928e-01 2.041971310973167419e-02
4.476859999999947831e+03 2.958182990550994873e-01 1.982870697975158691e-02
4.478339999999947395e+03 2.824083864688873291e-01 1.945682615041732788e-02
4.479819999999946958e+03 3.140217661857604980e-01 2.007277496159076691e-02
4.481299999999946522e+03 2.647451758384704590e-01 1.886493898928165436e-02
4.482779999999946085e+03 2.578804194927215576e-01 1.892009936273097992e-02
4.484259999999945649e+03 3.022755682468414307e-01 1.993978582322597504e-02
4.485739999999945212e+03 2.821269333362579346e-01 1.936613395810127258e-02
4.487219999999944775e+03 2.918890416622161865e-01 1.949082687497138977e-02
4.488699999999944339e+03 2.487739622592926025e-01 1.847621984779834747e-02
4.490179999999943902e+03 2.840401828289031982e-01 1.925957947969436646e-02
4.491659999999943466e+03 3.217323422431945801e-01 2.012931555509567261e-02
4.493139999999943029e+03 2.983168065547943115e-01 1.959745772182941437e-02
4.494619999999942593e+03 3.307454586029052734e-01 2.036085166037082672e-02
4.496099999999942156e+03 3.538411855697631836e-01 2.083545550704002380e-02
4.497579999999941720e+03 3.775237798690795898e-01 2.139814756810665131e-02
4.499059999999941283e+03 4.082497954368591309e-01 2.209604345262050629e-02
4.500539999999940846e+03 3.839598000049591064e-01 2.143734134733676910e-02
4.502019999999940410e+03 3.286008238792419434e-01 2.021715603768825531e-02
4.503499999999939973e+03 3.724078238010406494e-01 2.112343721091747284e-02
4.504979999999939537e+03 3.114203810691833496e-01 1.993943192064762115e-02
4.506459999999939100e+03 2.859037816524505615e-01 1.936203613877296448e-02
4.507939999999938664e+03 3.089773654937744141e-01 1.986251771450042725e-02
4.509419999999938227e+03 3.094919025897979736e-01 1.971735060214996338e-02
4.510899999999937791e+03 3.692633807659149170e-01 2.113320119678974152e-02
4.512379999999937354e+03 3.714926838874816895e-01 2.084771730005741119e-02
4.513859999999936917e+03 3.521098792552947998e-01 2.050625346601009369e-02
4.515339999999936481e+03 3.860751688480377197e-01 2.126017399132251740e-02
4.516819999999936044e+03 3.512694537639617920e-01 2.043470181524753571e-02
4.518299999999935608e+03 3.484868407249450684e-01 2.026907354593276978e-02
4.519779999999935171e+03 3.279346823692321777e-01 2.002933807671070099e-02
4.521259999999934735e+03 3.325898051261901855e-01 2.010205946862697601e-02
4.522739999999934298e+03 3.594143688678741455e-01 2.068963646888732910e-02
4.524219999999933862e+03 3.491917550563812256e-01 2.041649073362350464e-02
4.525699999999933425e+03 3.101674318313598633e-01 1.938275806605815887e-02
4.527179999999932988e+03 3.440739214420318604e-01 2.016696333885192871e-02
4.528659999999932552e+03 3.717822432518005371e-01 2.067478559911251068e-02
4.530139999999932115e+03 3.643351197242736816e-01 2.054126188158988953e-02
4.531619999999931679e+03 3.761548697948455811e-01 2.099453285336494446e-02
4.533099999999931242e+03 3.505495190620422363e-01 2.056880854070186615e-02
4.534579999999930806e+03 3.769156336784362793e-01 2.093856222927570343e-02
4.536059999999930369e+03 3.375309109687805176e-01 2.012018114328384399e-02
4.537539999999929933e+03 3.762741982936859131e-01 2.118195779621601105e-02
4.539019999999929496e+03 3.507350981235504150e-01 2.057695202529430389e-02
4.540499999999929059e+03 3.733499944210052490e-01 2.101875282824039459e-02
4.541979999999928623e+03 3.920591473579406738e-01 2.132670953869819641e-02
4.543459999999928186e+03 4.078822135925292969e-01 2.170082181692123413e-02
4.544939999999927750e+03 3.585151433944702148e-01 2.060003392398357391e-02
4.546419999999927313e+03 3.710516691207885742e-01 2.092762291431427002e-02
4.547899999999926877e+03 3.956231474876403809e-01 2.135781943798065186e-02
4.549379999999926440e+03 3.884151875972747803e-01 2.100611478090286255e-02
4.550859999999926004e+03 4.136178791522979736e-01 2.162969484925270081e-02
4.552339999999925567e+03 3.746769726276397705e-01 2.081442624330520630e-02
4.553819999999925130e+03 4.124599397182464600e-01 2.139301970601081848e-02
4.555299999999924694e+03 3.765552639961242676e-01 2.058561705052852631e-02
4.556779999999924257e+03 3.583795726299285889e-01 2.036424726247787476e-02
4.558259999999923821e+03 3.464334607124328613e-01 2.026069350540637970e-02
4.559739999999923384e+03 3.742597997188568115e-01 2.067041955888271332e-02
4.561219999999922948e+03 3.820548951625823975e-01 2.094328403472900391e-02
4.562699999999922511e+03 3.804124593734741211e-01 2.079076133668422699e-02
4.564179999999922074e+03 3.749589920043945312e-01 2.039781212806701660e-02
4.565659999999921638e+03 3.701384663581848145e-01 2.047983370721340179e-02
4.567139999999921201e+03 3.394936323165893555e-01 1.984713785350322723e-02
4.568619999999920765e+03 3.430739343166351318e-01 1.986150257289409637e-02
4.570099999999920328e+03 3.065214157104492188e-01 1.905259490013122559e-02
4.571579999999919892e+03 3.353304564952850342e-01 1.968264393508434296e-02
4.573059999999919455e+03 3.859499096870422363e-01 2.051771990954875946e-02
4.574539999999919019e+03 3.565970063209533691e-01 2.019966952502727509e-02
4.576019999999918582e+03 3.905989229679107666e-01 2.088434249162673950e-02
4.577499999999918145e+03 3.995321989059448242e-01 2.103600278496742249e-02
4.578979999999917709e+03 3.727313280105590820e-01 2.061814814805984497e-02
4.580459999999917272e+03 3.524437844753265381e-01 1.998915150761604309e-02
4.581939999999916836e+03 4.071849584579467773e-01 2.121314592659473419e-02
4.583419999999916399e+03 4.145650565624237061e-01 2.114670537412166595e-02
4.584899999999915963e+03 3.844407796859741211e-01 2.076626382768154144e-02
4.586379999999915526e+03 4.293585717678070068e-01 2.152857929468154907e-02
4.587859999999915090e+03 3.804763555526733398e-01 2.055614627897739410e-02
4.589339999999914653e+03 3.661815226078033447e-01 2.033127844333648682e-02
4.590819999999914216e+03 3.359110355377197266e-01 1.956258341670036316e-02
4.592299999999913780e+03 3.539626598358154297e-01 1.977237686514854431e-02
4.593779999999913343e+03 3.631623089313507080e-01 2.002727240324020386e-02
4.595259999999912907e+03 4.024503529071807861e-01 2.070418745279312134e-02
4.596739999999912470e+03 3.857943117618560791e-01 2.042103931307792664e-02
4.598219999999912034e+03 3.962837159633636475e-01 2.066212520003318787e-02
4.599699999999911597e+03 4.296405613422393799e-01 2.125965803861618042e-02
4.601179999999911161e+03 3.921623528003692627e-01 2.046293765306472778e-02
4.602659999999910724e+03 4.549686312675476074e-01 2.163706161081790924e-02
4.604139999999910287e+03 4.080943763256072998e-01 2.084837295114994049e-02
4.605619999999909851e+03 3.830231130123138428e-01 2.033347636461257935e-02
4.607099999999909414e+03 4.413177669048309326e-01 2.139419317245483398e-02
4.608579999999908978e+03 4.064359068870544434e-01 2.073285356163978577e-02
4.610059999999908541e+03 3.871054351329803467e-01 2.060141786932945251e-02
4.611539999999908105e+03 4.372101724147796631e-01 2.131925895810127258e-02
4.613019999999907668e+03 3.868923187255859375e-01 2.031839266419410706e-02
4.614499999999907232e+03 3.800698518753051758e-01 2.016369067132472992e-02
4.615979999999906795e+03 4.113775193691253662e-01 2.082132361829280853e-02
4.617459999999906358e+03 3.720841705799102783e-01 2.005166560411453247e-02
4.618939999999905922e+03 3.837999701499938965e-01 2.010630816221237183e-02
4.620419999999905485e+03 4.018668532371520996e-01 2.061321772634983063e-02
4.621899999999905049e+03 4.040135741233825684e-01 2.054741233587265015e-02
4.623379999999904612e+03 3.889304995536804199e-01 2.017028816044330597e-02
4.624859999999904176e+03 4.190695285797119141e-01 2.078106813132762909e-02
4.626339999999903739e+03 4.389003515243530273e-01 2.109477855265140533e-02
4.627819999999903303e+03 4.350024461746215820e-01 2.099380455911159515e-02
4.629299999999902866e+03 4.338295459747314453e-01 2.089950069785118103e-02
4.630779999999902429e+03 3.860537409782409668e-01 2.004049718379974365e-02
4.632259999999901993e+03 4.142666459083557129e-01 2.055401541292667389e-02
4.633739999999901556e+03 4.184223413467407227e-01 2.061034366488456726e-02
4.635219999999901120e+03 4.149588942527770996e-01 2.045702002942562103e-02
4.636699999999900683e+03 4.146066606044769287e-01 2.033701352775096893e-02
4.638179999999900247e+03 4.401651322841644287e-01 2.073999308049678802e-02
4.639659999999899810e+03 4.067697525024414062e-01 2.023134194314479828e-02
4.641139999999899374e+03 3.946957588195800781e-01 2.006212435662746429e-02
4.642619999999898937e+03 3.955855965614318848e-01 1.989389583468437195e-02
4.644099999999898500e+03 3.862959444522857666e-01 1.963554695248603821e-02
4.645579999999898064e+03 3.650119900703430176e-01 1.918463595211505890e-02
4.647059999999897627e+03 3.804059028625488281e-01 1.940583623945713043e-02
4.648539999999897191e+03 3.764351010322570801e-01 1.927902549505233765e-02
4.650019999999896754e+03 3.746103048324584961e-01 1.936071179807186127e-02
4.651499999999896318e+03 4.003092646598815918e-01 1.997383497655391693e-02
4.652979999999895881e+03 3.977250456809997559e-01 1.986774988472461700e-02
4.654459999999895444e+03 3.999474346637725830e-01 1.976110041141510010e-02
4.655939999999895008e+03 4.086421430110931396e-01 1.992801763117313385e-02
4.657419999999894571e+03 4.005647599697113037e-01 2.005418203771114349e-02
4.658899999999894135e+03 4.099965095520019531e-01 2.016716636717319489e-02
4.660379999999893698e+03 4.175716936588287354e-01 2.028901316225528717e-02
4.661859999999893262e+03 4.493513107299804688e-01 2.081084065139293671e-02
4.663339999999892825e+03 4.577152431011199951e-01 2.092782407999038696e-02
4.664819999999892389e+03 4.479509890079498291e-01 2.053195238113403320e-02
4.666299999999891952e+03 4.715065062046051025e-01 2.099665254354476929e-02
4.667779999999891515e+03 4.125830531120300293e-01 1.982562802731990814e-02
4.669259999999891079e+03 3.809229135513305664e-01 1.912607997655868530e-02
4.670739999999890642e+03 4.082584381103515625e-01 1.970495842397212982e-02
4.672219999999890206e+03 4.282176494598388672e-01 2.028524316847324371e-02
4.673699999999889769e+03 4.484283626079559326e-01 2.063000760972499847e-02
4.675179999999889333e+03 4.040161967277526855e-01 1.967434957623481750e-02
4.676659999999888896e+03 4.577732980251312256e-01 2.070503681898117065e-02
4.678139999999888460e+03 4.358989596366882324e-01 2.019838429987430573e-02
4.679619999999888023e+03 4.134826660156250000e-01 1.970746740698814392e-02
4.681099999999887586e+03 4.248671233654022217e-01 1.988351345062255859e-02
4.682579999999887150e+03 3.978357613086700439e-01 1.944551430642604828e-02
4.684059999999886713e+03 4.379386007785797119e-01 2.021475136280059814e-02
4.685539999999886277e+03 4.195481836795806885e-01 1.988731324672698975e-02
4.687019999999885840e+03 4.533871412277221680e-01 2.035125531256198883e-02
4.688499999999885404e+03 4.470030069351196289e-01 2.021337486803531647e-02
4.689979999999884967e+03 4.151291549205780029e-01 1.971927657723426819e-02
4.691459999999884531e+03 4.433001279830932617e-01 2.014013566076755524e-02
4.692939999999884094e+03 4.583936631679534912e-01 2.036611363291740417e-02
4.694419999999883657e+03 4.512354135513305664e-01 2.035352401435375214e-02
4.695899999999883221e+03 4.695441126823425293e-01 2.056100592017173767e-02
4.697379999999882784e+03 4.145156443119049072e-01 1.955583505332469940e-02
4.698859999999882348e+03 4.896414279937744141e-01 2.072168886661529541e-02
4.700339999999881911e+03 4.710681438446044922e-01 2.039613202214241028e-02
4.701819999999881475e+03 4.381875097751617432e-01 1.985531114041805267e-02
4.703299999999881038e+03 4.568560719490051270e-01 2.015104517340660095e-02
4.704779999999880602e+03 4.197427332401275635e-01 1.952343992888927460e-02
4.706259999999880165e+03 4.397363960742950439e-01 1.998827047646045685e-02
4.707739999999879728e+03 4.139162302017211914e-01 1.942918077111244202e-02
4.709219999999879292e+03 4.225203990936279297e-01 1.951591856777667999e-02
4.710699999999878855e+03 4.407755732536315918e-01 1.990546844899654388e-02
4.712179999999878419e+03 4.357969164848327637e-01 1.977981813251972198e-02
4.713659999999877982e+03 4.433880448341369629e-01 1.981802657246589661e-02
4.715139999999877546e+03 4.273046851158142090e-01 1.948311924934387207e-02
4.716619999999877109e+03 4.181861877441406250e-01 1.933028176426887512e-02
4.718099999999876673e+03 3.875492513179779053e-01 1.892070099711418152e-02
4.719579999999876236e+03 3.775745332241058350e-01 1.876601949334144592e-02
4.721059999999875799e+03 4.015699326992034912e-01 1.896758750081062317e-02
4.722539999999875363e+03 3.823954164981842041e-01 1.876649633049964905e-02
4.724019999999874926e+03 3.932297527790069580e-01 1.902624405920505524e-02
4.725499999999874490e+03 3.764207065105438232e-01 1.869808696210384369e-02
4.726979999999874053e+03 3.919529914855957031e-01 1.874480210244655609e-02
4.728459999999873617e+03 4.291731119155883789e-01 1.933212950825691223e-02
4.729939999999873180e+03 4.318103194236755371e-01 1.937274448573589325e-02
4.731419999999872744e+03 4.352748990058898926e-01 1.941793598234653473e-02
4.732899999999872307e+03 4.436861276626586914e-01 1.952131465077400208e-02
4.734379999999871870e+03 4.454202651977539062e-01 1.960089616477489471e-02
4.735859999999871434e+03 4.069603979587554932e-01 1.891698315739631653e-02
4.737339999999870997e+03 4.365778565406799316e-01 1.940147764980792999e-02
4.738819999999870561e+03 4.106409549713134766e-01 1.899435743689537048e-02
4.740299999999870124e+03 4.013130366802215576e-01 1.892889477312564850e-02
4.741779999999869688e+03 4.321458041667938232e-01 1.944212801754474640e-02
4.743259999999869251e+03 4.321504235267639160e-01 1.942791230976581573e-02
4.744739999999868814e+03 4.330132603645324707e-01 1.911851577460765839e-02
4.746219999999868378e+03 3.955174684524536133e-01 1.866698637604713440e-02
4.747699999999867941e+03 4.520362615585327148e-01 1.984461024403572083e-02
4.749179999999867505e+03 4.766444861888885498e-01 1.999254710972309113e-02
4.750659999999867068e+03 4.740940332412719727e-01 1.995111256837844849e-02
4.752139999999866632e+03 4.507276117801666260e-01 1.965399086475372314e-02
4.753619999999866195e+03 4.420935213565826416e-01 1.942653395235538483e-02
4.755099999999865759e+03 4.417892098426818848e-01 1.930344477295875549e-02
4.756579999999865322e+03 4.140340685844421387e-01 1.889074221253395081e-02
4.758059999999864885e+03 4.363960921764373779e-01 1.924435980618000031e-02
4.759539999999864449e+03 4.430828392505645752e-01 1.941407844424247742e-02
4.761019999999864012e+03 4.191831052303314209e-01 1.903127320110797882e-02
4.762499999999863576e+03 4.494392275810241699e-01 1.934023015201091766e-02
4.763979999999863139e+03 4.486794471740722656e-01 1.933691836893558502e-02
4.765459999999862703e+03 4.273587465286254883e-01 1.906205527484416962e-02
4.766939999999862266e+03 4.489170014858245850e-01 1.937385275959968567e-02
4.768419999999861830e+03 4.572208523750305176e-01 1.952359080314636230e-02
4.769899999999861393e+03 4.181044399738311768e-01 1.883372664451599121e-02
4.771379999999860956e+03 4.593269228935241699e-01 1.963525079190731049e-02
4.772859999999860520e+03 4.384461939334869385e-01 1.924497075378894806e-02
4.774339999999860083e+03 4.124915897846221924e-01 1.874477416276931763e-02
4.775819999999859647e+03 4.288588166236877441e-01 1.896499097347259521e-02
4.777299999999859210e+03 4.305543303489685059e-01 1.910694316029548645e-02
4.778779999999858774e+03 4.024900496006011963e-01 1.861585304141044617e-02
4.780259999999858337e+03 4.363669455051422119e-01 1.913876831531524658e-02
4.781739999999857901e+03 4.399979412555694580e-01 1.913071796298027039e-02
4.783219999999857464e+03 4.330286681652069092e-01 1.898298598825931549e-02
4.784699999999857027e+03 4.274025261402130127e-01 1.887170970439910889e-02
4.786179999999856591e+03 4.176348447799682617e-01 1.863479800522327423e-02
4.787659999999856154e+03 4.501375555992126465e-01 1.917582191526889801e-02
4.789139999999855718e+03 4.299402236938476562e-01 1.877431198954582214e-02
4.790619999999855281e+03 4.151682853698730469e-01 1.877488754689693451e-02
4.792099999999854845e+03 4.607385694980621338e-01 1.943861693143844604e-02
4.793579999999854408e+03 4.181519746780395508e-01 1.872171834111213684e-02
4.795059999999853972e+03 4.222847223281860352e-01 1.875447295606136322e-02
4.796539999999853535e+03 4.681702256202697754e-01 1.941419206559658051e-02
4.798019999999853098e+03 4.396121203899383545e-01 1.909079216420650482e-02
4.799499999999852662e+03 4.888184964656829834e-01 5.885655805468559265e-02
4.800979999999852225e+03 5.337099432945251465e-01 6.907302141189575195e-02
4.802459999999851789e+03 6.232582330703735352e-01 3.726043924689292908e-02
4.803939999999851352e+03 6.266094446182250977e-01 6.210565939545631409e-02
4.805419999999850916e+03 6.681426167488098145e-01 3.713033348321914673e-02
4.806899999999850479e+03 4.760543704032897949e-01 2.100334130227565765e-02
4.808379999999850043e+03 4.988540112972259521e-01 2.039883658289909363e-02
4.809859999999849606e+03 4.664393961429595947e-01 1.933708228170871735e-02
4.811339999999849169e+03 4.821530580520629883e-01 1.963504776358604431e-02
4.812819999999848733e+03 4.549355804920196533e-01 1.914722658693790436e-02
4.814299999999848296e+03 4.421812295913696289e-01 1.902007311582565308e-02
4.815779999999847860e+03 4.751475155353546143e-01 1.950568519532680511e-02
4.817259999999847423e+03 4.805614352226257324e-01 1.973545551300048828e-02
4.818739999999846987e+03 4.718422293663024902e-01 1.958034373819828033e-02
4.820219999999846550e+03 4.738640189170837402e-01 1.960052177309989929e-02
4.821699999999846113e+03 4.519104957580566406e-01 1.920352317392826080e-02
4.823179999999845677e+03 4.642042517662048340e-01 1.933113299310207367e-02
4.824659999999845240e+03 4.413814842700958252e-01 1.909024827182292938e-02
4.826139999999844804e+03 4.413610696792602539e-01 1.899102330207824707e-02
4.827619999999844367e+03 4.689275920391082764e-01 1.933095790445804596e-02
4.829099999999843931e+03 4.621330499649047852e-01 1.928438805043697357e-02
4.830579999999843494e+03 4.497907757759094238e-01 1.905990205705165863e-02
4.832059999999843058e+03 4.475303888320922852e-01 1.907716318964958191e-02
4.833539999999842621e+03 4.440374374389648438e-01 1.898564584553241730e-02
4.835019999999842184e+03 4.387104511260986328e-01 1.887025870382785797e-02
4.836499999999841748e+03 4.729004502296447754e-01 1.940599456429481506e-02
4.837979999999841311e+03 4.632496237754821777e-01 1.918585970997810364e-02
4.839459999999840875e+03 4.397974610328674316e-01 1.878567971289157867e-02
4.840939999999840438e+03 4.400729537010192871e-01 1.871323771774768829e-02
4.842419999999840002e+03 4.427506923675537109e-01 1.869793795049190521e-02
4.843899999999839565e+03 4.215022921562194824e-01 1.839624717831611633e-02
4.845379999999839129e+03 4.164160490036010742e-01 1.834337227046489716e-02
4.846859999999838692e+03 4.388989508152008057e-01 1.867260970175266266e-02
4.848339999999838255e+03 4.349587261676788330e-01 1.842964999377727509e-02
4.849819999999837819e+03 4.438758194446563721e-01 1.858879812061786652e-02
4.851299999999837382e+03 4.177649319171905518e-01 1.826160587370395660e-02
4.852779999999836946e+03 4.525782167911529541e-01 1.869907416403293610e-02
4.854259999999836509e+03 4.766121804714202881e-01 1.893617957830429077e-02
4.855739999999836073e+03 5.221697688102722168e-01 1.948342286050319672e-02
4.857219999999835636e+03 5.041590332984924316e-01 1.921304129064083099e-02
4.858699999999835200e+03 4.635131955146789551e-01 1.864575780928134918e-02
4.860179999999834763e+03 4.355535507202148438e-01 1.799828372895717621e-02
4.861659999999834326e+03 4.528453052043914795e-01 1.823721826076507568e-02
4.863139999999833890e+03 4.040546417236328125e-01 1.753021217882633209e-02
4.864619999999833453e+03 4.420071840286254883e-01 1.821973361074924469e-02
4.866099999999833017e+03 4.374964237213134766e-01 1.821565255522727966e-02
4.867579999999832580e+03 4.508533179759979248e-01 1.845468394458293915e-02
4.869059999999832144e+03 4.532666206359863281e-01 1.852777227759361267e-02
4.870539999999831707e+03 4.548693895339965820e-01 1.838189549744129181e-02
4.872019999999831271e+03 4.408083260059356689e-01 1.804582774639129639e-02
4.873499999999830834e+03 4.413449168205261230e-01 1.822957582771778107e-02
4.874979999999830397e+03 4.606772363185882568e-01 1.859045587480068207e-02
4.876459999999829961e+03 4.821128249168395996e-01 1.885876432061195374e-02
4.877939999999829524e+03 4.450411796569824219e-01 1.824172399938106537e-02
4.879419999999829088e+03 4.501258730888366699e-01 1.848085038363933563e-02
4.880899999999828651e+03 4.667750895023345947e-01 1.886455714702606201e-02
4.882379999999828215e+03 4.721692800521850586e-01 1.879587210714817047e-02
4.883859999999827778e+03 4.748965203762054443e-01 1.875005289912223816e-02
4.885339999999827342e+03 4.354023337364196777e-01 1.804488524794578552e-02
4.886819999999826905e+03 4.245883524417877197e-01 1.786343380808830261e-02
4.888299999999826468e+03 4.234428107738494873e-01 1.802404038608074188e-02
4.889779999999826032e+03 4.293474853038787842e-01 1.803542301058769226e-02
4.891259999999825595e+03 4.183757901191711426e-01 1.774322800338268280e-02
4.892739999999825159e+03 4.714243710041046143e-01 1.863311231136322021e-02
4.894219999999824722e+03 4.835841655731201172e-01 1.886668056249618530e-02
4.895699999999824286e+03 4.354331791400909424e-01 1.825295761227607727e-02
4.897179999999823849e+03 4.357239305973052979e-01 1.817272603511810303e-02
4.898659999999823413e+03 4.161813855171203613e-01 1.772261038422584534e-02
4.900139999999822976e+03 4.213200807571411133e-01 1.780161634087562561e-02
4.901619999999822539e+03 4.433611631393432617e-01 1.822285726666450500e-02
4.903099999999822103e+03 4.341278672218322754e-01 1.801693998277187347e-02
4.904579999999821666e+03 4.177898764610290527e-01 1.777270436286926270e-02
4.906059999999821230e+03 4.329578876495361328e-01 1.804771088063716888e-02
4.907539999999820793e+03 4.448500871658325195e-01 1.811119355261325836e-02
4.909019999999820357e+03 4.967593550682067871e-01 1.881016045808792114e-02
4.910499999999819920e+03 4.364854991436004639e-01 1.788099855184555054e-02
4.911979999999819483e+03 4.495508074760437012e-01 1.823102682828903198e-02
4.913459999999819047e+03 4.327887892723083496e-01 1.796042919158935547e-02
4.914939999999818610e+03 4.211027324199676514e-01 1.774147897958755493e-02
4.916419999999818174e+03 4.556080102920532227e-01 1.817628554999828339e-02
4.917899999999817737e+03 4.616487324237823486e-01 1.826188713312149048e-02
4.919379999999817301e+03 4.767191410064697266e-01 1.836014539003372192e-02
4.920859999999816864e+03 4.737795889377593994e-01 1.830843277275562286e-02
4.922339999999816428e+03 4.977243244647979736e-01 1.881550066173076630e-02
4.923819999999815991e+03 4.811384379863739014e-01 1.857354119420051575e-02
4.925299999999815554e+03 4.500364661216735840e-01 1.812874898314476013e-02
4.926779999999815118e+03 4.457862675189971924e-01 1.812564954161643982e-02
4.928259999999814681e+03 4.210391640663146973e-01 1.757536828517913818e-02
4.929739999999814245e+03 4.279210567474365234e-01 1.765972562134265900e-02
4.931219999999813808e+03 4.703810811042785645e-01 1.832782477140426636e-02
4.932699999999813372e+03 4.937446415424346924e-01 1.865977235138416290e-02
4.934179999999812935e+03 4.598578214645385742e-01 1.815957948565483093e-02
4.935659999999812499e+03 4.614925384521484375e-01 1.819731853902339935e-02
4.937139999999812062e+03 4.529675245285034180e-01 1.810667477548122406e-02
4.938619999999811625e+03 4.777849316596984863e-01 1.838853396475315094e-02
4.940099999999811189e+03 4.653705060482025146e-01 1.816644892096519470e-02
4.941579999999810752e+03 4.673366546630859375e-01 1.833522878587245941e-02
4.943059999999810316e+03 4.788976609706878662e-01 1.853921450674533844e-02
4.944539999999809879e+03 4.733525216579437256e-01 1.835051737725734711e-02
4.946019999999809443e+03 4.776053428649902344e-01 1.838286034762859344e-02
4.947499999999809006e+03 4.668349325656890869e-01 1.824467442929744720e-02
4.948979999999808570e+03 4.774847030639648438e-01 1.838008686900138855e-02
4.950459999999808133e+03 4.842741787433624268e-01 1.843618229031562805e-02
4.951939999999807696e+03 4.946334362030029297e-01 1.873632147908210754e-02
4.953419999999807260e+03 4.979243576526641846e-01 1.872919313609600067e-02
4.954899999999806823e+03 4.651315212249755859e-01 1.812822557985782623e-02
4.956379999999806387e+03 4.758775830268859863e-01 1.809593290090560913e-02
4.957859999999805950e+03 4.750221073627471924e-01 1.811401546001434326e-02
4.959339999999805514e+03 4.752984344959259033e-01 1.833138242363929749e-02
4.960819999999805077e+03 4.900659322738647461e-01 1.859923079609870911e-02
4.962299999999804641e+03 4.601648449897766113e-01 1.811016909778118134e-02
4.963779999999804204e+03 4.549927711486816406e-01 1.805609650909900665e-02
4.965259999999803767e+03 4.717249870300292969e-01 1.822019182145595551e-02
4.966739999999803331e+03 4.294715523719787598e-01 1.773826591670513153e-02
4.968219999999802894e+03 4.388654232025146484e-01 1.787318848073482513e-02
4.969699999999802458e+03 4.215345680713653564e-01 1.760444976389408112e-02
4.971179999999802021e+03 4.829245507717132568e-01 1.841994747519493103e-02
4.972659999999801585e+03 4.869340062141418457e-01 1.853931881487369537e-02
4.974139999999801148e+03 4.858952462673187256e-01 1.840490661561489105e-02
4.975619999999800712e+03 4.760167896747589111e-01 1.820890046656131744e-02
4.977099999999800275e+03 4.794296324253082275e-01 1.825809106230735779e-02
4.978579999999799838e+03 4.926943182945251465e-01 1.851641573011875153e-02
4.980059999999799402e+03 4.559984505176544189e-01 1.788075827062129974e-02
4.981539999999798965e+03 4.807359874248504639e-01 1.810654997825622559e-02
4.983019999999798529e+03 4.705337882041931152e-01 1.785212382674217224e-02
4.984499999999798092e+03 4.505261182785034180e-01 1.759103126823902130e-02
4.985979999999797656e+03 4.520135223865509033e-01 1.784805022180080414e-02
4.987459999999797219e+03 4.739066958427429199e-01 1.814485527575016022e-02
4.988939999999796783e+03 4.978720247745513916e-01 1.860543526709079742e-02
4.990419999999796346e+03 4.931514263153076172e-01 1.842868886888027191e-02
4.991899999999795909e+03 4.570709168910980225e-01 1.793910190463066101e-02
4.993379999999795473e+03 4.806895554065704346e-01 1.824380084872245789e-02
4.994859999999795036e+03 4.795658588409423828e-01 1.829337701201438904e-02
4.996339999999794600e+03 5.166329145431518555e-01 1.877074874937534332e-02
4.997819999999794163e+03 5.111157298088073730e-01 1.870213262736797333e-02
4.999299999999793727e+03 4.865581095218658447e-01 1.830315031111240387e-02
5.000779999999793290e+03 4.658167064189910889e-01 1.792453601956367493e-02
5.002259999999792853e+03 4.776935875415802002e-01 1.809595152735710144e-02
5.003739999999792417e+03 4.864565730094909668e-01 1.829262264072895050e-02
5.005219999999791980e+03 4.924183189868927002e-01 1.827407069504261017e-02
5.006699999999791544e+03 4.385135769844055176e-01 1.758030988276004791e-02
5.008179999999791107e+03 4.889996647834777832e-01 1.825276389718055725e-02
5.009659999999790671e+03 4.726324379444122314e-01 1.806624792516231537e-02
5.011139999999790234e+03 4.685010910034179688e-01 1.781426183879375458e-02
5.012619999999789798e+03 4.798912405967712402e-01 1.806626841425895691e-02
5.014099999999789361e+03 4.849382638931274414e-01 1.815542019903659821e-02
5.015579999999788924e+03 4.948354959487915039e-01 1.826632209122180939e-02
5.017059999999788488e+03 4.694322049617767334e-01 1.785382814705371857e-02
5.018539999999788051e+03 4.872668385505676270e-01 1.815001666545867920e-02
5.020019999999787615e+03 5.305035114288330078e-01 1.874679140746593475e-02
5.021499999999787178e+03 5.038043856620788574e-01 1.833586394786834717e-02
5.022979999999786742e+03 4.734915792942047119e-01 1.795255579054355621e-02
5.024459999999786305e+03 4.758452475070953369e-01 1.805557683110237122e-02
5.025939999999785869e+03 4.238850176334381104e-01 1.718750037252902985e-02
5.027419999999785432e+03 4.615816175937652588e-01 1.773093268275260925e-02
5.028899999999784995e+03 4.795948863029479980e-01 1.795112341642379761e-02
5.030379999999784559e+03 4.741663336753845215e-01 1.793864555656909943e-02
5.031859999999784122e+03 4.754413962364196777e-01 1.809382811188697815e-02
5.033339999999783686e+03 4.941763579845428467e-01 1.829233206808567047e-02
5.034819999999783249e+03 4.738626480102539062e-01 1.791324466466903687e-02
5.036299999999782813e+03 5.124952197074890137e-01 1.842019706964492798e-02
5.037779999999782376e+03 4.760743081569671631e-01 1.784220151603221893e-02
5.039259999999781940e+03 4.862682223320007324e-01 1.787605509161949158e-02
5.040739999999781503e+03 5.119195580482482910e-01 1.824396662414073944e-02
5.042219999999781066e+03 4.273050427436828613e-01 1.707193441689014435e-02
5.043699999999780630e+03 4.813989400863647461e-01 1.803716458380222321e-02
5.045179999999780193e+03 4.469663202762603760e-01 1.750683411955833435e-02
5.046659999999779757e+03 4.548611342906951904e-01 1.756604947149753571e-02
5.048139999999779320e+03 4.959802925586700439e-01 1.803812198340892792e-02
5.049619999999778884e+03 4.708377420902252197e-01 1.764522679150104523e-02
5.051099999999778447e+03 4.614092111587524414e-01 1.758632250130176544e-02
5.052579999999778011e+03 4.602414667606353760e-01 1.761010847985744476e-02
5.054059999999777574e+03 4.531022608280181885e-01 1.755328662693500519e-02
5.055539999999777137e+03 4.539634287357330322e-01 1.758506149053573608e-02
5.057019999999776701e+03 4.512263536453247070e-01 1.748901419341564178e-02
5.058499999999776264e+03 4.478600025177001953e-01 1.737421937286853790e-02
5.059979999999775828e+03 4.097591042518615723e-01 1.681163534522056580e-02
5.061459999999775391e+03 3.873772025108337402e-01 1.648448407649993896e-02
5.062939999999774955e+03 4.796032011508941650e-01 1.790890470147132874e-02
5.064419999999774518e+03 6.619226932525634766e-01 2.033979818224906921e-02
5.065899999999774082e+03 6.880092024803161621e-01 2.069180272519588470e-02
5.067379999999773645e+03 4.938758313655853271e-01 1.807901822030544281e-02
5.068859999999773208e+03 4.330132901668548584e-01 1.709705777466297150e-02
5.070339999999772772e+03 4.073082804679870605e-01 1.666754111647605896e-02
5.071819999999772335e+03 4.385538101196289062e-01 1.715885661542415619e-02
5.073299999999771899e+03 4.419793188571929932e-01 1.721740514039993286e-02
5.074779999999771462e+03 4.252917170524597168e-01 1.709366589784622192e-02
5.076259999999771026e+03 4.144979715347290039e-01 1.682343706488609314e-02
5.077739999999770589e+03 4.362777173519134521e-01 1.711149327456951141e-02
5.079219999999770152e+03 4.257153272628784180e-01 1.683967560529708862e-02
5.080699999999769716e+03 4.520156085491180420e-01 1.727153547108173370e-02
5.082179999999769279e+03 4.738455712795257568e-01 1.765296421945095062e-02
5.083659999999768843e+03 4.832598567008972168e-01 1.786955818533897400e-02
5.085139999999768406e+03 4.737031459808349609e-01 1.775694638490676880e-02
5.086619999999767970e+03 4.580999910831451416e-01 1.748265326023101807e-02
5.088099999999767533e+03 4.831835627555847168e-01 1.784476824104785919e-02
5.089579999999767097e+03 4.397727847099304199e-01 1.715759187936782837e-02
5.091059999999766660e+03 4.297683537006378174e-01 1.703364960849285126e-02
5.092539999999766223e+03 4.747016131877899170e-01 1.769896969199180603e-02
5.094019999999765787e+03 4.575995504856109619e-01 1.752156019210815430e-02
5.095499999999765350e+03 4.380519688129425049e-01 1.711022853851318359e-02
5.096979999999764914e+03 4.432577490806579590e-01 1.719868928194046021e-02
5.098459999999764477e+03 4.668063223361968994e-01 1.742528937757015228e-02
5.099939999999764041e+03 4.936386048793792725e-01 1.788014546036720276e-02
5.101419999999763604e+03 5.343821644783020020e-01 1.846669800579547882e-02
5.102899999999763168e+03 5.080600976943969727e-01 1.814150996506214142e-02
5.104379999999762731e+03 4.681459963321685791e-01 1.757617108523845673e-02
5.105859999999762294e+03 4.804335236549377441e-01 1.770475693047046661e-02
5.107339999999761858e+03 5.216360688209533691e-01 1.823786832392215729e-02
5.108819999999761421e+03 5.047084093093872070e-01 1.804864779114723206e-02
5.110299999999760985e+03 4.940043389797210693e-01 1.782763935625553131e-02
5.111779999999760548e+03 5.186623334884643555e-01 1.828845031559467316e-02
5.113259999999760112e+03 4.627131819725036621e-01 1.745385117828845978e-02
5.114739999999759675e+03 4.835366308689117432e-01 1.784354075789451599e-02
5.116219999999759239e+03 4.902799725532531738e-01 1.785437576472759247e-02
5.117699999999758802e+03 5.182614326477050781e-01 1.832629926502704620e-02
5.119179999999758365e+03 5.254435539245605469e-01 1.840774528682231903e-02
5.120659999999757929e+03 5.074760913848876953e-01 1.807923614978790283e-02
5.122139999999757492e+03 5.097819566726684570e-01 1.803039945662021637e-02
5.123619999999757056e+03 4.782719016075134277e-01 1.756685785949230194e-02
5.125099999999756619e+03 4.380578994750976562e-01 1.692914590239524841e-02
5.126579999999756183e+03 4.309777915477752686e-01 1.682278327643871307e-02
5.128059999999755746e+03 4.239757657051086426e-01 1.678954623639583588e-02
5.129539999999755310e+03 4.725046455860137939e-01 1.750003732740879059e-02
5.131019999999754873e+03 4.474956393241882324e-01 1.713412255048751831e-02
5.132499999999754436e+03 5.139675140380859375e-01 1.825637929141521454e-02
5.133979999999754000e+03 4.888209104537963867e-01 1.782870665192604065e-02
5.135459999999753563e+03 5.283566117286682129e-01 1.840058527886867523e-02
5.136939999999753127e+03 5.502837896347045898e-01 1.860300637781620026e-02
5.138419999999752690e+03 4.919725060462951660e-01 1.782717742025852203e-02
5.139899999999752254e+03 4.972955882549285889e-01 1.795893907546997070e-02
5.141379999999751817e+03 4.755266904830932617e-01 1.765134744346141815e-02
5.142859999999751381e+03 4.991811811923980713e-01 1.795038208365440369e-02
5.144339999999750944e+03 4.772980213165283203e-01 1.768256910145282745e-02
5.145819999999750507e+03 4.472970068454742432e-01 1.714754477143287659e-02
5.147299999999750071e+03 4.732151031494140625e-01 1.748302020132541656e-02
5.148779999999749634e+03 4.970863163471221924e-01 1.787138730287551880e-02
5.150259999999749198e+03 5.129413604736328125e-01 1.810947619378566742e-02
5.151739999999748761e+03 5.086649656295776367e-01 1.806847192347049713e-02
5.153219999999748325e+03 5.182874202728271484e-01 1.819398999214172363e-02
5.154699999999747888e+03 4.954392910003662109e-01 1.786310039460659027e-02
5.156179999999747452e+03 4.991624951362609863e-01 1.794325746595859528e-02
5.157659999999747015e+03 5.118364095687866211e-01 1.806791871786117554e-02
5.159139999999746578e+03 5.481520295143127441e-01 1.860407553613185883e-02
5.160619999999746142e+03 5.053753852844238281e-01 1.796090230345726013e-02
5.162099999999745705e+03 5.065647959709167480e-01 1.798595115542411804e-02
5.163579999999745269e+03 4.864397346973419189e-01 1.764113083481788635e-02
5.165059999999744832e+03 4.831970930099487305e-01 1.749746873974800110e-02
5.166539999999744396e+03 4.790589809417724609e-01 1.737741008400917053e-02
5.168019999999743959e+03 5.349922776222229004e-01 1.811960712075233459e-02
5.169499999999743522e+03 5.548627972602844238e-01 1.847059652209281921e-02
5.170979999999743086e+03 5.236397981643676758e-01 1.793837174773216248e-02
5.172459999999742649e+03 5.168942213058471680e-01 1.770724356174468994e-02
5.173939999999742213e+03 5.047727823257446289e-01 1.767370477318763733e-02
5.175419999999741776e+03 4.656735062599182129e-01 1.731279306113719940e-02
5.176899999999741340e+03 4.721713662147521973e-01 1.742999814450740814e-02
5.178379999999740903e+03 4.960146248340606689e-01 1.776465959846973419e-02
5.179859999999740467e+03 5.122866630554199219e-01 1.799341477453708649e-02
5.181339999999740030e+03 4.686368405818939209e-01 1.714858040213584900e-02
5.182819999999739593e+03 5.093479752540588379e-01 1.763560250401496887e-02
5.184299999999739157e+03 5.125523805618286133e-01 1.760282553732395172e-02
5.185779999999738720e+03 4.845913052558898926e-01 1.750162243843078613e-02
5.187259999999738284e+03 4.912565648555755615e-01 1.778549328446388245e-02
5.188739999999737847e+03 4.751566946506500244e-01 1.755191385746002197e-02
5.190219999999737411e+03 4.693863391876220703e-01 1.730940490961074829e-02
5.191699999999736974e+03 4.637412726879119873e-01 1.711862348020076752e-02
5.193179999999736538e+03 4.560051262378692627e-01 1.711605675518512726e-02
5.194659999999736101e+03 4.542516171932220459e-01 1.708533428609371185e-02
5.196139999999735664e+03 4.922989904880523682e-01 1.790435053408145905e-02
5.197619999999735228e+03 5.216898918151855469e-01 1.859013736248016357e-02
5.199099999999734791e+03 5.148577094078063965e-01 1.844738796353340149e-02
5.200579999999734355e+03 5.049660801887512207e-01 1.817364618182182312e-02
5.202059999999733918e+03 4.796615839004516602e-01 1.760142855346202850e-02
5.203539999999733482e+03 5.006178617477416992e-01 1.775596290826797485e-02
5.205019999999733045e+03 5.116373300552368164e-01 1.784987375140190125e-02
5.206499999999732609e+03 4.587183594703674316e-01 1.702849380671977997e-02
5.207979999999732172e+03 5.058687925338745117e-01 1.777198910713195801e-02
5.209459999999731735e+03 4.975901842117309570e-01 1.775913313031196594e-02
5.210939999999731299e+03 4.856262505054473877e-01 1.745696924626827240e-02
5.212419999999730862e+03 4.731267988681793213e-01 1.733646355569362640e-02
5.213899999999730426e+03 5.030280947685241699e-01 1.767586357891559601e-02
5.215379999999729989e+03 4.965921938419342041e-01 1.762741245329380035e-02
5.216859999999729553e+03 5.245531797409057617e-01 1.804102398455142975e-02
5.218339999999729116e+03 5.141266584396362305e-01 1.797013916075229645e-02
5.219819999999728680e+03 4.851782917976379395e-01 1.757859997451305389e-02
5.221299999999728243e+03 4.859434664249420166e-01 1.764220371842384338e-02
5.222779999999727806e+03 4.544071555137634277e-01 1.725861057639122009e-02
5.224259999999727370e+03 4.495008587837219238e-01 1.707271672785282135e-02
5.225739999999726933e+03 4.425170421600341797e-01 1.672627590596675873e-02
5.227219999999726497e+03 4.419366717338562012e-01 1.659158430993556976e-02
5.228699999999726060e+03 4.527085423469543457e-01 1.689310371875762939e-02
5.230179999999725624e+03 4.999336600303649902e-01 1.765709929168224335e-02
5.231659999999725187e+03 4.720130860805511475e-01 1.734013296663761139e-02
5.233139999999724751e+03 4.751371145248413086e-01 1.731128245592117310e-02
5.234619999999724314e+03 4.789330959320068359e-01 1.733329519629478455e-02
5.236099999999723877e+03 4.790599644184112549e-01 1.754749380052089691e-02
5.237579999999723441e+03 4.512613415718078613e-01 1.730936020612716675e-02
5.239059999999723004e+03 4.907336831092834473e-01 1.773835718631744385e-02
5.240539999999722568e+03 5.115049481391906738e-01 1.780230924487113953e-02
5.242019999999722131e+03 5.037484169006347656e-01 1.764333806931972504e-02
5.243499999999721695e+03 5.191732645034790039e-01 1.783757284283638000e-02
5.244979999999721258e+03 5.239374041557312012e-01 1.794751547276973724e-02
5.246459999999720822e+03 4.640734791755676270e-01 1.711378432810306549e-02
5.247939999999720385e+03 4.635866582393646240e-01 1.717742532491683960e-02
5.249419999999719948e+03 4.703221917152404785e-01 1.728533580899238586e-02
5.250899999999719512e+03 4.465667009353637695e-01 1.686818525195121765e-02
5.252379999999719075e+03 4.486953020095825195e-01 1.693224720656871796e-02
5.253859999999718639e+03 4.648017883300781250e-01 1.725785620510578156e-02
5.255339999999718202e+03 4.682905077934265137e-01 1.733769476413726807e-02
5.256819999999717766e+03 5.140055418014526367e-01 1.797270216047763824e-02
5.258299999999717329e+03 4.983031153678894043e-01 1.758590899407863617e-02
5.259779999999716892e+03 5.036706328392028809e-01 1.765906624495983124e-02
5.261259999999716456e+03 5.068449378013610840e-01 1.765354350209236145e-02
5.262739999999716019e+03 4.918906092643737793e-01 1.735701411962509155e-02
5.264219999999715583e+03 5.134881734848022461e-01 1.757686771452426910e-02
5.265699999999715146e+03 4.940476417541503906e-01 1.730864122509956360e-02
5.267179999999714710e+03 4.840622246265411377e-01 1.717671193182468414e-02
5.268659999999714273e+03 5.090801715850830078e-01 1.749232970178127289e-02
5.270139999999713837e+03 5.107438564300537109e-01 1.757790148258209229e-02
5.271619999999713400e+03 5.204237699508666992e-01 1.777834072709083557e-02
5.273099999999712963e+03 5.214440226554870605e-01 1.781687140464782715e-02
5.274579999999712527e+03 5.280072093009948730e-01 1.797749102115631104e-02
5.276059999999712090e+03 5.203504562377929688e-01 1.796308159828186035e-02
5.277539999999711654e+03 4.899874925613403320e-01 1.745040155947208405e-02
5.279019999999711217e+03 5.258248448371887207e-01 1.791848614811897278e-02
5.280499999999710781e+03 5.076428651809692383e-01 1.761005818843841553e-02
5.281979999999710344e+03 4.991076886653900146e-01 1.750910654664039612e-02
5.283459999999709908e+03 5.198487043380737305e-01 1.778113283216953278e-02
5.284939999999709471e+03 4.875666797161102295e-01 1.739591546356678009e-02
5.286419999999709034e+03 5.172829031944274902e-01 1.788409240543842316e-02
5.287899999999708598e+03 5.026115179061889648e-01 1.761289872229099274e-02
5.289379999999708161e+03 5.153167843818664551e-01 1.781927794218063354e-02
5.290859999999707725e+03 5.123141407966613770e-01 1.777359470725059509e-02
5.292339999999707288e+03 4.758822917938232422e-01 1.721160300076007843e-02
5.293819999999706852e+03 4.724401831626892090e-01 1.726869679987430573e-02
5.295299999999706415e+03 4.814345836639404297e-01 1.730372570455074310e-02
5.296779999999705979e+03 4.869420826435089111e-01 1.740987040102481842e-02
5.298259999999705542e+03 4.762660264968872070e-01 1.730428263545036316e-02
5.299739999999705105e+03 5.311371684074401855e-01 1.799599640071392059e-02
5.301219999999704669e+03 5.109074711799621582e-01 1.769685745239257812e-02
5.302699999999704232e+03 5.045841932296752930e-01 1.761878840625286102e-02
5.304179999999703796e+03 4.978662133216857910e-01 1.756791584193706512e-02
5.305659999999703359e+03 5.165653824806213379e-01 1.782858185470104218e-02
5.307139999999702923e+03 5.253892540931701660e-01 1.789483800530433655e-02
5.308619999999702486e+03 4.997641444206237793e-01 1.759336143732070923e-02
5.310099999999702050e+03 4.984080791473388672e-01 1.758851483464241028e-02
5.311579999999701613e+03 5.063057541847229004e-01 1.772258058190345764e-02
5.313059999999701176e+03 4.697514474391937256e-01 1.723395846784114838e-02
5.314539999999700740e+03 4.607566893100738525e-01 1.709304936230182648e-02
5.316019999999700303e+03 4.955400526523590088e-01 1.757470145821571350e-02
5.317499999999699867e+03 5.032788515090942383e-01 1.763832196593284607e-02
5.318979999999699430e+03 4.945447146892547607e-01 1.759458892047405243e-02
5.320459999999698994e+03 4.870709180831909180e-01 1.746033318340778351e-02
5.321939999999698557e+03 4.903788864612579346e-01 1.743297837674617767e-02
5.323419999999698121e+03 4.974842667579650879e-01 1.750136539340019226e-02
5.324899999999697684e+03 4.661125242710113525e-01 1.703451201319694519e-02
5.326379999999697247e+03 5.048835277557373047e-01 1.757702231407165527e-02
5.327859999999696811e+03 5.094459652900695801e-01 1.767482794821262360e-02
5.329339999999696374e+03 5.147436261177062988e-01 1.792509481310844421e-02
5.330819999999695938e+03 5.412266254425048828e-01 1.825965009629726410e-02
5.332299999999695501e+03 5.022609829902648926e-01 1.765966042876243591e-02
5.333779999999695065e+03 5.309583544731140137e-01 1.803713105618953705e-02
5.335259999999694628e+03 5.012768507003784180e-01 1.768133975565433502e-02
5.336739999999694192e+03 5.085495710372924805e-01 1.773776300251483917e-02
5.338219999999693755e+03 4.755513668060302734e-01 1.719224080443382263e-02
5.339699999999693318e+03 4.849134087562561035e-01 1.723706535995006561e-02
5.341179999999692882e+03 5.067442059516906738e-01 1.760698668658733368e-02
5.342659999999692445e+03 4.725345671176910400e-01 1.709736138582229614e-02
5.344139999999692009e+03 4.859204292297363281e-01 1.732639223337173462e-02
5.345619999999691572e+03 4.837891161441802979e-01 1.727580651640892029e-02
5.347099999999691136e+03 4.860020875930786133e-01 1.729433797299861908e-02
5.348579999999690699e+03 5.125195980072021484e-01 1.770319230854511261e-02
5.350059999999690262e+03 5.077782869338989258e-01 1.762415096163749695e-02
5.351539999999689826e+03 4.853053689002990723e-01 1.731153950095176697e-02
5.353019999999689389e+03 4.756938219070434570e-01 1.721065305173397064e-02
5.354499999999688953e+03 4.957004487514495850e-01 1.749944128096103668e-02
5.355979999999688516e+03 5.074627399444580078e-01 1.766716875135898590e-02
5.357459999999688080e+03 4.826160967350006104e-01 1.737512089312076569e-02
5.358939999999687643e+03 4.838836491107940674e-01 1.731171272695064545e-02
5.360419999999687207e+03 5.065310001373291016e-01 1.760516315698623657e-02
5.361899999999686770e+03 4.899493753910064697e-01 1.731859333813190460e-02
5.363379999999686333e+03 4.691284000873565674e-01 1.697322539985179901e-02
5.364859999999685897e+03 5.392174720764160156e-01 1.791886053979396820e-02
5.366339999999685460e+03 4.949407279491424561e-01 1.735702902078628540e-02
5.367819999999685024e+03 4.460989236831665039e-01 1.665435917675495148e-02
5.369299999999684587e+03 4.743408560752868652e-01 1.699794456362724304e-02
5.370779999999684151e+03 5.175776481628417969e-01 1.763646863400936127e-02
5.372259999999683714e+03 5.182299613952636719e-01 1.776029914617538452e-02
5.373739999999683278e+03 5.241740942001342773e-01 1.784422434866428375e-02
5.375219999999682841e+03 5.219864845275878906e-01 1.780312880873680115e-02
5.376699999999682404e+03 5.268542170524597168e-01 1.782346144318580627e-02
5.378179999999681968e+03 5.336311459541320801e-01 1.797877438366413116e-02
5.379659999999681531e+03 4.713825881481170654e-01 1.708793640136718750e-02
5.381139999999681095e+03 4.774582684040069580e-01 1.707045175135135651e-02
5.382619999999680658e+03 4.019303619861602783e-01 1.592556387186050415e-02
5.384099999999680222e+03 3.990302979946136475e-01 1.592812500894069672e-02
5.385579999999679785e+03 4.093031287193298340e-01 1.606436260044574738e-02
5.387059999999679349e+03 4.195205569267272949e-01 1.621760614216327667e-02
5.388539999999678912e+03 4.149617850780487061e-01 1.611818373203277588e-02
5.390019999999678475e+03 4.265023469924926758e-01 1.629761047661304474e-02
5.391499999999678039e+03 4.125950932502746582e-01 1.611287705600261688e-02
5.392979999999677602e+03 4.796128273010253906e-01 1.706495136022567749e-02
5.394459999999677166e+03 5.187779068946838379e-01 1.762676611542701721e-02
5.395939999999676729e+03 4.925883710384368896e-01 1.729796081781387329e-02
5.397419999999676293e+03 4.757120907306671143e-01 1.701973937451839447e-02
5.398899999999675856e+03 4.648221135139465332e-01 1.682355254888534546e-02
5.400379999999675420e+03 4.060436487197875977e-01 1.601936668157577515e-02
5.401859999999674983e+03 4.028368592262268066e-01 1.598765887320041656e-02
5.403339999999674546e+03 4.723504185676574707e-01 1.692069321870803833e-02
5.404819999999674110e+03 4.970396459102630615e-01 1.723279431462287903e-02
5.406299999999673673e+03 4.817062020301818848e-01 1.703728735446929932e-02
5.407779999999673237e+03 5.148174762725830078e-01 1.749528571963310242e-02
5.409259999999672800e+03 4.969784021377563477e-01 1.730867289006710052e-02
5.410739999999672364e+03 4.700785279273986816e-01 1.691786386072635651e-02
5.412219999999671927e+03 4.643806219100952148e-01 1.683956757187843323e-02
5.413699999999671491e+03 4.923038482666015625e-01 1.725614443421363831e-02
5.415179999999671054e+03 4.886531233787536621e-01 1.720615662634372711e-02
5.416659999999670617e+03 5.188416838645935059e-01 1.761221140623092651e-02
5.418139999999670181e+03 5.400303602218627930e-01 1.794152520596981049e-02
5.419619999999669744e+03 4.964517354965209961e-01 1.737648807466030121e-02
5.421099999999669308e+03 5.040615797042846680e-01 1.740196906030178070e-02
5.422579999999668871e+03 4.750799834728240967e-01 1.705204695463180542e-02
5.424059999999668435e+03 4.379771053791046143e-01 1.656142249703407288e-02
5.425539999999667998e+03 4.608499407768249512e-01 1.685871183872222900e-02
5.427019999999667561e+03 4.635295569896697998e-01 1.685049757361412048e-02
5.428499999999667125e+03 4.677369296550750732e-01 1.681898534297943115e-02
5.429979999999666688e+03 5.127914547920227051e-01 1.748154684901237488e-02
5.431459999999666252e+03 5.084218382835388184e-01 1.739562861621379852e-02
5.432939999999665815e+03 4.822921752929687500e-01 1.705059595406055450e-02
5.434419999999665379e+03 5.031428933143615723e-01 1.736267283558845520e-02
5.435899999999664942e+03 4.943845272064208984e-01 1.733460836112499237e-02
5.437379999999664506e+03 5.309151411056518555e-01 1.779028028249740601e-02
5.438859999999664069e+03 5.437309145927429199e-01 1.795649714767932892e-02
5.440339999999663632e+03 5.471854209899902344e-01 1.798694953322410583e-02
5.441819999999663196e+03 5.213215351104736328e-01 1.772115938365459442e-02
5.443299999999662759e+03 5.104539990425109863e-01 1.748898997902870178e-02
5.444779999999662323e+03 5.164968371391296387e-01 1.747826859354972839e-02
5.446259999999661886e+03 4.873449206352233887e-01 1.708107441663742065e-02
5.447739999999661450e+03 4.557498991489410400e-01 1.671214774250984192e-02
5.449219999999661013e+03 5.008075833320617676e-01 1.734997145831584930e-02
5.450699999999660577e+03 4.994724392890930176e-01 1.743870973587036133e-02
5.452179999999660140e+03 5.107059478759765625e-01 1.751072704792022705e-02
5.453659999999659703e+03 4.720498919486999512e-01 1.682450622320175171e-02
5.455139999999659267e+03 5.018002390861511230e-01 1.733367517590522766e-02
5.456619999999658830e+03 5.362634658813476562e-01 1.779484748840332031e-02
5.458099999999658394e+03 5.300729870796203613e-01 1.774791814386844635e-02
5.459579999999657957e+03 5.448190569877624512e-01 1.799401640892028809e-02
5.461059999999657521e+03 5.754820108413696289e-01 1.839257963001728058e-02
5.462539999999657084e+03 5.660528540611267090e-01 1.812785305082798004e-02
5.464019999999656648e+03 5.697515606880187988e-01 1.816188544034957886e-02
5.465499999999656211e+03 5.463886857032775879e-01 1.794615201652050018e-02
5.466979999999655774e+03 4.922057986259460449e-01 1.723524741828441620e-02
5.468459999999655338e+03 4.821936488151550293e-01 1.708470098674297333e-02
5.469939999999654901e+03 4.715640544891357422e-01 1.694129034876823425e-02
5.471419999999654465e+03 5.037066936492919922e-01 1.739060133695602417e-02
5.472899999999654028e+03 5.511448979377746582e-01 1.803496479988098145e-02
5.474379999999653592e+03 5.660055279731750488e-01 1.816179417073726654e-02
5.475859999999653155e+03 5.262165665626525879e-01 1.763363555073738098e-02
5.477339999999652719e+03 4.880963265895843506e-01 1.707646250724792480e-02
5.478819999999652282e+03 5.152132511138916016e-01 1.752666383981704712e-02
5.480299999999651845e+03 5.483199357986450195e-01 1.796178892254829407e-02
5.481779999999651409e+03 5.034992694854736328e-01 1.737112551927566528e-02
5.483259999999650972e+03 5.096816420555114746e-01 1.741478778421878815e-02
5.484739999999650536e+03 4.916931986808776855e-01 1.721649989485740662e-02
5.486219999999650099e+03 4.613562822341918945e-01 1.675338856875896454e-02
5.487699999999649663e+03 4.115044474601745605e-01 1.598133333027362823e-02
5.489179999999649226e+03 4.622226357460021973e-01 1.675801165401935577e-02
5.490659999999648790e+03 4.597235918045043945e-01 1.666599512100219727e-02
5.492139999999648353e+03 4.522081017494201660e-01 1.662859506905078888e-02
5.493619999999647916e+03 4.541002511978149414e-01 1.655933260917663574e-02
5.495099999999647480e+03 5.176808834075927734e-01 1.747804693877696991e-02
5.496579999999647043e+03 5.124265551567077637e-01 1.745186187326908112e-02
5.498059999999646607e+03 5.824936628341674805e-01 1.837572827935218811e-02
5.499539999999646170e+03 5.587932467460632324e-01 1.806925423443317413e-02
5.501019999999645734e+03 5.357751250267028809e-01 1.781781390309333801e-02
5.502499999999645297e+03 5.092430114746093750e-01 1.740457490086555481e-02
5.503979999999644861e+03 5.341848731040954590e-01 1.778747141361236572e-02
5.505459999999644424e+03 5.258795619010925293e-01 1.766839809715747833e-02
5.506939999999643987e+03 5.309254527091979980e-01 1.777337677776813507e-02
5.508419999999643551e+03 5.856751203536987305e-01 1.846062578260898590e-02
5.509899999999643114e+03 5.660712122917175293e-01 1.820136420428752899e-02
5.511379999999642678e+03 5.729205608367919922e-01 1.823944784700870514e-02
5.512859999999642241e+03 5.791444778442382812e-01 1.834754832088947296e-02
5.514339999999641805e+03 5.649835467338562012e-01 1.818103529512882233e-02
5.515819999999641368e+03 5.832645297050476074e-01 1.847630552947521210e-02
5.517299999999640931e+03 5.498244762420654297e-01 1.804844476282596588e-02
5.518779999999640495e+03 5.400797724723815918e-01 1.784921437501907349e-02
5.520259999999640058e+03 5.518218278884887695e-01 1.798845082521438599e-02
5.521739999999639622e+03 5.179268121719360352e-01 1.756271533668041229e-02
5.523219999999639185e+03 5.281066298484802246e-01 1.768136583268642426e-02
5.524699999999638749e+03 5.580964088439941406e-01 1.802091114223003387e-02
5.526179999999638312e+03 5.633333325386047363e-01 1.806349121034145355e-02
5.527659999999637876e+03 5.861228108406066895e-01 1.829446107149124146e-02
5.529139999999637439e+03 5.930156707763671875e-01 1.840590313076972961e-02
5.530619999999637002e+03 5.852546691894531250e-01 1.837400533258914948e-02
5.532099999999636566e+03 5.690826773643493652e-01 1.824368536472320557e-02
5.533579999999636129e+03 5.842487812042236328e-01 1.835067011415958405e-02
5.535059999999635693e+03 5.976372361183166504e-01 1.851709373295307159e-02
5.536539999999635256e+03 5.899120569229125977e-01 1.847826689481735229e-02
5.538019999999634820e+03 5.807399749755859375e-01 1.834548078477382660e-02
5.539499999999634383e+03 5.534625649452209473e-01 1.807652600109577179e-02
5.540979999999633947e+03 5.758932828903198242e-01 1.839458011090755463e-02
5.542459999999633510e+03 5.606492161750793457e-01 1.836248114705085754e-02
5.543939999999633073e+03 5.658068656921386719e-01 1.842287741601467133e-02
5.545419999999632637e+03 5.745570063591003418e-01 1.842231489717960358e-02
5.546899999999632200e+03 5.638271570205688477e-01 1.820815913379192352e-02
5.548379999999631764e+03 5.325368046760559082e-01 1.778818108141422272e-02
5.549859999999631327e+03 4.919102489948272705e-01 1.733219437301158905e-02
5.551339999999630891e+03 4.970640540122985840e-01 1.727843657135963440e-02
5.552819999999630454e+03 4.806542396545410156e-01 1.697831414639949799e-02
5.554299999999630018e+03 5.227271914482116699e-01 1.761512272059917450e-02
5.555779999999629581e+03 5.530599355697631836e-01 1.798352040350437164e-02
5.557259999999629144e+03 5.571135878562927246e-01 1.801925711333751678e-02
5.558739999999628708e+03 5.871081948280334473e-01 1.846620626747608185e-02
5.560219999999628271e+03 5.751683115959167480e-01 1.823399029672145844e-02
5.561699999999627835e+03 5.490099191665649414e-01 1.812654547393321991e-02
5.563179999999627398e+03 5.470042228698730469e-01 1.831545494496822357e-02
5.564659999999626962e+03 5.490854978561401367e-01 1.818698085844516754e-02
5.566139999999626525e+03 5.585787296295166016e-01 1.810985803604125977e-02
5.567619999999626089e+03 5.720263719558715820e-01 1.829655654728412628e-02
5.569099999999625652e+03 5.506519079208374023e-01 1.808393932878971100e-02
5.570579999999625215e+03 5.685409903526306152e-01 1.816253922879695892e-02
5.572059999999624779e+03 5.825757980346679688e-01 1.810316927731037140e-02
5.573539999999624342e+03 4.611954092979431152e-01 1.757185906171798706e-02
5.575019999999623906e+03 1.591255366802215576e-01 3.057803586125373840e-02
5.576499999999623469e+03 8.459038734436035156e-01 5.423947796225547791e-02
5.577979999999623033e+03 7.980399131774902344e-01 5.103664100170135498e-02
5.579459999999622596e+03 3.740426599979400635e-01 2.228962257504463196e-02
5.580939999999622160e+03 6.078535914421081543e-01 1.852547749876976013e-02
5.582419999999621723e+03 6.054983139038085938e-01 1.877584680914878845e-02
5.583899999999621286e+03 6.068072319030761719e-01 1.859121955931186676e-02
5.585379999999620850e+03 5.970948934555053711e-01 1.844962313771247864e-02
5.586859999999620413e+03 5.622829198837280273e-01 1.812612824141979218e-02
5.588339999999619977e+03 5.744861960411071777e-01 1.846864819526672363e-02
5.589819999999619540e+03 5.751231312751770020e-01 1.846887171268463135e-02
5.591299999999619104e+03 5.531667470932006836e-01 1.795621402561664581e-02
5.592779999999618667e+03 5.662430524826049805e-01 1.807242259383201599e-02
5.594259999999618231e+03 5.477455854415893555e-01 1.778850331902503967e-02
5.595739999999617794e+03 5.276746749877929688e-01 1.767021603882312775e-02
5.597219999999617357e+03 5.006884932518005371e-01 1.739283464848995209e-02
5.598699999999616921e+03 5.455819964408874512e-01 1.792429201304912567e-02
5.600179999999616484e+03 5.580926537513732910e-01 1.797530241310596466e-02
5.601659999999616048e+03 5.674711465835571289e-01 1.808102987706661224e-02
5.603139999999615611e+03 5.984517931938171387e-01 1.865031197667121887e-02
5.604619999999615175e+03 5.913086533546447754e-01 1.891639083623886108e-02
5.606099999999614738e+03 5.832715034484863281e-01 1.861144788563251495e-02
5.607579999999614301e+03 5.633690357208251953e-01 1.810747385025024414e-02
5.609059999999613865e+03 5.591113567352294922e-01 1.809445023536682129e-02
5.610539999999613428e+03 5.784190297126770020e-01 1.826976053416728973e-02
5.612019999999612992e+03 5.833783149719238281e-01 1.828229986131191254e-02
5.613499999999612555e+03 5.549011826515197754e-01 1.788315549492835999e-02
5.614979999999612119e+03 5.629671812057495117e-01 1.805444806814193726e-02
5.616459999999611682e+03 5.641009807586669922e-01 1.806041970849037170e-02
5.617939999999611246e+03 5.477754473686218262e-01 1.783019676804542542e-02
5.619419999999610809e+03 5.513653755187988281e-01 1.790472678840160370e-02
5.620899999999610372e+03 5.274537205696105957e-01 1.758181676268577576e-02
5.622379999999609936e+03 5.539967417716979980e-01 1.808161661028862000e-02
5.623859999999609499e+03 5.698097944259643555e-01 1.830326579511165619e-02
5.625339999999609063e+03 5.427232384681701660e-01 1.779687590897083282e-02
5.626819999999608626e+03 5.439792275428771973e-01 1.768496446311473846e-02
5.628299999999608190e+03 5.507164597511291504e-01 1.774554699659347534e-02
5.629779999999607753e+03 5.715708136558532715e-01 1.804774627089500427e-02
5.631259999999607317e+03 5.655053257942199707e-01 1.799373328685760498e-02
5.632739999999606880e+03 4.929934144020080566e-01 1.706473343074321747e-02
5.634219999999606443e+03 5.241512656211853027e-01 1.745861209928989410e-02
5.635699999999606007e+03 5.481483936309814453e-01 1.768634654581546783e-02
5.637179999999605570e+03 5.186570882797241211e-01 1.742158271372318268e-02
5.638659999999605134e+03 5.537587404251098633e-01 1.795229502022266388e-02
5.640139999999604697e+03 5.510292649269104004e-01 1.784348115324974060e-02
5.641619999999604261e+03 5.466513037681579590e-01 1.771420054137706757e-02
5.643099999999603824e+03 5.649511218070983887e-01 1.803644374012947083e-02
5.644579999999603388e+03 5.957062244415283203e-01 1.855895854532718658e-02
5.646059999999602951e+03 5.948234200477600098e-01 1.858579926192760468e-02
5.647539999999602514e+03 5.520454645156860352e-01 1.785566098988056183e-02
5.649019999999602078e+03 5.750637650489807129e-01 1.810739375650882721e-02
5.650499999999601641e+03 5.677970051765441895e-01 1.803863607347011566e-02
5.651979999999601205e+03 5.573378205299377441e-01 1.787093095481395721e-02
5.653459999999600768e+03 5.531836748123168945e-01 1.784906536340713501e-02
5.654939999999600332e+03 5.819043517112731934e-01 1.820418797433376312e-02
5.656419999999599895e+03 5.761391520500183105e-01 1.813392713665962219e-02
5.657899999999599459e+03 5.239782333374023438e-01 1.747929304838180542e-02
5.659379999999599022e+03 5.279294252395629883e-01 1.756570115685462952e-02
5.660859999999598585e+03 5.446833372116088867e-01 1.770384050905704498e-02
5.662339999999598149e+03 5.424757599830627441e-01 1.775072142481803894e-02
5.663819999999597712e+03 5.449666976928710938e-01 1.782151684165000916e-02
5.665299999999597276e+03 5.443501472473144531e-01 1.782849617302417755e-02
5.666779999999596839e+03 5.638179779052734375e-01 1.811468228697776794e-02
5.668259999999596403e+03 5.785561203956604004e-01 1.835341751575469971e-02
5.669739999999595966e+03 5.925806760787963867e-01 1.846794597804546356e-02
5.671219999999595530e+03 6.017819046974182129e-01 1.857271231710910797e-02
5.672699999999595093e+03 5.851486921310424805e-01 1.830282434821128845e-02
5.674179999999594656e+03 5.379344820976257324e-01 1.772644184529781342e-02
5.675659999999594220e+03 5.246301889419555664e-01 1.747406274080276489e-02
5.677139999999593783e+03 5.581018924713134766e-01 1.798816956579685211e-02
5.678619999999593347e+03 5.804311037063598633e-01 1.826275885105133057e-02
5.680099999999592910e+03 5.623572468757629395e-01 1.805463805794715881e-02
5.681579999999592474e+03 5.672114491462707520e-01 1.807337626814842224e-02
5.683059999999592037e+03 5.676589012145996094e-01 1.805953308939933777e-02
5.684539999999591600e+03 5.555589199066162109e-01 1.796945556998252869e-02
5.686019999999591164e+03 5.392873883247375488e-01 1.773447357118129730e-02
5.687499999999590727e+03 5.703867673873901367e-01 1.811010390520095825e-02
5.688979999999590291e+03 5.731390118598937988e-01 1.821018382906913757e-02
5.690459999999589854e+03 5.681083202362060547e-01 1.816228404641151428e-02
5.691939999999589418e+03 5.831777453422546387e-01 1.824838109314441681e-02
5.693419999999588981e+03 5.936236381530761719e-01 1.849061809480190277e-02
5.694899999999588545e+03 5.856779217720031738e-01 1.841683499515056610e-02
5.696379999999588108e+03 5.622900128364562988e-01 1.809375919401645660e-02
5.697859999999587671e+03 5.684920549392700195e-01 1.821155287325382233e-02
5.699339999999587235e+03 5.603210330009460449e-01 1.805298216640949249e-02
5.700819999999586798e+03 5.616241097450256348e-01 1.812505535781383514e-02
5.702299999999586362e+03 5.498050451278686523e-01 1.789653301239013672e-02
5.703779999999585925e+03 5.388830304145812988e-01 1.781613565981388092e-02
5.705259999999585489e+03 5.325548648834228516e-01 1.771115697920322418e-02
5.706739999999585052e+03 5.579262971878051758e-01 1.800564862787723541e-02
5.708219999999584616e+03 5.625990033149719238e-01 1.801426708698272705e-02
5.709699999999584179e+03 5.472895503044128418e-01 1.781149022281169891e-02
5.711179999999583742e+03 5.478353500366210938e-01 1.787787489593029022e-02
5.712659999999583306e+03 5.696753859519958496e-01 1.818900182843208313e-02
5.714139999999582869e+03 5.725404620170593262e-01 1.818838156759738922e-02
5.715619999999582433e+03 5.460249781608581543e-01 1.783108524978160858e-02
5.717099999999581996e+03 5.413410663604736328e-01 1.785029284656047821e-02
5.718579999999581560e+03 5.570890307426452637e-01 1.804422773420810699e-02
5.720059999999581123e+03 5.661075115203857422e-01 1.811511442065238953e-02
5.721539999999580687e+03 5.838180780410766602e-01 1.834367215633392334e-02
5.723019999999580250e+03 5.732343196868896484e-01 1.823837123811244965e-02
5.724499999999579813e+03 5.955536365509033203e-01 1.848729699850082397e-02
5.725979999999579377e+03 5.782622098922729492e-01 1.822555437684059143e-02
5.727459999999578940e+03 5.750387907028198242e-01 1.820327527821063995e-02
5.728939999999578504e+03 5.598033070564270020e-01 1.802181266248226166e-02
5.730419999999578067e+03 5.744589567184448242e-01 1.820487156510353088e-02
5.731899999999577631e+03 5.978641510009765625e-01 1.840990409255027771e-02
5.733379999999577194e+03 5.585976839065551758e-01 1.795479655265808105e-02
5.734859999999576758e+03 5.717127323150634766e-01 1.816737279295921326e-02
5.736339999999576321e+03 5.710503458976745605e-01 1.813302561640739441e-02
5.737819999999575884e+03 5.850222706794738770e-01 1.825327426195144653e-02
5.739299999999575448e+03 5.499069690704345703e-01 1.779867708683013916e-02
5.740779999999575011e+03 5.782481431961059570e-01 1.818449422717094421e-02
5.742259999999574575e+03 5.848155617713928223e-01 1.829699799418449402e-02
5.743739999999574138e+03 5.393812060356140137e-01 1.766214519739151001e-02
5.745219999999573702e+03 5.701338648796081543e-01 1.807186193764209747e-02
5.746699999999573265e+03 5.561205744743347168e-01 1.788743771612644196e-02
5.748179999999572829e+03 6.144316196441650391e-01 1.859145052731037140e-02
5.749659999999572392e+03 6.108927726745605469e-01 1.856843009591102600e-02
5.751139999999571955e+03 5.891585946083068848e-01 1.830582320690155029e-02
5.752619999999571519e+03 6.206834316253662109e-01 1.861985959112644196e-02
5.754099999999571082e+03 6.292213201522827148e-01 1.875434443354606628e-02
5.755579999999570646e+03 5.637940168380737305e-01 1.796136423945426941e-02
5.757059999999570209e+03 5.978240966796875000e-01 1.841774769127368927e-02
5.758539999999569773e+03 5.541652441024780273e-01 1.786566898226737976e-02
5.760019999999569336e+03 5.722145438194274902e-01 1.808800548315048218e-02
5.761499999999568900e+03 5.656209588050842285e-01 1.789774373173713684e-02
5.762979999999568463e+03 5.848696231842041016e-01 1.815263554453849792e-02
5.764459999999568026e+03 5.938549637794494629e-01 1.837072521448135376e-02
5.765939999999567590e+03 5.754384398460388184e-01 1.812539435923099518e-02
5.767419999999567153e+03 6.117178797721862793e-01 1.851898059248924255e-02
5.768899999999566717e+03 5.940776467323303223e-01 1.837503910064697266e-02
5.770379999999566280e+03 5.944477319717407227e-01 1.832242123782634735e-02
5.771859999999565844e+03 5.799725651741027832e-01 1.814495585858821869e-02
5.773339999999565407e+03 6.122285127639770508e-01 1.845121569931507111e-02
5.774819999999564970e+03 5.699011087417602539e-01 1.801501400768756866e-02
5.776299999999564534e+03 5.941166877746582031e-01 1.827211119234561920e-02
5.777779999999564097e+03 5.703900456428527832e-01 1.798806525766849518e-02
5.779259999999563661e+03 6.080181002616882324e-01 1.847008801996707916e-02
5.780739999999563224e+03 5.790745615959167480e-01 1.807664707303047180e-02
5.782219999999562788e+03 6.087831258773803711e-01 1.836682856082916260e-02
5.783699999999562351e+03 6.287762522697448730e-01 1.868928782641887665e-02
5.785179999999561915e+03 6.328836679458618164e-01 1.871813833713531494e-02
5.786659999999561478e+03 6.102729439735412598e-01 1.841338537633419037e-02
5.788139999999561041e+03 5.547573566436767578e-01 1.771941035985946655e-02
5.789619999999560605e+03 5.709828138351440430e-01 1.795562542974948883e-02
5.791099999999560168e+03 5.810720920562744141e-01 1.809694059193134308e-02
5.792579999999559732e+03 5.972693562507629395e-01 1.830733381211757660e-02
5.794059999999559295e+03 5.775278210639953613e-01 1.802992261946201324e-02
5.795539999999558859e+03 5.683061480522155762e-01 1.791955903172492981e-02
5.797019999999558422e+03 5.880653262138366699e-01 1.815439388155937195e-02
5.798499999999557986e+03 5.846182107925415039e-01 1.805653423070907593e-02
5.799979999999557549e+03 5.724036097526550293e-01 1.797717250883579254e-02
5.801459999999557112e+03 5.734786391258239746e-01 1.803934574127197266e-02
5.802939999999556676e+03 5.434298515319824219e-01 1.760579831898212433e-02
5.804419999999556239e+03 5.447815060615539551e-01 1.761050336062908173e-02
5.805899999999555803e+03 5.573012232780456543e-01 1.775156892836093903e-02
5.807379999999555366e+03 6.240835785865783691e-01 1.863412559032440186e-02
5.808859999999554930e+03 6.112096309661865234e-01 1.844970136880874634e-02
5.810339999999554493e+03 5.957522392272949219e-01 1.819950342178344727e-02
5.811819999999554057e+03 5.601568818092346191e-01 1.781873963773250580e-02
5.813299999999553620e+03 6.130723953247070312e-01 1.846004091203212738e-02
5.814779999999553183e+03 5.983169674873352051e-01 1.828326098620891571e-02
5.816259999999552747e+03 5.873770713806152344e-01 1.812765374779701233e-02
5.817739999999552310e+03 5.614125132560729980e-01 1.789365895092487335e-02
5.819219999999551874e+03 5.436578392982482910e-01 1.755472272634506226e-02
5.820699999999551437e+03 5.338228344917297363e-01 1.745265536010265350e-02
5.822179999999551001e+03 5.282818078994750977e-01 1.740368455648422241e-02
5.823659999999550564e+03 5.403679013252258301e-01 1.762404479086399078e-02
5.825139999999550128e+03 5.656335353851318359e-01 1.785425841808319092e-02
5.826619999999549691e+03 5.257107019424438477e-01 1.738180406391620636e-02
5.828099999999549254e+03 5.613124370574951172e-01 1.776726730167865753e-02
5.829579999999548818e+03 5.530720949172973633e-01 1.777914352715015411e-02
5.831059999999548381e+03 5.999311804771423340e-01 1.839707978069782257e-02
5.832539999999547945e+03 5.823531746864318848e-01 1.811040751636028290e-02
5.834019999999547508e+03 5.859025120735168457e-01 1.813288405537605286e-02
5.835499999999547072e+03 5.775617361068725586e-01 1.793448068201541901e-02
5.836979999999546635e+03 5.171694755554199219e-01 1.730838790535926819e-02
5.838459999999546199e+03 5.594673752784729004e-01 1.776464283466339111e-02
5.839939999999545762e+03 5.942862629890441895e-01 1.822315901517868042e-02
5.841419999999545325e+03 5.935752391815185547e-01 1.822873577475547791e-02
5.842899999999544889e+03 6.258850693702697754e-01 1.860032975673675537e-02
5.844379999999544452e+03 6.327155828475952148e-01 1.871224120259284973e-02
5.845859999999544016e+03 6.156341433525085449e-01 1.851244270801544189e-02
5.847339999999543579e+03 5.824816823005676270e-01 1.807787455618381500e-02
5.848819999999543143e+03 5.574748516082763672e-01 1.777109690010547638e-02
5.850299999999542706e+03 5.483759045600891113e-01 1.766718551516532898e-02
5.851779999999542270e+03 5.853635668754577637e-01 1.815107464790344238e-02
5.853259999999541833e+03 5.736032724380493164e-01 1.795646362006664276e-02
5.854739999999541396e+03 5.427457690238952637e-01 1.751462556421756744e-02
5.856219999999540960e+03 5.506137609481811523e-01 1.759103126823902130e-02
5.857699999999540523e+03 6.075822710990905762e-01 1.833914965391159058e-02
5.859179999999540087e+03 5.635496377944946289e-01 1.775025203824043274e-02
5.860659999999539650e+03 5.334338545799255371e-01 1.739166676998138428e-02
5.862139999999539214e+03 5.625964999198913574e-01 1.779572665691375732e-02
5.863619999999538777e+03 5.659061670303344727e-01 1.811973936855792999e-02
5.865099999999538340e+03 5.504137277603149414e-01 1.847169548273086548e-02
5.866579999999537904e+03 5.851051807403564453e-01 1.923485100269317627e-02
5.868059999999537467e+03 6.073524355888366699e-01 1.926950737833976746e-02
5.869539999999537031e+03 5.885283350944519043e-01 1.856900565326213837e-02
5.871019999999536594e+03 5.564805865287780762e-01 1.793594099581241608e-02
5.872499999999536158e+03 5.749092698097229004e-01 1.814295724034309387e-02
5.873979999999535721e+03 5.857042074203491211e-01 1.829845272004604340e-02
5.875459999999535285e+03 5.946172475814819336e-01 1.836161501705646515e-02
5.876939999999534848e+03 5.515083074569702148e-01 1.777245476841926575e-02
5.878419999999534411e+03 5.506982803344726562e-01 1.772073656320571899e-02
5.879899999999533975e+03 5.636039972305297852e-01 1.783353462815284729e-02
5.881379999999533538e+03 5.831536054611206055e-01 1.805237866938114166e-02
5.882859999999533102e+03 6.101353764533996582e-01 1.843836158514022827e-02
5.884339999999532665e+03 5.896652340888977051e-01 1.809171773493289948e-02
5.885819999999532229e+03 5.862354040145874023e-01 1.821834966540336609e-02
5.887299999999531792e+03 5.257117748260498047e-01 2.025304175913333893e-02
5.888779999999531356e+03 5.968670248985290527e-01 2.668832242488861084e-02
5.890259999999530919e+03 6.109305024147033691e-01 2.797169797122478485e-02
5.891739999999530482e+03 5.362892150878906250e-01 2.186712995171546936e-02
5.893219999999530046e+03 5.247544050216674805e-01 1.918193884193897247e-02
5.894699999999529609e+03 5.597295165061950684e-01 2.226584032177925110e-02
5.896179999999529173e+03 5.860257744789123535e-01 2.350920811295509338e-02
5.897659999999528736e+03 5.367715358734130859e-01 2.014830708503723145e-02
5.899139999999528300e+03 5.593402981758117676e-01 1.806748285889625549e-02
5.900619999999527863e+03 6.003881096839904785e-01 1.818183064460754395e-02
5.902099999999527427e+03 5.540677309036254883e-01 1.782041229307651520e-02
5.903579999999526990e+03 5.707823038101196289e-01 1.810506172478199005e-02
5.905059999999526553e+03 5.978958606719970703e-01 1.847431622445583344e-02
5.906539999999526117e+03 5.853199958801269531e-01 1.834855973720550537e-02
5.908019999999525680e+03 6.028239130973815918e-01 1.847642287611961365e-02
5.909499999999525244e+03 6.045825481414794922e-01 1.837281323969364166e-02
5.910979999999524807e+03 6.174681186676025391e-01 1.844842918217182159e-02
5.912459999999524371e+03 6.136558651924133301e-01 1.857968047261238098e-02
5.913939999999523934e+03 5.966055393218994141e-01 1.899647526443004608e-02
5.915419999999523498e+03 6.323658227920532227e-01 1.961398124694824219e-02
5.916899999999523061e+03 6.073111891746520996e-01 1.878644898533821106e-02
5.918379999999522624e+03 5.670167207717895508e-01 1.785171031951904297e-02
5.919859999999522188e+03 5.829599499702453613e-01 1.808444783091545105e-02
5.921339999999521751e+03 5.808511376380920410e-01 1.805048249661922455e-02
5.922819999999521315e+03 5.824564695358276367e-01 1.835472695529460907e-02
5.924299999999520878e+03 6.102441549301147461e-01 1.886198855936527252e-02
5.925779999999520442e+03 6.002637147903442383e-01 1.857296191155910492e-02
5.927259999999520005e+03 5.735476016998291016e-01 1.803401112556457520e-02
5.928739999999519569e+03 5.945879220962524414e-01 1.817687600851058960e-02
5.930219999999519132e+03 6.148177385330200195e-01 1.873165369033813477e-02
5.931699999999518695e+03 6.179983019828796387e-01 1.949364319443702698e-02
5.933179999999518259e+03 5.843837857246398926e-01 1.929516345262527466e-02
5.934659999999517822e+03 5.987702608108520508e-01 1.879068464040756226e-02
5.936139999999517386e+03 5.903252363204956055e-01 1.810602098703384399e-02
5.937619999999516949e+03 5.691072344779968262e-01 1.793715916574001312e-02
5.939099999999516513e+03 5.764899849891662598e-01 1.792894676327705383e-02
5.940579999999516076e+03 5.742508769035339355e-01 1.792780123651027679e-02
5.942059999999515640e+03 5.929791927337646484e-01 1.811851002275943756e-02
5.943539999999515203e+03 5.733841061592102051e-01 1.798831485211849213e-02
5.945019999999514766e+03 5.445773005485534668e-01 1.795745268464088440e-02
5.946499999999514330e+03 5.595261454582214355e-01 1.812075451016426086e-02
5.947979999999513893e+03 6.179692745208740234e-01 1.851820014417171478e-02
5.949459999999513457e+03 5.526654124259948730e-01 1.763120293617248535e-02
5.950939999999513020e+03 5.423023104667663574e-01 1.769795827567577362e-02
5.952419999999512584e+03 6.177158355712890625e-01 1.925082132220268250e-02
5.953899999999512147e+03 5.952070951461791992e-01 1.908068172633647919e-02
5.955379999999511710e+03 5.820521116256713867e-01 1.842148415744304657e-02
5.956859999999511274e+03 5.811727046966552734e-01 1.787947677075862885e-02
5.958339999999510837e+03 5.863380432128906250e-01 1.801553368568420410e-02
5.959819999999510401e+03 6.142567992210388184e-01 1.839216426014900208e-02
5.961299999999509964e+03 6.068004965782165527e-01 1.831351593136787415e-02
5.962779999999509528e+03 6.115934252738952637e-01 1.832810789346694946e-02
5.964259999999509091e+03 6.304427981376647949e-01 1.852910034358501434e-02
5.965739999999508655e+03 6.045933961868286133e-01 1.827297918498516083e-02
5.967219999999508218e+03 6.321665048599243164e-01 1.852734573185443878e-02
5.968699999999507781e+03 6.055887937545776367e-01 1.846642419695854187e-02
5.970179999999507345e+03 6.360275745391845703e-01 1.884100399911403656e-02
5.971659999999506908e+03 6.151290535926818848e-01 1.847530715167522430e-02
5.973139999999506472e+03 6.247464418411254883e-01 1.847298815846443176e-02
5.974619999999506035e+03 5.838747024536132812e-01 1.804945431649684906e-02
5.976099999999505599e+03 6.209367513656616211e-01 1.887548156082630157e-02
5.977579999999505162e+03 6.362441182136535645e-01 1.913081482052803040e-02
5.979059999999504726e+03 5.996400117874145508e-01 1.833044551312923431e-02
5.980539999999504289e+03 5.402997732162475586e-01 1.742826215922832489e-02
5.982019999999503852e+03 5.986084342002868652e-01 1.815883629024028778e-02
5.983499999999503416e+03 5.947389602661132812e-01 1.811402104794979095e-02
5.984979999999502979e+03 5.735976696014404297e-01 1.773917861282825470e-02
5.986459999999502543e+03 6.183272004127502441e-01 1.836555078625679016e-02
5.987939999999502106e+03 5.843226313591003418e-01 1.798694580793380737e-02
5.989419999999501670e+03 5.916451811790466309e-01 1.797661930322647095e-02
5.990899999999501233e+03 6.014966368675231934e-01 1.812876388430595398e-02
5.992379999999500797e+03 6.092194318771362305e-01 1.826711930334568024e-02
5.993859999999500360e+03 5.993515253067016602e-01 1.812560297548770905e-02
5.995339999999499923e+03 6.072607636451721191e-01 1.821018010377883911e-02
5.996819999999499487e+03 6.022171378135681152e-01 1.827111281454563141e-02
5.998299999999499050e+03 6.023553609848022461e-01 1.820391230285167694e-02
5.999779999999498614e+03 5.955518484115600586e-01 1.804409548640251160e-02
6.001259999999498177e+03 6.003923416137695312e-01 1.811990886926651001e-02
6.002739999999497741e+03 6.108968257904052734e-01 1.843668892979621887e-02
6.004219999999497304e+03 6.190709471702575684e-01 1.858382858335971832e-02
6.005699999999496868e+03 6.240281462669372559e-01 1.833410933613777161e-02
6.007179999999496431e+03 6.053367853164672852e-01 1.794422417879104614e-02
6.008659999999495994e+03 6.150185465812683105e-01 1.816804148256778717e-02
6.010139999999495558e+03 6.269362568855285645e-01 1.829908974468708038e-02
6.011619999999495121e+03 6.160916090011596680e-01 1.814901456236839294e-02
6.013099999999494685e+03 6.107023358345031738e-01 1.808424480259418488e-02
6.014579999999494248e+03 6.373209357261657715e-01 1.838558726012706757e-02
6.016059999999493812e+03 6.274781227111816406e-01 1.822718791663646698e-02
6.017539999999493375e+03 6.226147413253784180e-01 1.814501173794269562e-02
6.019019999999492939e+03 6.239323616027832031e-01 1.818553917109966278e-02
6.020499999999492502e+03 5.908240079879760742e-01 1.778384670615196228e-02
6.021979999999492065e+03 5.604963302612304688e-01 1.739921234548091888e-02
6.023459999999491629e+03 5.572864413261413574e-01 1.737781800329685211e-02
6.024939999999491192e+03 5.525606274604797363e-01 1.732897199690341949e-02
6.026419999999490756e+03 5.562207102775573730e-01 1.740584895014762878e-02
6.027899999999490319e+03 5.912966132164001465e-01 1.788553223013877869e-02
6.029379999999489883e+03 5.740034580230712891e-01 1.767643168568611145e-02
6.030859999999489446e+03 5.433855056762695312e-01 1.722518913447856903e-02
6.032339999999489009e+03 5.500279068946838379e-01 1.740045286715030670e-02
6.033819999999488573e+03 5.988783240318298340e-01 1.807930134236812592e-02
6.035299999999488136e+03 5.963824391365051270e-01 1.803180016577243805e-02
6.036779999999487700e+03 5.886208415031433105e-01 1.777983456850051880e-02
6.038259999999487263e+03 6.162247061729431152e-01 1.808814331889152527e-02
6.039739999999486827e+03 6.060634851455688477e-01 1.792572066187858582e-02
6.041219999999486390e+03 5.798451304435729980e-01 1.766003482043743134e-02
6.042699999999485954e+03 6.131222844123840332e-01 1.801913231611251831e-02
6.044179999999485517e+03 6.320292949676513672e-01 1.819727756083011627e-02
6.045659999999485080e+03 6.173309087753295898e-01 1.809183135628700256e-02
6.047139999999484644e+03 6.092362999916076660e-01 1.798247545957565308e-02
6.048619999999484207e+03 6.170105338096618652e-01 1.804743707180023193e-02
6.050099999999483771e+03 6.051804423332214355e-01 1.788819395005702972e-02
6.051579999999483334e+03 6.095983982086181641e-01 1.793939247727394104e-02
6.053059999999482898e+03 6.178240180015563965e-01 1.802845485508441925e-02
6.054539999999482461e+03 6.427300572395324707e-01 1.830146461725234985e-02
6.056019999999482025e+03 6.252184510231018066e-01 1.807680912315845490e-02
6.057499999999481588e+03 6.022273302078247070e-01 1.790217868983745575e-02
6.058979999999481151e+03 5.911962985992431641e-01 1.760115474462509155e-02
6.060459999999480715e+03 5.981006622314453125e-01 1.779122464358806610e-02
6.061939999999480278e+03 6.359248161315917969e-01 1.828531548380851746e-02
6.063419999999479842e+03 6.515895128250122070e-01 1.844520308077335358e-02
6.064899999999479405e+03 6.375025510787963867e-01 1.824359223246574402e-02
6.066379999999478969e+03 6.034668684005737305e-01 1.793150976300239563e-02
6.067859999999478532e+03 6.347500681877136230e-01 1.835593953728675842e-02
6.069339999999478096e+03 6.196006536483764648e-01 1.814617216587066650e-02
6.070819999999477659e+03 6.125717759132385254e-01 1.793674752116203308e-02
6.072299999999477222e+03 5.874824523925781250e-01 1.772318780422210693e-02
6.073779999999476786e+03 6.514815688133239746e-01 1.844216138124465942e-02
6.075259999999476349e+03 6.476766467094421387e-01 1.838663406670093536e-02
6.076739999999475913e+03 6.105828285217285156e-01 1.792016252875328064e-02
6.078219999999475476e+03 5.953226685523986816e-01 1.774457842111587524e-02
6.079699999999475040e+03 6.315472722053527832e-01 1.820531301200389862e-02
6.081179999999474603e+03 6.250297427177429199e-01 1.804862543940544128e-02
6.082659999999474167e+03 6.314654350280761719e-01 1.814645342528820038e-02
6.084139999999473730e+03 6.090241074562072754e-01 1.788846217095851898e-02
6.085619999999473293e+03 6.137949824333190918e-01 1.794143393635749817e-02
6.087099999999472857e+03 6.060361266136169434e-01 1.779937744140625000e-02
6.088579999999472420e+03 6.172884106636047363e-01 1.796161942183971405e-02
6.090059999999471984e+03 6.386047601699829102e-01 1.822753436863422394e-02
6.091539999999471547e+03 6.331477761268615723e-01 1.808774657547473907e-02
6.093019999999471111e+03 6.294004917144775391e-01 1.804699935019016266e-02
6.094499999999470674e+03 6.188566684722900391e-01 1.793302781879901886e-02
6.095979999999470238e+03 6.096426844596862793e-01 1.789433136582374573e-02
6.097459999999469801e+03 6.074213981628417969e-01 1.784662157297134399e-02
6.098939999999469364e+03 5.914022326469421387e-01 1.763170957565307617e-02
6.100419999999468928e+03 5.945856571197509766e-01 1.770459488034248352e-02
6.101899999999468491e+03 6.087200045585632324e-01 1.779014058411121368e-02
6.103379999999468055e+03 6.022190451622009277e-01 1.774083822965621948e-02
6.104859999999467618e+03 5.976324677467346191e-01 1.775333844125270844e-02
6.106339999999467182e+03 5.955110788345336914e-01 1.768080517649650574e-02
6.107819999999466745e+03 6.234033107757568359e-01 1.808047853410243988e-02
6.109299999999466309e+03 6.224505305290222168e-01 1.804791390895843506e-02
6.110779999999465872e+03 5.914297699928283691e-01 1.764396950602531433e-02
6.112259999999465435e+03 6.166040897369384766e-01 1.795541867613792419e-02
6.113739999999464999e+03 5.944915413856506348e-01 1.769561134278774261e-02
6.115219999999464562e+03 5.997090935707092285e-01 1.775078102946281433e-02
6.116699999999464126e+03 6.733270883560180664e-01 1.855340972542762756e-02
6.118179999999463689e+03 5.977746248245239258e-01 1.773096434772014618e-02
6.119659999999463253e+03 6.166116595268249512e-01 1.792770437896251678e-02
6.121139999999462816e+03 6.330299973487854004e-01 1.806602627038955688e-02
6.122619999999462379e+03 6.518939733505249023e-01 1.825660094618797302e-02
6.124099999999461943e+03 6.337084770202636719e-01 1.806571707129478455e-02
6.125579999999461506e+03 6.300408244132995605e-01 1.798458769917488098e-02
6.127059999999461070e+03 5.736787915229797363e-01 1.734607107937335968e-02
6.128539999999460633e+03 6.244180202484130859e-01 1.795331388711929321e-02
6.130019999999460197e+03 6.027706265449523926e-01 1.765310950577259064e-02
6.131499999999459760e+03 5.738149285316467285e-01 1.733912900090217590e-02
6.132979999999459324e+03 5.760055780410766602e-01 1.727863773703575134e-02
6.134459999999458887e+03 5.710885524749755859e-01 1.730683632194995880e-02
6.135939999999458450e+03 4.599410593509674072e-01 1.589992456138134003e-02
6.137419999999458014e+03 3.952117860317230225e-01 1.519325748085975647e-02
6.138899999999457577e+03 4.372572004795074463e-01 1.582883857190608978e-02
6.140379999999457141e+03 4.714294970035552979e-01 1.623389683663845062e-02
6.141859999999456704e+03 4.624379575252532959e-01 1.610853150486946106e-02
6.143339999999456268e+03 4.216177165508270264e-01 1.567044481635093689e-02
6.144819999999455831e+03 4.772240817546844482e-01 1.642552390694618225e-02
6.146299999999455395e+03 5.803215503692626953e-01 1.759744063019752502e-02
6.147779999999454958e+03 6.023113727569580078e-01 1.773803122341632843e-02
6.149259999999454521e+03 6.184684038162231445e-01 1.788172312080860138e-02
6.150739999999454085e+03 5.997784137725830078e-01 1.773529686033725739e-02
6.152219999999453648e+03 6.275107264518737793e-01 1.804759353399276733e-02
6.153699999999453212e+03 5.950507521629333496e-01 1.760452054440975189e-02
6.155179999999452775e+03 5.939344167709350586e-01 1.777353137731552124e-02
6.156659999999452339e+03 6.147094964981079102e-01 1.811576075851917267e-02
6.158139999999451902e+03 6.218315958976745605e-01 1.807414740324020386e-02
6.159619999999451466e+03 6.295028328895568848e-01 1.812760159373283386e-02
6.161099999999451029e+03 6.204211711883544922e-01 1.784080453217029572e-02
6.162579999999450592e+03 6.151798367500305176e-01 1.766561903059482574e-02
6.164059999999450156e+03 6.052153110504150391e-01 1.762692816555500031e-02
6.165539999999449719e+03 6.027419567108154297e-01 1.761781610548496246e-02
6.167019999999449283e+03 6.164660453796386719e-01 1.783761382102966309e-02
6.168499999999448846e+03 6.286829113960266113e-01 1.823584362864494324e-02
6.169979999999448410e+03 6.242693662643432617e-01 1.848006807267665863e-02
6.171459999999447973e+03 6.194096207618713379e-01 1.832203567028045654e-02
6.172939999999447537e+03 6.199232339859008789e-01 1.803247258067131042e-02
6.174419999999447100e+03 6.129386425018310547e-01 1.798040047287940979e-02
6.175899999999446663e+03 6.284188032150268555e-01 1.824534684419631958e-02
6.177379999999446227e+03 6.189807057380676270e-01 1.798737980425357819e-02
6.178859999999445790e+03 6.115506887435913086e-01 1.784612238407135010e-02
6.180339999999445354e+03 6.317420005798339844e-01 1.805029064416885376e-02
6.181819999999444917e+03 6.126222014427185059e-01 1.789497584104537964e-02
6.183299999999444481e+03 5.832624435424804688e-01 1.753672212362289429e-02
6.184779999999444044e+03 6.016044020652770996e-01 1.770394667983055115e-02
6.186259999999443608e+03 6.266400814056396484e-01 1.795099303126335144e-02
6.187739999999443171e+03 6.157538890838623047e-01 1.786572486162185669e-02
6.189219999999442734e+03 6.135005354881286621e-01 1.787102036178112030e-02
6.190699999999442298e+03 5.927415490150451660e-01 1.757172867655754089e-02
6.192179999999441861e+03 6.145880222320556641e-01 1.794235035777091980e-02
6.193659999999441425e+03 6.424649953842163086e-01 1.819763146340847015e-02
6.195139999999440988e+03 6.463442444801330566e-01 1.826535724103450775e-02
6.196619999999440552e+03 6.086035966873168945e-01 1.773891784250736237e-02
6.198099999999440115e+03 6.150625348091125488e-01 1.778708212077617645e-02
6.199579999999439679e+03 6.158900260925292969e-01 1.790055446326732635e-02
6.201059999999439242e+03 6.003115177154541016e-01 1.804111711680889130e-02
6.202539999999438805e+03 6.160172224044799805e-01 1.841039210557937622e-02
6.204019999999438369e+03 6.297697424888610840e-01 1.835966855287551880e-02
6.205499999999437932e+03 6.180775165557861328e-01 1.796658709645271301e-02
6.206979999999437496e+03 6.151279211044311523e-01 1.788623817265033722e-02
6.208459999999437059e+03 6.125802993774414062e-01 1.785575784742832184e-02
6.209939999999436623e+03 6.221067905426025391e-01 1.791455410420894623e-02
6.211419999999436186e+03 6.044696569442749023e-01 1.790255680680274963e-02
6.212899999999435749e+03 6.151592731475830078e-01 1.798516139388084412e-02
6.214379999999435313e+03 6.306020021438598633e-01 1.801252737641334534e-02
6.215859999999434876e+03 6.171088218688964844e-01 1.790726743638515472e-02
6.217339999999434440e+03 6.312522292137145996e-01 1.806412823498249054e-02
6.218819999999434003e+03 6.553558707237243652e-01 1.842535659670829773e-02
6.220299999999433567e+03 6.599217057228088379e-01 1.873622648417949677e-02
6.221779999999433130e+03 6.272590160369873047e-01 1.854023896157741547e-02
6.223259999999432694e+03 6.223756670951843262e-01 1.818812452256679535e-02
6.224739999999432257e+03 6.222539544105529785e-01 1.794073544442653656e-02
6.226219999999431820e+03 6.091833710670471191e-01 1.776606217026710510e-02
6.227699999999431384e+03 6.188231110572814941e-01 1.792922802269458771e-02
6.229179999999430947e+03 6.295196413993835449e-01 1.804357208311557770e-02
6.230659999999430511e+03 5.781743526458740234e-01 1.737009733915328979e-02
6.232139999999430074e+03 5.804719924926757812e-01 1.774694211781024933e-02
6.233619999999429638e+03 6.327125430107116699e-01 1.938482187688350677e-02
6.235099999999429201e+03 6.362481713294982910e-01 2.013857662677764893e-02
6.236579999999428765e+03 6.233003139495849609e-01 1.975166052579879761e-02
6.238059999999428328e+03 5.822074413299560547e-01 1.831266470253467560e-02
6.239539999999427891e+03 6.326175332069396973e-01 1.853704638779163361e-02
6.241019999999427455e+03 6.480261683464050293e-01 1.887873187661170959e-02
6.242499999999427018e+03 6.150961518287658691e-01 1.847547478973865509e-02
6.243979999999426582e+03 6.168683767318725586e-01 1.828728057444095612e-02
6.245459999999426145e+03 6.186197996139526367e-01 1.806762814521789551e-02
6.246939999999425709e+03 6.232870817184448242e-01 1.805903576314449310e-02
6.248419999999425272e+03 6.322015523910522461e-01 1.810107193887233734e-02
6.249899999999424836e+03 6.152128577232360840e-01 1.784842088818550110e-02
6.251379999999424399e+03 6.380118727684020996e-01 1.812724396586418152e-02
6.252859999999423962e+03 6.046528816223144531e-01 1.770005561411380768e-02
6.254339999999423526e+03 6.232850551605224609e-01 1.797939464449882507e-02
6.255819999999423089e+03 5.832847356796264648e-01 1.856544055044651031e-02
6.257299999999422653e+03 6.058459877967834473e-01 1.989219151437282562e-02
6.258779999999422216e+03 5.989637374877929688e-01 1.936932653188705444e-02
6.260259999999421780e+03 5.922515392303466797e-01 1.810502447187900543e-02
6.261739999999421343e+03 5.780807137489318848e-01 1.755250617861747742e-02
6.263219999999420907e+03 5.893269777297973633e-01 1.805730536580085754e-02
6.264699999999420470e+03 6.270899176597595215e-01 1.874306984245777130e-02
6.266179999999420033e+03 6.376712322235107422e-01 1.866939850151538849e-02
6.267659999999419597e+03 6.188477873802185059e-01 1.819796673953533173e-02
6.269139999999419160e+03 6.057641506195068359e-01 1.789334043860435486e-02
6.270619999999418724e+03 6.148784756660461426e-01 1.790788583457469940e-02
6.272099999999418287e+03 5.874752402305603027e-01 1.750426553189754486e-02
6.273579999999417851e+03 5.743795037269592285e-01 1.742860861122608185e-02
6.275059999999417414e+03 6.104484200477600098e-01 1.807213947176933289e-02
6.276539999999416978e+03 6.075718998908996582e-01 1.803309470415115356e-02
6.278019999999416541e+03 5.761170983314514160e-01 1.762335002422332764e-02
6.279499999999416104e+03 5.853198766708374023e-01 1.756144687533378601e-02
6.280979999999415668e+03 6.043565273284912109e-01 1.772001013159751892e-02
6.282459999999415231e+03 5.921811461448669434e-01 1.756864786148071289e-02
6.283939999999414795e+03 6.269799470901489258e-01 1.805474422872066498e-02
6.285419999999414358e+03 6.283566355705261230e-01 1.887229643762111664e-02
6.286899999999413922e+03 6.247707009315490723e-01 1.961493678390979767e-02
6.288379999999413485e+03 6.249200701713562012e-01 1.936309225857257843e-02
6.289859999999413048e+03 6.131250858306884766e-01 1.815214008092880249e-02
6.291339999999412612e+03 6.209825277328491211e-01 1.787924394011497498e-02
6.292819999999412175e+03 6.031063199043273926e-01 1.768369600176811218e-02
6.294299999999411739e+03 6.088284850120544434e-01 1.768115349113941193e-02
6.295779999999411302e+03 6.090279817581176758e-01 1.817648485302925110e-02
6.297259999999410866e+03 4.605114161968231201e-01 1.957493834197521210e-02
6.298739999999410429e+03 7.617834806442260742e-01 3.522680699825286865e-02
6.300219999999409993e+03 1.011879444122314453e+00 4.030088335275650024e-02
6.301699999999409556e+03 4.882334768772125244e-01 2.988213114440441132e-02
6.303179999999409119e+03 5.687860250473022461e-01 1.927631907165050507e-02
6.304659999999408683e+03 6.292940378189086914e-01 1.896910741925239563e-02
6.306139999999408246e+03 6.214024424552917480e-01 1.980908773839473724e-02
6.307619999999407810e+03 6.061072349548339844e-01 1.952638849616050720e-02
6.309099999999407373e+03 6.224690079689025879e-01 1.842401735484600067e-02
6.310579999999406937e+03 6.287307143211364746e-01 1.794189400970935822e-02
6.312059999999406500e+03 6.126527190208435059e-01 1.780084334313869476e-02
6.313539999999406064e+03 6.160134673118591309e-01 1.774380914866924286e-02
6.315019999999405627e+03 6.356152892112731934e-01 1.797223091125488281e-02
6.316499999999405190e+03 6.151431202888488770e-01 1.773798093199729919e-02
6.317979999999404754e+03 5.936590433120727539e-01 1.746543310582637787e-02
6.319459999999404317e+03 5.979010462760925293e-01 1.784379966557025909e-02
6.320939999999403881e+03 6.271021366119384766e-01 1.854558289051055908e-02
6.322419999999403444e+03 6.236369013786315918e-01 1.830324530601501465e-02
6.323899999999403008e+03 6.121330261230468750e-01 1.782508380711078644e-02
6.325379999999402571e+03 6.526312232017517090e-01 1.817612349987030029e-02
6.326859999999402135e+03 6.499952077865600586e-01 1.853925734758377075e-02
6.328339999999401698e+03 6.386816501617431641e-01 1.935468055307865143e-02
6.329819999999401261e+03 6.250355839729309082e-01 1.957182027399539948e-02
6.331299999999400825e+03 6.141458749771118164e-01 1.868015527725219727e-02
6.332779999999400388e+03 6.088095903396606445e-01 1.770074851810932159e-02
6.334259999999399952e+03 5.841370820999145508e-01 1.736394129693508148e-02
6.335739999999399515e+03 6.035319566726684570e-01 1.755115948617458344e-02
6.337219999999399079e+03 6.340831518173217773e-01 1.793926022946834564e-02
6.338699999999398642e+03 6.471607089042663574e-01 1.808977313339710236e-02
6.340179999999398206e+03 6.517578363418579102e-01 1.816742867231369019e-02
6.341659999999397769e+03 5.898319482803344727e-01 1.746702380478382111e-02
6.343139999999397332e+03 6.319798827171325684e-01 1.794679276645183563e-02
6.344619999999396896e+03 6.350022554397583008e-01 1.799540966749191284e-02
6.346099999999396459e+03 6.029377579689025879e-01 1.772580482065677643e-02
6.347579999999396023e+03 6.177687644958496094e-01 1.815076917409896851e-02
6.349059999999395586e+03 6.400755047798156738e-01 1.843049004673957825e-02
6.350539999999395150e+03 6.244883537292480469e-01 1.800088770687580109e-02
6.352019999999394713e+03 6.424140930175781250e-01 1.805072091519832611e-02
6.353499999999394277e+03 6.353700160980224609e-01 1.805189251899719238e-02
6.354979999999393840e+03 6.450724005699157715e-01 3.836494684219360352e-02
6.356459999999393403e+03 6.295861005783081055e-01 6.382843852043151855e-02
6.357939999999392967e+03 6.229485273361206055e-01 4.382859170436859131e-02
6.359419999999392530e+03 6.035100221633911133e-01 1.751903258264064789e-02
6.360899999999392094e+03 5.754315257072448730e-01 1.893467456102371216e-02
6.362379999999391657e+03 6.812623739242553711e-01 2.530243247747421265e-02
6.363859999999391221e+03 6.912122964859008789e-01 2.672945521771907806e-02
6.365339999999390784e+03 5.787524580955505371e-01 2.178954891860485077e-02
6.366819999999390348e+03 5.883708000183105469e-01 1.782953180372714996e-02
6.368299999999389911e+03 6.177603602409362793e-01 1.762829348444938660e-02
6.369779999999389474e+03 6.261742115020751953e-01 1.775348559021949768e-02
6.371259999999389038e+03 6.639529466629028320e-01 1.817813701927661896e-02
6.372739999999388601e+03 6.422771215438842773e-01 1.805069297552108765e-02
6.374219999999388165e+03 6.310628652572631836e-01 1.786372996866703033e-02
6.375699999999387728e+03 6.397034525871276855e-01 1.799969188868999481e-02
6.377179999999387292e+03 6.232503652572631836e-01 1.788249984383583069e-02
6.378659999999386855e+03 6.247929334640502930e-01 1.801295205950737000e-02
6.380139999999386418e+03 6.107869148254394531e-01 1.776042021811008453e-02
6.381619999999385982e+03 6.281187534332275391e-01 1.783164590597152710e-02
6.383099999999385545e+03 5.716896653175354004e-01 1.714531704783439636e-02
6.384579999999385109e+03 6.308426260948181152e-01 1.809355057775974274e-02
6.386059999999384672e+03 6.689829230308532715e-01 1.870920509099960327e-02
6.387539999999384236e+03 6.654077768325805664e-01 1.851748488843441010e-02
6.389019999999383799e+03 6.331722736358642578e-01 1.783602498471736908e-02
6.390499999999383363e+03 6.278864145278930664e-01 1.771271415054798126e-02
6.391979999999382926e+03 5.813934206962585449e-01 1.712037995457649231e-02
6.393459999999382489e+03 6.021548509597778320e-01 1.745269075036048889e-02
6.394939999999382053e+03 5.924752950668334961e-01 1.728413254022598267e-02
6.396419999999381616e+03 5.772788524627685547e-01 1.715926826000213623e-02
6.397899999999381180e+03 6.191405057907104492e-01 1.758392155170440674e-02
6.399379999999380743e+03 6.671027541160583496e-01 1.809285767376422882e-02
6.400859999999380307e+03 6.620596647262573242e-01 1.802884787321090698e-02
6.402339999999379870e+03 6.526103615760803223e-01 1.792301423847675323e-02
6.403819999999379434e+03 6.488676667213439941e-01 1.788751222193241119e-02
6.405299999999378997e+03 6.445012092590332031e-01 1.782397367060184479e-02
6.406779999999378560e+03 6.390972733497619629e-01 1.770678907632827759e-02
6.408259999999378124e+03 6.374183297157287598e-01 1.766056194901466370e-02
6.409739999999377687e+03 6.416866779327392578e-01 1.773542910814285278e-02
6.411219999999377251e+03 6.397208571434020996e-01 1.781883649528026581e-02
6.412699999999376814e+03 6.251770853996276855e-01 1.773000508546829224e-02
6.414179999999376378e+03 5.995568633079528809e-01 1.742328703403472900e-02
6.415659999999375941e+03 6.079447865486145020e-01 1.742797903716564178e-02
6.417139999999375505e+03 6.147732138633728027e-01 1.755216345191001892e-02
6.418619999999375068e+03 5.829881429672241211e-01 1.727989129722118378e-02
6.420099999999374631e+03 5.647206306457519531e-01 1.712539792060852051e-02
6.421579999999374195e+03 5.463678836822509766e-01 1.676850579679012299e-02
6.423059999999373758e+03 5.610584020614624023e-01 1.678214408457279205e-02
6.424539999999373322e+03 5.751172304153442383e-01 1.696354150772094727e-02
6.426019999999372885e+03 5.471724271774291992e-01 1.661662012338638306e-02
6.427499999999372449e+03 5.976881980895996094e-01 1.722389273345470428e-02
6.428979999999372012e+03 5.857384800910949707e-01 1.699048839509487152e-02
6.430459999999371576e+03 5.641641020774841309e-01 1.676535978913307190e-02
6.431939999999371139e+03 5.591449737548828125e-01 1.670510321855545044e-02
6.433419999999370702e+03 6.109835505485534668e-01 1.733505725860595703e-02
6.434899999999370266e+03 5.858227014541625977e-01 1.709715090692043304e-02
6.436379999999369829e+03 5.840367674827575684e-01 1.709708198904991150e-02
6.437859999999369393e+03 5.954490303993225098e-01 1.720462366938591003e-02
6.439339999999368956e+03 6.158277392387390137e-01 1.739800907671451569e-02
6.440819999999368520e+03 6.061881184577941895e-01 1.723884791135787964e-02
6.442299999999368083e+03 6.263776421546936035e-01 1.754262112081050873e-02
6.443779999999367647e+03 6.153449416160583496e-01 1.745354942977428436e-02
6.445259999999367210e+03 5.916584730148315430e-01 1.717893593013286591e-02
6.446739999999366773e+03 5.979710817337036133e-01 1.719800755381584167e-02
6.448219999999366337e+03 5.839191675186157227e-01 1.703454740345478058e-02
6.449699999999365900e+03 5.856193900108337402e-01 1.710937730967998505e-02
6.451179999999365464e+03 5.816816687583923340e-01 1.710486598312854767e-02
6.452659999999365027e+03 5.860112309455871582e-01 1.721825450658798218e-02
6.454139999999364591e+03 6.126538515090942383e-01 1.750057563185691833e-02
6.455619999999364154e+03 5.869165658950805664e-01 1.720877178013324738e-02
6.457099999999363718e+03 5.815583467483520508e-01 1.720052398741245270e-02
6.458579999999363281e+03 5.953136086463928223e-01 1.728805154561996460e-02
6.460059999999362844e+03 5.844392776489257812e-01 1.706552132964134216e-02
6.461539999999362408e+03 5.563101172447204590e-01 1.700864546000957489e-02
6.463019999999361971e+03 6.077815890312194824e-01 1.802515238523483276e-02
6.464499999999361535e+03 5.951321721076965332e-01 1.818059943616390228e-02
6.465979999999361098e+03 6.120020151138305664e-01 1.825167238712310791e-02
6.467459999999360662e+03 6.046437621116638184e-01 1.781943254172801971e-02
6.468939999999360225e+03 6.128588318824768066e-01 1.812990568578243256e-02
6.470419999999359788e+03 5.864748358726501465e-01 1.803114265203475952e-02
6.471899999999359352e+03 5.985196828842163086e-01 1.786970160901546478e-02
6.473379999999358915e+03 5.793415904045104980e-01 1.718893088400363922e-02
6.474859999999358479e+03 5.671139359474182129e-01 1.681817881762981415e-02
6.476339999999358042e+03 5.784890055656433105e-01 1.716418378055095673e-02
6.477819999999357606e+03 5.641323328018188477e-01 1.711776666343212128e-02
6.479299999999357169e+03 5.901870131492614746e-01 1.723652146756649017e-02
6.480779999999356733e+03 5.782749056816101074e-01 1.693025976419448853e-02
6.482259999999356296e+03 5.702542066574096680e-01 1.677570119500160217e-02
6.483739999999355859e+03 5.964476466178894043e-01 1.707502268254756927e-02
6.485219999999355423e+03 5.875893831253051758e-01 1.696907170116901398e-02
6.486699999999354986e+03 5.844731330871582031e-01 1.693578064441680908e-02
6.488179999999354550e+03 5.757532119750976562e-01 1.683872006833553314e-02
6.489659999999354113e+03 5.845922231674194336e-01 1.693673059344291687e-02
6.491139999999353677e+03 5.874702334403991699e-01 1.700394228100776672e-02
6.492619999999353240e+03 5.715607404708862305e-01 1.682896725833415985e-02
6.494099999999352804e+03 5.888082981109619141e-01 1.699646189808845520e-02
6.495579999999352367e+03 5.838793516159057617e-01 1.745706610381603241e-02
6.497059999999351930e+03 6.292003393173217773e-01 1.925677433609962463e-02
6.498539999999351494e+03 6.266758441925048828e-01 1.958842203021049500e-02
6.500019999999351057e+03 5.828574895858764648e-01 1.806016638875007629e-02
6.501499999999350621e+03 5.818445086479187012e-01 1.708080992102622986e-02
6.502979999999350184e+03 6.024907827377319336e-01 1.760118268430233002e-02
6.504459999999349748e+03 5.980650782585144043e-01 1.776636950671672821e-02
6.505939999999349311e+03 5.814826488494873047e-01 1.737220585346221924e-02
6.507419999999348875e+03 6.153481006622314453e-01 1.738214120268821716e-02
6.508899999999348438e+03 5.826471447944641113e-01 1.688360609114170074e-02
6.510379999999348001e+03 5.832901000976562500e-01 1.695439405739307404e-02
6.511859999999347565e+03 6.012169122695922852e-01 1.724488474428653717e-02
6.513339999999347128e+03 5.724469423294067383e-01 1.702306047081947327e-02
6.514819999999346692e+03 5.417272448539733887e-01 1.655298285186290741e-02
6.516299999999346255e+03 5.548306703567504883e-01 1.653113402426242828e-02
6.517779999999345819e+03 5.628368258476257324e-01 1.661751233041286469e-02
6.519259999999345382e+03 5.419648885726928711e-01 1.645989529788494110e-02
6.520739999999344946e+03 5.849441885948181152e-01 1.732520014047622681e-02
6.522219999999344509e+03 5.936344265937805176e-01 1.755227148532867432e-02
6.523699999999344072e+03 5.830171108245849609e-01 1.721284165978431702e-02
6.525179999999343636e+03 6.113312244415283203e-01 1.737430877983570099e-02
6.526659999999343199e+03 6.126158833503723145e-01 1.726316660642623901e-02
6.528139999999342763e+03 6.032414436340332031e-01 1.709453947842121124e-02
6.529619999999342326e+03 5.871041417121887207e-01 1.726813055574893951e-02
6.531099999999341890e+03 5.842751264572143555e-01 1.823595911264419556e-02
6.532579999999341453e+03 6.037756800651550293e-01 1.892272196710109711e-02
6.534059999999341017e+03 5.811322331428527832e-01 1.795775257050991058e-02
6.535539999999340580e+03 6.092143058776855469e-01 1.738081313669681549e-02
6.537019999999340143e+03 6.373383998870849609e-01 1.757064275443553925e-02
6.538499999999339707e+03 6.126695871353149414e-01 1.730563305318355560e-02
6.539979999999339270e+03 5.985924005508422852e-01 1.721093617379665375e-02
6.541459999999338834e+03 6.114496588706970215e-01 1.757623255252838135e-02
6.542939999999338397e+03 6.096618771553039551e-01 1.784777641296386719e-02
6.544419999999337961e+03 5.597690343856811523e-01 1.725147105753421783e-02
6.545899999999337524e+03 5.624627470970153809e-01 1.692646741867065430e-02
6.547379999999337088e+03 5.623092651367187500e-01 1.684409752488136292e-02
6.548859999999336651e+03 5.558261871337890625e-01 1.658164151012897491e-02
6.550339999999336214e+03 5.749226808547973633e-01 1.728273183107376099e-02
6.551819999999335778e+03 6.006842851638793945e-01 1.868597604334354401e-02
6.553299999999335341e+03 6.194663643836975098e-01 1.925440691411495209e-02
6.554779999999334905e+03 5.904232859611511230e-01 1.808418147265911102e-02
6.556259999999334468e+03 5.879288911819458008e-01 1.705593056976795197e-02
6.557739999999334032e+03 6.217105984687805176e-01 1.725244708359241486e-02
6.559219999999333595e+03 6.283641457557678223e-01 1.741201989352703094e-02
6.560699999999333158e+03 6.431773304939270020e-01 1.769021712243556976e-02
6.562179999999332722e+03 6.193559169769287109e-01 1.744112186133861542e-02
6.563659999999332285e+03 5.852723717689514160e-01 1.698298193514347076e-02
6.565139999999331849e+03 6.248083710670471191e-01 1.744068041443824768e-02
6.566619999999331412e+03 6.434680223464965820e-01 1.792030408978462219e-02
6.568099999999330976e+03 6.232811808586120605e-01 1.801292970776557922e-02
6.569579999999330539e+03 6.056618690490722656e-01 1.763238199055194855e-02
6.571059999999330103e+03 6.069785356521606445e-01 1.727193221449851990e-02
6.572539999999329666e+03 6.218073964118957520e-01 1.740969903767108917e-02
6.574019999999329229e+03 6.081262826919555664e-01 1.746479980647563934e-02
6.575499999999328793e+03 6.123273372650146484e-01 1.829559169709682465e-02
6.576979999999328356e+03 6.370521783828735352e-01 1.895667240023612976e-02
6.578459999999327920e+03 5.924618840217590332e-01 1.784682087600231171e-02
6.579939999999327483e+03 5.803694128990173340e-01 1.700711622834205627e-02
6.581419999999327047e+03 5.680153369903564453e-01 1.673668064177036285e-02
6.582899999999326610e+03 5.654853582382202148e-01 1.680184528231620789e-02
6.584379999999326174e+03 5.743930339813232422e-01 1.684181019663810730e-02
6.585859999999325737e+03 5.944860577583312988e-01 1.712656952440738678e-02
6.587339999999325300e+03 5.831400156021118164e-01 1.690088026225566864e-02
6.588819999999324864e+03 5.976716279983520508e-01 1.707962714135646820e-02
6.590299999999324427e+03 6.114575266838073730e-01 1.727482490241527557e-02
6.591779999999323991e+03 6.152163743972778320e-01 1.730913482606410980e-02
6.593259999999323554e+03 6.076235175132751465e-01 1.725032180547714233e-02
6.594739999999323118e+03 6.138527393341064453e-01 1.750871911644935608e-02
6.596219999999322681e+03 6.388159394264221191e-01 1.788173429667949677e-02
6.597699999999322245e+03 6.360757946968078613e-01 1.764918118715286255e-02
6.599179999999321808e+03 5.980442762374877930e-01 1.707333885133266449e-02
6.600659999999321371e+03 5.843774080276489258e-01 1.709116995334625244e-02
6.602139999999320935e+03 6.071172952651977539e-01 1.781695522367954254e-02
6.603619999999320498e+03 5.909696817398071289e-01 1.783582009375095367e-02
6.605099999999320062e+03 5.672369003295898438e-01 1.723991520702838898e-02
6.606579999999319625e+03 5.999563336372375488e-01 1.715181022882461548e-02
6.608059999999319189e+03 5.920531153678894043e-01 1.699993945658206940e-02
6.609539999999318752e+03 6.203582286834716797e-01 1.734482869505882263e-02
6.611019999999318316e+03 6.173779368400573730e-01 1.728283427655696869e-02
6.612499999999317879e+03 6.115169525146484375e-01 1.715452410280704498e-02
6.613979999999317442e+03 6.070575714111328125e-01 1.717325672507286072e-02
6.615459999999317006e+03 6.073521375656127930e-01 1.715222373604774475e-02
6.616939999999316569e+03 6.264624595642089844e-01 1.738569326698780060e-02
6.618419999999316133e+03 6.162026524543762207e-01 1.735521666705608368e-02
6.619899999999315696e+03 6.222839355468750000e-01 1.739377714693546295e-02
6.621379999999315260e+03 6.073987483978271484e-01 1.722085662186145782e-02
6.622859999999314823e+03 5.992701053619384766e-01 1.705487817525863647e-02
6.624339999999314387e+03 5.698707699775695801e-01 1.673511415719985962e-02
6.625819999999313950e+03 5.743530988693237305e-01 1.691989973187446594e-02
6.627299999999313513e+03 6.035690307617187500e-01 1.727372221648693085e-02
6.628779999999313077e+03 5.875899195671081543e-01 1.695093326270580292e-02
6.630259999999312640e+03 6.159631013870239258e-01 1.730506680905818939e-02
6.631739999999312204e+03 6.365150213241577148e-01 1.771216094493865967e-02
6.633219999999311767e+03 5.990006327629089355e-01 1.736367121338844299e-02
6.634699999999311331e+03 6.116172075271606445e-01 1.748679578304290771e-02
6.636179999999310894e+03 6.195077896118164062e-01 1.743798702955245972e-02
6.637659999999310457e+03 6.305643916130065918e-01 1.750624552369117737e-02
6.639139999999310021e+03 6.546362638473510742e-01 1.775989867746829987e-02
6.640619999999309584e+03 6.358960270881652832e-01 1.752861775457859039e-02
6.642099999999309148e+03 6.406733393669128418e-01 1.754084601998329163e-02
6.643579999999308711e+03 6.235731840133666992e-01 1.732868328690528870e-02
6.645059999999308275e+03 6.039390563964843750e-01 1.706404052674770355e-02
6.646539999999307838e+03 6.320433020591735840e-01 1.745876111090183258e-02
6.648019999999307402e+03 6.405599117279052734e-01 1.757794804871082306e-02
6.649499999999306965e+03 6.293147206306457520e-01 1.745268143713474274e-02
6.650979999999306528e+03 6.043911576271057129e-01 1.719197072088718414e-02
6.652459999999306092e+03 6.530079245567321777e-01 1.775842718780040741e-02
6.653939999999305655e+03 6.726281642913818359e-01 1.794034242630004883e-02
6.655419999999305219e+03 6.132437586784362793e-01 1.727999746799468994e-02
6.656899999999304782e+03 6.196984648704528809e-01 1.735054887831211090e-02
6.658379999999304346e+03 6.277872920036315918e-01 1.734906248748302460e-02
6.659859999999303909e+03 6.394500136375427246e-01 2.763866819441318512e-02
6.661339999999303473e+03 6.398596167564392090e-01 3.188738599419593811e-02
6.662819999999303036e+03 6.073814630508422852e-01 2.267101034522056580e-02
6.664299999999302599e+03 6.077051162719726562e-01 1.719288900494575500e-02
6.665779999999302163e+03 6.051686406135559082e-01 1.725270040333271027e-02
6.667259999999301726e+03 5.993840694427490234e-01 1.726619899272918701e-02
6.668739999999301290e+03 6.016064286231994629e-01 1.727542467415332794e-02
6.670219999999300853e+03 6.090533137321472168e-01 1.718392968177795410e-02
6.671699999999300417e+03 6.423182487487792969e-01 1.759892143309116364e-02
6.673179999999299980e+03 6.150889992713928223e-01 1.723327487707138062e-02
6.674659999999299544e+03 5.986369848251342773e-01 1.700982451438903809e-02
6.676139999999299107e+03 6.322510838508605957e-01 1.738742552697658539e-02
6.677619999999298670e+03 6.091504693031311035e-01 1.714175380766391754e-02
6.679099999999298234e+03 6.106114983558654785e-01 1.715896837413311005e-02
6.680579999999297797e+03 6.252298355102539062e-01 1.737584173679351807e-02
6.682059999999297361e+03 6.108105778694152832e-01 1.717382669448852539e-02
6.683539999999296924e+03 6.477700471878051758e-01 2.172769233584403992e-02
6.685019999999296488e+03 6.582731604576110840e-01 2.702680416405200958e-02
6.686499999999296051e+03 6.231988668441772461e-01 2.086853049695491791e-02
6.687979999999295615e+03 5.955339670181274414e-01 1.698703318834304810e-02
6.689459999999295178e+03 6.236910820007324219e-01 1.736021041870117188e-02
6.690939999999294741e+03 6.372019052505493164e-01 1.749902218580245972e-02
6.692419999999294305e+03 6.499353647232055664e-01 1.763530634343624115e-02
6.693899999999293868e+03 6.718119382858276367e-01 1.785403862595558167e-02
6.695379999999293432e+03 6.572591662406921387e-01 1.771199516952037811e-02
6.696859999999292995e+03 6.334974169731140137e-01 1.751670986413955688e-02
6.698339999999292559e+03 6.424252986907958984e-01 1.764663867652416229e-02
6.699819999999292122e+03 6.403536200523376465e-01 1.766728609800338745e-02
6.701299999999291686e+03 6.211568713188171387e-01 1.745055802166461945e-02
6.702779999999291249e+03 6.366141438484191895e-01 1.754047535359859467e-02
6.704259999999290812e+03 6.184002757072448730e-01 1.733654364943504333e-02
6.705739999999290376e+03 6.194084286689758301e-01 1.727719791233539581e-02
6.707219999999289939e+03 6.095484495162963867e-01 1.720205508172512054e-02
6.708699999999289503e+03 6.266404986381530762e-01 1.737158931791782379e-02
6.710179999999289066e+03 6.387244462966918945e-01 1.750338263809680939e-02
6.711659999999288630e+03 6.346242427825927734e-01 1.746654696762561798e-02
6.713139999999288193e+03 6.362460851669311523e-01 1.749737933278083801e-02
6.714619999999287757e+03 6.177616119384765625e-01 1.733691059052944183e-02
6.716099999999287320e+03 6.202838420867919922e-01 1.735705509781837463e-02
6.717579999999286883e+03 6.301707625389099121e-01 1.743293739855289459e-02
6.719059999999286447e+03 6.292963624000549316e-01 1.739592663943767548e-02
6.720539999999286010e+03 6.166629791259765625e-01 1.722996495664119720e-02
6.722019999999285574e+03 6.149591207504272461e-01 1.717302203178405762e-02
6.723499999999285137e+03 6.047828197479248047e-01 1.704171113669872284e-02
6.724979999999284701e+03 6.113895773887634277e-01 1.713666319847106934e-02
6.726459999999284264e+03 6.235011816024780273e-01 1.727947220206260681e-02
6.727939999999283827e+03 6.390832662582397461e-01 1.750247366726398468e-02
6.729419999999283391e+03 6.599851846694946289e-01 1.780137978494167328e-02
6.730899999999282954e+03 6.413441896438598633e-01 1.754745654761791229e-02
6.732379999999282518e+03 6.033372879028320312e-01 1.711003296077251434e-02
6.733859999999282081e+03 6.029415726661682129e-01 1.707866415381431580e-02
6.735339999999281645e+03 6.641796231269836426e-01 1.772669330239295959e-02
6.736819999999281208e+03 6.462709903717041016e-01 1.755377650260925293e-02
6.738299999999280772e+03 6.177558302879333496e-01 1.737284287810325623e-02
6.739779999999280335e+03 6.434411406517028809e-01 1.752078533172607422e-02
6.741259999999279898e+03 6.359052658081054688e-01 1.748861372470855713e-02
6.742739999999279462e+03 6.325625181198120117e-01 1.744704693555831909e-02
6.744219999999279025e+03 6.420642137527465820e-01 1.762966997921466827e-02
6.745699999999278589e+03 6.511169672012329102e-01 1.767885312438011169e-02
6.747179999999278152e+03 6.400455236434936523e-01 1.754063181579113007e-02
6.748659999999277716e+03 6.335126161575317383e-01 1.745916157960891724e-02
6.750139999999277279e+03 6.348811388015747070e-01 1.741278730332851410e-02
6.751619999999276843e+03 6.310707330703735352e-01 1.734343916177749634e-02
6.753099999999276406e+03 6.205580830574035645e-01 1.726794242858886719e-02
6.754579999999275969e+03 6.224672198295593262e-01 1.729145459830760956e-02
6.756059999999275533e+03 6.225734353065490723e-01 1.723623834550380707e-02
6.757539999999275096e+03 6.174424290657043457e-01 1.719233021140098572e-02
6.759019999999274660e+03 6.203977465629577637e-01 1.729982718825340271e-02
6.760499999999274223e+03 6.199287772178649902e-01 1.730533130466938019e-02
6.761979999999273787e+03 6.150233745574951172e-01 1.724849641323089600e-02
6.763459999999273350e+03 6.193249225616455078e-01 1.725402101874351501e-02
6.764939999999272914e+03 6.238185167312622070e-01 1.723698340356349945e-02
6.766419999999272477e+03 5.872890353202819824e-01 1.683294959366321564e-02
6.767899999999272040e+03 5.660137534141540527e-01 1.655296608805656433e-02
6.769379999999271604e+03 6.060664057731628418e-01 1.703462749719619751e-02
6.770859999999271167e+03 5.435003638267517090e-01 1.622359454631805420e-02
6.772339999999270731e+03 6.017706394195556641e-01 1.701639220118522644e-02
6.773819999999270294e+03 6.303291916847229004e-01 1.738071069121360779e-02
6.775299999999269858e+03 6.105331182479858398e-01 1.718736998736858368e-02
6.776779999999269421e+03 6.387209892272949219e-01 1.745239458978176117e-02
6.778259999999268985e+03 6.391384601593017578e-01 1.744750514626502991e-02
6.779739999999268548e+03 6.369716525077819824e-01 1.741636730730533600e-02
6.781219999999268111e+03 6.554729342460632324e-01 1.759603619575500488e-02
6.782699999999267675e+03 6.509406566619873047e-01 1.757152006030082703e-02
6.784179999999267238e+03 6.378212571144104004e-01 1.741446740925312042e-02
6.785659999999266802e+03 6.579893827438354492e-01 1.765087619423866272e-02
6.787139999999266365e+03 6.664854884147644043e-01 1.778115704655647278e-02
6.788619999999265929e+03 6.346625685691833496e-01 1.744760386645793915e-02
6.790099999999265492e+03 6.181058883666992188e-01 1.723797805607318878e-02
6.791579999999265056e+03 6.166281104087829590e-01 1.720023527741432190e-02
6.793059999999264619e+03 6.329957246780395508e-01 1.734621822834014893e-02
6.794539999999264182e+03 6.373760104179382324e-01 1.733654364943504333e-02
6.796019999999263746e+03 6.292773485183715820e-01 1.728383824229240417e-02
6.797499999999263309e+03 6.267522573471069336e-01 1.727585121989250183e-02
6.798979999999262873e+03 6.600939035415649414e-01 1.766485720872879028e-02
6.800459999999262436e+03 6.325490474700927734e-01 1.729461364448070526e-02
6.801939999999262000e+03 6.387104988098144531e-01 1.742226071655750275e-02
6.803419999999261563e+03 6.271536350250244141e-01 1.731323637068271637e-02
6.804899999999261127e+03 5.890508294105529785e-01 1.686938665807247162e-02
6.806379999999260690e+03 6.387860774993896484e-01 1.745265722274780273e-02
6.807859999999260253e+03 6.247283220291137695e-01 1.725069247186183929e-02
6.809339999999259817e+03 6.229327917098999023e-01 1.722744666039943695e-02
6.810819999999259380e+03 6.546753644943237305e-01 1.762705855071544647e-02
6.812299999999258944e+03 6.498430371284484863e-01 1.754239201545715332e-02
6.813779999999258507e+03 6.392040848731994629e-01 1.738791354000568390e-02
6.815259999999258071e+03 6.451981663703918457e-01 1.749726012349128723e-02
6.816739999999257634e+03 6.450832486152648926e-01 1.748597249388694763e-02
6.818219999999257197e+03 6.479079127311706543e-01 1.750752329826354980e-02
6.819699999999256761e+03 6.991973519325256348e-01 1.812069304287433624e-02
6.821179999999256324e+03 7.447116971015930176e-01 1.862772740423679352e-02
6.822659999999255888e+03 7.693334817886352539e-01 1.895091682672500610e-02
6.824139999999255451e+03 7.738702297210693359e-01 1.917273178696632385e-02
6.825619999999255015e+03 6.932865977287292480e-01 1.908297836780548096e-02
6.827099999999254578e+03 6.835972070693969727e-01 2.032873593270778656e-02
6.828579999999254142e+03 6.321906447410583496e-01 2.006070874631404877e-02
6.830059999999253705e+03 5.827469229698181152e-01 1.859717816114425659e-02
6.831539999999253268e+03 5.457200407981872559e-01 1.841639354825019836e-02
6.833019999999252832e+03 6.101362109184265137e-01 1.980712637305259705e-02
6.834499999999252395e+03 8.294864892959594727e-01 2.142561227083206177e-02
6.835979999999251959e+03 1.413597822189331055e+00 2.543492615222930908e-02
6.837459999999251522e+03 2.022577524185180664e+00 2.952777966856956482e-02
6.838939999999251086e+03 2.074568271636962891e+00 2.996007725596427917e-02
6.840419999999250649e+03 1.469326019287109375e+00 2.574141882359981537e-02
6.841899999999250213e+03 8.470609784126281738e-01 2.013893425464630127e-02
6.843379999999249776e+03 5.900996327400207520e-01 1.701266132295131683e-02
6.844859999999249339e+03 5.861700773239135742e-01 1.682624779641628265e-02
6.846339999999248903e+03 6.207246780395507812e-01 1.714757829904556274e-02
6.847819999999248466e+03 5.902209281921386719e-01 1.685274019837379456e-02
6.849299999999248030e+03 5.889673829078674316e-01 2.144462056457996368e-02
6.850779999999247593e+03 6.243079900741577148e-01 3.010661154985427856e-02
6.852259999999247157e+03 6.423916220664978027e-01 2.188251912593841553e-02
6.853739999999246720e+03 6.527380943298339844e-01 1.749370992183685303e-02
6.855219999999246284e+03 7.016700506210327148e-01 1.804258860647678375e-02
6.856699999999245847e+03 8.041404485702514648e-01 1.914887316524982452e-02
6.858179999999245410e+03 1.021327018737792969e+00 2.141181007027626038e-02
6.859659999999244974e+03 1.157874703407287598e+00 2.287358976900577545e-02
6.861139999999244537e+03 1.047902584075927734e+00 2.395347133278846741e-02
6.862619999999244101e+03 8.654373884201049805e-01 2.402210235595703125e-02
6.864099999999243664e+03 6.778467893600463867e-01 2.157457917928695679e-02
6.865579999999243228e+03 5.301354527473449707e-01 1.724152639508247375e-02
6.867059999999242791e+03 4.464995563030242920e-01 1.490842923521995544e-02
6.868539999999242355e+03 4.432314038276672363e-01 1.506312936544418335e-02
6.870019999999241918e+03 4.613670408725738525e-01 1.556839048862457275e-02
6.871499999999241481e+03 4.661009311676025391e-01 1.538401003926992416e-02
6.872979999999241045e+03 4.770503938198089600e-01 1.522675901651382446e-02
6.874459999999240608e+03 4.982106089591979980e-01 1.547615602612495422e-02
6.875939999999240172e+03 5.298247933387756348e-01 1.585776545107364655e-02
6.877419999999239735e+03 5.389916896820068359e-01 1.617495156824588776e-02
6.878899999999239299e+03 5.624840855598449707e-01 1.684591174125671387e-02
6.880379999999238862e+03 5.951271653175354004e-01 1.742603816092014313e-02
6.881859999999238426e+03 5.694481134414672852e-01 1.680770702660083771e-02
6.883339999999237989e+03 5.724550485610961914e-01 1.659604907035827637e-02
6.884819999999237552e+03 5.521218776702880859e-01 1.626307144761085510e-02
6.886299999999237116e+03 5.334276556968688965e-01 1.647001132369041443e-02
6.887779999999236679e+03 5.503258109092712402e-01 1.723950169980525970e-02
6.889259999999236243e+03 5.682078003883361816e-01 1.738217659294605255e-02
6.890739999999235806e+03 5.544574260711669922e-01 1.659276150166988373e-02
6.892219999999235370e+03 5.753523707389831543e-01 1.657033339142799377e-02
6.893699999999234933e+03 5.769653916358947754e-01 1.662370003759860992e-02
6.895179999999234496e+03 5.510187745094299316e-01 1.619705185294151306e-02
6.896659999999234060e+03 5.687912106513977051e-01 1.649722829461097717e-02
6.898139999999233623e+03 6.110383272171020508e-01 1.757178269326686859e-02
6.899619999999233187e+03 6.072893142700195312e-01 1.795914210379123688e-02
6.901099999999232750e+03 5.946162939071655273e-01 2.355185896158218384e-02
6.902579999999232314e+03 5.885030031204223633e-01 2.718450874090194702e-02
6.904059999999231877e+03 5.720917582511901855e-01 1.659947074949741364e-02
6.905539999999231441e+03 6.099938750267028809e-01 1.688335463404655457e-02
6.907019999999231004e+03 5.686472058296203613e-01 1.638967357575893402e-02
6.908499999999230567e+03 5.758534669876098633e-01 1.662346534430980682e-02
6.909979999999230131e+03 6.116273403167724609e-01 1.780038326978683472e-02
6.911459999999229694e+03 6.044831275939941406e-01 1.837531477212905884e-02
6.912939999999229258e+03 5.749788880348205566e-01 1.763798855245113373e-02
6.914419999999228821e+03 5.930844545364379883e-01 1.706101745367050171e-02
6.915899999999228385e+03 6.032376289367675781e-01 1.685222983360290527e-02
6.917379999999227948e+03 6.189257502555847168e-01 1.704766228795051575e-02
6.918859999999227512e+03 6.063584089279174805e-01 1.692034676671028137e-02
6.920339999999227075e+03 6.214487552642822266e-01 1.850791275501251221e-02
6.921819999999226638e+03 6.268844008445739746e-01 1.980317570269107819e-02
6.923299999999226202e+03 6.058423519134521484e-01 1.921240240335464478e-02
6.924779999999225765e+03 6.040917634963989258e-01 1.767119206488132477e-02
6.926259999999225329e+03 6.177622079849243164e-01 1.710180006921291351e-02
6.927739999999224892e+03 6.282459497451782227e-01 1.726572960615158081e-02
6.929219999999224456e+03 6.175016164779663086e-01 1.713273487985134125e-02
6.930699999999224019e+03 5.974628329277038574e-01 1.680985838174819946e-02
6.932179999999223583e+03 5.934027433395385742e-01 1.678351499140262604e-02
6.933659999999223146e+03 6.271507143974304199e-01 1.716773398220539093e-02
6.935139999999222709e+03 6.196255087852478027e-01 1.710155792534351349e-02
6.936619999999222273e+03 5.948491096496582031e-01 1.736181974411010742e-02
6.938099999999221836e+03 6.100196838378906250e-01 1.824818365275859833e-02
6.939579999999221400e+03 5.895938277244567871e-01 1.785311475396156311e-02
6.941059999999220963e+03 5.894088745117187500e-01 1.714039035141468048e-02
6.942539999999220527e+03 5.856137871742248535e-01 1.675455272197723389e-02
6.944019999999220090e+03 5.904996991157531738e-01 1.666920259594917297e-02
6.945499999999219654e+03 5.887997150421142578e-01 1.732066273689270020e-02
6.946979999999219217e+03 6.460665464401245117e-01 1.984809152781963348e-02
6.948459999999218780e+03 6.767879724502563477e-01 2.058961801230907440e-02
6.949939999999218344e+03 6.275677680969238281e-01 1.894651539623737335e-02
6.951419999999217907e+03 6.014373302459716797e-01 1.720298081636428833e-02
6.952899999999217471e+03 6.061079502105712891e-01 1.697681099176406860e-02
6.954379999999217034e+03 5.886330008506774902e-01 1.684363372623920441e-02
6.955859999999216598e+03 6.035822629928588867e-01 1.707480475306510925e-02
6.957339999999216161e+03 6.409644484519958496e-01 1.743791811168193817e-02
6.958819999999215725e+03 6.062249541282653809e-01 1.699501276016235352e-02
6.960299999999215288e+03 6.162618398666381836e-01 1.710638403892517090e-02
6.961779999999214851e+03 6.416831612586975098e-01 1.732586324214935303e-02
6.963259999999214415e+03 5.957102179527282715e-01 1.681687124073505402e-02
6.964739999999213978e+03 6.348968744277954102e-01 1.737464778125286102e-02
6.966219999999213542e+03 6.150751709938049316e-01 1.724604144692420959e-02
6.967699999999213105e+03 6.165549755096435547e-01 1.777966879308223724e-02
6.969179999999212669e+03 6.278169155120849609e-01 1.810646615922451019e-02
6.970659999999212232e+03 6.208016872406005859e-01 1.764696650207042694e-02
6.972139999999211796e+03 6.373966932296752930e-01 1.743070967495441437e-02
6.973619999999211359e+03 6.604288816452026367e-01 1.753767766058444977e-02
6.975099999999210922e+03 6.275478005409240723e-01 1.774754747748374939e-02
6.976579999999210486e+03 6.002986431121826172e-01 1.844011247158050537e-02
6.978059999999210049e+03 6.336436271667480469e-01 1.887418702244758606e-02
6.979539999999209613e+03 6.332947015762329102e-01 1.809136569499969482e-02
6.981019999999209176e+03 6.061891317367553711e-01 1.709512248635292053e-02
6.982499999999208740e+03 6.306673288345336914e-01 1.734020188450813293e-02
6.983979999999208303e+03 6.374791860580444336e-01 1.742031611502170563e-02
6.985459999999207866e+03 6.169436573982238770e-01 1.715816929936408997e-02
6.986939999999207430e+03 6.235594153404235840e-01 1.719739846885204315e-02
6.988419999999206993e+03 6.247153282165527344e-01 1.720436848700046539e-02
6.989899999999206557e+03 6.147016286849975586e-01 1.701050810515880585e-02
6.991379999999206120e+03 5.825041532516479492e-01 1.668440923094749451e-02
6.992859999999205684e+03 6.014514565467834473e-01 1.689077354967594147e-02
6.994339999999205247e+03 6.548244953155517578e-01 1.760323718190193176e-02
6.995819999999204811e+03 6.818332076072692871e-01 1.791809871792793274e-02
6.997299999999204374e+03 7.380499839782714844e-01 1.848507486283779144e-02
6.998779999999203937e+03 7.726639509201049805e-01 1.884799264371395111e-02
7.000259999999203501e+03 7.387754321098327637e-01 1.859882473945617676e-02
7.001739999999203064e+03 6.574876904487609863e-01 1.791046559810638428e-02
7.003219999999202628e+03 5.938012599945068359e-01 1.729212887585163116e-02
7.004699999999202191e+03 5.885565280914306641e-01 1.701903529465198517e-02
7.006179999999201755e+03 5.988519191741943359e-01 1.678695157170295715e-02
7.007659999999201318e+03 5.858897566795349121e-01 1.685156114399433136e-02
7.009139999999200882e+03 6.033822298049926758e-01 1.761738769710063934e-02
7.010619999999200445e+03 6.964405179023742676e-01 1.884706132113933563e-02
7.012099999999200008e+03 7.242015600204467773e-01 1.874303258955478668e-02
7.013579999999199572e+03 7.613855004310607910e-01 1.871083118021488190e-02
7.015059999999199135e+03 7.112773656845092773e-01 1.808472536504268646e-02
7.016539999999198699e+03 6.397160887718200684e-01 1.727967523038387299e-02
7.018019999999198262e+03 5.943964719772338867e-01 1.681220345199108124e-02
7.019499999999197826e+03 6.125749349594116211e-01 1.701233908534049988e-02
7.020979999999197389e+03 5.998464822769165039e-01 1.687573641538619995e-02
7.022459999999196953e+03 5.850074887275695801e-01 1.664010807871818542e-02
7.023939999999196516e+03 6.406601071357727051e-01 1.725196279585361481e-02
7.025419999999196079e+03 6.451173424720764160e-01 1.734379678964614868e-02
7.026899999999195643e+03 6.120634675025939941e-01 1.702327467501163483e-02
7.028379999999195206e+03 6.015506982803344727e-01 1.693449355661869049e-02
7.029859999999194770e+03 5.865134596824645996e-01 1.678229682147502899e-02
7.031339999999194333e+03 5.940421223640441895e-01 1.683733612298965454e-02
7.032819999999193897e+03 6.038537025451660156e-01 1.692620478570461273e-02
7.034299999999193460e+03 6.007949709892272949e-01 1.682896725833415985e-02
7.035779999999193024e+03 5.823436379432678223e-01 1.659212075173854828e-02
7.037259999999192587e+03 6.152955889701843262e-01 1.703103631734848022e-02
7.038739999999192150e+03 5.904595255851745605e-01 1.685029640793800354e-02
7.040219999999191714e+03 6.263082027435302734e-01 1.742471568286418915e-02
7.041699999999191277e+03 6.167083978652954102e-01 1.731671206653118134e-02
7.043179999999190841e+03 6.030707359313964844e-01 1.711033843457698822e-02
7.044659999999190404e+03 6.246800422668457031e-01 1.747380383312702179e-02
7.046139999999189968e+03 6.370400190353393555e-01 1.800170354545116425e-02
7.047619999999189531e+03 6.326766610145568848e-01 1.808093674480915070e-02
7.049099999999189095e+03 6.072455644607543945e-01 1.757498644292354584e-02
7.050579999999188658e+03 6.030878424644470215e-01 1.727711036801338196e-02
7.052059999999188221e+03 6.258108615875244141e-01 1.743320375680923462e-02
7.053539999999187785e+03 5.958497524261474609e-01 1.703115925192832947e-02
7.055019999999187348e+03 5.839983224868774414e-01 1.685964688658714294e-02
7.056499999999186912e+03 6.263645291328430176e-01 1.732716895639896393e-02
7.057979999999186475e+03 5.994732379913330078e-01 1.696912571787834167e-02
7.059459999999186039e+03 6.129488945007324219e-01 1.713410951197147369e-02
7.060939999999185602e+03 6.096491813659667969e-01 1.711924560368061066e-02
7.062419999999185166e+03 6.291759014129638672e-01 1.741884462535381317e-02
7.063899999999184729e+03 6.458151936531066895e-01 1.760124787688255310e-02
7.065379999999184292e+03 6.298156976699829102e-01 1.751555316150188446e-02
7.066859999999183856e+03 6.091611981391906738e-01 1.727325841784477234e-02
7.068339999999183419e+03 5.784274339675903320e-01 1.694338023662567139e-02
7.069819999999182983e+03 5.939695239067077637e-01 1.706938631832599640e-02
7.071299999999182546e+03 6.127381920814514160e-01 1.723621785640716553e-02
7.072779999999182110e+03 6.178740859031677246e-01 1.726781949400901794e-02
7.074259999999181673e+03 6.217731237411499023e-01 1.727015525102615356e-02
7.075739999999181236e+03 6.105411052703857422e-01 1.722212322056293488e-02
7.077219999999180800e+03 6.025052666664123535e-01 1.715732552111148834e-02
7.078699999999180363e+03 6.109097599983215332e-01 1.720653101801872253e-02
7.080179999999179927e+03 5.996034741401672363e-01 1.717078872025012970e-02
7.081659999999179490e+03 5.995196104049682617e-01 1.721099019050598145e-02
7.083139999999179054e+03 6.201801896095275879e-01 1.735413074493408203e-02
7.084619999999178617e+03 5.872558951377868652e-01 1.690378040075302124e-02
7.086099999999178181e+03 6.001281738281250000e-01 1.713128946721553802e-02
7.087579999999177744e+03 6.060115098953247070e-01 1.735190488398075104e-02
7.089059999999177307e+03 6.449774503707885742e-01 1.775490865111351013e-02
7.090539999999176871e+03 6.300511360168457031e-01 1.746598631143569946e-02
7.092019999999176434e+03 6.255945563316345215e-01 1.731411181390285492e-02
7.093499999999175998e+03 5.997987389564514160e-01 1.700839027762413025e-02
7.094979999999175561e+03 6.340869665145874023e-01 1.736237481236457825e-02
7.096459999999175125e+03 6.418541669845581055e-01 1.739582419395446777e-02
