4.300739999999999782e+03 -4.000000000000000000e+00 2.000000000000000000e+00
4.302219999999999345e+03 -4.000000000000000000e+00 2.000000000000000000e+00
4.303699999999998909e+03 -4.000000000000000000e+00 2.000000000000000000e+00
4.305179999999998472e+03 -4.000000000000000000e+00 2.000000000000000000e+00
4.306659999999998035e+03 -4.000000000000000000e+00 2.000000000000000000e+00
4.308139999999997599e+03 -4.000000000000000000e+00 2.000000000000000000e+00
4.309619999999997162e+03 -4.000000000000000000e+00 2.000000000000000000e+00
4.311099999999996726e+03 -4.000000000000000000e+00 2.000000000000000000e+00
4.312579999999996289e+03 -4.000000000000000000e+00 2.000000000000000000e+00
4.314059999999995853e+03 -4.000000000000000000e+00 2.000000000000000000e+00
4.315539999999995416e+03 -4.000000000000000000e+00 2.000000000000000000e+00
4.317019999999994980e+03 -4.000000000000000000e+00 2.000000000000000000e+00
4.318499999999994543e+03 -4.000000000000000000e+00 2.000000000000000000e+00
4.319979999999994106e+03 -4.000000000000000000e+00 2.000000000000000000e+00
4.321459999999993670e+03 -4.000000000000000000e+00 2.000000000000000000e+00
4.322939999999993233e+03 -4.000000000000000000e+00 2.000000000000000000e+00
4.324419999999992797e+03 -4.000000000000000000e+00 2.000000000000000000e+00
4.325899999999992360e+03 -4.000000000000000000e+00 2.000000000000000000e+00
4.327379999999991924e+03 -4.000000000000000000e+00 2.000000000000000000e+00
4.328859999999991487e+03 -4.000000000000000000e+00 2.000000000000000000e+00
4.330339999999991051e+03 -4.000000000000000000e+00 2.000000000000000000e+00
4.331819999999990614e+03 -4.000000000000000000e+00 2.000000000000000000e+00
4.333299999999990177e+03 -4.000000000000000000e+00 2.000000000000000000e+00
4.334779999999989741e+03 -4.000000000000000000e+00 2.000000000000000000e+00
4.336259999999989304e+03 -4.000000000000000000e+00 2.000000000000000000e+00
4.337739999999988868e+03 -4.000000000000000000e+00 2.000000000000000000e+00
4.339219999999988431e+03 -4.000000000000000000e+00 2.000000000000000000e+00
4.340699999999987995e+03 -4.000000000000000000e+00 2.000000000000000000e+00
4.342179999999987558e+03 -4.000000000000000000e+00 2.000000000000000000e+00
4.343659999999987122e+03 -4.000000000000000000e+00 2.000000000000000000e+00
4.345139999999986685e+03 -4.000000000000000000e+00 2.000000000000000000e+00
4.346619999999986248e+03 -4.000000000000000000e+00 2.000000000000000000e+00
4.348099999999985812e+03 -4.000000000000000000e+00 2.000000000000000000e+00
4.349579999999985375e+03 -4.000000000000000000e+00 2.000000000000000000e+00
4.351059999999984939e+03 -4.000000000000000000e+00 2.000000000000000000e+00
4.352539999999984502e+03 -4.000000000000000000e+00 2.000000000000000000e+00
4.354019999999984066e+03 -4.000000000000000000e+00 2.000000000000000000e+00
4.355499999999983629e+03 -4.000000000000000000e+00 2.000000000000000000e+00
4.356979999999983193e+03 -4.000000000000000000e+00 2.000000000000000000e+00
4.358459999999982756e+03 -4.000000000000000000e+00 2.000000000000000000e+00
4.359939999999982319e+03 -4.000000000000000000e+00 2.000000000000000000e+00
4.361419999999981883e+03 -4.000000000000000000e+00 2.000000000000000000e+00
4.362899999999981446e+03 -4.000000000000000000e+00 2.000000000000000000e+00
4.364379999999981010e+03 -4.000000000000000000e+00 2.000000000000000000e+00
4.365859999999980573e+03 -4.000000000000000000e+00 2.000000000000000000e+00
4.367339999999980137e+03 -4.000000000000000000e+00 2.000000000000000000e+00
4.368819999999979700e+03 -4.000000000000000000e+00 2.000000000000000000e+00
4.370299999999979264e+03 -4.000000000000000000e+00 2.000000000000000000e+00
4.371779999999978827e+03 -4.000000000000000000e+00 2.000000000000000000e+00
4.373259999999978390e+03 -4.000000000000000000e+00 2.000000000000000000e+00
4.374739999999977954e+03 -4.000000000000000000e+00 2.000000000000000000e+00
4.376219999999977517e+03 -4.000000000000000000e+00 2.000000000000000000e+00
4.377699999999977081e+03 -4.000000000000000000e+00 2.000000000000000000e+00
4.379179999999976644e+03 -4.000000000000000000e+00 2.000000000000000000e+00
4.380659999999976208e+03 -4.000000000000000000e+00 2.000000000000000000e+00
4.382139999999975771e+03 -4.000000000000000000e+00 2.000000000000000000e+00
4.383619999999975335e+03 -4.000000000000000000e+00 2.000000000000000000e+00
4.385099999999974898e+03 -4.000000000000000000e+00 2.000000000000000000e+00
4.386579999999974461e+03 -4.000000000000000000e+00 2.000000000000000000e+00
4.388059999999974025e+03 -4.000000000000000000e+00 2.000000000000000000e+00
4.389539999999973588e+03 -4.000000000000000000e+00 2.000000000000000000e+00
4.391019999999973152e+03 -4.000000000000000000e+00 2.000000000000000000e+00
4.392499999999972715e+03 -4.000000000000000000e+00 2.000000000000000000e+00
4.393979999999972279e+03 -4.000000000000000000e+00 2.000000000000000000e+00
4.395459999999971842e+03 -4.000000000000000000e+00 2.000000000000000000e+00
4.396939999999971405e+03 -4.000000000000000000e+00 2.000000000000000000e+00
4.398419999999970969e+03 -4.000000000000000000e+00 2.000000000000000000e+00
4.399899999999970532e+03 -4.000000000000000000e+00 2.000000000000000000e+00
4.401379999999970096e+03 -4.000000000000000000e+00 2.000000000000000000e+00
4.402859999999969659e+03 -4.000000000000000000e+00 2.000000000000000000e+00
4.404339999999969223e+03 -4.000000000000000000e+00 2.000000000000000000e+00
4.405819999999968786e+03 -4.000000000000000000e+00 2.000000000000000000e+00
4.407299999999968350e+03 -4.000000000000000000e+00 2.000000000000000000e+00
4.408779999999967913e+03 -4.000000000000000000e+00 2.000000000000000000e+00
4.410259999999967476e+03 -4.000000000000000000e+00 2.000000000000000000e+00
4.411739999999967040e+03 -4.000000000000000000e+00 2.000000000000000000e+00
4.413219999999966603e+03 -4.000000000000000000e+00 2.000000000000000000e+00
4.414699999999966167e+03 -4.000000000000000000e+00 2.000000000000000000e+00
4.416179999999965730e+03 -4.000000000000000000e+00 2.000000000000000000e+00
4.417659999999965294e+03 -4.000000000000000000e+00 2.000000000000000000e+00
4.419139999999964857e+03 -4.000000000000000000e+00 2.000000000000000000e+00
4.420619999999964421e+03 -4.000000000000000000e+00 2.000000000000000000e+00
4.422099999999963984e+03 -4.000000000000000000e+00 2.000000000000000000e+00
4.423579999999963547e+03 -4.000000000000000000e+00 2.000000000000000000e+00
4.425059999999963111e+03 -4.000000000000000000e+00 2.000000000000000000e+00
4.426539999999962674e+03 -4.000000000000000000e+00 2.000000000000000000e+00
4.428019999999962238e+03 -4.000000000000000000e+00 2.000000000000000000e+00
4.429499999999961801e+03 -4.000000000000000000e+00 2.000000000000000000e+00
4.430979999999961365e+03 -4.000000000000000000e+00 2.000000000000000000e+00
4.432459999999960928e+03 -4.000000000000000000e+00 2.000000000000000000e+00
4.433939999999960492e+03 -4.000000000000000000e+00 2.000000000000000000e+00
4.435419999999960055e+03 -4.000000000000000000e+00 2.000000000000000000e+00
4.436899999999959618e+03 -4.000000000000000000e+00 2.000000000000000000e+00
4.438379999999959182e+03 -4.000000000000000000e+00 2.000000000000000000e+00
4.439859999999958745e+03 -4.000000000000000000e+00 2.000000000000000000e+00
4.441339999999958309e+03 -4.000000000000000000e+00 2.000000000000000000e+00
4.442819999999957872e+03 -4.000000000000000000e+00 2.000000000000000000e+00
4.444299999999957436e+03 -4.000000000000000000e+00 2.000000000000000000e+00
4.445779999999956999e+03 -4.000000000000000000e+00 2.000000000000000000e+00
4.447259999999956563e+03 -4.000000000000000000e+00 2.000000000000000000e+00
4.448739999999956126e+03 -4.000000000000000000e+00 2.000000000000000000e+00
4.450219999999955689e+03 -4.000000000000000000e+00 2.000000000000000000e+00
4.451699999999955253e+03 8.420262336730957031e-01 5.520141124725341797e-02
4.453179999999954816e+03 7.076243162155151367e-01 5.257814005017280579e-02
4.454659999999954380e+03 7.597769498825073242e-01 5.166520178318023682e-02
4.456139999999953943e+03 7.600364089012145996e-01 5.136723071336746216e-02
4.457619999999953507e+03 7.907460331916809082e-01 5.231626331806182861e-02
4.459099999999953070e+03 8.467799425125122070e-01 5.290386825799942017e-02
4.460579999999952634e+03 7.016708850860595703e-01 5.117563530802726746e-02
4.462059999999952197e+03 7.961082458496093750e-01 5.239365622401237488e-02
4.463539999999951760e+03 7.689684629440307617e-01 5.315968021750450134e-02
4.465019999999951324e+03 7.684600949287414551e-01 5.330945551395416260e-02
4.466499999999950887e+03 8.211770057678222656e-01 5.382069945335388184e-02
4.467979999999950451e+03 6.761673092842102051e-01 5.217202380299568176e-02
4.469459999999950014e+03 7.618317604064941406e-01 5.233239755034446716e-02
4.470939999999949578e+03 6.984078884124755859e-01 5.235935747623443604e-02
4.472419999999949141e+03 8.580648899078369141e-01 5.476136133074760437e-02
4.473899999999948704e+03 1.182375192642211914e+00 5.793865397572517395e-02
4.475379999999948268e+03 1.455818891525268555e+00 6.024013832211494446e-02
4.476859999999947831e+03 2.108792781829833984e+00 6.553979963064193726e-02
4.478339999999947395e+03 1.840347051620483398e+00 6.347003579139709473e-02
4.479819999999946958e+03 1.050483822822570801e+00 5.509609729051589966e-02
4.481299999999946522e+03 6.632475852966308594e-01 5.033626034855842590e-02
4.482779999999946085e+03 7.518624067306518555e-01 5.203318968415260315e-02
4.484259999999945649e+03 6.848192811012268066e-01 5.288715288043022156e-02
4.485739999999945212e+03 7.755941748619079590e-01 5.421543121337890625e-02
4.487219999999944775e+03 7.816587686538696289e-01 5.366733670234680176e-02
4.488699999999944339e+03 6.691961288452148438e-01 5.136593803763389587e-02
4.490179999999943902e+03 8.401408195495605469e-01 5.278638750314712524e-02
4.491659999999943466e+03 8.340666890144348145e-01 5.357174575328826904e-02
4.493139999999943029e+03 8.706220388412475586e-01 5.382452905178070068e-02
4.494619999999942593e+03 7.504458427429199219e-01 5.209689959883689880e-02
4.496099999999942156e+03 8.238952159881591797e-01 5.297726765275001526e-02
4.497579999999941720e+03 7.753601074218750000e-01 5.317073315382003784e-02
4.499059999999941283e+03 8.951517343521118164e-01 5.466762930154800415e-02
4.500539999999940846e+03 9.824809432029724121e-01 5.473043397068977356e-02
4.502019999999940410e+03 8.697426319122314453e-01 5.382831022143363953e-02
4.503499999999939973e+03 8.586629629135131836e-01 5.456582084298133850e-02
4.504979999999939537e+03 8.084411621093750000e-01 5.445226281881332397e-02
4.506459999999939100e+03 7.665379047393798828e-01 5.350039899349212646e-02
4.507939999999938664e+03 8.099915981292724609e-01 5.372430011630058289e-02
4.509419999999938227e+03 8.108150959014892578e-01 5.350195243954658508e-02
4.510899999999937791e+03 7.322657704353332520e-01 5.291079729795455933e-02
4.512379999999937354e+03 7.696059346199035645e-01 5.271087959408760071e-02
4.513859999999936917e+03 7.295674681663513184e-01 5.144369229674339294e-02
4.515339999999936481e+03 7.995100617408752441e-01 5.218842625617980957e-02
4.516819999999936044e+03 9.013338088989257812e-01 5.298032239079475403e-02
4.518299999999935608e+03 8.069407939910888672e-01 5.216313898563385010e-02
4.519779999999935171e+03 8.822038173675537109e-01 5.346948280930519104e-02
4.521259999999934735e+03 7.798007726669311523e-01 5.199215188622474670e-02
4.522739999999934298e+03 7.462775707244873047e-01 5.171631649136543274e-02
4.524219999999933862e+03 6.620298624038696289e-01 5.013692378997802734e-02
4.525699999999933425e+03 8.035199642181396484e-01 5.049279332160949707e-02
4.527179999999932988e+03 8.626075983047485352e-01 5.009943991899490356e-02
4.528659999999932552e+03 9.312649965286254883e-01 5.042865127325057983e-02
4.530139999999932115e+03 8.980281352996826172e-01 5.038135126233100891e-02
4.531619999999931679e+03 9.262926578521728516e-01 5.131020396947860718e-02
4.533099999999931242e+03 8.819241523742675781e-01 5.072258412837982178e-02
4.534579999999930806e+03 8.090381622314453125e-01 4.948981106281280518e-02
4.536059999999930369e+03 8.091769814491271973e-01 5.043181777000427246e-02
4.537539999999929933e+03 8.013687133789062500e-01 5.179401114583015442e-02
4.539019999999929496e+03 8.503286838531494141e-01 5.205641686916351318e-02
4.540499999999929059e+03 8.909289836883544922e-01 5.166724696755409241e-02
4.541979999999928623e+03 7.987074851989746094e-01 5.090293660759925842e-02
4.543459999999928186e+03 9.277842044830322266e-01 5.219836533069610596e-02
4.544939999999927750e+03 8.953286409378051758e-01 5.103917419910430908e-02
4.546419999999927313e+03 8.806827664375305176e-01 5.105860158801078796e-02
4.547899999999926877e+03 8.798152208328247070e-01 5.036315694451332092e-02
4.549379999999926440e+03 8.287135362625122070e-01 4.942723736166954041e-02
4.550859999999926004e+03 9.191509485244750977e-01 5.034614354372024536e-02
4.552339999999925567e+03 8.897875547409057617e-01 5.069407448172569275e-02
4.553819999999925130e+03 8.467698693275451660e-01 4.956669732928276062e-02
4.555299999999924694e+03 7.322204113006591797e-01 4.837641492486000061e-02
4.556779999999924257e+03 8.639237880706787109e-01 5.043644085526466370e-02
4.558259999999923821e+03 7.837930321693420410e-01 5.021028593182563782e-02
4.559739999999923384e+03 8.874583840370178223e-01 5.132466927170753479e-02
4.561219999999922948e+03 8.260341882705688477e-01 5.080833658576011658e-02
4.562699999999922511e+03 8.076590895652770996e-01 5.021438747644424438e-02
4.564179999999922074e+03 7.803391218185424805e-01 4.882058501243591309e-02
4.565659999999921638e+03 8.049147129058837891e-01 4.897200688719749451e-02
4.567139999999921201e+03 8.230529427528381348e-01 4.993268847465515137e-02
4.568619999999920765e+03 8.462060689926147461e-01 5.019497498869895935e-02
4.570099999999920328e+03 8.547750711441040039e-01 4.993818327784538269e-02
4.571579999999919892e+03 8.728643059730529785e-01 4.951551184058189392e-02
4.573059999999919455e+03 8.327406644821166992e-01 4.974792897701263428e-02
4.574539999999919019e+03 7.983936667442321777e-01 4.963866993784904480e-02
4.576019999999918582e+03 7.705391645431518555e-01 4.923425614833831787e-02
4.577499999999918145e+03 8.022717237472534180e-01 4.929829016327857971e-02
4.578979999999917709e+03 8.238698244094848633e-01 4.882731288671493530e-02
4.580459999999917272e+03 8.335305452346801758e-01 4.832418262958526611e-02
4.581939999999916836e+03 9.044500589370727539e-01 4.852074757218360901e-02
4.583419999999916399e+03 8.341571092605590820e-01 4.806433618068695068e-02
4.584899999999915963e+03 7.948210239410400391e-01 4.764843732118606567e-02
4.586379999999915526e+03 8.856923580169677734e-01 4.860512539744377136e-02
4.587859999999915090e+03 8.434578180313110352e-01 4.867238178849220276e-02
4.589339999999914653e+03 8.418864011764526367e-01 4.901667684316635132e-02
4.590819999999914216e+03 8.911793231964111328e-01 4.867602139711380005e-02
4.592299999999913780e+03 8.516550064086914062e-01 4.808128625154495239e-02
4.593779999999913343e+03 8.500955104827880859e-01 4.816934838891029358e-02
4.595259999999912907e+03 8.289180994033813477e-01 4.785786941647529602e-02
4.596739999999912470e+03 7.447233200073242188e-01 4.674035683274269104e-02
4.598219999999912034e+03 8.666321039199829102e-01 4.830942675471305847e-02
4.599699999999911597e+03 8.802636861801147461e-01 4.793306067585945129e-02
4.601179999999911161e+03 7.837781310081481934e-01 4.721995070576667786e-02
4.602659999999910724e+03 8.256968259811401367e-01 4.755723103880882263e-02
4.604139999999910287e+03 8.127986192703247070e-01 4.747375473380088806e-02
4.605619999999909851e+03 8.229448795318603516e-01 4.763890802860260010e-02
4.607099999999909414e+03 8.582891821861267090e-01 4.820121079683303833e-02
4.608579999999908978e+03 8.598445653915405273e-01 4.869136586785316467e-02
4.610059999999908541e+03 8.760919570922851562e-01 4.858609288930892944e-02
4.611539999999908105e+03 8.822001814842224121e-01 4.826863482594490051e-02
4.613019999999907668e+03 8.471407294273376465e-01 4.755630716681480408e-02
4.614499999999907232e+03 9.451897740364074707e-01 4.847461357712745667e-02
4.615979999999906795e+03 8.208557963371276855e-01 4.770000278949737549e-02
4.617459999999906358e+03 9.413813352584838867e-01 4.847180470824241638e-02
4.618939999999905922e+03 7.230278253555297852e-01 4.625479504466056824e-02
4.620419999999905485e+03 8.552256226539611816e-01 4.781571403145790100e-02
4.621899999999905049e+03 8.000340461730957031e-01 4.729032143950462341e-02
4.623379999999904612e+03 7.325286865234375000e-01 4.659875482320785522e-02
4.624859999999904176e+03 8.102775812149047852e-01 4.712572693824768066e-02
4.626339999999903739e+03 8.511626124382019043e-01 4.732234030961990356e-02
4.627819999999903303e+03 8.966977596282958984e-01 4.767473414540290833e-02
4.629299999999902866e+03 8.355441093444824219e-01 4.713726788759231567e-02
4.630779999999902429e+03 7.420655488967895508e-01 4.626371338963508606e-02
4.632259999999901993e+03 7.781490087509155273e-01 4.641875997185707092e-02
4.633739999999901556e+03 7.704080343246459961e-01 4.602898657321929932e-02
4.635219999999901120e+03 7.428473234176635742e-01 4.589636996388435364e-02
4.636699999999900683e+03 7.732874155044555664e-01 4.574800282716751099e-02
4.638179999999900247e+03 8.457149267196655273e-01 4.607236757874488831e-02
4.639659999999899810e+03 8.266972899436950684e-01 4.590876772999763489e-02
4.641139999999899374e+03 8.080447316169738770e-01 4.581154137849807739e-02
4.642619999999898937e+03 8.677207231521606445e-01 4.660452529788017273e-02
4.644099999999898500e+03 8.365916013717651367e-01 4.561434686183929443e-02
4.645579999999898064e+03 8.882738351821899414e-01 4.576687887310981750e-02
4.647059999999897627e+03 9.086968898773193359e-01 4.525258392095565796e-02
4.648539999999897191e+03 8.683604598045349121e-01 4.495967924594879150e-02
4.650019999999896754e+03 8.128022551536560059e-01 4.535024985671043396e-02
4.651499999999896318e+03 9.145745038986206055e-01 4.613334685564041138e-02
4.652979999999895881e+03 8.233059644699096680e-01 4.549203068017959595e-02
4.654459999999895444e+03 7.851999998092651367e-01 4.475942626595497131e-02
4.655939999999895008e+03 8.783414363861083984e-01 4.503772035241127014e-02
4.657419999999894571e+03 8.988246321678161621e-01 4.585200175642967224e-02
4.658899999999894135e+03 8.055664896965026855e-01 4.557460173964500427e-02
4.660379999999893698e+03 8.657393455505371094e-01 4.601734131574630737e-02
4.661859999999893262e+03 8.348715901374816895e-01 4.534025117754936218e-02
4.663339999999892825e+03 7.661405205726623535e-01 4.411962255835533142e-02
4.664819999999892389e+03 7.981286048889160156e-01 4.408364742994308472e-02
4.666299999999891952e+03 8.323482871055603027e-01 4.321819543838500977e-02
4.667779999999891515e+03 8.046194314956665039e-01 4.227131605148315430e-02
4.669259999999891079e+03 7.610328197479248047e-01 4.296347126364707947e-02
4.670739999999890642e+03 8.320626020431518555e-01 4.425081610679626465e-02
4.672219999999890206e+03 7.603654861450195312e-01 4.361617192625999451e-02
4.673699999999889769e+03 8.144581317901611328e-01 4.379910975694656372e-02
4.675179999999889333e+03 8.604418039321899414e-01 4.442643374204635620e-02
4.676659999999888896e+03 7.619186639785766602e-01 4.377589374780654907e-02
4.678139999999888460e+03 8.239780068397521973e-01 4.389729723334312439e-02
4.679619999999888023e+03 8.807325363159179688e-01 4.392899200320243835e-02
4.681099999999887586e+03 7.768305540084838867e-01 4.268505796790122986e-02
4.682579999999887150e+03 7.923739552497863770e-01 4.354383051395416260e-02
4.684059999999886713e+03 8.602823019027709961e-01 4.427159950137138367e-02
4.685539999999886277e+03 8.458667993545532227e-01 4.428086802363395691e-02
4.687019999999885840e+03 8.701342344284057617e-01 4.417008534073829651e-02
4.688499999999885404e+03 8.560222387313842773e-01 4.392119124531745911e-02
4.689979999999884967e+03 8.827236890792846680e-01 4.395808279514312744e-02
4.691459999999884531e+03 8.408340215682983398e-01 4.340228065848350525e-02
4.692939999999884094e+03 7.326555252075195312e-01 4.260152205824851990e-02
4.694419999999883657e+03 7.865729331970214844e-01 4.345888644456863403e-02
4.695899999999883221e+03 7.844960689544677734e-01 4.328010603785514832e-02
4.697379999999882784e+03 7.789229154586791992e-01 4.269358888268470764e-02
4.698859999999882348e+03 8.082165718078613281e-01 4.253121092915534973e-02
4.700339999999881911e+03 8.334591388702392578e-01 4.262829944491386414e-02
4.701819999999881475e+03 8.620301485061645508e-01 4.228482395410537720e-02
4.703299999999881038e+03 8.425685167312622070e-01 4.203149303793907166e-02
4.704779999999880602e+03 8.804042339324951172e-01 4.304032027721405029e-02
4.706259999999880165e+03 8.989039659500122070e-01 4.314686357975006104e-02
4.707739999999879728e+03 7.408149242401123047e-01 4.130919277667999268e-02
4.709219999999879292e+03 7.370319962501525879e-01 4.136433824896812439e-02
4.710699999999878855e+03 7.989255785942077637e-01 4.247267916798591614e-02
4.712179999999878419e+03 8.236405253410339355e-01 4.252925887703895569e-02
4.713659999999877982e+03 8.843315839767456055e-01 4.285674542188644409e-02
4.715139999999877546e+03 8.388339877128601074e-01 4.259970411658287048e-02
4.716619999999877109e+03 7.582205533981323242e-01 4.224687069654464722e-02
4.718099999999876673e+03 8.324568271636962891e-01 4.324875026941299438e-02
4.719579999999876236e+03 8.180130720138549805e-01 4.336795210838317871e-02
4.721059999999875799e+03 8.803910017013549805e-01 4.360130056738853455e-02
4.722539999999875363e+03 8.562375307083129883e-01 4.325454309582710266e-02
4.724019999999874926e+03 8.062214851379394531e-01 4.306674376130104065e-02
4.725499999999874490e+03 8.785926103591918945e-01 4.323313757777214050e-02
4.726979999999874053e+03 8.462082147598266602e-01 4.236964508891105652e-02
4.728459999999873617e+03 8.243578672409057617e-01 4.160153120756149292e-02
4.729939999999873180e+03 7.688125371932983398e-01 4.106995090842247009e-02
4.731419999999872744e+03 7.941727042198181152e-01 4.160179197788238525e-02
4.732899999999872307e+03 8.505752682685852051e-01 4.226418957114219666e-02
4.734379999999871870e+03 8.162428140640258789e-01 4.215930402278900146e-02
4.735859999999871434e+03 8.048545122146606445e-01 4.164608567953109741e-02
4.737339999999870997e+03 7.796221971511840820e-01 4.132282361388206482e-02
4.738819999999870561e+03 7.872967720031738281e-01 4.194475337862968445e-02
4.740299999999870124e+03 6.956927776336669922e-01 4.099359363317489624e-02
4.741779999999869688e+03 8.528906702995300293e-01 4.230306670069694519e-02
4.743259999999869251e+03 8.752024173736572266e-01 4.291173443198204041e-02
4.744739999999868814e+03 7.991061806678771973e-01 4.205012321472167969e-02
4.746219999999868378e+03 7.696062326431274414e-01 4.161641746759414673e-02
4.747699999999867941e+03 7.984978556632995605e-01 4.207044839859008789e-02
4.749179999999867505e+03 8.662660121917724609e-01 4.250949248671531677e-02
4.750659999999867068e+03 8.009734153747558594e-01 4.185675829648971558e-02
4.752139999999866632e+03 8.429212570190429688e-01 4.190856218338012695e-02
4.753619999999866195e+03 7.991429567337036133e-01 4.139463230967521667e-02
4.755099999999865759e+03 8.909685611724853516e-01 4.164028912782669067e-02
4.756579999999865322e+03 8.891067504882812500e-01 4.187893122434616089e-02
4.758059999999864885e+03 8.712459206581115723e-01 4.224790260195732117e-02
4.759539999999864449e+03 8.463126420974731445e-01 4.212605208158493042e-02
4.761019999999864012e+03 8.551906347274780273e-01 4.175707697868347168e-02
4.762499999999863576e+03 8.040041327476501465e-01 4.076861217617988586e-02
4.763979999999863139e+03 8.861778974533081055e-01 4.131631925702095032e-02
4.765459999999862703e+03 8.426939845085144043e-01 4.088652133941650391e-02
4.766939999999862266e+03 8.633065223693847656e-01 4.104991629719734192e-02
4.768419999999861830e+03 8.923883438110351562e-01 4.197059571743011475e-02
4.769899999999861393e+03 8.173261880874633789e-01 4.142326489090919495e-02
4.771379999999860956e+03 7.972906827926635742e-01 4.100462421774864197e-02
4.772859999999860520e+03 7.966516017913818359e-01 4.107481241226196289e-02
4.774339999999860083e+03 8.516097068786621094e-01 4.195509850978851318e-02
4.775819999999859647e+03 8.184622526168823242e-01 4.169093444943428040e-02
4.777299999999859210e+03 8.817307949066162109e-01 4.228439927101135254e-02
4.778779999999858774e+03 8.833141922950744629e-01 4.213885962963104248e-02
4.780259999999858337e+03 8.847846984863281250e-01 4.211023822426795959e-02
4.781739999999857901e+03 8.734818696975708008e-01 4.179586470127105713e-02
4.783219999999857464e+03 8.657013177871704102e-01 4.135408997535705566e-02
4.784699999999857027e+03 8.507957458496093750e-01 4.122190922498703003e-02
4.786179999999856591e+03 8.808083534240722656e-01 4.119507223367691040e-02
4.787659999999856154e+03 8.254474997520446777e-01 4.049966484308242798e-02
4.789139999999855718e+03 7.546647787094116211e-01 4.005146771669387817e-02
4.790619999999855281e+03 8.234388232231140137e-01 4.080335050821304321e-02
4.792099999999854845e+03 8.589180707931518555e-01 4.137180373072624207e-02
4.793579999999854408e+03 8.471267223358154297e-01 4.150802269577980042e-02
4.795059999999853972e+03 8.526484966278076172e-01 4.178675264120101929e-02
4.796539999999853535e+03 8.378853797912597656e-01 4.146357253193855286e-02
4.798019999999853098e+03 8.255617618560791016e-01 4.085864499211311340e-02
4.799499999999852662e+03 8.001482486724853516e-01 4.020462557673454285e-02
4.800979999999852225e+03 8.814302682876586914e-01 4.116463288664817810e-02
4.802459999999851789e+03 7.945047616958618164e-01 4.067168757319450378e-02
4.803939999999851352e+03 9.252922534942626953e-01 4.160417616367340088e-02
4.805419999999850916e+03 9.210623502731323242e-01 4.132758826017379761e-02
4.806899999999850479e+03 9.006692171096801758e-01 4.092671349644660950e-02
4.808379999999850043e+03 8.650732040405273438e-01 4.069332405924797058e-02
4.809859999999849606e+03 8.551794886589050293e-01 4.080560430884361267e-02
4.811339999999849169e+03 8.270994424819946289e-01 4.059884324669837952e-02
4.812819999999848733e+03 7.942202091217041016e-01 4.031249508261680603e-02
4.814299999999848296e+03 7.924395203590393066e-01 4.034027829766273499e-02
4.815779999999847860e+03 8.388413190841674805e-01 4.107860103249549866e-02
4.817259999999847423e+03 8.345793485641479492e-01 4.092763364315032959e-02
4.818739999999846987e+03 8.434765338897705078e-01 4.098210856318473816e-02
4.820219999999846550e+03 7.840412855148315430e-01 4.034547880291938782e-02
4.821699999999846113e+03 8.664990663528442383e-01 4.070795327425003052e-02
4.823179999999845677e+03 8.582129478454589844e-01 4.017462581396102905e-02
4.824659999999845240e+03 8.369011878967285156e-01 4.020862281322479248e-02
4.826139999999844804e+03 8.714156150817871094e-01 4.078233987092971802e-02
4.827619999999844367e+03 8.336061835289001465e-01 4.019394144415855408e-02
4.829099999999843931e+03 8.099318146705627441e-01 3.970344364643096924e-02
4.830579999999843494e+03 8.375986814498901367e-01 4.005372151732444763e-02
4.832059999999843058e+03 8.531730175018310547e-01 4.013475403189659119e-02
4.833539999999842621e+03 8.572224974632263184e-01 4.025064408779144287e-02
4.835019999999842184e+03 7.991762161254882812e-01 3.975162655115127563e-02
4.836499999999841748e+03 8.366824388504028320e-01 4.019302129745483398e-02
4.837979999999841311e+03 9.006885290145874023e-01 4.035781696438789368e-02
4.839459999999840875e+03 9.019007682800292969e-01 3.997164219617843628e-02
4.840939999999840438e+03 8.452452421188354492e-01 3.949403017759323120e-02
4.842419999999840002e+03 8.938677310943603516e-01 3.998575359582901001e-02
4.843899999999839565e+03 8.607497215270996094e-01 3.987398743629455566e-02
4.845379999999839129e+03 8.194843530654907227e-01 3.977183625102043152e-02
4.846859999999838692e+03 8.513653278350830078e-01 3.961874544620513916e-02
4.848339999999838255e+03 8.668434023857116699e-01 3.957942873239517212e-02
4.849819999999837819e+03 8.048248291015625000e-01 3.911373764276504517e-02
4.851299999999837382e+03 8.197456598281860352e-01 3.924621269106864929e-02
4.852779999999836946e+03 8.495440483093261719e-01 3.927135840058326721e-02
4.854259999999836509e+03 8.345592021942138672e-01 3.838460147380828857e-02
4.855739999999836073e+03 8.609179258346557617e-01 3.806448355317115784e-02
4.857219999999835636e+03 8.368505239486694336e-01 3.777395188808441162e-02
4.858699999999835200e+03 8.592387437820434570e-01 3.689154237508773804e-02
4.860179999999834763e+03 8.949532508850097656e-01 3.536709025502204895e-02
4.861659999999834326e+03 9.048272371292114258e-01 3.535166755318641663e-02
4.863139999999833890e+03 8.645743131637573242e-01 3.673365712165832520e-02
4.864619999999833453e+03 7.778689861297607422e-01 3.731303289532661438e-02
4.866099999999833017e+03 8.596966266632080078e-01 3.835888952016830444e-02
4.867579999999832580e+03 8.548813462257385254e-01 3.834065794944763184e-02
4.869059999999832144e+03 8.844121098518371582e-01 3.843186795711517334e-02
4.870539999999831707e+03 8.848921060562133789e-01 3.763343766331672668e-02
4.872019999999831271e+03 8.168134689331054688e-01 3.692699596285820007e-02
4.873499999999830834e+03 8.839354515075683594e-01 3.836264833807945251e-02
4.874979999999830397e+03 8.363091945648193359e-01 3.837662562727928162e-02
4.876459999999829961e+03 8.451503515243530273e-01 3.822709992527961731e-02
4.877939999999829524e+03 7.792657017707824707e-01 3.794341534376144409e-02
4.879419999999829088e+03 8.343558311462402344e-01 3.886001557111740112e-02
4.880899999999828651e+03 8.689253926277160645e-01 3.917617723345756531e-02
4.882379999999828215e+03 8.097735643386840820e-01 3.834523260593414307e-02
4.883859999999827778e+03 8.901734352111816406e-01 3.868829831480979919e-02
4.885339999999827342e+03 7.921081781387329102e-01 3.744001686573028564e-02
4.886819999999826905e+03 8.009088635444641113e-01 3.740066289901733398e-02
4.888299999999826468e+03 8.643333911895751953e-01 3.790062665939331055e-02
4.889779999999826032e+03 8.330357074737548828e-01 3.711009025573730469e-02
4.891259999999825595e+03 7.811130285263061523e-01 3.666457533836364746e-02
4.892739999999825159e+03 8.209941983222961426e-01 3.821769356727600098e-02
4.894219999999824722e+03 8.241437673568725586e-01 3.919576480984687805e-02
4.895699999999824286e+03 8.088871240615844727e-01 3.900533914566040039e-02
4.897179999999823849e+03 9.259693026542663574e-01 3.964880853891372681e-02
4.898659999999823413e+03 9.145349264144897461e-01 3.938929364085197449e-02
4.900139999999822976e+03 9.058325886726379395e-01 3.929198533296585083e-02
4.901619999999822539e+03 9.270505905151367188e-01 3.918420150876045227e-02
4.903099999999822103e+03 8.767659664154052734e-01 3.867287188768386841e-02
4.904579999999821666e+03 8.782029151916503906e-01 3.881463408470153809e-02
4.906059999999821230e+03 8.938592076301574707e-01 3.915243968367576599e-02
4.907539999999820793e+03 8.842270970344543457e-01 3.859472274780273438e-02
4.909019999999820357e+03 8.928408026695251465e-01 3.836521878838539124e-02
4.910499999999819920e+03 8.310489654541015625e-01 3.748078644275665283e-02
4.911979999999819483e+03 8.093184232711791992e-01 3.770592063665390015e-02
4.913459999999819047e+03 7.969707250595092773e-01 3.811327740550041199e-02
4.914939999999818610e+03 9.019673466682434082e-01 3.932714834809303284e-02
4.916419999999818174e+03 9.339863061904907227e-01 3.894446417689323425e-02
4.917899999999817737e+03 7.696604728698730469e-01 3.615705296397209167e-02
4.919379999999817301e+03 8.856392502784729004e-01 3.634348139166831970e-02
4.920859999999816864e+03 8.911662101745605469e-01 3.695744648575782776e-02
4.922339999999816428e+03 8.503425121307373047e-01 3.743190690875053406e-02
4.923819999999815991e+03 8.185353279113769531e-01 3.750542178750038147e-02
4.925299999999815554e+03 8.894904851913452148e-01 3.818462416529655457e-02
4.926779999999815118e+03 9.242618083953857422e-01 3.894509002566337585e-02
4.928259999999814681e+03 8.774578571319580078e-01 3.861365839838981628e-02
4.929739999999814245e+03 9.041857719421386719e-01 3.884494677186012268e-02
4.931219999999813808e+03 9.240753650665283203e-01 3.881510719656944275e-02
4.932699999999813372e+03 8.464477062225341797e-01 3.758776932954788208e-02
4.934179999999812935e+03 8.369852900505065918e-01 3.737140819430351257e-02
4.935659999999812499e+03 8.475817441940307617e-01 3.777524083852767944e-02
4.937139999999812062e+03 9.100281596183776855e-01 3.766781836748123169e-02
4.938619999999811625e+03 8.470138907432556152e-01 3.690124675631523132e-02
4.940099999999811189e+03 8.485151529312133789e-01 3.763831034302711487e-02
4.941579999999810752e+03 8.609773516654968262e-01 3.827475383877754211e-02
4.943059999999810316e+03 8.294420242309570312e-01 3.817417100071907043e-02
4.944539999999809879e+03 8.214817047119140625e-01 3.803838044404983521e-02
4.946019999999809443e+03 8.586707711219787598e-01 3.797065094113349915e-02
4.947499999999809006e+03 8.646388053894042969e-01 3.836300596594810486e-02
4.948979999999808570e+03 8.745807409286499023e-01 3.829034045338630676e-02
4.950459999999808133e+03 9.215995073318481445e-01 3.873631358146667480e-02
4.951939999999807696e+03 8.878762722015380859e-01 3.829035535454750061e-02
4.953419999999807260e+03 9.168051481246948242e-01 3.840507194399833679e-02
4.954899999999806823e+03 9.068980216979980469e-01 3.791318833827972412e-02
4.956379999999806387e+03 8.669962882995605469e-01 3.632713109254837036e-02
4.957859999999805950e+03 8.714121580123901367e-01 3.647639974951744080e-02
4.959339999999805514e+03 8.803509473800659180e-01 3.797927498817443848e-02
4.960819999999805077e+03 9.260736703872680664e-01 3.879959508776664734e-02
4.962299999999804641e+03 8.657926321029663086e-01 3.822075575590133667e-02
4.963779999999804204e+03 9.143470525741577148e-01 3.837056457996368408e-02
4.965259999999803767e+03 8.150579929351806641e-01 3.715091943740844727e-02
4.966739999999803331e+03 9.117218255996704102e-01 3.780801221728324890e-02
4.968219999999802894e+03 8.894693851470947266e-01 3.769074752926826477e-02
4.969699999999802458e+03 8.970897197723388672e-01 3.768759593367576599e-02
4.971179999999802021e+03 8.667224645614624023e-01 3.762408718466758728e-02
4.972659999999801585e+03 8.372138738632202148e-01 3.785272315144538879e-02
4.974139999999801148e+03 8.706815838813781738e-01 3.797807916998863220e-02
4.975619999999800712e+03 8.738269805908203125e-01 3.776555135846138000e-02
4.977099999999800275e+03 8.473408222198486328e-01 3.743423521518707275e-02
4.978579999999799838e+03 9.312465190887451172e-01 3.780704736709594727e-02
4.980059999999799402e+03 8.933923244476318359e-01 3.718055784702301025e-02
4.981539999999798965e+03 9.279186725616455078e-01 3.677305579185485840e-02
4.983019999999798529e+03 8.803801536560058594e-01 3.583940491080284119e-02
4.984499999999798092e+03 8.561258912086486816e-01 3.608995303511619568e-02
4.985979999999797656e+03 8.937093019485473633e-01 3.719274327158927917e-02
4.987459999999797219e+03 8.640279769897460938e-01 3.746322169899940491e-02
4.988939999999796783e+03 8.274687528610229492e-01 3.709274157881736755e-02
4.990419999999796346e+03 8.454015851020812988e-01 3.693703189492225647e-02
4.991899999999795909e+03 8.800181746482849121e-01 3.708085417747497559e-02
4.993379999999795473e+03 8.442108631134033203e-01 3.686159476637840271e-02
4.994859999999795036e+03 8.419126868247985840e-01 3.710585087537765503e-02
4.996339999999794600e+03 8.671257495880126953e-01 3.740193694829940796e-02
4.997819999999794163e+03 8.756506443023681641e-01 3.723128139972686768e-02
4.999299999999793727e+03 8.723562955856323242e-01 3.685201331973075867e-02
5.000779999999793290e+03 8.002379536628723145e-01 3.598018735647201538e-02
5.002259999999792853e+03 8.803105354309082031e-01 3.675082698464393616e-02
5.003739999999792417e+03 8.742700815200805664e-01 3.654124960303306580e-02
5.005219999999791980e+03 7.682901620864868164e-01 3.504738584160804749e-02
5.006699999999791544e+03 8.106880784034729004e-01 3.550870716571807861e-02
5.008179999999791107e+03 8.784992694854736328e-01 3.714504092931747437e-02
5.009659999999790671e+03 1.315402507781982422e+00 4.036795720458030701e-02
5.011139999999790234e+03 2.261188507080078125e+00 4.629302769899368286e-02
5.012619999999789798e+03 3.647989749908447266e+00 5.447527766227722168e-02
5.014099999999789361e+03 4.318378448486328125e+00 5.795400589704513550e-02
5.015579999999788924e+03 3.129723548889160156e+00 5.162398144602775574e-02
5.017059999999788488e+03 1.412433385848999023e+00 4.011403024196624756e-02
5.018539999999788051e+03 8.528167009353637695e-01 3.590172901749610901e-02
5.020019999999787615e+03 7.658859491348266602e-01 3.563362360000610352e-02
5.021499999999787178e+03 7.492155432701110840e-01 3.514625877141952515e-02
5.022979999999786742e+03 8.058233261108398438e-01 3.578493371605873108e-02
5.024459999999786305e+03 7.660669684410095215e-01 3.571706265211105347e-02
5.025939999999785869e+03 8.030462265014648438e-01 3.572721406817436218e-02
5.027419999999785432e+03 7.685918807983398438e-01 3.536127880215644836e-02
5.028899999999784995e+03 8.530298471450805664e-01 3.635118156671524048e-02
5.030379999999784559e+03 9.225369691848754883e-01 3.718230500817298889e-02
5.031859999999784122e+03 9.062783718109130859e-01 3.737287968397140503e-02
5.033339999999783686e+03 9.162237644195556641e-01 3.707350045442581177e-02
5.034819999999783249e+03 9.436930418014526367e-01 3.681658208370208740e-02
5.036299999999782813e+03 8.771396279335021973e-01 3.601674363017082214e-02
5.037779999999782376e+03 8.927347064018249512e-01 3.605219349265098572e-02
5.039259999999781940e+03 9.004973173141479492e-01 3.545186296105384827e-02
5.040739999999781503e+03 8.154169321060180664e-01 3.456762060523033142e-02
5.042219999999781066e+03 8.555433750152587891e-01 3.543835878372192383e-02
5.043699999999780630e+03 8.089122772216796875e-01 3.627306595444679260e-02
5.045179999999780193e+03 8.292597532272338867e-01 3.656490892171859741e-02
5.046659999999779757e+03 8.782080411911010742e-01 3.652541711926460266e-02
5.048139999999779320e+03 9.341938495635986328e-01 3.641651198267936707e-02
5.049619999999778884e+03 9.224743843078613281e-01 3.625912591814994812e-02
5.051099999999778447e+03 9.320466518402099609e-01 3.647489845752716064e-02
5.052579999999778011e+03 8.998880386352539062e-01 3.639504313468933105e-02
5.054059999999777574e+03 8.913500308990478516e-01 3.677499294281005859e-02
5.055539999999777137e+03 9.533438682556152344e-01 3.728568181395530701e-02
5.057019999999776701e+03 8.474768400192260742e-01 3.629035875201225281e-02
5.058499999999776264e+03 8.842066526412963867e-01 3.680839762091636658e-02
5.059979999999775828e+03 9.658923149108886719e-01 3.732527419924736023e-02
5.061459999999775391e+03 9.198378324508666992e-01 3.720258176326751709e-02
5.062939999999774955e+03 8.703610897064208984e-01 3.623474389314651489e-02
5.064419999999774518e+03 8.876242637634277344e-01 3.593367710709571838e-02
5.065899999999774082e+03 8.961328864097595215e-01 3.611075878143310547e-02
5.067379999999773645e+03 9.122830629348754883e-01 3.640075027942657471e-02
5.068859999999773208e+03 9.346122741699218750e-01 3.639901429414749146e-02
5.070339999999772772e+03 8.882360458374023438e-01 3.605971485376358032e-02
5.071819999999772335e+03 8.627332448959350586e-01 3.576380759477615356e-02
5.073299999999771899e+03 8.910446166992187500e-01 3.596651554107666016e-02
5.074779999999771462e+03 9.226076602935791016e-01 3.632324188947677612e-02
5.076259999999771026e+03 9.174674749374389648e-01 3.633873537182807922e-02
5.077739999999770589e+03 8.696962594985961914e-01 3.559473529458045959e-02
5.079219999999770152e+03 8.163435459136962891e-01 3.432739898562431335e-02
5.080699999999769716e+03 9.108347892761230469e-01 3.540583327412605286e-02
5.082179999999769279e+03 9.210233092308044434e-01 3.577866405248641968e-02
5.083659999999768843e+03 9.121664762496948242e-01 3.611966222524642944e-02
5.085139999999768406e+03 9.209871292114257812e-01 3.655695542693138123e-02
5.086619999999767970e+03 8.768748044967651367e-01 3.602283447980880737e-02
5.088099999999767533e+03 8.832296133041381836e-01 3.595116361975669861e-02
5.089579999999767097e+03 8.833316564559936523e-01 3.623298183083534241e-02
5.091059999999766660e+03 9.058732390403747559e-01 3.643270209431648254e-02
5.092539999999766223e+03 9.142084121704101562e-01 3.658938780426979065e-02
5.094019999999765787e+03 9.499483108520507812e-01 3.687905147671699524e-02
5.095499999999765350e+03 9.043310880661010742e-01 3.600516542792320251e-02
5.096979999999764914e+03 8.940087556838989258e-01 3.519333153963088989e-02
5.098459999999764477e+03 9.287626743316650391e-01 3.531946241855621338e-02
5.099939999999764041e+03 8.907337188720703125e-01 3.557623550295829773e-02
5.101419999999763604e+03 9.689236879348754883e-01 3.665006905794143677e-02
5.102899999999763168e+03 9.630746841430664062e-01 3.652463108301162720e-02
5.104379999999762731e+03 8.870456218719482422e-01 3.575269877910614014e-02
5.105859999999762294e+03 9.371209144592285156e-01 3.592998161911964417e-02
5.107339999999761858e+03 9.684714078903198242e-01 3.580912947654724121e-02
5.108819999999761421e+03 9.643993377685546875e-01 3.587644174695014954e-02
5.110299999999760985e+03 1.128609299659729004e+00 3.735437989234924316e-02
5.111779999999760548e+03 1.517138719558715820e+00 4.055965691804885864e-02
5.113259999999760112e+03 1.761622905731201172e+00 4.242945462465286255e-02
5.114739999999759675e+03 1.835657000541687012e+00 4.289004951715469360e-02
5.116219999999759239e+03 1.600751280784606934e+00 4.133461043238639832e-02
5.117699999999758802e+03 1.151991844177246094e+00 3.811132535338401794e-02
5.119179999999758365e+03 9.429624676704406738e-01 3.635840117931365967e-02
5.120659999999757929e+03 8.677221536636352539e-01 3.541819378733634949e-02
5.122139999999757492e+03 9.063218832015991211e-01 3.536441177129745483e-02
5.123619999999757056e+03 8.961372375488281250e-01 3.497312963008880615e-02
5.125099999999756619e+03 9.059352278709411621e-01 3.505671396851539612e-02
5.126579999999756183e+03 9.506679773330688477e-01 3.552465885877609253e-02
5.128059999999755746e+03 8.763648271560668945e-01 3.491630032658576965e-02
5.129539999999755310e+03 9.288050532341003418e-01 3.552034497261047363e-02
5.131019999999754873e+03 9.612393379211425781e-01 3.580974414944648743e-02
5.132499999999754436e+03 9.206284284591674805e-01 3.548578917980194092e-02
5.133979999999754000e+03 8.906534910202026367e-01 3.535368666052818298e-02
5.135459999999753563e+03 8.850640058517456055e-01 3.512061014771461487e-02
5.136939999999753127e+03 8.609062433242797852e-01 3.440339490771293640e-02
5.138419999999752690e+03 9.028477072715759277e-01 3.454852849245071411e-02
5.139899999999752254e+03 8.847612142562866211e-01 3.455015271902084351e-02
5.141379999999751817e+03 9.117212891578674316e-01 3.488718718290328979e-02
5.142859999999751381e+03 8.993470668792724609e-01 3.478736430406570435e-02
5.144339999999750944e+03 9.211190938949584961e-01 3.524799644947052002e-02
5.145819999999750507e+03 9.412679076194763184e-01 3.511690348386764526e-02
5.147299999999750071e+03 9.185378551483154297e-01 3.479402139782905579e-02
5.148779999999749634e+03 8.941210508346557617e-01 3.483313322067260742e-02
5.150259999999749198e+03 8.940235376358032227e-01 3.499499335885047913e-02
5.151739999999748761e+03 8.957533240318298340e-01 3.479594737291336060e-02
5.153219999999748325e+03 9.088480472564697266e-01 3.494072705507278442e-02
5.154699999999747888e+03 9.180654287338256836e-01 3.517479449510574341e-02
5.156179999999747452e+03 8.949722051620483398e-01 3.524271398782730103e-02
5.157659999999747015e+03 1.003774762153625488e+00 3.601563349366188049e-02
5.159139999999746578e+03 1.299405574798583984e+00 3.814521804451942444e-02
5.160619999999746142e+03 2.212946891784667969e+00 4.422543942928314209e-02
5.162099999999745705e+03 3.184290409088134766e+00 4.986117407679557800e-02
5.163579999999745269e+03 3.720437526702880859e+00 5.257721990346908569e-02
5.165059999999744832e+03 3.270381212234497070e+00 4.925918579101562500e-02
5.166539999999744396e+03 1.946998953819274902e+00 4.011429101228713989e-02
5.168019999999743959e+03 1.081619143486022949e+00 3.424908593297004700e-02
5.169499999999743522e+03 9.726180434226989746e-01 3.378546237945556641e-02
5.170979999999743086e+03 9.734059572219848633e-01 3.279081359505653381e-02
5.172459999999742649e+03 8.801572322845458984e-01 3.174185380339622498e-02
5.173939999999742213e+03 8.943672180175781250e-01 3.353928774595260620e-02
5.175419999999741776e+03 8.602490425109863281e-01 3.458645194768905640e-02
5.176899999999741340e+03 8.316655755043029785e-01 3.443649038672447205e-02
5.178379999999740903e+03 9.088997840881347656e-01 3.494257107377052307e-02
5.179859999999740467e+03 9.408647418022155762e-01 3.474014624953269958e-02
5.181339999999740030e+03 9.251570701599121094e-01 3.287544846534729004e-02
5.182819999999739593e+03 8.537453413009643555e-01 3.100843913853168488e-02
5.184299999999739157e+03 8.695563077926635742e-01 3.202129155397415161e-02
5.185779999999738720e+03 9.077411890029907227e-01 3.407222405076026917e-02
5.187259999999738284e+03 8.901877403259277344e-01 3.444051370024681091e-02
5.188739999999737847e+03 9.298191666603088379e-01 3.474911674857139587e-02
5.190219999999737411e+03 9.762439727783203125e-01 3.463825955986976624e-02
5.191699999999736974e+03 9.314571022987365723e-01 3.389938920736312866e-02
5.193179999999736538e+03 9.159853458404541016e-01 3.404316678643226624e-02
5.194659999999736101e+03 9.528048038482666016e-01 3.459010273218154907e-02
5.196139999999735664e+03 9.210146665573120117e-01 3.442201763391494751e-02
5.197619999999735228e+03 8.953260183334350586e-01 3.463449329137802124e-02
5.199099999999734791e+03 9.061600565910339355e-01 3.506017848849296570e-02
5.200579999999734355e+03 9.409569501876831055e-01 3.516161069273948669e-02
5.202059999999733918e+03 9.172599911689758301e-01 3.474164381623268127e-02
5.203539999999733482e+03 9.755627512931823730e-01 3.456602990627288818e-02
5.205019999999733045e+03 9.278531074523925781e-01 3.381219506263732910e-02
5.206499999999732609e+03 9.397490620613098145e-01 3.387102112174034119e-02
5.207979999999732172e+03 9.208095669746398926e-01 3.373566642403602600e-02
5.209459999999731735e+03 8.794438838958740234e-01 3.410069271922111511e-02
5.210939999999731299e+03 9.161517620086669922e-01 3.473357483744621277e-02
5.212419999999730862e+03 9.583964347839355469e-01 3.498391062021255493e-02
5.213899999999730426e+03 9.288562536239624023e-01 3.449812158942222595e-02
5.215379999999729989e+03 9.199718832969665527e-01 3.404757007956504822e-02
5.216859999999729553e+03 9.459122419357299805e-01 3.435163944959640503e-02
5.218339999999729116e+03 9.459391236305236816e-01 3.473855555057525635e-02
5.219819999999728680e+03 9.074835181236267090e-01 3.463036194443702698e-02
5.221299999999728243e+03 9.214003086090087891e-01 3.486480563879013062e-02
5.222779999999727806e+03 9.379780292510986328e-01 3.448417410254478455e-02
5.224259999999727370e+03 9.428983926773071289e-01 3.393254056572914124e-02
5.225739999999726933e+03 8.691068887710571289e-01 3.256230056285858154e-02
5.227219999999726497e+03 8.639303445816040039e-01 3.277073428034782410e-02
5.228699999999726060e+03 9.339153170585632324e-01 3.407461196184158325e-02
5.230179999999725624e+03 9.142061471939086914e-01 3.415155038237571716e-02
5.231659999999725187e+03 8.940980434417724609e-01 3.356726095080375671e-02
5.233139999999724751e+03 8.878505229949951172e-01 3.341066464781761169e-02
5.234619999999724314e+03 8.901025056838989258e-01 3.376300632953643799e-02
5.236099999999723877e+03 8.435380458831787109e-01 3.379961103200912476e-02
5.237579999999723441e+03 9.024134874343872070e-01 3.453920409083366394e-02
5.239059999999723004e+03 8.815084695816040039e-01 3.431735560297966003e-02
5.240539999999722568e+03 8.475798368453979492e-01 3.377589955925941467e-02
5.242019999999722131e+03 8.742538690567016602e-01 3.400270640850067139e-02
5.243499999999721695e+03 9.140900373458862305e-01 3.440989181399345398e-02
5.244979999999721258e+03 8.792616128921508789e-01 3.412023186683654785e-02
5.246459999999720822e+03 8.966224193572998047e-01 3.402726724743843079e-02
5.247939999999720385e+03 8.656061887741088867e-01 3.360090404748916626e-02
5.249419999999719948e+03 9.131377935409545898e-01 3.396990895271301270e-02
5.250899999999719512e+03 9.661867618560791016e-01 3.446103632450103760e-02
5.252379999999719075e+03 9.339925050735473633e-01 3.406465798616409302e-02
5.253859999999718639e+03 9.730843305587768555e-01 3.439218550920486450e-02
5.255339999999718202e+03 9.884268641471862793e-01 3.467008844017982483e-02
5.256819999999717766e+03 9.545010924339294434e-01 3.468705713748931885e-02
5.258299999999717329e+03 9.055116176605224609e-01 3.425747528672218323e-02
5.259779999999716892e+03 8.986749649047851562e-01 3.391562774777412415e-02
5.261259999999716456e+03 8.422060608863830566e-01 3.268247842788696289e-02
5.262739999999716019e+03 8.380779027938842773e-01 3.210905566811561584e-02
5.264219999999715583e+03 8.690716028213500977e-01 3.203139081597328186e-02
5.265699999999715146e+03 8.698291778564453125e-01 3.219936043024063110e-02
5.267179999999714710e+03 9.057148098945617676e-01 3.262398019433021545e-02
5.268659999999714273e+03 8.686849474906921387e-01 3.179507702589035034e-02
5.270139999999713837e+03 8.738709688186645508e-01 3.203764185309410095e-02
5.271619999999713400e+03 9.183143377304077148e-01 3.332754597067832947e-02
5.273099999999712963e+03 9.038270711898803711e-01 3.310002014040946960e-02
5.274579999999712527e+03 8.790306448936462402e-01 3.276113048195838928e-02
5.276059999999712090e+03 9.502335190773010254e-01 3.402645513415336609e-02
5.277539999999711654e+03 9.650365114212036133e-01 3.459798172116279602e-02
5.279019999999711217e+03 9.204062819480895996e-01 3.396192938089370728e-02
5.280499999999710781e+03 8.808116912841796875e-01 3.318312019109725952e-02
5.281979999999710344e+03 8.689335584640502930e-01 3.269165381789207458e-02
5.283459999999709908e+03 8.459475040435791016e-01 3.266749531030654907e-02
5.284939999999709471e+03 9.026395082473754883e-01 3.372712433338165283e-02
5.286419999999709034e+03 1.002163171768188477e+00 3.488881513476371765e-02
5.287899999999708598e+03 8.273305892944335938e-01 3.328517079353332520e-02
5.289379999999708161e+03 8.487462401390075684e-01 3.356919065117835999e-02
5.290859999999707725e+03 8.604825139045715332e-01 3.375818207859992981e-02
5.292339999999707288e+03 8.490567207336425781e-01 3.356723487377166748e-02
5.293819999999706852e+03 8.613593578338623047e-01 3.352993354201316833e-02
5.295299999999706415e+03 8.726556301116943359e-01 3.317738324403762817e-02
5.296779999999705979e+03 8.501815795898437500e-01 3.241728991270065308e-02
5.298259999999705542e+03 9.256225824356079102e-01 3.331628069281578064e-02
5.299739999999705105e+03 9.043340682983398438e-01 3.337454795837402344e-02
5.301219999999704669e+03 9.035706520080566406e-01 3.330843523144721985e-02
5.302699999999704232e+03 8.970599174499511719e-01 3.359344974160194397e-02
5.304179999999703796e+03 8.866295218467712402e-01 3.365235030651092529e-02
5.305659999999703359e+03 8.798743486404418945e-01 3.343509137630462646e-02
5.307139999999702923e+03 8.463766574859619141e-01 3.316831588745117188e-02
5.308619999999702486e+03 8.790302276611328125e-01 3.357311338186264038e-02
5.310099999999702050e+03 9.117900133132934570e-01 3.404043242335319519e-02
5.311579999999701613e+03 8.906394243240356445e-01 3.394782915711402893e-02
5.313059999999701176e+03 9.257313013076782227e-01 3.400488570332527161e-02
5.314539999999700740e+03 8.689565658569335938e-01 3.319333121180534363e-02
5.316019999999700303e+03 9.018875360488891602e-01 3.331577777862548828e-02
5.317499999999699867e+03 9.444041252136230469e-01 3.382020816206932068e-02
5.318979999999699430e+03 9.493323564529418945e-01 3.409517556428909302e-02
5.320459999999698994e+03 8.623861074447631836e-01 3.303614258766174316e-02
5.321939999999698557e+03 8.788591623306274414e-01 3.284041956067085266e-02
5.323419999999698121e+03 8.407951593399047852e-01 3.228071331977844238e-02
5.324899999999697684e+03 8.629313707351684570e-01 3.256714716553688049e-02
5.326379999999697247e+03 8.610486388206481934e-01 3.187748789787292480e-02
5.327859999999696811e+03 8.161076307296752930e-01 3.119419515132904053e-02
5.329339999999696374e+03 7.844833135604858398e-01 3.172565251588821411e-02
5.330819999999695938e+03 7.802529335021972656e-01 3.246373310685157776e-02
5.332299999999695501e+03 8.312843441963195801e-01 3.266717866063117981e-02
5.333779999999695065e+03 8.693609237670898438e-01 3.322528302669525146e-02
5.335259999999694628e+03 8.350372314453125000e-01 3.293167799711227417e-02
5.336739999999694192e+03 8.457325100898742676e-01 3.283979743719100952e-02
5.338219999999693755e+03 8.975964784622192383e-01 3.278467059135437012e-02
5.339699999999693318e+03 8.898572921752929688e-01 3.231273591518402100e-02
5.341179999999692882e+03 9.276881814002990723e-01 3.297172114253044128e-02
5.342659999999692445e+03 9.210658073425292969e-01 3.334391489624977112e-02
5.344139999999692009e+03 8.353124856948852539e-01 3.258804604411125183e-02
5.345619999999691572e+03 8.005126118659973145e-01 3.219607472419738770e-02
5.347099999999691136e+03 7.870639562606811523e-01 3.197215870022773743e-02
5.348579999999690699e+03 8.187054395675659180e-01 3.208170458674430847e-02
5.350059999999690262e+03 8.815979361534118652e-01 3.273226320743560791e-02
5.351539999999689826e+03 8.920994400978088379e-01 3.303932398557662964e-02
5.353019999999689389e+03 8.826454877853393555e-01 3.308330103754997253e-02
5.354499999999688953e+03 8.463253974914550781e-01 3.300525248050689697e-02
5.355979999999688516e+03 8.723430633544921875e-01 3.307825699448585510e-02
5.357459999999688080e+03 8.934788703918457031e-01 3.327191248536109924e-02
5.358939999999687643e+03 9.479042291641235352e-01 3.377369418740272522e-02
5.360419999999687207e+03 9.499065876007080078e-01 3.335826843976974487e-02
5.361899999999686770e+03 1.001565217971801758e+00 3.363562375307083130e-02
5.363379999999686333e+03 9.831813573837280273e-01 3.312176465988159180e-02
5.364859999999685897e+03 9.225178956985473633e-01 3.279151394963264465e-02
5.366339999999685460e+03 8.801360130310058594e-01 3.244163095951080322e-02
5.367819999999685024e+03 8.755933046340942383e-01 3.208712488412857056e-02
5.369299999999684587e+03 8.372194766998291016e-01 3.146499022841453552e-02
5.370779999999684151e+03 7.826210856437683105e-01 3.089965693652629852e-02
5.372259999999683714e+03 8.239817619323730469e-01 3.183875977993011475e-02
5.373739999999683278e+03 8.181777000427246094e-01 3.230578452348709106e-02
5.375219999999682841e+03 8.442484140396118164e-01 3.260678425431251526e-02
5.376699999999682404e+03 9.324779510498046875e-01 3.298084437847137451e-02
5.378179999999681968e+03 9.093097448348999023e-01 3.292205929756164551e-02
5.379659999999681531e+03 8.843710422515869141e-01 3.256212919950485229e-02
5.381139999999681095e+03 8.572994470596313477e-01 3.206694871187210083e-02
5.382619999999680658e+03 8.864507675170898438e-01 3.219508752226829529e-02
5.384099999999680222e+03 9.350972771644592285e-01 3.286300599575042725e-02
5.385579999999679785e+03 8.739945888519287109e-01 3.271640464663505554e-02
5.387059999999679349e+03 8.541167974472045898e-01 3.233745694160461426e-02
5.388539999999678912e+03 8.753675818443298340e-01 3.238749131560325623e-02
5.390019999999678475e+03 8.806545138359069824e-01 3.206529840826988220e-02
5.391499999999678039e+03 8.792639970779418945e-01 3.205122798681259155e-02
5.392979999999677602e+03 8.765574693679809570e-01 3.215965628623962402e-02
5.394459999999677166e+03 8.439531326293945312e-01 3.183683753013610840e-02
5.395939999999676729e+03 8.897958993911743164e-01 3.197067230939865112e-02
5.397419999999676293e+03 8.638725280761718750e-01 3.160916641354560852e-02
5.398899999999675856e+03 8.696283102035522461e-01 3.193351626396179199e-02
5.400379999999675420e+03 8.461031913757324219e-01 3.186766803264617920e-02
5.401859999999674983e+03 9.231054782867431641e-01 3.232589736580848694e-02
5.403339999999674546e+03 9.373791217803955078e-01 3.192106261849403381e-02
5.404819999999674110e+03 9.139755964279174805e-01 3.135367855429649353e-02
5.406299999999673673e+03 8.524857759475708008e-01 3.146155923604965210e-02
5.407779999999673237e+03 9.603605270385742188e-01 3.250098228454589844e-02
5.409259999999672800e+03 9.239170551300048828e-01 3.203859925270080566e-02
5.410739999999672364e+03 9.357376694679260254e-01 3.232411667704582214e-02
5.412219999999671927e+03 9.108728170394897461e-01 3.233443945646286011e-02
5.413699999999671491e+03 8.731849193572998047e-01 3.184206411242485046e-02
5.415179999999671054e+03 8.760889768600463867e-01 3.204463794827461243e-02
5.416659999999670617e+03 8.816057443618774414e-01 3.226178884506225586e-02
5.418139999999670181e+03 8.687654733657836914e-01 3.215803951025009155e-02
5.419619999999669744e+03 8.804760575294494629e-01 3.211950138211250305e-02
5.421099999999669308e+03 8.863400220870971680e-01 3.201177716255187988e-02
5.422579999999668871e+03 8.990159034729003906e-01 3.196904808282852173e-02
5.424059999999668435e+03 9.212250709533691406e-01 3.199607133865356445e-02
5.425539999999667998e+03 9.304730892181396484e-01 3.258784487843513489e-02
5.427019999999667561e+03 8.935385942459106445e-01 3.228760138154029846e-02
5.428499999999667125e+03 8.810433745384216309e-01 3.150579705834388733e-02
5.429979999999666688e+03 8.162526488304138184e-01 3.117222525179386139e-02
5.431459999999666252e+03 8.947581052780151367e-01 3.198122978210449219e-02
5.432939999999665815e+03 9.315574765205383301e-01 3.199859708547592163e-02
5.434419999999665379e+03 7.962437868118286133e-01 3.081431053578853607e-02
5.435899999999664942e+03 8.167327642440795898e-01 3.120701387524604797e-02
5.437379999999664506e+03 9.087473154067993164e-01 3.256260976195335388e-02
5.438859999999664069e+03 8.865659236907958984e-01 3.245635703206062317e-02
5.440339999999663632e+03 8.841729164123535156e-01 3.223393857479095459e-02
5.441819999999663196e+03 8.690637946128845215e-01 3.221204131841659546e-02
5.443299999999662759e+03 8.904135227203369141e-01 3.215281665325164795e-02
5.444779999999662323e+03 8.880782723426818848e-01 3.147789835929870605e-02
5.446259999999661886e+03 8.233758211135864258e-01 3.078046254813671112e-02
5.447739999999661450e+03 8.309210538864135742e-01 3.143486008048057556e-02
5.449219999999661013e+03 8.259938955307006836e-01 3.175926208496093750e-02
5.450699999999660577e+03 8.891214132308959961e-01 3.212301433086395264e-02
5.452179999999660140e+03 9.256314039230346680e-01 3.253864124417304993e-02
5.453659999999659703e+03 9.017271995544433594e-01 3.135475143790245056e-02
5.455139999999659267e+03 9.196324348449707031e-01 3.171850740909576416e-02
5.456619999999658830e+03 9.424929618835449219e-01 3.232088685035705566e-02
5.458099999999658394e+03 9.606238603591918945e-01 3.268691897392272949e-02
5.459579999999657957e+03 9.217518568038940430e-01 3.232121095061302185e-02
5.461059999999657521e+03 8.904291391372680664e-01 3.180836886167526245e-02
5.462539999999657084e+03 8.969434499740600586e-01 3.154299408197402954e-02
5.464019999999656648e+03 8.513128757476806641e-01 3.127886354923248291e-02
5.465499999999656211e+03 9.343144297599792480e-01 3.229532018303871155e-02
5.466979999999655774e+03 9.137278795242309570e-01 3.214930742979049683e-02
5.468459999999655338e+03 8.974088430404663086e-01 3.195971250534057617e-02
5.469939999999654901e+03 9.440766572952270508e-01 3.219791129231452942e-02
5.471419999999654465e+03 9.256427288055419922e-01 3.207907453179359436e-02
5.472899999999654028e+03 8.999503254890441895e-01 3.180468827486038208e-02
5.474379999999653592e+03 9.202516674995422363e-01 3.157216683030128479e-02
5.475859999999653155e+03 9.039788842201232910e-01 3.105370514094829559e-02
5.477339999999652719e+03 9.132331609725952148e-01 3.150240704417228699e-02
5.478819999999652282e+03 9.240381717681884766e-01 3.178955242037773132e-02
5.480299999999651845e+03 9.128259420394897461e-01 3.141994029283523560e-02
5.481779999999651409e+03 9.700614213943481445e-01 3.208405524492263794e-02
5.483259999999650972e+03 9.592161178588867188e-01 3.229863941669464111e-02
5.484739999999650536e+03 8.665086627006530762e-01 3.146908432245254517e-02
5.486219999999650099e+03 8.899211883544921875e-01 3.143858164548873901e-02
5.487699999999649663e+03 9.298084974288940430e-01 3.178191930055618286e-02
5.489179999999649226e+03 9.528588056564331055e-01 3.231504186987876892e-02
5.490659999999648790e+03 9.181213378906250000e-01 3.195658326148986816e-02
5.492139999999648353e+03 8.950605988502502441e-01 3.166849538683891296e-02
5.493619999999647916e+03 8.730759620666503906e-01 3.146403282880783081e-02
5.495099999999647480e+03 8.548029661178588867e-01 3.130579367280006409e-02
5.496579999999647043e+03 8.636386394500732422e-01 3.128828480839729309e-02
5.498059999999646607e+03 8.177187442779541016e-01 3.110433556139469147e-02
5.499539999999646170e+03 8.475316762924194336e-01 3.124746121466159821e-02
5.501019999999645734e+03 8.942043781280517578e-01 3.138665854930877686e-02
5.502499999999645297e+03 9.157292246818542480e-01 3.168490901589393616e-02
5.503979999999644861e+03 9.524396657943725586e-01 3.188402578234672546e-02
5.505459999999644424e+03 8.856099247932434082e-01 3.123936429619789124e-02
5.506939999999643987e+03 9.039287567138671875e-01 3.153258189558982849e-02
5.508419999999643551e+03 8.573292493820190430e-01 3.124821558594703674e-02
5.509899999999643114e+03 8.963344097137451172e-01 3.153108432888984680e-02
5.511379999999642678e+03 9.369540214538574219e-01 3.167064487934112549e-02
5.512859999999642241e+03 9.174699187278747559e-01 3.139249235391616821e-02
5.514339999999641805e+03 8.552395105361938477e-01 3.113869205117225647e-02
5.515819999999641368e+03 9.113341569900512695e-01 3.154045715928077698e-02
5.517299999999640931e+03 9.266660213470458984e-01 3.196874260902404785e-02
5.518779999999640495e+03 8.940457701683044434e-01 3.158658370375633240e-02
5.520259999999640058e+03 9.282281398773193359e-01 3.191874176263809204e-02
5.521739999999639622e+03 9.305175542831420898e-01 3.173997998237609863e-02
5.523219999999639185e+03 9.338899850845336914e-01 3.187223896384239197e-02
5.524699999999638749e+03 9.755672216415405273e-01 3.198210522532463074e-02
5.526179999999638312e+03 1.017987132072448730e+00 3.194446116685867310e-02
5.527659999999637876e+03 9.325804710388183594e-01 3.101656585931777954e-02
5.529139999999637439e+03 9.468131065368652344e-01 3.148949518799781799e-02
5.530619999999637002e+03 8.414394855499267578e-01 3.113223239779472351e-02
5.532099999999636566e+03 9.320381283760070801e-01 3.167638927698135376e-02
5.533579999999636129e+03 9.094739556312561035e-01 3.137340024113655090e-02
5.535059999999635693e+03 8.887560367584228516e-01 3.123437985777854919e-02
5.536539999999635256e+03 8.930594921112060547e-01 3.133145719766616821e-02
5.538019999999634820e+03 8.712539672851562500e-01 3.116565197706222534e-02
5.539499999999634383e+03 8.292928934097290039e-01 3.108142875134944916e-02
5.540979999999633947e+03 8.729218244552612305e-01 3.183686360716819763e-02
5.542459999999633510e+03 8.909690380096435547e-01 3.133588284254074097e-02
5.543939999999633073e+03 8.614779710769653320e-01 3.106686472892761230e-02
5.545419999999632637e+03 9.182119369506835938e-01 3.152518346905708313e-02
5.546899999999632200e+03 9.446197748184204102e-01 3.172938525676727295e-02
5.548379999999631764e+03 9.026594161987304688e-01 3.149645775556564331e-02
5.549859999999631327e+03 9.147222638130187988e-01 3.164543583989143372e-02
5.551339999999630891e+03 9.137111902236938477e-01 3.156134858727455139e-02
5.552819999999630454e+03 9.100340604782104492e-01 3.123511560261249542e-02
5.554299999999630018e+03 9.319370985031127930e-01 3.140020743012428284e-02
5.555779999999629581e+03 9.032576084136962891e-01 3.120530210435390472e-02
5.557259999999629144e+03 8.902126550674438477e-01 3.110800869762897491e-02
5.558739999999628708e+03 9.413357377052307129e-01 3.145069628953933716e-02
5.560219999999628271e+03 9.347241520881652832e-01 3.142340481281280518e-02
5.561699999999627835e+03 8.834359645843505859e-01 3.100748918950557709e-02
5.563179999999627398e+03 8.470876216888427734e-01 3.066812455654144287e-02
5.564659999999626962e+03 8.918664455413818359e-01 3.088605217635631561e-02
5.566139999999626525e+03 8.935444951057434082e-01 3.096910193562507629e-02
5.567619999999626089e+03 8.533158302307128906e-01 3.055661357939243317e-02
5.569099999999625652e+03 8.901734352111816406e-01 3.083386085927486420e-02
5.570579999999625215e+03 9.275828599929809570e-01 3.119285777211189270e-02
5.572059999999624779e+03 9.322563409805297852e-01 3.094475716352462769e-02
5.573539999999624342e+03 8.343705534934997559e-01 3.057719208300113678e-02
5.575019999999623906e+03 8.094370365142822266e-01 3.802138194441795349e-02
5.576499999999623469e+03 9.238808155059814453e-01 4.517044126987457275e-02
5.577979999999623033e+03 8.866461515426635742e-01 4.120407626032829285e-02
5.579459999999622596e+03 7.939015626907348633e-01 3.171824663877487183e-02
5.580939999999622160e+03 8.813506364822387695e-01 3.052891977131366730e-02
5.582419999999621723e+03 8.983417749404907227e-01 3.103659301996231079e-02
5.583899999999621286e+03 8.932784795761108398e-01 3.078546561300754547e-02
5.585379999999620850e+03 8.800930380821228027e-01 3.039191290736198425e-02
5.586859999999620413e+03 9.211280941963195801e-01 3.033354133367538452e-02
5.588339999999619977e+03 9.517890810966491699e-01 3.074930049479007721e-02
5.589819999999619540e+03 9.415775537490844727e-01 3.093292005360126495e-02
5.591299999999619104e+03 9.172365665435791016e-01 3.089494071900844574e-02
5.592779999999618667e+03 8.608746528625488281e-01 3.025804832577705383e-02
5.594259999999618231e+03 8.360028862953186035e-01 2.998301759362220764e-02
5.595739999999617794e+03 9.312379360198974609e-01 3.111821599304676056e-02
5.597219999999617357e+03 8.556855916976928711e-01 3.031494468450546265e-02
5.598699999999616921e+03 8.572007417678833008e-01 3.007780201733112335e-02
5.600179999999616484e+03 8.688003420829772949e-01 3.015763871371746063e-02
5.601659999999616048e+03 8.435397744178771973e-01 2.987595275044441223e-02
5.603139999999615611e+03 9.021049737930297852e-01 3.056273981928825378e-02
5.604619999999615175e+03 9.147674441337585449e-01 3.130107000470161438e-02
5.606099999999614738e+03 9.093843698501586914e-01 3.122481890022754669e-02
5.607579999999614301e+03 8.659656047821044922e-01 3.067411109805107117e-02
5.609059999999613865e+03 8.922470808029174805e-01 3.084168210625648499e-02
5.610539999999613428e+03 8.944886922836303711e-01 3.084185160696506500e-02
5.612019999999612992e+03 9.636297225952148438e-01 3.143867105245590210e-02
5.613499999999612555e+03 9.421846866607666016e-01 3.060028143227100372e-02
5.614979999999612119e+03 8.853005170822143555e-01 2.985432557761669159e-02
5.616459999999611682e+03 8.820124268531799316e-01 3.009556606411933899e-02
5.617939999999611246e+03 8.764628171920776367e-01 3.041974827647209167e-02
5.619419999999610809e+03 8.359456062316894531e-01 3.005324117839336395e-02
5.620899999999610372e+03 8.794540166854858398e-01 3.055594302713871002e-02
5.622379999999609936e+03 8.553177714347839355e-01 3.042115643620491028e-02
5.623859999999609499e+03 8.476556539535522461e-01 3.001876734197139740e-02
5.625339999999609063e+03 8.392906785011291504e-01 2.990267984569072723e-02
5.626819999999608626e+03 8.746374845504760742e-01 3.052747249603271484e-02
5.628299999999608190e+03 8.804268836975097656e-01 3.048475831747055054e-02
5.629779999999607753e+03 8.962486386299133301e-01 3.088087588548660278e-02
5.631259999999607317e+03 9.021873474121093750e-01 3.077138587832450867e-02
5.632739999999606880e+03 8.829362392425537109e-01 3.047384507954120636e-02
5.634219999999606443e+03 8.666399717330932617e-01 3.022393584251403809e-02
5.635699999999606007e+03 8.905611038208007812e-01 3.034117072820663452e-02
5.637179999999605570e+03 9.081459641456604004e-01 3.053295984864234924e-02
5.638659999999605134e+03 9.240362644195556641e-01 3.072938323020935059e-02
5.640139999999604697e+03 8.577606678009033203e-01 3.014812059700489044e-02
5.641619999999604261e+03 8.500366806983947754e-01 2.996231615543365479e-02
5.643099999999603824e+03 9.162482023239135742e-01 3.045899979770183563e-02
5.644579999999603388e+03 9.211153388023376465e-01 3.077452629804611206e-02
5.646059999999602951e+03 8.970502614974975586e-01 3.054051287472248077e-02
5.647539999999602514e+03 8.609447479248046875e-01 3.030484169721603394e-02
5.649019999999602078e+03 8.469599485397338867e-01 2.998179942369461060e-02
5.650499999999601641e+03 8.266313076019287109e-01 2.984255924820899963e-02
5.651979999999601205e+03 8.664540648460388184e-01 3.009858541190624237e-02
5.653459999999600768e+03 8.999856114387512207e-01 3.021351248025894165e-02
5.654939999999600332e+03 9.131366014480590820e-01 3.026709519326686859e-02
5.656419999999599895e+03 9.106521606445312500e-01 3.009772300720214844e-02
5.657899999999599459e+03 9.304431676864624023e-01 3.008760325610637665e-02
5.659379999999599022e+03 9.140208959579467773e-01 3.015645593404769897e-02
5.660859999999598585e+03 9.073251485824584961e-01 3.016402199864387512e-02
5.662339999999598149e+03 9.117197990417480469e-01 3.019846230745315552e-02
5.663819999999597712e+03 9.127622246742248535e-01 3.046780079603195190e-02
5.665299999999597276e+03 8.645725250244140625e-01 3.006695583462715149e-02
5.666779999999596839e+03 8.662462830543518066e-01 3.002291359007358551e-02
5.668259999999596403e+03 8.924584388732910156e-01 3.032480552792549133e-02
5.669739999999595966e+03 9.312204122543334961e-01 3.060202486813068390e-02
5.671219999999595530e+03 8.992316722869873047e-01 3.050617873668670654e-02
5.672699999999595093e+03 8.979799747467041016e-01 3.045465983450412750e-02
5.674179999999594656e+03 8.560150265693664551e-01 3.002911061048507690e-02
5.675659999999594220e+03 8.937041163444519043e-01 3.029426373541355133e-02
5.677139999999593783e+03 9.072771072387695312e-01 3.036875277757644653e-02
5.678619999999593347e+03 8.675936460494995117e-01 3.003811091184616089e-02
5.680099999999592910e+03 8.957191109657287598e-01 3.015968576073646545e-02
5.681579999999592474e+03 8.868051767349243164e-01 2.990059927105903625e-02
5.683059999999592037e+03 8.328348398208618164e-01 2.937873080372810364e-02
5.684539999999591600e+03 9.046586751937866211e-01 3.003233298659324646e-02
5.686019999999591164e+03 8.904972672462463379e-01 2.977627143263816833e-02
5.687499999999590727e+03 8.681772947311401367e-01 2.960164286196231842e-02
5.688979999999590291e+03 8.963824510574340820e-01 2.999398112297058105e-02
5.690459999999589854e+03 8.845522403717041016e-01 2.997411228716373444e-02
5.691939999999589418e+03 9.065799117088317871e-01 3.021983243525028229e-02
5.693419999999588981e+03 9.120804071426391602e-01 3.021678887307643890e-02
5.694899999999588545e+03 9.031342864036560059e-01 3.018101118505001068e-02
5.696379999999588108e+03 9.286597371101379395e-01 3.046677075326442719e-02
5.697859999999587671e+03 8.918752670288085938e-01 2.999758534133434296e-02
5.699339999999587235e+03 8.694435358047485352e-01 2.970481477677822113e-02
5.700819999999586798e+03 8.786976337432861328e-01 2.976515144109725952e-02
5.702299999999586362e+03 8.436214923858642578e-01 2.955281734466552734e-02
5.703779999999585925e+03 8.805832266807556152e-01 2.981913648545742035e-02
5.705259999999585489e+03 9.154412746429443359e-01 3.002040646970272064e-02
5.706739999999585052e+03 8.684394359588623047e-01 2.940363623201847076e-02
5.708219999999584616e+03 8.636053800582885742e-01 2.926993556320667267e-02
5.709699999999584179e+03 8.782765865325927734e-01 2.926176786422729492e-02
5.711179999999583742e+03 8.944767117500305176e-01 2.942285500466823578e-02
5.712659999999583306e+03 9.362440705299377441e-01 3.015778400003910065e-02
5.714139999999582869e+03 9.740762710571289062e-01 3.066811896860599518e-02
5.715619999999582433e+03 9.664213061332702637e-01 3.050949238240718842e-02
5.717099999999581996e+03 8.838138580322265625e-01 2.990255691111087799e-02
5.718579999999581560e+03 8.649570941925048828e-01 2.986948564648628235e-02
5.720059999999581123e+03 8.798363208770751953e-01 3.004309535026550293e-02
5.721539999999580687e+03 8.858727216720581055e-01 3.012082353234291077e-02
5.723019999999580250e+03 9.064514636993408203e-01 3.023176640272140503e-02
5.724499999999579813e+03 8.927152156829833984e-01 3.014629706740379333e-02
5.725979999999579377e+03 9.087299108505249023e-01 3.020627051591873169e-02
5.727459999999578940e+03 9.113764762878417969e-01 3.021395392715930939e-02
5.728939999999578504e+03 9.290962815284729004e-01 3.035812079906463623e-02
5.730419999999578067e+03 9.390995502471923828e-01 3.036620654165744781e-02
5.731899999999577631e+03 8.817035555839538574e-01 2.980869635939598083e-02
5.733379999999577194e+03 8.850017786026000977e-01 2.999382652342319489e-02
5.734859999999576758e+03 8.768303990364074707e-01 2.994904294610023499e-02
5.736339999999576321e+03 8.856297731399536133e-01 2.996601723134517670e-02
5.737819999999575884e+03 8.989634513854980469e-01 3.008424118161201477e-02
5.739299999999575448e+03 8.899290561676025391e-01 2.995462156832218170e-02
5.740779999999575011e+03 8.892669677734375000e-01 2.994742989540100098e-02
5.742259999999574575e+03 8.730798959732055664e-01 2.984137274324893951e-02
5.743739999999574138e+03 8.645961284637451172e-01 2.974444255232810974e-02
5.745219999999573702e+03 8.494613766670227051e-01 2.957286499440670013e-02
5.746699999999573265e+03 8.439079523086547852e-01 2.938461489975452423e-02
5.748179999999572829e+03 8.656762838363647461e-01 2.949401922523975372e-02
5.749659999999572392e+03 8.786942362785339355e-01 2.977132797241210938e-02
5.751139999999571955e+03 8.638169765472412109e-01 2.950942330062389374e-02
5.752619999999571519e+03 8.382614850997924805e-01 2.894147112965583801e-02
5.754099999999571082e+03 8.539991378784179688e-01 2.905848436057567596e-02
5.755579999999570646e+03 9.434757232666015625e-01 3.019037842750549316e-02
5.757059999999570209e+03 9.533027410507202148e-01 3.032751753926277161e-02
5.758539999999569773e+03 8.839087486267089844e-01 2.972676604986190796e-02
5.760019999999569336e+03 8.733013868331909180e-01 2.954096347093582153e-02
5.761499999999568900e+03 8.799041509628295898e-01 2.933055348694324493e-02
5.762979999999568463e+03 8.627816438674926758e-01 2.919070981442928314e-02
5.764459999999568026e+03 8.687878847122192383e-01 2.947796322405338287e-02
5.765939999999567590e+03 8.810836076736450195e-01 2.976345829665660858e-02
5.767419999999567153e+03 8.566549420356750488e-01 2.957245334982872009e-02
5.768899999999566717e+03 8.726475238800048828e-01 2.954409271478652954e-02
5.770379999999566280e+03 8.807232379913330078e-01 2.966361865401268005e-02
5.771859999999565844e+03 8.719394207000732422e-01 2.958025783300399780e-02
5.773339999999565407e+03 8.350157141685485840e-01 2.905205264687538147e-02
5.774819999999564970e+03 8.621044158935546875e-01 2.935202606022357941e-02
5.776299999999564534e+03 8.862403035163879395e-01 2.965144254267215729e-02
5.777779999999564097e+03 8.751417398452758789e-01 2.954943291842937469e-02
5.779259999999563661e+03 8.895962238311767578e-01 2.946273423731327057e-02
5.780739999999563224e+03 8.669784069061279297e-01 2.904549799859523773e-02
5.782219999999562788e+03 8.744231462478637695e-01 2.902549505233764648e-02
5.783699999999562351e+03 8.792605996131896973e-01 2.909113094210624695e-02
5.785179999999561915e+03 8.692955970764160156e-01 2.906711585819721222e-02
5.786659999999561478e+03 8.855841755867004395e-01 2.932304702699184418e-02
5.788139999999561041e+03 9.080500602722167969e-01 2.960900217294692993e-02
5.789619999999560605e+03 9.166641235351562500e-01 2.957878261804580688e-02
5.791099999999560168e+03 8.794614076614379883e-01 2.924411185085773468e-02
5.792579999999559732e+03 8.820840716361999512e-01 2.944371290504932404e-02
5.794059999999559295e+03 9.040352702140808105e-01 2.962003275752067566e-02
5.795539999999558859e+03 8.483648896217346191e-01 2.909447997808456421e-02
5.797019999999558422e+03 8.422306776046752930e-01 2.900422364473342896e-02
5.798499999999557986e+03 9.022690057754516602e-01 2.945426665246486664e-02
5.799979999999557549e+03 9.051057100296020508e-01 2.951323613524436951e-02
5.801459999999557112e+03 8.441016674041748047e-01 2.913566865026950836e-02
5.802939999999556676e+03 8.520865440368652344e-01 2.911118417978286743e-02
5.804419999999556239e+03 8.663323521614074707e-01 2.902893722057342529e-02
5.805899999999555803e+03 8.658891320228576660e-01 2.905337326228618622e-02
5.807379999999555366e+03 9.271495342254638672e-01 2.961516194045543671e-02
5.808859999999554930e+03 9.150054454803466797e-01 2.957199513912200928e-02
5.810339999999554493e+03 8.832340240478515625e-01 2.939012646675109863e-02
5.811819999999554057e+03 8.768075704574584961e-01 2.928094193339347839e-02
5.813299999999553620e+03 8.609791398048400879e-01 2.915569022297859192e-02
5.814779999999553183e+03 8.713381886482238770e-01 2.917561680078506470e-02
5.816259999999552747e+03 8.849919438362121582e-01 2.917929738759994507e-02
5.817739999999552310e+03 9.051220417022705078e-01 2.941186539828777313e-02
5.819219999999551874e+03 8.966876268386840820e-01 2.955642528831958771e-02
5.820699999999551437e+03 8.715044260025024414e-01 2.926337905228137970e-02
5.822179999999551001e+03 9.098400473594665527e-01 2.950459904968738556e-02
5.823659999999550564e+03 9.246463775634765625e-01 2.964395098388195038e-02
5.825139999999550128e+03 8.951956033706665039e-01 2.940117381513118744e-02
5.826619999999549691e+03 8.733950853347778320e-01 2.924587763845920563e-02
5.828099999999549254e+03 9.061794281005859375e-01 2.945214137434959412e-02
5.829579999999548818e+03 9.351370334625244141e-01 2.970848046243190765e-02
5.831059999999548381e+03 8.955868482589721680e-01 2.933396212756633759e-02
5.832539999999547945e+03 8.859700560569763184e-01 2.921941131353378296e-02
5.834019999999547508e+03 9.168523550033569336e-01 2.953390032052993774e-02
5.835499999999547072e+03 8.474984765052795410e-01 2.893903478980064392e-02
5.836979999999546635e+03 8.186347484588623047e-01 2.871193923056125641e-02
5.838459999999546199e+03 9.322691559791564941e-01 2.954205125570297241e-02
5.839939999999545762e+03 8.968837261199951172e-01 2.934293262660503387e-02
5.841419999999545325e+03 8.431570529937744141e-01 2.894249930977821350e-02
5.842899999999544889e+03 8.836225271224975586e-01 2.931590192019939423e-02
5.844379999999544452e+03 9.022330045700073242e-01 2.942887693643569946e-02
5.845859999999544016e+03 9.339498281478881836e-01 2.955826744437217712e-02
5.847339999999543579e+03 9.131839275360107422e-01 2.937562763690948486e-02
5.848819999999543143e+03 8.785712718963623047e-01 2.906977199018001556e-02
5.850299999999542706e+03 8.932585120201110840e-01 2.913453243672847748e-02
5.851779999999542270e+03 8.878396153450012207e-01 2.912520803511142731e-02
5.853259999999541833e+03 8.840211033821105957e-01 2.908099442720413208e-02
5.854739999999541396e+03 8.897256851196289062e-01 2.892682515084743500e-02
5.856219999999540960e+03 9.302537441253662109e-01 2.910326421260833740e-02
5.857699999999540523e+03 8.925487995147705078e-01 2.880991250276565552e-02
5.859179999999540087e+03 8.665030002593994141e-01 2.865254692733287811e-02
5.860659999999539650e+03 8.900414705276489258e-01 2.892254292964935303e-02
5.862139999999539214e+03 8.642153143882751465e-01 2.882483974099159241e-02
5.863619999999538777e+03 8.494048714637756348e-01 2.890608273446559906e-02
5.865099999999538340e+03 8.586182594299316406e-01 2.931148186326026917e-02
5.866579999999537904e+03 9.000192880630493164e-01 2.964469045400619507e-02
5.868059999999537467e+03 9.396420717239379883e-01 2.991934120655059814e-02
5.869539999999537031e+03 9.562191963195800781e-01 2.986639924347400665e-02
5.871019999999536594e+03 9.077184200286865234e-01 2.936655282974243164e-02
5.872499999999536158e+03 8.867487907409667969e-01 2.914270944893360138e-02
5.873979999999535721e+03 9.032324552536010742e-01 2.923614531755447388e-02
5.875459999999535285e+03 8.928540945053100586e-01 2.909257821738719940e-02
5.876939999999534848e+03 8.989425301551818848e-01 2.913501113653182983e-02
5.878419999999534411e+03 8.712233304977416992e-01 2.880343608558177948e-02
5.879899999999533975e+03 9.042733311653137207e-01 2.905282005667686462e-02
5.881379999999533538e+03 9.195526838302612305e-01 2.911199256777763367e-02
5.882859999999533102e+03 8.459574580192565918e-01 2.851162664592266083e-02
5.884339999999532665e+03 8.677693605422973633e-01 2.863832190632820129e-02
5.885819999999532229e+03 8.684935569763183594e-01 2.894705720245838165e-02
5.887299999999531792e+03 8.241561651229858398e-01 2.916034311056137085e-02
5.888779999999531356e+03 8.460060954093933105e-01 3.013501875102519989e-02
5.890259999999530919e+03 7.931004762649536133e-01 2.919457294046878815e-02
5.891739999999530482e+03 8.199110031127929688e-01 2.841501682996749878e-02
5.893219999999530046e+03 8.362174630165100098e-01 2.840493246912956238e-02
5.894699999999529609e+03 8.698228597640991211e-01 2.929005585610866547e-02
5.896179999999529173e+03 8.652297854423522949e-01 2.913681790232658386e-02
5.897659999999528736e+03 9.208161830902099609e-01 2.894049510359764099e-02
5.899139999999528300e+03 8.505121469497680664e-01 2.828980237245559692e-02
5.900619999999527863e+03 9.277347922325134277e-01 2.901631034910678864e-02
5.902099999999527427e+03 8.875073194503784180e-01 2.876066230237483978e-02
5.903579999999526990e+03 8.874161243438720703e-01 2.898283861577510834e-02
5.905059999999526553e+03 8.673281669616699219e-01 2.876564301550388336e-02
5.906539999999526117e+03 8.905247449874877930e-01 2.879462018609046936e-02
5.908019999999525680e+03 9.312124252319335938e-01 2.924318611621856689e-02
5.909499999999525244e+03 9.055036306381225586e-01 2.886876650154590607e-02
5.910979999999524807e+03 9.053249955177307129e-01 2.894564904272556305e-02
5.912459999999524371e+03 8.510354757308959961e-01 2.853667363524436951e-02
5.913939999999523934e+03 8.982093334197998047e-01 2.909542620182037354e-02
5.915419999999523498e+03 8.971651792526245117e-01 2.907677553594112396e-02
5.916899999999523061e+03 8.867577910423278809e-01 2.876518294215202332e-02
5.918379999999522624e+03 8.593850135803222656e-01 2.843239903450012207e-02
5.919859999999522188e+03 9.020209312438964844e-01 2.879475057125091553e-02
5.921339999999521751e+03 8.686098456382751465e-01 2.852142602205276489e-02
5.922819999999521315e+03 8.737651109695434570e-01 2.861287444829940796e-02
5.924299999999520878e+03 9.034256935119628906e-01 2.899792045354843140e-02
5.925779999999520442e+03 8.807355165481567383e-01 2.880419977009296417e-02
5.927259999999520005e+03 8.960056304931640625e-01 2.870860695838928223e-02
5.928739999999519569e+03 8.825653791427612305e-01 2.845859900116920471e-02
5.930219999999519132e+03 8.758466839790344238e-01 2.850895002484321594e-02
5.931699999999518695e+03 8.971546888351440430e-01 2.919903956353664398e-02
5.933179999999518259e+03 9.030196070671081543e-01 2.935455553233623505e-02
5.934659999999517822e+03 9.362285137176513672e-01 2.908184751868247986e-02
5.936139999999517386e+03 8.771743178367614746e-01 2.857591956853866577e-02
5.937619999999516949e+03 9.075949788093566895e-01 2.879238128662109375e-02
5.939099999999516513e+03 9.298386573791503906e-01 2.896128781139850616e-02
5.940579999999516076e+03 8.683925867080688477e-01 2.831171825528144836e-02
5.942059999999515640e+03 8.386294841766357422e-01 2.796344086527824402e-02
5.943539999999515203e+03 8.313455581665039062e-01 2.806332707405090332e-02
5.945019999999514766e+03 8.508763313293457031e-01 2.843328192830085754e-02
5.946499999999514330e+03 8.521602153778076172e-01 2.810855396091938019e-02
5.947979999999513893e+03 8.435176610946655273e-01 2.795780822634696960e-02
5.949459999999513457e+03 8.794569969177246094e-01 2.824687585234642029e-02
5.950939999999513020e+03 9.211027622222900391e-01 2.883855067193508148e-02
5.952419999999512584e+03 9.210317134857177734e-01 2.907920815050601959e-02
5.953899999999512147e+03 8.790706992149353027e-01 2.890124171972274780e-02
5.955379999999511710e+03 8.694231510162353516e-01 2.856023423373699188e-02
5.956859999999511274e+03 8.739362955093383789e-01 2.825008332729339600e-02
5.958339999999510837e+03 8.329775929450988770e-01 2.785153687000274658e-02
5.959819999999510401e+03 9.321014881134033203e-01 2.892089635133743286e-02
5.961299999999509964e+03 8.891652822494506836e-01 2.861191146075725555e-02
5.962779999999509528e+03 8.499646186828613281e-01 2.820532955229282379e-02
5.964259999999509091e+03 8.316104412078857422e-01 2.797613106667995453e-02
5.965739999999508655e+03 8.760936856269836426e-01 2.844356745481491089e-02
5.967219999999508218e+03 8.721622824668884277e-01 2.832545526325702667e-02
5.968699999999507781e+03 8.558899760246276855e-01 2.821778692305088043e-02
5.970179999999507345e+03 8.860471248626708984e-01 2.860247716307640076e-02
5.971659999999506908e+03 8.921431303024291992e-01 2.865757606923580170e-02
5.973139999999506472e+03 8.745331168174743652e-01 2.837861515581607819e-02
5.974619999999506035e+03 8.666974306106567383e-01 2.815724350512027740e-02
5.976099999999505599e+03 8.726691007614135742e-01 2.825470268726348877e-02
5.977579999999505162e+03 8.879759311676025391e-01 2.846509031951427460e-02
5.979059999999504726e+03 8.884724378585815430e-01 2.845392562448978424e-02
5.980539999999504289e+03 8.693555593490600586e-01 2.826951630413532257e-02
5.982019999999503852e+03 8.932232856750488281e-01 2.837850712239742279e-02
5.983499999999503416e+03 9.120628833770751953e-01 2.831158787012100220e-02
5.984979999999502979e+03 8.956858515739440918e-01 2.810845710337162018e-02
5.986459999999502543e+03 9.013950824737548828e-01 2.824971452355384827e-02
5.987939999999502106e+03 8.811566829681396484e-01 2.816090360283851624e-02
5.989419999999501670e+03 8.625152111053466797e-01 2.800722606480121613e-02
5.990899999999501233e+03 9.208439588546752930e-01 2.844721078872680664e-02
5.992379999999500797e+03 9.061522483825683594e-01 2.839501015841960907e-02
5.993859999999500360e+03 8.550060987472534180e-01 2.803218737244606018e-02
5.995339999999499923e+03 9.093496799468994141e-01 2.852369099855422974e-02
5.996819999999499487e+03 9.230835437774658203e-01 2.853497862815856934e-02
5.998299999999499050e+03 8.990733623504638672e-01 2.826021239161491394e-02
5.999779999999498614e+03 8.886820077896118164e-01 2.819648571312427521e-02
6.001259999999498177e+03 8.553806543350219727e-01 2.792916633188724518e-02
6.002739999999497741e+03 9.202740788459777832e-01 2.848264947533607483e-02
6.004219999999497304e+03 9.124754667282104492e-01 2.850706130266189575e-02
6.005699999999496868e+03 8.925512433052062988e-01 2.815940976142883301e-02
6.007179999999496431e+03 9.457335472106933594e-01 2.841844223439693451e-02
6.008659999999495994e+03 9.358723163604736328e-01 2.829845622181892395e-02
6.010139999999495558e+03 8.786284327507019043e-01 2.805833891034126282e-02
6.011619999999495121e+03 8.724605441093444824e-01 2.791395224630832672e-02
6.013099999999494685e+03 8.940961956977844238e-01 2.812479250133037567e-02
6.014579999999494248e+03 8.702568411827087402e-01 2.785104699432849884e-02
6.016059999999493812e+03 8.664860129356384277e-01 2.779929898679256439e-02
6.017539999999493375e+03 8.949508070945739746e-01 2.806968614459037781e-02
6.019019999999492939e+03 9.025774002075195312e-01 2.797660604119300842e-02
6.020499999999492502e+03 8.655127286911010742e-01 2.763674035668373108e-02
6.021979999999492065e+03 9.042609930038452148e-01 2.782218717038631439e-02
6.023459999999491629e+03 9.663323163986206055e-01 2.844508737325668335e-02
6.024939999999491192e+03 8.737581968307495117e-01 2.771443314850330353e-02
6.026419999999490756e+03 9.566916227340698242e-01 2.855669893324375153e-02
6.027899999999490319e+03 8.891457319259643555e-01 2.801718749105930328e-02
6.029379999999489883e+03 8.775153160095214844e-01 2.795515954494476318e-02
6.030859999999489446e+03 8.862168788909912109e-01 2.801006473600864410e-02
6.032339999999489009e+03 8.995339870452880859e-01 2.817985229194164276e-02
6.033819999999488573e+03 8.709527850151062012e-01 2.798659168183803558e-02
6.035299999999488136e+03 8.562763333320617676e-01 2.777829580008983612e-02
6.036779999999487700e+03 8.978706598281860352e-01 2.814070880413055420e-02
6.038259999999487263e+03 8.367857933044433594e-01 2.758062444627285004e-02
6.039739999999486827e+03 8.484201431274414062e-01 2.762432396411895752e-02
6.041219999999486390e+03 8.726359009742736816e-01 2.784450538456439972e-02
6.042699999999485954e+03 8.590309023857116699e-01 2.762229740619659424e-02
6.044179999999485517e+03 8.542950153350830078e-01 2.765979059040546417e-02
6.045659999999485080e+03 8.404921293258666992e-01 2.756354399025440216e-02
6.047139999999484644e+03 8.264764547348022461e-01 2.749092690646648407e-02
6.048619999999484207e+03 8.396468162536621094e-01 2.759320847690105438e-02
6.050099999999483771e+03 8.721407651901245117e-01 2.783231064677238464e-02
6.051579999999483334e+03 8.753374814987182617e-01 2.780002914369106293e-02
6.053059999999482898e+03 8.572418689727783203e-01 2.761266194283962250e-02
6.054539999999482461e+03 9.296045303344726562e-01 2.812835201621055603e-02
6.056019999999482025e+03 1.041605472564697266e+00 2.898747846484184265e-02
6.057499999999481588e+03 1.132255077362060547e+00 2.986840903759002686e-02
6.058979999999481151e+03 1.279281020164489746e+00 3.089159168303012848e-02
6.060459999999480715e+03 1.366086244583129883e+00 3.147644549608230591e-02
6.061939999999480278e+03 1.191148042678833008e+00 3.024130873382091522e-02
6.063419999999479842e+03 9.816828370094299316e-01 2.847921475768089294e-02
6.064899999999479405e+03 8.960993289947509766e-01 2.766275778412818909e-02
6.066379999999478969e+03 8.609785437583923340e-01 2.751854434609413147e-02
6.067859999999478532e+03 8.566219210624694824e-01 2.764184027910232544e-02
6.069339999999478096e+03 8.575429916381835938e-01 2.757539600133895874e-02
6.070819999999477659e+03 8.352882266044616699e-01 2.749257721006870270e-02
6.072299999999477222e+03 7.876847386360168457e-01 2.713221497833728790e-02
6.073779999999476786e+03 7.321153879165649414e-01 2.655887231230735779e-02
6.075259999999476349e+03 6.518921852111816406e-01 2.581390924751758575e-02
6.076739999999475913e+03 6.515997648239135742e-01 2.567373029887676239e-02
6.078219999999475476e+03 6.943404078483581543e-01 2.598919533193111420e-02
6.079699999999475040e+03 6.978744268417358398e-01 2.599491737782955170e-02
6.081179999999474603e+03 7.329796552658081055e-01 2.641148865222930908e-02
6.082659999999474167e+03 7.953841090202331543e-01 2.693380974233150482e-02
6.084139999999473730e+03 8.568071126937866211e-01 2.740225940942764282e-02
6.085619999999473293e+03 8.436117172241210938e-01 2.725553698837757111e-02
6.087099999999472857e+03 8.696555495262145996e-01 2.740354649722576141e-02
6.088579999999472420e+03 8.522379398345947266e-01 2.738674916326999664e-02
6.090059999999471984e+03 8.667361736297607422e-01 2.738603949546813965e-02
6.091539999999471547e+03 8.796617388725280762e-01 2.742058597505092621e-02
6.093019999999471111e+03 8.471676111221313477e-01 2.717298828065395355e-02
6.094499999999470674e+03 8.949298858642578125e-01 2.775120735168457031e-02
6.095979999999470238e+03 8.601414561271667480e-01 2.737879194319248199e-02
6.097459999999469801e+03 8.747155666351318359e-01 2.747390419244766235e-02
6.098939999999469364e+03 8.544230461120605469e-01 2.734530158340930939e-02
6.100419999999468928e+03 8.452708721160888672e-01 2.699398435652256012e-02
6.101899999999468491e+03 8.065634965896606445e-01 2.642291039228439331e-02
6.103379999999468055e+03 8.847455978393554688e-01 2.719993889331817627e-02
6.104859999999467618e+03 8.948867321014404297e-01 2.750202082097530365e-02
6.106339999999467182e+03 8.943195343017578125e-01 2.747385203838348389e-02
6.107819999999466745e+03 8.597429990768432617e-01 2.727787010371685028e-02
6.109299999999466309e+03 8.890257477760314941e-01 2.754329517483711243e-02
6.110779999999465872e+03 8.951119184494018555e-01 2.743865177035331726e-02
6.112259999999465435e+03 8.855570554733276367e-01 2.749624662101268768e-02
6.113739999999464999e+03 8.812421560287475586e-01 2.735837362706661224e-02
6.115219999999464562e+03 8.304241895675659180e-01 2.698713913559913635e-02
6.116699999999464126e+03 8.607633113861083984e-01 2.718812786042690277e-02
6.118179999999463689e+03 8.747144341468811035e-01 2.739298716187477112e-02
6.119659999999463253e+03 8.502259254455566406e-01 2.707906812429428101e-02
6.121139999999462816e+03 8.741130828857421875e-01 2.711449749767780304e-02
6.122619999999462379e+03 8.593349456787109375e-01 2.684085816144943237e-02
6.124099999999461943e+03 9.086186885833740234e-01 2.738309092819690704e-02
6.125579999999461506e+03 9.071332812309265137e-01 2.761898003518581390e-02
6.127059999999461070e+03 9.304511547088623047e-01 2.773197926580905914e-02
6.128539999999460633e+03 8.958318233489990234e-01 2.733069472014904022e-02
6.130019999999460197e+03 8.982244729995727539e-01 2.731412276625633240e-02
6.131499999999459760e+03 9.084936380386352539e-01 2.747976966202259064e-02
6.132979999999459324e+03 9.040811061859130859e-01 2.750038355588912964e-02
6.134459999999458887e+03 9.266291260719299316e-01 2.753496915102005005e-02
6.135939999999458450e+03 8.845741748809814453e-01 2.691711671650409698e-02
6.137419999999458014e+03 8.777647018432617188e-01 2.684711664915084839e-02
6.138899999999457577e+03 8.691656589508056641e-01 2.709497325122356415e-02
6.140379999999457141e+03 8.618925809860229492e-01 2.708173356950283051e-02
6.141859999999456704e+03 8.977786302566528320e-01 2.723313868045806885e-02
6.143339999999456268e+03 8.765712976455688477e-01 2.718003466725349426e-02
6.144819999999455831e+03 8.636500835418701172e-01 2.724080346524715424e-02
6.146299999999455395e+03 8.792642951011657715e-01 2.726956270635128021e-02
6.147779999999454958e+03 8.364126682281494141e-01 2.670065872371196747e-02
6.149259999999454521e+03 8.266631364822387695e-01 2.669784985482692719e-02
6.150739999999454085e+03 8.551287651062011719e-01 2.706817537546157837e-02
6.152219999999453648e+03 8.679614663124084473e-01 2.706838399171829224e-02
6.153699999999453212e+03 8.400759696960449219e-01 2.674609795212745667e-02
6.155179999999452775e+03 8.827365636825561523e-01 2.703682333230972290e-02
6.156659999999452339e+03 8.546194434165954590e-01 2.674054726958274841e-02
6.158139999999451902e+03 8.697803020477294922e-01 2.704831957817077637e-02
6.159619999999451466e+03 9.083988666534423828e-01 2.707135677337646484e-02
6.161099999999451029e+03 8.631074428558349609e-01 2.644640207290649414e-02
6.162579999999450592e+03 8.502144217491149902e-01 2.611097879707813263e-02
6.164059999999450156e+03 9.330142736434936523e-01 2.718516439199447632e-02
6.165539999999449719e+03 9.121707677841186523e-01 2.711074240505695343e-02
6.167019999999449283e+03 8.823660016059875488e-01 2.691891230642795563e-02
6.168499999999448846e+03 8.554685115814208984e-01 2.660168707370758057e-02
6.169979999999448410e+03 9.175912737846374512e-01 2.729219198226928711e-02
6.171459999999447973e+03 8.816682100296020508e-01 2.705837041139602661e-02
6.172939999999447537e+03 8.359751105308532715e-01 2.676381729543209076e-02
6.174419999999447100e+03 8.465655446052551270e-01 2.673281170427799225e-02
6.175899999999446663e+03 8.617721199989318848e-01 2.691935934126377106e-02
6.177379999999446227e+03 8.785692453384399414e-01 2.698140218853950500e-02
6.178859999999445790e+03 8.787315487861633301e-01 2.704108692705631256e-02
6.180339999999445354e+03 8.788022398948669434e-01 2.703287266194820404e-02
6.181819999999444917e+03 8.526226282119750977e-01 2.687931433320045471e-02
6.183299999999444481e+03 9.007619619369506836e-01 2.729014307260513306e-02
6.184779999999444044e+03 8.793480396270751953e-01 2.708129398524761200e-02
6.186259999999443608e+03 8.854298591613769531e-01 2.699151635169982910e-02
6.187739999999443171e+03 8.968802690505981445e-01 2.715596370398998260e-02
6.189219999999442734e+03 8.872508406639099121e-01 2.690797112882137299e-02
6.190699999999442298e+03 8.593333959579467773e-01 2.656370960175991058e-02
6.192179999999441861e+03 8.250437378883361816e-01 2.636902034282684326e-02
6.193659999999441425e+03 8.560680150985717773e-01 2.672941982746124268e-02
6.195139999999440988e+03 8.707019686698913574e-01 2.688675187528133392e-02
6.196619999999440552e+03 8.802326917648315430e-01 2.866517007350921631e-02
6.198099999999440115e+03 9.042389392852783203e-01 2.910914644598960876e-02
6.199579999999439679e+03 8.848685622215270996e-01 2.679857239127159119e-02
6.201059999999439242e+03 8.648403882980346680e-01 2.697076462209224701e-02
6.202539999999438805e+03 8.598400354385375977e-01 2.712652459740638733e-02
6.204019999999438369e+03 8.316057324409484863e-01 2.674773149192333221e-02
6.205499999999437932e+03 8.567500114440917969e-01 2.683410234749317169e-02
6.206979999999437496e+03 8.647741079330444336e-01 2.686007693409919739e-02
6.208459999999437059e+03 8.719776868820190430e-01 2.697709389030933380e-02
6.209939999999436623e+03 8.962041139602661133e-01 2.712616883218288422e-02
6.211419999999436186e+03 8.729057312011718750e-01 2.691015228629112244e-02
6.212899999999435749e+03 8.541178107261657715e-01 2.670610696077346802e-02
6.214379999999435313e+03 8.704539537429809570e-01 2.652005478739738464e-02
6.215859999999434876e+03 9.487901329994201660e-01 2.734088338911533356e-02
6.217339999999434440e+03 8.967638015747070312e-01 2.698550373315811157e-02
6.218819999999434003e+03 8.500316143035888672e-01 2.661078982055187225e-02
6.220299999999433567e+03 8.685631752014160156e-01 2.690428309142589569e-02
6.221779999999433130e+03 9.239597320556640625e-01 2.739574573934078217e-02
6.223259999999432694e+03 9.052922725677490234e-01 2.716606669127941132e-02
6.224739999999432257e+03 8.813974857330322266e-01 2.687208168208599091e-02
6.226219999999431820e+03 8.959819674491882324e-01 2.696576900780200958e-02
6.227699999999431384e+03 8.853979110717773438e-01 2.680158056318759918e-02
6.229179999999430947e+03 9.289966821670532227e-01 2.694244869053363800e-02
6.230659999999430511e+03 8.991495966911315918e-01 2.660055272281169891e-02
6.232139999999430074e+03 8.978579640388488770e-01 2.695030719041824341e-02
6.233619999999429638e+03 8.831235170364379883e-01 2.764220535755157471e-02
6.235099999999429201e+03 8.827699422836303711e-01 2.783770486712455750e-02
6.236579999999428765e+03 9.007303714752197266e-01 2.763130888342857361e-02
6.238059999999428328e+03 8.609528541564941406e-01 2.691978774964809418e-02
6.239539999999427891e+03 8.799809217453002930e-01 2.697706408798694611e-02
6.241019999999427455e+03 8.932220935821533203e-01 2.713403850793838501e-02
6.242499999999427018e+03 9.010301232337951660e-01 2.705321088433265686e-02
6.243979999999426582e+03 9.101218581199645996e-01 2.698947861790657043e-02
6.245459999999426145e+03 8.895136117935180664e-01 2.663427032530307770e-02
6.246939999999425709e+03 8.663624525070190430e-01 2.637502178549766541e-02
6.248419999999425272e+03 8.631927967071533203e-01 2.644986659288406372e-02
6.249899999999424836e+03 8.543870449066162109e-01 2.644072473049163818e-02
6.251379999999424399e+03 8.676346540451049805e-01 2.642088755965232849e-02
6.252859999999423962e+03 8.708289265632629395e-01 2.625606581568717957e-02
6.254339999999423526e+03 8.675422668457031250e-01 2.627139165997505188e-02
6.255819999999423089e+03 9.102108478546142578e-01 2.727838791906833649e-02
6.257299999999422653e+03 8.928655385971069336e-01 2.765117399394512177e-02
6.258779999999422216e+03 8.741585612297058105e-01 2.718347683548927307e-02
6.260259999999421780e+03 9.154094457626342773e-01 2.708480507135391235e-02
6.261739999999421343e+03 8.883410692214965820e-01 2.683637477457523346e-02
6.263219999999420907e+03 9.144511818885803223e-01 2.723419666290283203e-02
6.264699999999420470e+03 9.292817711830139160e-01 2.734365500509738922e-02
6.266179999999420033e+03 9.166163206100463867e-01 2.717665024101734161e-02
6.267659999999419597e+03 8.665056228637695312e-01 2.678154781460762024e-02
6.269139999999419160e+03 8.726001977920532227e-01 2.657484263181686401e-02
6.270619999999418724e+03 8.926457166671752930e-01 2.671591378748416901e-02
6.272099999999418287e+03 8.732188344001770020e-01 2.654648758471012115e-02
6.273579999999417851e+03 9.095136523246765137e-01 2.691470645368099213e-02
6.275059999999417414e+03 8.923442363739013672e-01 2.669159509241580963e-02
6.276539999999416978e+03 8.613905310630798340e-01 2.608736976981163025e-02
6.278019999999416541e+03 8.036749958992004395e-01 2.541574090719223022e-02
6.279499999999416104e+03 8.465129137039184570e-01 2.584812790155410767e-02
6.280979999999415668e+03 8.366439342498779297e-01 2.582670375704765320e-02
6.282459999999415231e+03 8.337508440017700195e-01 2.595448680222034454e-02
6.283939999999414795e+03 8.305929303169250488e-01 2.599727176129817963e-02
6.285419999999414358e+03 8.370804786682128906e-01 2.673370204865932465e-02
6.286899999999413922e+03 8.368567228317260742e-01 2.702191658318042755e-02
6.288379999999413485e+03 8.381564617156982422e-01 2.669230848550796509e-02
6.289859999999413048e+03 8.707078695297241211e-01 2.642535790801048279e-02
6.291339999999412612e+03 8.746744394302368164e-01 2.629023976624011993e-02
6.292819999999412175e+03 8.488155007362365723e-01 2.603832259774208069e-02
6.294299999999411739e+03 8.388758301734924316e-01 2.608737722039222717e-02
6.295779999999411302e+03 8.223692178726196289e-01 2.589680999517440796e-02
6.297259999999410866e+03 7.052198648452758789e-01 2.739562466740608215e-02
6.298739999999410429e+03 8.523504734039306641e-01 3.554376587271690369e-02
6.300219999999409993e+03 1.055735826492309570e+00 3.852852433919906616e-02
6.301699999999409556e+03 9.454382658004760742e-01 3.216652944684028625e-02
6.303179999999409119e+03 8.823188543319702148e-01 2.676718868315219879e-02
6.304659999999408683e+03 8.664161562919616699e-01 2.670806273818016052e-02
6.306139999999408246e+03 8.589190244674682617e-01 2.729401178658008575e-02
6.307619999999407810e+03 8.907232880592346191e-01 2.731402032077312469e-02
6.309099999999407373e+03 8.588129878044128418e-01 2.635541558265686035e-02
6.310579999999406937e+03 8.518145084381103516e-01 2.617083676159381866e-02
6.312059999999406500e+03 8.407822251319885254e-01 2.596043795347213745e-02
6.313539999999406064e+03 8.470433950424194336e-01 2.596795000135898590e-02
6.315019999999405627e+03 8.276637196540832520e-01 2.561678551137447357e-02
6.316499999999405190e+03 8.347280621528625488e-01 2.566326968371868134e-02
6.317979999999404754e+03 8.481697440147399902e-01 2.590906806290149689e-02
6.319459999999404317e+03 8.166633844375610352e-01 2.570979483425617218e-02
6.320939999999403881e+03 8.353511095046997070e-01 2.625255286693572998e-02
6.322419999999403444e+03 8.406893014907836914e-01 2.614976651966571808e-02
6.323899999999403008e+03 8.591689467430114746e-01 2.625294029712677002e-02
6.325379999999402571e+03 8.762264251708984375e-01 2.642144449055194855e-02
6.326859999999402135e+03 8.494863510131835938e-01 2.627304010093212128e-02
6.328339999999401698e+03 8.481580018997192383e-01 2.668840065598487854e-02
6.329819999999401261e+03 8.126331567764282227e-01 2.658714912831783295e-02
6.331299999999400825e+03 7.781645059585571289e-01 2.592654339969158173e-02
6.332779999999400388e+03 8.336979150772094727e-01 2.592915296554565430e-02
6.334259999999399952e+03 8.718301057815551758e-01 2.610816247761249542e-02
6.335739999999399515e+03 8.352185487747192383e-01 2.574818395078182220e-02
6.337219999999399079e+03 8.649265766143798828e-01 2.594193816184997559e-02
6.338699999999398642e+03 8.842226862907409668e-01 2.616473473608493805e-02
6.340179999999398206e+03 8.323274254798889160e-01 2.584859542548656464e-02
6.341659999999397769e+03 8.208028674125671387e-01 2.578899636864662170e-02
6.343139999999397332e+03 8.437848091125488281e-01 2.579609304666519165e-02
6.344619999999396896e+03 8.461257815361022949e-01 2.579976432025432587e-02
6.346099999999396459e+03 8.723225593566894531e-01 2.621934376657009125e-02
6.347579999999396023e+03 8.874696493148803711e-01 2.661214396357536316e-02
6.349059999999395586e+03 8.633118867874145508e-01 2.637537568807601929e-02
6.350539999999395150e+03 8.441031575202941895e-01 2.592406794428825378e-02
6.352019999999394713e+03 8.497487306594848633e-01 2.594547159969806671e-02
6.353499999999394277e+03 8.639954328536987305e-01 2.628353238105773926e-02
6.354979999999393840e+03 8.447786569595336914e-01 2.635762095451354980e-02
6.356459999999393403e+03 7.938781976699829102e-01 2.600938081741333008e-02
6.357939999999392967e+03 7.791809439659118652e-01 2.550605125725269318e-02
6.359419999999392530e+03 7.912881374359130859e-01 2.524199523031711578e-02
6.360899999999392094e+03 8.306749463081359863e-01 2.643056027591228485e-02
6.362379999999391657e+03 8.278988599777221680e-01 2.933458983898162842e-02
6.363859999999391221e+03 8.960711956024169922e-01 3.006392344832420349e-02
6.365339999999390784e+03 8.303171396255493164e-01 2.724546752870082855e-02
6.366819999999390348e+03 8.053343296051025391e-01 2.568533271551132202e-02
6.368299999999389911e+03 8.014264106750488281e-01 2.552214637398719788e-02
6.369779999999389474e+03 8.404554128646850586e-01 2.588218450546264648e-02
6.371259999999389038e+03 8.326395750045776367e-01 2.578184194862842560e-02
6.372739999999388601e+03 8.373788595199584961e-01 2.590303868055343628e-02
6.374219999999388165e+03 8.372871875762939453e-01 2.595791779458522797e-02
6.375699999999387728e+03 8.511645197868347168e-01 2.606362104415893555e-02
6.377179999999387292e+03 8.498728275299072266e-01 2.611087262630462646e-02
6.378659999999386855e+03 8.439121246337890625e-01 2.606757543981075287e-02
6.380139999999386418e+03 8.525463342666625977e-01 2.609169483184814453e-02
6.381619999999385982e+03 8.267552256584167480e-01 2.581220120191574097e-02
6.383099999999385545e+03 8.619177341461181641e-01 2.599902451038360596e-02
6.384579999999385109e+03 9.038162827491760254e-01 2.644318155944347382e-02
6.386059999999384672e+03 8.657693862915039062e-01 2.628226578235626221e-02
6.387539999999384236e+03 8.000530600547790527e-01 2.567442692816257477e-02
6.389019999999383799e+03 8.208658099174499512e-01 2.565472014248371124e-02
6.390499999999383363e+03 8.647723197937011719e-01 2.586016617715358734e-02
6.391979999999382926e+03 8.209155797958374023e-01 2.542921900749206543e-02
6.393459999999382489e+03 8.184885382652282715e-01 2.543102391064167023e-02
6.394939999999382053e+03 8.375480175018310547e-01 2.566954679787158966e-02
6.396419999999381616e+03 8.474676609039306641e-01 2.577371709048748016e-02
6.397899999999381180e+03 8.855053186416625977e-01 2.589826099574565887e-02
6.399379999999380743e+03 8.743942379951477051e-01 2.566526085138320923e-02
6.400859999999380307e+03 8.515781164169311523e-01 2.560806274414062500e-02
6.402339999999379870e+03 8.237708210945129395e-01 2.549540251493453979e-02
6.403819999999379434e+03 8.577424883842468262e-01 2.580825798213481903e-02
6.405299999999378997e+03 8.800222277641296387e-01 2.603982016444206238e-02
6.406779999999378560e+03 8.730182647705078125e-01 2.569785714149475098e-02
6.408259999999378124e+03 8.270183801651000977e-01 2.527318522334098816e-02
6.409739999999377687e+03 7.997468709945678711e-01 2.508065849542617798e-02
6.411219999999377251e+03 7.832799553871154785e-01 2.501836977899074554e-02
6.412699999999376814e+03 8.479310274124145508e-01 2.570317126810550690e-02
6.414179999999376378e+03 8.730778098106384277e-01 2.581789530813694000e-02
6.415659999999375941e+03 8.232895731925964355e-01 2.545405179262161255e-02
6.417139999999375505e+03 8.139870762825012207e-01 2.537689916789531708e-02
6.418619999999375068e+03 8.571144938468933105e-01 2.573856711387634277e-02
6.420099999999374631e+03 8.386410474777221680e-01 2.545181289315223694e-02
6.421579999999374195e+03 8.245466947555541992e-01 2.531872317194938660e-02
6.423059999999373758e+03 8.439695835113525391e-01 2.558623440563678741e-02
6.424539999999373322e+03 8.380324840545654297e-01 2.555677108466625214e-02
6.426019999999372885e+03 8.484290242195129395e-01 2.559442631900310516e-02
6.427499999999372449e+03 8.704412579536437988e-01 2.577723748981952667e-02
6.428979999999372012e+03 8.542621731758117676e-01 2.558426931500434875e-02
6.430459999999371576e+03 8.704349994659423828e-01 2.561119198799133301e-02
6.431939999999371139e+03 8.665627241134643555e-01 2.566217631101608276e-02
6.433419999999370702e+03 8.299617171287536621e-01 2.547061629593372345e-02
6.434899999999370266e+03 8.400092124938964844e-01 2.559018321335315704e-02
6.436379999999369829e+03 8.119637370109558105e-01 2.526935189962387085e-02
6.437859999999369393e+03 8.295171856880187988e-01 2.525391615927219391e-02
6.439339999999368956e+03 8.264883756637573242e-01 2.523232623934745789e-02
6.440819999999368520e+03 8.627921342849731445e-01 2.571084164083003998e-02
6.442299999999368083e+03 8.070499300956726074e-01 2.532797120511531830e-02
6.443779999999367647e+03 8.002716302871704102e-01 2.520466968417167664e-02
6.445259999999367210e+03 8.840381503105163574e-01 2.590958774089813232e-02
6.446739999999366773e+03 8.103057742118835449e-01 2.531265653669834137e-02
6.448219999999366337e+03 8.267961740493774414e-01 2.516932599246501923e-02
6.449699999999365900e+03 8.401604890823364258e-01 2.531411312520503998e-02
6.451179999999365464e+03 8.325631618499755859e-01 2.545846812427043915e-02
6.452659999999365027e+03 8.551052808761596680e-01 2.560699172317981720e-02
6.454139999999364591e+03 7.996390461921691895e-01 2.512028627097606659e-02
6.455619999999364154e+03 7.646812796592712402e-01 2.470002509653568268e-02
6.457099999999363718e+03 8.138751387596130371e-01 2.523567527532577515e-02
6.458579999999363281e+03 8.357722163200378418e-01 2.551434002816677094e-02
6.460059999999362844e+03 8.316363096237182617e-01 2.539086714386940002e-02
6.461539999999362408e+03 8.354090452194213867e-01 2.534727379679679871e-02
6.463019999999361971e+03 8.725806474685668945e-01 2.584632299840450287e-02
6.464499999999361535e+03 8.334687948226928711e-01 2.586064301431179047e-02
6.465979999999361098e+03 8.167127370834350586e-01 2.570935897529125214e-02
6.467459999999360662e+03 8.225908875465393066e-01 2.554010972380638123e-02
6.468939999999360225e+03 7.915345430374145508e-01 2.531448379158973694e-02
6.470419999999359788e+03 8.148491978645324707e-01 2.552633360028266907e-02
6.471899999999359352e+03 8.524806499481201172e-01 2.570562809705734253e-02
6.473379999999358915e+03 8.584172725677490234e-01 2.555980533361434937e-02
6.474859999999358479e+03 7.991234064102172852e-01 2.503597363829612732e-02
6.476339999999358042e+03 7.804535031318664551e-01 2.477176487445831299e-02
6.477819999999357606e+03 8.016976118087768555e-01 2.530078403651714325e-02
6.479299999999357169e+03 8.087157011032104492e-01 2.516326308250427246e-02
6.480779999999356733e+03 8.338961005210876465e-01 2.524917945265769958e-02
6.482259999999356296e+03 8.269852399826049805e-01 2.507873810827732086e-02
6.483739999999355859e+03 8.295570015907287598e-01 2.513395808637142181e-02
6.485219999999355423e+03 8.620334863662719727e-01 2.549832314252853394e-02
6.486699999999354986e+03 8.886169195175170898e-01 2.568448148667812347e-02
6.488179999999354550e+03 8.400884866714477539e-01 2.532496862113475800e-02
6.489659999999354113e+03 7.922852039337158203e-01 2.488332800567150116e-02
6.491139999999353677e+03 8.454920053482055664e-01 2.519666589796543121e-02
6.492619999999353240e+03 9.112226366996765137e-01 2.548326551914215088e-02
6.494099999999352804e+03 9.470481872558593750e-01 2.569954283535480499e-02
6.495579999999352367e+03 9.751263856887817383e-01 2.617499232292175293e-02
6.497059999999351930e+03 1.050747036933898926e+00 2.760906144976615906e-02
6.498539999999351494e+03 1.083427906036376953e+00 2.811064012348651886e-02
6.500019999999351057e+03 9.761547446250915527e-01 2.682619728147983551e-02
6.501499999999350621e+03 8.828707933425903320e-01 2.578017488121986389e-02
6.502979999999350184e+03 8.515385389328002930e-01 2.564882114529609680e-02
6.504459999999349748e+03 8.519241213798522949e-01 2.578032203018665314e-02
6.505939999999349311e+03 8.793746829032897949e-01 2.585225738584995270e-02
6.507419999999348875e+03 8.728970289230346680e-01 2.560733817517757416e-02
6.508899999999348438e+03 8.546054363250732422e-01 2.543360181152820587e-02
6.510379999999348001e+03 8.750737905502319336e-01 2.570365928113460541e-02
6.511859999999347565e+03 8.804311156272888184e-01 2.576911449432373047e-02
6.513339999999347128e+03 8.037878870964050293e-01 2.496723644435405731e-02
6.514819999999346692e+03 7.905839681625366211e-01 2.472664415836334229e-02
6.516299999999346255e+03 8.244305849075317383e-01 2.484990470111370087e-02
6.517779999999345819e+03 7.929296493530273438e-01 2.444770932197570801e-02
6.519259999999345382e+03 8.151949644088745117e-01 2.500771917402744293e-02
6.520739999999344946e+03 8.185555338859558105e-01 2.515551075339317322e-02
6.522219999999344509e+03 8.330285549163818359e-01 2.537531033158302307e-02
6.523699999999344072e+03 8.582844734191894531e-01 2.541473321616649628e-02
6.525179999999343636e+03 8.620095849037170410e-01 2.536555752158164978e-02
6.526659999999343199e+03 8.790174722671508789e-01 2.545468136668205261e-02
6.528139999999342763e+03 8.936522006988525391e-01 2.566337771713733673e-02
6.529619999999342326e+03 8.514232635498046875e-01 2.548913285136222839e-02
6.531099999999341890e+03 8.624138236045837402e-01 2.603689581155776978e-02
6.532579999999341453e+03 8.438021540641784668e-01 2.601721324026584625e-02
6.534059999999341017e+03 8.205873370170593262e-01 2.546938695013523102e-02
6.535539999999340580e+03 8.174066543579101562e-01 2.510315924882888794e-02
6.537019999999340143e+03 8.300306200981140137e-01 2.511108852922916412e-02
6.538499999999339707e+03 8.576202988624572754e-01 2.539087459444999695e-02
6.539979999999339270e+03 8.491133451461791992e-01 2.531906962394714355e-02
6.541459999999338834e+03 8.199528455734252930e-01 2.519097365438938141e-02
6.542939999999338397e+03 8.282533288002014160e-01 2.539022639393806458e-02
6.544419999999337961e+03 8.416801095008850098e-01 2.534257434308528900e-02
6.545899999999337524e+03 8.209877610206604004e-01 2.489205077290534973e-02
6.547379999999337088e+03 8.179755806922912598e-01 2.476444281637668610e-02
6.548859999999336651e+03 8.439517617225646973e-01 2.505693212151527405e-02
6.550339999999336214e+03 8.507435321807861328e-01 2.539709955453872681e-02
6.551819999999335778e+03 8.298653364181518555e-01 2.567471377551555634e-02
6.553299999999335341e+03 8.448373675346374512e-01 2.581941522657871246e-02
6.554779999999334905e+03 8.165156841278076172e-01 2.510239183902740479e-02
6.556259999999334468e+03 8.308162689208984375e-01 2.477506361901760101e-02
6.557739999999334032e+03 8.428469300270080566e-01 2.458868920803070068e-02
6.559219999999333595e+03 8.899519443511962891e-01 2.478525228798389435e-02
6.560699999999333158e+03 9.420284032821655273e-01 2.483968436717987061e-02
6.562179999999332722e+03 9.012494087219238281e-01 2.427485957741737366e-02
6.563659999999332285e+03 8.908883333206176758e-01 2.439850755035877228e-02
6.565139999999331849e+03 9.067681431770324707e-01 2.499532327055931091e-02
6.566619999999331412e+03 8.643351197242736816e-01 2.507784962654113770e-02
6.568099999999330976e+03 8.687961101531982422e-01 2.527249045670032501e-02
6.569579999999330539e+03 8.431222438812255859e-01 2.500710263848304749e-02
6.571059999999330103e+03 8.135516047477722168e-01 2.466038055717945099e-02
6.572539999999329666e+03 8.455126285552978516e-01 2.486928366124629974e-02
6.574019999999329229e+03 8.552957773208618164e-01 2.510839700698852539e-02
6.575499999999328793e+03 8.648397922515869141e-01 2.573928050696849823e-02
6.576979999999328356e+03 8.633240461349487305e-01 2.592629753053188324e-02
6.578459999999327920e+03 8.353415131568908691e-01 2.534626610577106476e-02
6.579939999999327483e+03 8.556793928146362305e-01 2.527608908712863922e-02
6.581419999999327047e+03 8.661607503890991211e-01 2.528581582009792328e-02
6.582899999999326610e+03 8.572868108749389648e-01 2.514652349054813385e-02
6.584379999999326174e+03 8.646387457847595215e-01 2.522245235741138458e-02
6.585859999999325737e+03 8.450774550437927246e-01 2.498443424701690674e-02
6.587339999999325300e+03 8.869372606277465820e-01 2.535353042185306549e-02
6.588819999999324864e+03 8.949853777885437012e-01 2.549193240702152252e-02
6.590299999999324427e+03 8.559564948081970215e-01 2.510528080165386200e-02
6.591779999999323991e+03 8.524454832077026367e-01 2.490852959454059601e-02
6.593259999999323554e+03 8.651845455169677734e-01 2.495715394616127014e-02
6.594739999999323118e+03 8.283915519714355469e-01 2.490548230707645416e-02
6.596219999999322681e+03 8.241847157478332520e-01 2.499626204371452332e-02
6.597699999999322245e+03 8.224244117736816406e-01 2.488458901643753052e-02
6.599179999999321808e+03 8.314945101737976074e-01 2.495379187166690826e-02
6.600659999999321371e+03 8.162744045257568359e-01 2.487777173519134521e-02
6.602139999999320935e+03 8.212771415710449219e-01 2.516555599868297577e-02
6.603619999999320498e+03 8.426364064216613770e-01 2.536241151392459869e-02
6.605099999999320062e+03 8.586581349372863770e-01 2.534780465066432953e-02
6.606579999999319625e+03 8.523838520050048828e-01 2.501026354730129242e-02
6.608059999999319189e+03 8.453724384307861328e-01 2.485346235334873199e-02
6.609539999999318752e+03 8.521721363067626953e-01 2.502964064478874207e-02
6.611019999999318316e+03 8.597748279571533203e-01 2.511165291070938110e-02
6.612499999999317879e+03 8.621286153793334961e-01 2.512824162840843201e-02
6.613979999999317442e+03 8.607118129730224609e-01 2.512415871024131775e-02
6.615459999999317006e+03 8.358302116394042969e-01 2.486604638397693634e-02
6.616939999999316569e+03 8.149636983871459961e-01 2.468335442245006561e-02
6.618419999999316133e+03 8.249815702438354492e-01 2.485327050089836121e-02
6.619899999999315696e+03 8.356479406356811523e-01 2.484072186052799225e-02
6.621379999999315260e+03 8.063145279884338379e-01 2.463071793317794800e-02
6.622859999999314823e+03 8.309045433998107910e-01 2.483298815786838531e-02
6.624339999999314387e+03 8.500660657882690430e-01 2.497214078903198242e-02
6.625819999999313950e+03 8.546509146690368652e-01 2.503508888185024261e-02
6.627299999999313513e+03 8.605337738990783691e-01 2.515557780861854553e-02
6.628779999999313077e+03 8.490754365921020508e-01 2.491081319749355316e-02
6.630259999999312640e+03 8.580092787742614746e-01 2.499710023403167725e-02
6.631739999999312204e+03 8.675885200500488281e-01 2.504463121294975281e-02
6.633219999999311767e+03 8.447309136390686035e-01 2.495567686855792999e-02
6.634699999999311331e+03 8.437009453773498535e-01 2.488845214247703552e-02
6.636179999999310894e+03 8.511233925819396973e-01 2.499710954725742340e-02
6.637659999999310457e+03 8.677510023117065430e-01 2.513278275728225708e-02
6.639139999999310021e+03 8.642765879631042480e-01 2.511081658303737640e-02
6.640619999999309584e+03 8.431282639503479004e-01 2.483682148158550262e-02
6.642099999999309148e+03 8.568891286849975586e-01 2.474310994148254395e-02
6.643579999999308711e+03 8.562208414077758789e-01 2.486018836498260498e-02
6.645059999999308275e+03 8.281768560409545898e-01 2.476266399025917053e-02
6.646539999999307838e+03 8.175398707389831543e-01 2.459689974784851074e-02
6.648019999999307402e+03 8.386068940162658691e-01 2.481882832944393158e-02
6.649499999999306965e+03 8.451448082923889160e-01 2.484579943120479584e-02
6.650979999999306528e+03 8.129367232322692871e-01 2.463146857917308807e-02
6.652459999999306092e+03 8.422287106513977051e-01 2.486689388751983643e-02
6.653939999999305655e+03 8.718115091323852539e-01 2.507598325610160828e-02
6.655419999999305219e+03 8.351827263832092285e-01 2.480095624923706055e-02
6.656899999999304782e+03 8.128259778022766113e-01 2.454247511923313141e-02
6.658379999999304346e+03 8.209057450294494629e-01 2.455540560185909271e-02
6.659859999999303909e+03 8.495216369628906250e-01 2.478706650435924530e-02
6.661339999999303473e+03 8.601046800613403320e-01 2.483633905649185181e-02
6.662819999999303036e+03 8.320233821868896484e-01 2.451460063457489014e-02
6.664299999999302599e+03 8.301327824592590332e-01 2.460186183452606201e-02
6.665779999999302163e+03 8.438016176223754883e-01 2.475066296756267548e-02
6.667259999999301726e+03 8.256596922874450684e-01 2.470830082893371582e-02
6.668739999999301290e+03 8.407638669013977051e-01 2.479675039649009705e-02
6.670219999999300853e+03 8.388507366180419922e-01 2.468603476881980896e-02
6.671699999999300417e+03 8.227077722549438477e-01 2.464541047811508179e-02
6.673179999999299980e+03 8.093805313110351562e-01 2.441656775772571564e-02
6.674659999999299544e+03 8.504195809364318848e-01 2.470507472753524780e-02
6.676139999999299107e+03 8.603551387786865234e-01 2.469074539840221405e-02
6.677619999999298670e+03 8.274605274200439453e-01 2.436332963407039642e-02
6.679099999999298234e+03 8.508409261703491211e-01 2.472635731101036072e-02
6.680579999999297797e+03 8.619577884674072266e-01 2.485174685716629028e-02
6.682059999999297361e+03 8.692108392715454102e-01 2.488235011696815491e-02
6.683539999999296924e+03 8.477436304092407227e-01 2.475299313664436340e-02
6.685019999999296488e+03 7.858887910842895508e-01 2.430744096636772156e-02
6.686499999999296051e+03 8.394434452056884766e-01 2.467969991266727448e-02
6.687979999999295615e+03 8.445155620574951172e-01 2.465597912669181824e-02
6.689459999999295178e+03 8.079875707626342773e-01 2.449970319867134094e-02
6.690939999999294741e+03 8.525419235229492188e-01 2.480054832994937897e-02
6.692419999999294305e+03 8.574524521827697754e-01 2.467264793813228607e-02
6.693899999999293868e+03 8.700407147407531738e-01 2.483823336660861969e-02
6.695379999999293432e+03 8.482026457786560059e-01 2.454725839197635651e-02
6.696859999999292995e+03 8.153495788574218750e-01 2.437688410282135010e-02
6.698339999999292559e+03 7.538053989410400391e-01 2.389016374945640564e-02
6.699819999999292122e+03 7.592821121215820312e-01 2.391955815255641937e-02
6.701299999999291686e+03 7.608518004417419434e-01 2.383674867451190948e-02
6.702779999999291249e+03 8.410105109214782715e-01 2.463941834867000580e-02
6.704259999999290812e+03 8.238792419433593750e-01 2.445819973945617676e-02
6.705739999999290376e+03 7.997713685035705566e-01 2.414818480610847473e-02
6.707219999999289939e+03 8.352655768394470215e-01 2.454528771340847015e-02
6.708699999999289503e+03 8.279747366905212402e-01 2.448249608278274536e-02
6.710179999999289066e+03 8.529874682426452637e-01 2.464369870722293854e-02
6.711659999999288630e+03 8.582443594932556152e-01 2.465646527707576752e-02
6.713139999999288193e+03 8.196243047714233398e-01 2.432128041982650757e-02
6.714619999999287757e+03 8.219853639602661133e-01 2.434979751706123352e-02
6.716099999999287320e+03 8.258394598960876465e-01 2.427307143807411194e-02
6.717579999999286883e+03 8.422080874443054199e-01 2.438171580433845520e-02
6.719059999999286447e+03 8.286095857620239258e-01 2.444365061819553375e-02
6.720539999999286010e+03 8.452954292297363281e-01 2.450111694633960724e-02
6.722019999999285574e+03 8.261655569076538086e-01 2.427373640239238739e-02
6.723499999999285137e+03 7.865926027297973633e-01 2.403422445058822632e-02
6.724979999999284701e+03 8.391392230987548828e-01 2.450666949152946472e-02
6.726459999999284264e+03 8.621958494186401367e-01 2.460313960909843445e-02
6.727939999999283827e+03 8.705957531929016113e-01 2.475901506841182709e-02
6.729419999999283391e+03 8.763279914855957031e-01 2.485294453799724579e-02
6.730899999999282954e+03 8.542913198471069336e-01 2.460401132702827454e-02
6.732379999999282518e+03 8.343203067779541016e-01 2.445150166749954224e-02
6.733859999999282081e+03 8.328655362129211426e-01 2.438500151038169861e-02
6.735339999999281645e+03 8.161144256591796875e-01 2.420541085302829742e-02
6.736819999999281208e+03 8.418960571289062500e-01 2.442565001547336578e-02
6.738299999999280772e+03 8.577047586441040039e-01 2.460469119250774384e-02
6.739779999999280335e+03 8.312689065933227539e-01 2.438678964972496033e-02
6.741259999999279898e+03 8.517516851425170898e-01 2.452110499143600464e-02
6.742739999999279462e+03 8.615136146545410156e-01 2.463628910481929779e-02
6.744219999999279025e+03 8.337624669075012207e-01 2.436775527894496918e-02
6.745699999999278589e+03 8.639087677001953125e-01 2.467157505452632904e-02
6.747179999999278152e+03 1.052485942840576172e+00 2.618861384689807892e-02
6.748659999999277716e+03 1.292120456695556641e+00 2.794526331126689911e-02
6.750139999999277279e+03 1.642025470733642578e+00 3.042493574321269989e-02
6.751619999999276843e+03 2.216431617736816406e+00 3.418561071157455444e-02
6.753099999999276406e+03 2.648628711700439453e+00 3.672085702419281006e-02
6.754579999999275969e+03 2.259205818176269531e+00 3.442424535751342773e-02
6.756059999999275533e+03 1.355591297149658203e+00 2.838467992842197418e-02
6.757539999999275096e+03 9.899425506591796875e-01 2.562496438622474670e-02
6.759019999999274660e+03 9.988723397254943848e-01 2.572975866496562958e-02
6.760499999999274223e+03 1.203726291656494141e+00 2.728563919663429260e-02
6.761979999999273787e+03 1.858288526535034180e+00 3.192105144262313843e-02
6.763459999999273350e+03 4.367680549621582031e+00 4.567459970712661743e-02
6.764939999999272914e+03 8.128193855285644531e+00 6.053938344120979309e-02
6.766419999999272477e+03 1.264765548706054688e+01 7.526578009128570557e-02
6.767899999999272040e+03 1.727050590515136719e+01 8.824414014816284180e-02
6.769379999999271604e+03 1.541416549682617188e+01 8.334279060363769531e-02
6.770859999999271167e+03 7.208237171173095703e+00 5.731690675020217896e-02
6.772339999999270731e+03 2.192094326019287109e+00 3.370077162981033325e-02
6.773819999999270294e+03 1.100768208503723145e+00 2.648895792663097382e-02
6.775299999999269858e+03 9.055995345115661621e-01 2.488789893686771393e-02
6.776779999999269421e+03 8.890950679779052734e-01 2.476777695119380951e-02
6.778259999999268985e+03 8.617181777954101562e-01 2.451915107667446136e-02
6.779739999999268548e+03 8.707913756370544434e-01 2.453459985554218292e-02
6.781219999999268111e+03 9.100785851478576660e-01 2.494091726839542389e-02
6.782699999999267675e+03 1.109274148941040039e+00 2.632086165249347687e-02
6.784179999999267238e+03 1.590857863426208496e+00 2.996279299259185791e-02
6.785659999999266802e+03 2.561916351318359375e+00 3.606398776173591614e-02
6.787139999999266365e+03 3.852501392364501953e+00 4.297756403684616089e-02
6.788619999999265929e+03 5.716015815734863281e+00 5.140928179025650024e-02
6.790099999999265492e+03 6.164915561676025391e+00 5.317696556448936462e-02
6.791579999999265056e+03 4.078517436981201172e+00 4.414928704500198364e-02
6.793059999999264619e+03 1.630446076393127441e+00 3.020315617322921753e-02
6.794539999999264182e+03 9.143906831741333008e-01 2.487842738628387451e-02
6.796019999999263746e+03 8.402581810951232910e-01 2.415821515023708344e-02
6.797499999999263309e+03 8.431483507156372070e-01 2.419267594814300537e-02
6.798979999999262873e+03 8.161396980285644531e-01 2.398333884775638580e-02
6.800459999999262436e+03 8.182605504989624023e-01 2.401792258024215698e-02
6.801939999999262000e+03 8.227385282516479492e-01 2.409270219504833221e-02
6.803419999999261563e+03 7.971196174621582031e-01 2.382638864219188690e-02
6.804899999999261127e+03 8.236688375473022461e-01 2.403415367007255554e-02
6.806379999999260690e+03 8.282177448272705078e-01 2.402600273489952087e-02
6.807859999999260253e+03 8.064332008361816406e-01 2.396651916205883026e-02
6.809339999999259817e+03 8.294290304183959961e-01 2.406647056341171265e-02
6.810819999999259380e+03 8.327226042747497559e-01 2.405931428074836731e-02
6.812299999999258944e+03 8.540840744972229004e-01 2.428631857037544250e-02
6.813779999999258507e+03 8.175277709960937500e-01 2.400341629981994629e-02
6.815259999999258071e+03 8.316034078598022461e-01 2.401750162243843079e-02
6.816739999999257634e+03 8.124805688858032227e-01 2.395077981054782867e-02
6.818219999999257197e+03 8.620004057884216309e-01 2.434698864817619324e-02
6.819699999999256761e+03 8.448161482810974121e-01 2.415872737765312195e-02
6.821179999999256324e+03 8.250306844711303711e-01 2.405981905758380890e-02
6.822659999999255888e+03 7.988612651824951172e-01 2.381939627230167389e-02
6.824139999999255451e+03 7.973915338516235352e-01 2.387070469558238983e-02
6.825619999999255015e+03 8.452427983283996582e-01 2.481148950755596161e-02
6.827099999999254578e+03 8.734414577484130859e-01 2.579400688409805298e-02
6.828579999999254142e+03 8.610197305679321289e-01 2.572950907051563263e-02
6.830059999999253705e+03 7.904749512672424316e-01 2.461568266153335571e-02
6.831539999999253268e+03 7.762910723686218262e-01 2.454639412462711334e-02
6.833019999999252832e+03 8.414941430091857910e-01 2.553109824657440186e-02
6.834499999999252395e+03 8.347314596176147461e-01 2.515853010118007660e-02
6.835979999999251959e+03 8.040164113044738770e-01 2.392737753689289093e-02
6.837459999999251522e+03 7.690336704254150391e-01 2.334720827639102936e-02
6.838939999999251086e+03 8.196686506271362305e-01 2.395616844296455383e-02
6.840419999999250649e+03 8.329204916954040527e-01 2.411273680627346039e-02
6.841899999999250213e+03 8.016742467880249023e-01 2.372652105987071991e-02
6.843379999999249776e+03 8.229120373725891113e-01 2.386435866355895996e-02
6.844859999999249339e+03 8.448721766471862793e-01 2.414375357329845428e-02
6.846339999999248903e+03 8.332193493843078613e-01 2.395862340927124023e-02
6.847819999999248466e+03 8.603688478469848633e-01 2.419376559555530548e-02
6.849299999999248030e+03 8.032809495925903320e-01 2.385522238910198212e-02
6.850779999999247593e+03 8.138070106506347656e-01 2.394960820674896240e-02
6.852259999999247157e+03 8.103143572807312012e-01 2.370426803827285767e-02
6.853739999999246720e+03 8.100266456604003906e-01 2.364254184067249298e-02
6.855219999999246284e+03 8.107510209083557129e-01 2.369301579892635345e-02
6.856699999999245847e+03 8.126677274703979492e-01 2.363193221390247345e-02
6.858179999999245410e+03 8.053855895996093750e-01 2.361533604562282562e-02
6.859659999999244974e+03 7.809123396873474121e-01 2.370437607169151306e-02
6.861139999999244537e+03 8.216453790664672852e-01 2.547238953411579132e-02
6.862619999999244101e+03 8.585945963859558105e-01 2.661104314029216766e-02
6.864099999999243664e+03 8.054606318473815918e-01 2.539077773690223694e-02
6.865579999999243228e+03 6.624917984008789062e-01 2.201024442911148071e-02
6.867059999999242791e+03 5.714412331581115723e-01 1.999610289931297302e-02
6.868539999999242355e+03 5.887939929962158203e-01 2.006862871348857880e-02
6.870019999999241918e+03 5.577928423881530762e-01 2.000886946916580200e-02
6.871499999999241481e+03 6.001942753791809082e-01 2.035935223102569580e-02
6.872979999999241045e+03 6.264492273330688477e-01 2.065997757017612457e-02
6.874459999999240608e+03 6.430555582046508789e-01 2.094679512083530426e-02
6.875939999999240172e+03 7.073746323585510254e-01 2.177626453340053558e-02
6.877419999999239735e+03 7.022787332534790039e-01 2.197834663093090057e-02
6.878899999999239299e+03 7.119931578636169434e-01 2.254837565124034882e-02
6.880379999999238862e+03 7.889685630798339844e-01 2.354281395673751831e-02
6.881859999999238426e+03 8.144409060478210449e-01 2.355846390128135681e-02
6.883339999999237989e+03 8.102167844772338867e-01 2.316399477422237396e-02
6.884819999999237552e+03 8.177295327186584473e-01 2.309619821608066559e-02
6.886299999999237116e+03 8.551812171936035156e-01 2.360187657177448273e-02
6.887779999999236679e+03 8.344712257385253906e-01 2.368368953466415405e-02
6.889259999999236243e+03 7.445489168167114258e-01 2.283394522964954376e-02
6.890739999999235806e+03 7.313500642776489258e-01 2.239450253546237946e-02
6.892219999999235370e+03 7.426875233650207520e-01 2.244940772652626038e-02
6.893699999999234933e+03 7.530742287635803223e-01 2.248236350715160370e-02
6.895179999999234496e+03 7.365456223487854004e-01 2.236665971577167511e-02
6.896659999999234060e+03 7.384912967681884766e-01 2.246366813778877258e-02
6.898139999999233623e+03 7.235971689224243164e-01 2.273404970765113831e-02
6.899619999999233187e+03 7.802852392196655273e-01 2.339325658977031708e-02
6.901099999999232750e+03 7.783411145210266113e-01 2.334963157773017883e-02
6.902579999999232314e+03 7.531098127365112305e-01 2.271033450961112976e-02
6.904059999999231877e+03 7.630769014358520508e-01 2.278278023004531860e-02
6.905539999999231441e+03 7.898931503295898438e-01 2.304344438016414642e-02
6.907019999999231004e+03 7.513527870178222656e-01 2.271885052323341370e-02
6.908499999999230567e+03 7.685745954513549805e-01 2.287054248154163361e-02
6.909979999999230131e+03 8.022794127464294434e-01 2.372217550873756409e-02
6.911459999999229694e+03 7.946127653121948242e-01 2.398290671408176422e-02
6.912939999999229258e+03 7.763224840164184570e-01 2.338919602334499359e-02
6.914419999999228821e+03 7.488912940025329590e-01 2.271949313580989838e-02
6.915899999999228385e+03 7.546007037162780762e-01 2.274044975638389587e-02
6.917379999999227948e+03 8.072099685668945312e-01 2.313436195254325867e-02
6.918859999999227512e+03 8.562587499618530273e-01 2.377355284988880157e-02
6.920339999999227075e+03 9.512844085693359375e-01 2.543272450566291809e-02
6.921819999999226638e+03 1.386863231658935547e+00 2.920137345790863037e-02
6.923299999999226202e+03 1.946213245391845703e+00 3.261796385049819946e-02
6.924779999999225765e+03 2.361503601074218750e+00 3.452095016837120056e-02
6.926259999999225329e+03 2.735439777374267578e+00 3.650368005037307739e-02
6.927739999999224892e+03 2.497072935104370117e+00 3.514854609966278076e-02
6.929219999999224456e+03 1.525469779968261719e+00 2.886330895125865936e-02
6.930699999999224019e+03 9.568658471107482910e-01 2.462109923362731934e-02
6.932179999999223583e+03 8.587846159934997559e-01 2.366742864251136780e-02
6.933659999999223146e+03 8.599635362625122070e-01 2.374416403472423553e-02
6.935139999999222709e+03 9.681180715560913086e-01 2.473551407456398010e-02
6.936619999999222273e+03 1.286805868148803711e+00 2.751357480883598328e-02
6.938099999999221836e+03 1.603406548500061035e+00 3.002562932670116425e-02
6.939579999999221400e+03 1.909257173538208008e+00 3.193899616599082947e-02
6.941059999999220963e+03 2.277526140213012695e+00 3.382283449172973633e-02
6.942539999999220527e+03 2.134826660156250000e+00 3.289138153195381165e-02
6.944019999999220090e+03 1.367470145225524902e+00 2.779575064778327942e-02
6.945499999999219654e+03 9.217020273208618164e-01 2.487569488584995270e-02
6.946979999999219217e+03 8.241112232208251953e-01 2.491167746484279633e-02
6.948459999999218780e+03 7.829000353813171387e-01 2.474053949117660522e-02
6.949939999999218344e+03 8.053430318832397461e-01 2.413726970553398132e-02
6.951419999999217907e+03 7.606810331344604492e-01 2.305052988231182098e-02
6.952899999999217471e+03 8.047335743904113770e-01 2.327467314898967743e-02
6.954379999999217034e+03 7.964370250701904297e-01 2.311145327985286713e-02
6.955859999999216598e+03 7.955535650253295898e-01 2.320368960499763489e-02
6.957339999999216161e+03 7.724993228912353516e-01 2.304334007203578949e-02
6.958819999999215725e+03 7.840527296066284180e-01 2.306938171386718750e-02
6.960299999999215288e+03 7.577516436576843262e-01 2.285798825323581696e-02
6.961779999999214851e+03 7.742099165916442871e-01 2.309245057404041290e-02
6.963259999999214415e+03 7.955485582351684570e-01 2.326520346105098724e-02
6.964739999999213978e+03 8.036895990371704102e-01 2.333796955645084381e-02
6.966219999999213542e+03 8.146976232528686523e-01 2.362003922462463379e-02
6.967699999999213105e+03 8.032354116439819336e-01 2.385300397872924805e-02
6.969179999999212669e+03 8.140445351600646973e-01 2.400944568216800690e-02
6.970659999999212232e+03 8.214252591133117676e-01 2.378908172249794006e-02
6.972139999999211796e+03 8.140184879302978516e-01 2.351422421634197235e-02
6.973619999999211359e+03 8.312069177627563477e-01 2.359172143042087555e-02
6.975099999999210922e+03 7.997798919677734375e-01 2.350843697786331177e-02
6.976579999999210486e+03 8.379408121109008789e-01 2.441196143627166748e-02
6.978059999999210049e+03 8.210837841033935547e-01 2.430472522974014282e-02
6.979539999999209613e+03 8.362411856651306152e-01 2.388442307710647583e-02
6.981019999999209176e+03 7.694391012191772461e-01 2.306856587529182434e-02
6.982499999999208740e+03 7.946397662162780762e-01 2.328328415751457214e-02
6.983979999999208303e+03 8.076130151748657227e-01 2.334585227072238922e-02
6.985459999999207866e+03 8.030972480773925781e-01 2.329206094145774841e-02
6.986939999999207430e+03 7.584042549133300781e-01 2.281053550541400909e-02
6.988419999999206993e+03 7.368943691253662109e-01 2.266155928373336792e-02
6.989899999999206557e+03 7.865896224975585938e-01 2.312694676220417023e-02
6.991379999999206120e+03 8.080146908760070801e-01 2.324313111603260040e-02
6.992859999999205684e+03 7.814164161682128906e-01 2.295384183526039124e-02
6.994339999999205247e+03 7.728997468948364258e-01 2.304403111338615417e-02
6.995819999999204811e+03 7.824353575706481934e-01 2.306493371725082397e-02
6.997299999999204374e+03 7.762647867202758789e-01 2.289139106869697571e-02
6.998779999999203937e+03 8.095080852508544922e-01 2.330227009952068329e-02
7.000259999999203501e+03 7.862145900726318359e-01 2.317071892321109772e-02
7.001739999999203064e+03 7.683370113372802734e-01 2.309552580118179321e-02
7.003219999999202628e+03 8.026818633079528809e-01 2.331878244876861572e-02
7.004699999999202191e+03 7.866126298904418945e-01 2.306426502764225006e-02
7.006179999999201755e+03 7.876649498939514160e-01 2.282560989260673523e-02
7.007659999999201318e+03 7.504607439041137695e-01 2.285927161574363708e-02
7.009139999999200882e+03 8.010466098785400391e-01 2.366555295884609222e-02
7.010619999999200445e+03 8.247561454772949219e-01 2.387321740388870239e-02
7.012099999999200008e+03 7.880991697311401367e-01 2.333739399909973145e-02
7.013579999999199572e+03 7.898764014244079590e-01 2.306724339723587036e-02
7.015059999999199135e+03 7.862067818641662598e-01 2.286021970212459564e-02
7.016539999999198699e+03 7.703630328178405762e-01 2.270543389022350311e-02
7.018019999999198262e+03 7.947561144828796387e-01 2.309350483119487762e-02
7.019499999999197826e+03 8.092342019081115723e-01 2.331695519387722015e-02
7.020979999999197389e+03 7.811734676361083984e-01 2.297151461243629456e-02
7.022459999999196953e+03 7.586782574653625488e-01 2.267420291900634766e-02
7.023939999999196516e+03 7.736475467681884766e-01 2.284304425120353699e-02
7.025419999999196079e+03 7.768102884292602539e-01 2.289239130914211273e-02
7.026899999999195643e+03 7.845149636268615723e-01 2.299279347062110901e-02
7.028379999999195206e+03 8.062533736228942871e-01 2.315821684896945953e-02
7.029859999999194770e+03 8.236570358276367188e-01 2.347558550536632538e-02
7.031339999999194333e+03 7.783954739570617676e-01 2.302156761288642883e-02
7.032819999999193897e+03 8.013988733291625977e-01 2.323354780673980713e-02
7.034299999999193460e+03 8.135645985603332520e-01 2.331499569118022919e-02
7.035779999999193024e+03 8.004871606826782227e-01 2.310201898217201233e-02
7.037259999999192587e+03 7.901005744934082031e-01 2.297630906105041504e-02
7.038739999999192150e+03 7.851792573928833008e-01 2.306526154279708862e-02
7.040219999999191714e+03 8.021260499954223633e-01 2.341264672577381134e-02
7.041699999999191277e+03 7.785584926605224609e-01 2.315201796591281891e-02
7.043179999999190841e+03 8.024256229400634766e-01 2.326412871479988098e-02
7.044659999999190404e+03 8.411350250244140625e-01 2.382404543459415436e-02
7.046139999999189968e+03 8.126834034919738770e-01 2.377430722117424011e-02
7.047619999999189531e+03 8.227364420890808105e-01 2.387549541890621185e-02
7.049099999999189095e+03 8.335314393043518066e-01 2.381807193160057068e-02
7.050579999999188658e+03 7.696648836135864258e-01 2.306787110865116119e-02
7.052059999999188221e+03 7.569887638092041016e-01 2.291621640324592590e-02
7.053539999999187785e+03 7.781099081039428711e-01 2.309206873178482056e-02
7.055019999999187348e+03 7.822439074516296387e-01 2.308311872184276581e-02
7.056499999999186912e+03 7.971764802932739258e-01 2.317072823643684387e-02
7.057979999999186475e+03 7.859146595001220703e-01 2.310163341462612152e-02
7.059459999999186039e+03 8.000389337539672852e-01 2.323067001998424530e-02
7.060939999999185602e+03 8.051480650901794434e-01 2.334211766719818115e-02
7.062419999999185166e+03 8.053358793258666992e-01 2.333714626729488373e-02
7.063899999999184729e+03 7.834669351577758789e-01 2.315115183591842651e-02
7.065379999999184292e+03 7.942333817481994629e-01 2.330444008111953735e-02
7.066859999999183856e+03 7.681378126144409180e-01 2.298494428396224976e-02
7.068339999999183419e+03 7.751559019088745117e-01 2.304256521165370941e-02
7.069819999999182983e+03 8.297829031944274902e-01 2.358246222138404846e-02
7.071299999999182546e+03 8.129943013191223145e-01 2.339625172317028046e-02
7.072779999999182110e+03 7.497218847274780273e-01 2.285209484398365021e-02
7.074259999999181673e+03 7.396875619888305664e-01 2.276019193232059479e-02
7.075739999999181236e+03 7.817767858505249023e-01 2.308334223926067352e-02
7.077219999999180800e+03 8.044468164443969727e-01 2.328106015920639038e-02
7.078699999999180363e+03 7.700479030609130859e-01 2.304079569876194000e-02
7.080179999999179927e+03 8.150327205657958984e-01 2.355954237282276154e-02
7.081659999999179490e+03 7.934015393257141113e-01 2.326368726789951324e-02
7.083139999999179054e+03 7.821699976921081543e-01 2.310390956699848175e-02
7.084619999999178617e+03 8.004789352416992188e-01 2.325411140918731689e-02
7.086099999999178181e+03 7.891000509262084961e-01 2.320075966417789459e-02
7.087579999999177744e+03 7.834432125091552734e-01 2.316199429333209991e-02
7.089059999999177307e+03 7.774314284324645996e-01 2.308009192347526550e-02
7.090539999999176871e+03 7.894127964973449707e-01 2.315778471529483795e-02
7.092019999999176434e+03 7.965760231018066406e-01 2.313215285539627075e-02
7.093499999999175998e+03 7.977629899978637695e-01 2.307105623185634613e-02
7.094979999999175561e+03 7.886592149734497070e-01 2.302433922886848450e-02
7.096459999999175125e+03 7.703180313110351562e-01 2.291258424520492554e-02
