4.300739999999999782e+03 -9.000000000000000000e+00 3.000000000000000000e+00
4.302219999999999345e+03 -9.000000000000000000e+00 3.000000000000000000e+00
4.303699999999998909e+03 -9.000000000000000000e+00 3.000000000000000000e+00
4.305179999999998472e+03 -9.000000000000000000e+00 3.000000000000000000e+00
4.306659999999998035e+03 -9.000000000000000000e+00 3.000000000000000000e+00
4.308139999999997599e+03 -9.000000000000000000e+00 3.000000000000000000e+00
4.309619999999997162e+03 -9.000000000000000000e+00 3.000000000000000000e+00
4.311099999999996726e+03 -9.000000000000000000e+00 3.000000000000000000e+00
4.312579999999996289e+03 -9.000000000000000000e+00 3.000000000000000000e+00
4.314059999999995853e+03 -9.000000000000000000e+00 3.000000000000000000e+00
4.315539999999995416e+03 -9.000000000000000000e+00 3.000000000000000000e+00
4.317019999999994980e+03 -9.000000000000000000e+00 3.000000000000000000e+00
4.318499999999994543e+03 -9.000000000000000000e+00 3.000000000000000000e+00
4.319979999999994106e+03 -9.000000000000000000e+00 3.000000000000000000e+00
4.321459999999993670e+03 -9.000000000000000000e+00 3.000000000000000000e+00
4.322939999999993233e+03 -9.000000000000000000e+00 3.000000000000000000e+00
4.324419999999992797e+03 -9.000000000000000000e+00 3.000000000000000000e+00
4.325899999999992360e+03 -9.000000000000000000e+00 3.000000000000000000e+00
4.327379999999991924e+03 -9.000000000000000000e+00 3.000000000000000000e+00
4.328859999999991487e+03 -9.000000000000000000e+00 3.000000000000000000e+00
4.330339999999991051e+03 -9.000000000000000000e+00 3.000000000000000000e+00
4.331819999999990614e+03 -9.000000000000000000e+00 3.000000000000000000e+00
4.333299999999990177e+03 -9.000000000000000000e+00 3.000000000000000000e+00
4.334779999999989741e+03 -9.000000000000000000e+00 3.000000000000000000e+00
4.336259999999989304e+03 -9.000000000000000000e+00 3.000000000000000000e+00
4.337739999999988868e+03 -9.000000000000000000e+00 3.000000000000000000e+00
4.339219999999988431e+03 -9.000000000000000000e+00 3.000000000000000000e+00
4.340699999999987995e+03 -9.000000000000000000e+00 3.000000000000000000e+00
4.342179999999987558e+03 -9.000000000000000000e+00 3.000000000000000000e+00
4.343659999999987122e+03 -9.000000000000000000e+00 3.000000000000000000e+00
4.345139999999986685e+03 -9.000000000000000000e+00 3.000000000000000000e+00
4.346619999999986248e+03 -9.000000000000000000e+00 3.000000000000000000e+00
4.348099999999985812e+03 -9.000000000000000000e+00 3.000000000000000000e+00
4.349579999999985375e+03 -9.000000000000000000e+00 3.000000000000000000e+00
4.351059999999984939e+03 -9.000000000000000000e+00 3.000000000000000000e+00
4.352539999999984502e+03 -9.000000000000000000e+00 3.000000000000000000e+00
4.354019999999984066e+03 -9.000000000000000000e+00 3.000000000000000000e+00
4.355499999999983629e+03 -9.000000000000000000e+00 3.000000000000000000e+00
4.356979999999983193e+03 -9.000000000000000000e+00 3.000000000000000000e+00
4.358459999999982756e+03 -9.000000000000000000e+00 3.000000000000000000e+00
4.359939999999982319e+03 -9.000000000000000000e+00 3.000000000000000000e+00
4.361419999999981883e+03 -9.000000000000000000e+00 3.000000000000000000e+00
4.362899999999981446e+03 -9.000000000000000000e+00 3.000000000000000000e+00
4.364379999999981010e+03 -9.000000000000000000e+00 3.000000000000000000e+00
4.365859999999980573e+03 -9.000000000000000000e+00 3.000000000000000000e+00
4.367339999999980137e+03 -9.000000000000000000e+00 3.000000000000000000e+00
4.368819999999979700e+03 -9.000000000000000000e+00 3.000000000000000000e+00
4.370299999999979264e+03 -9.000000000000000000e+00 3.000000000000000000e+00
4.371779999999978827e+03 -9.000000000000000000e+00 3.000000000000000000e+00
4.373259999999978390e+03 -9.000000000000000000e+00 3.000000000000000000e+00
4.374739999999977954e+03 -9.000000000000000000e+00 3.000000000000000000e+00
4.376219999999977517e+03 -9.000000000000000000e+00 3.000000000000000000e+00
4.377699999999977081e+03 -9.000000000000000000e+00 3.000000000000000000e+00
4.379179999999976644e+03 -9.000000000000000000e+00 3.000000000000000000e+00
4.380659999999976208e+03 -9.000000000000000000e+00 3.000000000000000000e+00
4.382139999999975771e+03 -9.000000000000000000e+00 3.000000000000000000e+00
4.383619999999975335e+03 -9.000000000000000000e+00 3.000000000000000000e+00
4.385099999999974898e+03 -9.000000000000000000e+00 3.000000000000000000e+00
4.386579999999974461e+03 -9.000000000000000000e+00 3.000000000000000000e+00
4.388059999999974025e+03 -9.000000000000000000e+00 3.000000000000000000e+00
4.389539999999973588e+03 -9.000000000000000000e+00 3.000000000000000000e+00
4.391019999999973152e+03 -9.000000000000000000e+00 3.000000000000000000e+00
4.392499999999972715e+03 -9.000000000000000000e+00 3.000000000000000000e+00
4.393979999999972279e+03 -9.000000000000000000e+00 3.000000000000000000e+00
4.395459999999971842e+03 -9.000000000000000000e+00 3.000000000000000000e+00
4.396939999999971405e+03 -9.000000000000000000e+00 3.000000000000000000e+00
4.398419999999970969e+03 -9.000000000000000000e+00 3.000000000000000000e+00
4.399899999999970532e+03 -9.000000000000000000e+00 3.000000000000000000e+00
4.401379999999970096e+03 -9.000000000000000000e+00 3.000000000000000000e+00
4.402859999999969659e+03 -9.000000000000000000e+00 3.000000000000000000e+00
4.404339999999969223e+03 -9.000000000000000000e+00 3.000000000000000000e+00
4.405819999999968786e+03 -9.000000000000000000e+00 3.000000000000000000e+00
4.407299999999968350e+03 -9.000000000000000000e+00 3.000000000000000000e+00
4.408779999999967913e+03 -9.000000000000000000e+00 3.000000000000000000e+00
4.410259999999967476e+03 -9.000000000000000000e+00 3.000000000000000000e+00
4.411739999999967040e+03 -9.000000000000000000e+00 3.000000000000000000e+00
4.413219999999966603e+03 -9.000000000000000000e+00 3.000000000000000000e+00
4.414699999999966167e+03 -9.000000000000000000e+00 3.000000000000000000e+00
4.416179999999965730e+03 -9.000000000000000000e+00 3.000000000000000000e+00
4.417659999999965294e+03 -9.000000000000000000e+00 3.000000000000000000e+00
4.419139999999964857e+03 -9.000000000000000000e+00 3.000000000000000000e+00
4.420619999999964421e+03 -9.000000000000000000e+00 3.000000000000000000e+00
4.422099999999963984e+03 -9.000000000000000000e+00 3.000000000000000000e+00
4.423579999999963547e+03 -9.000000000000000000e+00 3.000000000000000000e+00
4.425059999999963111e+03 -9.000000000000000000e+00 3.000000000000000000e+00
4.426539999999962674e+03 -9.000000000000000000e+00 3.000000000000000000e+00
4.428019999999962238e+03 -9.000000000000000000e+00 3.000000000000000000e+00
4.429499999999961801e+03 -9.000000000000000000e+00 3.000000000000000000e+00
4.430979999999961365e+03 -9.000000000000000000e+00 3.000000000000000000e+00
4.432459999999960928e+03 -9.000000000000000000e+00 3.000000000000000000e+00
4.433939999999960492e+03 -9.000000000000000000e+00 3.000000000000000000e+00
4.435419999999960055e+03 -9.000000000000000000e+00 3.000000000000000000e+00
4.436899999999959618e+03 -9.000000000000000000e+00 3.000000000000000000e+00
4.438379999999959182e+03 -9.000000000000000000e+00 3.000000000000000000e+00
4.439859999999958745e+03 -9.000000000000000000e+00 3.000000000000000000e+00
4.441339999999958309e+03 -9.000000000000000000e+00 3.000000000000000000e+00
4.442819999999957872e+03 -9.000000000000000000e+00 3.000000000000000000e+00
4.444299999999957436e+03 -9.000000000000000000e+00 3.000000000000000000e+00
4.445779999999956999e+03 -9.000000000000000000e+00 3.000000000000000000e+00
4.447259999999956563e+03 -9.000000000000000000e+00 3.000000000000000000e+00
4.448739999999956126e+03 -9.000000000000000000e+00 3.000000000000000000e+00
4.450219999999955689e+03 -9.000000000000000000e+00 3.000000000000000000e+00
4.451699999999955253e+03 1.979275792837142944e-01 1.200155168771743774e-02
4.453179999999954816e+03 2.120849937200546265e-01 1.218034792691469193e-02
4.454659999999954380e+03 1.733619272708892822e-01 1.129975821822881699e-02
4.456139999999953943e+03 1.841335296630859375e-01 1.155307237058877945e-02
4.457619999999953507e+03 1.918061375617980957e-01 1.163897383958101273e-02
4.459099999999953070e+03 1.999115496873855591e-01 1.184637378901243210e-02
4.460579999999952634e+03 1.908161491155624390e-01 1.162036787718534470e-02
4.462059999999952197e+03 1.734792739152908325e-01 1.119070779532194138e-02
4.463539999999951760e+03 1.775477975606918335e-01 1.141700986772775650e-02
4.465019999999951324e+03 1.819375902414321899e-01 1.149647403508424759e-02
4.466499999999950887e+03 1.821124553680419922e-01 1.145298127084970474e-02
4.467979999999950451e+03 1.648444831371307373e-01 1.113269012421369553e-02
4.469459999999950014e+03 2.042735219001770020e-01 1.182857714593410492e-02
4.470939999999949578e+03 1.794500201940536499e-01 1.125559210777282715e-02
4.472419999999949141e+03 1.992765516042709351e-01 1.184167899191379547e-02
4.473899999999948704e+03 1.889921724796295166e-01 1.165720447897911072e-02
4.475379999999948268e+03 1.891086399555206299e-01 1.165798213332891464e-02
4.476859999999947831e+03 1.959783136844635010e-01 1.178201381117105484e-02
4.478339999999947395e+03 1.976197063922882080e-01 1.166309975087642670e-02
4.479819999999946958e+03 2.073927521705627441e-01 1.173588354140520096e-02
4.481299999999946522e+03 1.674675792455673218e-01 1.099435053765773773e-02
4.482779999999946085e+03 1.788846403360366821e-01 1.124121900647878647e-02
4.484259999999945649e+03 2.111260145902633667e-01 1.194331794977188110e-02
4.485739999999945212e+03 1.815723478794097900e-01 1.147515140473842621e-02
4.487219999999944775e+03 1.946048736572265625e-01 1.156185567378997803e-02
4.488699999999944339e+03 1.827678829431533813e-01 1.126828603446483612e-02
4.490179999999943902e+03 1.970618963241577148e-01 1.153017580509185791e-02
4.491659999999943466e+03 1.932966858148574829e-01 1.151963323354721069e-02
4.493139999999943029e+03 1.827702820301055908e-01 1.133777294307947159e-02
4.494619999999942593e+03 1.874094456434249878e-01 1.144819986075162888e-02
4.496099999999942156e+03 1.913029849529266357e-01 1.144170295447111130e-02
4.497579999999941720e+03 1.906411349773406982e-01 1.143951993435621262e-02
4.499059999999941283e+03 1.874233633279800415e-01 1.147234253585338593e-02
4.500539999999940846e+03 2.001218497753143311e-01 1.156058628112077713e-02
4.502019999999940410e+03 1.837041527032852173e-01 1.122856792062520981e-02
4.503499999999939973e+03 1.879187971353530884e-01 1.135884504765272141e-02
4.504979999999939537e+03 2.027427405118942261e-01 1.169045269489288330e-02
4.506459999999939100e+03 2.100918591022491455e-01 1.174786966294050217e-02
4.507939999999938664e+03 2.007135748863220215e-01 1.154574006795883179e-02
4.509419999999938227e+03 1.953526884317398071e-01 1.141207106411457062e-02
4.510899999999937791e+03 1.918140500783920288e-01 1.139702554792165756e-02
4.512379999999937354e+03 2.008588761091232300e-01 1.145784091204404831e-02
4.513859999999936917e+03 1.984984874725341797e-01 1.131365541368722916e-02
4.515339999999936481e+03 1.900209784507751465e-01 1.124953012913465500e-02
4.516819999999936044e+03 1.886153966188430786e-01 1.128235924988985062e-02
4.518299999999935608e+03 2.042640298604965210e-01 1.144537702202796936e-02
4.519779999999935171e+03 2.019784152507781982e-01 1.142774987965822220e-02
4.521259999999934735e+03 1.832656264305114746e-01 1.112906448543071747e-02
4.522739999999934298e+03 1.830456405878067017e-01 1.104177534580230713e-02
4.524219999999933862e+03 1.863534003496170044e-01 1.107094157487154007e-02
4.525699999999933425e+03 1.808315813541412354e-01 1.086241472512483597e-02
4.527179999999932988e+03 1.858258694410324097e-01 1.098140608519315720e-02
4.528659999999932552e+03 2.031889408826828003e-01 1.132942456752061844e-02
4.530139999999932115e+03 1.791098117828369141e-01 1.090267393738031387e-02
4.531619999999931679e+03 1.974586248397827148e-01 1.119877677410840988e-02
4.533099999999931242e+03 1.924762874841690063e-01 1.116529200226068497e-02
4.534579999999930806e+03 2.017192691564559937e-01 1.130939275026321411e-02
4.536059999999930369e+03 2.117642164230346680e-01 1.148099824786186218e-02
4.537539999999929933e+03 2.076538801193237305e-01 1.145458314567804337e-02
4.539019999999929496e+03 1.855499446392059326e-01 1.108325831592082977e-02
4.540499999999929059e+03 1.981293410062789917e-01 1.117994077503681183e-02
4.541979999999928623e+03 1.966470330953598022e-01 1.113077066838741302e-02
4.543459999999928186e+03 1.794926226139068604e-01 1.091661117970943451e-02
4.544939999999927750e+03 1.824806928634643555e-01 1.092099584639072418e-02
4.546419999999927313e+03 1.899417042732238770e-01 1.101890299469232559e-02
4.547899999999926877e+03 1.779897212982177734e-01 1.077353674918413162e-02
4.549379999999926440e+03 2.087346762418746948e-01 1.115756295621395111e-02
4.550859999999926004e+03 1.643081605434417725e-01 1.034463662654161453e-02
4.552339999999925567e+03 1.734548062086105347e-01 1.065080612897872925e-02
4.553819999999925130e+03 2.138157188892364502e-01 1.125151570886373520e-02
4.555299999999924694e+03 2.421715706586837769e-01 1.167584955692291260e-02
4.556779999999924257e+03 1.699888557195663452e-01 1.053254120051860809e-02
4.558259999999923821e+03 1.928282827138900757e-01 1.089883223176002502e-02
4.559739999999923384e+03 1.790103167295455933e-01 1.064526941627264023e-02
4.561219999999922948e+03 2.112952917814254761e-01 1.124460250139236450e-02
4.562699999999922511e+03 2.127888649702072144e-01 1.124812196940183640e-02
4.564179999999922074e+03 1.707122027873992920e-01 2.501644194126129150e-02
4.565659999999921638e+03 1.711349487304687500e-01 2.094470337033271790e-02
4.567139999999921201e+03 1.787585616111755371e-01 1.043878216296434402e-02
4.568619999999920765e+03 1.898835450410842896e-01 1.070447918027639389e-02
4.570099999999920328e+03 1.905796825885772705e-01 1.072269398719072342e-02
4.571579999999919892e+03 1.718194782733917236e-01 1.033601537346839905e-02
4.573059999999919455e+03 1.764954924583435059e-01 1.036243885755538940e-02
4.574539999999919019e+03 1.853071302175521851e-01 1.051400694996118546e-02
4.576019999999918582e+03 1.836048364639282227e-01 1.057866588234901428e-02
4.577499999999918145e+03 1.811052262783050537e-01 1.053423807024955750e-02
4.578979999999917709e+03 1.666136831045150757e-01 1.017437595874071121e-02
4.580459999999917272e+03 1.797678917646408081e-01 1.038678083568811417e-02
4.581939999999916836e+03 2.085346281528472900e-01 1.089815981686115265e-02
4.583419999999916399e+03 1.968078315258026123e-01 1.066759601235389709e-02
4.584899999999915963e+03 1.857756674289703369e-01 1.038407254964113235e-02
4.586379999999915526e+03 2.019533365964889526e-01 1.072724349796772003e-02
4.587859999999915090e+03 1.886691451072692871e-01 1.049577724188566208e-02
4.589339999999914653e+03 1.809824705123901367e-01 1.042070705443620682e-02
4.590819999999914216e+03 2.150341719388961792e-01 1.091738604009151459e-02
4.592299999999913780e+03 2.102983295917510986e-01 1.077518891543149948e-02
4.593779999999913343e+03 1.805612295866012573e-01 1.025136839598417282e-02
4.595259999999912907e+03 1.838826537132263184e-01 1.029450446367263794e-02
4.596739999999912470e+03 1.942366510629653931e-01 1.046863757073879242e-02
4.598219999999912034e+03 1.936396062374114990e-01 1.041910797357559204e-02
4.599699999999911597e+03 1.721691191196441650e-01 1.006033457815647125e-02
4.601179999999911161e+03 1.867471039295196533e-01 1.030855998396873474e-02
4.602659999999910724e+03 1.955297589302062988e-01 1.043071504682302475e-02
4.604139999999910287e+03 1.879582107067108154e-01 1.031205710023641586e-02
4.605619999999909851e+03 1.780721843242645264e-01 1.012906897813081741e-02
4.607099999999909414e+03 1.801240593194961548e-01 1.014923676848411560e-02
4.608579999999908978e+03 1.630239784717559814e-01 9.910852648317813873e-03
4.610059999999908541e+03 1.735456436872482300e-01 1.008314173668622971e-02
4.611539999999908105e+03 1.830240637063980103e-01 1.022586226463317871e-02
4.613019999999907668e+03 1.941167414188385010e-01 1.035059802234172821e-02
4.614499999999907232e+03 1.872111558914184570e-01 1.020313706248998642e-02
4.615979999999906795e+03 1.802177280187606812e-01 1.015068031847476959e-02
4.617459999999906358e+03 1.952224671840667725e-01 1.032785791903734207e-02
4.618939999999905922e+03 1.726702302694320679e-01 9.962468408048152924e-03
4.620419999999905485e+03 1.623572260141372681e-01 9.812286123633384705e-03
4.621899999999905049e+03 1.638171523809432983e-01 9.782015345990657806e-03
4.623379999999904612e+03 1.745390892028808594e-01 9.952288120985031128e-03
4.624859999999904176e+03 1.824038326740264893e-01 1.009947434067726135e-02
4.626339999999903739e+03 1.862633675336837769e-01 1.016253698617219925e-02
4.627819999999903303e+03 1.891802251338958740e-01 1.014161948114633560e-02
4.629299999999902866e+03 1.756879389286041260e-01 9.941949509084224701e-03
4.630779999999902429e+03 1.760007292032241821e-01 9.927803650498390198e-03
4.632259999999901993e+03 1.779582500457763672e-01 9.923357516527175903e-03
4.633739999999901556e+03 1.575657725334167480e-01 9.548372589051723480e-03
4.635219999999901120e+03 1.693103611469268799e-01 9.701034985482692719e-03
4.636699999999900683e+03 1.659295856952667236e-01 9.590179659426212311e-03
4.638179999999900247e+03 1.801726520061492920e-01 9.831667877733707428e-03
4.639659999999899810e+03 1.570522189140319824e-01 9.394863620400428772e-03
4.641139999999899374e+03 1.723737865686416626e-01 9.786990471184253693e-03
4.642619999999898937e+03 1.726988554000854492e-01 9.725441224873065948e-03
4.644099999999898500e+03 1.877014040946960449e-01 9.922994300723075867e-03
4.645579999999898064e+03 1.871393918991088867e-01 9.878410957753658295e-03
4.647059999999897627e+03 1.868454366922378540e-01 9.843909181654453278e-03
4.648539999999897191e+03 1.864779293537139893e-01 9.763296693563461304e-03
4.650019999999896754e+03 1.655740886926651001e-01 9.445217438042163849e-03
4.651499999999896318e+03 1.665166169404983521e-01 9.525521658360958099e-03
4.652979999999895881e+03 1.640208810567855835e-01 9.502182714641094208e-03
4.654459999999895444e+03 1.712446212768554688e-01 9.566003456711769104e-03
4.655939999999895008e+03 1.617395132780075073e-01 9.410717524588108063e-03
4.657419999999894571e+03 1.869035810232162476e-01 9.881812147796154022e-03
4.658899999999894135e+03 1.847633570432662964e-01 9.932816028594970703e-03
4.660379999999893698e+03 1.572128683328628540e-01 9.397541172802448273e-03
4.661859999999893262e+03 1.860650032758712769e-01 9.904772974550724030e-03
4.663339999999892825e+03 1.793133318424224854e-01 9.690103121101856232e-03
4.664819999999892389e+03 1.512145549058914185e-01 9.126174263656139374e-03
4.666299999999891952e+03 1.726856380701065063e-01 9.478100575506687164e-03
4.667779999999891515e+03 1.852792054414749146e-01 9.596018120646476746e-03
4.669259999999891079e+03 1.833713650703430176e-01 9.612304158508777618e-03
4.670739999999890642e+03 1.441949307918548584e-01 8.995003066956996918e-03
4.672219999999890206e+03 1.987956464290618896e-01 9.922919794917106628e-03
4.673699999999889769e+03 1.756903827190399170e-01 9.559637866914272308e-03
4.675179999999889333e+03 1.909732818603515625e-01 9.734965860843658447e-03
4.676659999999888896e+03 1.575854122638702393e-01 9.192884899675846100e-03
4.678139999999888460e+03 1.604785174131393433e-01 9.190027602016925812e-03
4.679619999999888023e+03 1.806013733148574829e-01 9.529118426144123077e-03
4.681099999999887586e+03 1.827515214681625366e-01 9.496944956481456757e-03
4.682579999999887150e+03 1.693455725908279419e-01 9.373798035085201263e-03
4.684059999999886713e+03 1.621530055999755859e-01 9.300969541072845459e-03
4.685539999999886277e+03 1.822468191385269165e-01 9.584863670170307159e-03
4.687019999999885840e+03 1.804502159357070923e-01 9.520150721073150635e-03
4.688499999999885404e+03 1.927423924207687378e-01 9.707144461572170258e-03
4.689979999999884967e+03 1.610806882381439209e-01 9.165462106466293335e-03
4.691459999999884531e+03 1.741480678319931030e-01 9.302206337451934814e-03
4.692939999999884094e+03 1.687839478254318237e-01 9.216994047164916992e-03
4.694419999999883657e+03 1.778954863548278809e-01 9.469372220337390900e-03
4.695899999999883221e+03 1.634994149208068848e-01 9.191452525556087494e-03
4.697379999999882784e+03 1.673476696014404297e-01 9.135925211012363434e-03
4.698859999999882348e+03 1.695849150419235229e-01 9.124207310378551483e-03
4.700339999999881911e+03 1.719165593385696411e-01 9.189384058117866516e-03
4.701819999999881475e+03 1.709239184856414795e-01 9.113276377320289612e-03
4.703299999999881038e+03 1.712551712989807129e-01 9.121341630816459656e-03
4.704779999999880602e+03 1.723315715789794922e-01 1.159010268747806549e-02
4.706259999999880165e+03 1.707914173603057861e-01 1.269577536731958389e-02
4.707739999999879728e+03 1.866089552640914917e-01 9.411470964550971985e-03
4.709219999999879292e+03 1.735569238662719727e-01 9.164113551378250122e-03
4.710699999999878855e+03 1.654594689607620239e-01 9.087232872843742371e-03
4.712179999999878419e+03 1.702647805213928223e-01 9.150237776339054108e-03
4.713659999999877982e+03 1.728014051914215088e-01 9.127198718488216400e-03
4.715139999999877546e+03 1.813896000385284424e-01 9.259239770472049713e-03
4.716619999999877109e+03 1.533960103988647461e-01 8.876603096723556519e-03
4.718099999999876673e+03 1.873127222061157227e-01 9.493784047663211823e-03
4.719579999999876236e+03 1.778046786785125732e-01 9.301497600972652435e-03
4.721059999999875799e+03 1.705140024423599243e-01 9.071842767298221588e-03
4.722539999999875363e+03 1.745706796646118164e-01 9.189859032630920410e-03
4.724019999999874926e+03 1.725781410932540894e-01 9.230135940015316010e-03
4.725499999999874490e+03 1.781644076108932495e-01 9.266967885196208954e-03
4.726979999999874053e+03 1.688762903213500977e-01 9.032043628394603729e-03
4.728459999999873617e+03 1.551581174135208130e-01 8.711319416761398315e-03
4.729939999999873180e+03 1.584497243165969849e-01 8.815093897283077240e-03
4.731419999999872744e+03 1.754734218120574951e-01 9.109924547374248505e-03
4.732899999999872307e+03 1.678841263055801392e-01 8.954388089478015900e-03
4.734379999999871870e+03 1.715191751718521118e-01 9.017010219395160675e-03
4.735859999999871434e+03 1.632885187864303589e-01 8.870353922247886658e-03
4.737339999999870997e+03 1.610460281372070312e-01 8.840353228151798248e-03
4.738819999999870561e+03 1.558343023061752319e-01 8.766124956309795380e-03
4.740299999999870124e+03 1.569179892539978027e-01 8.794186636805534363e-03
4.741779999999869688e+03 1.675497591495513916e-01 8.966058492660522461e-03
4.743259999999869251e+03 1.685897558927536011e-01 9.029064327478408813e-03
4.744739999999868814e+03 1.709280759096145630e-01 9.004568681120872498e-03
4.746219999999868378e+03 1.943680644035339355e-01 9.352917782962322235e-03
4.747699999999867941e+03 1.832577735185623169e-01 9.196321479976177216e-03
4.749179999999867505e+03 1.660030633211135864e-01 8.979185484349727631e-03
4.750659999999867068e+03 1.628683805465698242e-01 8.764270693063735962e-03
4.752139999999866632e+03 1.357123255729675293e-01 8.371590636670589447e-03
4.753619999999866195e+03 1.544324308633804321e-01 8.680355735123157501e-03
4.755099999999865759e+03 1.571474224328994751e-01 8.675904944539070129e-03
4.756579999999865322e+03 1.620669364929199219e-01 8.711033500730991364e-03
4.758059999999864885e+03 1.505730301141738892e-01 8.579591289162635803e-03
4.759539999999864449e+03 1.550884544849395752e-01 8.706868626177310944e-03
4.761019999999864012e+03 1.643856167793273926e-01 8.777844719588756561e-03
4.762499999999863576e+03 1.758697330951690674e-01 8.911184035241603851e-03
4.763979999999863139e+03 1.661971956491470337e-01 8.775301277637481689e-03
4.765459999999862703e+03 1.647345125675201416e-01 8.748191408812999725e-03
4.766939999999862266e+03 1.673185080289840698e-01 8.821179158985614777e-03
4.768419999999861830e+03 1.665431410074234009e-01 8.814878761768341064e-03
4.769899999999861393e+03 1.652159839868545532e-01 8.756525814533233643e-03
4.771379999999860956e+03 1.437637060880661011e-01 8.399306796491146088e-03
4.772859999999860520e+03 1.535742580890655518e-01 8.591285906732082367e-03
4.774339999999860083e+03 1.631879061460494995e-01 8.781076408922672272e-03
4.775819999999859647e+03 1.710267961025238037e-01 8.861697278916835785e-03
4.777299999999859210e+03 1.430862843990325928e-01 8.444679901003837585e-03
4.778779999999858774e+03 1.601123958826065063e-01 8.727409876883029938e-03
4.780259999999858337e+03 1.656219512224197388e-01 8.770605549216270447e-03
4.781739999999857901e+03 1.532596498727798462e-01 8.556973189115524292e-03
4.783219999999857464e+03 1.614665687084197998e-01 8.672083728015422821e-03
4.784699999999857027e+03 1.501503288745880127e-01 8.496916852891445160e-03
4.786179999999856591e+03 1.611947864294052124e-01 8.664706721901893616e-03
4.787659999999856154e+03 1.494317352771759033e-01 8.421628735959529877e-03
4.789139999999855718e+03 1.624764800071716309e-01 8.635021746158599854e-03
4.790619999999855281e+03 1.612071096897125244e-01 8.680906146764755249e-03
4.792099999999854845e+03 1.493474543094635010e-01 8.462318219244480133e-03
4.793579999999854408e+03 1.553167402744293213e-01 8.594295009970664978e-03
4.795059999999853972e+03 1.662979274988174438e-01 8.779891766607761383e-03
4.796539999999853535e+03 1.582076996564865112e-01 8.658405393362045288e-03
4.798019999999853098e+03 1.432285010814666748e-01 8.360220119357109070e-03
4.799499999999852662e+03 1.769106388092041016e-01 8.845980279147624969e-03
4.800979999999852225e+03 1.484167128801345825e-01 8.362554945051670074e-03
4.802459999999851789e+03 1.608723402023315430e-01 8.622920140624046326e-03
4.803939999999851352e+03 1.431662887334823608e-01 8.328096941113471985e-03
4.805419999999850916e+03 1.478051841259002686e-01 8.386719040572643280e-03
4.806899999999850479e+03 1.678683012723922729e-01 8.645358495414257050e-03
4.808379999999850043e+03 1.635431945323944092e-01 8.570628240704536438e-03
4.809859999999849606e+03 1.591827720403671265e-01 8.598679676651954651e-03
4.811339999999849169e+03 1.488683968782424927e-01 8.431919850409030914e-03
4.812819999999848733e+03 1.555533856153488159e-01 8.527740836143493652e-03
4.814299999999848296e+03 1.812296211719512939e-01 8.949229493737220764e-03
4.815779999999847860e+03 1.744992733001708984e-01 8.934354409575462341e-03
4.817259999999847423e+03 1.514465510845184326e-01 8.517518639564514160e-03
4.818739999999846987e+03 1.519883871078491211e-01 1.649983227252960205e-02
4.820219999999846550e+03 1.727486699819564819e-01 3.790869191288948059e-02
4.821699999999846113e+03 1.586198508739471436e-01 2.789225429296493530e-02
4.823179999999845677e+03 1.563707292079925537e-01 8.489004336297512054e-03
4.824659999999845240e+03 1.544819921255111694e-01 8.497207425534725189e-03
4.826139999999844804e+03 1.516759991645812988e-01 8.485476486384868622e-03
4.827619999999844367e+03 1.582837551832199097e-01 8.548616431653499603e-03
4.829099999999843931e+03 1.622952967882156372e-01 8.608714677393436432e-03
4.830579999999843494e+03 1.590315103530883789e-01 8.562427945435047150e-03
4.832059999999843058e+03 1.647520661354064941e-01 8.696489036083221436e-03
4.833539999999842621e+03 1.570045202970504761e-01 8.568270131945610046e-03
4.835019999999842184e+03 1.475193798542022705e-01 8.358470164239406586e-03
4.836499999999841748e+03 1.592666208744049072e-01 8.609252050518989563e-03
4.837979999999841311e+03 1.609080135822296143e-01 8.597368374466896057e-03
4.839459999999840875e+03 1.660339236259460449e-01 8.654107339680194855e-03
4.840939999999840438e+03 1.637047082185745239e-01 8.581913076341152191e-03
4.842419999999840002e+03 1.600662022829055786e-01 8.451481349766254425e-03
4.843899999999839565e+03 1.643448621034622192e-01 8.571364916861057281e-03
4.845379999999839129e+03 1.550441980361938477e-01 8.422752842307090759e-03
4.846859999999838692e+03 1.504792273044586182e-01 8.330258540809154510e-03
4.848339999999838255e+03 1.631341427564620972e-01 8.455535396933555603e-03
4.849819999999837819e+03 1.733679920434951782e-01 8.589684963226318359e-03
4.851299999999837382e+03 1.593370139598846436e-01 8.378444239497184753e-03
4.852779999999836946e+03 1.616068035364151001e-01 8.409611880779266357e-03
4.854259999999836509e+03 1.526817679405212402e-01 8.213845081627368927e-03
4.855739999999836073e+03 1.450507789850234985e-01 7.964202202856540680e-03
4.857219999999835636e+03 1.545272767543792725e-01 8.135923184454441071e-03
4.858699999999835200e+03 1.492687761783599854e-01 8.121940307319164276e-03
4.860179999999834763e+03 1.559808701276779175e-01 8.554731495678424835e-03
4.861659999999834326e+03 1.522610634565353394e-01 8.459427393972873688e-03
4.863139999999833890e+03 1.699003577232360840e-01 8.501324802637100220e-03
4.864619999999833453e+03 1.703302562236785889e-01 8.361357264220714569e-03
4.866099999999833017e+03 1.527903378009796143e-01 8.126956410706043243e-03
4.867579999999832580e+03 1.511473059654235840e-01 8.173907175660133362e-03
4.869059999999832144e+03 1.724221706390380859e-01 8.475272916257381439e-03
4.870539999999831707e+03 1.613128334283828735e-01 8.172004483640193939e-03
4.872019999999831271e+03 1.666947752237319946e-01 8.234347216784954071e-03
4.873499999999830834e+03 1.529472023248672485e-01 8.099003694951534271e-03
4.874979999999830397e+03 1.366510391235351562e-01 7.886774837970733643e-03
4.876459999999829961e+03 1.545047909021377563e-01 8.171077817678451538e-03
4.877939999999829524e+03 1.596324145793914795e-01 8.283999748528003693e-03
4.879419999999829088e+03 1.505650579929351807e-01 8.177453652024269104e-03
4.880899999999828651e+03 1.734011769294738770e-01 8.598735556006431580e-03
4.882379999999828215e+03 1.704717278480529785e-01 8.465115912258625031e-03
4.883859999999827778e+03 1.525778919458389282e-01 8.155622519552707672e-03
4.885339999999827342e+03 1.517897248268127441e-01 8.145507425069808960e-03
4.886819999999826905e+03 1.536516547203063965e-01 8.100063540041446686e-03
4.888299999999826468e+03 1.515160351991653442e-01 8.141129277646541595e-03
4.889779999999826032e+03 1.528771072626113892e-01 8.122825063765048981e-03
4.891259999999825595e+03 1.555673480033874512e-01 8.096004836261272430e-03
4.892739999999825159e+03 1.599951535463333130e-01 8.203452453017234802e-03
4.894219999999824722e+03 1.665317118167877197e-01 8.381769061088562012e-03
4.895699999999824286e+03 1.527242958545684814e-01 8.228837512433528900e-03
4.897179999999823849e+03 1.542715430259704590e-01 8.215001784265041351e-03
4.898659999999823413e+03 1.518979221582412720e-01 8.145942352712154388e-03
4.900139999999822976e+03 1.383926421403884888e-01 7.870340719819068909e-03
4.901619999999822539e+03 1.617813706398010254e-01 8.296192623674869537e-03
4.903099999999822103e+03 1.516214460134506226e-01 8.126466535031795502e-03
4.904579999999821666e+03 1.581229269504547119e-01 8.295081555843353271e-03
4.906059999999821230e+03 1.775334477424621582e-01 8.557177148759365082e-03
4.907539999999820793e+03 1.707206368446350098e-01 8.352548815310001373e-03
4.909019999999820357e+03 1.606333255767822266e-01 8.175102062523365021e-03
4.910499999999819920e+03 1.419484019279479980e-01 7.875893265008926392e-03
4.911979999999819483e+03 1.535280048847198486e-01 8.127996698021888733e-03
4.913459999999819047e+03 1.594458520412445068e-01 8.264807052910327911e-03
4.914939999999818610e+03 1.530055254697799683e-01 8.153573609888553619e-03
4.916419999999818174e+03 1.609015613794326782e-01 8.163919672369956970e-03
4.917899999999817737e+03 1.616827994585037231e-01 8.119435049593448639e-03
4.919379999999817301e+03 1.576202213764190674e-01 7.996492087841033936e-03
4.920859999999816864e+03 1.596686691045761108e-01 8.047948591411113739e-03
4.922339999999816428e+03 1.533620953559875488e-01 7.988673634827136993e-03
4.923819999999815991e+03 1.586865931749343872e-01 8.114148862659931183e-03
4.925299999999815554e+03 1.536035090684890747e-01 8.131039328873157501e-03
4.926779999999815118e+03 1.595596075057983398e-01 8.259945549070835114e-03
4.928259999999814681e+03 1.495169997215270996e-01 8.007755503058433533e-03
4.929739999999814245e+03 1.348424404859542847e-01 7.716396823525428772e-03
4.931219999999813808e+03 1.485138237476348877e-01 7.921997457742691040e-03
4.932699999999813372e+03 1.534062623977661133e-01 8.018875494599342346e-03
4.934179999999812935e+03 1.577214598655700684e-01 8.089742623269557953e-03
4.935659999999812499e+03 1.423864364624023438e-01 7.908984087407588959e-03
4.937139999999812062e+03 1.376527696847915649e-01 7.772132754325866699e-03
4.938619999999811625e+03 1.611937284469604492e-01 8.052974008023738861e-03
4.940099999999811189e+03 1.365061998367309570e-01 7.698511704802513123e-03
4.941579999999810752e+03 1.462549269199371338e-01 7.977797649800777435e-03
4.943059999999810316e+03 1.474334150552749634e-01 7.969490252435207367e-03
4.944539999999809879e+03 1.420640349388122559e-01 7.845390588045120239e-03
4.946019999999809443e+03 1.209172159433364868e-01 7.463952526450157166e-03
4.947499999999809006e+03 1.292552947998046875e-01 7.624376565217971802e-03
4.948979999999808570e+03 1.949824690818786621e-01 8.704528212547302246e-03
4.950459999999808133e+03 9.073874950408935547e-01 1.621808484196662903e-02
4.951939999999807696e+03 1.580286502838134766e+00 2.098310180008411407e-02
4.953419999999807260e+03 1.071708679199218750e+00 1.752567663788795471e-02
4.954899999999806823e+03 1.585977822542190552e-01 7.992842234671115875e-03
4.956379999999806387e+03 1.281215846538543701e-01 7.505327463150024414e-03
4.957859999999805950e+03 1.366039961576461792e-01 7.749716285616159439e-03
4.959339999999805514e+03 1.318939477205276489e-01 7.776961661875247955e-03
4.960819999999805077e+03 1.407922208309173584e-01 7.832419127225875854e-03
4.962299999999804641e+03 1.426105648279190063e-01 7.869639433920383453e-03
4.963779999999804204e+03 1.389008462429046631e-01 7.755698170512914658e-03
4.965259999999803767e+03 1.406801342964172363e-01 7.757036481052637100e-03
4.966739999999803331e+03 1.328584700822830200e-01 7.634439039975404739e-03
4.968219999999802894e+03 1.468061059713363647e-01 7.912037894129753113e-03
4.969699999999802458e+03 1.465622782707214355e-01 7.921269163489341736e-03
4.971179999999802021e+03 1.621388792991638184e-01 8.173501119017601013e-03
4.972659999999801585e+03 1.524093449115753174e-01 8.002689108252525330e-03
4.974139999999801148e+03 1.467377841472625732e-01 7.900455966591835022e-03
4.975619999999800712e+03 1.541399210691452026e-01 8.012576960027217865e-03
4.977099999999800275e+03 1.566549539566040039e-01 8.021858520805835724e-03
4.978579999999799838e+03 1.532598137855529785e-01 7.947347126901149750e-03
4.980059999999799402e+03 1.511546969413757324e-01 7.823217660188674927e-03
4.981539999999798965e+03 1.520211845636367798e-01 7.773729972541332245e-03
4.983019999999798529e+03 1.499628722667694092e-01 7.729701697826385498e-03
4.984499999999798092e+03 1.576310694217681885e-01 7.908851839601993561e-03
4.985979999999797656e+03 1.510568559169769287e-01 7.901093922555446625e-03
4.987459999999797219e+03 1.696405857801437378e-01 8.233743719756603241e-03
4.988939999999796783e+03 1.548110991716384888e-01 7.984722964465618134e-03
4.990419999999796346e+03 1.606467962265014648e-01 8.048662915825843811e-03
4.991899999999795909e+03 1.556722819805145264e-01 8.004329167306423187e-03
4.993379999999795473e+03 1.384951919317245483e-01 7.758844178169965744e-03
4.994859999999795036e+03 1.454905718564987183e-01 7.830786518752574921e-03
4.996339999999794600e+03 1.617651730775833130e-01 8.099017664790153503e-03
4.997819999999794163e+03 1.701434850692749023e-01 8.175075985491275787e-03
4.999299999999793727e+03 1.492187827825546265e-01 7.785937748849391937e-03
5.000779999999793290e+03 1.404562145471572876e-01 7.681820075958967209e-03
5.002259999999792853e+03 1.504435390233993530e-01 7.830144837498664856e-03
5.003739999999792417e+03 1.513632982969284058e-01 7.978007197380065918e-03
5.005219999999791980e+03 1.506308317184448242e-01 8.305961266160011292e-03
5.006699999999791544e+03 1.606454849243164062e-01 8.449035696685314178e-03
5.008179999999791107e+03 1.558519303798675537e-01 8.081893436610698700e-03
5.009659999999790671e+03 1.371146887540817261e-01 7.604761980473995209e-03
5.011139999999790234e+03 1.350136995315551758e-01 7.559023797512054443e-03
5.012619999999789798e+03 1.559049487113952637e-01 7.858923636376857758e-03
5.014099999999789361e+03 1.642508804798126221e-01 7.986264303326606750e-03
5.015579999999788924e+03 1.433206051588058472e-01 7.638035342097282410e-03
5.017059999999788488e+03 1.488440036773681641e-01 7.730973884463310242e-03
5.018539999999788051e+03 1.547765582799911499e-01 7.812710478901863098e-03
5.020019999999787615e+03 1.650346368551254272e-01 8.045868948101997375e-03
5.021499999999787178e+03 1.546458154916763306e-01 7.802665233612060547e-03
5.022979999999786742e+03 1.603663712739944458e-01 7.952495478093624115e-03
5.024459999999786305e+03 1.623664647340774536e-01 7.979073561728000641e-03
5.025939999999785869e+03 1.584219187498092651e-01 7.846632041037082672e-03
5.027419999999785432e+03 1.569894850254058838e-01 7.802538573741912842e-03
5.028899999999784995e+03 1.481181830167770386e-01 7.723970338702201843e-03
5.030379999999784559e+03 1.319026052951812744e-01 7.538026664406061172e-03
5.031859999999784122e+03 1.474938839673995972e-01 7.808149326592683792e-03
5.033339999999783686e+03 1.428495794534683228e-01 7.667305413633584976e-03
5.034819999999783249e+03 1.456343084573745728e-01 7.675092667341232300e-03
5.036299999999782813e+03 1.592850983142852783e-01 7.859366014599800110e-03
5.037779999999782376e+03 1.580430865287780762e-01 7.839006371796131134e-03
5.039259999999781940e+03 1.523376703262329102e-01 7.662724237889051437e-03
5.040739999999781503e+03 1.439560949802398682e-01 7.487786468118429184e-03
5.042219999999781066e+03 1.666534543037414551e-01 7.967786863446235657e-03
5.043699999999780630e+03 1.544277518987655640e-01 7.792024407535791397e-03
5.045179999999780193e+03 1.381817907094955444e-01 7.550171576440334320e-03
5.046659999999779757e+03 1.575387269258499146e-01 7.823522202670574188e-03
5.048139999999779320e+03 1.763231009244918823e-01 8.097320795059204102e-03
5.049619999999778884e+03 4.269418120384216309e-01 1.132231298834085464e-02
5.051099999999778447e+03 7.573809623718261719e-01 1.457750052213668823e-02
5.052579999999778011e+03 5.529032945632934570e-01 1.268211845308542252e-02
5.054059999999777574e+03 1.868913024663925171e-01 8.317715488374233246e-03
5.055539999999777137e+03 1.509497016668319702e-01 7.766235154122114182e-03
5.057019999999776701e+03 1.521414667367935181e-01 7.763504981994628906e-03
5.058499999999776264e+03 1.501833945512771606e-01 7.785398978739976883e-03
5.059979999999775828e+03 1.559811830520629883e-01 7.858402095735073090e-03
5.061459999999775391e+03 1.617070585489273071e-01 7.932318374514579773e-03
5.062939999999774955e+03 1.473608314990997314e-01 7.660768460482358932e-03
5.064419999999774518e+03 1.565425992012023926e-01 7.738712709397077560e-03
5.065899999999774082e+03 1.568465828895568848e-01 7.764276582747697830e-03
5.067379999999773645e+03 1.548951268196105957e-01 7.759098894894123077e-03
5.068859999999773208e+03 1.596544533967971802e-01 7.878160104155540466e-03
5.070339999999772772e+03 1.559971421957015991e-01 7.778951898217201233e-03
5.071819999999772335e+03 1.567034423351287842e-01 7.756116800010204315e-03
5.073299999999771899e+03 1.445678621530532837e-01 7.583678234368562698e-03
5.074779999999771462e+03 1.430256068706512451e-01 7.534498814493417740e-03
5.076259999999771026e+03 1.518988311290740967e-01 7.700421847403049469e-03
5.077739999999770589e+03 1.698443740606307983e-01 7.942633703351020813e-03
5.079219999999770152e+03 1.661894321441650391e-01 7.833119481801986694e-03
5.080699999999769716e+03 1.544487476348876953e-01 8.046261034905910492e-03
5.082179999999769279e+03 1.522311270236968994e-01 1.465794164687395096e-02
5.083659999999768843e+03 1.562417149543762207e-01 1.606235280632972717e-02
5.085139999999768406e+03 1.474844962358474731e-01 7.860447280108928680e-03
5.086619999999767970e+03 1.425265222787857056e-01 7.460665423423051834e-03
5.088099999999767533e+03 1.397298574447631836e-01 7.492347154766321182e-03
5.089579999999767097e+03 1.463599056005477905e-01 7.576932664960622787e-03
5.091059999999766660e+03 1.554698944091796875e-01 7.779920939356088638e-03
5.092539999999766223e+03 1.643487364053726196e-01 7.937874644994735718e-03
5.094019999999765787e+03 1.481829881668090820e-01 7.682042196393013000e-03
5.095499999999765350e+03 1.483716666698455811e-01 7.634591311216354370e-03
5.096979999999764914e+03 1.937318146228790283e-01 8.246238343417644501e-03
5.098459999999764477e+03 9.630025029182434082e-01 1.607454381883144379e-02
5.099939999999764041e+03 1.951237797737121582e+00 2.260567061603069305e-02
5.101419999999763604e+03 1.318518877029418945e+00 1.868849433958530426e-02
5.102899999999763168e+03 1.751724928617477417e-01 8.073006756603717804e-03
5.104379999999762731e+03 1.519456058740615845e-01 7.679397705942392349e-03
5.105859999999762294e+03 1.597003340721130371e-01 7.759663742035627365e-03
5.107339999999761858e+03 1.642123162746429443e-01 7.812269963324069977e-03
5.108819999999761421e+03 1.878713220357894897e-01 8.146626874804496765e-03
5.110299999999760985e+03 1.615920811891555786e-01 7.733795326203107834e-03
5.111779999999760548e+03 1.339520364999771118e-01 7.364084944128990173e-03
5.113259999999760112e+03 1.373737156391143799e-01 7.458838634192943573e-03
5.114739999999759675e+03 1.440519839525222778e-01 7.558947894722223282e-03
5.116219999999759239e+03 1.553429812192916870e-01 7.710984908044338226e-03
5.117699999999758802e+03 1.578615009784698486e-01 7.772870361804962158e-03
5.119179999999758365e+03 1.635367572307586670e-01 7.820988073945045471e-03
5.120659999999757929e+03 1.502446383237838745e-01 7.588242646306753159e-03
5.122139999999757492e+03 1.587171554565429688e-01 7.662127260118722916e-03
5.123619999999757056e+03 1.555633097887039185e-01 7.681715767830610275e-03
5.125099999999756619e+03 1.522589921951293945e-01 7.579886354506015778e-03
5.126579999999756183e+03 1.483994722366333008e-01 7.539264392107725143e-03
5.128059999999755746e+03 1.594504117965698242e-01 7.722386624664068222e-03
5.129539999999755310e+03 1.422018706798553467e-01 7.479986641556024551e-03
5.131019999999754873e+03 1.493790149688720703e-01 7.588105276226997375e-03
5.132499999999754436e+03 1.454072445631027222e-01 7.498546037822961807e-03
5.133979999999754000e+03 1.598821133375167847e-01 7.770076859742403030e-03
5.135459999999753563e+03 1.506826728582382202e-01 7.686956785619258881e-03
5.136939999999753127e+03 1.483381539583206177e-01 7.557876408100128174e-03
5.138419999999752690e+03 1.482959240674972534e-01 7.565452717244625092e-03
5.139899999999752254e+03 1.509946733713150024e-01 7.612761575728654861e-03
5.141379999999751817e+03 1.280576884746551514e-01 7.225636392831802368e-03
5.142859999999751381e+03 1.403360962867736816e-01 7.449570577591657639e-03
5.144339999999750944e+03 1.516020298004150391e-01 7.609951309859752655e-03
5.145819999999750507e+03 1.453935056924819946e-01 7.528083864599466324e-03
5.147299999999750071e+03 1.519567668437957764e-01 7.612718269228935242e-03
5.148779999999749634e+03 1.545302569866180420e-01 7.649290841072797775e-03
5.150259999999749198e+03 1.584336757659912109e-01 7.753785233944654465e-03
5.151739999999748761e+03 1.530421674251556396e-01 7.674292195588350296e-03
5.153219999999748325e+03 1.468722671270370483e-01 7.540437392890453339e-03
5.154699999999747888e+03 1.344223916530609131e-01 7.300197612494230270e-03
5.156179999999747452e+03 1.437761336565017700e-01 7.491456344723701477e-03
5.157659999999747015e+03 1.448660790920257568e-01 7.506606634706258774e-03
5.159139999999746578e+03 1.309544891119003296e-01 7.245787419378757477e-03
5.160619999999746142e+03 1.389149129390716553e-01 7.421867456287145615e-03
5.162099999999745705e+03 1.561518758535385132e-01 7.650436833500862122e-03
5.163579999999745269e+03 1.587227731943130493e-01 7.660176604986190796e-03
5.165059999999744832e+03 1.520897001028060913e-01 7.455420214682817459e-03
5.166539999999744396e+03 1.616320312023162842e-01 7.481626234948635101e-03
5.168019999999743959e+03 1.614536195993423462e-01 7.520342711359262466e-03
5.169499999999743522e+03 1.482199728488922119e-01 7.380311377346515656e-03
5.170979999999743086e+03 1.467487215995788574e-01 7.249634712934494019e-03
5.172459999999742649e+03 1.475206762552261353e-01 7.245743181556463242e-03
5.173939999999742213e+03 1.426437050104141235e-01 7.318286690860986710e-03
5.175419999999741776e+03 1.342407613992691040e-01 7.282786071300506592e-03
5.176899999999741340e+03 1.367728263139724731e-01 7.337842602282762527e-03
5.178379999999740903e+03 1.397981941699981689e-01 7.336507085710763931e-03
5.179859999999740467e+03 1.299580484628677368e-01 7.118531502783298492e-03
5.181339999999740030e+03 1.525213122367858887e-01 7.311404682695865631e-03
5.182819999999739593e+03 1.486622542142868042e-01 7.158725988119840622e-03
5.184299999999739157e+03 1.414073556661605835e-01 7.169305812567472458e-03
5.185779999999738720e+03 1.373497247695922852e-01 7.308347150683403015e-03
5.187259999999738284e+03 1.397549659013748169e-01 7.478115614503622055e-03
5.188739999999737847e+03 1.488601267337799072e-01 7.560718804597854614e-03
5.190219999999737411e+03 1.367924809455871582e-01 7.309912703931331635e-03
5.191699999999736974e+03 1.344683170318603516e-01 7.185473106801509857e-03
5.193179999999736538e+03 1.421656906604766846e-01 7.312701549381017685e-03
5.194659999999736101e+03 1.445780992507934570e-01 7.362540345638990402e-03
5.196139999999735664e+03 1.380850672721862793e-01 7.550787180662155151e-03
5.197619999999735228e+03 1.418878138065338135e-01 7.834598422050476074e-03
5.199099999999734791e+03 1.410981118679046631e-01 7.801080122590065002e-03
5.200579999999734355e+03 1.403145790100097656e-01 7.646850775927305222e-03
5.202059999999733918e+03 1.423758715391159058e-01 7.561174686998128891e-03
5.203539999999733482e+03 1.375696361064910889e-01 7.322832476347684860e-03
5.205019999999733045e+03 1.300918161869049072e-01 7.040345109999179840e-03
5.206499999999732609e+03 1.480298638343811035e-01 7.331166416406631470e-03
5.207979999999732172e+03 1.543454229831695557e-01 7.462330162525177002e-03
5.209459999999731735e+03 1.454862356185913086e-01 7.398836314678192139e-03
5.210939999999731299e+03 1.371861398220062256e-01 7.307537365704774857e-03
5.212419999999730862e+03 1.327443718910217285e-01 7.246215362101793289e-03
5.213899999999730426e+03 1.347616761922836304e-01 7.229871582239866257e-03
5.215379999999729989e+03 1.423381567001342773e-01 7.271863985806703568e-03
5.216859999999729553e+03 1.408305019140243530e-01 7.351722568273544312e-03
5.218339999999729116e+03 1.404983997344970703e-01 7.359241135418415070e-03
5.219819999999728680e+03 1.403870582580566406e-01 7.325882092118263245e-03
5.221299999999728243e+03 1.439388096332550049e-01 7.404741831123828888e-03
5.222779999999727806e+03 1.435851156711578369e-01 7.491649594157934189e-03
5.224259999999727370e+03 1.394609510898590088e-01 7.349937222898006439e-03
5.225739999999726933e+03 1.453277915716171265e-01 7.288136985152959824e-03
5.227219999999726497e+03 1.342031657695770264e-01 7.078675087541341782e-03
5.228699999999726060e+03 1.380179524421691895e-01 7.260586600750684738e-03
5.230179999999725624e+03 1.423030495643615723e-01 7.377546746283769608e-03
5.231659999999725187e+03 1.421204507350921631e-01 7.289181463420391083e-03
5.233139999999724751e+03 1.404401659965515137e-01 7.250266615301370621e-03
5.234619999999724314e+03 1.327828913927078247e-01 7.131705060601234436e-03
5.236099999999723877e+03 1.290049850940704346e-01 7.144420407712459564e-03
5.237579999999723441e+03 1.501152068376541138e-01 7.593785878270864487e-03
5.239059999999723004e+03 1.451029032468795776e-01 7.538666017353534698e-03
5.240539999999722568e+03 1.403162330389022827e-01 7.382112555205821991e-03
5.242019999999722131e+03 1.399656981229782104e-01 7.280789781361818314e-03
5.243499999999721695e+03 1.348996162414550781e-01 7.179606705904006958e-03
5.244979999999721258e+03 1.500334739685058594e-01 7.425118703395128250e-03
5.246459999999720822e+03 1.449220627546310425e-01 7.337102200835943222e-03
5.247939999999720385e+03 1.360387951135635376e-01 7.197380997240543365e-03
5.249419999999719948e+03 1.352712064981460571e-01 7.170910015702247620e-03
5.250899999999719512e+03 1.439028978347778320e-01 7.282884325832128525e-03
5.252379999999719075e+03 1.268896907567977905e-01 6.979881785809993744e-03
5.253859999999718639e+03 1.426559090614318848e-01 7.333956193178892136e-03
5.255339999999718202e+03 1.322987526655197144e-01 7.308924570679664612e-03
5.256819999999717766e+03 1.516337841749191284e-01 7.587370928376913071e-03
5.258299999999717329e+03 1.309136599302291870e-01 7.192532066255807877e-03
5.259779999999716892e+03 1.413307040929794312e-01 7.255527656525373459e-03
5.261259999999716456e+03 1.409883499145507812e-01 7.197511382400989532e-03
5.262739999999716019e+03 1.350520998239517212e-01 7.025334518402814865e-03
5.264219999999715583e+03 1.361006349325180054e-01 6.963418330997228622e-03
5.265699999999715146e+03 1.381948590278625488e-01 6.984593812376260757e-03
5.267179999999714710e+03 1.252566725015640259e-01 6.781128700822591782e-03
5.268659999999714273e+03 1.177720651030540466e-01 6.672425195574760437e-03
5.270139999999713837e+03 1.329293996095657349e-01 6.963782012462615967e-03
5.271619999999713400e+03 1.439840942621231079e-01 7.231786381453275681e-03
5.273099999999712963e+03 1.314414739608764648e-01 7.065192330628633499e-03
5.274579999999712527e+03 1.321753561496734619e-01 7.158956024795770645e-03
5.276059999999712090e+03 1.389059424400329590e-01 7.291124202311038971e-03
5.277539999999711654e+03 1.295215189456939697e-01 7.130175828933715820e-03
5.279019999999711217e+03 1.298267394304275513e-01 7.063092198222875595e-03
5.280499999999710781e+03 1.332714259624481201e-01 7.022498641163110733e-03
5.281979999999710344e+03 1.231122016906738281e-01 6.871869321912527084e-03
5.283459999999709908e+03 1.266166716814041138e-01 6.920874584466218948e-03
5.284939999999709471e+03 1.389253735542297363e-01 7.178960368037223816e-03
5.286419999999709034e+03 1.413437575101852417e-01 7.224767934530973434e-03
5.287899999999708598e+03 1.304143518209457397e-01 7.117701694369316101e-03
5.289379999999708161e+03 1.322745680809020996e-01 7.145452313125133514e-03
5.290859999999707725e+03 1.238819658756256104e-01 6.991751026362180710e-03
5.292339999999707288e+03 1.411813646554946899e-01 7.292518392205238342e-03
5.293819999999706852e+03 1.465488523244857788e-01 7.355213165283203125e-03
5.295299999999706415e+03 1.569185405969619751e-01 7.452588062733411789e-03
5.296779999999705979e+03 1.563009619712829590e-01 7.447723299264907837e-03
5.298259999999705542e+03 1.388731151819229126e-01 7.237244397401809692e-03
5.299739999999705105e+03 1.425840109586715698e-01 7.230866700410842896e-03
5.301219999999704669e+03 1.429128795862197876e-01 7.211330812424421310e-03
5.302699999999704232e+03 1.259560137987136841e-01 7.017678581178188324e-03
5.304179999999703796e+03 1.285927444696426392e-01 7.058236282318830490e-03
5.305659999999703359e+03 1.309068500995635986e-01 7.108863443136215210e-03
5.307139999999702923e+03 1.353617012500762939e-01 7.181670982390642166e-03
5.308619999999702486e+03 1.313353478908538818e-01 7.115973159670829773e-03
5.310099999999702050e+03 1.376235336065292358e-01 7.247867994010448456e-03
5.311579999999701613e+03 1.426867097616195679e-01 7.343016099184751511e-03
5.313059999999701176e+03 1.342918872833251953e-01 7.169303018599748611e-03
5.314539999999700740e+03 1.317988187074661255e-01 7.012409623712301254e-03
5.316019999999700303e+03 1.426034122705459595e-01 7.244346663355827332e-03
5.317499999999699867e+03 1.392898559570312500e-01 7.175981998443603516e-03
5.318979999999699430e+03 1.430727541446685791e-01 7.239099591970443726e-03
5.320459999999698994e+03 1.300439089536666870e-01 7.100808434188365936e-03
5.321939999999698557e+03 1.329787671566009521e-01 7.064750418066978455e-03
5.323419999999698121e+03 1.320268213748931885e-01 7.054287008941173553e-03
5.324899999999697684e+03 1.321035921573638916e-01 7.117046508938074112e-03
5.326379999999697247e+03 1.217700019478797913e-01 6.846513599157333374e-03
5.327859999999696811e+03 1.343504935503005981e-01 7.027958519756793976e-03
5.329339999999696374e+03 1.439089477062225342e-01 7.325243670493364334e-03
5.330819999999695938e+03 1.345550715923309326e-01 7.207739166915416718e-03
5.332299999999695501e+03 1.372462809085845947e-01 7.176381070166826248e-03
5.333779999999695065e+03 1.411882191896438599e-01 7.251865696161985397e-03
5.335259999999694628e+03 1.380417048931121826e-01 7.201639004051685333e-03
5.336739999999694192e+03 1.435649245977401733e-01 7.260894402861595154e-03
5.338219999999693755e+03 1.460482776165008545e-01 7.254008669406175613e-03
5.339699999999693318e+03 1.405367553234100342e-01 7.164005190134048462e-03
5.341179999999692882e+03 1.349001675844192505e-01 7.085134275257587433e-03
5.342659999999692445e+03 1.327210813760757446e-01 7.100008893758058548e-03
5.344139999999692009e+03 1.492864936590194702e-01 7.375265005975961685e-03
5.345619999999691572e+03 1.408036649227142334e-01 7.194455713033676147e-03
5.347099999999691136e+03 1.337893754243850708e-01 7.087419740855693817e-03
5.348579999999690699e+03 1.235694885253906250e-01 6.935065146535634995e-03
5.350059999999690262e+03 1.128193959593772888e-01 6.787953432649374008e-03
5.351539999999689826e+03 1.386705338954925537e-01 7.194124162197113037e-03
5.353019999999689389e+03 1.328602582216262817e-01 7.074373774230480194e-03
5.354499999999688953e+03 1.325210481882095337e-01 7.122080773115158081e-03
5.355979999999688516e+03 1.472539603710174561e-01 7.295302115380764008e-03
5.357459999999688080e+03 1.387974023818969727e-01 7.168066687881946564e-03
5.358939999999687643e+03 1.400504410266876221e-01 7.195657584816217422e-03
5.360419999999687207e+03 1.346025168895721436e-01 7.077867630869150162e-03
5.361899999999686770e+03 1.301727592945098877e-01 6.975170224905014038e-03
5.363379999999686333e+03 1.306156218051910400e-01 6.985755637288093567e-03
5.364859999999685897e+03 1.380616277456283569e-01 7.064476143568754196e-03
5.366339999999685460e+03 1.303475499153137207e-01 6.993032991886138916e-03
5.367819999999685024e+03 1.334453523159027100e-01 7.029718719422817230e-03
5.369299999999684587e+03 1.364875286817550659e-01 7.010557223111391068e-03
5.370779999999684151e+03 1.354588866233825684e-01 7.015701849013566971e-03
5.372259999999683714e+03 1.269852817058563232e-01 6.932949181646108627e-03
5.373739999999683278e+03 1.306955665349960327e-01 7.030812092125415802e-03
5.375219999999682841e+03 1.287466734647750854e-01 6.989915389567613602e-03
5.376699999999682404e+03 1.320053189992904663e-01 7.034009788185358047e-03
5.378179999999681968e+03 1.358527839183807373e-01 7.036132737994194031e-03
5.379659999999681531e+03 1.372626274824142456e-01 7.079642266035079956e-03
5.381139999999681095e+03 1.356332004070281982e-01 7.070206571370363235e-03
5.382619999999680658e+03 1.292233467102050781e-01 6.923179607838392258e-03
5.384099999999680222e+03 1.280536949634552002e-01 6.939276587218046188e-03
5.385579999999679785e+03 1.417637765407562256e-01 7.176167331635951996e-03
5.387059999999679349e+03 1.420768499374389648e-01 7.172429468482732773e-03
5.388539999999678912e+03 1.348193883895874023e-01 7.047233171761035919e-03
5.390019999999678475e+03 1.325828135013580322e-01 6.990984547883272171e-03
5.391499999999678039e+03 1.289625018835067749e-01 6.916931364685297012e-03
5.392979999999677602e+03 1.319391578435897827e-01 6.945436354726552963e-03
5.394459999999677166e+03 1.269094049930572510e-01 6.867260672152042389e-03
5.395939999999676729e+03 1.393752545118331909e-01 7.027100771665573120e-03
5.397419999999676293e+03 1.377093195915222168e-01 6.984219420701265335e-03
5.398899999999675856e+03 1.428791731595993042e-01 7.077538408339023590e-03
5.400379999999675420e+03 1.474082320928573608e-01 7.192702963948249817e-03
5.401859999999674983e+03 1.346669048070907593e-01 6.923922337591648102e-03
5.403339999999674546e+03 1.193436533212661743e-01 6.694888230413198471e-03
5.404819999999674110e+03 1.396148204803466797e-01 6.937053520232439041e-03
5.406299999999673673e+03 1.269639432430267334e-01 6.849841680377721786e-03
5.407779999999673237e+03 1.396287679672241211e-01 7.051557768136262894e-03
5.409259999999672800e+03 1.337258219718933105e-01 6.969533395022153854e-03
5.410739999999672364e+03 1.193163543939590454e-01 6.744697224348783493e-03
5.412219999999671927e+03 1.392392963171005249e-01 7.089274004101753235e-03
5.413699999999671491e+03 1.380570381879806519e-01 7.062814664095640182e-03
5.415179999999671054e+03 1.249634847044944763e-01 6.840095855295658112e-03
5.416659999999670617e+03 1.253606975078582764e-01 6.846524775028228760e-03
5.418139999999670181e+03 1.378089189529418945e-01 7.064678240567445755e-03
5.419619999999669744e+03 1.396595388650894165e-01 7.101753726601600647e-03
5.421099999999669308e+03 1.327784210443496704e-01 6.964013446122407913e-03
5.422579999999668871e+03 1.379908472299575806e-01 6.965589709579944611e-03
5.424059999999668435e+03 1.424310207366943359e-01 7.018851116299629211e-03
5.425539999999667998e+03 1.383455395698547363e-01 7.018834818154573441e-03
5.427019999999667561e+03 1.266377866268157959e-01 6.865755189210176468e-03
5.428499999999667125e+03 1.286681741476058960e-01 6.870583165436983109e-03
5.429979999999666688e+03 1.255170851945877075e-01 6.817142944782972336e-03
5.431459999999666252e+03 1.337068080902099609e-01 6.985140033066272736e-03
5.432939999999665815e+03 1.245322823524475098e-01 6.791099905967712402e-03
5.434419999999665379e+03 1.388577073812484741e-01 7.032950874418020248e-03
5.435899999999664942e+03 1.344304680824279785e-01 6.994739174842834473e-03
5.437379999999664506e+03 1.221706345677375793e-01 6.862633861601352692e-03
5.438859999999664069e+03 1.279886066913604736e-01 6.911077070981264114e-03
5.440339999999663632e+03 1.295331865549087524e-01 6.962433457374572754e-03
5.441819999999663196e+03 1.292390972375869751e-01 6.943857297301292419e-03
5.443299999999662759e+03 1.229766085743904114e-01 6.785744801163673401e-03
5.444779999999662323e+03 1.321123093366622925e-01 6.866009905934333801e-03
5.446259999999661886e+03 1.313878893852233887e-01 6.853148806840181351e-03
5.447739999999661450e+03 1.367208510637283325e-01 6.990506779402494431e-03
5.449219999999661013e+03 1.206388175487518311e-01 6.717229261994361877e-03
5.450699999999660577e+03 1.285630613565444946e-01 6.894372869282960892e-03
5.452179999999660140e+03 1.408346593379974365e-01 7.083435542881488800e-03
5.453659999999659703e+03 1.380143016576766968e-01 6.902379449456930161e-03
5.455139999999659267e+03 1.395116597414016724e-01 6.997279822826385498e-03
5.456619999999658830e+03 1.296728700399398804e-01 6.893800105899572372e-03
5.458099999999658394e+03 1.385781764984130859e-01 7.148920092731714249e-03
5.459579999999657957e+03 1.346352696418762207e-01 7.139143534004688263e-03
5.461059999999657521e+03 1.233608648180961609e-01 6.892724428325891495e-03
5.462539999999657084e+03 1.137474924325942993e-01 6.652228999882936478e-03
5.464019999999656648e+03 1.257937997579574585e-01 6.823375821113586426e-03
5.465499999999656211e+03 1.369376033544540405e-01 7.006881292909383774e-03
5.466979999999655774e+03 1.300632506608963013e-01 6.903249304741621017e-03
5.468459999999655338e+03 1.312276571989059448e-01 6.927913520485162735e-03
5.469939999999654901e+03 1.324871033430099487e-01 6.910173688083887100e-03
5.471419999999654465e+03 1.359950900077819824e-01 6.969979964196681976e-03
5.472899999999654028e+03 1.332627385854721069e-01 6.926720496267080307e-03
5.474379999999653592e+03 1.270075142383575439e-01 6.735730916261672974e-03
5.475859999999653155e+03 1.391227692365646362e-01 6.915726233273744583e-03
5.477339999999652719e+03 1.403466165065765381e-01 6.963862571865320206e-03
5.478819999999652282e+03 1.284175962209701538e-01 6.804581731557846069e-03
5.480299999999651845e+03 1.377816349267959595e-01 6.930764764547348022e-03
5.481779999999651409e+03 1.396804600954055786e-01 6.944160442799329758e-03
5.483259999999650972e+03 1.309118717908859253e-01 6.884318776428699493e-03
5.484739999999650536e+03 1.296386867761611938e-01 6.934767588973045349e-03
5.486219999999650099e+03 1.272421628236770630e-01 6.797841284424066544e-03
5.487699999999649663e+03 1.219111233949661255e-01 6.756313145160675049e-03
5.489179999999649226e+03 1.314082145690917969e-01 6.951372139155864716e-03
5.490659999999648790e+03 1.269681155681610107e-01 6.876080762594938278e-03
5.492139999999648353e+03 1.181397065520286560e-01 6.700339727103710175e-03
5.493619999999647916e+03 1.321840137243270874e-01 6.883275229483842850e-03
5.495099999999647480e+03 1.311856061220169067e-01 6.874927319586277008e-03
5.496579999999647043e+03 1.344671845436096191e-01 6.961539387702941895e-03
5.498059999999646607e+03 1.295601576566696167e-01 6.890382617712020874e-03
5.499539999999646170e+03 1.274667978286743164e-01 6.858791690319776535e-03
5.501019999999645734e+03 1.358512341976165771e-01 6.967611145228147507e-03
5.502499999999645297e+03 1.312472373247146606e-01 6.900834850966930389e-03
5.503979999999644861e+03 1.231753826141357422e-01 6.776585243642330170e-03
5.505459999999644424e+03 1.185337752103805542e-01 6.645343732088804245e-03
5.506939999999643987e+03 1.190285533666610718e-01 6.659222301095724106e-03
5.508419999999643551e+03 1.307224929332733154e-01 6.878910586237907410e-03
5.509899999999643114e+03 1.333061307668685913e-01 6.892898585647344589e-03
5.511379999999642678e+03 1.336820423603057861e-01 8.777359500527381897e-03
5.512859999999642241e+03 1.219391673803329468e-01 3.095840848982334137e-02
5.514339999999641805e+03 1.332900226116180420e-01 6.819660775363445282e-03
5.515819999999641368e+03 1.259246617555618286e-01 6.773360539227724075e-03
5.517299999999640931e+03 1.451461762189865112e-01 7.148688659071922302e-03
5.518779999999640495e+03 1.348104476928710938e-01 6.976078730076551437e-03
5.520259999999640058e+03 1.305588334798812866e-01 6.920130457729101181e-03
5.521739999999639622e+03 1.329882591962814331e-01 6.936102174222469330e-03
5.523219999999639185e+03 1.187044084072113037e-01 6.682002451270818710e-03
5.524699999999638749e+03 1.195111647248268127e-01 6.706961896270513535e-03
5.526179999999638312e+03 1.311669647693634033e-01 6.850869394838809967e-03
5.527659999999637876e+03 1.251078248023986816e-01 6.719920784235000610e-03
5.529139999999637439e+03 1.288795024156570435e-01 6.804414093494415283e-03
5.530619999999637002e+03 1.326748579740524292e-01 6.901007145643234253e-03
5.532099999999636566e+03 1.324006468057632446e-01 6.903062108904123306e-03
5.533579999999636129e+03 1.367384195327758789e-01 6.956011988222599030e-03
5.535059999999635693e+03 1.352364420890808105e-01 6.914547178894281387e-03
5.536539999999635256e+03 1.209862679243087769e-01 6.723989266902208328e-03
5.538019999999634820e+03 1.093720123171806335e-01 6.526797544211149216e-03
5.539499999999634383e+03 1.116684451699256897e-01 6.605379749089479446e-03
5.540979999999633947e+03 1.254987567663192749e-01 6.919885054230690002e-03
5.542459999999633510e+03 1.370175480842590332e-01 7.123596500605344772e-03
5.543939999999633073e+03 1.366949230432510376e-01 7.116723340004682541e-03
5.545419999999632637e+03 1.285973936319351196e-01 6.919196341186761856e-03
5.546899999999632200e+03 1.304580122232437134e-01 6.871331483125686646e-03
5.548379999999631764e+03 1.310341507196426392e-01 6.885197944939136505e-03
5.549859999999631327e+03 1.248725727200508118e-01 6.789402570575475693e-03
5.551339999999630891e+03 1.261676400899887085e-01 6.792203057557344437e-03
5.552819999999630454e+03 1.328196823596954346e-01 6.841893773525953293e-03
5.554299999999630018e+03 1.340790390968322754e-01 6.869650911539793015e-03
5.555779999999629581e+03 1.246295124292373657e-01 6.760003510862588882e-03
5.557259999999629144e+03 1.303020268678665161e-01 6.860353983938694000e-03
5.558739999999628708e+03 1.274615824222564697e-01 6.833917926996946335e-03
5.560219999999628271e+03 1.218127757310867310e-01 6.715543568134307861e-03
5.561699999999627835e+03 1.227287873625755310e-01 6.847131997346878052e-03
5.563179999999627398e+03 1.262484937906265259e-01 7.064421661198139191e-03
5.564659999999626962e+03 1.249519810080528259e-01 6.970466114580631256e-03
5.566139999999626525e+03 1.196701228618621826e-01 6.745667662471532822e-03
5.567619999999626089e+03 1.210858151316642761e-01 6.768898107111454010e-03
5.569099999999625652e+03 1.397017240524291992e-01 7.086289580911397934e-03
5.570579999999625215e+03 1.310648173093795776e-01 6.875408813357353210e-03
5.572059999999624779e+03 1.352420002222061157e-01 6.871629506349563599e-03
5.573539999999624342e+03 9.787888079881668091e-02 6.861718371510505676e-03
5.575019999999623906e+03 9.050513803958892822e-02 1.676462404429912567e-02
5.576499999999623469e+03 9.646697342395782471e-02 2.465667575597763062e-02
5.577979999999623033e+03 9.976895153522491455e-02 2.152027562260627747e-02
5.579459999999622596e+03 3.619429469108581543e-02 9.282935410737991333e-03
5.580939999999622160e+03 1.087176874279975891e-01 6.830838974565267563e-03
5.582419999999621723e+03 1.206453591585159302e-01 6.671940442174673080e-03
5.583899999999621286e+03 1.279466599225997925e-01 6.805255077779293060e-03
5.585379999999620850e+03 1.277993470430374146e-01 6.729368120431900024e-03
5.586859999999620413e+03 1.186389029026031494e-01 6.697522941976785660e-03
5.588339999999619977e+03 1.261399686336517334e-01 6.898542400449514389e-03
5.589819999999619540e+03 1.329888552427291870e-01 6.949575617909431458e-03
5.591299999999619104e+03 1.248506158590316772e-01 6.681274157017469406e-03
5.592779999999618667e+03 1.294898241758346558e-01 6.747993640601634979e-03
5.594259999999618231e+03 1.264054924249649048e-01 6.684506777673959732e-03
5.595739999999617794e+03 1.172591224312782288e-01 6.634457968175411224e-03
5.597219999999617357e+03 1.254577636718750000e-01 6.730204913765192032e-03
5.598699999999616921e+03 1.256107091903686523e-01 6.740479730069637299e-03
5.600179999999616484e+03 1.175904795527458191e-01 6.574088707566261292e-03
5.601659999999616048e+03 1.286147236824035645e-01 6.693536881357431412e-03
5.603139999999615611e+03 1.304978728294372559e-01 6.909879855811595917e-03
5.604619999999615175e+03 1.190440654754638672e-01 6.944552529603242874e-03
5.606099999999614738e+03 1.278142780065536499e-01 6.999630481004714966e-03
5.607579999999614301e+03 1.170647889375686646e-01 6.605033297091722488e-03
5.609059999999613865e+03 1.228621155023574829e-01 6.733707152307033539e-03
5.610539999999613428e+03 1.252228319644927979e-01 6.756239105015993118e-03
5.612019999999612992e+03 1.180564463138580322e-01 6.633969489485025406e-03
5.613499999999612555e+03 1.343893855810165405e-01 6.829636637121438980e-03
5.614979999999612119e+03 1.379155516624450684e-01 6.859077140688896179e-03
5.616459999999611682e+03 1.346842795610427856e-01 6.899725645780563354e-03
5.617939999999611246e+03 1.259835958480834961e-01 6.758172065019607544e-03
5.619419999999610809e+03 1.236980780959129333e-01 6.694187410175800323e-03
5.620899999999610372e+03 1.300234645605087280e-01 6.854474078863859177e-03
5.622379999999609936e+03 1.333937197923660278e-01 6.999379489570856094e-03
5.623859999999609499e+03 1.250982731580734253e-01 6.856158841401338577e-03
5.625339999999609063e+03 1.228160411119461060e-01 6.731423549354076385e-03
5.626819999999608626e+03 1.250641047954559326e-01 6.716919131577014923e-03
5.628299999999608190e+03 1.045051217079162598e-01 6.397366523742675781e-03
5.629779999999607753e+03 1.165011972188949585e-01 6.614617072045803070e-03
5.631259999999607317e+03 1.188774406909942627e-01 6.643393542617559433e-03
5.632739999999606880e+03 1.235078796744346619e-01 6.692802999168634415e-03
5.634219999999606443e+03 1.243081837892532349e-01 6.667452398687601089e-03
5.635699999999606007e+03 1.109004020690917969e-01 6.442351266741752625e-03
5.637179999999605570e+03 1.207762956619262695e-01 6.613481789827346802e-03
5.638659999999605134e+03 1.214753538370132446e-01 6.660599727183580399e-03
5.640139999999604697e+03 1.282733231782913208e-01 6.742041558027267456e-03
5.641619999999604261e+03 1.340571790933609009e-01 6.812560372054576874e-03
5.643099999999603824e+03 1.287302225828170776e-01 6.800388451665639877e-03
5.644579999999603388e+03 1.231162622570991516e-01 6.778961047530174255e-03
5.646059999999602951e+03 1.328312009572982788e-01 6.878971122205257416e-03
5.647539999999602514e+03 1.356239318847656250e-01 6.836073473095893860e-03
5.649019999999602078e+03 1.228011474013328552e-01 6.588929332792758942e-03
5.650499999999601641e+03 1.206566989421844482e-01 6.580651272088289261e-03
5.651979999999601205e+03 1.168648153543472290e-01 6.552071776241064072e-03
5.653459999999600768e+03 1.224929392337799072e-01 6.599887274205684662e-03
5.654939999999600332e+03 1.248253881931304932e-01 6.633420009166002274e-03
5.656419999999599895e+03 1.192382425069808960e-01 6.519935559481382370e-03
5.657899999999599459e+03 1.324499696493148804e-01 6.705869920551776886e-03
5.659379999999599022e+03 1.342166513204574585e-01 6.755026523023843765e-03
5.660859999999598585e+03 1.331323534250259399e-01 6.760213524103164673e-03
5.662339999999598149e+03 1.253524720668792725e-01 6.661430932581424713e-03
5.663819999999597712e+03 1.199249029159545898e-01 6.621990818530321121e-03
5.665299999999597276e+03 1.276981681585311890e-01 6.730196997523307800e-03
5.666779999999596839e+03 1.354236900806427002e-01 6.814329419285058975e-03
5.668259999999596403e+03 1.324663311243057251e-01 6.796848028898239136e-03
5.669739999999595966e+03 1.379302442073822021e-01 6.893261335790157318e-03
5.671219999999595530e+03 1.350454539060592651e-01 6.814650725573301315e-03
5.672699999999595093e+03 1.232799291610717773e-01 6.624628324061632156e-03
5.674179999999594656e+03 1.208876073360443115e-01 6.580878049135208130e-03
5.675659999999594220e+03 1.199631690979003906e-01 6.592515856027603149e-03
5.677139999999593783e+03 1.247384697198867798e-01 6.697607226669788361e-03
5.678619999999593347e+03 1.282533109188079834e-01 6.727106869220733643e-03
5.680099999999592910e+03 1.293705403804779053e-01 6.721193436533212662e-03
5.681579999999592474e+03 1.269102841615676880e-01 6.681420374661684036e-03
5.683059999999592037e+03 1.299709230661392212e-01 6.739533040672540665e-03
5.684539999999591600e+03 1.202497780323028564e-01 6.602842360734939575e-03
5.686019999999591164e+03 1.104547977447509766e-01 6.428597960621118546e-03
5.687499999999590727e+03 1.223937943577766418e-01 6.615681108087301254e-03
5.688979999999590291e+03 1.189143210649490356e-01 6.597914267331361771e-03
5.690459999999589854e+03 1.139177978038787842e-01 6.585410796105861664e-03
5.691939999999589418e+03 1.151422858238220215e-01 6.554332561790943146e-03
5.693419999999588981e+03 1.164340451359748840e-01 6.560960318893194199e-03
5.694899999999588545e+03 1.252801120281219482e-01 6.748938467353582382e-03
5.696379999999588108e+03 1.283030807971954346e-01 6.798790302127599716e-03
5.697859999999587671e+03 1.048350259661674500e-01 1.075530424714088440e-02
5.699339999999587235e+03 1.221925616264343262e-01 9.429096244275569916e-03
5.700819999999586798e+03 1.320896148681640625e-01 6.812782958149909973e-03
5.702299999999586362e+03 1.141471415758132935e-01 6.537783890962600708e-03
5.703779999999585925e+03 1.136889606714248657e-01 6.525167729705572128e-03
5.705259999999585489e+03 1.353958696126937866e-01 6.850683595985174179e-03
5.706739999999585052e+03 1.153149604797363281e-01 6.515617016702890396e-03
5.708219999999584616e+03 1.095316410064697266e-01 6.428221240639686584e-03
5.709699999999584179e+03 1.214491575956344604e-01 6.578846834599971771e-03
5.711179999999583742e+03 1.108145266771316528e-01 6.427975837141275406e-03
5.712659999999583306e+03 1.064171716570854187e-01 6.428853608667850494e-03
5.714139999999582869e+03 1.171100437641143799e-01 6.599269341677427292e-03
5.715619999999582433e+03 1.236694529652595520e-01 6.689851637929677963e-03
5.717099999999581996e+03 1.211166232824325562e-01 6.659613456577062607e-03
5.718579999999581560e+03 1.263617724180221558e-01 6.747730076313018799e-03
5.720059999999581123e+03 1.137759014964103699e-01 6.565005518496036530e-03
5.721539999999580687e+03 1.156470477581024170e-01 6.592970807105302811e-03
5.723019999999580250e+03 1.118201091885566711e-01 6.545982323586940765e-03
5.724499999999579813e+03 1.226796284317970276e-01 6.695965304970741272e-03
5.725979999999579377e+03 1.217195391654968262e-01 6.693905685096979141e-03
5.727459999999578940e+03 1.186227574944496155e-01 6.640179082751274109e-03
5.728939999999578504e+03 1.215937957167625427e-01 6.666229106485843658e-03
5.730419999999578067e+03 1.157283410429954529e-01 6.537458859384059906e-03
5.731899999999577631e+03 1.090461462736129761e-01 6.454973481595516205e-03
5.733379999999577194e+03 1.089544370770454407e-01 6.477931980043649673e-03
5.734859999999576758e+03 1.099460944533348083e-01 6.505066063255071640e-03
5.736339999999576321e+03 1.219380125403404236e-01 6.672874558717012405e-03
5.737819999999575884e+03 1.249371618032455444e-01 6.695858202874660492e-03
5.739299999999575448e+03 1.156834438443183899e-01 6.538034882396459579e-03
5.740779999999575011e+03 1.146702542901039124e-01 6.515614222735166550e-03
5.742259999999574575e+03 1.167865097522735596e-01 6.598156411200761795e-03
5.743739999999574138e+03 1.142390966415405273e-01 6.546127144247293472e-03
5.745219999999573702e+03 1.182833388447761536e-01 6.584787741303443909e-03
5.746699999999573265e+03 1.188251227140426636e-01 6.584453862160444260e-03
5.748179999999572829e+03 1.175733134150505066e-01 6.571696605533361435e-03
5.749659999999572392e+03 1.113783121109008789e-01 6.472146138548851013e-03
5.751139999999571955e+03 1.124415919184684753e-01 6.464184727519750595e-03
5.752619999999571519e+03 1.130219697952270508e-01 6.430773064494132996e-03
5.754099999999571082e+03 1.179437711834907532e-01 6.563284434378147125e-03
5.755579999999570646e+03 1.185276061296463013e-01 6.615220103412866592e-03
5.757059999999570209e+03 1.185604780912399292e-01 6.604644469916820526e-03
5.758539999999569773e+03 1.243757680058479309e-01 6.688475608825683594e-03
5.760019999999569336e+03 1.176027581095695496e-01 6.559660658240318298e-03
5.761499999999568900e+03 1.065464541316032410e-01 6.347843911498785019e-03
5.762979999999568463e+03 1.222670003771781921e-01 6.605962757021188736e-03
5.764459999999568026e+03 1.090540438890457153e-01 6.412320770323276520e-03
5.765939999999567590e+03 1.117469221353530884e-01 6.524523720145225525e-03
5.767419999999567153e+03 1.093297973275184631e-01 6.471114698797464371e-03
5.768899999999566717e+03 1.095680668950080872e-01 6.467527244240045547e-03
5.770379999999566280e+03 1.161552220582962036e-01 6.584415677934885025e-03
5.771859999999565844e+03 1.055854707956314087e-01 6.380646489560604095e-03
5.773339999999565407e+03 1.102475225925445557e-01 6.421910133212804794e-03
5.774819999999564970e+03 1.093515604734420776e-01 6.449648179113864899e-03
5.776299999999564534e+03 1.170261502265930176e-01 6.559242960065603256e-03
5.777779999999564097e+03 1.067486926913261414e-01 6.370788905769586563e-03
5.779259999999563661e+03 1.131532490253448486e-01 6.481178570538759232e-03
5.780739999999563224e+03 1.166415363550186157e-01 6.514719687402248383e-03
5.782219999999562788e+03 1.255249083042144775e-01 6.626221816986799240e-03
5.783699999999562351e+03 1.132771596312522888e-01 6.432866677641868591e-03
5.785179999999561915e+03 1.136204972863197327e-01 6.444526370614767075e-03
5.786659999999561478e+03 1.182103678584098816e-01 6.562145426869392395e-03
5.788139999999561041e+03 1.169218719005584717e-01 6.539784837514162064e-03
5.789619999999560605e+03 1.128555983304977417e-01 6.505084689706563950e-03
5.791099999999560168e+03 1.082741320133209229e-01 6.404728628695011139e-03
5.792579999999559732e+03 1.149270236492156982e-01 6.474608089774847031e-03
5.794059999999559295e+03 1.241326928138732910e-01 6.620285101234912872e-03
5.795539999999558859e+03 1.209261044859886169e-01 6.603231187909841537e-03
5.797019999999558422e+03 1.106420606374740601e-01 6.437721662223339081e-03
5.798499999999557986e+03 1.191050782799720764e-01 6.557755637913942337e-03
5.799979999999557549e+03 1.188396811485290527e-01 6.551990285515785217e-03
5.801459999999557112e+03 1.082879081368446350e-01 6.431269459426403046e-03
5.802939999999556676e+03 1.117038205265998840e-01 6.444888189435005188e-03
5.804419999999556239e+03 1.228659451007843018e-01 6.587464828044176102e-03
5.805899999999555803e+03 1.172622740268707275e-01 6.487980950623750687e-03
5.807379999999555366e+03 1.092675626277923584e-01 6.392206996679306030e-03
5.808859999999554930e+03 1.089949235320091248e-01 6.392965558916330338e-03
5.810339999999554493e+03 1.190546154975891113e-01 6.500857882201671600e-03
5.811819999999554057e+03 1.185443401336669922e-01 6.502333097159862518e-03
5.813299999999553620e+03 1.155290901660919189e-01 6.493462249636650085e-03
5.814779999999553183e+03 1.093967184424400330e-01 6.374578922986984253e-03
5.816259999999552747e+03 1.121916472911834717e-01 6.385896820574998856e-03
5.817739999999552310e+03 1.154441908001899719e-01 6.473353132605552673e-03
5.819219999999551874e+03 1.156007796525955200e-01 6.511111743748188019e-03
5.820699999999551437e+03 1.173531115055084229e-01 6.546429824084043503e-03
5.822179999999551001e+03 1.230828687548637390e-01 6.616197992116212845e-03
5.823659999999550564e+03 1.194753646850585938e-01 6.539106369018554688e-03
5.825139999999550128e+03 1.251442134380340576e-01 6.616278085857629776e-03
5.826619999999549691e+03 1.147425919771194458e-01 6.483338307589292526e-03
5.828099999999549254e+03 1.057276278734207153e-01 6.320631131529808044e-03
5.829579999999548818e+03 1.135278716683387756e-01 6.414315197616815567e-03
5.831059999999548381e+03 1.171356141567230225e-01 6.518191192299127579e-03
5.832539999999547945e+03 1.148488447070121765e-01 6.468934938311576843e-03
5.834019999999547508e+03 1.316310763359069824e-01 6.720964796841144562e-03
5.835499999999547072e+03 1.282294094562530518e-01 6.670548114925622940e-03
5.836979999999546635e+03 1.118019521236419678e-01 6.430449429899454117e-03
5.838459999999546199e+03 1.223690509796142578e-01 6.575700361281633377e-03
5.839939999999545762e+03 1.227193996310234070e-01 6.565447896718978882e-03
5.841419999999545325e+03 1.176820322871208191e-01 6.488310638815164566e-03
5.842899999999544889e+03 1.209047734737396240e-01 6.553196813911199570e-03
5.844379999999544452e+03 1.204158440232276917e-01 6.525438278913497925e-03
5.845859999999544016e+03 1.143430918455123901e-01 6.413826253265142441e-03
5.847339999999543579e+03 1.184373274445533752e-01 6.487845908850431442e-03
5.848819999999543143e+03 1.169236674904823303e-01 6.453357171267271042e-03
5.850299999999542706e+03 1.191501766443252563e-01 6.475465837866067886e-03
5.851779999999542270e+03 1.236302480101585388e-01 6.558073218911886215e-03
5.853259999999541833e+03 1.115742251276969910e-01 6.357414647936820984e-03
5.854739999999541396e+03 1.100438609719276428e-01 6.341306027024984360e-03
5.856219999999540960e+03 1.163800954818725586e-01 6.422875914722681046e-03
5.857699999999540523e+03 1.173574551939964294e-01 6.447508931159973145e-03
5.859179999999540087e+03 1.127635240554809570e-01 6.399910431355237961e-03
5.860659999999539650e+03 1.161429733037948608e-01 6.440024822950363159e-03
5.862139999999539214e+03 1.213206574320793152e-01 6.565110292285680771e-03
5.863619999999538777e+03 1.136397197842597961e-01 6.680488586425781250e-03
5.865099999999538340e+03 1.140396371483802795e-01 7.034991867840290070e-03
5.866579999999537904e+03 1.225151866674423218e-01 7.313012611120939255e-03
5.868059999999537467e+03 1.151093170046806335e-01 7.067433092743158340e-03
5.869539999999537031e+03 1.101991683244705200e-01 6.664342246949672699e-03
5.871019999999536594e+03 1.158942207694053650e-01 6.607822142541408539e-03
5.872499999999536158e+03 1.146925240755081177e-01 6.621662527322769165e-03
5.873979999999535721e+03 1.144698709249496460e-01 6.618951912969350815e-03
5.875459999999535285e+03 1.127054616808891296e-01 6.554791238158941269e-03
5.876939999999534848e+03 1.083150058984756470e-01 6.441287230700254440e-03
5.878419999999534411e+03 1.061229184269905090e-01 6.369246169924736023e-03
5.879899999999533975e+03 1.192976310849189758e-01 6.581078749150037766e-03
5.881379999999533538e+03 1.240268126130104065e-01 6.652124691754579544e-03
5.882859999999533102e+03 1.124306321144104004e-01 6.489080842584371567e-03
5.884339999999532665e+03 1.141770780086517334e-01 6.444793194532394409e-03
5.885819999999532229e+03 7.911807298660278320e-02 6.624822039157152176e-03
5.887299999999531792e+03 3.587309643626213074e-02 1.243789680302143097e-02
5.888779999999531356e+03 6.612328439950942993e-02 1.971914246678352356e-02
5.890259999999530919e+03 6.038767099380493164e-02 1.942381821572780609e-02
5.891739999999530482e+03 3.714653849601745605e-02 1.358279772102832794e-02
5.893219999999530046e+03 4.455439746379852295e-02 7.056824397295713425e-03
5.894699999999529609e+03 1.048249900341033936e-01 7.949646562337875366e-03
5.896179999999529173e+03 1.178246960043907166e-01 8.090701885521411896e-03
5.897659999999528736e+03 1.059637442231178284e-01 6.942571606487035751e-03
5.899139999999528300e+03 1.129741817712783813e-01 6.470533553510904312e-03
5.900619999999527863e+03 1.148213669657707214e-01 6.517358589917421341e-03
5.902099999999527427e+03 1.104221343994140625e-01 6.486174184828996658e-03
5.903579999999526990e+03 1.255558133125305176e-01 6.771792192012071609e-03
5.905059999999526553e+03 1.102500706911087036e-01 6.601227913051843643e-03
5.906539999999526117e+03 1.129084974527359009e-01 6.680322345346212387e-03
5.908019999999525680e+03 1.140809431672096252e-01 6.642622873187065125e-03
5.909499999999525244e+03 1.053645089268684387e-01 6.352470256388187408e-03
5.910979999999524807e+03 1.008372530341148376e-01 6.289774551987648010e-03
5.912459999999524371e+03 1.132871657609939575e-01 6.556742358952760696e-03
5.913939999999523934e+03 1.240847706794738770e-01 7.187681738287210464e-03
5.915419999999523498e+03 1.177588701248168945e-01 7.282381877303123474e-03
5.916899999999523061e+03 1.024380475282669067e-01 6.677327677607536316e-03
5.918379999999522624e+03 1.123087406158447266e-01 6.409217603504657745e-03
5.919859999999522188e+03 1.211934238672256470e-01 6.558305583894252777e-03
5.921339999999521751e+03 1.174431815743446350e-01 6.511888932436704636e-03
5.922819999999521315e+03 1.151529923081398010e-01 6.612299475818872452e-03
5.924299999999520878e+03 1.102205440402030945e-01 6.645957939326763153e-03
5.925779999999520442e+03 1.166633740067481995e-01 6.704638246446847916e-03
5.927259999999520005e+03 1.201611533761024475e-01 6.526724435389041901e-03
5.928739999999519569e+03 1.065441295504570007e-01 6.249401718378067017e-03
5.930219999999519132e+03 1.176126152276992798e-01 6.624431349337100983e-03
5.931699999999518695e+03 1.073776185512542725e-01 7.037247065454721451e-03
5.933179999999518259e+03 1.333546042442321777e-01 7.472716271877288818e-03
5.934659999999517822e+03 1.053600236773490906e-01 6.517477333545684814e-03
5.936139999999517386e+03 1.151283383369445801e-01 6.431543733924627304e-03
5.937619999999516949e+03 1.163580343127250671e-01 6.424492225050926208e-03
5.939099999999516513e+03 1.287670582532882690e-01 6.599192041903734207e-03
5.940579999999516076e+03 1.155329570174217224e-01 6.377704441547393799e-03
5.942059999999515640e+03 1.178404837846755981e-01 6.422912701964378357e-03
5.943539999999515203e+03 1.164914593100547791e-01 6.517083849757909775e-03
5.945019999999514766e+03 1.030888780951499939e-01 6.469257641583681107e-03
5.946499999999514330e+03 1.227018311619758606e-01 6.745920982211828232e-03
5.947979999999513893e+03 1.158587038516998291e-01 6.424777209758758545e-03
5.949459999999513457e+03 1.126914769411087036e-01 6.365681532770395279e-03
5.950939999999513020e+03 1.040776520967483521e-01 6.459408439695835114e-03
5.952419999999512584e+03 1.247093677520751953e-01 7.160977926105260849e-03
5.953899999999512147e+03 1.283864974975585938e-01 7.236993871629238129e-03
5.955379999999511710e+03 1.059514805674552917e-01 6.479373667389154434e-03
5.956859999999511274e+03 1.063685938715934753e-01 6.243399344384670258e-03
5.958339999999510837e+03 9.895616769790649414e-02 6.118833087384700775e-03
5.959819999999510401e+03 1.048509627580642700e-01 6.266658660024404526e-03
5.961299999999509964e+03 1.034521013498306274e-01 6.244173739105463028e-03
5.962779999999509528e+03 1.047925427556037903e-01 6.230451166629791260e-03
5.964259999999509091e+03 1.165770739316940308e-01 6.453444249927997589e-03
5.965739999999508655e+03 1.114174872636795044e-01 6.367875728756189346e-03
5.967219999999508218e+03 1.046677231788635254e-01 6.253029219806194305e-03
5.968699999999507781e+03 1.079312935471534729e-01 6.439533084630966187e-03
5.970179999999507345e+03 1.125900074839591980e-01 6.537245586514472961e-03
5.971659999999506908e+03 1.095687970519065857e-01 6.454338785260915756e-03
5.973139999999506472e+03 1.044831871986389160e-01 6.268887314945459366e-03
5.974619999999506035e+03 1.051772460341453552e-01 6.306725554168224335e-03
5.976099999999505599e+03 1.113830953836441040e-01 6.655681412667036057e-03
5.977579999999505162e+03 1.152464747428894043e-01 6.739371456205844879e-03
5.979059999999504726e+03 1.089282333850860596e-01 6.418555509299039841e-03
5.980539999999504289e+03 1.031097322702407837e-01 6.146819330751895905e-03
5.982019999999503852e+03 1.074251160025596619e-01 6.196880713105201721e-03
5.983499999999503416e+03 1.604386568069458008e-01 7.005441002547740936e-03
5.984979999999502979e+03 2.589110434055328369e-01 8.279151283204555511e-03
5.986459999999502543e+03 2.315531075000762939e-01 7.938860915601253510e-03
5.987939999999502106e+03 1.289864778518676758e-01 6.546133197844028473e-03
5.989419999999501670e+03 1.120644956827163696e-01 6.270339246839284897e-03
5.990899999999501233e+03 1.225435659289360046e-01 6.422983016818761826e-03
5.992379999999500797e+03 1.103271916508674622e-01 6.242453120648860931e-03
5.993859999999500360e+03 1.047819405794143677e-01 6.149553228169679642e-03
5.995339999999499923e+03 1.086498349905014038e-01 6.241103168576955795e-03
5.996819999999499487e+03 1.066052019596099854e-01 6.281721871346235275e-03
5.998299999999499050e+03 1.049362048506736755e-01 6.244789808988571167e-03
5.999779999999498614e+03 9.560218453407287598e-02 6.000545807182788849e-03
6.001259999999498177e+03 1.004284769296646118e-01 6.111579947173595428e-03
6.002739999999497741e+03 1.101707369089126587e-01 6.433201022446155548e-03
6.004219999999497304e+03 1.072686165571212769e-01 6.391195114701986313e-03
6.005699999999496868e+03 9.639102965593338013e-02 6.073385942727327347e-03
6.007179999999496431e+03 9.233406186103820801e-02 5.920324008911848068e-03
6.008659999999495994e+03 9.558437019586563110e-02 5.995278246700763702e-03
6.010139999999495558e+03 9.974500536918640137e-02 6.075850222259759903e-03
6.011619999999495121e+03 1.042296960949897766e-01 6.143485661596059799e-03
6.013099999999494685e+03 1.039263904094696045e-01 6.122175138443708420e-03
6.014579999999494248e+03 9.387072920799255371e-02 5.958881229162216187e-03
6.016059999999493812e+03 1.033915579319000244e-01 6.119065918028354645e-03
6.017539999999493375e+03 1.093751490116119385e-01 6.178875919431447983e-03
6.019019999999492939e+03 1.061252951622009277e-01 6.126323249191045761e-03
6.020499999999492502e+03 1.010149791836738586e-01 5.991470534354448318e-03
6.021979999999492065e+03 1.099534183740615845e-01 6.142610684037208557e-03
6.023459999999491629e+03 1.112064421176910400e-01 6.180394906550645828e-03
6.024939999999491192e+03 9.974005818367004395e-02 5.981783848255872726e-03
6.026419999999490756e+03 1.067481711506843567e-01 6.137633696198463440e-03
6.027899999999490319e+03 1.129948720335960388e-01 6.271441001445055008e-03
6.029379999999489883e+03 1.134620979428291321e-01 6.284323986619710922e-03
6.030859999999489446e+03 1.015819087624549866e-01 6.040558684617280960e-03
6.032339999999489009e+03 1.132269129157066345e-01 6.316570099443197250e-03
6.033819999999488573e+03 1.172155514359474182e-01 6.427533458918333054e-03
6.035299999999488136e+03 9.755316376686096191e-02 6.058553699404001236e-03
6.036779999999487700e+03 1.104283705353736877e-01 6.172023713588714600e-03
6.038259999999487263e+03 1.104069575667381287e-01 6.169339641928672791e-03
6.039739999999486827e+03 1.149305179715156555e-01 6.242870353162288666e-03
6.041219999999486390e+03 1.097135096788406372e-01 6.167294457554817200e-03
6.042699999999485954e+03 1.068857535719871521e-01 6.103076506406068802e-03
6.044179999999485517e+03 1.135442331433296204e-01 6.245019845664501190e-03
6.045659999999485080e+03 1.160295680165290833e-01 6.235137116163969040e-03
6.047139999999484644e+03 1.120990961790084839e-01 6.192882079631090164e-03
6.048619999999484207e+03 1.009635403752326965e-01 6.019882857799530029e-03
6.050099999999483771e+03 1.070695444941520691e-01 6.125010084360837936e-03
6.051579999999483334e+03 1.040759533643722534e-01 6.078202277421951294e-03
6.053059999999482898e+03 1.097851246595382690e-01 6.179290357977151871e-03
6.054539999999482461e+03 1.117818728089332581e-01 6.183806806802749634e-03
6.056019999999482025e+03 1.098471581935882568e-01 6.156511604785919189e-03
6.057499999999481588e+03 9.998562932014465332e-02 6.022722460329532623e-03
6.058979999999481151e+03 9.589538723230361938e-02 5.937378853559494019e-03
6.060459999999480715e+03 1.131225973367691040e-01 6.240049377083778381e-03
6.061939999999480278e+03 1.134941056370735168e-01 6.252657622098922729e-03
6.063419999999479842e+03 9.999588131904602051e-02 6.024838890880346298e-03
6.064899999999479405e+03 1.046388149261474609e-01 6.060139276087284088e-03
6.066379999999478969e+03 1.122446730732917786e-01 6.212403066456317902e-03
6.067859999999478532e+03 1.055405735969543457e-01 6.120993290096521378e-03
6.069339999999478096e+03 1.010708734393119812e-01 6.001530680805444717e-03
6.070819999999477659e+03 1.094046160578727722e-01 6.114823278039693832e-03
6.072299999999477222e+03 1.158059090375900269e-01 6.213930435478687286e-03
6.073779999999476786e+03 1.081848889589309692e-01 6.083301734179258347e-03
6.075259999999476349e+03 1.084296032786369324e-01 6.099922116845846176e-03
6.076739999999475913e+03 1.090170666575431824e-01 6.095101125538349152e-03
6.078219999999475476e+03 1.007870286703109741e-01 5.943860393017530441e-03
6.079699999999475040e+03 1.054613068699836731e-01 6.051965989172458649e-03
6.081179999999474603e+03 1.020585596561431885e-01 6.005548872053623199e-03
6.082659999999474167e+03 9.475883841514587402e-02 5.879058502614498138e-03
6.084139999999473730e+03 9.808734059333801270e-02 5.940333008766174316e-03
6.085619999999473293e+03 1.005992069840431213e-01 5.983103532344102859e-03
6.087099999999472857e+03 1.118418872356414795e-01 6.164801307022571564e-03
6.088579999999472420e+03 1.023757085204124451e-01 5.997645203024148941e-03
6.090059999999471984e+03 9.938428550958633423e-02 5.944890435785055161e-03
6.091539999999471547e+03 9.932135045528411865e-02 5.917266011238098145e-03
6.093019999999471111e+03 1.026658266782760620e-01 5.971841979771852493e-03
6.094499999999470674e+03 1.065646484494209290e-01 6.067578680813312531e-03
6.095979999999470238e+03 1.128195077180862427e-01 6.146071013063192368e-03
6.097459999999469801e+03 1.131266504526138306e-01 6.158468779176473618e-03
6.098939999999469364e+03 1.070962846279144287e-01 6.077003199607133865e-03
6.100419999999468928e+03 1.177496388554573059e-01 6.211922038346529007e-03
6.101899999999468491e+03 1.143474876880645752e-01 6.131607573479413986e-03
6.103379999999468055e+03 9.858808666467666626e-02 5.866657011210918427e-03
6.104859999999467618e+03 1.112124547362327576e-01 6.140064913779497147e-03
6.106339999999467182e+03 9.715753048658370972e-02 5.864099599421024323e-03
6.107819999999466745e+03 1.037010252475738525e-01 5.987776443362236023e-03
6.109299999999466309e+03 1.008542999625205994e-01 5.936905276030302048e-03
6.110779999999465872e+03 1.108558252453804016e-01 6.089744158089160919e-03
6.112259999999465435e+03 1.066209450364112854e-01 6.046843715012073517e-03
6.113739999999464999e+03 1.106198206543922424e-01 6.102173589169979095e-03
6.115219999999464562e+03 1.073499470949172974e-01 6.040485110133886337e-03
6.116699999999464126e+03 1.061394512653350830e-01 6.005612667649984360e-03
6.118179999999463689e+03 1.082193702459335327e-01 6.057634018361568451e-03
6.119659999999463253e+03 1.059566661715507507e-01 6.011577323079109192e-03
6.121139999999462816e+03 1.058012619614601135e-01 5.968141835182905197e-03
6.122619999999462379e+03 9.963198006153106689e-02 5.924722645431756973e-03
6.124099999999461943e+03 9.777281433343887329e-02 5.869073793292045593e-03
6.125579999999461506e+03 1.052449643611907959e-01 6.007900927215814590e-03
6.127059999999461070e+03 1.191400513052940369e-01 6.277902517467737198e-03
6.128539999999460633e+03 1.136947497725486755e-01 6.143450736999511719e-03
6.130019999999460197e+03 1.017747744917869568e-01 5.919695366173982620e-03
6.131499999999459760e+03 9.853154420852661133e-02 5.886992439627647400e-03
6.132979999999459324e+03 1.058598384261131287e-01 6.011869758367538452e-03
6.134459999999458887e+03 1.020103096961975098e-01 5.971541628241539001e-03
6.135939999999458450e+03 9.627009928226470947e-02 5.875898059457540512e-03
6.137419999999458014e+03 1.023071184754371643e-01 5.995048210024833679e-03
6.138899999999457577e+03 1.067995578050613403e-01 6.164751481264829636e-03
6.140379999999457141e+03 1.122090443968772888e-01 6.214873865246772766e-03
6.141859999999456704e+03 1.122949570417404175e-01 6.200311705470085144e-03
6.143339999999456268e+03 1.112021356821060181e-01 6.294042803347110748e-03
6.144819999999455831e+03 1.044605448842048645e-01 6.200061179697513580e-03
6.146299999999455395e+03 1.043578758835792542e-01 6.034001708030700684e-03
6.147779999999454958e+03 1.170880421996116638e-01 6.164357997477054596e-03
6.149259999999454521e+03 9.957748651504516602e-02 5.937945563346147537e-03
6.150739999999454085e+03 9.883290529251098633e-02 5.944255739450454712e-03
6.152219999999453648e+03 1.206876635551452637e-01 6.258931476622819901e-03
6.153699999999453212e+03 1.161202564835548401e-01 6.220994517207145691e-03
6.155179999999452775e+03 1.054364442825317383e-01 6.099460180848836899e-03
6.156659999999452339e+03 1.051388382911682129e-01 6.042223423719406128e-03
6.158139999999451902e+03 9.742189943790435791e-02 5.830500274896621704e-03
6.159619999999451466e+03 1.086306273937225342e-01 6.011487450450658798e-03
6.161099999999451029e+03 1.032082214951515198e-01 5.876823328435420990e-03
6.162579999999450592e+03 1.061322167515754700e-01 5.883683450520038605e-03
6.164059999999450156e+03 1.058442592620849609e-01 5.908261053264141083e-03
6.165539999999449719e+03 9.766500443220138550e-02 5.776160396635532379e-03
6.167019999999449283e+03 9.883671998977661133e-02 5.840407218784093857e-03
6.168499999999448846e+03 1.098627671599388123e-01 6.156593561172485352e-03
6.169979999999448410e+03 9.698992222547531128e-02 6.197397597134113312e-03
6.171459999999447973e+03 1.071495562791824341e-01 6.274397019296884537e-03
6.172939999999447537e+03 9.983419626951217651e-02 5.954424384981393814e-03
6.174419999999447100e+03 9.616807103157043457e-02 5.898710805922746658e-03
6.175899999999446663e+03 9.769587963819503784e-02 5.976688582450151443e-03
6.177379999999446227e+03 1.015769764780998230e-01 5.972348619252443314e-03
6.178859999999445790e+03 1.048912480473518372e-01 5.968081299215555191e-03
6.180339999999445354e+03 1.006674692034721375e-01 5.897571332752704620e-03
6.181819999999444917e+03 1.039261892437934875e-01 5.972445011138916016e-03
6.183299999999444481e+03 1.103352904319763184e-01 6.117587909102439880e-03
6.184779999999444044e+03 1.080233082175254822e-01 6.090433802455663681e-03
6.186259999999443608e+03 1.028711348772048950e-01 5.959565285593271255e-03
6.187739999999443171e+03 1.066772937774658203e-01 6.018003448843955994e-03
6.189219999999442734e+03 9.961333870887756348e-02 5.889511667191982269e-03
6.190699999999442298e+03 9.531480818986892700e-02 5.787723232060670853e-03
6.192179999999441861e+03 9.967727214097976685e-02 5.900537595152854919e-03
6.193659999999441425e+03 1.102659553289413452e-01 6.070646923035383224e-03
6.195139999999440988e+03 1.096760854125022888e-01 6.013637408614158630e-03
6.196619999999440552e+03 1.039361506700515747e-01 5.896338261663913727e-03
6.198099999999440115e+03 1.076731309294700623e-01 5.947550293058156967e-03
6.199579999999439679e+03 1.029008924961090088e-01 5.931217689067125320e-03
6.201059999999439242e+03 9.458308666944503784e-02 5.995358806103467941e-03
6.202539999999438805e+03 9.687138348817825317e-02 6.188677623867988586e-03
6.204019999999438369e+03 1.008308902382850647e-01 6.117451004683971405e-03
6.205499999999437932e+03 9.848826378583908081e-02 5.906743463128805161e-03
6.206979999999437496e+03 1.060711443424224854e-01 6.001149769872426987e-03
6.208459999999437059e+03 1.147559061646461487e-01 6.167809478938579559e-03
6.209939999999436623e+03 1.048531234264373779e-01 5.991756450384855270e-03
6.211419999999436186e+03 1.019881069660186768e-01 5.975726526230573654e-03
6.212899999999435749e+03 1.052546277642250061e-01 6.088886875659227371e-03
6.214379999999435313e+03 9.445841610431671143e-02 5.848045926541090012e-03
6.215859999999434876e+03 9.657916426658630371e-02 5.814988166093826294e-03
6.217339999999434440e+03 9.719850867986679077e-02 5.827424116432666779e-03
6.218819999999434003e+03 9.982807934284210205e-02 5.902758799493312836e-03
6.220299999999433567e+03 9.684675931930541992e-02 6.072633899748325348e-03
6.221779999999433130e+03 1.063527539372444153e-01 6.340167950838804245e-03
6.223259999999432694e+03 1.059150248765945435e-01 6.131884641945362091e-03
6.224739999999432257e+03 1.065339744091033936e-01 5.989183206111192703e-03
6.226219999999431820e+03 1.020171642303466797e-01 5.869619082659482956e-03
6.227699999999431384e+03 1.058310419321060181e-01 5.949407350271940231e-03
6.229179999999430947e+03 1.041568368673324585e-01 5.887121893465518951e-03
6.230659999999430511e+03 1.001045256853103638e-01 5.838514305651187897e-03
6.232139999999430074e+03 1.001800745725631714e-01 6.138960830867290497e-03
6.233619999999429638e+03 9.191255271434783936e-02 6.804984994232654572e-03
6.235099999999429201e+03 9.405071288347244263e-02 7.382056210190057755e-03
6.236579999999428765e+03 9.643424302339553833e-02 7.181224413216114044e-03
6.238059999999428328e+03 1.010255217552185059e-01 6.502482574433088303e-03
6.239539999999427891e+03 1.030313670635223389e-01 6.287528201937675476e-03
6.241019999999427455e+03 9.153081476688385010e-02 6.232251878827810287e-03
6.242499999999427018e+03 9.470651298761367798e-02 6.250596139580011368e-03
6.243979999999426582e+03 8.778669685125350952e-02 5.970304366201162338e-03
6.245459999999426145e+03 9.372445195913314819e-02 5.854404065757989883e-03
6.246939999999425709e+03 1.070788279175758362e-01 6.001984700560569763e-03
6.248419999999425272e+03 1.107186377048492432e-01 6.084724795073270798e-03
6.249899999999424836e+03 1.014829277992248535e-01 5.876640323549509048e-03
6.251379999999424399e+03 9.407528489828109741e-02 5.689432378858327866e-03
6.252859999999423962e+03 1.010528802871704102e-01 5.789103917777538300e-03
6.254339999999423526e+03 9.940131753683090210e-02 5.919071845710277557e-03
6.255819999999423089e+03 9.902610629796981812e-02 1.086175907403230667e-02
6.257299999999422653e+03 1.134087741374969482e-01 1.299713365733623505e-02
6.258779999999422216e+03 1.156857609748840332e-01 7.123241201043128967e-03
6.260259999999421780e+03 1.094964444637298584e-01 6.277287378907203674e-03
6.261739999999421343e+03 1.087324991822242737e-01 6.098715122789144516e-03
6.263219999999420907e+03 9.620538353919982910e-02 6.166930310428142548e-03
6.264699999999420470e+03 9.514918178319931030e-02 6.363062653690576553e-03
6.266179999999420033e+03 1.007851362228393555e-01 6.371233612298965454e-03
6.267659999999419597e+03 1.062262803316116333e-01 6.131736561655998230e-03
6.269139999999419160e+03 9.788755327463150024e-02 5.926275625824928284e-03
6.270619999999418724e+03 9.950333833694458008e-02 5.876518785953521729e-03
6.272099999999418287e+03 9.337936341762542725e-02 5.771130323410034180e-03
6.273579999999417851e+03 9.147695451974868774e-02 5.817889701575040817e-03
6.275059999999417414e+03 1.001910418272018433e-01 6.050908472388982773e-03
6.276539999999416978e+03 9.694628417491912842e-02 6.038786377757787704e-03
6.278019999999416541e+03 9.234219789505004883e-02 5.941183771938085556e-03
6.279499999999416104e+03 8.726594597101211548e-02 5.702306982129812241e-03
6.280979999999415668e+03 9.528848528861999512e-02 5.719814915210008621e-03
6.282459999999415231e+03 9.471207112073898315e-02 5.745164584368467331e-03
6.283939999999414795e+03 9.672831743955612183e-02 5.832459311932325363e-03
6.285419999999414358e+03 1.027040779590606689e-01 6.655924487859010696e-03
6.286899999999413922e+03 1.037897840142250061e-01 7.286527659744024277e-03
6.288379999999413485e+03 9.098103642463684082e-02 6.817985326051712036e-03
6.289859999999413048e+03 9.774395078420639038e-02 6.135398522019386292e-03
6.291339999999412612e+03 8.852004259824752808e-02 5.616273265331983566e-03
6.292819999999412175e+03 8.902228623628616333e-02 5.667486228048801422e-03
6.294299999999411739e+03 9.627595543861389160e-02 5.784064531326293945e-03
6.295779999999411302e+03 1.056911572813987732e-01 5.854049231857061386e-03
6.297259999999410866e+03 2.836518548429012299e-02 7.514983415603637695e-03
6.298739999999410429e+03 3.431670740246772766e-02 1.431906595826148987e-02
6.300219999999409993e+03 1.276698857545852661e-01 1.676258072257041931e-02
6.301699999999409556e+03 9.301880002021789551e-02 1.292314287275075912e-02
6.303179999999409119e+03 5.364486202597618103e-02 5.937810521572828293e-03
6.304659999999408683e+03 8.928170800209045410e-02 6.163484416902065277e-03
6.306139999999408246e+03 1.042255684733390808e-01 7.416090462356805801e-03
6.307619999999407810e+03 1.005048602819442749e-01 7.149362936615943909e-03
6.309099999999407373e+03 9.351755678653717041e-02 6.100849714130163193e-03
6.310579999999406937e+03 9.924496710300445557e-02 5.805782042443752289e-03
6.312059999999406500e+03 9.494665265083312988e-02 5.739895161241292953e-03
6.313539999999406064e+03 1.024400889873504639e-01 5.828876979649066925e-03
6.315019999999405627e+03 8.827889710664749146e-02 5.585173610597848892e-03
6.316499999999405190e+03 9.859742969274520874e-02 5.788624752312898636e-03
6.317979999999404754e+03 1.054962351918220520e-01 5.885062273591756821e-03
6.319459999999404317e+03 1.132807433605194092e-01 6.246811710298061371e-03
6.320939999999403881e+03 1.057322546839714050e-01 6.378679070621728897e-03
6.322419999999403444e+03 1.122971624135971069e-01 6.301410961896181107e-03
6.323899999999403008e+03 9.679237008094787598e-02 5.825179629027843475e-03
6.325379999999402571e+03 9.221278131008148193e-02 5.706265568733215332e-03
6.326859999999402135e+03 8.559889346361160278e-02 5.851199850440025330e-03
6.328339999999401698e+03 9.760937094688415527e-02 6.811838597059249878e-03
6.329819999999401261e+03 9.664845466613769531e-02 7.071625906974077225e-03
6.331299999999400825e+03 9.560561925172805786e-02 6.414012052118778229e-03
6.332779999999400388e+03 1.045595854520797729e-01 5.928921978920698166e-03
6.334259999999399952e+03 9.509927034378051758e-02 5.701337940990924835e-03
6.335739999999399515e+03 9.629084169864654541e-02 5.724220070987939835e-03
6.337219999999399079e+03 9.964669495820999146e-02 5.790376104414463043e-03
6.338699999999398642e+03 1.012683734297752380e-01 5.841841921210289001e-03
6.340179999999398206e+03 9.780322015285491943e-02 5.777762271463871002e-03
6.341659999999397769e+03 9.290061146020889282e-02 5.718880333006381989e-03
6.343139999999397332e+03 1.095733791589736938e-01 5.970882717519998550e-03
6.344619999999396896e+03 1.162679567933082581e-01 6.047843489795923233e-03
6.346099999999396459e+03 9.715992212295532227e-02 5.920073948800563812e-03
6.347579999999396023e+03 9.082301706075668335e-02 6.022370420396327972e-03
6.349059999999395586e+03 9.367725253105163574e-02 6.024658679962158203e-03
6.350539999999395150e+03 8.998555690050125122e-02 5.731197539716959000e-03
6.352019999999394713e+03 9.191326051950454712e-02 5.679159425199031830e-03
6.353499999999394277e+03 9.719239175319671631e-02 5.982713308185338974e-03
6.354979999999393840e+03 8.795389533042907715e-02 6.353210657835006714e-03
6.356459999999393403e+03 8.616825193166732788e-02 6.400645244866609573e-03
6.357939999999392967e+03 8.607082068920135498e-02 5.912426859140396118e-03
6.359419999999392530e+03 8.179789781570434570e-02 5.587511230260133743e-03
6.360899999999392094e+03 8.546642959117889404e-02 6.596555002033710480e-03
6.362379999999391657e+03 1.113368570804595947e-01 1.002929545938968658e-02
6.363859999999391221e+03 1.238590106368064880e-01 1.075309980660676956e-02
6.365339999999390784e+03 9.834513068199157715e-02 8.092998526990413666e-03
6.366819999999390348e+03 8.977705240249633789e-02 5.849919281899929047e-03
6.368299999999389911e+03 9.601258486509323120e-02 5.693865474313497543e-03
6.369779999999389474e+03 9.161397814750671387e-02 5.664929281920194626e-03
6.371259999999389038e+03 9.631448984146118164e-02 5.720965564250946045e-03
6.372739999999388601e+03 8.784179389476776123e-02 5.602620076388120651e-03
6.374219999999388165e+03 7.832942157983779907e-02 5.445736926048994064e-03
6.375699999999387728e+03 9.003593027591705322e-02 5.652900319546461105e-03
6.377179999999387292e+03 9.986658394336700439e-02 5.923055578023195267e-03
6.378659999999386855e+03 9.064901620149612427e-02 5.890589673072099686e-03
6.380139999999386418e+03 9.857184439897537231e-02 5.952317733317613602e-03
6.381619999999385982e+03 9.822772443294525146e-02 5.798364523798227310e-03
6.383099999999385545e+03 9.691777080297470093e-02 5.764742847532033920e-03
6.384579999999385109e+03 9.897492825984954834e-02 6.039895117282867432e-03
6.386059999999384672e+03 9.650722891092300415e-02 6.228161044418811798e-03
6.387539999999384236e+03 9.066617488861083984e-02 5.954844877123832703e-03
6.389019999999383799e+03 8.902069926261901855e-02 5.630730185657739639e-03
6.390499999999383363e+03 1.031937226653099060e-01 5.840485449880361557e-03
6.391979999999382926e+03 1.025171652436256409e-01 5.819548387080430984e-03
6.393459999999382489e+03 9.034918248653411865e-02 5.628070794045925140e-03
6.394939999999382053e+03 1.001846939325332642e-01 5.809839814901351929e-03
6.396419999999381616e+03 1.066932231187820435e-01 5.879311356693506241e-03
6.397899999999381180e+03 9.600127488374710083e-02 5.672322586178779602e-03
6.399379999999380743e+03 8.924740552902221680e-02 5.551649723201990128e-03
6.400859999999380307e+03 9.251443296670913696e-02 5.616964772343635559e-03
6.402339999999379870e+03 1.010540351271629333e-01 5.804106593132019043e-03
6.403819999999379434e+03 1.030483916401863098e-01 5.804509855806827545e-03
6.405299999999378997e+03 9.563924372196197510e-02 5.641765892505645752e-03
6.406779999999378560e+03 9.422465413808822632e-02 5.590633489191532135e-03
6.408259999999378124e+03 9.998320788145065308e-02 5.678027868270874023e-03
6.409739999999377687e+03 9.425086528062820435e-02 5.644074175506830215e-03
6.411219999999377251e+03 9.722580015659332275e-02 5.728294607251882553e-03
6.412699999999376814e+03 9.589590877294540405e-02 5.774962715804576874e-03
6.414179999999376378e+03 9.510926902294158936e-02 5.759301129728555679e-03
6.415659999999375941e+03 1.043170690536499023e-01 5.882691126316785812e-03
6.417139999999375505e+03 1.587506979703903198e-01 6.673876196146011353e-03
6.418619999999375068e+03 1.706069111824035645e-01 6.914933212101459503e-03
6.420099999999374631e+03 1.160828024148941040e-01 6.201102398335933685e-03
6.421579999999374195e+03 8.356009423732757568e-02 5.588596686720848083e-03
6.423059999999373758e+03 9.412477910518646240e-02 5.648971069604158401e-03
6.424539999999373322e+03 1.000604480504989624e-01 5.725380498915910721e-03
6.426019999999372885e+03 9.486839175224304199e-02 5.632277578115463257e-03
6.427499999999372449e+03 9.977176040410995483e-02 5.693920422345399857e-03
6.428979999999372012e+03 1.060891747474670410e-01 5.800079554319381714e-03
6.430459999999371576e+03 1.028541177511215210e-01 5.736924707889556885e-03
6.431939999999371139e+03 9.892746061086654663e-02 5.707973148673772812e-03
6.433419999999370702e+03 9.810847789049148560e-02 5.720327142626047134e-03
6.434899999999370266e+03 9.993281215429306030e-02 5.733459722250699997e-03
6.436379999999369829e+03 9.448470175266265869e-02 5.645840428769588470e-03
6.437859999999369393e+03 8.474402129650115967e-02 5.448868498206138611e-03
6.439339999999368956e+03 8.987923711538314819e-02 5.542499944567680359e-03
6.440819999999368520e+03 8.908148854970932007e-02 5.553016904741525650e-03
6.442299999999368083e+03 9.572412818670272827e-02 5.673012230545282364e-03
6.443779999999367647e+03 9.695637226104736328e-02 5.715307779610157013e-03
6.445259999999367210e+03 1.048586219549179077e-01 5.813699215650558472e-03
6.446739999999366773e+03 9.854597598314285278e-02 5.689023062586784363e-03
6.448219999999366337e+03 9.670853614807128906e-02 5.708462093025445938e-03
6.449699999999365900e+03 9.682194888591766357e-02 5.740148946642875671e-03
6.451179999999365464e+03 1.016396358609199524e-01 5.854960065335035324e-03
6.452659999999365027e+03 1.016970649361610413e-01 5.865282379090785980e-03
6.454139999999364591e+03 9.079284220933914185e-02 5.636911839246749878e-03
6.455619999999364154e+03 9.502962231636047363e-02 5.724739283323287964e-03
6.457099999999363718e+03 9.071239084005355835e-02 5.734904203563928604e-03
6.458579999999363281e+03 9.747296571731567383e-02 5.837010219693183899e-03
6.460059999999362844e+03 1.053712517023086548e-01 5.893965251743793488e-03
6.461539999999362408e+03 1.054445803165435791e-01 6.013294681906700134e-03
6.463019999999361971e+03 9.726665914058685303e-02 6.202657707035541534e-03
6.464499999999361535e+03 9.207738935947418213e-02 6.368831265717744827e-03
6.465979999999361098e+03 1.008201092481613159e-01 6.411846727132797241e-03
6.467459999999360662e+03 9.455440938472747803e-02 6.088751368224620819e-03
6.468939999999360225e+03 8.481817692518234253e-02 6.066093686968088150e-03
6.470419999999359788e+03 9.950198233127593994e-02 6.492102518677711487e-03
6.471899999999359352e+03 1.010007560253143311e-01 6.231155246496200562e-03
6.473379999999358915e+03 9.175696223974227905e-02 5.700925830751657486e-03
6.474859999999358479e+03 8.918835967779159546e-02 5.623768549412488937e-03
6.476339999999358042e+03 8.745920658111572266e-02 5.724460817873477936e-03
6.477819999999357606e+03 9.025637060403823853e-02 5.836328491568565369e-03
6.479299999999357169e+03 8.726465702056884766e-02 5.654048174619674683e-03
6.480779999999356733e+03 9.372445940971374512e-02 5.664036143571138382e-03
6.482259999999356296e+03 1.082803532481193542e-01 5.885829217731952667e-03
6.483739999999355859e+03 1.219050362706184387e-01 6.057911552488803864e-03
6.485219999999355423e+03 9.841503202915191650e-02 5.662450566887855530e-03
6.486699999999354986e+03 1.053560003638267517e-01 5.800232756882905960e-03
6.488179999999354550e+03 9.876172989606857300e-02 5.685300100594758987e-03
6.489659999999354113e+03 9.696301817893981934e-02 5.669272970408201218e-03
6.491139999999353677e+03 8.830995857715606689e-02 5.517581012099981308e-03
6.492619999999353240e+03 9.874971956014633179e-02 5.677574779838323593e-03
6.494099999999352804e+03 9.016143530607223511e-02 5.511282011866569519e-03
6.495579999999352367e+03 6.917145848274230957e-02 5.570417270064353943e-03
6.497059999999351930e+03 9.463618695735931396e-02 6.960419006645679474e-03
6.498539999999351494e+03 1.039735898375511169e-01 7.407665718346834183e-03
6.500019999999351057e+03 9.088686853647232056e-02 6.489738356322050095e-03
6.501499999999350621e+03 8.248247951269149780e-02 5.625134799629449844e-03
6.502979999999350184e+03 9.138813614845275879e-02 5.885485559701919556e-03
6.504459999999349748e+03 1.025344952940940857e-01 6.256856024265289307e-03
6.505939999999349311e+03 9.521774947643280029e-02 5.968946497887372971e-03
6.507419999999348875e+03 8.567181974649429321e-02 5.544595420360565186e-03
6.508899999999348438e+03 8.474398404359817505e-02 5.470364354550838470e-03
6.510379999999348001e+03 9.398612380027770996e-02 5.630200263112783432e-03
6.511859999999347565e+03 8.912655711174011230e-02 5.630221217870712280e-03
6.513339999999347128e+03 7.735738903284072876e-02 5.523492582142353058e-03
6.514819999999346692e+03 9.404678642749786377e-02 5.692719016224145889e-03
6.516299999999346255e+03 9.843167662620544434e-02 5.657600704580545425e-03
6.517779999999345819e+03 9.798058122396469116e-02 5.625938996672630310e-03
6.519259999999345382e+03 9.465868026018142700e-02 5.674400366842746735e-03
6.520739999999344946e+03 8.909511566162109375e-02 5.862306337803602219e-03
6.522219999999344509e+03 1.063498631119728088e-01 6.141596008092164993e-03
6.523699999999344072e+03 1.015668809413909912e-01 5.918016657233238220e-03
6.525179999999343636e+03 1.100271642208099365e-01 5.929375533014535904e-03
6.526659999999343199e+03 9.588078409433364868e-02 5.674527026712894440e-03
6.528139999999342763e+03 8.955118060111999512e-02 5.537110846489667892e-03
6.529619999999342326e+03 9.178379923105239868e-02 5.760119296610355377e-03
6.531099999999341890e+03 9.608452022075653076e-02 6.596490740776062012e-03
6.532579999999341453e+03 9.916810691356658936e-02 7.016676943749189377e-03
6.534059999999341017e+03 9.410236775875091553e-02 6.482829339802265167e-03
6.535539999999340580e+03 9.460180252790451050e-02 5.774266552180051804e-03
6.537019999999340143e+03 9.203316271305084229e-02 5.570921115577220917e-03
6.538499999999339707e+03 8.657602965831756592e-02 5.531570874154567719e-03
6.539979999999339270e+03 9.039810299873352051e-02 5.630379542708396912e-03
6.541459999999338834e+03 1.017638072371482849e-01 6.054778583347797394e-03
6.542939999999338397e+03 1.003751754760742188e-01 6.278496235609054565e-03
6.544419999999337961e+03 9.694774448871612549e-02 6.168653257191181183e-03
6.545899999999337524e+03 9.825289994478225708e-02 5.998089443892240524e-03
6.547379999999337088e+03 9.458737820386886597e-02 5.835148505866527557e-03
6.548859999999336651e+03 9.697304666042327881e-02 5.719350185245275497e-03
6.550339999999336214e+03 8.118366450071334839e-02 5.668296944350004196e-03
6.551819999999335778e+03 9.228932112455368042e-02 6.765090394765138626e-03
6.553299999999335341e+03 1.071188151836395264e-01 7.205502595752477646e-03
6.554779999999334905e+03 9.955078363418579102e-02 6.525609642267227173e-03
6.556259999999334468e+03 9.363506734371185303e-02 5.635313224047422409e-03
6.557739999999334032e+03 9.870842099189758301e-02 5.597345530986785889e-03
6.559219999999333595e+03 6.999962031841278076e-02 5.540954414755105972e-03
6.560699999999333158e+03 7.744677364826202393e-02 7.228591479361057281e-03
6.562179999999332722e+03 1.200598627328872681e-01 8.363014087080955505e-03
6.563659999999332285e+03 1.053036972880363464e-01 7.242527790367603302e-03
6.565139999999331849e+03 9.492325037717819214e-02 5.822182632982730865e-03
6.566619999999331412e+03 9.489722549915313721e-02 5.778685212135314941e-03
6.568099999999330976e+03 9.859613329172134399e-02 6.060864776372909546e-03
6.569579999999330539e+03 1.054320335388183594e-01 6.075320765376091003e-03
6.571059999999330103e+03 9.310254454612731934e-02 5.698964465409517288e-03
6.572539999999329666e+03 8.739081770181655884e-02 5.458889529109001160e-03
6.574019999999329229e+03 9.219974279403686523e-02 5.726628936827182770e-03
6.575499999999328793e+03 9.107798337936401367e-02 6.343173328787088394e-03
6.576979999999328356e+03 1.063782274723052979e-01 6.742828525602817535e-03
6.578459999999327920e+03 1.030637472867965698e-01 6.302144378423690796e-03
6.579939999999327483e+03 8.466434478759765625e-02 5.712039303034543991e-03
6.581419999999327047e+03 9.427117556333541870e-02 6.126009393483400345e-03
6.582899999999326610e+03 9.939482808113098145e-02 6.189098116010427475e-03
6.584379999999326174e+03 9.538236260414123535e-02 5.830768030136823654e-03
6.585859999999325737e+03 8.683332800865173340e-02 5.486594978719949722e-03
6.587339999999325300e+03 9.412433207035064697e-02 5.603027530014514923e-03
6.588819999999324864e+03 9.779160469770431519e-02 5.656179971992969513e-03
6.590299999999324427e+03 9.373517334461212158e-02 5.589194595813751221e-03
6.591779999999323991e+03 9.731701016426086426e-02 5.616262089461088181e-03
6.593259999999323554e+03 9.469729661941528320e-02 5.593779962509870529e-03
6.594739999999323118e+03 9.838563203811645508e-02 5.845060572028160095e-03
6.596219999999322681e+03 8.946216106414794922e-02 5.761472973972558975e-03
6.597699999999322245e+03 9.870094805955886841e-02 5.813522264361381531e-03
6.599179999999321808e+03 8.375713974237442017e-02 5.453728139400482178e-03
6.600659999999321371e+03 7.908881455659866333e-02 5.447631236165761948e-03
6.602139999999320935e+03 9.508937597274780273e-02 6.040335632860660553e-03
6.603619999999320498e+03 9.982804954051971436e-02 6.264740601181983948e-03
6.605099999999320062e+03 9.926995635032653809e-02 6.007106974720954895e-03
6.606579999999319625e+03 1.011271625757217407e-01 5.744186695665121078e-03
6.608059999999319189e+03 9.602092206478118896e-02 5.573747679591178894e-03
6.609539999999318752e+03 9.857950359582901001e-02 5.634272471070289612e-03
6.611019999999318316e+03 9.583602845668792725e-02 5.607733037322759628e-03
6.612499999999317879e+03 9.006413072347640991e-02 5.502905230969190598e-03
6.613979999999317442e+03 9.100965410470962524e-02 5.547805223613977432e-03
6.615459999999317006e+03 8.489959686994552612e-02 5.452794022858142853e-03
6.616939999999316569e+03 8.587873727083206177e-02 5.442953668534755707e-03
6.618419999999316133e+03 8.554389327764511108e-02 5.450732074677944183e-03
6.619899999999315696e+03 9.162177890539169312e-02 5.568244028836488724e-03
6.621379999999315260e+03 9.129764884710311890e-02 5.543007981032133102e-03
6.622859999999314823e+03 9.359378367662429810e-02 5.564907100051641464e-03
6.624339999999314387e+03 9.593282639980316162e-02 5.590332206338644028e-03
6.625819999999313950e+03 9.239043295383453369e-02 5.619062576442956924e-03
6.627299999999313513e+03 9.681878238916397095e-02 5.706620868295431137e-03
6.628779999999313077e+03 9.989975392818450928e-02 5.741564091295003891e-03
6.630259999999312640e+03 1.020311042666435242e-01 5.692929029464721680e-03
6.631739999999312204e+03 9.451188147068023682e-02 5.711207166314125061e-03
6.633219999999311767e+03 9.322407841682434082e-02 5.776893347501754761e-03
6.634699999999311331e+03 9.338901191949844360e-02 5.750208161771297455e-03
6.636179999999310894e+03 9.416383504867553711e-02 5.642010364681482315e-03
6.637659999999310457e+03 9.032468497753143311e-02 5.528756882995367050e-03
6.639139999999310021e+03 9.040468186140060425e-02 5.527364555746316910e-03
6.640619999999309584e+03 9.038992226123809814e-02 5.503773689270019531e-03
6.642099999999309148e+03 9.539441019296646118e-02 5.569537170231342316e-03
6.643579999999308711e+03 9.886322915554046631e-02 5.611399188637733459e-03
6.645059999999308275e+03 9.917332231998443604e-02 5.619256757199764252e-03
6.646539999999307838e+03 9.942010790109634399e-02 5.655897781252861023e-03
6.648019999999307402e+03 9.198691695928573608e-02 5.546534899622201920e-03
6.649499999999306965e+03 8.838767558336257935e-02 5.497634876519441605e-03
6.650979999999306528e+03 9.004314988851547241e-02 5.534464959055185318e-03
6.652459999999306092e+03 9.106352925300598145e-02 5.530409514904022217e-03
6.653939999999305655e+03 9.756869077682495117e-02 5.637677386403083801e-03
6.655419999999305219e+03 9.519573301076889038e-02 5.601922050118446350e-03
6.656899999999304782e+03 9.095694869756698608e-02 5.489608272910118103e-03
6.658379999999304346e+03 9.187114983797073364e-02 5.521263927221298218e-03
6.659859999999303909e+03 1.012654826045036316e-01 5.685351788997650146e-03
6.661339999999303473e+03 9.482339024543762207e-02 5.596136208623647690e-03
6.662819999999303036e+03 9.717404097318649292e-02 5.597654264420270920e-03
6.664299999999302599e+03 1.024934425950050354e-01 5.721954163163900375e-03
6.665779999999302163e+03 9.540054947137832642e-02 5.676333792507648468e-03
6.667259999999301726e+03 1.256528198719024658e-01 6.178549490869045258e-03
6.668739999999301290e+03 2.447081655263900757e-01 7.742235902696847916e-03
6.670219999999300853e+03 3.223392069339752197e-01 8.589736185967922211e-03
6.671699999999300417e+03 2.206709980964660645e-01 7.400327827781438828e-03
6.673179999999299980e+03 1.077877879142761230e-01 5.777253303676843643e-03
6.674659999999299544e+03 9.666554629802703857e-02 5.549474153667688370e-03
6.676139999999299107e+03 9.594504535198211670e-02 5.528680048882961273e-03
6.677619999999298670e+03 9.821873903274536133e-02 5.566671956330537796e-03
6.679099999999298234e+03 1.013441085815429688e-01 5.639900453388690948e-03
6.680579999999297797e+03 1.206692233681678772e-01 5.977327004075050354e-03
6.682059999999297361e+03 5.564191341400146484e-01 1.082446612417697906e-02
6.683539999999296924e+03 2.690726757049560547e+00 2.292477525770664215e-02
6.685019999999296488e+03 4.009918689727783203e+00 2.794971130788326263e-02
6.686499999999296051e+03 2.499240636825561523e+00 2.205202542245388031e-02
6.687979999999295615e+03 3.787967562675476074e-01 9.139263071119785309e-03
6.689459999999295178e+03 1.206200793385505676e-01 5.953653715550899506e-03
6.690939999999294741e+03 1.032551601529121399e-01 5.659508518874645233e-03
6.692419999999294305e+03 8.918781578540802002e-02 5.440690089017152786e-03
6.693899999999293868e+03 9.418344497680664062e-02 5.511569790542125702e-03
6.695379999999293432e+03 9.685591608285903931e-02 5.568135995417833328e-03
6.696859999999292995e+03 9.454414248466491699e-02 5.616783630102872849e-03
6.698339999999292559e+03 9.868448972702026367e-02 5.727847106754779816e-03
6.699819999999292122e+03 9.922397136688232422e-02 5.723130423575639725e-03
6.701299999999291686e+03 9.237928688526153564e-02 5.588364321738481522e-03
6.702779999999291249e+03 1.117646694183349609e-01 5.895636044442653656e-03
6.704259999999290812e+03 4.396126568317413330e-01 9.776496328413486481e-03
6.705739999999290376e+03 7.940581440925598145e-01 1.272279117256402969e-02
6.707219999999289939e+03 6.015351414680480957e-01 1.120977569371461868e-02
6.708699999999289503e+03 1.592879891395568848e-01 6.545553449541330338e-03
6.710179999999289066e+03 9.589126706123352051e-02 5.577889736741781235e-03
6.711659999999288630e+03 1.034227833151817322e-01 5.708780605345964432e-03
6.713139999999288193e+03 9.438639134168624878e-02 5.708828568458557129e-03
6.714619999999287757e+03 8.905136585235595703e-02 5.791914649307727814e-03
6.716099999999287320e+03 8.146883547306060791e-02 5.597587209194898605e-03
6.717579999999286883e+03 7.701165229082107544e-02 5.313678644597530365e-03
6.719059999999286447e+03 8.656691014766693115e-02 5.393777508288621902e-03
6.720539999999286010e+03 9.673349559307098389e-02 5.562774837017059326e-03
6.722019999999285574e+03 8.765022456645965576e-02 5.361202638596296310e-03
6.723499999999285137e+03 9.553624689579010010e-02 5.530891008675098419e-03
6.724979999999284701e+03 9.825797379016876221e-02 5.569280125200748444e-03
6.726459999999284264e+03 9.448732435703277588e-02 5.554301198571920395e-03
6.727939999999283827e+03 8.619074523448944092e-02 5.563902202993631363e-03
6.729419999999283391e+03 9.393892437219619751e-02 5.777769256383180618e-03
6.730899999999282954e+03 8.556332439184188843e-02 5.552307236939668655e-03
6.732379999999282518e+03 8.170046657323837280e-02 5.361933726817369461e-03
6.733859999999282081e+03 9.728451073169708252e-02 5.591988097876310349e-03
6.735339999999281645e+03 9.416919201612472534e-02 5.502727348357439041e-03
6.736819999999281208e+03 9.378930181264877319e-02 5.470552016049623489e-03
6.738299999999280772e+03 9.410007297992706299e-02 5.540138110518455505e-03
6.739779999999280335e+03 8.987443149089813232e-02 5.496322643011808395e-03
6.741259999999279898e+03 9.238102287054061890e-02 5.544128362089395523e-03
6.742739999999279462e+03 8.651335537433624268e-02 5.466674920171499252e-03
6.744219999999279025e+03 8.135432004928588867e-02 5.376014858484268188e-03
6.745699999999278589e+03 8.761809021234512329e-02 5.471283104270696640e-03
6.747179999999278152e+03 9.070812910795211792e-02 5.491214804351329803e-03
6.748659999999277716e+03 7.908236235380172729e-02 5.264457780867815018e-03
6.750139999999277279e+03 8.581501990556716919e-02 5.367034580558538437e-03
6.751619999999276843e+03 9.384752064943313599e-02 5.485889501869678497e-03
6.753099999999276406e+03 9.763716906309127808e-02 5.519656464457511902e-03
6.754579999999275969e+03 9.069593995809555054e-02 5.418056156486272812e-03
6.756059999999275533e+03 8.882429450750350952e-02 5.400362890213727951e-03
6.757539999999275096e+03 8.834964036941528320e-02 5.381992086768150330e-03
6.759019999999274660e+03 9.337987750768661499e-02 5.509780719876289368e-03
6.760499999999274223e+03 9.570827335119247437e-02 5.561135243624448776e-03
6.761979999999273787e+03 9.203693270683288574e-02 5.492845550179481506e-03
6.763459999999273350e+03 9.702894836664199829e-02 5.562341306358575821e-03
6.764939999999272914e+03 8.793413639068603516e-02 5.369336809962987900e-03
6.766419999999272477e+03 8.544136583805084229e-02 5.309879314154386520e-03
6.767899999999272040e+03 8.770805597305297852e-02 5.339234601706266403e-03
6.769379999999271604e+03 8.739943057298660278e-02 5.335825961083173752e-03
6.770859999999271167e+03 9.408757835626602173e-02 5.473057739436626434e-03
6.772339999999270731e+03 8.970015496015548706e-02 5.407050251960754395e-03
6.773819999999270294e+03 8.925721794366836548e-02 5.398943554610013962e-03
6.775299999999269858e+03 9.046813100576400757e-02 5.445937626063823700e-03
6.776779999999269421e+03 8.663988113403320312e-02 5.385099444538354874e-03
6.778259999999268985e+03 9.351590275764465332e-02 5.486660636961460114e-03
6.779739999999268548e+03 8.662332594394683838e-02 5.357710178941488266e-03
6.781219999999268111e+03 9.190219640731811523e-02 5.447886418551206589e-03
6.782699999999267675e+03 8.424617350101470947e-02 5.317196715623140335e-03
6.784179999999267238e+03 9.214608371257781982e-02 5.454597529023885727e-03
6.785659999999266802e+03 9.140962362289428711e-02 5.427105817943811417e-03
6.787139999999266365e+03 8.830187469720840454e-02 5.430997349321842194e-03
6.788619999999265929e+03 8.951449394226074219e-02 5.442571826279163361e-03
6.790099999999265492e+03 8.191306889057159424e-02 5.300790071487426758e-03
6.791579999999265056e+03 8.167754858732223511e-02 5.278160795569419861e-03
6.793059999999264619e+03 8.520777523517608643e-02 5.331090185791254044e-03
6.794539999999264182e+03 8.413096517324447632e-02 5.311847198754549026e-03
6.796019999999263746e+03 8.461061120033264160e-02 5.292968358844518661e-03
6.797499999999263309e+03 8.707606047391891479e-02 5.302018485963344574e-03
6.798979999999262873e+03 8.925396203994750977e-02 5.363352596759796143e-03
6.800459999999262436e+03 1.019154787063598633e-01 5.595937836915254593e-03
6.801939999999262000e+03 1.266493499279022217e-01 5.997226107865571976e-03
6.803419999999261563e+03 1.240136697888374329e-01 5.970728583633899689e-03
6.804899999999261127e+03 1.038363799452781677e-01 5.642088595777750015e-03
6.806379999999260690e+03 1.043815612792968750e-01 5.658134818077087402e-03
6.807859999999260253e+03 8.322007954120635986e-02 5.310447420924901962e-03
6.809339999999259817e+03 8.781415224075317383e-02 5.367713980376720428e-03
6.810819999999259380e+03 8.268531411886215210e-02 5.272501613944768906e-03
6.812299999999258944e+03 8.879388123750686646e-02 5.361710675060749054e-03
6.813779999999258507e+03 8.501953631639480591e-02 5.284147337079048157e-03
6.815259999999258071e+03 8.348878473043441772e-02 5.297642666846513748e-03
6.816739999999257634e+03 8.516956120729446411e-02 5.339963361620903015e-03
6.818219999999257197e+03 8.462169021368026733e-02 5.320471711456775665e-03
6.819699999999256761e+03 7.941279560327529907e-02 5.223518237471580505e-03
6.821179999999256324e+03 8.481630682945251465e-02 5.316722206771373749e-03
6.822659999999255888e+03 8.842271566390991211e-02 5.357335787266492844e-03
6.824139999999255451e+03 8.919417113065719604e-02 5.563422571867704391e-03
6.825619999999255015e+03 7.418725639581680298e-02 5.981384310871362686e-03
6.827099999999254578e+03 8.554878830909729004e-02 7.118941750377416611e-03
6.828579999999254142e+03 1.015315279364585876e-01 7.522053085267543793e-03
6.830059999999253705e+03 8.185382932424545288e-02 6.622484885156154633e-03
6.831539999999253268e+03 7.544216513633728027e-02 6.567635573446750641e-03
6.833019999999252832e+03 8.741099387407302856e-02 7.288366556167602539e-03
6.834499999999252395e+03 8.862536400556564331e-02 6.937190890312194824e-03
6.835979999999251959e+03 7.660118490457534790e-02 5.732037127017974854e-03
6.837459999999251522e+03 9.816994518041610718e-02 5.686951335519552231e-03
6.838939999999251086e+03 2.681031525135040283e-01 8.087120018899440765e-03
6.840419999999250649e+03 6.847214698791503906e-01 1.201539020985364914e-02
6.841899999999250213e+03 7.528273463249206543e-01 1.248810160905122757e-02
6.843379999999249776e+03 3.188781142234802246e-01 8.500649593770503998e-03
6.844859999999249339e+03 1.072958558797836304e-01 5.694878287613391876e-03
6.846339999999248903e+03 8.063994348049163818e-02 5.222479347139596939e-03
6.847819999999248466e+03 7.729922980070114136e-02 5.236994009464979172e-03
6.849299999999248030e+03 8.008902519941329956e-02 5.345077719539403915e-03
6.850779999999247593e+03 8.585333824157714844e-02 5.413633771240711212e-03
6.852259999999247157e+03 9.525047242641448975e-02 5.531557835638523102e-03
6.853739999999246720e+03 2.439647316932678223e-01 7.560274098068475723e-03
6.855219999999246284e+03 5.419025421142578125e-01 1.055089291185140610e-02
6.856699999999245847e+03 5.303548574447631836e-01 1.046682894229888916e-02
6.858179999999245410e+03 2.341027855873107910e-01 7.398391608148813248e-03
6.859659999999244974e+03 8.013916760683059692e-02 6.082337815314531326e-03
6.861139999999244537e+03 7.737340778112411499e-02 7.321923039853572845e-03
6.862619999999244101e+03 1.014635190367698669e-01 8.775184862315654755e-03
6.864099999999243664e+03 8.997997641563415527e-02 8.159690536558628082e-03
6.865579999999243228e+03 5.669299885630607605e-02 5.508421920239925385e-03
6.867059999999242791e+03 5.685355886816978455e-02 4.732072819024324417e-03
6.868539999999242355e+03 6.213387474417686462e-02 4.977612290531396866e-03
6.870019999999241918e+03 6.394088268280029297e-02 5.172963719815015793e-03
6.871499999999241481e+03 8.161476999521255493e-02 5.330738145858049393e-03
6.872979999999241045e+03 7.198065519332885742e-02 4.925398156046867371e-03
6.874459999999240608e+03 6.933595240116119385e-02 4.823923110961914062e-03
6.875939999999240172e+03 6.927178800106048584e-02 4.865839146077632904e-03
6.877419999999239735e+03 6.997476518154144287e-02 5.027330480515956879e-03
6.878899999999239299e+03 6.859446316957473755e-02 5.321928765624761581e-03
6.880379999999238862e+03 7.453948259353637695e-02 5.618652328848838806e-03
6.881859999999238426e+03 8.063283562660217285e-02 5.544943269342184067e-03
6.883339999999237989e+03 8.613805472850799561e-02 5.315459799021482468e-03
6.884819999999237552e+03 8.210806548595428467e-02 5.259140394628047943e-03
6.886299999999237116e+03 7.450506836175918579e-02 5.465094000101089478e-03
6.887779999999236679e+03 7.873626798391342163e-02 5.914735607802867889e-03
6.889259999999236243e+03 8.179029822349548340e-02 5.858664866536855698e-03
6.890739999999235806e+03 7.730838656425476074e-02 5.309409927576780319e-03
6.892219999999235370e+03 6.885365396738052368e-02 5.027032922953367233e-03
6.893699999999234933e+03 6.344306468963623047e-02 4.924102220684289932e-03
6.895179999999234496e+03 6.531646102666854858e-02 4.863332491368055344e-03
6.896659999999234060e+03 7.279832661151885986e-02 5.007109604775905609e-03
6.898139999999233623e+03 7.480275630950927734e-02 5.643234122544527054e-03
6.899619999999233187e+03 8.396041393280029297e-02 6.139015313237905502e-03
6.901099999999232750e+03 7.977906614542007446e-02 5.871391389518976212e-03
6.902579999999232314e+03 7.763256877660751343e-02 5.326010286808013916e-03
6.904059999999231877e+03 8.194866031408309937e-02 5.222975276410579681e-03
6.905539999999231441e+03 7.883848994970321655e-02 5.144597962498664856e-03
6.907019999999231004e+03 7.981644570827484131e-02 5.122818518429994583e-03
6.908499999999230567e+03 7.924960553646087646e-02 5.201766733080148697e-03
6.909979999999230131e+03 8.780625462532043457e-02 5.920744966715574265e-03
6.911459999999229694e+03 9.271805733442306519e-02 6.434939336031675339e-03
6.912939999999229258e+03 7.918335497379302979e-02 5.960381589829921722e-03
6.914419999999228821e+03 7.816305011510848999e-02 5.290467292070388794e-03
6.915899999999228385e+03 8.063784986734390259e-02 5.165949929505586624e-03
6.917379999999227948e+03 7.401255518198013306e-02 5.018694791942834854e-03
6.918859999999227512e+03 7.914274930953979492e-02 5.312049295753240585e-03
6.920339999999227075e+03 7.908238470554351807e-02 6.372293457388877869e-03
6.921819999999226638e+03 9.084125608205795288e-02 7.349903695285320282e-03
6.923299999999226202e+03 8.348577469587326050e-02 7.033035624772310257e-03
6.924779999999225765e+03 7.290319353342056274e-02 5.593703128397464752e-03
6.926259999999225329e+03 8.620268106460571289e-02 5.374934524297714233e-03
6.927739999999224892e+03 7.910008728504180908e-02 5.185483954846858978e-03
6.929219999999224456e+03 8.545354753732681274e-02 5.282913334667682648e-03
6.930699999999224019e+03 8.293102681636810303e-02 5.213554482907056808e-03
6.932179999999223583e+03 8.476620167493820190e-02 5.249254405498504639e-03
6.933659999999223146e+03 8.549257367849349976e-02 5.277981981635093689e-03
6.935139999999222709e+03 7.674065232276916504e-02 5.153219215571880341e-03
6.936619999999222273e+03 7.964892685413360596e-02 5.656410939991474152e-03
6.938099999999221836e+03 8.904363960027694702e-02 6.288229953497648239e-03
6.939579999999221400e+03 8.847746998071670532e-02 6.123056635260581970e-03
6.941059999999220963e+03 7.871597260236740112e-02 5.414909683167934418e-03
6.942539999999220527e+03 7.319606840610504150e-02 5.074287764728069305e-03
6.944019999999220090e+03 6.961124390363693237e-02 5.026801023632287979e-03
6.945499999999219654e+03 6.437065452337265015e-02 5.541742313653230667e-03
6.946979999999219217e+03 7.614769041538238525e-02 7.218575570732355118e-03
6.948459999999218780e+03 8.901519328355789185e-02 7.650210056453943253e-03
6.949939999999218344e+03 8.243245631456375122e-02 6.553677842020988464e-03
6.951419999999217907e+03 7.994464039802551270e-02 5.457750987261533737e-03
6.952899999999217471e+03 7.571496814489364624e-02 5.178610794246196747e-03
6.954379999999217034e+03 8.405861258506774902e-02 5.330484826117753983e-03
6.955859999999216598e+03 8.952204138040542603e-02 5.482792854309082031e-03
6.957339999999216161e+03 8.175204694271087646e-02 5.344217643141746521e-03
6.958819999999215725e+03 8.614341169595718384e-02 5.398940760642290115e-03
6.960299999999215288e+03 8.579171448945999146e-02 5.391860846430063248e-03
6.961779999999214851e+03 8.258683234453201294e-02 5.321930162608623505e-03
6.963259999999214415e+03 8.104834705591201782e-02 5.262505728751420975e-03
6.964739999999213978e+03 8.102408796548843384e-02 5.284951068460941315e-03
6.966219999999213542e+03 8.520188927650451660e-02 5.498988553881645203e-03
6.967699999999213105e+03 8.187052607536315918e-02 5.773340351879596710e-03
6.969179999999212669e+03 8.255849778652191162e-02 5.907204002141952515e-03
6.970659999999212232e+03 8.628374338150024414e-02 5.719758570194244385e-03
6.972139999999211796e+03 7.911811023950576782e-02 5.282531492412090302e-03
6.973619999999211359e+03 7.878904789686203003e-02 5.267835222184658051e-03
6.975099999999210922e+03 8.006799221038818359e-02 5.599991884082555771e-03
6.976579999999210486e+03 9.751012921333312988e-02 6.669709924608469009e-03
6.978059999999210049e+03 9.535636007785797119e-02 6.715923547744750977e-03
6.979539999999209613e+03 9.214726090431213379e-02 5.920627154409885406e-03
6.981019999999209176e+03 8.376491814851760864e-02 5.381189286708831787e-03
6.982499999999208740e+03 8.688034862279891968e-02 5.392341408878564835e-03
6.983979999999208303e+03 8.690912276506423950e-02 5.411804653704166412e-03
6.985459999999207866e+03 7.737718522548675537e-02 5.251146387308835983e-03
6.986939999999207430e+03 7.249323278665542603e-02 5.156981758773326874e-03
6.988419999999206993e+03 8.068095147609710693e-02 5.291612818837165833e-03
6.989899999999206557e+03 7.664787769317626953e-02 5.178022664040327072e-03
6.991379999999206120e+03 7.750535011291503906e-02 5.146137904375791550e-03
6.992859999999205684e+03 8.803441375494003296e-02 5.315355490893125534e-03
6.994339999999205247e+03 9.418074041604995728e-02 5.486577283591032028e-03
6.995819999999204811e+03 8.996996283531188965e-02 5.474995356053113937e-03
6.997299999999204374e+03 7.839077711105346680e-02 5.253842566162347794e-03
6.998779999999203937e+03 8.201234042644500732e-02 5.302425008267164230e-03
7.000259999999203501e+03 8.442313969135284424e-02 5.429491866379976273e-03
7.001739999999203064e+03 8.042886853218078613e-02 5.519611760973930359e-03
7.003219999999202628e+03 8.193731307983398438e-02 5.562245845794677734e-03
7.004699999999202191e+03 7.763522863388061523e-02 5.324032623320817947e-03
7.006179999999201755e+03 9.144747257232666016e-02 5.368224810808897018e-03
7.007659999999201318e+03 8.522539585828781128e-02 5.382693838328123093e-03
7.009139999999200882e+03 8.955976366996765137e-02 5.880508106201887131e-03
7.010619999999200445e+03 8.764755725860595703e-02 6.041252519935369492e-03
7.012099999999200008e+03 7.927092909812927246e-02 5.611649714410305023e-03
7.013579999999199572e+03 8.118946850299835205e-02 5.307362880557775497e-03
7.015059999999199135e+03 7.951582223176956177e-02 5.159373860806226730e-03
7.016539999999198699e+03 7.967564463615417480e-02 5.133332218974828720e-03
7.018019999999198262e+03 9.096048027276992798e-02 5.356412846595048904e-03
7.019499999999197826e+03 9.001642465591430664e-02 5.353172309696674347e-03
7.020979999999197389e+03 8.143123984336853027e-02 5.178343504667282104e-03
7.022459999999196953e+03 8.258242160081863403e-02 5.197632126510143280e-03
7.023939999999196516e+03 8.321514725685119629e-02 5.254694726318120956e-03
7.025419999999196079e+03 8.243517577648162842e-02 5.238903686404228210e-03
7.026899999999195643e+03 8.426912128925323486e-02 5.295416805893182755e-03
7.028379999999195206e+03 8.679202944040298462e-02 5.352058447897434235e-03
7.029859999999194770e+03 8.395680785179138184e-02 5.273313261568546295e-03
7.031339999999194333e+03 9.354931861162185669e-02 5.406931973993778229e-03
7.032819999999193897e+03 8.428684622049331665e-02 5.235046613961458206e-03
7.034299999999193460e+03 8.281546831130981445e-02 5.229347385466098785e-03
7.035779999999193024e+03 8.883545547723770142e-02 5.344708915799856186e-03
7.037259999999192587e+03 8.874969929456710815e-02 5.344657693058252335e-03
7.038739999999192150e+03 8.088887482881546021e-02 5.345020443201065063e-03
7.040219999999191714e+03 7.628674060106277466e-02 5.377704277634620667e-03
7.041699999999191277e+03 7.778101414442062378e-02 5.323474295437335968e-03
7.043179999999190841e+03 8.715160191059112549e-02 5.423054099082946777e-03
7.044659999999190404e+03 8.744080364704132080e-02 5.627274513244628906e-03
7.046139999999189968e+03 8.409702777862548828e-02 5.882413592189550400e-03
7.047619999999189531e+03 8.580560237169265747e-02 6.015124730765819550e-03
7.049099999999189095e+03 7.898951321840286255e-02 5.713251885026693344e-03
7.050579999999188658e+03 7.765334099531173706e-02 5.536264274269342422e-03
7.052059999999188221e+03 7.877893745899200439e-02 5.518577992916107178e-03
7.053539999999187785e+03 7.815849035978317261e-02 5.444087553769350052e-03
7.055019999999187348e+03 8.525308221578598022e-02 5.433573853224515915e-03
7.056499999999186912e+03 8.929738402366638184e-02 5.385142285376787186e-03
7.057979999999186475e+03 9.045433998107910156e-02 5.468363407999277115e-03
7.059459999999186039e+03 8.216375112533569336e-02 5.365017801523208618e-03
7.060939999999185602e+03 8.607415109872817993e-02 5.498552229255437851e-03
7.062419999999185166e+03 8.450526744127273560e-02 5.541949532926082611e-03
7.063899999999184729e+03 8.376108109951019287e-02 5.562992766499519348e-03
7.065379999999184292e+03 7.948915660381317139e-02 5.521808750927448273e-03
7.066859999999183856e+03 7.930790632963180542e-02 5.451377946883440018e-03
7.068339999999183419e+03 8.764305710792541504e-02 5.550040863454341888e-03
7.069819999999182983e+03 8.426733314990997314e-02 5.483876448124647141e-03
7.071299999999182546e+03 8.735153079032897949e-02 5.548879969865083694e-03
7.072779999999182110e+03 9.140182286500930786e-02 5.636521149426698685e-03
7.074259999999181673e+03 7.811392098665237427e-02 5.364892072975635529e-03
7.075739999999181236e+03 8.749028295278549194e-02 5.528041161596775055e-03
7.077219999999180800e+03 9.248340129852294922e-02 5.674539599567651749e-03
7.078699999999180363e+03 8.795414865016937256e-02 5.564628168940544128e-03
7.080179999999179927e+03 8.920482546091079712e-02 5.594109185039997101e-03
7.081659999999179490e+03 8.271896839141845703e-02 5.523508880287408829e-03
7.083139999999179054e+03 8.610568195581436157e-02 5.512591451406478882e-03
7.084619999999178617e+03 8.831197768449783325e-02 5.482932087033987045e-03
7.086099999999178181e+03 8.809108287096023560e-02 5.642047617584466934e-03
7.087579999999177744e+03 9.105406701564788818e-02 5.795831792056560516e-03
7.089059999999177307e+03 9.592711925506591797e-02 5.871799308806657791e-03
7.090539999999176871e+03 8.636220544576644897e-02 5.588008556514978409e-03
7.092019999999176434e+03 8.098201453685760498e-02 5.365656223148107529e-03
7.093499999999175998e+03 8.268909901380538940e-02 5.335967522114515305e-03
7.094979999999175561e+03 8.057020604610443115e-02 5.262388847768306732e-03
7.096459999999175125e+03 8.130513131618499756e-02 5.308386869728565216e-03
