4.300739999999999782e+03 4.521301984786987305e-01 5.857804417610168457e-02
4.302219999999999345e+03 2.406177818775177002e-01 5.568922311067581177e-02
4.303699999999998909e+03 2.609423398971557617e-01 5.672383308410644531e-02
4.305179999999998472e+03 3.004104793071746826e-01 5.699446424841880798e-02
4.306659999999998035e+03 1.926460117101669312e-01 5.204736441373825073e-02
4.308139999999997599e+03 2.330764532089233398e-01 5.058686807751655579e-02
4.309619999999997162e+03 2.081233263015747070e-01 5.080054700374603271e-02
4.311099999999996726e+03 1.644135117530822754e-01 5.102068185806274414e-02
4.312579999999996289e+03 2.511025071144104004e-01 5.516821146011352539e-02
4.314059999999995853e+03 1.883659064769744873e-01 5.601279437541961670e-02
4.315539999999995416e+03 1.868903934955596924e-01 5.936961993575096130e-02
4.317019999999994980e+03 4.025974869728088379e-01 6.516332924365997314e-02
4.318499999999994543e+03 2.500819563865661621e-01 6.141156330704689026e-02
4.319979999999994106e+03 2.042550742626190186e-01 5.971356481313705444e-02
4.321459999999993670e+03 2.783590555191040039e-01 5.974029377102851868e-02
4.322939999999993233e+03 3.060939013957977295e-01 5.684209614992141724e-02
4.324419999999992797e+03 2.459883391857147217e-01 5.136844143271446228e-02
4.325899999999992360e+03 2.029609084129333496e-01 5.147620663046836853e-02
4.327379999999991924e+03 1.684506982564926147e-01 5.464655160903930664e-02
4.328859999999991487e+03 3.809941411018371582e-01 6.095732375979423523e-02
4.330339999999991051e+03 1.857441663742065430e-01 5.642870441079139709e-02
4.331819999999990614e+03 1.877493262290954590e-01 5.615250393748283386e-02
4.333299999999990177e+03 2.512202858924865723e-01 5.763731524348258972e-02
4.334779999999989741e+03 3.081720471382141113e-01 5.828497558832168579e-02
4.336259999999989304e+03 3.276903629302978516e-01 5.679520964622497559e-02
4.337739999999988868e+03 3.387169539928436279e-01 5.327749624848365784e-02
4.339219999999988431e+03 2.356804609298706055e-01 4.877224937081336975e-02
4.340699999999987995e+03 2.883056402206420898e-01 4.920770227909088135e-02
4.342179999999987558e+03 3.220185935497283936e-01 5.216224491596221924e-02
4.343659999999987122e+03 2.665828466415405273e-01 5.289049819111824036e-02
4.345139999999986685e+03 2.311976253986358643e-01 5.322403088212013245e-02
4.346619999999986248e+03 2.647977471351623535e-01 5.433543026447296143e-02
4.348099999999985812e+03 2.641143500804901123e-01 5.427543818950653076e-02
4.349579999999985375e+03 4.066269993782043457e-01 5.659393966197967529e-02
4.351059999999984939e+03 2.839558124542236328e-01 5.161045491695404053e-02
4.352539999999984502e+03 2.162517458200454712e-01 4.921779409050941467e-02
4.354019999999984066e+03 4.466620087623596191e-01 5.542555078864097595e-02
4.355499999999983629e+03 2.417837977409362793e-01 5.163041502237319946e-02
4.356979999999983193e+03 2.609875202178955078e-01 5.235733091831207275e-02
4.358459999999982756e+03 3.259392082691192627e-01 5.267244949936866760e-02
4.359939999999982319e+03 1.712861657142639160e-01 4.971808567643165588e-02
4.361419999999981883e+03 2.756187915802001953e-01 5.230418592691421509e-02
4.362899999999981446e+03 2.134360074996948242e-01 5.114208534359931946e-02
4.364379999999981010e+03 2.815557122230529785e-01 5.227833613753318787e-02
4.365859999999980573e+03 2.772051095962524414e-01 5.183196440339088440e-02
4.367339999999980137e+03 2.371456474065780640e-01 4.930721968412399292e-02
4.368819999999979700e+03 2.892687916755676270e-01 5.023315176367759705e-02
4.370299999999979264e+03 1.650772988796234131e-01 4.737063869833946228e-02
4.371779999999978827e+03 1.553057730197906494e-01 4.703358188271522522e-02
4.373259999999978390e+03 2.109166681766510010e-01 4.705328494310379028e-02
4.374739999999977954e+03 1.969551146030426025e-01 4.522429406642913818e-02
4.376219999999977517e+03 2.472714781761169434e-01 4.689052328467369080e-02
4.377699999999977081e+03 2.405984699726104736e-01 4.800514876842498779e-02
4.379179999999976644e+03 2.608336508274078369e-01 4.849963262677192688e-02
4.380659999999976208e+03 3.067203760147094727e-01 4.802557826042175293e-02
4.382139999999975771e+03 2.376422286033630371e-01 4.384701326489448547e-02
4.383619999999975335e+03 2.110459655523300171e-01 4.006835818290710449e-02
4.385099999999974898e+03 1.906829476356506348e-01 4.075708985328674316e-02
4.386579999999974461e+03 2.869015634059906006e-01 4.552168399095535278e-02
4.388059999999974025e+03 3.307724595069885254e-01 4.644137993454933167e-02
4.389539999999973588e+03 2.793557047843933105e-01 4.492455720901489258e-02
4.391019999999973152e+03 2.820394635200500488e-01 4.503921419382095337e-02
4.392499999999972715e+03 2.620727419853210449e-01 4.500175267457962036e-02
4.393979999999972279e+03 1.375744938850402832e-01 4.241976514458656311e-02
4.395459999999971842e+03 1.772407293319702148e-01 4.316631332039833069e-02
4.396939999999971405e+03 1.399985402822494507e-01 4.308577254414558411e-02
4.398419999999970969e+03 2.616930902004241943e-01 4.555768892168998718e-02
4.399899999999970532e+03 2.862192988395690918e-01 4.430947825312614441e-02
4.401379999999970096e+03 4.573563933372497559e-01 4.737909138202667236e-02
4.402859999999969659e+03 4.303863048553466797e-01 4.678146168589591980e-02
4.404339999999969223e+03 1.785708963871002197e-01 4.020148143172264099e-02
4.405819999999968786e+03 2.295741438865661621e-01 4.081298410892486572e-02
4.407299999999968350e+03 2.432106882333755493e-01 4.257148131728172302e-02
4.408779999999967913e+03 2.378642559051513672e-01 4.238954558968544006e-02
4.410259999999967476e+03 1.833207458257675171e-01 4.252974316477775574e-02
4.411739999999967040e+03 1.831986904144287109e-01 4.311093688011169434e-02
4.413219999999966603e+03 2.168093323707580566e-01 4.318636655807495117e-02
4.414699999999966167e+03 1.922011375427246094e-01 4.099858179688453674e-02
4.416179999999965730e+03 1.670733243227005005e-01 3.984439745545387268e-02
4.417659999999965294e+03 2.279255688190460205e-01 4.194843396544456482e-02
4.419139999999964857e+03 2.219053506851196289e-01 4.287162050604820251e-02
4.420619999999964421e+03 1.795819103717803955e-01 4.218651354312896729e-02
4.422099999999963984e+03 1.852208971977233887e-01 4.121189191937446594e-02
4.423579999999963547e+03 2.534168958663940430e-01 4.158096760511398315e-02
4.425059999999963111e+03 2.400834262371063232e-01 4.164229333400726318e-02
4.426539999999962674e+03 2.320123165845870972e-01 4.125692695379257202e-02
4.428019999999962238e+03 3.645095825195312500e-01 4.360619932413101196e-02
4.429499999999961801e+03 2.563375234603881836e-01 4.155362024903297424e-02
4.430979999999961365e+03 2.041727602481842041e-01 4.031940922141075134e-02
4.432459999999960928e+03 2.368743866682052612e-01 4.059648513793945312e-02
4.433939999999960492e+03 2.597360312938690186e-01 4.018862918019294739e-02
4.435419999999960055e+03 2.245630174875259399e-01 3.912706300616264343e-02
4.436899999999959618e+03 1.967359632253646851e-01 3.916818276047706604e-02
4.438379999999959182e+03 2.769863605499267578e-01 4.164510220289230347e-02
4.439859999999958745e+03 2.868569493293762207e-01 4.169847816228866577e-02
4.441339999999958309e+03 2.156997919082641602e-01 3.944669663906097412e-02
4.442819999999957872e+03 2.748936414718627930e-01 3.953070938587188721e-02
4.444299999999957436e+03 2.137755751609802246e-01 3.916004300117492676e-02
4.445779999999956999e+03 1.941603720188140869e-01 3.962071239948272705e-02
4.447259999999956563e+03 1.651546657085418701e-01 3.896000981330871582e-02
4.448739999999956126e+03 2.045138329267501831e-01 3.935490176081657410e-02
4.450219999999955689e+03 1.321932226419448853e-01 3.801956772804260254e-02
4.451699999999955253e+03 2.048111557960510254e-01 3.906541317701339722e-02
4.453179999999954816e+03 2.312412708997726440e-01 3.909627348184585571e-02
4.454659999999954380e+03 2.119244635105133057e-01 3.724218904972076416e-02
4.456139999999953943e+03 2.617925703525543213e-01 3.736492991447448730e-02
4.457619999999953507e+03 2.215953469276428223e-01 3.705120086669921875e-02
4.459099999999953070e+03 1.629847586154937744e-01 3.607647866010665894e-02
4.460579999999952634e+03 2.160659134387969971e-01 3.705833107233047485e-02
4.462059999999952197e+03 2.286944389343261719e-01 3.700656816363334656e-02
4.463539999999951760e+03 2.331820130348205566e-01 3.803433850407600403e-02
4.465019999999951324e+03 2.247708588838577271e-01 3.820142522454261780e-02
4.466499999999950887e+03 2.219732105731964111e-01 3.813826665282249451e-02
4.467979999999950451e+03 1.908024847507476807e-01 3.729771077632904053e-02
4.469459999999950014e+03 1.342778056859970093e-01 3.592276573181152344e-02
4.470939999999949578e+03 1.538348197937011719e-01 3.649448975920677185e-02
4.472419999999949141e+03 2.462210953235626221e-01 3.873922675848007202e-02
4.473899999999948704e+03 2.133707702159881592e-01 3.857045248150825500e-02
4.475379999999948268e+03 2.390407919883728027e-01 3.888838365674018860e-02
4.476859999999947831e+03 2.326474189758300781e-01 3.895615041255950928e-02
4.478339999999947395e+03 2.719603180885314941e-01 3.956452384591102600e-02
4.479819999999946958e+03 2.052448242902755737e-01 3.760591894388198853e-02
4.481299999999946522e+03 2.030878514051437378e-01 3.627230972051620483e-02
4.482779999999946085e+03 1.946979612112045288e-01 3.667157143354415894e-02
4.484259999999945649e+03 2.016592323780059814e-01 3.779510408639907837e-02
4.485739999999945212e+03 2.361442148685455322e-01 3.892693668603897095e-02
4.487219999999944775e+03 1.696154475212097168e-01 3.801658749580383301e-02
4.488699999999944339e+03 2.369624078273773193e-01 3.782866522669792175e-02
4.490179999999943902e+03 1.977028548717498779e-01 3.677166253328323364e-02
4.491659999999943466e+03 2.165507674217224121e-01 3.767490759491920471e-02
4.493139999999943029e+03 2.433524131774902344e-01 3.830855339765548706e-02
4.494619999999942593e+03 2.540291845798492432e-01 3.781639784574508667e-02
4.496099999999942156e+03 1.794908344745635986e-01 3.656582906842231750e-02
4.497579999999941720e+03 1.771860271692276001e-01 3.736399859189987183e-02
4.499059999999941283e+03 2.099150121212005615e-01 3.800459951162338257e-02
4.500539999999940846e+03 1.888880729675292969e-01 3.756650909781455994e-02
4.502019999999940410e+03 2.571134567260742188e-01 3.836405649781227112e-02
4.503499999999939973e+03 1.743579953908920288e-01 3.772994875907897949e-02
4.504979999999939537e+03 2.040073573589324951e-01 3.872970119118690491e-02
4.506459999999939100e+03 2.302653491497039795e-01 3.892826288938522339e-02
4.507939999999938664e+03 1.841930747032165527e-01 3.782892972230911255e-02
4.509419999999938227e+03 1.727571636438369751e-01 3.762121871113777161e-02
4.510899999999937791e+03 1.832788586616516113e-01 3.804652392864227295e-02
4.512379999999937354e+03 2.323755323886871338e-01 3.811182081699371338e-02
4.513859999999936917e+03 2.314729988574981689e-01 3.782524541020393372e-02
4.515339999999936481e+03 2.254808545112609863e-01 3.759379684925079346e-02
4.516819999999936044e+03 1.817734837532043457e-01 3.677359595894813538e-02
4.518299999999935608e+03 1.982321143150329590e-01 3.709696233272552490e-02
4.519779999999935171e+03 2.932400405406951904e-01 3.854228928685188293e-02
4.521259999999934735e+03 1.407255083322525024e-01 3.654278814792633057e-02
4.522739999999934298e+03 1.768058687448501587e-01 3.695816174149513245e-02
4.524219999999933862e+03 1.814060211181640625e-01 3.651436418294906616e-02
4.525699999999933425e+03 2.194694429636001587e-01 3.649635985493659973e-02
4.527179999999932988e+03 2.208785712718963623e-01 3.577141463756561279e-02
4.528659999999932552e+03 2.179513126611709595e-01 3.527844324707984924e-02
4.530139999999932115e+03 1.774877309799194336e-01 3.480472043156623840e-02
4.531619999999931679e+03 1.980064809322357178e-01 3.571112453937530518e-02
4.533099999999931242e+03 1.783379912376403809e-01 3.550124913454055786e-02
4.534579999999930806e+03 2.344311028718948364e-01 3.591066598892211914e-02
4.536059999999930369e+03 2.631675004959106445e-01 3.658054769039154053e-02
4.537539999999929933e+03 2.948997020721435547e-01 3.824583441019058228e-02
4.539019999999929496e+03 1.831941306591033936e-01 3.696084022521972656e-02
4.540499999999929059e+03 2.225548326969146729e-01 3.693659231066703796e-02
4.541979999999928623e+03 2.551099359989166260e-01 3.724027052521705627e-02
4.543459999999928186e+03 2.064109146595001221e-01 3.679710626602172852e-02
4.544939999999927750e+03 2.783329486846923828e-01 3.761950880289077759e-02
4.546419999999927313e+03 2.336948662996292114e-01 3.652369230985641479e-02
4.547899999999926877e+03 2.363813519477844238e-01 3.634740039706230164e-02
4.549379999999926440e+03 2.005418688058853149e-01 3.547016158699989319e-02
4.550859999999926004e+03 2.403616607189178467e-01 3.601031377911567688e-02
4.552339999999925567e+03 1.775919497013092041e-01 3.563775494694709778e-02
4.553819999999925130e+03 1.814452260732650757e-01 3.555671870708465576e-02
4.555299999999924694e+03 1.899817883968353271e-01 3.524296730756759644e-02
4.556779999999924257e+03 2.366625964641571045e-01 3.632991760969161987e-02
4.558259999999923821e+03 1.652903109788894653e-01 3.597134351730346680e-02
4.559739999999923384e+03 2.867594361305236816e-01 3.761001303791999817e-02
4.561219999999922948e+03 2.787924408912658691e-01 3.790751099586486816e-02
4.562699999999922511e+03 1.413742303848266602e-01 3.572285175323486328e-02
4.564179999999922074e+03 2.364806830883026123e-01 3.617821633815765381e-02
4.565659999999921638e+03 1.954448521137237549e-01 3.526204451918601990e-02
4.567139999999921201e+03 2.214011698961257935e-01 3.602917864918708801e-02
4.568619999999920765e+03 2.557538747787475586e-01 3.702862560749053955e-02
4.570099999999920328e+03 2.378787994384765625e-01 3.655740991234779358e-02
4.571579999999919892e+03 2.279045134782791138e-01 3.611144050955772400e-02
4.573059999999919455e+03 2.367027699947357178e-01 3.630535304546356201e-02
4.574539999999919019e+03 1.794554293155670166e-01 3.587722405791282654e-02
4.576019999999918582e+03 2.997302114963531494e-01 3.747135028243064880e-02
4.577499999999918145e+03 2.479965388774871826e-01 3.678585216403007507e-02
4.578979999999917709e+03 1.976877152919769287e-01 3.571053221821784973e-02
4.580459999999917272e+03 1.556284427642822266e-01 3.392313420772552490e-02
4.581939999999916836e+03 2.289992272853851318e-01 3.499341011047363281e-02
4.583419999999916399e+03 2.003748714923858643e-01 3.462383896112442017e-02
4.584899999999915963e+03 1.563268005847930908e-01 3.391792252659797668e-02
4.586379999999915526e+03 2.315958142280578613e-01 3.518643975257873535e-02
4.587859999999915090e+03 1.687012016773223877e-01 3.455098345875740051e-02
4.589339999999914653e+03 2.916989922523498535e-01 3.684674575924873352e-02
4.590819999999914216e+03 2.030105739831924438e-01 3.530472144484519958e-02
4.592299999999913780e+03 1.687366813421249390e-01 3.428331017494201660e-02
4.593779999999913343e+03 2.030075192451477051e-01 3.461861237883567810e-02
4.595259999999912907e+03 2.414272576570510864e-01 3.526066243648529053e-02
4.596739999999912470e+03 2.218941897153854370e-01 3.479605168104171753e-02
4.598219999999912034e+03 2.196463346481323242e-01 3.492919728159904480e-02
4.599699999999911597e+03 1.967222392559051514e-01 3.445673361420631409e-02
4.601179999999911161e+03 1.785733550786972046e-01 3.406341373920440674e-02
4.602659999999910724e+03 1.879940330982208252e-01 3.430148214101791382e-02
4.604139999999910287e+03 2.222249507904052734e-01 3.499616310000419617e-02
4.605619999999909851e+03 2.833991050720214844e-01 3.564916551113128662e-02
4.607099999999909414e+03 1.969342827796936035e-01 3.460370749235153198e-02
4.608579999999908978e+03 2.326531410217285156e-01 3.561221808195114136e-02
4.610059999999908541e+03 1.835662424564361572e-01 3.495555743575096130e-02
4.611539999999908105e+03 2.195938527584075928e-01 3.506301343441009521e-02
4.613019999999907668e+03 2.324567139148712158e-01 3.486511856317520142e-02
4.614499999999907232e+03 1.659919917583465576e-01 3.417393937706947327e-02
4.615979999999906795e+03 2.210756540298461914e-01 3.485801443457603455e-02
4.617459999999906358e+03 1.794132441282272339e-01 3.443700820207595825e-02
4.618939999999905922e+03 1.713479012250900269e-01 3.371570631861686707e-02
4.620419999999905485e+03 1.719011664390563965e-01 3.397203609347343445e-02
4.621899999999905049e+03 2.011278569698333740e-01 3.464999422430992126e-02
4.623379999999904612e+03 1.715260446071624756e-01 3.404175490140914917e-02
4.624859999999904176e+03 2.414387166500091553e-01 3.482427075505256653e-02
4.626339999999903739e+03 2.138795256614685059e-01 3.441743925213813782e-02
4.627819999999903303e+03 2.694129347801208496e-01 3.533813729882240295e-02
4.629299999999902866e+03 1.921312212944030762e-01 3.413226082921028137e-02
4.630779999999902429e+03 1.653020530939102173e-01 3.355034068226814270e-02
4.632259999999901993e+03 1.841264665126800537e-01 3.392127901315689087e-02
4.633739999999901556e+03 1.881680190563201904e-01 3.366803750395774841e-02
4.635219999999901120e+03 2.120719850063323975e-01 3.403604775667190552e-02
4.636699999999900683e+03 2.637269496917724609e-01 3.439690917730331421e-02
4.638179999999900247e+03 1.469468772411346436e-01 3.225203230977058411e-02
4.639659999999899810e+03 1.461491435766220093e-01 3.219941630959510803e-02
4.641139999999899374e+03 1.660023927688598633e-01 3.274586424231529236e-02
4.642619999999898937e+03 2.086930871009826660e-01 3.362121060490608215e-02
4.644099999999898500e+03 2.300542593002319336e-01 3.368188440799713135e-02
4.645579999999898064e+03 2.002288103103637695e-01 3.256158903241157532e-02
4.647059999999897627e+03 1.898104995489120483e-01 3.195675089955329895e-02
4.648539999999897191e+03 2.026185691356658936e-01 3.212826699018478394e-02
4.650019999999896754e+03 2.431308031082153320e-01 3.317717835307121277e-02
4.651499999999896318e+03 2.323821187019348145e-01 3.343924507498741150e-02
4.652979999999895881e+03 2.629358470439910889e-01 3.397483378648757935e-02
4.654459999999895444e+03 2.391714751720428467e-01 3.323765471577644348e-02
4.655939999999895008e+03 2.371740341186523438e-01 3.266453370451927185e-02
4.657419999999894571e+03 2.053155004978179932e-01 3.266578167676925659e-02
4.658899999999894135e+03 2.766040861606597900e-01 3.412444889545440674e-02
4.660379999999893698e+03 2.177385091781616211e-01 3.333120048046112061e-02
4.661859999999893262e+03 1.735302358865737915e-01 3.238629177212715149e-02
4.663339999999892825e+03 1.749907433986663818e-01 3.202046826481819153e-02
4.664819999999892389e+03 1.867879331111907959e-01 3.203583881258964539e-02
4.666299999999891952e+03 1.883498430252075195e-01 3.089981712400913239e-02
4.667779999999891515e+03 2.077631056308746338e-01 3.056764416396617889e-02
4.669259999999891079e+03 1.880477070808410645e-01 3.071799688041210175e-02
4.670739999999890642e+03 1.633961796760559082e-01 3.147488087415695190e-02
4.672219999999890206e+03 2.039898931980133057e-01 3.204743564128875732e-02
4.673699999999889769e+03 2.184886932373046875e-01 3.217557072639465332e-02
4.675179999999889333e+03 1.874008476734161377e-01 3.179184719920158386e-02
4.676659999999888896e+03 1.553334593772888184e-01 3.163836151361465454e-02
4.678139999999888460e+03 2.273120880126953125e-01 3.220997750759124756e-02
4.679619999999888023e+03 1.864607781171798706e-01 3.119648993015289307e-02
4.681099999999887586e+03 2.083416879177093506e-01 3.127500414848327637e-02
4.682579999999887150e+03 1.452564448118209839e-01 3.064904361963272095e-02
4.684059999999886713e+03 2.187974601984024048e-01 3.208868950605392456e-02
4.685539999999886277e+03 1.763573586940765381e-01 3.148246556520462036e-02
4.687019999999885840e+03 2.032577395439147949e-01 3.165233507752418518e-02
4.688499999999885404e+03 2.182758301496505737e-01 3.179696574807167053e-02
4.689979999999884967e+03 2.174245417118072510e-01 3.165316209197044373e-02
4.691459999999884531e+03 2.084290385246276855e-01 3.128533437848091125e-02
4.692939999999884094e+03 1.824016869068145752e-01 3.109058178961277008e-02
4.694419999999883657e+03 1.607719361782073975e-01 3.107364661991596222e-02
4.695899999999883221e+03 2.116143107414245605e-01 3.178252652287483215e-02
4.697379999999882784e+03 2.226079702377319336e-01 3.159577399492263794e-02
4.698859999999882348e+03 2.599321901798248291e-01 3.163327276706695557e-02
4.700339999999881911e+03 2.242807745933532715e-01 3.085740469396114349e-02
4.701819999999881475e+03 1.948900073766708374e-01 3.043004497885704041e-02
4.703299999999881038e+03 1.788704097270965576e-01 2.967873401939868927e-02
4.704779999999880602e+03 2.111260145902633667e-01 3.060481511056423187e-02
4.706259999999880165e+03 1.797061860561370850e-01 3.045358136296272278e-02
4.707739999999879728e+03 1.940835267305374146e-01 3.031559661030769348e-02
4.709219999999879292e+03 1.959358602762222290e-01 3.008438274264335632e-02
4.710699999999878855e+03 1.882884949445724487e-01 3.049702569842338562e-02
4.712179999999878419e+03 1.978412866592407227e-01 3.099069744348526001e-02
4.713659999999877982e+03 2.135452330112457275e-01 3.076586499810218811e-02
4.715139999999877546e+03 2.132089138031005859e-01 3.068476729094982147e-02
4.716619999999877109e+03 1.723514795303344727e-01 3.049247898161411285e-02
4.718099999999876673e+03 1.648733913898468018e-01 3.058021329343318939e-02
4.719579999999876236e+03 2.445780634880065918e-01 3.186432644724845886e-02
4.721059999999875799e+03 1.877643465995788574e-01 3.121213428676128387e-02
4.722539999999875363e+03 1.320666372776031494e-01 3.005390428006649017e-02
4.724019999999874926e+03 1.773092895746231079e-01 3.076157346367835999e-02
4.725499999999874490e+03 1.811573505401611328e-01 3.093991614878177643e-02
4.726979999999874053e+03 1.845911890268325806e-01 3.034427948296070099e-02
4.728459999999873617e+03 2.183538526296615601e-01 3.016680479049682617e-02
4.729939999999873180e+03 1.593196392059326172e-01 2.914177812635898590e-02
4.731419999999872744e+03 2.161898314952850342e-01 3.005309775471687317e-02
4.732899999999872307e+03 2.556103169918060303e-01 3.088377043604850769e-02
4.734379999999871870e+03 1.305834501981735229e-01 2.930636517703533173e-02
4.735859999999871434e+03 1.403838694095611572e-01 2.917388267815113068e-02
4.737339999999870997e+03 2.101577520370483398e-01 3.000022843480110168e-02
4.738819999999870561e+03 2.690515518188476562e-01 3.099657408893108368e-02
4.740299999999870124e+03 2.012673616409301758e-01 3.019272536039352417e-02
4.741779999999869688e+03 1.569576710462570190e-01 2.963336929678916931e-02
4.743259999999869251e+03 1.968127936124801636e-01 3.042461909353733063e-02
4.744739999999868814e+03 1.787407696247100830e-01 2.993241325020790100e-02
4.746219999999868378e+03 2.219298332929611206e-01 3.049286268651485443e-02
4.747699999999867941e+03 2.029153555631637573e-01 3.044017963111400604e-02
4.749179999999867505e+03 1.496621519327163696e-01 2.959719486534595490e-02
4.750659999999867068e+03 2.294229120016098022e-01 3.052643314003944397e-02
4.752139999999866632e+03 1.876309812068939209e-01 2.987972833216190338e-02
4.753619999999866195e+03 1.473395973443984985e-01 2.903090044856071472e-02
4.755099999999865759e+03 1.805754303932189941e-01 2.919062040746212006e-02
4.756579999999865322e+03 1.955536603927612305e-01 2.950753457844257355e-02
4.758059999999864885e+03 2.250204235315322876e-01 2.999279275536537170e-02
4.759539999999864449e+03 1.917802542448043823e-01 2.992590330541133881e-02
4.761019999999864012e+03 1.930128335952758789e-01 2.975277788937091827e-02
4.762499999999863576e+03 2.445851266384124756e-01 2.975197695195674896e-02
4.763979999999863139e+03 2.016342282295227051e-01 2.911980636417865753e-02
4.765459999999862703e+03 2.019895315170288086e-01 2.893327362835407257e-02
4.766939999999862266e+03 2.121052742004394531e-01 2.894916757941246033e-02
4.768419999999861830e+03 1.875813901424407959e-01 2.909513935446739197e-02
4.769899999999861393e+03 2.011097073554992676e-01 2.971580065786838531e-02
4.771379999999860956e+03 2.384751141071319580e-01 2.998100221157073975e-02
4.772859999999860520e+03 1.686215102672576904e-01 2.899229340255260468e-02
4.774339999999860083e+03 1.947983354330062866e-01 2.962483465671539307e-02
4.775819999999859647e+03 1.694789826869964600e-01 2.929157949984073639e-02
4.777299999999859210e+03 1.938557028770446777e-01 2.972377277910709381e-02
4.778779999999858774e+03 1.311025917530059814e-01 2.892802096903324127e-02
4.780259999999858337e+03 1.361928582191467285e-01 2.878932468593120575e-02
4.781739999999857901e+03 1.987929642200469971e-01 2.957343682646751404e-02
4.783219999999857464e+03 2.340338677167892456e-01 2.980563789606094360e-02
4.784699999999857027e+03 1.863243281841278076e-01 2.895093895494937897e-02
4.786179999999856591e+03 2.626382410526275635e-01 2.974311448633670807e-02
4.787659999999856154e+03 1.862795352935791016e-01 2.871602214872837067e-02
4.789139999999855718e+03 1.283427774906158447e-01 2.785958163440227509e-02
4.790619999999855281e+03 1.810445040464401245e-01 2.859072946012020111e-02
4.792099999999854845e+03 2.482355237007141113e-01 2.967429719865322113e-02
4.793579999999854408e+03 2.125190794467926025e-01 2.946294099092483521e-02
4.795059999999853972e+03 2.135020196437835693e-01 2.974227257072925568e-02
4.796539999999853535e+03 2.058880031108856201e-01 2.951383963227272034e-02
4.798019999999853098e+03 1.858315169811248779e-01 2.896793931722640991e-02
4.799499999999852662e+03 1.530962139368057251e-01 2.802908606827259064e-02
4.800979999999852225e+03 2.269445955753326416e-01 2.912039123475551605e-02
4.802459999999851789e+03 1.731550395488739014e-01 2.858746424317359924e-02
4.803939999999851352e+03 1.816907227039337158e-01 2.866346389055252075e-02
4.805419999999850916e+03 2.116635590791702271e-01 2.896783128380775452e-02
4.806899999999850479e+03 1.809489130973815918e-01 2.837600000202655792e-02
4.808379999999850043e+03 1.612259298563003540e-01 2.793362736701965332e-02
4.809859999999849606e+03 1.916938871145248413e-01 2.850040234625339508e-02
4.811339999999849169e+03 1.679365485906600952e-01 2.833934500813484192e-02
4.812819999999848733e+03 2.006781697273254395e-01 2.885622531175613403e-02
4.814299999999848296e+03 1.368767917156219482e-01 2.798677980899810791e-02
4.815779999999847860e+03 1.748205125331878662e-01 2.837005630135536194e-02
4.817259999999847423e+03 1.551522910594940186e-01 2.834618091583251953e-02
4.818739999999846987e+03 2.210274636745452881e-01 2.921081334352493286e-02
4.820219999999846550e+03 2.013616561889648438e-01 2.882913127541542053e-02
4.821699999999846113e+03 1.890934854745864868e-01 2.829464152455329895e-02
4.823179999999845677e+03 2.501294612884521484e-01 2.885422669351100922e-02
4.824659999999845240e+03 2.053583264350891113e-01 2.831801027059555054e-02
4.826139999999844804e+03 2.032524049282073975e-01 2.854579314589500427e-02
4.827619999999844367e+03 1.573021113872528076e-01 2.782276086509227753e-02
4.829099999999843931e+03 2.190859019756317139e-01 2.851574122905731201e-02
4.830579999999843494e+03 1.826537549495697021e-01 2.793187461793422699e-02
4.832059999999843058e+03 2.018397450447082520e-01 2.803642302751541138e-02
4.833539999999842621e+03 2.051912695169448853e-01 2.806755900382995605e-02
4.835019999999842184e+03 2.040169537067413330e-01 2.834036014974117279e-02
4.836499999999841748e+03 1.424818783998489380e-01 2.754430845379829407e-02
4.837979999999841311e+03 2.469172477722167969e-01 2.844402566552162170e-02
4.839459999999840875e+03 2.301248610019683838e-01 2.801917679607868195e-02
4.840939999999840438e+03 2.008748203516006470e-01 2.757341787219047546e-02
4.842419999999840002e+03 1.969122588634490967e-01 2.759837731719017029e-02
4.843899999999839565e+03 2.073822617530822754e-01 2.765289135277271271e-02
4.845379999999839129e+03 1.800672411918640137e-01 2.754797600209712982e-02
4.846859999999838692e+03 1.843507587909698486e-01 2.748030796647071838e-02
4.848339999999838255e+03 2.059224694967269897e-01 2.762178145349025726e-02
4.849819999999837819e+03 2.248360663652420044e-01 2.776893787086009979e-02
4.851299999999837382e+03 2.079399824142456055e-01 2.764903753995895386e-02
4.852779999999836946e+03 1.976386159658432007e-01 2.739060670137405396e-02
4.854259999999836509e+03 1.710456162691116333e-01 2.647811174392700195e-02
4.855739999999836073e+03 1.976541876792907715e-01 2.638033404946327209e-02
4.857219999999835636e+03 1.908962726593017578e-01 2.617166005074977875e-02
4.858699999999835200e+03 1.882980763912200928e-01 2.552590146660804749e-02
4.860179999999834763e+03 2.209621965885162354e-01 2.451934106647968292e-02
4.861659999999834326e+03 1.740356087684631348e-01 2.291289903223514557e-02
4.863139999999833890e+03 2.311675548553466797e-01 2.500073611736297607e-02
4.864619999999833453e+03 2.607859969139099121e-01 2.649139054119586945e-02
4.866099999999833017e+03 1.750844866037368774e-01 2.587463706731796265e-02
4.867579999999832580e+03 2.796939611434936523e-01 2.760996669530868530e-02
4.869059999999832144e+03 2.331533730030059814e-01 2.698477730154991150e-02
4.870539999999831707e+03 2.059224992990493774e-01 2.611613646149635315e-02
4.872019999999831271e+03 1.514760255813598633e-01 2.464716695249080658e-02
4.873499999999830834e+03 1.648652851581573486e-01 2.549155429005622864e-02
4.874979999999830397e+03 1.858378052711486816e-01 2.640142850577831268e-02
4.876459999999829961e+03 1.298212707042694092e-01 2.558282576501369476e-02
4.877939999999829524e+03 2.220980226993560791e-01 2.674690634012222290e-02
4.879419999999829088e+03 1.669495701789855957e-01 2.648861519992351532e-02
4.880899999999828651e+03 1.979038119316101074e-01 2.705030515789985657e-02
4.882379999999828215e+03 2.137270122766494751e-01 2.685173228383064270e-02
4.883859999999827778e+03 1.592694371938705444e-01 2.614484354853630066e-02
4.885339999999827342e+03 2.093816399574279785e-01 2.631815336644649506e-02
4.886819999999826905e+03 1.875353902578353882e-01 2.583628334105014801e-02
4.888299999999826468e+03 1.784486174583435059e-01 2.576738223433494568e-02
4.889779999999826032e+03 1.870588660240173340e-01 2.558473497629165649e-02
4.891259999999825595e+03 2.280232012271881104e-01 2.575982362031936646e-02
4.892739999999825159e+03 1.908753067255020142e-01 2.603013068437576294e-02
4.894219999999824722e+03 1.775394082069396973e-01 2.666893787682056427e-02
4.895699999999824286e+03 2.195152044296264648e-01 2.742915973067283630e-02
4.897179999999823849e+03 1.807899475097656250e-01 2.687307260930538177e-02
4.898659999999823413e+03 1.767782866954803467e-01 2.655649930238723755e-02
4.900139999999822976e+03 1.984383165836334229e-01 2.663262002170085907e-02
4.901619999999822539e+03 2.097300440073013306e-01 2.683855779469013214e-02
4.903099999999822103e+03 1.595932841300964355e-01 2.580196224153041840e-02
4.904579999999821666e+03 2.167470157146453857e-01 2.672644332051277161e-02
4.906059999999821230e+03 2.129731923341751099e-01 2.682980336248874664e-02
4.907539999999820793e+03 1.436912566423416138e-01 2.595110982656478882e-02
4.909019999999820357e+03 1.895769536495208740e-01 2.601737715303897858e-02
4.910499999999819920e+03 1.623216569423675537e-01 2.507571503520011902e-02
4.911979999999819483e+03 1.972382068634033203e-01 2.599307708442211151e-02
4.913459999999819047e+03 1.962738633155822754e-01 2.634160406887531281e-02
4.914939999999818610e+03 1.754088550806045532e-01 2.631433121860027313e-02
4.916419999999818174e+03 1.938638687133789062e-01 2.632960863411426544e-02
4.917899999999817737e+03 1.939489543437957764e-01 2.541558071970939636e-02
4.919379999999817301e+03 1.749665737152099609e-01 2.399858087301254272e-02
4.920859999999816864e+03 1.734951734542846680e-01 2.412171848118305206e-02
4.922339999999816428e+03 1.499042809009552002e-01 2.462621405720710754e-02
4.923819999999815991e+03 1.502593457698822021e-01 2.492159605026245117e-02
4.925299999999815554e+03 1.711863875389099121e-01 2.541066147387027740e-02
4.926779999999815118e+03 1.835110187530517578e-01 2.611143514513969421e-02
4.928259999999814681e+03 4.043454825878143311e-01 2.882700227200984955e-02
4.929739999999814245e+03 8.431256413459777832e-01 3.366979211568832397e-02
4.931219999999813808e+03 4.788236618041992188e-01 2.973200753331184387e-02
4.932699999999813372e+03 1.704223752021789551e-01 2.527500689029693604e-02
4.934179999999812935e+03 1.679753959178924561e-01 2.504089847207069397e-02
4.935659999999812499e+03 1.644826531410217285e-01 2.515268325805664062e-02
4.937139999999812062e+03 1.969562619924545288e-01 2.531011775135993958e-02
4.938619999999811625e+03 1.977029144763946533e-01 2.504615485668182373e-02
4.940099999999811189e+03 1.708383262157440186e-01 2.500975318253040314e-02
4.941579999999810752e+03 1.966500133275985718e-01 2.590591646730899811e-02
4.943059999999810316e+03 1.867552399635314941e-01 2.604377456009387970e-02
4.944539999999809879e+03 1.083291396498680115e-01 2.483698353171348572e-02
4.946019999999809443e+03 2.043374478816986084e-01 2.598057501018047333e-02
4.947499999999809006e+03 1.773563623428344727e-01 2.563803084194660187e-02
4.948979999999808570e+03 1.994215101003646851e-01 2.606115676462650299e-02
4.950459999999808133e+03 2.490328848361968994e-01 2.675832435488700867e-02
4.951939999999807696e+03 2.253722995519638062e-01 2.641217224299907684e-02
4.953419999999807260e+03 1.711759567260742188e-01 2.548567764461040497e-02
4.954899999999806823e+03 1.987299025058746338e-01 2.561483904719352722e-02
4.956379999999806387e+03 1.816761344671249390e-01 2.450766600668430328e-02
4.957859999999805950e+03 1.658126711845397949e-01 2.394072897732257843e-02
4.959339999999805514e+03 2.153315544128417969e-01 2.538649179041385651e-02
4.960819999999805077e+03 1.993878781795501709e-01 2.606601640582084656e-02
4.962299999999804641e+03 2.337883412837982178e-01 2.636527456343173981e-02
4.963779999999804204e+03 2.507063746452331543e-01 2.662143856287002563e-02
4.965259999999803767e+03 2.094027400016784668e-01 2.542809769511222839e-02
4.966739999999803331e+03 1.824250668287277222e-01 2.509512752294540405e-02
4.968219999999802894e+03 2.064335942268371582e-01 2.533625811338424683e-02
4.969699999999802458e+03 2.078121900558471680e-01 2.538320794701576233e-02
4.971179999999802021e+03 2.257570028305053711e-01 2.581389434635639191e-02
4.972659999999801585e+03 2.020288705825805664e-01 2.570881508290767670e-02
4.974139999999801148e+03 1.900040507316589355e-01 2.543190494179725647e-02
4.975619999999800712e+03 2.496161311864852905e-01 2.622226066887378693e-02
4.977099999999800275e+03 2.015465795993804932e-01 2.534729242324829102e-02
4.978579999999799838e+03 2.116893231868743896e-01 2.540308050811290741e-02
4.980059999999799402e+03 2.121816426515579224e-01 2.514566108584403992e-02
4.981539999999798965e+03 1.983456164598464966e-01 2.434887550771236420e-02
4.983019999999798529e+03 2.357360720634460449e-01 2.452154085040092468e-02
4.984499999999798092e+03 2.198106944561004639e-01 2.424564212560653687e-02
4.985979999999797656e+03 2.081836313009262085e-01 2.463955059647560120e-02
4.987459999999797219e+03 2.231483161449432373e-01 2.553974464535713196e-02
4.988939999999796783e+03 2.049824893474578857e-01 2.535818144679069519e-02
4.990419999999796346e+03 1.916099488735198975e-01 2.490800619125366211e-02
4.991899999999795909e+03 2.133559286594390869e-01 2.516786567866802216e-02
4.993379999999795473e+03 1.864698380231857300e-01 2.487938478589057922e-02
4.994859999999795036e+03 1.801252961158752441e-01 2.483821474015712738e-02
4.996339999999794600e+03 2.290728688240051270e-01 2.566855400800704956e-02
4.997819999999794163e+03 2.254717051982879639e-01 2.537724748253822327e-02
4.999299999999793727e+03 2.414366304874420166e-01 2.529457584023475647e-02
5.000779999999793290e+03 2.361080646514892578e-01 2.502415515482425690e-02
5.002259999999792853e+03 2.104058861732482910e-01 2.458525635302066803e-02
5.003739999999792417e+03 2.157881110906600952e-01 2.452368475496768951e-02
5.005219999999791980e+03 2.227099984884262085e-01 2.424673363566398621e-02
5.006699999999791544e+03 2.204867750406265259e-01 2.419930696487426758e-02
5.008179999999791107e+03 1.879166513681411743e-01 2.440828084945678711e-02
5.009659999999790671e+03 2.111031711101531982e-01 2.509562857449054718e-02
5.011139999999790234e+03 2.266176044940948486e-01 2.458168193697929382e-02
5.012619999999789798e+03 2.304652035236358643e-01 2.444527670741081238e-02
5.014099999999789361e+03 2.321372330188751221e-01 2.416944503784179688e-02
5.015579999999788924e+03 2.372812926769256592e-01 2.453187666833400726e-02
5.017059999999788488e+03 2.199036031961441040e-01 2.440535649657249451e-02
5.018539999999788051e+03 1.797242760658264160e-01 2.376063354313373566e-02
5.020019999999787615e+03 2.277572453022003174e-01 2.470075152814388275e-02
5.021499999999787178e+03 2.051827907562255859e-01 2.428637444972991943e-02
5.022979999999786742e+03 1.987290233373641968e-01 2.412079647183418274e-02
5.024459999999786305e+03 2.231284976005554199e-01 2.483148127794265747e-02
5.025939999999785869e+03 2.633233070373535156e-01 2.520099096000194550e-02
5.027419999999785432e+03 2.943862676620483398e-01 2.551332302391529083e-02
5.028899999999784995e+03 3.621595501899719238e-01 2.649014256894588470e-02
5.030379999999784559e+03 2.666575908660888672e-01 2.557392418384552002e-02
5.031859999999784122e+03 1.652371287345886230e-01 2.425101585686206818e-02
5.033339999999783686e+03 2.233303785324096680e-01 2.509819716215133667e-02
5.034819999999783249e+03 2.151955664157867432e-01 2.466947212815284729e-02
5.036299999999782813e+03 2.437753081321716309e-01 2.468044497072696686e-02
5.037779999999782376e+03 2.079572677612304688e-01 2.421637810766696930e-02
5.039259999999781940e+03 2.070700526237487793e-01 2.365064620971679688e-02
5.040739999999781503e+03 2.118269205093383789e-01 2.324126288294792175e-02
5.042219999999781066e+03 2.095557451248168945e-01 2.364259399473667145e-02
5.043699999999780630e+03 2.271456420421600342e-01 2.459205128252506256e-02
5.045179999999780193e+03 2.496335804462432861e-01 2.541734278202056885e-02
5.046659999999779757e+03 2.424922883510589600e-01 2.518441341817378998e-02
5.048139999999779320e+03 1.888707280158996582e-01 2.377469651401042938e-02
5.049619999999778884e+03 1.855064779520034790e-01 2.367177046835422516e-02
5.051099999999778447e+03 1.858587414026260376e-01 2.360165864229202271e-02
5.052579999999778011e+03 2.092159986495971680e-01 2.414956502616405487e-02
5.054059999999777574e+03 1.590995192527770996e-01 2.385601587593555450e-02
5.055539999999777137e+03 2.361156940460205078e-01 2.489467523992061615e-02
5.057019999999776701e+03 2.371649146080017090e-01 2.490008622407913208e-02
5.058499999999776264e+03 2.049900293350219727e-01 2.445713058114051819e-02
5.059979999999775828e+03 1.866649389266967773e-01 2.425682544708251953e-02
5.061459999999775391e+03 2.407150268554687500e-01 2.509178221225738525e-02
5.062939999999774955e+03 2.337986230850219727e-01 2.480215206742286682e-02
5.064419999999774518e+03 1.763254106044769287e-01 2.368937432765960693e-02
5.065899999999774082e+03 2.073330879211425781e-01 2.399831451475620270e-02
5.067379999999773645e+03 2.150495946407318115e-01 2.416360192000865936e-02
5.068859999999773208e+03 2.074106633663177490e-01 2.416447736322879791e-02
5.070339999999772772e+03 2.404468059539794922e-01 2.451689355075359344e-02
5.071819999999772335e+03 2.086850404739379883e-01 2.404415234923362732e-02
5.073299999999771899e+03 2.365756481885910034e-01 2.424459345638751984e-02
5.074779999999771462e+03 3.111602067947387695e-01 2.534093521535396576e-02
5.076259999999771026e+03 6.030782461166381836e-01 2.901385352015495300e-02
5.077739999999770589e+03 6.787480711936950684e-01 2.979291044175624847e-02
5.079219999999770152e+03 4.122860431671142578e-01 2.605899050831794739e-02
5.080699999999769716e+03 2.179418206214904785e-01 2.338120527565479279e-02
5.082179999999769279e+03 2.125899493694305420e-01 2.354434691369533539e-02
5.083659999999768843e+03 2.170488983392715454e-01 2.382992580533027649e-02
5.085139999999768406e+03 1.819925606250762939e-01 2.359513007104396820e-02
5.086619999999767970e+03 2.226364314556121826e-01 2.419324964284896851e-02
5.088099999999767533e+03 2.027568221092224121e-01 2.398280240595340729e-02
5.089579999999767097e+03 1.853069663047790527e-01 2.375987544655799866e-02
5.091059999999766660e+03 2.027875185012817383e-01 2.401687763631343842e-02
5.092539999999766223e+03 2.312635183334350586e-01 2.435992471873760223e-02
5.094019999999765787e+03 1.757537126541137695e-01 2.376065403223037720e-02
5.095499999999765350e+03 1.961817443370819092e-01 2.374657802283763885e-02
5.096979999999764914e+03 2.185841500759124756e-01 2.368490397930145264e-02
5.098459999999764477e+03 2.175649106502532959e-01 2.317115850746631622e-02
5.099939999999764041e+03 2.078809142112731934e-01 2.333304844796657562e-02
5.101419999999763604e+03 2.108468711376190186e-01 2.394854649901390076e-02
5.102899999999763168e+03 2.232894897460937500e-01 2.406846173107624054e-02
5.104379999999762731e+03 2.042897343635559082e-01 2.370453439652919769e-02
5.105859999999762294e+03 2.344372570514678955e-01 2.397186495363712311e-02
5.107339999999761858e+03 2.511847615242004395e-01 2.402292378246784210e-02
5.108819999999761421e+03 1.915034651756286621e-01 2.316750027239322662e-02
5.110299999999760985e+03 2.185912132263183594e-01 2.354646101593971252e-02
5.111779999999760548e+03 2.288323491811752319e-01 2.418520301580429077e-02
5.113259999999760112e+03 2.164551317691802979e-01 2.411000989377498627e-02
5.114739999999759675e+03 2.131285220384597778e-01 2.389217913150787354e-02
5.116219999999759239e+03 2.437597215175628662e-01 2.428555116057395935e-02
5.117699999999758802e+03 2.402748465538024902e-01 2.453691512346267700e-02
5.119179999999758365e+03 2.327093482017517090e-01 2.425513043999671936e-02
5.120659999999757929e+03 2.121247947216033936e-01 2.374489977955818176e-02
5.122139999999757492e+03 2.067003846168518066e-01 2.330317534506320953e-02
5.123619999999757056e+03 2.311756759881973267e-01 2.349787391722202301e-02
5.125099999999756619e+03 2.272545099258422852e-01 2.325188741087913513e-02
5.126579999999756183e+03 2.254328727722167969e-01 2.321936003863811493e-02
5.128059999999755746e+03 2.119864821434020996e-01 2.315272390842437744e-02
5.129539999999755310e+03 2.086490690708160400e-01 2.312138304114341736e-02
5.131019999999754873e+03 2.406834363937377930e-01 2.377083338797092438e-02
5.132499999999754436e+03 2.448236346244812012e-01 2.367405593395233154e-02
5.133979999999754000e+03 1.923383474349975586e-01 2.313045226037502289e-02
5.135459999999753563e+03 2.380923628807067871e-01 2.377649955451488495e-02
5.136939999999753127e+03 2.124116122722625732e-01 2.293419279158115387e-02
5.138419999999752690e+03 2.132022380828857422e-01 2.265862189233303070e-02
5.139899999999752254e+03 2.044136226177215576e-01 2.269920706748962402e-02
5.141379999999751817e+03 2.039220035076141357e-01 2.270912751555442810e-02
5.142859999999751381e+03 2.265195846557617188e-01 2.308971248567104340e-02
5.144339999999750944e+03 1.899558901786804199e-01 2.285617031157016754e-02
5.145819999999750507e+03 2.287515252828598022e-01 2.324815467000007629e-02
5.147299999999750071e+03 2.117910832166671753e-01 2.285991795361042023e-02
5.148779999999749634e+03 2.233228087425231934e-01 2.312277257442474365e-02
5.150259999999749198e+03 2.430308163166046143e-01 2.343443594872951508e-02
5.151739999999748761e+03 2.263200283050537109e-01 2.311716414988040924e-02
5.153219999999748325e+03 2.049537301063537598e-01 2.278951182961463928e-02
5.154699999999747888e+03 2.226219624280929565e-01 2.325065806508064270e-02
5.156179999999747452e+03 1.985836923122406006e-01 2.297320961952209473e-02
5.157659999999747015e+03 2.188768982887268066e-01 2.331487834453582764e-02
5.159139999999746578e+03 2.266623377799987793e-01 2.363864704966545105e-02
5.160619999999746142e+03 2.287531197071075439e-01 2.331165038049221039e-02
5.162099999999745705e+03 1.776987612247467041e-01 2.231434918940067291e-02
5.163579999999745269e+03 2.209572792053222656e-01 2.261902019381523132e-02
5.165059999999744832e+03 2.381300032138824463e-01 2.243794314563274384e-02
5.166539999999744396e+03 2.201554626226425171e-01 2.107287384569644928e-02
5.168019999999743959e+03 2.205168008804321289e-01 2.097435854375362396e-02
5.169499999999743522e+03 2.151107788085937500e-01 2.163092046976089478e-02
5.170979999999743086e+03 1.980101466178894043e-01 2.103336900472640991e-02
5.172459999999742649e+03 1.983733475208282471e-01 2.026149816811084747e-02
5.173939999999742213e+03 2.333991527557373047e-01 2.174984477460384369e-02
5.175419999999741776e+03 2.386747598648071289e-01 2.292439900338649750e-02
5.176899999999741340e+03 1.984356641769409180e-01 2.287632972002029419e-02
5.178379999999740903e+03 2.122354954481124878e-01 2.306233905255794525e-02
5.179859999999740467e+03 2.192486226558685303e-01 2.304169908165931702e-02
5.181339999999740030e+03 2.195892035961151123e-01 2.202059514820575714e-02
5.182819999999739593e+03 2.039445191621780396e-01 2.014826610684394836e-02
5.184299999999739157e+03 2.025903761386871338e-01 2.031560987234115601e-02
5.185779999999738720e+03 2.248026728630065918e-01 2.226841822266578674e-02
5.187259999999738284e+03 2.326588034629821777e-01 2.279718033969402313e-02
5.188739999999737847e+03 1.976916193962097168e-01 2.235795743763446808e-02
5.190219999999737411e+03 2.119473367929458618e-01 2.251360565423965454e-02
5.191699999999736974e+03 2.272991240024566650e-01 2.210515737533569336e-02
5.193179999999736538e+03 1.854613572359085083e-01 2.180155925452709198e-02
5.194659999999736101e+03 1.629773080348968506e-01 2.166249789297580719e-02
5.196139999999735664e+03 2.150194644927978516e-01 2.238145470619201660e-02
5.197619999999735228e+03 2.043328583240509033e-01 2.262485772371292114e-02
5.199099999999734791e+03 1.935313791036605835e-01 2.269798517227172852e-02
5.200579999999734355e+03 1.873551309108734131e-01 2.259145304560661316e-02
5.202059999999733918e+03 2.335197925567626953e-01 2.300960943102836609e-02
5.203539999999733482e+03 2.376344501972198486e-01 2.279295027256011963e-02
5.205019999999733045e+03 2.163135111331939697e-01 2.224122360348701477e-02
5.206499999999732609e+03 2.224834859371185303e-01 2.208844572305679321e-02
5.207979999999732172e+03 2.009193748235702515e-01 2.193148806691169739e-02
5.209459999999731735e+03 2.151177078485488892e-01 2.243418432772159576e-02
5.210939999999731299e+03 2.400004863739013672e-01 2.306339144706726074e-02
5.212419999999730862e+03 2.179279327392578125e-01 2.300453372299671173e-02
5.213899999999730426e+03 1.828461587429046631e-01 2.216181345283985138e-02
5.215379999999729989e+03 1.600455343723297119e-01 2.150682546198368073e-02
5.216859999999729553e+03 1.951016783714294434e-01 2.183787897229194641e-02
5.218339999999729116e+03 2.055486291646957397e-01 2.245691977441310883e-02
5.219819999999728680e+03 2.174790799617767334e-01 2.301829867064952850e-02
5.221299999999728243e+03 1.994753032922744751e-01 2.264847606420516968e-02
5.222779999999727806e+03 1.768494695425033569e-01 2.226175554096698761e-02
5.224259999999727370e+03 2.268911004066467285e-01 2.242735959589481354e-02
5.225739999999726933e+03 1.782728880643844604e-01 2.102575264871120453e-02
5.227219999999726497e+03 1.467216163873672485e-01 2.044091001152992249e-02
5.228699999999726060e+03 1.881933063268661499e-01 2.167813107371330261e-02
5.230179999999725624e+03 2.096994966268539429e-01 2.244227565824985504e-02
5.231659999999725187e+03 2.221204191446304321e-01 2.231604419648647308e-02
5.233139999999724751e+03 2.242093980312347412e-01 2.213519625365734100e-02
5.234619999999724314e+03 2.332703173160552979e-01 2.239364199340343475e-02
5.236099999999723877e+03 2.044405043125152588e-01 2.241357229650020599e-02
5.237579999999723441e+03 1.771202981472015381e-01 2.232111804187297821e-02
5.239059999999723004e+03 2.032580226659774780e-01 2.258178032934665680e-02
5.240539999999722568e+03 1.949534714221954346e-01 2.244359068572521210e-02
5.242019999999722131e+03 1.991723924875259399e-01 2.232833765447139740e-02
5.243499999999721695e+03 1.942145526409149170e-01 2.229245565831661224e-02
5.244979999999721258e+03 2.260547578334808350e-01 2.279698103666305542e-02
5.246459999999720822e+03 1.775886118412017822e-01 2.196347899734973907e-02
5.247939999999720385e+03 2.330950498580932617e-01 2.256479114294052124e-02
5.249419999999719948e+03 2.014888525009155273e-01 2.219689637422561646e-02
5.250899999999719512e+03 2.219951599836349487e-01 2.235951460897922516e-02
5.252379999999719075e+03 2.047683447599411011e-01 2.223444171249866486e-02
5.253859999999718639e+03 2.156370431184768677e-01 2.221732959151268005e-02
5.255339999999718202e+03 1.976146697998046875e-01 2.214321121573448181e-02
5.256819999999717766e+03 1.800250560045242310e-01 2.214875072240829468e-02
5.258299999999717329e+03 1.807263344526290894e-01 2.220000699162483215e-02
5.259779999999716892e+03 1.738438457250595093e-01 2.192353270947933197e-02
5.261259999999716456e+03 2.133489847183227539e-01 2.200105041265487671e-02
5.262739999999716019e+03 2.336431443691253662e-01 2.178186550736427307e-02
5.264219999999715583e+03 2.187317311763763428e-01 2.109156735241413116e-02
5.265699999999715146e+03 1.965073794126510620e-01 2.084605582058429718e-02
5.267179999999714710e+03 2.034384608268737793e-01 2.116005867719650269e-02
5.268659999999714273e+03 2.079397588968276978e-01 2.091689407825469971e-02
5.270139999999713837e+03 2.086956799030303955e-01 2.082889154553413391e-02
5.271619999999713400e+03 2.518914043903350830e-01 2.204724960029125214e-02
5.273099999999712963e+03 2.040552794933319092e-01 2.182651311159133911e-02
5.274579999999712527e+03 2.319654971361160278e-01 2.197089418768882751e-02
5.276059999999712090e+03 1.692276448011398315e-01 2.125706151127815247e-02
5.277539999999711654e+03 2.234003245830535889e-01 2.252369374036788940e-02
5.279019999999711217e+03 1.971202939748764038e-01 2.215455099940299988e-02
5.280499999999710781e+03 1.954173445701599121e-01 2.184462361037731171e-02
5.281979999999710344e+03 1.795506477355957031e-01 2.132450044155120850e-02
5.283459999999709908e+03 2.230027616024017334e-01 2.180507034063339233e-02
5.284939999999709471e+03 2.059659361839294434e-01 2.194086462259292603e-02
5.286419999999709034e+03 1.740090101957321167e-01 2.190999872982501984e-02
5.287899999999708598e+03 2.340784668922424316e-01 2.280536107718944550e-02
5.289379999999708161e+03 2.091952711343765259e-01 2.248443476855754852e-02
5.290859999999707725e+03 2.435694336891174316e-01 2.281133830547332764e-02
5.292339999999707288e+03 2.502399086952209473e-01 2.284482866525650024e-02
5.293819999999706852e+03 1.937556713819503784e-01 2.203902415931224823e-02
5.295299999999706415e+03 2.242281436920166016e-01 2.223233506083488464e-02
5.296779999999705979e+03 2.183355838060379028e-01 2.168261632323265076e-02
5.298259999999705542e+03 2.006635665893554688e-01 2.144737355411052704e-02
5.299739999999705105e+03 1.738434880971908569e-01 2.143160626292228699e-02
5.301219999999704669e+03 2.005125582218170166e-01 2.181654423475265503e-02
5.302699999999704232e+03 2.306652665138244629e-01 2.229865267872810364e-02
5.304179999999703796e+03 2.187646776437759399e-01 2.244579978287220001e-02
5.305659999999703359e+03 1.959129273891448975e-01 2.200815081596374512e-02
5.307139999999702923e+03 1.971833407878875732e-01 2.189943753182888031e-02
5.308619999999702486e+03 1.944180130958557129e-01 2.207726053893566132e-02
5.310099999999702050e+03 1.577107459306716919e-01 2.157569490373134613e-02
5.311579999999701613e+03 1.975797861814498901e-01 2.205853164196014404e-02
5.313059999999701176e+03 1.872813552618026733e-01 2.189789898693561554e-02
5.314539999999700740e+03 2.058070898056030273e-01 2.200470305979251862e-02
5.316019999999700303e+03 2.559270262718200684e-01 2.253477461636066437e-02
5.317499999999699867e+03 2.524741888046264648e-01 2.254072763025760651e-02
5.318979999999699430e+03 2.030628919601440430e-01 2.204272523522377014e-02
5.320459999999698994e+03 1.911344230175018311e-01 2.179413102567195892e-02
5.321939999999698557e+03 2.259337007999420166e-01 2.208626084029674530e-02
5.323419999999698121e+03 2.013640999794006348e-01 2.146190404891967773e-02
5.324899999999697684e+03 1.999057531356811523e-01 2.133816294372081757e-02
5.326379999999697247e+03 2.172420322895050049e-01 2.139856480062007904e-02
5.327859999999696811e+03 2.137634456157684326e-01 2.064436115324497223e-02
5.329339999999696374e+03 2.140299379825592041e-01 2.106071449816226959e-02
5.330819999999695938e+03 2.460832595825195312e-01 2.224815636873245239e-02
5.332299999999695501e+03 2.432552278041839600e-01 2.227197401225566864e-02
5.333779999999695065e+03 2.031670808792114258e-01 2.172870375216007233e-02
5.335259999999694628e+03 1.988960504531860352e-01 2.192692458629608154e-02
5.336739999999694192e+03 1.546614468097686768e-01 2.121289633214473724e-02
5.338219999999693755e+03 2.154611498117446899e-01 2.182093635201454163e-02
5.339699999999693318e+03 1.924403011798858643e-01 2.112239412963390350e-02
5.341179999999692882e+03 1.894529759883880615e-01 2.117544785141944885e-02
5.342659999999692445e+03 1.988311409950256348e-01 2.155613899230957031e-02
5.344139999999692009e+03 1.736106425523757935e-01 2.126694843173027039e-02
5.345619999999691572e+03 2.145654112100601196e-01 2.175115421414375305e-02
5.347099999999691136e+03 2.124539315700531006e-01 2.152755111455917358e-02
5.348579999999690699e+03 2.046555578708648682e-01 2.142505906522274017e-02
5.350059999999690262e+03 2.041219174861907959e-01 2.158429287374019623e-02
5.351539999999689826e+03 1.793657243251800537e-01 2.129929512739181519e-02
5.353019999999689389e+03 2.071927785873413086e-01 2.186213433742523193e-02
5.354499999999688953e+03 2.099994122982025146e-01 2.198502607643604279e-02
5.355979999999688516e+03 2.370684891939163208e-01 2.240577898919582367e-02
5.357459999999688080e+03 2.022130489349365234e-01 2.197884581983089447e-02
5.358939999999687643e+03 2.395372688770294189e-01 2.242806926369667053e-02
5.360419999999687207e+03 2.178988456726074219e-01 2.203424088656902313e-02
5.361899999999686770e+03 2.238907516002655029e-01 2.188447304069995880e-02
5.363379999999686333e+03 2.319470047950744629e-01 2.177592366933822632e-02
5.364859999999685897e+03 2.287416607141494751e-01 2.153916098177433014e-02
5.366339999999685460e+03 2.274272143840789795e-01 2.167335152626037598e-02
5.367819999999685024e+03 2.166440039873123169e-01 2.133394405245780945e-02
5.369299999999684587e+03 2.384725511074066162e-01 2.131803333759307861e-02
5.370779999999684151e+03 2.252767384052276611e-01 2.107544429600238800e-02
5.372259999999683714e+03 2.363848984241485596e-01 2.148291282355785370e-02
5.373739999999683278e+03 2.150452435016632080e-01 2.173473499715328217e-02
5.375219999999682841e+03 1.891713738441467285e-01 2.145396173000335693e-02
5.376699999999682404e+03 1.897183954715728760e-01 2.144465409219264984e-02
5.378179999999681968e+03 2.106964290142059326e-01 2.167304791510105133e-02
5.379659999999681531e+03 2.179240733385086060e-01 2.168329060077667236e-02
5.381139999999681095e+03 2.215102761983871460e-01 2.159933745861053467e-02
5.382619999999680658e+03 2.139335423707962036e-01 2.139198966324329376e-02
5.384099999999680222e+03 2.297526746988296509e-01 2.171735092997550964e-02
5.385579999999679785e+03 2.103014141321182251e-01 2.156975306570529938e-02
5.387059999999679349e+03 1.953668892383575439e-01 2.129521965980529785e-02
5.388539999999678912e+03 2.454693317413330078e-01 2.191714197397232056e-02
5.390019999999678475e+03 2.271511256694793701e-01 2.141681127250194550e-02
5.391499999999678039e+03 2.122774273157119751e-01 2.122859284281730652e-02
5.392979999999677602e+03 1.935925185680389404e-01 2.089083567261695862e-02
5.394459999999677166e+03 2.047334164381027222e-01 2.107173576951026917e-02
5.395939999999676729e+03 2.103297412395477295e-01 2.111051045358181000e-02
5.397419999999676293e+03 1.548520028591156006e-01 2.009981125593185425e-02
5.398899999999675856e+03 2.088865339756011963e-01 2.105617150664329529e-02
5.400379999999675420e+03 2.293086647987365723e-01 2.154061570763587952e-02
5.401859999999674983e+03 2.282449901103973389e-01 2.146462537348270416e-02
5.403339999999674546e+03 1.920884847640991211e-01 2.054073475301265717e-02
5.404819999999674110e+03 1.830926090478897095e-01 2.003000676631927490e-02
5.406299999999673673e+03 2.005972862243652344e-01 2.056303992867469788e-02
5.407779999999673237e+03 2.142482399940490723e-01 2.102889120578765869e-02
5.409259999999672800e+03 2.047858834266662598e-01 2.084572799503803253e-02
5.410739999999672364e+03 2.124366164207458496e-01 2.102542854845523834e-02
5.412219999999671927e+03 2.360432893037796021e-01 2.146671339869499207e-02
5.413699999999671491e+03 2.077174782752990723e-01 2.105090022087097168e-02
5.415179999999671054e+03 1.888534724712371826e-01 2.074386365711688995e-02
5.416659999999670617e+03 1.947908103466033936e-01 2.088819444179534912e-02
5.418139999999670181e+03 2.213784158229827881e-01 2.154473587870597839e-02
5.419619999999669744e+03 2.260773777961730957e-01 2.146838419139385223e-02
5.421099999999669308e+03 2.089196741580963135e-01 2.117415703833103180e-02
5.422579999999668871e+03 1.666008383035659790e-01 2.035281993448734283e-02
5.424059999999668435e+03 2.027964293956756592e-01 2.072755992412567139e-02
5.425539999999667998e+03 1.895571649074554443e-01 2.087407559156417847e-02
5.427019999999667561e+03 2.039731442928314209e-01 2.131474018096923828e-02
5.428499999999667125e+03 2.201260179281234741e-01 2.103877440094947815e-02
5.429979999999666688e+03 2.191881239414215088e-01 2.083332836627960205e-02
5.431459999999666252e+03 2.078493088483810425e-01 2.101159654557704926e-02
5.432939999999665815e+03 2.209268212318420410e-01 2.106463164091110229e-02
5.434419999999665379e+03 2.082481384277343750e-01 2.071634680032730103e-02
5.435899999999664942e+03 1.888637244701385498e-01 2.057878859341144562e-02
5.437379999999664506e+03 2.143800109624862671e-01 2.122762612998485565e-02
5.438859999999664069e+03 2.175119221210479736e-01 2.139476872980594635e-02
5.440339999999663632e+03 2.250323891639709473e-01 2.160900831222534180e-02
5.441819999999663196e+03 1.799276024103164673e-01 2.090501599013805389e-02
5.443299999999662759e+03 1.870870739221572876e-01 2.084106020629405975e-02
5.444779999999662323e+03 1.787518560886383057e-01 2.044228464365005493e-02
5.446259999999661886e+03 1.556474715471267700e-01 1.967637799680233002e-02
5.447739999999661450e+03 1.953317821025848389e-01 2.059700340032577515e-02
5.449219999999661013e+03 1.836124360561370850e-01 2.085801027715206146e-02
5.450699999999660577e+03 2.399117052555084229e-01 2.168364264070987701e-02
5.452179999999660140e+03 1.826416552066802979e-01 2.097090519964694977e-02
5.453659999999659703e+03 1.967241615056991577e-01 2.068041078746318817e-02
5.455139999999659267e+03 2.150817811489105225e-01 2.067911252379417419e-02
5.456619999999658830e+03 1.904466152191162109e-01 2.049452997744083405e-02
5.458099999999658394e+03 1.892549842596054077e-01 2.098340727388858795e-02
5.459579999999657957e+03 2.319397330284118652e-01 2.160054259002208710e-02
5.461059999999657521e+03 2.308125048875808716e-01 2.132477052509784698e-02
5.462539999999657084e+03 2.165921628475189209e-01 2.068043872714042664e-02
5.464019999999656648e+03 2.094802260398864746e-01 2.060383744537830353e-02
5.465499999999656211e+03 2.059001922607421875e-01 2.082865126430988312e-02
5.466979999999655774e+03 1.963648796081542969e-01 2.079494670033454895e-02
5.468459999999655338e+03 1.964086890220642090e-01 2.077008411288261414e-02
5.469939999999654901e+03 2.491773664951324463e-01 2.152303606271743774e-02
5.471419999999654465e+03 2.302339226007461548e-01 2.115134708583354950e-02
5.472899999999654028e+03 1.757910549640655518e-01 2.029546722769737244e-02
5.474379999999653592e+03 1.770129203796386719e-01 2.015172503888607025e-02
5.475859999999653155e+03 1.942485570907592773e-01 2.007218264043331146e-02
5.477339999999652719e+03 2.309354543685913086e-01 2.054899372160434723e-02
5.478819999999652282e+03 2.035547196865081787e-01 2.055318094789981842e-02
5.480299999999651845e+03 2.019403725862503052e-01 2.059493027627468109e-02
5.481779999999651409e+03 2.093757987022399902e-01 2.053517475724220276e-02
5.483259999999650972e+03 1.713856905698776245e-01 2.022702805697917938e-02
5.484739999999650536e+03 2.010207772254943848e-01 2.088368684053421021e-02
5.486219999999650099e+03 2.111221104860305786e-01 2.087291143834590912e-02
5.487699999999649663e+03 1.784980893135070801e-01 2.024857141077518463e-02
5.489179999999649226e+03 2.165091931819915771e-01 2.085157856345176697e-02
5.490659999999648790e+03 1.961953639984130859e-01 2.065319754183292389e-02
5.492139999999648353e+03 2.106728851795196533e-01 2.083628252148628235e-02
5.493619999999647916e+03 2.356913983821868896e-01 2.106146700680255890e-02
5.495099999999647480e+03 2.225880026817321777e-01 2.089636214077472687e-02
5.496579999999647043e+03 2.015600055456161499e-01 2.051032334566116333e-02
5.498059999999646607e+03 2.118360698223114014e-01 2.062576264142990112e-02
5.499539999999646170e+03 2.353732883930206299e-01 2.101625502109527588e-02
5.501019999999645734e+03 2.269814610481262207e-01 2.089728228747844696e-02
5.502499999999645297e+03 2.122549563646316528e-01 2.054493315517902374e-02
5.503979999999644861e+03 2.365043014287948608e-01 2.102413959801197052e-02
5.505459999999644424e+03 1.823840886354446411e-01 2.024108916521072388e-02
5.506939999999643987e+03 2.076957076787948608e-01 2.052081562578678131e-02
5.508419999999643551e+03 2.075641453266143799e-01 2.058794163167476654e-02
5.509899999999643114e+03 2.023858129978179932e-01 2.066979371011257172e-02
5.511379999999642678e+03 2.293825447559356689e-01 2.075401507318019867e-02
5.512859999999642241e+03 2.096334993839263916e-01 2.042287588119506836e-02
5.514339999999641805e+03 1.995193511247634888e-01 2.034570649266242981e-02
5.515819999999641368e+03 2.144954800605773926e-01 2.069788053631782532e-02
5.517299999999640931e+03 2.221379727125167847e-01 2.087798155844211578e-02
5.518779999999640495e+03 2.383462041616439819e-01 2.121387980878353119e-02
5.520259999999640058e+03 2.284994721412658691e-01 2.095728553831577301e-02
5.521739999999639622e+03 1.999382376670837402e-01 2.057326398789882660e-02
5.523219999999639185e+03 2.315531224012374878e-01 2.104314789175987244e-02
5.524699999999638749e+03 2.158836424350738525e-01 2.066169306635856628e-02
5.526179999999638312e+03 2.054189741611480713e-01 2.029997669160366058e-02
5.527659999999637876e+03 2.321484088897705078e-01 2.034833654761314392e-02
5.529139999999637439e+03 2.233491539955139160e-01 2.031711116433143616e-02
5.530619999999637002e+03 2.005238533020019531e-01 2.038333378732204437e-02
5.532099999999636566e+03 1.849775314331054688e-01 2.029065787792205811e-02
5.533579999999636129e+03 1.661602258682250977e-01 1.989449560642242432e-02
5.535059999999635693e+03 2.228356450796127319e-01 2.047116123139858246e-02
5.536539999999635256e+03 2.295834422111511230e-01 2.063984051346778870e-02
5.538019999999634820e+03 2.104786336421966553e-01 2.044880948960781097e-02
5.539499999999634383e+03 1.995581984519958496e-01 2.046603895723819733e-02
5.540979999999633947e+03 2.115297317504882812e-01 2.060299366712570190e-02
5.542459999999633510e+03 2.238678634166717529e-01 2.068104967474937439e-02
5.543939999999633073e+03 2.112628668546676636e-01 2.049911394715309143e-02
5.545419999999632637e+03 2.279925644397735596e-01 2.071112766861915588e-02
5.546899999999632200e+03 2.472945451736450195e-01 2.102888375520706177e-02
5.548379999999631764e+03 2.169230580329895020e-01 2.076598443090915680e-02
5.549859999999631327e+03 2.073706090450286865e-01 2.065708674490451813e-02
5.551339999999630891e+03 2.242406159639358521e-01 2.074490301311016083e-02
5.552819999999630454e+03 2.274301648139953613e-01 2.071426063776016235e-02
5.554299999999630018e+03 2.206230014562606812e-01 2.053369954228401184e-02
5.555779999999629581e+03 2.035116404294967651e-01 2.026013098657131195e-02
5.557259999999629144e+03 1.927414238452911377e-01 2.015841938555240631e-02
5.558739999999628708e+03 1.796322762966156006e-01 1.999609917402267456e-02
5.560219999999628271e+03 1.885359287261962891e-01 2.007706463336944580e-02
5.561699999999627835e+03 1.853424906730651855e-01 1.989336684346199036e-02
5.563179999999627398e+03 1.918794363737106323e-01 2.013630978763103485e-02
5.564659999999626962e+03 1.855697929859161377e-01 1.992440409958362579e-02
5.566139999999626525e+03 2.053881883621215820e-01 2.009152062237262726e-02
5.567619999999626089e+03 2.244804501533508301e-01 2.040381357073783875e-02
5.569099999999625652e+03 2.297390997409820557e-01 2.044017612934112549e-02
5.570579999999625215e+03 2.131221890449523926e-01 2.011630497872829437e-02
5.572059999999624779e+03 1.890672445297241211e-01 1.968506723642349243e-02
5.573539999999624342e+03 2.351822555065155029e-01 2.028677612543106079e-02
5.575019999999623906e+03 1.348509639501571655e-01 2.081045880913734436e-02
5.576499999999623469e+03 3.024163246154785156e-01 2.789500169456005096e-02
5.577979999999623033e+03 2.601821720600128174e-01 2.755350805819034576e-02
5.579459999999622596e+03 1.809427738189697266e-01 2.180982939898967743e-02
5.580939999999622160e+03 1.774991601705551147e-01 1.974091306328773499e-02
5.582419999999621723e+03 2.103647291660308838e-01 2.022509090602397919e-02
5.583899999999621286e+03 2.255363762378692627e-01 2.040362544357776642e-02
5.585379999999620850e+03 2.223658114671707153e-01 2.012393251061439514e-02
5.586859999999620413e+03 2.280919849872589111e-01 1.978070661425590515e-02
5.588339999999619977e+03 2.245677709579467773e-01 1.970334909856319427e-02
5.589819999999619540e+03 1.754454076290130615e-01 1.935777440667152405e-02
5.591299999999619104e+03 2.007367014884948730e-01 1.976494863629341125e-02
5.592779999999618667e+03 2.264123558998107910e-01 2.014092914760112762e-02
5.594259999999618231e+03 2.029439359903335571e-01 1.964290998876094818e-02
5.595739999999617794e+03 1.927551180124282837e-01 1.977757737040519714e-02
5.597219999999617357e+03 2.019930779933929443e-01 1.998750865459442139e-02
5.598699999999616921e+03 1.931012570858001709e-01 1.960347592830657959e-02
5.600179999999616484e+03 1.965901553630828857e-01 1.957131549715995789e-02
5.601659999999616048e+03 2.113418132066726685e-01 1.967619173228740692e-02
5.603139999999615611e+03 1.922622621059417725e-01 1.946087740361690521e-02
5.604619999999615175e+03 1.904745250940322876e-01 2.005575224757194519e-02
5.606099999999614738e+03 1.957102417945861816e-01 2.025184966623783112e-02
5.607579999999614301e+03 2.093086838722229004e-01 2.024866268038749695e-02
5.609059999999613865e+03 2.405514717102050781e-01 2.070157974958419800e-02
5.610539999999613428e+03 1.925720423460006714e-01 1.994941383600234985e-02
5.612019999999612992e+03 2.161626815795898438e-01 2.036765031516551971e-02
5.613499999999612555e+03 2.000139355659484863e-01 1.975282281637191772e-02
5.614979999999612119e+03 2.203539609909057617e-01 1.960239559412002563e-02
5.616459999999611682e+03 2.321487665176391602e-01 1.985070295631885529e-02
5.617939999999611246e+03 1.876991987228393555e-01 1.954131014645099640e-02
5.619419999999610809e+03 2.005734741687774658e-01 1.980042830109596252e-02
5.620899999999610372e+03 2.257956415414810181e-01 2.020380087196826935e-02
5.622379999999609936e+03 2.127882242202758789e-01 2.014546841382980347e-02
5.623859999999609499e+03 2.031556218862533569e-01 1.969914697110652924e-02
5.625339999999609063e+03 2.069756835699081421e-01 1.972139254212379456e-02
5.626819999999608626e+03 2.142287343740463257e-01 2.001442946493625641e-02
5.628299999999608190e+03 1.866421699523925781e-01 1.968623511493206024e-02
5.629779999999607753e+03 2.082699239253997803e-01 2.007042430341243744e-02
5.631259999999607317e+03 2.071939706802368164e-01 2.005668357014656067e-02
5.632739999999606880e+03 2.127292156219482422e-01 2.006045356392860413e-02
5.634219999999606443e+03 2.324943095445632935e-01 2.014949358999729156e-02
5.635699999999606007e+03 2.104692459106445312e-01 1.968625187873840332e-02
5.637179999999605570e+03 2.046028077602386475e-01 1.961079426109790802e-02
5.638659999999605134e+03 2.385896146297454834e-01 2.023979090154170990e-02
5.640139999999604697e+03 2.294242829084396362e-01 2.002266235649585724e-02
5.641619999999604261e+03 2.179857194423675537e-01 1.980159059166908264e-02
5.643099999999603824e+03 1.968531906604766846e-01 1.956680044531822205e-02
5.644579999999603388e+03 2.218433469533920288e-01 2.006186544895172119e-02
5.646059999999602951e+03 2.196788787841796875e-01 2.005628123879432678e-02
5.647539999999602514e+03 2.212545871734619141e-01 2.001631259918212891e-02
5.649019999999602078e+03 2.012929022312164307e-01 1.960924826562404633e-02
5.650499999999601641e+03 1.717576086521148682e-01 1.915379241108894348e-02
5.651979999999601205e+03 2.073636651039123535e-01 1.976405642926692963e-02
5.653459999999600768e+03 1.976834237575531006e-01 1.950107701122760773e-02
5.654939999999600332e+03 2.014020383358001709e-01 1.946917548775672913e-02
5.656419999999599895e+03 2.127028405666351318e-01 1.955542527139186859e-02
5.657899999999599459e+03 2.137493193149566650e-01 1.947015151381492615e-02
5.659379999999599022e+03 2.342897057533264160e-01 1.974334567785263062e-02
5.660859999999598585e+03 1.979676783084869385e-01 1.935338042676448822e-02
5.662339999999598149e+03 2.083363831043243408e-01 1.958221755921840668e-02
5.663819999999597712e+03 2.054171264171600342e-01 1.954968273639678955e-02
5.665299999999597276e+03 2.067865133285522461e-01 1.963712088763713837e-02
5.666779999999596839e+03 2.180745750665664673e-01 1.989709399640560150e-02
5.668259999999596403e+03 1.738066822290420532e-01 1.925600320100784302e-02
5.669739999999595966e+03 2.016505748033523560e-01 1.963362470269203186e-02
5.671219999999595530e+03 1.863295435905456543e-01 1.948998123407363892e-02
5.672699999999595093e+03 1.685132384300231934e-01 1.929918117821216583e-02
5.674179999999594656e+03 2.147511839866638184e-01 1.994735002517700195e-02
5.675659999999594220e+03 2.025166451930999756e-01 1.962311193346977234e-02
5.677139999999593783e+03 1.807539463043212891e-01 1.934846863150596619e-02
5.678619999999593347e+03 1.628845781087875366e-01 1.912263967096805573e-02
5.680099999999592910e+03 1.859220266342163086e-01 1.935691200196743011e-02
5.681579999999592474e+03 2.056489288806915283e-01 1.954673230648040771e-02
5.683059999999592037e+03 1.837357282638549805e-01 1.894620060920715332e-02
5.684539999999591600e+03 2.198233604431152344e-01 1.964412629604339600e-02
5.686019999999591164e+03 2.099943161010742188e-01 1.957978866994380951e-02
5.687499999999590727e+03 1.718081533908843994e-01 1.889228820800781250e-02
5.688979999999590291e+03 1.827837377786636353e-01 1.910171844065189362e-02
5.690459999999589854e+03 1.962277591228485107e-01 1.937244459986686707e-02
5.691939999999589418e+03 1.965904831886291504e-01 1.942248269915580750e-02
5.693419999999588981e+03 1.976246684789657593e-01 1.947228983044624329e-02
5.694899999999588545e+03 2.210434079170227051e-01 1.987230218946933746e-02
5.696379999999588108e+03 2.157180160284042358e-01 1.975305564701557159e-02
5.697859999999587671e+03 2.155264019966125488e-01 1.969623193144798279e-02
5.699339999999587235e+03 2.074299454689025879e-01 1.956355758011341095e-02
5.700819999999586798e+03 1.888451874256134033e-01 1.926719024777412415e-02
5.702299999999586362e+03 2.194192111492156982e-01 1.956650801002979279e-02
5.703779999999585925e+03 2.060345411300659180e-01 1.953496597707271576e-02
5.705259999999585489e+03 2.036936730146408081e-01 1.935941912233829498e-02
5.706739999999585052e+03 2.007428109645843506e-01 1.917169429361820221e-02
5.708219999999584616e+03 2.118780314922332764e-01 1.919869892299175262e-02
5.709699999999584179e+03 1.666734665632247925e-01 1.841572858393192291e-02
5.711179999999583742e+03 2.056780159473419189e-01 1.902886852622032166e-02
5.712659999999583306e+03 2.023932039737701416e-01 1.917723752558231354e-02
5.714139999999582869e+03 1.892832517623901367e-01 1.916840299963951111e-02
5.715619999999582433e+03 2.157808542251586914e-01 1.962762326002120972e-02
5.717099999999581996e+03 2.209863960742950439e-01 1.966168358922004700e-02
5.718579999999581560e+03 2.109881937503814697e-01 1.961929537355899811e-02
5.720059999999581123e+03 2.056274116039276123e-01 1.958771236240863800e-02
5.721539999999580687e+03 2.107498943805694580e-01 1.966476067900657654e-02
5.723019999999580250e+03 2.014144361019134521e-01 1.950257085263729095e-02
5.724499999999579813e+03 1.989873796701431274e-01 1.956225931644439697e-02
5.725979999999579377e+03 2.115434706211090088e-01 1.962884142994880676e-02
5.727459999999578940e+03 2.203063070774078369e-01 1.968519389629364014e-02
5.728939999999578504e+03 1.846266090869903564e-01 1.928735710680484772e-02
5.730419999999578067e+03 1.801137924194335938e-01 1.907620206475257874e-02
5.731899999999577631e+03 1.887980997562408447e-01 1.905614510178565979e-02
5.733379999999577194e+03 2.272934615612030029e-01 1.975567266345024109e-02
5.734859999999576758e+03 2.239403426647186279e-01 1.974901743233203888e-02
5.736339999999576321e+03 1.860117316246032715e-01 1.920231245458126068e-02
5.737819999999575884e+03 1.609775871038436890e-01 1.884130947291851044e-02
5.739299999999575448e+03 1.765934973955154419e-01 1.898283138871192932e-02
5.740779999999575011e+03 1.998988240957260132e-01 1.940255612134933472e-02
5.742259999999574575e+03 1.906414180994033813e-01 1.921587996184825897e-02
5.743739999999574138e+03 1.904072761535644531e-01 1.918207295238971710e-02
5.745219999999573702e+03 1.899236738681793213e-01 1.916955783963203430e-02
5.746699999999573265e+03 1.737957298755645752e-01 1.890013366937637329e-02
5.748179999999572829e+03 2.055148184299468994e-01 1.926541887223720551e-02
5.749659999999572392e+03 2.116715908050537109e-01 1.939646713435649872e-02
5.751139999999571955e+03 2.008219808340072632e-01 1.919010281562805176e-02
5.752619999999571519e+03 1.913639903068542480e-01 1.878114603459835052e-02
5.754099999999571082e+03 2.018672525882720947e-01 1.899059861898422241e-02
5.755579999999570646e+03 1.978747695684432983e-01 1.903987303376197815e-02
5.757059999999570209e+03 1.889383643865585327e-01 1.906649209558963776e-02
5.758539999999569773e+03 1.793904900550842285e-01 1.893484778702259064e-02
5.760019999999569336e+03 2.042850106954574585e-01 1.928276196122169495e-02
5.761499999999568900e+03 2.011684179306030273e-01 1.899480074644088745e-02
5.762979999999568463e+03 1.702822148799896240e-01 1.847157813608646393e-02
5.764459999999568026e+03 2.208801656961441040e-01 1.943974010646343231e-02
5.765939999999567590e+03 2.131565213203430176e-01 1.944314874708652496e-02
5.767419999999567153e+03 1.863240599632263184e-01 1.900020241737365723e-02
5.768899999999566717e+03 1.905343830585479736e-01 1.919191889464855194e-02
5.770379999999566280e+03 1.930371671915054321e-01 1.909934170544147491e-02
5.771859999999565844e+03 2.079365998506546021e-01 1.925038918852806091e-02
5.773339999999565407e+03 2.010719478130340576e-01 1.900605671107769012e-02
5.774819999999564970e+03 1.963890194892883301e-01 1.897515170276165009e-02
5.776299999999564534e+03 2.016002237796783447e-01 1.910037547349929810e-02
5.777779999999564097e+03 1.942454874515533447e-01 1.910400576889514923e-02
5.779259999999563661e+03 1.699875742197036743e-01 1.850189082324504852e-02
5.780739999999563224e+03 1.817737817764282227e-01 1.854880154132843018e-02
5.782219999999562788e+03 1.971623301506042480e-01 1.866875402629375458e-02
5.783699999999562351e+03 2.032243758440017700e-01 1.875060796737670898e-02
5.785179999999561915e+03 1.939096450805664062e-01 1.865804195404052734e-02
5.786659999999561478e+03 2.037640810012817383e-01 1.887522637844085693e-02
5.788139999999561041e+03 1.984556466341018677e-01 1.896649040281772614e-02
5.789619999999560605e+03 2.040421813726425171e-01 1.901561580598354340e-02
5.791099999999560168e+03 1.764459013938903809e-01 1.845403201878070831e-02
5.792579999999559732e+03 1.547346562147140503e-01 1.815403252840042114e-02
5.794059999999559295e+03 1.577878594398498535e-01 1.833910681307315826e-02
5.795539999999558859e+03 1.922971010208129883e-01 1.891110092401504517e-02
5.797019999999558422e+03 1.947444975376129150e-01 1.884507015347480774e-02
5.798499999999557986e+03 2.214902341365814209e-01 1.915095187723636627e-02
5.799979999999557549e+03 2.120710611343383789e-01 1.908376254141330719e-02
5.801459999999557112e+03 1.943404376506805420e-01 1.891683600842952728e-02
5.802939999999556676e+03 2.038698345422744751e-01 1.901929825544357300e-02
5.804419999999556239e+03 2.224243879318237305e-01 1.916078664362430573e-02
5.805899999999555803e+03 2.177595198154449463e-01 1.909192837774753571e-02
5.807379999999555366e+03 1.612752228975296021e-01 1.824662089347839355e-02
5.808859999999554930e+03 2.140805870294570923e-01 1.914501376450061798e-02
5.810339999999554493e+03 1.917840093374252319e-01 1.881910301744937897e-02
5.811819999999554057e+03 1.759748607873916626e-01 1.851843483746051788e-02
5.813299999999553620e+03 2.161411046981811523e-01 1.915455795824527740e-02
5.814779999999553183e+03 1.874603480100631714e-01 1.856867969036102295e-02
5.816259999999552747e+03 1.659396290779113770e-01 1.823665015399456024e-02
5.817739999999552310e+03 2.068731933832168579e-01 1.896814256906509399e-02
5.819219999999551874e+03 2.047041952610015869e-01 1.900486648082733154e-02
5.820699999999551437e+03 2.034116536378860474e-01 1.902222447097301483e-02
5.822179999999551001e+03 1.993031203746795654e-01 1.894014142453670502e-02
5.823659999999550564e+03 1.597248464822769165e-01 1.833426952362060547e-02
5.825139999999550128e+03 1.906962096691131592e-01 1.874291524291038513e-02
5.826619999999549691e+03 1.918811202049255371e-01 1.879968866705894470e-02
5.828099999999549254e+03 2.131611406803131104e-01 1.910973154008388519e-02
5.829579999999548818e+03 1.879072785377502441e-01 1.874800398945808411e-02
5.831059999999548381e+03 1.823335736989974976e-01 1.861923374235630035e-02
5.832539999999547945e+03 2.037625014781951904e-01 1.895212754607200623e-02
5.834019999999547508e+03 1.883381903171539307e-01 1.871408522129058838e-02
5.835499999999547072e+03 2.312166988849639893e-01 1.924239657819271088e-02
5.836979999999546635e+03 2.090024948120117188e-01 1.892259530723094940e-02
5.838459999999546199e+03 2.089534103870391846e-01 1.891736313700675964e-02
5.839939999999545762e+03 2.192465215921401978e-01 1.912681199610233307e-02
5.841419999999545325e+03 1.894155740737915039e-01 1.872861944139003754e-02
5.842899999999544889e+03 1.682487577199935913e-01 1.844709366559982300e-02
5.844379999999544452e+03 1.637319922447204590e-01 1.828552037477493286e-02
5.845859999999544016e+03 1.739448308944702148e-01 1.840906217694282532e-02
5.847339999999543579e+03 1.796203553676605225e-01 1.843878626823425293e-02
5.848819999999543143e+03 2.106654345989227295e-01 1.881838589906692505e-02
5.850299999999542706e+03 2.144603431224822998e-01 1.898933760821819305e-02
5.851779999999542270e+03 1.958227753639221191e-01 1.863342151045799255e-02
5.853259999999541833e+03 1.863896548748016357e-01 1.847543008625507355e-02
5.854739999999541396e+03 1.849288642406463623e-01 1.838544011116027832e-02
5.856219999999540960e+03 1.952086240053176880e-01 1.838173530995845795e-02
5.857699999999540523e+03 2.399811595678329468e-01 1.893742755055427551e-02
5.859179999999540087e+03 2.054751813411712646e-01 1.842299103736877441e-02
5.860659999999539650e+03 1.695364415645599365e-01 1.809374243021011353e-02
5.862139999999539214e+03 1.991348862648010254e-01 1.854584366083145142e-02
5.863619999999538777e+03 2.020182609558105469e-01 1.866220310330390930e-02
5.865099999999538340e+03 1.974718421697616577e-01 1.880401931703090668e-02
5.866579999999537904e+03 2.011754512786865234e-01 1.898981444537639618e-02
5.868059999999537467e+03 1.981146484613418579e-01 1.892420463263988495e-02
5.869539999999537031e+03 1.833515316247940063e-01 1.855590008199214935e-02
5.871019999999536594e+03 1.763254404067993164e-01 1.840419135987758636e-02
5.872499999999536158e+03 1.971767097711563110e-01 1.860732957720756531e-02
5.873979999999535721e+03 2.096042931079864502e-01 1.873497106134891510e-02
5.875459999999535285e+03 1.999105662107467651e-01 1.857159286737442017e-02
5.876939999999534848e+03 1.956989169120788574e-01 1.851036585867404938e-02
5.878419999999534411e+03 2.014343142509460449e-01 1.854857616126537323e-02
5.879899999999533975e+03 2.014876902103424072e-01 1.850467920303344727e-02
5.881379999999533538e+03 1.778804212808609009e-01 1.818057708442211151e-02
5.882859999999533102e+03 1.948284506797790527e-01 1.837768033146858215e-02
5.884339999999532665e+03 2.148987650871276855e-01 1.863852143287658691e-02
5.885819999999532229e+03 1.956439018249511719e-01 1.846643909811973572e-02
5.887299999999531792e+03 1.988711655139923096e-01 1.887254789471626282e-02
5.888779999999531356e+03 1.922134459018707275e-01 1.967749185860157013e-02
5.890259999999530919e+03 2.123408913612365723e-01 2.008869498968124390e-02
5.891739999999530482e+03 2.224635183811187744e-01 1.940295472741127014e-02
5.893219999999530046e+03 1.889796704053878784e-01 1.822790130972862244e-02
5.894699999999529609e+03 1.980100721120834351e-01 1.859805732965469360e-02
5.896179999999529173e+03 1.989903599023818970e-01 1.868890784680843353e-02
5.897659999999528736e+03 1.966532766819000244e-01 1.831750571727752686e-02
5.899139999999528300e+03 1.844019293785095215e-01 1.804248988628387451e-02
5.900619999999527863e+03 1.623958647251129150e-01 1.773483492434024811e-02
5.902099999999527427e+03 2.213338017463684082e-01 1.871038787066936493e-02
5.903579999999526990e+03 2.030845135450363159e-01 1.857982948422431946e-02
5.905059999999526553e+03 1.980870962142944336e-01 1.838770881295204163e-02
5.906539999999526117e+03 2.361662089824676514e-01 1.899256557226181030e-02
5.908019999999525680e+03 2.221613824367523193e-01 1.882842369377613068e-02
5.909499999999525244e+03 1.904952377080917358e-01 1.829382963478565216e-02
5.910979999999524807e+03 2.231078147888183594e-01 1.875196024775505066e-02
5.912459999999524371e+03 2.068553566932678223e-01 1.849521510303020477e-02
5.913939999999523934e+03 1.663440614938735962e-01 1.793481037020683289e-02
5.915419999999523498e+03 2.029659748077392578e-01 1.862232014536857605e-02
5.916899999999523061e+03 2.234843969345092773e-01 1.889188215136528015e-02
5.918379999999522624e+03 1.723117679357528687e-01 1.797378249466419220e-02
5.919859999999522188e+03 1.958528757095336914e-01 1.827846840023994446e-02
5.921339999999521751e+03 2.056164294481277466e-01 1.843709498643875122e-02
5.922819999999521315e+03 2.122252583503723145e-01 1.855045184493064880e-02
5.924299999999520878e+03 1.991566419601440430e-01 1.846013031899929047e-02
5.925779999999520442e+03 2.201690077781677246e-01 1.874005608260631561e-02
5.927259999999520005e+03 2.179500609636306763e-01 1.865251921117305756e-02
5.928739999999519569e+03 1.886968016624450684e-01 1.804985478520393372e-02
5.930219999999519132e+03 1.656646281480789185e-01 1.765323616564273834e-02
5.931699999999518695e+03 1.615536510944366455e-01 1.795621588826179504e-02
5.933179999999518259e+03 2.017309665679931641e-01 1.874635182321071625e-02
5.934659999999517822e+03 1.985249221324920654e-01 1.857127994298934937e-02
5.936139999999517386e+03 1.789807975292205811e-01 1.788773573935031891e-02
5.937619999999516949e+03 2.019342184066772461e-01 1.840274967253208160e-02
5.939099999999516513e+03 2.062183618545532227e-01 1.841673813760280609e-02
5.940579999999516076e+03 1.671008169651031494e-01 1.769062504172325134e-02
5.942059999999515640e+03 1.909504681825637817e-01 1.794440671801567078e-02
5.943539999999515203e+03 1.827258169651031494e-01 1.777942106127738953e-02
5.945019999999514766e+03 1.910776942968368530e-01 1.812005788087844849e-02
5.946499999999514330e+03 1.849461793899536133e-01 1.794463768601417542e-02
5.947979999999513893e+03 2.050697058439254761e-01 1.812937669456005096e-02
5.949459999999513457e+03 2.075982540845870972e-01 1.808237843215465546e-02
5.950939999999513020e+03 2.003324180841445923e-01 1.808676309883594513e-02
5.952419999999512584e+03 2.057410180568695068e-01 1.834059879183769226e-02
5.953899999999512147e+03 2.010937631130218506e-01 1.847957074642181396e-02
5.955379999999511710e+03 1.751368045806884766e-01 1.792924478650093079e-02
5.956859999999511274e+03 1.806778609752655029e-01 1.774946786463260651e-02
5.958339999999510837e+03 2.642365694046020508e-01 1.900823041796684265e-02
5.959819999999510401e+03 2.660709023475646973e-01 1.903580315411090851e-02
5.961299999999509964e+03 2.014798074960708618e-01 1.815594732761383057e-02
5.962779999999509528e+03 1.892988681793212891e-01 1.805697567760944366e-02
5.964259999999509091e+03 1.903828531503677368e-01 1.797727309167385101e-02
5.965739999999508655e+03 2.154290527105331421e-01 1.835535280406475067e-02
5.967219999999508218e+03 1.951964199542999268e-01 1.802186667919158936e-02
5.968699999999507781e+03 2.031792402267456055e-01 1.817116513848304749e-02
5.970179999999507345e+03 1.841336637735366821e-01 1.795447617769241333e-02
5.971659999999506908e+03 1.882646381855010986e-01 1.799744740128517151e-02
5.973139999999506472e+03 1.619310081005096436e-01 1.768031157553195953e-02
5.974619999999506035e+03 1.567213237285614014e-01 1.737815700471401215e-02
5.976099999999505599e+03 1.713663488626480103e-01 1.756063289940357208e-02
5.977579999999505162e+03 2.091000974178314209e-01 1.825496740639209747e-02
5.979059999999504726e+03 1.726475805044174194e-01 1.766565442085266113e-02
5.980539999999504289e+03 1.847580969333648682e-01 1.781985908746719360e-02
5.982019999999503852e+03 1.980243027210235596e-01 1.791519671678543091e-02
5.983499999999503416e+03 1.922329664230346680e-01 1.770300604403018951e-02
5.984979999999502979e+03 1.871383786201477051e-01 1.753295026719570160e-02
5.986459999999502543e+03 1.698197722434997559e-01 1.728761941194534302e-02
5.987939999999502106e+03 1.626920402050018311e-01 1.730920374393463135e-02
5.989419999999501670e+03 1.855072081089019775e-01 1.767977327108383179e-02
5.990899999999501233e+03 2.096817493438720703e-01 1.801608875393867493e-02
5.992379999999500797e+03 2.027411162853240967e-01 1.794950105249881744e-02
5.993859999999500360e+03 1.943216621875762939e-01 1.784561574459075928e-02
5.995339999999499923e+03 1.823252737522125244e-01 1.762214303016662598e-02
5.996819999999499487e+03 1.836193501949310303e-01 1.754909940063953400e-02
5.998299999999499050e+03 2.005544304847717285e-01 1.773134805262088776e-02
5.999779999999498614e+03 1.920994818210601807e-01 1.775186508893966675e-02
6.001259999999498177e+03 1.842537224292755127e-01 1.759508438408374786e-02
6.002739999999497741e+03 1.791702508926391602e-01 1.742933131754398346e-02
6.004219999999497304e+03 1.885457634925842285e-01 1.768802292644977570e-02
6.005699999999496868e+03 1.971369683742523193e-01 1.778251118957996368e-02
6.007179999999496431e+03 2.050922513008117676e-01 1.764724403619766235e-02
6.008659999999495994e+03 1.943521797657012939e-01 1.747675798833370209e-02
6.010139999999495558e+03 1.866285800933837891e-01 1.746514625847339630e-02
6.011619999999495121e+03 1.808654069900512695e-01 1.741709001362323761e-02
6.013099999999494685e+03 1.635668277740478516e-01 1.715855859220027924e-02
6.014579999999494248e+03 1.648945510387420654e-01 1.708890683948993683e-02
6.016059999999493812e+03 2.037330567836761475e-01 1.766206324100494385e-02
6.017539999999493375e+03 2.189271152019500732e-01 1.791289448738098145e-02
6.019019999999492939e+03 1.728411465883255005e-01 1.713235117495059967e-02
6.020499999999492502e+03 1.694380044937133789e-01 1.706057041883468628e-02
6.021979999999492065e+03 1.893138140439987183e-01 1.727188564836978912e-02
6.023459999999491629e+03 1.852331310510635376e-01 1.718815229833126068e-02
6.024939999999491192e+03 1.718052029609680176e-01 1.716541871428489685e-02
6.026419999999490756e+03 1.894644796848297119e-01 1.742631383240222931e-02
6.027899999999490319e+03 1.724405288696289062e-01 1.728282868862152100e-02
6.029379999999489883e+03 1.792993843555450439e-01 1.737503148615360260e-02
6.030859999999489446e+03 1.965316087007522583e-01 1.768308132886886597e-02
6.032339999999489009e+03 1.978396177291870117e-01 1.768025569617748260e-02
6.033819999999488573e+03 1.785410344600677490e-01 1.743853837251663208e-02
6.035299999999488136e+03 2.090369462966918945e-01 1.794706843793392181e-02
6.036779999999487700e+03 2.031490802764892578e-01 1.771403476595878601e-02
6.038259999999487263e+03 2.021303772926330566e-01 1.765089482069015503e-02
6.039739999999486827e+03 1.871012449264526367e-01 1.739706099033355713e-02
6.041219999999486390e+03 1.892934441566467285e-01 1.741480641067028046e-02
6.042699999999485954e+03 2.024384588003158569e-01 1.760311983525753021e-02
6.044179999999485517e+03 2.062384188175201416e-01 1.760199293494224548e-02
6.045659999999485080e+03 2.144424021244049072e-01 1.776755228638648987e-02
6.047139999999484644e+03 2.015046328306198120e-01 1.768141239881515503e-02
6.048619999999484207e+03 1.777479350566864014e-01 1.718060858547687531e-02
6.050099999999483771e+03 1.626529544591903687e-01 1.694474369287490845e-02
6.051579999999483334e+03 1.769371777772903442e-01 1.727432571351528168e-02
6.053059999999482898e+03 2.261226177215576172e-01 1.793975010514259338e-02
6.054539999999482461e+03 2.219929844141006470e-01 1.785330660641193390e-02
6.056019999999482025e+03 2.141731381416320801e-01 1.759278029203414917e-02
6.057499999999481588e+03 2.100100517272949219e-01 1.767507940530776978e-02
6.058979999999481151e+03 2.076446712017059326e-01 1.757827959954738617e-02
6.060459999999480715e+03 1.854570060968399048e-01 1.725534349679946899e-02
6.061939999999480278e+03 1.845756471157073975e-01 1.736471056938171387e-02
6.063419999999479842e+03 1.738276779651641846e-01 1.716912537813186646e-02
6.064899999999479405e+03 1.687329709529876709e-01 1.698416844010353088e-02
6.066379999999478969e+03 1.709932088851928711e-01 1.696780323982238770e-02
6.067859999999478532e+03 2.029018104076385498e-01 1.763788610696792603e-02
6.069339999999478096e+03 1.791394650936126709e-01 1.730479113757610321e-02
6.070819999999477659e+03 1.778667867183685303e-01 1.721619442105293274e-02
6.072299999999477222e+03 1.867992281913757324e-01 1.735964976251125336e-02
6.073779999999476786e+03 1.862148046493530273e-01 1.731282658874988556e-02
6.075259999999476349e+03 1.990855932235717773e-01 1.751649193465709686e-02
6.076739999999475913e+03 1.966599822044372559e-01 1.741565391421318054e-02
6.078219999999475476e+03 1.793750822544097900e-01 1.700682006776332855e-02
6.079699999999475040e+03 1.815806627273559570e-01 1.700729876756668091e-02
6.081179999999474603e+03 1.760411560535430908e-01 1.693865098059177399e-02
6.082659999999474167e+03 1.707742512226104736e-01 1.687323488295078278e-02
6.084139999999473730e+03 1.885861456394195557e-01 1.717930100858211517e-02
6.085619999999473293e+03 2.118484973907470703e-01 1.751412451267242432e-02
6.087099999999472857e+03 1.835187673568725586e-01 1.707037538290023804e-02
6.088579999999472420e+03 1.571132540702819824e-01 1.663267239928245544e-02
6.090059999999471984e+03 1.907064020633697510e-01 1.723788864910602570e-02
6.091539999999471547e+03 1.918415427207946777e-01 1.710646599531173706e-02
6.093019999999471111e+03 1.816112101078033447e-01 1.694196835160255432e-02
6.094499999999470674e+03 1.882239878177642822e-01 1.717391051352024078e-02
6.095979999999470238e+03 1.909108161926269531e-01 1.717054657638072968e-02
6.097459999999469801e+03 1.925483345985412598e-01 1.721777766942977905e-02
6.098939999999469364e+03 1.879532337188720703e-01 1.716776750981807709e-02
6.100419999999468928e+03 2.173099815845489502e-01 1.763240993022918701e-02
6.101899999999468491e+03 2.106353938579559326e-01 1.722573675215244293e-02
6.103379999999468055e+03 1.609263122081756592e-01 1.636890135705471039e-02
6.104859999999467618e+03 1.727995723485946655e-01 1.680249162018299103e-02
6.106339999999467182e+03 1.955746412277221680e-01 1.726624369621276855e-02
6.107819999999466745e+03 1.793297231197357178e-01 1.693722233176231384e-02
6.109299999999466309e+03 1.718495041131973267e-01 1.680790632963180542e-02
6.110779999999465872e+03 1.894101351499557495e-01 1.704479381442070007e-02
6.112259999999465435e+03 1.575603932142257690e-01 1.657627150416374207e-02
6.113739999999464999e+03 1.925622522830963135e-01 1.699299551546573639e-02
6.115219999999464562e+03 1.867262721061706543e-01 1.700472086668014526e-02
6.116699999999464126e+03 1.893644928932189941e-01 1.696990616619586945e-02
6.118179999999463689e+03 1.605406403541564941e-01 1.658943109214305878e-02
6.119659999999463253e+03 2.000731825828552246e-01 1.723263598978519440e-02
6.121139999999462816e+03 1.872873902320861816e-01 1.682896539568901062e-02
6.122619999999462379e+03 1.678220629692077637e-01 1.633452065289020538e-02
6.124099999999461943e+03 1.869574338197708130e-01 1.691318675875663757e-02
6.125579999999461506e+03 2.018191218376159668e-01 1.714953966438770294e-02
6.127059999999461070e+03 1.875568777322769165e-01 1.693031936883926392e-02
6.128539999999460633e+03 2.126301676034927368e-01 1.729134097695350647e-02
6.130019999999460197e+03 1.785299181938171387e-01 1.677036285400390625e-02
6.131499999999459760e+03 1.508070528507232666e-01 1.636885292828083038e-02
6.132979999999459324e+03 1.554741859436035156e-01 1.641532778739929199e-02
6.134459999999458887e+03 1.892515420913696289e-01 1.695237867534160614e-02
6.135939999999458450e+03 1.861055195331573486e-01 1.670062541961669922e-02
6.137419999999458014e+03 1.963959336280822754e-01 1.667252928018569946e-02
6.138899999999457577e+03 1.864029169082641602e-01 1.673692464828491211e-02
6.140379999999457141e+03 1.788548678159713745e-01 1.682825386524200439e-02
6.141859999999456704e+03 1.851094514131546021e-01 1.679269410669803619e-02
6.143339999999456268e+03 1.804330199956893921e-01 1.673280447721481323e-02
6.144819999999455831e+03 1.894226670265197754e-01 1.700703985989093781e-02
6.146299999999455395e+03 1.902196556329727173e-01 1.691863872110843658e-02
6.147779999999454958e+03 1.947060227394104004e-01 1.689502969384193420e-02
6.149259999999454521e+03 1.864387989044189453e-01 1.678729988634586334e-02
6.150739999999454085e+03 1.735546737909317017e-01 1.669556461274623871e-02
6.152219999999453648e+03 2.108508795499801636e-01 1.725831255316734314e-02
6.153699999999453212e+03 2.113748788833618164e-01 1.712323911488056183e-02
6.155179999999452775e+03 1.772413104772567749e-01 1.661055721342563629e-02
6.156659999999452339e+03 1.909690201282501221e-01 1.680808514356613159e-02
6.158139999999451902e+03 1.874180585145950317e-01 1.676411926746368408e-02
6.159619999999451466e+03 1.814595013856887817e-01 1.662770472466945648e-02
6.161099999999451029e+03 1.971716880798339844e-01 1.658951677381992340e-02
6.162579999999450592e+03 1.692345440387725830e-01 1.591174304485321045e-02
6.164059999999450156e+03 1.996807456016540527e-01 1.661873608827590942e-02
6.165539999999449719e+03 1.834296882152557373e-01 1.667425408959388733e-02
6.167019999999449283e+03 1.740060895681381226e-01 1.643510162830352783e-02
6.168499999999448846e+03 1.813312172889709473e-01 1.656648330390453339e-02
6.169979999999448410e+03 1.735462695360183716e-01 1.650641672313213348e-02
6.171459999999447973e+03 1.788624227046966553e-01 1.672809384763240814e-02
6.172939999999447537e+03 1.764026284217834473e-01 1.658692397177219391e-02
6.174419999999447100e+03 1.782337725162506104e-01 1.658633351325988770e-02
6.175899999999446663e+03 1.889426261186599731e-01 1.682819426059722900e-02
6.177379999999446227e+03 1.799478381872177124e-01 1.660819165408611298e-02
6.178859999999445790e+03 1.651945561170578003e-01 1.635487005114555359e-02
6.180339999999445354e+03 1.721521466970443726e-01 1.653654873371124268e-02
6.181819999999444917e+03 1.723920851945877075e-01 1.660951972007751465e-02
6.183299999999444481e+03 1.699016988277435303e-01 1.663028635084629059e-02
6.184779999999444044e+03 2.034191787242889404e-01 1.704825274646282196e-02
6.186259999999443608e+03 1.947872638702392578e-01 1.683181896805763245e-02
6.187739999999443171e+03 1.611182987689971924e-01 1.633726432919502258e-02
6.189219999999442734e+03 1.771470904350280762e-01 1.653870008885860443e-02
6.190699999999442298e+03 2.003347873687744141e-01 1.671699248254299164e-02
6.192179999999441861e+03 1.768698394298553467e-01 1.636945270001888275e-02
6.193659999999441425e+03 1.950300633907318115e-01 1.686931960284709930e-02
6.195139999999440988e+03 2.027089148759841919e-01 1.705802232027053833e-02
6.196619999999440552e+03 1.871106475591659546e-01 1.681655831634998322e-02
6.198099999999440115e+03 1.658631712198257446e-01 1.640682667493820190e-02
6.199579999999439679e+03 1.847151517868041992e-01 1.661051437258720398e-02
6.201059999999439242e+03 2.013709545135498047e-01 1.700074970722198486e-02
6.202539999999438805e+03 1.811343729496002197e-01 1.684481278061866760e-02
6.204019999999438369e+03 1.791300922632217407e-01 1.671585068106651306e-02
6.205499999999437932e+03 1.915987730026245117e-01 1.676633767783641815e-02
6.206979999999437496e+03 1.649150252342224121e-01 1.641518995165824890e-02
6.208459999999437059e+03 1.721240431070327759e-01 1.652340777218341827e-02
6.209939999999436623e+03 1.994068473577499390e-01 1.690493337810039520e-02
6.211419999999436186e+03 1.783464252948760986e-01 1.664999499917030334e-02
6.212899999999435749e+03 1.817523837089538574e-01 1.667041890323162079e-02
6.214379999999435313e+03 1.932743191719055176e-01 1.660751923918724060e-02
6.215859999999434876e+03 1.731662154197692871e-01 1.640264131128787994e-02
6.217339999999434440e+03 1.588094383478164673e-01 1.622455753386020660e-02
6.218819999999434003e+03 1.819740235805511475e-01 1.656934618949890137e-02
6.220299999999433567e+03 1.858785152435302734e-01 1.674052141606807709e-02
6.221779999999433130e+03 1.757327467203140259e-01 1.674048416316509247e-02
6.223259999999432694e+03 1.780696809291839600e-01 1.675619184970855713e-02
6.224739999999432257e+03 1.966619640588760376e-01 1.688451319932937622e-02
6.226219999999431820e+03 1.578067839145660400e-01 1.622010208666324615e-02
6.227699999999431384e+03 1.889282464981079102e-01 1.663196273148059845e-02
6.229179999999430947e+03 2.094033956527709961e-01 1.679964549839496613e-02
6.230659999999430511e+03 1.324762701988220215e-01 1.550291106104850769e-02
6.232139999999430074e+03 1.536294370889663696e-01 1.585672609508037567e-02
6.233619999999429638e+03 1.719927042722702026e-01 1.672382839024066925e-02
6.235099999999429201e+03 1.934290677309036255e-01 1.747836917638778687e-02
6.236579999999428765e+03 2.112909257411956787e-01 1.778279617428779602e-02
6.238059999999428328e+03 1.830769926309585571e-01 1.694910041987895966e-02
6.239539999999427891e+03 1.481611132621765137e-01 1.601927168667316437e-02
6.241019999999427455e+03 1.739510744810104370e-01 1.654100231826305389e-02
6.242499999999427018e+03 2.103862166404724121e-01 1.705297082662582397e-02
6.243979999999426582e+03 2.086153328418731689e-01 2.267409488558769226e-02
6.245459999999426145e+03 1.764133721590042114e-01 4.098339006304740906e-02
6.246939999999425709e+03 1.696081012487411499e-01 2.830938622355461121e-02
6.248419999999425272e+03 1.586863100528717041e-01 1.593115553259849548e-02
6.249899999999424836e+03 1.670193672180175781e-01 1.627273857593536377e-02
6.251379999999424399e+03 1.632675975561141968e-01 1.613400690257549286e-02
6.252859999999423962e+03 1.874816268682479858e-01 1.629038155078887939e-02
6.254339999999423526e+03 1.923865079879760742e-01 1.626280695199966431e-02
6.255819999999423089e+03 1.497406959533691406e-01 1.601264812052249908e-02
6.257299999999422653e+03 1.528006941080093384e-01 1.650828123092651367e-02
6.258779999999422216e+03 1.694416105747222900e-01 1.684022508561611176e-02
6.260259999999421780e+03 1.801059544086456299e-01 1.662412658333778381e-02
6.261739999999421343e+03 1.957052946090698242e-01 1.661989465355873108e-02
6.263219999999420907e+03 1.804490685462951660e-01 1.651221141219139099e-02
6.264699999999420470e+03 1.742580085992813110e-01 1.650696806609630585e-02
6.266179999999420033e+03 1.821662336587905884e-01 1.660527475178241730e-02
6.267659999999419597e+03 1.928517222404479980e-01 1.668219082057476044e-02
6.269139999999419160e+03 1.925286650657653809e-01 1.659998856484889984e-02
6.270619999999418724e+03 1.602772474288940430e-01 1.611023768782615662e-02
6.272099999999418287e+03 1.548905670642852783e-01 1.599395647644996643e-02
6.273579999999417851e+03 1.679336130619049072e-01 1.621326059103012085e-02
6.275059999999417414e+03 1.861882507801055908e-01 1.653149724006652832e-02
6.276539999999416978e+03 1.877687126398086548e-01 1.642014458775520325e-02
6.278019999999416541e+03 1.490325033664703369e-01 1.551904343068599701e-02
6.279499999999416104e+03 1.807647049427032471e-01 1.594386808574199677e-02
6.280979999999415668e+03 1.687158942222595215e-01 1.575112715363502502e-02
6.282459999999415231e+03 1.820104122161865234e-01 1.612241007387638092e-02
6.283939999999414795e+03 1.768082082271575928e-01 1.617878861725330353e-02
6.285419999999414358e+03 1.849621534347534180e-01 1.658944413065910339e-02
6.286899999999413922e+03 1.643637716770172119e-01 1.662824675440788269e-02
6.288379999999413485e+03 1.393239498138427734e-01 1.636048220098018646e-02
6.289859999999413048e+03 1.631527841091156006e-01 1.621379889547824860e-02
6.291339999999412612e+03 1.626342087984085083e-01 1.580955460667610168e-02
6.292819999999412175e+03 1.869908571243286133e-01 1.628105901181697845e-02
6.294299999999411739e+03 1.776905655860900879e-01 1.617176830768585205e-02
6.295779999999411302e+03 1.527767032384872437e-01 1.573427952826023102e-02
6.297259999999410866e+03 1.518543362617492676e-01 1.578748971223831177e-02
6.298739999999410429e+03 1.401307284832000732e-01 2.113072574138641357e-02
6.300219999999409993e+03 2.415381968021392822e-01 2.686456777155399323e-02
6.301699999999409556e+03 2.663616836071014404e-01 2.515194192528724670e-02
6.303179999999409119e+03 1.693438291549682617e-01 1.800917275249958038e-02
6.304659999999408683e+03 1.551476567983627319e-01 1.596533693373203278e-02
6.306139999999408246e+03 1.796090304851531982e-01 1.681432127952575684e-02
6.307619999999407810e+03 1.813343614339828491e-01 1.699665375053882599e-02
6.309099999999407373e+03 1.591255068778991699e-01 1.615083217620849609e-02
6.310579999999406937e+03 1.636483222246170044e-01 1.580472290515899658e-02
6.312059999999406500e+03 1.755658984184265137e-01 1.601861603558063507e-02
6.313539999999406064e+03 1.494842618703842163e-01 1.555037312209606171e-02
6.315019999999405627e+03 1.792570054531097412e-01 1.588527485728263855e-02
6.316499999999405190e+03 1.932892948389053345e-01 1.611372828483581543e-02
6.317979999999404754e+03 1.749088466167449951e-01 1.569961383938789368e-02
6.319459999999404317e+03 1.653314828872680664e-01 1.566403917968273163e-02
6.320939999999403881e+03 1.731305718421936035e-01 1.611160859465599060e-02
6.322419999999403444e+03 1.936415433883666992e-01 1.650465466082096100e-02
6.323899999999403008e+03 1.615364700555801392e-01 1.585269346833229065e-02
6.325379999999402571e+03 1.636440455913543701e-01 1.581566780805587769e-02
6.326859999999402135e+03 1.783415675163269043e-01 1.610837876796722412e-02
6.328339999999401698e+03 1.814499199390411377e-01 1.646402850747108459e-02
6.329819999999401261e+03 1.677649915218353271e-01 1.646054722368717194e-02
6.331299999999400825e+03 1.605317145586013794e-01 1.615333929657936096e-02
6.332779999999400388e+03 1.888027787208557129e-01 1.632983796298503876e-02
6.334259999999399952e+03 1.813047081232070923e-01 1.594404503703117371e-02
6.335739999999399515e+03 1.737710833549499512e-01 1.572467386722564697e-02
6.337219999999399079e+03 1.705186218023300171e-01 1.569444313645362854e-02
6.338699999999398642e+03 1.610557883977890015e-01 1.563134044408798218e-02
6.340179999999398206e+03 1.456518769264221191e-01 1.548763271421194077e-02
6.341659999999397769e+03 1.657109409570693970e-01 1.580168120563030243e-02
6.343139999999397332e+03 1.857662200927734375e-01 1.609764620661735535e-02
6.344619999999396896e+03 1.866689026355743408e-01 1.608002185821533203e-02
6.346099999999396459e+03 1.747815012931823730e-01 1.593843661248683929e-02
6.347579999999396023e+03 1.518648415803909302e-01 1.566745899617671967e-02
6.349059999999395586e+03 1.839170753955841064e-01 1.620390824973583221e-02
6.350539999999395150e+03 1.897850930690765381e-01 1.626245863735675812e-02
6.352019999999394713e+03 1.688601672649383545e-01 1.583164371550083160e-02
6.353499999999394277e+03 1.641189754009246826e-01 1.572600752115249634e-02
6.354979999999393840e+03 1.678304523229598999e-01 1.602016575634479523e-02
6.356459999999393403e+03 1.844948828220367432e-01 1.648928038775920868e-02
6.357939999999392967e+03 1.714261621236801147e-01 1.598214171826839447e-02
6.359419999999392530e+03 1.771723926067352295e-01 1.558871660381555557e-02
6.360899999999392094e+03 1.646061539649963379e-01 1.580707915127277374e-02
6.362379999999391657e+03 1.509070396423339844e-01 1.769722625613212585e-02
6.363859999999391221e+03 2.121146172285079956e-01 1.990305073559284210e-02
6.365339999999390784e+03 2.174331545829772949e-01 1.913686655461788177e-02
6.366819999999390348e+03 1.459649354219436646e-01 1.570590957999229431e-02
6.368299999999389911e+03 1.435367465019226074e-01 1.539379265159368515e-02
6.369779999999389474e+03 1.455283015966415405e-01 1.532405428588390350e-02
6.371259999999389038e+03 1.725504994392395020e-01 1.572315767407417297e-02
6.372739999999388601e+03 1.871258020401000977e-01 1.589914970099925995e-02
6.374219999999388165e+03 2.026471942663192749e-01 1.621109060943126678e-02
6.375699999999387728e+03 1.661132276058197021e-01 1.574097387492656708e-02
6.377179999999387292e+03 1.607246845960617065e-01 1.563405804336071014e-02
6.378659999999386855e+03 1.856153756380081177e-01 1.608696021139621735e-02
6.380139999999386418e+03 1.827849447727203369e-01 1.603139750659465790e-02
6.381619999999385982e+03 1.595714986324310303e-01 1.553702261298894882e-02
6.383099999999385545e+03 1.625641286373138428e-01 1.561679597944021225e-02
6.384579999999385109e+03 1.800805032253265381e-01 1.590448804199695587e-02
6.386059999999384672e+03 1.649482548236846924e-01 1.582435518503189087e-02
6.387539999999384236e+03 1.749256551265716553e-01 1.603637635707855225e-02
6.389019999999383799e+03 2.134383022785186768e-01 1.649298891425132751e-02
6.390499999999383363e+03 2.019196748733520508e-01 1.621740125119686127e-02
6.391979999999382926e+03 1.700349003076553345e-01 1.548773702234029770e-02
6.393459999999382489e+03 1.564622819423675537e-01 1.514700148254632950e-02
6.394939999999382053e+03 1.784135401248931885e-01 1.562912017107009888e-02
6.396419999999381616e+03 1.967447251081466675e-01 1.602642796933650970e-02
6.397899999999381180e+03 1.795957982540130615e-01 1.558196824043989182e-02
6.399379999999380743e+03 1.787027567625045776e-01 1.547209732234477997e-02
6.400859999999380307e+03 1.870227754116058350e-01 1.564862020313739777e-02
6.402339999999379870e+03 1.857160478830337524e-01 1.567592844367027283e-02
6.403819999999379434e+03 1.778881549835205078e-01 1.566714420914649963e-02
6.405299999999378997e+03 1.606338322162628174e-01 1.537945866584777832e-02
6.406779999999378560e+03 1.637215018272399902e-01 1.529269851744174957e-02
6.408259999999378124e+03 1.550178825855255127e-01 1.512113586068153381e-02
6.409739999999377687e+03 1.696482449769973755e-01 1.538725662976503372e-02
6.411219999999377251e+03 1.740325987339019775e-01 1.537832710891962051e-02
6.412699999999376814e+03 1.757510602474212646e-01 1.547366194427013397e-02
6.414179999999376378e+03 1.904858350753784180e-01 1.577629894018173218e-02
6.415659999999375941e+03 1.585558503866195679e-01 1.518250349909067154e-02
6.417139999999375505e+03 1.966141462326049805e-01 1.584263145923614502e-02
6.418619999999375068e+03 1.762499660253524780e-01 1.550301909446716309e-02
6.420099999999374631e+03 1.982865482568740845e-01 1.582055166363716125e-02
6.421579999999374195e+03 1.869019269943237305e-01 1.558997761458158493e-02
6.423059999999373758e+03 1.776323914527893066e-01 1.564138755202293396e-02
6.424539999999373322e+03 1.451060771942138672e-01 1.512475963681936264e-02
6.426019999999372885e+03 1.761116981506347656e-01 1.556291151791810989e-02
6.427499999999372449e+03 1.569043695926666260e-01 1.528191566467285156e-02
6.428979999999372012e+03 1.493252068758010864e-01 1.516792178153991699e-02
6.430459999999371576e+03 1.890997588634490967e-01 1.569568738341331482e-02
6.431939999999371139e+03 1.793410778045654297e-01 1.547426637262105942e-02
6.433419999999370702e+03 1.532296240329742432e-01 1.503008138388395309e-02
6.434899999999370266e+03 1.530131697654724121e-01 1.511273812502622604e-02
6.436379999999369829e+03 1.579331159591674805e-01 1.526622660458087921e-02
6.437859999999369393e+03 1.702962964773178101e-01 1.528989057987928391e-02
6.439339999999368956e+03 1.828659474849700928e-01 1.538481004536151886e-02
6.440819999999368520e+03 1.826071292161941528e-01 1.544540934264659882e-02
6.442299999999368083e+03 1.576739549636840820e-01 1.518325880169868469e-02
6.443779999999367647e+03 1.469425559043884277e-01 1.505611371248960495e-02
6.445259999999367210e+03 1.620740890502929688e-01 1.534692198038101196e-02
6.446739999999366773e+03 1.765589565038681030e-01 1.552142761647701263e-02
6.448219999999366337e+03 1.677857935428619385e-01 1.520339958369731903e-02
6.449699999999365900e+03 1.652000844478607178e-01 1.517388783395290375e-02
6.451179999999365464e+03 1.736898124217987061e-01 1.529940776526927948e-02
6.452659999999365027e+03 1.918999403715133667e-01 1.569991372525691986e-02
6.454139999999364591e+03 2.017234563827514648e-01 1.578657887876033783e-02
6.455619999999364154e+03 1.798279881477355957e-01 1.532538421452045441e-02
6.457099999999363718e+03 1.828079819679260254e-01 1.550155039876699448e-02
6.458579999999363281e+03 2.073550224304199219e-01 1.597237400710582733e-02
6.460059999999362844e+03 1.721574664115905762e-01 1.533957850188016891e-02
6.461539999999362408e+03 1.493681967258453369e-01 1.488622557371854782e-02
6.463019999999361971e+03 1.889872252941131592e-01 1.559073850512504578e-02
6.464499999999361535e+03 1.669875383377075195e-01 1.561980787664651871e-02
6.465979999999361098e+03 1.955134421586990356e-01 1.626774854958057404e-02
6.467459999999360662e+03 1.898983716964721680e-01 1.590509526431560516e-02
6.468939999999360225e+03 1.937467157840728760e-01 1.585605926811695099e-02
6.470419999999359788e+03 1.916602402925491333e-01 1.593094132840633392e-02
6.471899999999359352e+03 1.811703145503997803e-01 1.574020460247993469e-02
6.473379999999358915e+03 1.946038305759429932e-01 1.573922112584114075e-02
6.474859999999358479e+03 1.894916892051696777e-01 1.550225540995597839e-02
6.476339999999358042e+03 1.815494596958160400e-01 1.543287746608257294e-02
6.477819999999357606e+03 1.827058941125869751e-01 1.558217220008373260e-02
6.479299999999357169e+03 1.811748892068862915e-01 1.554743759334087372e-02
6.480779999999356733e+03 1.744536012411117554e-01 1.521658152341842651e-02
6.482259999999356296e+03 1.626080274581909180e-01 1.492467988282442093e-02
6.483739999999355859e+03 1.556495726108551025e-01 1.490852236747741699e-02
6.485219999999355423e+03 1.719871759414672852e-01 1.523452252149581909e-02
6.486699999999354986e+03 2.008168697357177734e-01 1.572588831186294556e-02
6.488179999999354550e+03 1.704751253128051758e-01 1.524648815393447876e-02
6.489659999999354113e+03 1.677488833665847778e-01 1.521282922476530075e-02
6.491139999999353677e+03 1.825571805238723755e-01 1.524197217077016830e-02
6.492619999999353240e+03 1.836701333522796631e-01 1.514895074069499969e-02
6.494099999999352804e+03 1.651743501424789429e-01 1.465258654206991196e-02
6.495579999999352367e+03 1.919801831245422363e-01 1.507124118506908417e-02
6.497059999999351930e+03 1.920466721057891846e-01 1.577394083142280579e-02
6.498539999999351494e+03 1.795818805694580078e-01 1.621867716312408447e-02
6.500019999999351057e+03 1.990875154733657837e-01 1.617770828306674957e-02
6.501499999999350621e+03 2.001842558383941650e-01 1.566822268068790436e-02
6.502979999999350184e+03 1.785233616828918457e-01 1.541810389608144760e-02
6.504459999999349748e+03 1.699911057949066162e-01 1.550729572772979736e-02
6.505939999999349311e+03 1.988944709300994873e-01 1.588650792837142944e-02
6.507419999999348875e+03 1.783442944288253784e-01 1.532437745481729507e-02
6.508899999999348438e+03 1.664952337741851807e-01 1.507575623691082001e-02
6.510379999999348001e+03 1.649861782789230347e-01 1.506552100181579590e-02
6.511859999999347565e+03 1.550341993570327759e-01 1.487585529685020447e-02
6.513339999999347128e+03 1.656107306480407715e-01 1.507399603724479675e-02
6.514819999999346692e+03 1.783396303653717041e-01 1.517131458967924118e-02
6.516299999999346255e+03 1.801217198371887207e-01 1.508212927728891373e-02
6.517779999999345819e+03 1.672443747520446777e-01 1.487600710242986679e-02
6.519259999999345382e+03 1.871766448020935059e-01 1.525918766856193542e-02
6.520739999999344946e+03 1.846052110195159912e-01 1.537838019430637360e-02
6.522219999999344509e+03 1.485050171613693237e-01 1.503005810081958771e-02
6.523699999999344072e+03 1.777598261833190918e-01 1.538836956024169922e-02
6.525179999999343636e+03 1.627598255872726440e-01 1.494114100933074951e-02
6.526659999999343199e+03 1.728964745998382568e-01 1.511308737099170685e-02
6.528139999999342763e+03 1.628243923187255859e-01 1.480569504201412201e-02
6.529619999999342326e+03 1.690420806407928467e-01 1.507496461272239685e-02
6.531099999999341890e+03 1.573202461004257202e-01 1.519718579947948456e-02
6.532579999999341453e+03 1.847772747278213501e-01 1.600925996899604797e-02
6.534059999999341017e+03 1.976995766162872314e-01 1.607101783156394958e-02
6.535539999999340580e+03 1.460756808519363403e-01 1.480361167341470718e-02
6.537019999999340143e+03 1.540493667125701904e-01 1.478677708655595779e-02
6.538499999999339707e+03 1.529933810234069824e-01 1.476390473544597626e-02
6.539979999999339270e+03 1.596195548772811890e-01 1.490231696516275406e-02
6.541459999999338834e+03 1.665892153978347778e-01 1.502483803778886795e-02
6.542939999999338397e+03 1.623899042606353760e-01 1.512775197625160217e-02
6.544419999999337961e+03 1.766981482505798340e-01 1.537545677274465561e-02
6.545899999999337524e+03 1.762867718935012817e-01 1.509746909141540527e-02
6.547379999999337088e+03 1.750646233558654785e-01 1.494400762021541595e-02
6.548859999999336651e+03 1.670598834753036499e-01 1.480909436941146851e-02
6.550339999999336214e+03 1.588937640190124512e-01 1.475344225764274597e-02
6.551819999999335778e+03 1.500979065895080566e-01 1.516883261501789093e-02
6.553299999999335341e+03 1.563604623079299927e-01 1.560933236032724380e-02
6.554779999999334905e+03 1.782044619321823120e-01 1.561710424721240997e-02
6.556259999999334468e+03 1.629451513290405273e-01 1.471996214240789413e-02
6.557739999999334032e+03 1.948791742324829102e-01 1.499874982982873917e-02
6.559219999999333595e+03 1.849181056022644043e-01 1.468166895210742950e-02
6.560699999999333158e+03 1.778368055820465088e-01 1.427480392158031464e-02
6.562179999999332722e+03 1.566223949193954468e-01 1.330193225294351578e-02
6.563659999999332285e+03 1.538028866052627563e-01 1.339883916079998016e-02
6.565139999999331849e+03 1.531265377998352051e-01 1.390552241355180740e-02
6.566619999999331412e+03 1.482446491718292236e-01 1.420089881867170334e-02
6.568099999999330976e+03 1.877868175506591797e-01 1.513017248362302780e-02
6.569579999999330539e+03 1.888934075832366943e-01 1.521421317011117935e-02
6.571059999999330103e+03 1.799893379211425781e-01 1.493599452078342438e-02
6.572539999999329666e+03 1.796480566263198853e-01 1.493467576801776886e-02
6.574019999999329229e+03 1.434967815876007080e-01 1.434714719653129578e-02
6.575499999999328793e+03 1.499638408422470093e-01 1.481922436505556107e-02
6.576979999999328356e+03 1.763933449983596802e-01 1.561129279434680939e-02
6.578459999999327920e+03 1.771408766508102417e-01 1.558734383434057236e-02
6.579939999999327483e+03 1.744285523891448975e-01 1.512384321540594101e-02
6.581419999999327047e+03 1.777809858322143555e-01 1.491048093885183334e-02
6.582899999999326610e+03 1.722614169120788574e-01 1.493706740438938141e-02
6.584379999999326174e+03 1.630384176969528198e-01 1.482424512505531311e-02
6.585859999999325737e+03 1.660903990268707275e-01 1.475644484162330627e-02
6.587339999999325300e+03 1.554147303104400635e-01 1.456937938928604126e-02
6.588819999999324864e+03 1.431871205568313599e-01 1.448587886989116669e-02
6.590299999999324427e+03 1.618030220270156860e-01 1.477837096899747849e-02
6.591779999999323991e+03 1.631405353546142578e-01 1.463292818516492844e-02
6.593259999999323554e+03 1.593595594167709351e-01 1.453862152993679047e-02
6.594739999999323118e+03 1.695325076580047607e-01 1.487087178975343704e-02
6.596219999999322681e+03 1.731966584920883179e-01 1.503177173435688019e-02
6.597699999999322245e+03 1.836399734020233154e-01 1.513490360230207443e-02
6.599179999999321808e+03 1.711242496967315674e-01 1.490596774965524673e-02
6.600659999999321371e+03 1.844875216484069824e-01 1.514344383031129837e-02
6.602139999999320935e+03 1.706923097372055054e-01 1.505711022764444351e-02
6.603619999999320498e+03 1.708540618419647217e-01 1.518814824521541595e-02
6.605099999999320062e+03 1.800498664379119873e-01 1.529189106076955795e-02
6.606579999999319625e+03 1.534975618124008179e-01 1.459753327071666718e-02
6.608059999999319189e+03 1.644647419452667236e-01 1.466118544340133667e-02
6.609539999999318752e+03 1.628583967685699463e-01 1.464587915688753128e-02
6.611019999999318316e+03 1.595692336559295654e-01 1.465285383164882660e-02
6.612499999999317879e+03 1.783702373504638672e-01 1.494815479964017868e-02
6.613979999999317442e+03 1.848214119672775269e-01 1.506253797560930252e-02
6.615459999999317006e+03 1.731044054031372070e-01 1.485955808311700821e-02
6.616939999999316569e+03 1.553072035312652588e-01 1.454965118318796158e-02
6.618419999999316133e+03 1.609221547842025757e-01 1.471429318189620972e-02
6.619899999999315696e+03 1.674609482288360596e-01 1.483853813260793686e-02
6.621379999999315260e+03 1.774079501628875732e-01 1.496671047061681747e-02
6.622859999999314823e+03 1.915851831436157227e-01 1.515388395637273788e-02
6.624339999999314387e+03 1.526354849338531494e-01 1.455444842576980591e-02
6.625819999999313950e+03 1.705264151096343994e-01 1.490684691816568375e-02
6.627299999999313513e+03 1.874633580446243286e-01 1.517482101917266846e-02
6.628779999999313077e+03 1.565535664558410645e-01 1.466154865920543671e-02
6.630259999999312640e+03 1.761369109153747559e-01 1.493834704160690308e-02
6.631739999999312204e+03 1.599467843770980835e-01 1.461045630276203156e-02
6.633219999999311767e+03 1.564295291900634766e-01 1.451846305280923843e-02
6.634699999999311331e+03 1.708541065454483032e-01 1.481520291417837143e-02
6.636179999999310894e+03 1.605180948972702026e-01 1.463069766759872437e-02
6.637659999999310457e+03 1.795757710933685303e-01 1.497655548155307770e-02
6.639139999999310021e+03 2.741600871086120605e-01 1.649079844355583191e-02
6.640619999999309584e+03 2.932484745979309082e-01 1.676651835441589355e-02
6.642099999999309148e+03 2.251945436000823975e-01 1.559293828904628754e-02
6.643579999999308711e+03 1.659774035215377808e-01 1.460693590342998505e-02
6.645059999999308275e+03 1.619216799736022949e-01 1.458598952740430832e-02
6.646539999999307838e+03 1.643828749656677246e-01 1.469375751912593842e-02
6.648019999999307402e+03 1.654177457094192505e-01 1.472109649330377579e-02
6.649499999999306965e+03 1.573716253042221069e-01 1.454770658165216446e-02
6.650979999999306528e+03 1.556110680103302002e-01 1.452570129185914993e-02
6.652459999999306092e+03 3.610171079635620117e-01 1.764277741312980652e-02
6.653939999999305655e+03 1.571692109107971191e+00 3.015204705297946930e-02
6.655419999999305219e+03 2.221369743347167969e+00 3.512780740857124329e-02
6.656899999999304782e+03 1.237449407577514648e+00 2.745017223060131073e-02
6.658379999999304346e+03 2.470377683639526367e-01 1.599312201142311096e-02
6.659859999999303909e+03 1.792232990264892578e-01 1.486983243376016617e-02
6.661339999999303473e+03 1.694044470787048340e-01 1.471958402544260025e-02
6.662819999999303036e+03 1.670188158750534058e-01 1.465921569615602493e-02
6.664299999999302599e+03 1.419695764780044556e-01 1.410989090800285339e-02
6.665779999999302163e+03 1.783190369606018066e-01 1.483404636383056641e-02
6.667259999999301726e+03 1.787997186183929443e-01 1.487443037331104279e-02
6.668739999999301290e+03 1.765260100364685059e-01 1.492145657539367676e-02
6.670219999999300853e+03 1.653485000133514404e-01 1.462712511420249939e-02
6.671699999999300417e+03 1.487162709236145020e-01 1.437155716121196747e-02
6.673179999999299980e+03 1.517768651247024536e-01 1.441378425806760788e-02
6.674659999999299544e+03 4.487606883049011230e-01 1.876648515462875366e-02
6.676139999999299107e+03 6.542870402336120605e-01 2.128373645246028900e-02
6.677619999999298670e+03 5.032195448875427246e-01 1.944088377058506012e-02
6.679099999999298234e+03 2.406475543975830078e-01 1.570492610335350037e-02
6.680579999999297797e+03 1.655138880014419556e-01 1.461994741111993790e-02
6.682059999999297361e+03 1.661728918552398682e-01 1.461462024599313736e-02
6.683539999999296924e+03 1.747318655252456665e-01 1.473622117191553116e-02
6.685019999999296488e+03 1.674934178590774536e-01 1.470554340630769730e-02
6.686499999999296051e+03 1.494241654872894287e-01 1.432460732758045197e-02
6.687979999999295615e+03 1.477874517440795898e-01 1.432686019688844681e-02
6.689459999999295178e+03 1.769527792930603027e-01 1.487967744469642639e-02
6.690939999999294741e+03 1.766416132450103760e-01 1.483951415866613388e-02
6.692419999999294305e+03 1.700230538845062256e-01 1.469035446643829346e-02
6.693899999999293868e+03 1.685032248497009277e-01 1.464594714343547821e-02
6.695379999999293432e+03 1.537067294120788574e-01 1.433863583952188492e-02
6.696859999999292995e+03 1.426177173852920532e-01 1.413087360560894012e-02
6.698339999999292559e+03 1.769866943359375000e-01 1.473398227244615555e-02
6.699819999999292122e+03 1.783191412687301636e-01 1.478479709476232529e-02
6.701299999999291686e+03 1.490501612424850464e-01 1.434508804231882095e-02
6.702779999999291249e+03 1.706114411354064941e-01 1.459627691656351089e-02
6.704259999999290812e+03 1.649658232927322388e-01 1.449866220355033875e-02
6.705739999999290376e+03 1.575516909360885620e-01 1.441828534007072449e-02
6.707219999999289939e+03 1.636697798967361450e-01 1.458534598350524902e-02
6.708699999999289503e+03 1.590548157691955566e-01 1.447797939181327820e-02
6.710179999999289066e+03 1.733896434307098389e-01 1.463699806481599808e-02
6.711659999999288630e+03 1.802253872156143188e-01 1.476463116705417633e-02
6.713139999999288193e+03 1.774111390113830566e-01 1.463728211820125580e-02
6.714619999999287757e+03 1.826278269290924072e-01 1.471755094826221466e-02
6.716099999999287320e+03 1.736868321895599365e-01 1.455737743526697159e-02
6.717579999999286883e+03 1.609376072883605957e-01 1.435546390712261200e-02
6.719059999999286447e+03 1.853838264942169189e-01 1.481033116579055786e-02
6.720539999999286010e+03 1.929150819778442383e-01 1.490854006260633469e-02
6.722019999999285574e+03 1.753781735897064209e-01 1.462115161120891571e-02
6.723499999999285137e+03 1.773918271064758301e-01 1.468236278742551804e-02
6.724979999999284701e+03 1.839615255594253540e-01 1.478318404406309128e-02
6.726459999999284264e+03 1.611599475145339966e-01 1.438246294856071472e-02
6.727939999999283827e+03 1.755208224058151245e-01 1.457667257636785507e-02
6.729419999999283391e+03 1.749897301197052002e-01 1.467598322778940201e-02
6.730899999999282954e+03 1.587799340486526489e-01 1.430218946188688278e-02
6.732379999999282518e+03 1.519441306591033936e-01 1.425394229590892792e-02
6.733859999999282081e+03 1.524053215980529785e-01 1.425348501652479172e-02
6.735339999999281645e+03 1.601110398769378662e-01 1.430838089436292648e-02
6.736819999999281208e+03 1.633438766002655029e-01 1.436338387429714203e-02
6.738299999999280772e+03 1.809435337781906128e-01 1.482026278972625732e-02
6.739779999999280335e+03 1.734393239021301270e-01 1.456006616353988647e-02
6.741259999999279898e+03 1.593533456325531006e-01 1.430777925997972488e-02
6.742739999999279462e+03 1.754381805658340454e-01 1.460803765803575516e-02
6.744219999999279025e+03 1.747990250587463379e-01 1.461979746818542480e-02
6.745699999999278589e+03 1.606383770704269409e-01 1.427538041025400162e-02
6.747179999999278152e+03 1.644868999719619751e-01 1.432568859308958054e-02
6.748659999999277716e+03 1.706012636423110962e-01 1.451907493174076080e-02
6.750139999999277279e+03 1.682867556810379028e-01 1.441666670143604279e-02
6.751619999999276843e+03 1.698194593191146851e-01 1.442072540521621704e-02
6.753099999999276406e+03 1.734694391489028931e-01 1.454213168472051620e-02
6.754579999999275969e+03 1.885837018489837646e-01 1.479187980294227600e-02
6.756059999999275533e+03 1.657085567712783813e-01 1.440050452947616577e-02
6.757539999999275096e+03 1.563763916492462158e-01 1.429340243339538574e-02
6.759019999999274660e+03 1.756878644227981567e-01 1.459128316491842270e-02
6.760499999999274223e+03 1.710688620805740356e-01 1.443891692906618118e-02
6.761979999999273787e+03 1.613975465297698975e-01 1.428542751818895340e-02
6.763459999999273350e+03 1.898916810750961304e-01 1.480920705944299698e-02
6.764939999999272914e+03 1.686795502901077271e-01 1.439887285232543945e-02
6.766419999999272477e+03 1.495390981435775757e-01 1.399906445294618607e-02
6.767899999999272040e+03 1.583972871303558350e-01 1.418017037212848663e-02
6.769379999999271604e+03 1.691785901784896851e-01 1.443423237651586533e-02
6.770859999999271167e+03 1.710616201162338257e-01 1.443500723689794540e-02
6.772339999999270731e+03 1.827219575643539429e-01 1.458356529474258423e-02
6.773819999999270294e+03 1.800864189863204956e-01 1.456000469624996185e-02
6.775299999999269858e+03 1.662216335535049438e-01 1.431998424232006073e-02
6.776779999999269421e+03 1.593014448881149292e-01 1.422313321381807327e-02
6.778259999999268985e+03 1.605945229530334473e-01 1.427636947482824326e-02
6.779739999999268548e+03 1.807371973991394043e-01 1.464659161865711212e-02
6.781219999999268111e+03 1.869928389787673950e-01 1.469123363494873047e-02
6.782699999999267675e+03 1.607885360717773438e-01 1.423533447086811066e-02
6.784179999999267238e+03 1.561399698257446289e-01 1.417071279138326645e-02
6.785659999999266802e+03 1.670539677143096924e-01 1.428203005343675613e-02
6.787139999999266365e+03 1.846572458744049072e-01 1.462711021304130554e-02
6.788619999999265929e+03 1.561012715101242065e-01 1.410848926752805710e-02
6.790099999999265492e+03 1.362997293472290039e-01 1.379089057445526123e-02
6.791579999999265056e+03 1.629012674093246460e-01 1.424306072294712067e-02
6.793059999999264619e+03 1.691611111164093018e-01 1.434392761439085007e-02
6.794539999999264182e+03 1.568855196237564087e-01 1.406459882855415344e-02
6.796019999999263746e+03 1.583556681871414185e-01 1.408315636217594147e-02
6.797499999999263309e+03 1.966443359851837158e-01 1.478921994566917419e-02
6.798979999999262873e+03 1.827501505613327026e-01 1.458554808050394058e-02
6.800459999999262436e+03 1.746616661548614502e-01 1.438364945352077484e-02
6.801939999999262000e+03 1.669703722000122070e-01 1.422847714275121689e-02
6.803419999999261563e+03 1.555256098508834839e-01 1.408520247787237167e-02
6.804899999999261127e+03 1.708182990550994873e-01 1.430825050920248032e-02
6.806379999999260690e+03 1.605071425437927246e-01 1.408116146922111511e-02
6.807859999999260253e+03 1.679119765758514404e-01 1.418655924499034882e-02
6.809339999999259817e+03 3.788345754146575928e-01 1.743513718247413635e-02
6.810819999999259380e+03 5.450054407119750977e-01 1.965355128049850464e-02
6.812299999999258944e+03 3.820493221282958984e-01 1.752870157361030579e-02
6.813779999999258507e+03 2.088663876056671143e-01 1.492894068360328674e-02
6.815259999999258071e+03 1.731634736061096191e-01 1.433295197784900665e-02
6.816739999999257634e+03 1.840099990367889404e-01 1.449945941567420959e-02
6.818219999999257197e+03 1.800887584686279297e-01 1.435277704149484634e-02
6.819699999999256761e+03 1.791476160287857056e-01 1.437684427946805954e-02
6.821179999999256324e+03 1.588450521230697632e-01 1.410051994025707245e-02
6.822659999999255888e+03 1.782878786325454712e-01 1.437790133059024811e-02
6.824139999999255451e+03 3.322327733039855957e-01 1.691458001732826233e-02
6.825619999999255015e+03 3.950496912002563477e-01 1.801281422376632690e-02
6.827099999999254578e+03 2.976007461547851562e-01 1.705242320895195007e-02
6.828579999999254142e+03 2.020660936832427979e-01 1.600622385740280151e-02
6.830059999999253705e+03 1.721214652061462402e-01 1.533861551433801651e-02
6.831539999999253268e+03 1.532090604305267334e-01 1.473148260265588760e-02
6.833019999999252832e+03 1.629209816455841064e-01 1.518097240477800369e-02
6.834499999999252395e+03 1.704710423946380615e-01 1.537347584962844849e-02
6.835979999999251959e+03 1.663475036621093750e-01 1.458126492798328400e-02
6.837459999999251522e+03 1.685951650142669678e-01 1.417001150548458099e-02
6.838939999999251086e+03 1.651924848556518555e-01 1.415973249822854996e-02
6.840419999999250649e+03 1.637514382600784302e-01 1.420581713318824768e-02
6.841899999999250213e+03 1.416025161743164062e-01 1.386575214564800262e-02
6.843379999999249776e+03 1.447347402572631836e-01 1.381720509380102158e-02
6.844859999999249339e+03 1.764259636402130127e-01 1.432158797979354858e-02
6.846339999999248903e+03 1.726606488227844238e-01 1.416286639869213104e-02
6.847819999999248466e+03 1.815558075904846191e-01 1.434906478971242905e-02
6.849299999999248030e+03 1.502624303102493286e-01 1.390350237488746643e-02
6.850779999999247593e+03 1.594058573246002197e-01 1.400304678827524185e-02
6.852259999999247157e+03 1.531413197517395020e-01 1.383578032255172729e-02
6.853739999999246720e+03 1.572058796882629395e-01 1.385265029966831207e-02
6.855219999999246284e+03 1.818389892578125000e-01 1.426561456173658371e-02
6.856699999999245847e+03 1.647817343473434448e-01 1.400554925203323364e-02
6.858179999999245410e+03 1.501774191856384277e-01 1.374478172510862350e-02
6.859659999999244974e+03 1.461048722267150879e-01 1.381636038422584534e-02
6.861139999999244537e+03 1.442670077085494995e-01 1.458442863076925278e-02
6.862619999999244101e+03 1.775723397731781006e-01 1.647682487964630127e-02
6.864099999999243664e+03 2.014068514108657837e-01 1.673634909093379974e-02
6.865579999999243228e+03 1.657833904027938843e-01 1.461089123040437698e-02
6.867059999999242791e+03 1.056164056062698364e-01 1.184275839477777481e-02
6.868539999999242355e+03 9.526560455560684204e-02 1.132652256637811661e-02
6.870019999999241918e+03 1.139852926135063171e-01 1.191960182040929794e-02
6.871499999999241481e+03 1.277028471231460571e-01 1.231697481125593185e-02
6.872979999999241045e+03 1.258513778448104858e-01 1.221629511564970016e-02
6.874459999999240608e+03 1.460567861795425415e-01 1.266109663993120193e-02
6.875939999999240172e+03 1.491402536630630493e-01 1.278576254844665527e-02
6.877419999999239735e+03 1.509600281715393066e-01 1.307538989931344986e-02
6.878899999999239299e+03 1.253715157508850098e-01 1.294960547238588333e-02
6.880379999999238862e+03 1.298604309558868408e-01 1.335959509015083313e-02
6.881859999999238426e+03 1.498616188764572144e-01 1.363307982683181763e-02
6.883339999999237989e+03 1.506747901439666748e-01 1.348588988184928894e-02
6.884819999999237552e+03 1.392408013343811035e-01 1.306610554456710815e-02
6.886299999999237116e+03 1.298410445451736450e-01 1.287783961743116379e-02
6.887779999999236679e+03 1.403117924928665161e-01 1.331303920596837997e-02
6.889259999999236243e+03 1.433988064527511597e-01 1.344669051468372345e-02
6.890739999999235806e+03 1.407360732555389404e-01 1.314945984631776810e-02
6.892219999999235370e+03 1.357535123825073242e-01 1.289169397205114365e-02
6.893699999999234933e+03 1.374161541461944580e-01 1.294990722090005875e-02
6.895179999999234496e+03 1.549037694931030273e-01 1.319358963519334793e-02
6.896659999999234060e+03 1.474001407623291016e-01 1.310098916292190552e-02
6.898139999999233623e+03 1.306482106447219849e-01 1.311226002871990204e-02
6.899619999999233187e+03 1.333344578742980957e-01 1.340360566973686218e-02
6.901099999999232750e+03 1.433439552783966064e-01 1.369783282279968262e-02
6.902579999999232314e+03 1.681201308965682983e-01 1.375896763056516647e-02
6.904059999999231877e+03 1.488794237375259399e-01 1.323279365897178650e-02
6.905539999999231441e+03 1.335417628288269043e-01 1.301150023937225342e-02
6.907019999999231004e+03 1.757118254899978638e-01 1.379695534706115723e-02
6.908499999999230567e+03 1.454902589321136475e-01 1.326058991253376007e-02
6.909979999999230131e+03 1.367022842168807983e-01 1.337476633489131927e-02
6.911459999999229694e+03 1.635241657495498657e-01 1.431817095726728439e-02
6.912939999999229258e+03 1.644019633531570435e-01 1.430436037480831146e-02
6.914419999999228821e+03 1.642526388168334961e-01 1.386170182377099991e-02
6.915899999999228385e+03 1.611122488975524902e-01 1.351678837090730667e-02
6.917379999999227948e+03 1.491589844226837158e-01 1.328881736844778061e-02
6.918859999999227512e+03 1.547624170780181885e-01 1.346507761627435684e-02
6.920339999999227075e+03 1.659741252660751343e-01 1.421309728175401688e-02
6.921819999999226638e+03 1.628973931074142456e-01 1.486215740442276001e-02
6.923299999999226202e+03 1.519502848386764526e-01 1.475039124488830566e-02
6.924779999999225765e+03 1.550936102867126465e-01 1.410482451319694519e-02
6.926259999999225329e+03 1.696673631668090820e-01 1.391446683555841446e-02
6.927739999999224892e+03 1.721695810556411743e-01 1.385489199310541153e-02
6.929219999999224456e+03 1.740869283676147461e-01 1.380218472331762314e-02
6.930699999999224019e+03 1.704461723566055298e-01 1.381035614758729935e-02
6.932179999999223583e+03 1.480221748352050781e-01 1.343028526753187180e-02
6.933659999999223146e+03 1.517738103866577148e-01 1.349161751568317413e-02
6.935139999999222709e+03 1.663339436054229736e-01 1.376471668481826782e-02
6.936619999999222273e+03 1.376258879899978638e-01 1.348923053592443466e-02
6.938099999999221836e+03 1.553725004196166992e-01 1.409960910677909851e-02
6.939579999999221400e+03 1.668400466442108154e-01 1.432010624557733536e-02
6.941059999999220963e+03 1.206111311912536621e-01 1.321248710155487061e-02
6.942539999999220527e+03 1.349208652973175049e-01 1.315336022526025772e-02
6.944019999999220090e+03 1.639969348907470703e-01 1.359562110155820847e-02
6.945499999999219654e+03 1.448234170675277710e-01 1.349519472569227219e-02
6.946979999999219217e+03 1.412451267242431641e-01 1.424718089401721954e-02
6.948459999999218780e+03 1.562455296516418457e-01 1.500892732292413712e-02
6.949939999999218344e+03 1.571180075407028198e-01 1.474422868341207504e-02
6.951419999999217907e+03 1.488800346851348877e-01 1.375699788331985474e-02
6.952899999999217471e+03 1.560484766960144043e-01 1.357186678797006607e-02
6.954379999999217034e+03 1.784281581640243530e-01 1.392623595893383026e-02
6.955859999999216598e+03 1.661546826362609863e-01 1.370447967201471329e-02
6.957339999999216161e+03 1.469328701496124268e-01 1.342511922121047974e-02
6.958819999999215725e+03 1.519786268472671509e-01 1.349159423261880875e-02
6.960299999999215288e+03 1.454292982816696167e-01 1.337145827710628510e-02
6.961779999999214851e+03 1.424771547317504883e-01 1.334824413061141968e-02
6.963259999999214415e+03 1.395165920257568359e-01 1.330603007227182388e-02
6.964739999999213978e+03 1.464679539203643799e-01 1.345168519765138626e-02
6.966219999999213542e+03 1.637710183858871460e-01 1.378877926617860794e-02
6.967699999999213105e+03 1.510641723871231079e-01 1.372042577713727951e-02
6.969179999999212669e+03 1.489815115928649902e-01 1.381159946322441101e-02
6.970659999999212232e+03 1.638426780700683594e-01 1.394389010965824127e-02
6.972139999999211796e+03 1.569506078958511353e-01 1.368538942188024521e-02
6.973619999999211359e+03 1.547165960073471069e-01 1.351842097938060760e-02
6.975099999999210922e+03 1.628513038158416748e-01 1.378396991640329361e-02
6.976579999999210486e+03 1.544005274772644043e-01 1.410388760268688202e-02
6.978059999999210049e+03 1.500165760517120361e-01 1.414608303457498550e-02
6.979539999999209613e+03 1.793917715549468994e-01 1.442311983555555344e-02
6.981019999999209176e+03 1.527393609285354614e-01 1.355670671910047531e-02
6.982499999999208740e+03 1.779049038887023926e-01 1.390055660158395767e-02
6.983979999999208303e+03 1.660582274198532104e-01 1.374757383018732071e-02
6.985459999999207866e+03 1.694000363349914551e-01 1.374088134616613388e-02
6.986939999999207430e+03 1.517049074172973633e-01 1.340988185256719589e-02
6.988419999999206993e+03 1.566670984029769897e-01 1.353005785495042801e-02
6.989899999999206557e+03 1.584199368953704834e-01 1.351789291948080063e-02
6.991379999999206120e+03 1.432822644710540771e-01 1.327996794134378433e-02
6.992859999999205684e+03 1.456566005945205688e-01 1.337506901472806931e-02
6.994339999999205247e+03 1.479237973690032959e-01 1.337100844830274582e-02
6.995819999999204811e+03 1.410594731569290161e-01 1.319359894841909409e-02
6.997299999999204374e+03 1.453049629926681519e-01 1.329138502478599548e-02
6.998779999999203937e+03 1.663076877593994141e-01 1.358820870518684387e-02
7.000259999999203501e+03 1.626278758049011230e-01 1.354783494025468826e-02
7.001739999999203064e+03 1.558503657579421997e-01 1.360600721091032028e-02
7.003219999999202628e+03 1.703799366950988770e-01 1.386794075369834900e-02
7.004699999999202191e+03 1.509206891059875488e-01 1.343790255486965179e-02
7.006179999999201755e+03 1.649136394262313843e-01 1.352323871105909348e-02
7.007659999999201318e+03 1.493327617645263672e-01 1.330590341240167618e-02
7.009139999999200882e+03 1.470658332109451294e-01 1.343664154410362244e-02
7.010619999999200445e+03 1.693417876958847046e-01 1.412262395024299622e-02
7.012099999999200008e+03 1.573161333799362183e-01 1.378073822706937790e-02
7.013579999999199572e+03 1.462580412626266479e-01 1.336162816733121872e-02
7.015059999999199135e+03 1.659896373748779297e-01 1.351132895797491074e-02
7.016539999999198699e+03 1.665372699499130249e-01 1.347875967621803284e-02
7.018019999999198262e+03 1.563881635665893555e-01 1.338846702128648758e-02
7.019499999999197826e+03 1.698235571384429932e-01 1.368795521557331085e-02
7.020979999999197389e+03 1.670548915863037109e-01 1.357225608080625534e-02
7.022459999999196953e+03 1.435064524412155151e-01 1.304332260042428970e-02
7.023939999999196516e+03 1.473326385021209717e-01 1.313853636384010315e-02
7.025419999999196079e+03 1.600677520036697388e-01 1.342468149960041046e-02
7.026899999999195643e+03 1.491272151470184326e-01 1.324679423123598099e-02
7.028379999999195206e+03 1.417258381843566895e-01 1.314055826514959335e-02
7.029859999999194770e+03 1.623623967170715332e-01 1.359766814857721329e-02
7.031339999999194333e+03 1.740537881851196289e-01 1.377394888550043106e-02
7.032819999999193897e+03 1.764983534812927246e-01 1.380997896194458008e-02
7.034299999999193460e+03 1.615343838930130005e-01 1.351577136665582657e-02
7.035779999999193024e+03 1.230851709842681885e-01 1.277715899050235748e-02
7.037259999999192587e+03 1.485238671302795410e-01 1.323178410530090332e-02
7.038739999999192150e+03 1.608732044696807861e-01 1.351661700755357742e-02
7.040219999999191714e+03 1.550773680210113525e-01 1.350919902324676514e-02
7.041699999999191277e+03 1.475667804479598999e-01 1.346780173480510712e-02
7.043179999999190841e+03 1.474279314279556274e-01 1.345001067966222763e-02
7.044659999999190404e+03 1.607137769460678101e-01 1.361223310232162476e-02
7.046139999999189968e+03 1.649613827466964722e-01 1.378776412457227707e-02
7.047619999999189531e+03 1.674792468547821045e-01 1.405128464102745056e-02
7.049099999999189095e+03 1.596075892448425293e-01 1.384334918111562729e-02
7.050579999999188658e+03 1.579898446798324585e-01 1.357067096978425980e-02
7.052059999999188221e+03 1.580254584550857544e-01 1.353572774678468704e-02
7.053539999999187785e+03 1.323383003473281860e-01 1.308039668947458267e-02
7.055019999999187348e+03 1.510667055845260620e-01 1.338188163936138153e-02
7.056499999999186912e+03 1.642385721206665039e-01 1.360884401947259903e-02
7.057979999999186475e+03 1.440996080636978149e-01 1.317857392132282257e-02
7.059459999999186039e+03 1.574675738811492920e-01 1.348221674561500549e-02
7.060939999999185602e+03 1.662677079439163208e-01 1.354886498302221298e-02
7.062419999999185166e+03 1.667274683713912964e-01 1.368000824004411697e-02
7.063899999999184729e+03 1.524761617183685303e-01 1.346451789140701294e-02
7.065379999999184292e+03 1.408995985984802246e-01 1.324198581278324127e-02
7.066859999999183856e+03 1.480036228895187378e-01 1.333092991262674332e-02
7.068339999999183419e+03 1.508348435163497925e-01 1.341448444873094559e-02
7.069819999999182983e+03 1.529249548912048340e-01 1.340884156525135040e-02
7.071299999999182546e+03 1.622342020273208618e-01 1.353959459811449051e-02
7.072779999999182110e+03 1.639952361583709717e-01 1.356661878526210785e-02
7.074259999999181673e+03 1.432689726352691650e-01 1.322436332702636719e-02
7.075739999999181236e+03 1.291478872299194336e-01 1.301434077322483063e-02
7.077219999999180800e+03 1.393900364637374878e-01 1.317978184670209885e-02
7.078699999999180363e+03 1.467790156602859497e-01 1.330880448222160339e-02
7.080179999999179927e+03 1.671775877475738525e-01 1.365792285650968552e-02
7.081659999999179490e+03 1.612003147602081299e-01 1.357165537774562836e-02
7.083139999999179054e+03 1.591363400220870972e-01 1.348454318940639496e-02
7.084619999999178617e+03 1.842441409826278687e-01 1.383814774453639984e-02
7.086099999999178181e+03 1.593729257583618164e-01 1.339794881641864777e-02
7.087579999999177744e+03 1.486346423625946045e-01 1.328418869525194168e-02
7.089059999999177307e+03 1.613114476203918457e-01 1.352805551141500473e-02
7.090539999999176871e+03 1.416165381669998169e-01 1.310048066079616547e-02
7.092019999999176434e+03 1.430289298295974731e-01 1.315815001726150513e-02
7.093499999999175998e+03 1.709547936916351318e-01 1.368524134159088135e-02
7.094979999999175561e+03 1.718661189079284668e-01 1.358320936560630798e-02
7.096459999999175125e+03 1.583191752433776855e-01 1.327571272850036621e-02
