4.300739999999999782e+03 6.327255070209503174e-02 5.394520983099937439e-02
4.302219999999999345e+03 1.020601168274879456e-01 5.353349447250366211e-02
4.303699999999998909e+03 7.812640815973281860e-02 5.312975496053695679e-02
4.305179999999998472e+03 1.341442316770553589e-01 5.394719541072845459e-02
4.306659999999998035e+03 1.780177056789398193e-01 5.208649858832359314e-02
4.308139999999997599e+03 1.111406534910202026e-01 4.902412369847297668e-02
4.309619999999997162e+03 9.146503359079360962e-02 4.992783442139625549e-02
4.311099999999996726e+03 1.529505848884582520e-01 5.343686044216156006e-02
4.312579999999996289e+03 1.591725498437881470e-01 5.690974742174148560e-02
4.314059999999995853e+03 8.851630985736846924e-02 5.781202763319015503e-02
4.315539999999995416e+03 1.362968236207962036e-01 6.249415501952171326e-02
4.317019999999994980e+03 2.554572224617004395e-01 6.470722705125808716e-02
4.318499999999994543e+03 2.302397415041923523e-02 5.950534343719482422e-02
4.319979999999994106e+03 1.337544023990631104e-01 6.052302941679954529e-02
4.321459999999993670e+03 1.833554506301879883e-01 5.920013785362243652e-02
4.322939999999993233e+03 2.910280525684356689e-01 5.720079317688941956e-02
4.324419999999992797e+03 1.499819159507751465e-01 5.137771740555763245e-02
4.325899999999992360e+03 6.342007964849472046e-02 5.254663154482841492e-02
4.327379999999991924e+03 1.096854656934738159e-01 5.796344950795173645e-02
4.328859999999991487e+03 1.714507490396499634e-01 5.992945283651351929e-02
4.330339999999991051e+03 2.181722223758697510e-01 6.027065590023994446e-02
4.331819999999990614e+03 2.083581089973449707e-01 6.016058847308158875e-02
4.333299999999990177e+03 2.067395746707916260e-01 6.003540754318237305e-02
4.334779999999989741e+03 1.555794477462768555e-01 5.836002528667449951e-02
4.336259999999989304e+03 2.508351206779479980e-01 5.728940665721893311e-02
4.337739999999988868e+03 2.107711583375930786e-01 5.242212489247322083e-02
4.339219999999988431e+03 1.249783039093017578e-01 4.822318255901336670e-02
4.340699999999987995e+03 1.696171611547470093e-01 5.095300078392028809e-02
4.342179999999987558e+03 1.015569120645523071e-01 5.223453417420387268e-02
4.343659999999987122e+03 1.142096668481826782e-01 5.391139164566993713e-02
4.345139999999986685e+03 1.336444616317749023e-01 5.533675849437713623e-02
4.346619999999986248e+03 1.538751721382141113e-01 5.609446763992309570e-02
4.348099999999985812e+03 1.747986376285552979e-01 5.711814761161804199e-02
4.349579999999985375e+03 8.845102787017822266e-02 5.383167415857315063e-02
4.351059999999984939e+03 1.658840179443359375e-01 5.229795351624488831e-02
4.352539999999984502e+03 1.203507855534553528e-01 5.195813998579978943e-02
4.354019999999984066e+03 2.138405293226242065e-01 5.501135811209678650e-02
4.355499999999983629e+03 1.319154202938079834e-01 5.376974120736122131e-02
4.356979999999983193e+03 1.683948338031768799e-01 5.452637374401092529e-02
4.358459999999982756e+03 1.299714595079421997e-01 5.285814404487609863e-02
4.359939999999982319e+03 2.553056180477142334e-01 5.549207329750061035e-02
4.361419999999981883e+03 9.593275189399719238e-02 5.371214076876640320e-02
4.362899999999981446e+03 6.822325289249420166e-02 5.252774432301521301e-02
4.364379999999981010e+03 1.623450517654418945e-01 5.450978130102157593e-02
4.365859999999980573e+03 1.633499860763549805e-01 5.339485034346580505e-02
4.367339999999980137e+03 1.873493194580078125e-01 5.260493606328964233e-02
4.368819999999979700e+03 1.996203064918518066e-01 5.274084582924842834e-02
4.370299999999979264e+03 2.157916426658630371e-01 5.240771919488906860e-02
4.371779999999978827e+03 1.990089118480682373e-01 5.179698765277862549e-02
4.373259999999978390e+03 1.025982648134231567e-01 4.855846986174583435e-02
4.374739999999977954e+03 8.750635385513305664e-02 4.736726358532905579e-02
4.376219999999977517e+03 1.876887679100036621e-01 5.038405582308769226e-02
4.377699999999977081e+03 1.976653337478637695e-01 5.147661641240119934e-02
4.379179999999976644e+03 1.163107603788375854e-01 4.958356916904449463e-02
4.380659999999976208e+03 2.081494480371475220e-01 4.972437769174575806e-02
4.382139999999975771e+03 1.815326958894729614e-01 4.506840929388999939e-02
4.383619999999975335e+03 1.601255834102630615e-01 4.218090325593948364e-02
4.385099999999974898e+03 2.347988486289978027e-01 4.690725728869438171e-02
4.386579999999974461e+03 1.836383044719696045e-01 4.802922904491424561e-02
4.388059999999974025e+03 2.152813374996185303e-01 4.837890714406967163e-02
4.389539999999973588e+03 1.752807199954986572e-01 4.707648605108261108e-02
4.391019999999973152e+03 1.695116758346557617e-01 4.723193123936653137e-02
4.392499999999972715e+03 2.473972439765930176e-01 4.886836931109428406e-02
4.393979999999972279e+03 1.140120029449462891e-01 4.577308148145675659e-02
4.395459999999971842e+03 1.456796973943710327e-01 4.685643315315246582e-02
4.396939999999971405e+03 1.354542970657348633e-01 4.724853485822677612e-02
4.398419999999970969e+03 1.550808846950531006e-01 4.715003445744514465e-02
4.399899999999970532e+03 1.397719383239746094e-01 4.529409483075141907e-02
4.401379999999970096e+03 1.200626939535140991e-01 4.491174221038818359e-02
4.402859999999969659e+03 1.376753151416778564e-01 4.419703781604766846e-02
4.404339999999969223e+03 1.392985582351684570e-01 4.256510734558105469e-02
4.405819999999968786e+03 1.330415904521942139e-01 4.344271123409271240e-02
4.407299999999968350e+03 1.256860494613647461e-01 4.424373432993888855e-02
4.408779999999967913e+03 9.005902707576751709e-02 4.393864795565605164e-02
4.410259999999967476e+03 8.845631778240203857e-02 4.484476521611213684e-02
4.411739999999967040e+03 1.014892458915710449e-01 4.555591568350791931e-02
4.413219999999966603e+03 2.336036264896392822e-01 4.613693803548812866e-02
4.414699999999966167e+03 1.040337681770324707e-01 4.216424003243446350e-02
4.416179999999965730e+03 1.534209102392196655e-01 4.322923347353935242e-02
4.417659999999965294e+03 1.101337596774101257e-01 4.403509944677352905e-02
4.419139999999964857e+03 1.474318504333496094e-01 4.529521614313125610e-02
4.420619999999964421e+03 1.640195548534393311e-01 4.495159536600112915e-02
4.422099999999963984e+03 9.348513931035995483e-02 4.257743805646896362e-02
4.423579999999963547e+03 1.311592161655426025e-01 4.287536069750785828e-02
4.425059999999963111e+03 1.763844192028045654e-01 4.356077313423156738e-02
4.426539999999962674e+03 1.277069449424743652e-01 4.269102960824966431e-02
4.428019999999962238e+03 1.206551268696784973e-01 4.267163947224617004e-02
4.429499999999961801e+03 1.648106873035430908e-01 4.327087104320526123e-02
4.430979999999961365e+03 1.012949347496032715e-01 4.116613045334815979e-02
4.432459999999960928e+03 9.974698722362518311e-02 4.106729105114936829e-02
4.433939999999960492e+03 8.529089391231536865e-02 3.950279206037521362e-02
4.435419999999960055e+03 9.398500621318817139e-02 3.944767639040946960e-02
4.436899999999959618e+03 7.671183347702026367e-02 4.043473675847053528e-02
4.438379999999959182e+03 8.998820185661315918e-02 4.166864976286888123e-02
4.439859999999958745e+03 8.256611227989196777e-02 4.067553207278251648e-02
4.441339999999958309e+03 1.288010179996490479e-01 3.990628197789192200e-02
4.442819999999957872e+03 5.547839999198913574e-01 4.585216194391250610e-02
4.444299999999957436e+03 6.627198457717895508e-01 4.829553142189979553e-02
4.445779999999956999e+03 1.722044050693511963e-01 4.131537303328514099e-02
4.447259999999956563e+03 5.699447169899940491e-02 3.918089345097541809e-02
4.448739999999956126e+03 5.965000391006469727e-02 3.917903825640678406e-02
4.450219999999955689e+03 8.177175372838973999e-02 3.925048187375068665e-02
4.451699999999955253e+03 7.341603189706802368e-02 3.868373855948448181e-02
4.453179999999954816e+03 1.240838095545768738e-01 3.807180374860763550e-02
4.454659999999954380e+03 7.870257645845413208e-02 3.619451820850372314e-02
4.456139999999953943e+03 7.938418537378311157e-02 3.572269529104232788e-02
4.457619999999953507e+03 1.520086228847503662e-01 3.754543513059616089e-02
4.459099999999953070e+03 8.183588087558746338e-02 3.631372377276420593e-02
4.460579999999952634e+03 4.990855604410171509e-02 3.526950627565383911e-02
4.462059999999952197e+03 1.276571750640869141e-01 3.700104355812072754e-02
4.463539999999951760e+03 1.510942280292510986e-01 3.820928558707237244e-02
4.465019999999951324e+03 1.571631878614425659e-01 3.828397765755653381e-02
4.466499999999950887e+03 1.127539575099945068e-01 3.744821622967720032e-02
4.467979999999950451e+03 8.218863606452941895e-02 3.649751096963882446e-02
4.469459999999950014e+03 1.325260698795318604e-01 3.705077245831489563e-02
4.470939999999949578e+03 7.917411625385284424e-02 3.667839616537094116e-02
4.472419999999949141e+03 4.704235494136810303e-02 3.670075163245201111e-02
4.473899999999948704e+03 1.076695024967193604e-01 3.795824572443962097e-02
4.475379999999948268e+03 1.361230611801147461e-01 3.803012892603874207e-02
4.476859999999947831e+03 1.181814670562744141e-01 3.799585253000259399e-02
4.478339999999947395e+03 9.835235774517059326e-02 3.726741671562194824e-02
4.479819999999946958e+03 1.139265149831771851e-01 3.581140190362930298e-02
4.481299999999946522e+03 1.016731411218643188e-01 3.502016142010688782e-02
4.482779999999946085e+03 9.171342104673385620e-02 3.556697070598602295e-02
4.484259999999945649e+03 1.295676380395889282e-01 3.713546320796012878e-02
4.485739999999945212e+03 1.499029099941253662e-01 3.794381022453308105e-02
4.487219999999944775e+03 1.074150353670120239e-01 3.668199852108955383e-02
4.488699999999944339e+03 9.886044263839721680e-02 3.540324047207832336e-02
4.490179999999943902e+03 6.521275639533996582e-02 3.484754636883735657e-02
4.491659999999943466e+03 1.571365296840667725e-01 3.691252321004867554e-02
4.493139999999943029e+03 1.067505180835723877e-01 3.594821318984031677e-02
4.494619999999942593e+03 7.490874826908111572e-02 3.478153422474861145e-02
4.496099999999942156e+03 5.076417326927185059e-02 3.476612642407417297e-02
4.497579999999941720e+03 1.177557408809661865e-01 3.637877479195594788e-02
4.499059999999941283e+03 1.396095007658004761e-01 3.662287071347236633e-02
4.500539999999940846e+03 7.117032259702682495e-02 3.515380248427391052e-02
4.502019999999940410e+03 6.890931725502014160e-02 3.543948009610176086e-02
4.503499999999939973e+03 1.175605058670043945e-01 3.667926043272018433e-02
4.504979999999939537e+03 6.892478466033935547e-02 3.623812273144721985e-02
4.506459999999939100e+03 9.723860770463943481e-02 3.615837544202804565e-02
4.507939999999938664e+03 9.447929263114929199e-02 3.578143566846847534e-02
4.509419999999938227e+03 9.315787255764007568e-02 3.600324317812919617e-02
4.510899999999937791e+03 1.503449976444244385e-01 3.657282143831253052e-02
4.512379999999937354e+03 1.077312752604484558e-01 3.556439280509948730e-02
4.513859999999936917e+03 1.012815833091735840e-01 3.500962257385253906e-02
4.515339999999936481e+03 8.852207660675048828e-02 3.464053943753242493e-02
4.516819999999936044e+03 6.837589293718338013e-02 3.451436758041381836e-02
4.518299999999935608e+03 1.361425220966339111e-01 3.519599139690399170e-02
4.519779999999935171e+03 1.620852649211883545e-01 3.614306077361106873e-02
4.521259999999934735e+03 1.787881255149841309e-01 3.613869845867156982e-02
4.522739999999934298e+03 6.314565241336822510e-02 3.424230217933654785e-02
4.524219999999933862e+03 9.257921576499938965e-02 3.447996452450752258e-02
4.525699999999933425e+03 1.617926061153411865e-01 3.442843630909919739e-02
4.527179999999932988e+03 9.408815950155258179e-02 3.261224925518035889e-02
4.528659999999932552e+03 1.095523387193679810e-01 3.278528898954391479e-02
4.530139999999932115e+03 6.558752059936523438e-02 3.235671296715736389e-02
4.531619999999931679e+03 5.665408074855804443e-02 3.272468969225883484e-02
4.533099999999931242e+03 1.031326651573181152e-01 3.331235423684120178e-02
4.534579999999930806e+03 1.289190500974655151e-01 3.331467509269714355e-02
4.536059999999930369e+03 7.885347306728363037e-02 3.330202028155326843e-02
4.537539999999929933e+03 7.543248683214187622e-02 3.448761999607086182e-02
4.539019999999929496e+03 1.000263765454292297e-01 3.470961749553680420e-02
4.540499999999929059e+03 1.312096416950225830e-01 3.463270515203475952e-02
4.541979999999928623e+03 1.250373870134353638e-01 3.455999493598937988e-02
4.543459999999928186e+03 1.489920914173126221e-01 3.489004075527191162e-02
4.544939999999927750e+03 6.594467163085937500e-02 3.365591168403625488e-02
4.546419999999927313e+03 6.594770401716232300e-02 3.335797041654586792e-02
4.547899999999926877e+03 1.775325834751129150e-01 3.446541354060173035e-02
4.549379999999926440e+03 5.700113624334335327e-02 3.235395997762680054e-02
4.550859999999926004e+03 1.272761672735214233e-01 3.377652913331985474e-02
4.552339999999925567e+03 1.322591602802276611e-01 3.411459922790527344e-02
4.553819999999925130e+03 1.399426758289337158e-01 3.393379598855972290e-02
4.555299999999924694e+03 9.887523204088211060e-02 3.348174691200256348e-02
4.556779999999924257e+03 1.313467323780059814e-01 3.452988713979721069e-02
4.558259999999923821e+03 1.507951021194458008e-01 3.537158295512199402e-02
4.559739999999923384e+03 1.171311587095260620e-01 3.507114946842193604e-02
4.561219999999922948e+03 9.114676713943481445e-02 3.484134003520011902e-02
4.562699999999922511e+03 1.568174362182617188e-01 3.530479222536087036e-02
4.564179999999922074e+03 1.135990768671035767e-01 3.385873511433601379e-02
4.565659999999921638e+03 1.084139198064804077e-01 3.384582698345184326e-02
4.567139999999921201e+03 6.111089885234832764e-02 3.373791277408599854e-02
4.568619999999920765e+03 1.254034936428070068e-01 3.487417846918106079e-02
4.570099999999920328e+03 9.683891385793685913e-02 3.416470810770988464e-02
4.571579999999919892e+03 7.006248831748962402e-02 3.359283506870269775e-02
4.573059999999919455e+03 9.371850639581680298e-02 3.433101251721382141e-02
4.574539999999919019e+03 1.132953166961669922e-01 3.462829440832138062e-02
4.576019999999918582e+03 8.703988045454025269e-02 3.440286219120025635e-02
4.577499999999918145e+03 8.279678225517272949e-02 3.430779278278350830e-02
4.578979999999917709e+03 1.665818393230438232e-01 3.477351367473602295e-02
4.580459999999917272e+03 7.829065620899200439e-02 3.292258828878402710e-02
4.581939999999916836e+03 9.764171391725540161e-02 3.325484693050384521e-02
4.583419999999916399e+03 1.201022714376449585e-01 3.354438766837120056e-02
4.584899999999915963e+03 1.054982170462608337e-01 3.322425484657287598e-02
4.586379999999915526e+03 7.596363127231597900e-02 3.332379460334777832e-02
4.587859999999915090e+03 9.644226729869842529e-02 3.398081287741661072e-02
4.589339999999914653e+03 8.446127921342849731e-02 3.409923240542411804e-02
4.590819999999914216e+03 3.293836116790771484e-02 3.284744545817375183e-02
4.592299999999913780e+03 5.608250573277473450e-02 3.288354352116584778e-02
4.593779999999913343e+03 4.875090718269348145e-02 3.295050933957099915e-02
4.595259999999912907e+03 1.900271475315093994e-01 3.471271321177482605e-02
4.596739999999912470e+03 7.310260832309722900e-02 3.294547647237777710e-02
4.598219999999912034e+03 1.653038859367370605e-01 3.451113030314445496e-02
4.599699999999911597e+03 1.456147134304046631e-01 3.421158716082572937e-02
4.601179999999911161e+03 1.139459833502769470e-01 3.370295092463493347e-02
4.602659999999910724e+03 1.248642504215240479e-01 3.404784575104713440e-02
4.604139999999910287e+03 1.044611483812332153e-01 3.383689001202583313e-02
4.605619999999909851e+03 9.545852243900299072e-02 3.368510305881500244e-02
4.607099999999909414e+03 1.274636387825012207e-01 3.470106795430183411e-02
4.608579999999908978e+03 9.825804829597473145e-02 3.463772684335708618e-02
4.610059999999908541e+03 9.112294018268585205e-02 3.447353467345237732e-02
4.611539999999908105e+03 7.592407613992691040e-02 3.368798643350601196e-02
4.613019999999907668e+03 1.279367208480834961e-01 3.436940535902976990e-02
4.614499999999907232e+03 1.055378615856170654e-01 3.405567258596420288e-02
4.615979999999906795e+03 6.029784306883811951e-02 3.382577374577522278e-02
4.617459999999906358e+03 9.738159179687500000e-02 3.400899842381477356e-02
4.618939999999905922e+03 8.815136551856994629e-02 3.395967930555343628e-02
4.620419999999905485e+03 9.144182503223419189e-02 3.381298109889030457e-02
4.621899999999905049e+03 1.220950335264205933e-01 3.473182022571563721e-02
4.623379999999904612e+03 1.193971857428550720e-01 3.450541943311691284e-02
4.624859999999904176e+03 1.123276501893997192e-01 3.422617539763450623e-02
4.626339999999903739e+03 7.865868508815765381e-02 3.389915823936462402e-02
4.627819999999903303e+03 9.004199504852294922e-02 3.396647050976753235e-02
4.629299999999902866e+03 8.540032804012298584e-02 3.385494276881217957e-02
4.630779999999902429e+03 9.758046269416809082e-02 3.426408767700195312e-02
4.632259999999901993e+03 4.628354310989379883e-02 3.321553021669387817e-02
4.633739999999901556e+03 9.541057050228118896e-02 3.390741720795631409e-02
4.635219999999901120e+03 1.737283766269683838e-01 3.476185351610183716e-02
4.636699999999900683e+03 1.213982254266738892e-01 3.377833589911460876e-02
4.638179999999900247e+03 1.023217812180519104e-01 3.336072340607643127e-02
4.639659999999899810e+03 1.026410311460494995e-01 3.338903188705444336e-02
4.641139999999899374e+03 9.221106022596359253e-02 3.356376290321350098e-02
4.642619999999898937e+03 1.097370088100433350e-01 3.401613608002662659e-02
4.644099999999898500e+03 2.499594166874885559e-02 3.215925022959709167e-02
4.645579999999898064e+03 1.568261682987213135e-01 3.362733498215675354e-02
4.647059999999897627e+03 1.118946075439453125e-01 3.223874419927597046e-02
4.648539999999897191e+03 -1.623674295842647552e-03 3.111889958381652832e-02
4.650019999999896754e+03 6.694567203521728516e-02 3.262504190206527710e-02
4.651499999999896318e+03 6.894516199827194214e-02 3.310318291187286377e-02
4.652979999999895881e+03 9.499832987785339355e-02 3.322348371148109436e-02
4.654459999999895444e+03 8.523476868867874146e-02 3.255232423543930054e-02
4.655939999999895008e+03 7.688381522893905640e-02 3.244029358029365540e-02
4.657419999999894571e+03 6.796972453594207764e-02 3.266325220465660095e-02
4.658899999999894135e+03 1.145897060632705688e-01 3.399847075343132019e-02
4.660379999999893698e+03 5.412365868687629700e-02 3.306169062852859497e-02
4.661859999999893262e+03 5.525900050997734070e-02 3.246515989303588867e-02
4.663339999999892825e+03 1.064324975013732910e-01 3.309898823499679565e-02
4.664819999999892389e+03 3.511384129524230957e-02 3.136482462286949158e-02
4.666299999999891952e+03 8.901894837617874146e-02 3.108384832739830017e-02
4.667779999999891515e+03 7.438127696514129639e-02 3.073892556130886078e-02
4.669259999999891079e+03 7.338353991508483887e-02 3.162257745862007141e-02
4.670739999999890642e+03 1.004309952259063721e-01 3.265506401658058167e-02
4.672219999999890206e+03 6.917010247707366943e-02 3.209739923477172852e-02
4.673699999999889769e+03 2.817600779235363007e-02 3.152811154723167419e-02
4.675179999999889333e+03 1.342500299215316772e-01 3.328322246670722961e-02
4.676659999999888896e+03 1.007542163133621216e-01 3.284413367509841919e-02
4.678139999999888460e+03 1.239334791898727417e-01 3.254201635718345642e-02
4.679619999999888023e+03 1.063453778624534607e-01 3.194802999496459961e-02
4.681099999999887586e+03 7.485171407461166382e-02 3.163358569145202637e-02
4.682579999999887150e+03 7.178563624620437622e-02 3.200027346611022949e-02
4.684059999999886713e+03 5.243675783276557922e-02 3.194494917988777161e-02
4.685539999999886277e+03 6.973277032375335693e-02 3.210008889436721802e-02
4.687019999999885840e+03 1.322745382785797119e-01 3.295255452394485474e-02
4.688499999999885404e+03 1.030873507261276245e-01 3.232798352837562561e-02
4.689979999999884967e+03 5.004326999187469482e-02 3.140653297305107117e-02
4.691459999999884531e+03 8.501971513032913208e-02 3.197817876935005188e-02
4.692939999999884094e+03 1.587386727333068848e-01 3.303219377994537354e-02
4.694419999999883657e+03 1.455992460250854492e-01 3.299050033092498779e-02
4.695899999999883221e+03 7.578416168689727783e-02 3.209592774510383606e-02
4.697379999999882784e+03 1.079741269350051880e-01 3.209956362843513489e-02
4.698859999999882348e+03 1.152953505516052246e-01 3.163380175828933716e-02
4.700339999999881911e+03 8.972108364105224609e-03 2.985794469714164734e-02
4.701819999999881475e+03 1.187990009784698486e-01 3.097925893962383270e-02
4.703299999999881038e+03 1.055969893932342529e-01 3.089214861392974854e-02
4.704779999999880602e+03 1.165282353758811951e-01 3.147873654961585999e-02
4.706259999999880165e+03 1.202143430709838867e-01 3.156924247741699219e-02
4.707739999999879728e+03 6.231655180454254150e-02 3.050165250897407532e-02
4.709219999999879292e+03 1.195026338100433350e-01 3.125578165054321289e-02
4.710699999999878855e+03 8.660550415515899658e-02 3.140065446496009827e-02
4.712179999999878419e+03 8.767379075288772583e-02 3.131448850035667419e-02
4.713659999999877982e+03 2.651669085025787354e-02 3.016885928809642792e-02
4.715139999999877546e+03 1.241550669074058533e-01 3.168904408812522888e-02
4.716619999999877109e+03 1.133307516574859619e-01 3.216538578271865845e-02
4.718099999999876673e+03 7.782626897096633911e-02 3.181699663400650024e-02
4.719579999999876236e+03 9.446261823177337646e-02 3.223540261387825012e-02
4.721059999999875799e+03 8.582788705825805664e-02 3.170320764183998108e-02
4.722539999999875363e+03 6.217015907168388367e-02 3.134976699948310852e-02
4.724019999999874926e+03 1.059857010841369629e-01 3.241232037544250488e-02
4.725499999999874490e+03 1.107864826917648315e-01 3.200396150350570679e-02
4.726979999999874053e+03 8.758787065744400024e-02 3.079062141478061676e-02
4.728459999999873617e+03 9.433564543724060059e-02 3.046299703419208527e-02
4.729939999999873180e+03 5.819370225071907043e-02 2.993954531848430634e-02
4.731419999999872744e+03 5.641590058803558350e-02 3.033503144979476929e-02
4.732899999999872307e+03 5.928247421979904175e-02 3.029588423669338226e-02
4.734379999999871870e+03 1.210010051727294922e-01 3.148159757256507874e-02
4.735859999999871434e+03 1.095005869865417480e-01 3.089254908263683319e-02
4.737339999999870997e+03 1.132060959935188293e-01 3.091502562165260315e-02
4.738819999999870561e+03 1.324457526206970215e-01 3.165733814239501953e-02
4.740299999999870124e+03 1.233689114451408386e-01 3.141928091645240784e-02
4.741779999999869688e+03 8.190640062093734741e-02 3.101813420653343201e-02
4.743259999999869251e+03 5.542123317718505859e-02 3.095068410038948059e-02
4.744739999999868814e+03 7.116126269102096558e-02 3.069034777581691742e-02
4.746219999999868378e+03 1.218694597482681274e-01 3.141002357006072998e-02
4.747699999999867941e+03 1.018397882580757141e-01 3.135519474744796753e-02
4.749179999999867505e+03 9.458294510841369629e-02 3.103182464838027954e-02
4.750659999999867068e+03 9.849788993597030640e-02 3.103424981236457825e-02
4.752139999999866632e+03 1.082332879304885864e-01 3.087938390672206879e-02
4.753619999999866195e+03 7.421426475048065186e-02 2.988637983798980713e-02
4.755099999999865759e+03 9.365051984786987305e-02 3.019791468977928162e-02
4.756579999999865322e+03 7.031168788671493530e-02 3.000341169536113739e-02
4.758059999999864885e+03 1.453092396259307861e-01 3.145946189761161804e-02
4.759539999999864449e+03 9.519202262163162231e-02 3.068690001964569092e-02
4.761019999999864012e+03 5.966683849692344666e-02 2.993304841220378876e-02
4.762499999999863576e+03 9.563993662595748901e-02 2.974854968488216400e-02
4.763979999999863139e+03 1.006732434034347534e-01 2.970988862216472626e-02
4.765459999999862703e+03 1.301894485950469971e-01 2.999684400856494904e-02
4.766939999999862266e+03 1.499745994806289673e-01 3.054381906986236572e-02
4.768419999999861830e+03 9.211833029985427856e-02 3.008565679192543030e-02
4.769899999999861393e+03 9.621407091617584229e-02 3.037106618285179138e-02
4.771379999999860956e+03 7.265519350767135620e-02 2.967686951160430908e-02
4.772859999999860520e+03 6.128696352243423462e-02 2.973138540983200073e-02
4.774339999999860083e+03 9.274213016033172607e-02 3.055668063461780548e-02
4.775819999999859647e+03 1.201804876327514648e-01 3.090455196797847748e-02
4.777299999999859210e+03 3.940173238515853882e-02 2.984270453453063965e-02
4.778779999999858774e+03 7.935484498739242554e-02 3.027805127203464508e-02
4.780259999999858337e+03 7.940717786550521851e-02 3.008646517992019653e-02
4.781739999999857901e+03 1.281610429286956787e-01 3.070868551731109619e-02
4.783219999999857464e+03 8.938407897949218750e-02 2.974393777549266815e-02
4.784699999999857027e+03 1.108166724443435669e-01 2.990681305527687073e-02
4.786179999999856591e+03 1.433449089527130127e-01 3.005627915263175964e-02
4.787659999999856154e+03 9.613594412803649902e-02 2.943793497979640961e-02
4.789139999999855718e+03 9.241912513971328735e-02 2.946868538856506348e-02
4.790619999999855281e+03 7.950764149427413940e-02 2.929717302322387695e-02
4.792099999999854845e+03 9.648670256137847900e-02 2.974807843565940857e-02
4.793579999999854408e+03 5.411808192729949951e-02 2.974075451493263245e-02
4.795059999999853972e+03 1.058023199439048767e-01 3.040978312492370605e-02
4.796539999999853535e+03 8.478561788797378540e-02 2.964971028268337250e-02
4.798019999999853098e+03 1.214615553617477417e-01 2.982885576784610748e-02
4.799499999999852662e+03 9.292611479759216309e-02 2.917808108031749725e-02
4.800979999999852225e+03 4.582891985774040222e-02 2.872498147189617157e-02
4.802459999999851789e+03 9.707230329513549805e-02 2.958400361239910126e-02
4.803939999999851352e+03 1.191798448562622070e-01 2.955514565110206604e-02
4.805419999999850916e+03 7.212698459625244141e-02 2.886530570685863495e-02
4.806899999999850479e+03 5.108869820833206177e-02 2.828405797481536865e-02
4.808379999999850043e+03 8.031064271926879883e-02 2.866448275744915009e-02
4.809859999999849606e+03 3.559872135519981384e-02 2.815773896872997284e-02
4.811339999999849169e+03 6.526806950569152832e-02 2.883123792707920074e-02
4.812819999999848733e+03 5.995779484510421753e-02 2.863156981766223907e-02
4.814299999999848296e+03 6.413566321134567261e-02 2.888343110680580139e-02
4.815779999999847860e+03 1.061414927244186401e-01 2.949406579136848450e-02
4.817259999999847423e+03 7.585534453392028809e-02 2.910254150629043579e-02
4.818739999999846987e+03 8.625395596027374268e-02 2.918381616473197937e-02
4.820219999999846550e+03 9.683333337306976318e-02 2.926884219050407410e-02
4.821699999999846113e+03 4.781960695981979370e-02 2.793351002037525177e-02
4.823179999999845677e+03 1.509894728660583496e-01 2.897785045206546783e-02
4.824659999999845240e+03 1.068124920129776001e-01 2.870794199407100677e-02
4.826139999999844804e+03 6.155536323785781860e-02 2.841051667928695679e-02
4.827619999999844367e+03 9.951606392860412598e-02 2.857322990894317627e-02
4.829099999999843931e+03 8.261927217245101929e-02 2.805328741669654846e-02
4.830579999999843494e+03 8.026202768087387085e-02 2.795127220451831818e-02
4.832059999999843058e+03 5.859402567148208618e-02 2.779424004256725311e-02
4.833539999999842621e+03 9.885508567094802856e-02 2.839056029915809631e-02
4.835019999999842184e+03 1.211036145687103271e-01 2.876569889485836029e-02
4.836499999999841748e+03 7.346189022064208984e-02 2.800008095800876617e-02
4.837979999999841311e+03 1.185612231492996216e-01 2.816403470933437347e-02
4.839459999999840875e+03 9.363806247711181641e-02 2.748036570847034454e-02
4.840939999999840438e+03 1.142491102218627930e-01 2.779112569987773895e-02
4.842419999999840002e+03 6.709245592355728149e-02 2.718938887119293213e-02
4.843899999999839565e+03 9.125276654958724976e-02 2.763554081320762634e-02
4.845379999999839129e+03 1.189351081848144531e-01 2.814885415136814117e-02
4.846859999999838692e+03 1.106628775596618652e-01 2.793798409402370453e-02
4.848339999999838255e+03 7.104746252298355103e-02 2.703008241951465607e-02
4.849819999999837819e+03 1.199105829000473022e-01 2.783699333667755127e-02
4.851299999999837382e+03 8.181791007518768311e-02 2.713669650256633759e-02
4.852779999999836946e+03 1.017715185880661011e-01 2.731040120124816895e-02
4.854259999999836509e+03 8.814293146133422852e-02 2.623704075813293457e-02
4.855739999999836073e+03 1.240605264902114868e-01 2.640725299715995789e-02
4.857219999999835636e+03 1.054843217134475708e-01 2.580538578331470490e-02
4.858699999999835200e+03 1.261456459760665894e-01 2.505840733647346497e-02
4.860179999999834763e+03 1.211412176489830017e-01 2.320459485054016113e-02
4.861659999999834326e+03 7.787460088729858398e-02 2.280067466199398041e-02
4.863139999999833890e+03 1.152473613619804382e-01 2.499423548579216003e-02
4.864619999999833453e+03 1.228768974542617798e-01 2.587585151195526123e-02
4.866099999999833017e+03 1.053317040205001831e-01 2.637046203017234802e-02
4.867579999999832580e+03 9.017840027809143066e-02 2.613860927522182465e-02
4.869059999999832144e+03 9.214007109403610229e-02 2.596519328653812408e-02
4.870539999999831707e+03 6.403749436140060425e-02 2.461447753012180328e-02
4.872019999999831271e+03 7.740905880928039551e-02 2.490833029150962830e-02
4.873499999999830834e+03 1.063994318246841431e-01 2.600432001054286957e-02
4.874979999999830397e+03 1.570759713649749756e-01 2.718522027134895325e-02
4.876459999999829961e+03 1.220041438937187195e-01 2.664838358759880066e-02
4.877939999999829524e+03 7.002191245555877686e-02 2.605599164962768555e-02
4.879419999999829088e+03 5.583648383617401123e-02 2.617108821868896484e-02
4.880899999999828651e+03 9.386588633060455322e-02 2.679360657930374146e-02
4.882379999999828215e+03 1.197139173746109009e-01 2.672281302511692047e-02
4.883859999999827778e+03 1.545569598674774170e-01 2.695898525416851044e-02
4.885339999999827342e+03 1.711899638175964355e-01 2.664492093026638031e-02
4.886819999999826905e+03 1.146184355020523071e-01 2.590247429907321930e-02
4.888299999999826468e+03 1.022536382079124451e-01 2.563107013702392578e-02
4.889779999999826032e+03 9.204435348510742188e-02 2.491383627057075500e-02
4.891259999999825595e+03 1.016326993703842163e-01 2.504118718206882477e-02
4.892739999999825159e+03 7.782115042209625244e-02 2.593758888542652130e-02
4.894219999999824722e+03 9.527455270290374756e-02 2.680633775889873505e-02
4.895699999999824286e+03 9.446911513805389404e-02 2.671803161501884460e-02
4.897179999999823849e+03 1.039226129651069641e-01 2.670986205339431763e-02
4.898659999999823413e+03 7.590804994106292725e-02 2.606175653636455536e-02
4.900139999999822976e+03 9.374654293060302734e-02 2.614780701696872711e-02
4.901619999999822539e+03 9.951175749301910400e-02 2.603344433009624481e-02
4.903099999999822103e+03 1.135456040501594543e-01 2.594938501715660095e-02
4.904579999999821666e+03 9.949523210525512695e-02 2.621163055300712585e-02
4.906059999999821230e+03 1.359445154666900635e-01 2.668754383921623230e-02
4.907539999999820793e+03 5.769265443086624146e-02 2.529563382267951965e-02
4.909019999999820357e+03 1.075257360935211182e-01 2.538629621267318726e-02
4.910499999999819920e+03 1.167189180850982666e-01 2.540784701704978943e-02
4.911979999999819483e+03 6.337833404541015625e-02 2.502604015171527863e-02
4.913459999999819047e+03 6.186231225728988647e-02 2.542731352150440216e-02
4.914939999999818610e+03 1.063185036182403564e-01 2.603576704859733582e-02
4.916419999999818174e+03 9.663005918264389038e-02 2.533181942999362946e-02
4.917899999999817737e+03 1.259450018405914307e-01 2.436041459441184998e-02
4.919379999999817301e+03 1.376991868019104004e-01 2.401912957429885864e-02
4.920859999999816864e+03 1.110559701919555664e-01 2.425914444029331207e-02
4.922339999999816428e+03 1.371637582778930664e-01 2.542450278997421265e-02
4.923819999999815991e+03 1.166860461235046387e-01 2.532487921416759491e-02
4.925299999999815554e+03 1.083616167306900024e-01 2.546709589660167694e-02
4.926779999999815118e+03 1.082677841186523438e-01 2.588584832847118378e-02
4.928259999999814681e+03 8.912754803895950317e-02 2.535018511116504669e-02
4.929739999999814245e+03 1.408486962318420410e-01 2.629070356488227844e-02
4.931219999999813808e+03 7.348313927650451660e-02 2.490343339741230011e-02
4.932699999999813372e+03 9.124503284692764282e-02 2.493193931877613068e-02
4.934179999999812935e+03 7.775578647851943970e-02 2.452903240919113159e-02
4.935659999999812499e+03 9.219155460596084595e-02 2.473529987037181854e-02
4.937139999999812062e+03 8.556557446718215942e-02 2.419853024184703827e-02
4.938619999999811625e+03 9.738783538341522217e-02 2.432379312813282013e-02
4.940099999999811189e+03 1.108888834714889526e-01 2.496656589210033417e-02
4.941579999999810752e+03 4.853339120745658875e-02 2.476796507835388184e-02
4.943059999999810316e+03 8.572982251644134521e-02 2.529622986912727356e-02
4.944539999999809879e+03 8.132156729698181152e-02 2.495371736586093903e-02
4.946019999999809443e+03 1.087088882923126221e-01 2.540173009037971497e-02
4.947499999999809006e+03 8.849922567605972290e-02 2.530371211469173431e-02
4.948979999999808570e+03 6.914672255516052246e-02 2.507581748068332672e-02
4.950459999999808133e+03 9.898746013641357422e-02 2.519338764250278473e-02
4.951939999999807696e+03 9.184484928846359253e-02 2.499512769281864166e-02
4.953419999999807260e+03 1.084470599889755249e-01 2.533684298396110535e-02
4.954899999999806823e+03 1.103325635194778442e-01 2.480529993772506714e-02
4.956379999999806387e+03 8.723998069763183594e-02 2.336331084370613098e-02
4.957859999999805950e+03 1.068084016442298889e-01 2.387011051177978516e-02
4.959339999999805514e+03 1.320260763168334961e-01 2.543288469314575195e-02
4.960819999999805077e+03 9.705948829650878906e-02 2.529977448284626007e-02
4.962299999999804641e+03 9.547342360019683838e-02 2.518790215253829956e-02
4.963779999999804204e+03 6.781451404094696045e-02 2.450511790812015533e-02
4.965259999999803767e+03 4.391922429203987122e-02 2.390259876847267151e-02
4.966739999999803331e+03 8.868384361267089844e-02 2.440997026860713959e-02
4.968219999999802894e+03 9.458526968955993652e-02 2.428063377737998962e-02
4.969699999999802458e+03 9.733653068542480469e-02 2.447483874857425690e-02
4.971179999999802021e+03 7.530513405799865723e-02 2.434933744370937347e-02
4.972659999999801585e+03 8.040872961282730103e-02 2.462924458086490631e-02
4.974139999999801148e+03 2.839746475219726562e-01 2.720582671463489532e-02
4.975619999999800712e+03 1.121252894401550293e+00 3.623239696025848389e-02
4.977099999999800275e+03 1.259181857109069824e+00 3.747245669364929199e-02
4.978579999999799838e+03 4.170291721820831299e-01 2.824129350483417511e-02
4.980059999999799402e+03 1.152962297201156616e-01 2.418064139783382416e-02
4.981539999999798965e+03 9.052625298500061035e-02 2.306114695966243744e-02
4.983019999999798529e+03 6.503904610872268677e-02 2.237818017601966858e-02
4.984499999999798092e+03 1.240369752049446106e-01 2.389698289334774017e-02
4.985979999999797656e+03 1.271644830703735352e-01 2.455281093716621399e-02
4.987459999999797219e+03 1.213811635971069336e-01 2.485265955328941345e-02
4.988939999999796783e+03 7.465901970863342285e-02 2.399744838476181030e-02
4.990419999999796346e+03 7.672760635614395142e-02 2.384497597813606262e-02
4.991899999999795909e+03 7.192350178956985474e-02 2.374865114688873291e-02
4.993379999999795473e+03 5.131272971630096436e-02 2.360670454800128937e-02
4.994859999999795036e+03 1.570757627487182617e-01 2.515046298503875732e-02
4.996339999999794600e+03 8.815871179103851318e-02 2.430679649114608765e-02
4.997819999999794163e+03 1.312380284070968628e-01 2.456285990774631500e-02
4.999299999999793727e+03 1.090112254023551941e-01 2.382029220461845398e-02
5.000779999999793290e+03 6.005574762821197510e-02 2.303951419889926910e-02
5.002259999999792853e+03 1.025398820638656616e-01 2.361436188220977783e-02
5.003739999999792417e+03 1.179176345467567444e-01 2.371013350784778595e-02
5.005219999999791980e+03 1.120965853333473206e-01 2.313286252319812775e-02
5.006699999999791544e+03 7.151593267917633057e-02 2.285192534327507019e-02
5.008179999999791107e+03 1.196495965123176575e-01 2.425553649663925171e-02
5.009659999999790671e+03 5.866728350520133972e-02 2.338318526744842529e-02
5.011139999999790234e+03 1.489068418741226196e-01 2.404656819999217987e-02
5.012619999999789798e+03 1.160131245851516724e-01 2.303298376500606537e-02
5.014099999999789361e+03 1.212557703256607056e-01 2.315968088805675507e-02
5.015579999999788924e+03 7.590975612401962280e-02 2.278408594429492950e-02
5.017059999999788488e+03 1.134014949202537537e-01 2.320122160017490387e-02
5.018539999999788051e+03 1.019358262419700623e-01 2.328991144895553589e-02
5.020019999999787615e+03 9.120410680770874023e-02 2.333767339587211609e-02
5.021499999999787178e+03 1.011923104524612427e-01 2.328954078257083893e-02
5.022979999999786742e+03 7.579609751701354980e-02 2.319845370948314667e-02
5.024459999999786305e+03 9.854738414287567139e-02 2.352290600538253784e-02
5.025939999999785869e+03 1.175786554813385010e-01 2.362724393606185913e-02
5.027419999999785432e+03 9.659650176763534546e-02 2.318443357944488525e-02
5.028899999999784995e+03 1.008699238300323486e-01 2.361210063099861145e-02
5.030379999999784559e+03 1.807333379983901978e-01 2.499645389616489410e-02
5.031859999999784122e+03 1.040931195020675659e-01 2.411272563040256500e-02
5.033339999999783686e+03 1.363748759031295776e-01 2.423340640962123871e-02
5.034819999999783249e+03 8.865872770547866821e-02 2.314354665577411652e-02
5.036299999999782813e+03 8.068960905075073242e-02 2.300041168928146362e-02
5.037779999999782376e+03 1.218742579221725464e-01 2.335462719202041626e-02
5.039259999999781940e+03 9.502840042114257812e-02 2.248260378837585449e-02
5.040739999999781503e+03 1.192304790019989014e-01 2.239646203815937042e-02
5.042219999999781066e+03 1.215347945690155029e-01 2.322804182767868042e-02
5.043699999999780630e+03 1.154946759343147278e-01 2.399021759629249573e-02
5.045179999999780193e+03 9.027664363384246826e-02 2.386438101530075073e-02
5.046659999999779757e+03 1.216502636671066284e-01 2.397045120596885681e-02
5.048139999999779320e+03 1.035382226109504700e-01 2.320958860218524933e-02
5.049619999999778884e+03 9.762930124998092651e-02 2.292170748114585876e-02
5.051099999999778447e+03 1.404540091753005981e-01 2.370376698672771454e-02
5.052579999999778011e+03 9.245298802852630615e-02 2.335011400282382965e-02
5.054059999999777574e+03 1.127031296491622925e-01 2.397566661238670349e-02
5.055539999999777137e+03 1.251087188720703125e-01 2.405281737446784973e-02
5.057019999999776701e+03 1.401381939649581909e-01 2.434475161135196686e-02
5.058499999999776264e+03 8.245959877967834473e-02 2.358599193394184113e-02
5.059979999999775828e+03 1.010366529226303101e-01 2.391138486564159393e-02
5.061459999999775391e+03 1.080023944377899170e-01 2.391549013555049896e-02
5.062939999999774955e+03 1.177482903003692627e-01 2.364716120064258575e-02
5.064419999999774518e+03 1.135410219430923462e-01 2.324594929814338684e-02
5.065899999999774082e+03 1.130959838628768921e-01 2.339933440089225769e-02
5.067379999999773645e+03 1.218455433845520020e-01 2.349475026130676270e-02
5.068859999999773208e+03 1.400368511676788330e-01 2.390663512051105499e-02
5.070339999999772772e+03 1.674600094556808472e-01 2.430373802781105042e-02
5.071819999999772335e+03 1.270127743482589722e-01 2.342284470796585083e-02
5.073299999999771899e+03 1.406765878200531006e-01 2.356600388884544373e-02
5.074779999999771462e+03 3.164941072463989258e-01 2.614334039390087128e-02
5.076259999999771026e+03 6.067754626274108887e-01 2.933528088033199310e-02
5.077739999999770589e+03 4.447318911552429199e-01 2.729723975062370300e-02
5.079219999999770152e+03 1.426507532596588135e-01 2.288027666509151459e-02
5.080699999999769716e+03 1.265532821416854858e-01 2.283217385411262512e-02
5.082179999999769279e+03 1.256596744060516357e-01 2.316283062100410461e-02
5.083659999999768843e+03 8.887463808059692383e-02 2.300186455249786377e-02
5.085139999999768406e+03 1.124713569879531860e-01 2.354589663445949554e-02
5.086619999999767970e+03 1.130352094769477844e-01 2.356145717203617096e-02
5.088099999999767533e+03 9.394636750221252441e-02 2.324783988296985626e-02
5.089579999999767097e+03 1.177760660648345947e-01 2.348876371979713440e-02
5.091059999999766660e+03 1.356695294380187988e-01 2.388127520680427551e-02
5.092539999999766223e+03 1.306104362010955811e-01 2.401329763233661652e-02
5.094019999999765787e+03 9.989731013774871826e-02 2.334980852901935577e-02
5.095499999999765350e+03 8.635281026363372803e-02 2.279103174805641174e-02
5.096979999999764914e+03 1.407685577869415283e-01 2.301971241831779480e-02
5.098459999999764477e+03 1.295610219240188599e-01 2.267926000058650970e-02
5.099939999999764041e+03 9.645773470401763916e-02 2.291519381105899811e-02
5.101419999999763604e+03 1.298780292272567749e-01 2.370236255228519440e-02
5.102899999999763168e+03 1.450463980436325073e-01 2.376081235706806183e-02
5.104379999999762731e+03 1.374966204166412354e-01 2.337505854666233063e-02
5.105859999999762294e+03 1.291463971138000488e-01 2.319159172475337982e-02
5.107339999999761858e+03 1.027716994285583496e-01 2.269971743226051331e-02
5.108819999999761421e+03 1.135781109333038330e-01 2.292164787650108337e-02
5.110299999999760985e+03 1.423706710338592529e-01 2.350092492997646332e-02
5.111779999999760548e+03 9.688451886177062988e-02 2.316376380622386932e-02
5.113259999999760112e+03 1.151229590177536011e-01 2.344730868935585022e-02
5.114739999999759675e+03 1.099921911954879761e-01 2.328147180378437042e-02
5.116219999999759239e+03 1.505405008792877197e-01 2.415329031646251678e-02
5.117699999999758802e+03 1.371263563632965088e-01 2.387210167944431305e-02
5.119179999999758365e+03 8.718889951705932617e-02 2.300981059670448303e-02
5.120659999999757929e+03 9.026663750410079956e-02 2.273892797529697418e-02
5.122139999999757492e+03 1.713221520185470581e-01 2.367897517979145050e-02
5.123619999999757056e+03 7.912397384643554688e-01 3.080691210925579071e-02
5.125099999999756619e+03 1.555152893066406250e+00 3.827354311943054199e-02
5.126579999999756183e+03 1.122547507286071777e+00 3.427086025476455688e-02
5.128059999999755746e+03 1.972984075546264648e-01 2.369861304759979248e-02
5.129539999999755310e+03 1.140853017568588257e-01 2.280955389142036438e-02
5.131019999999754873e+03 1.361475735902786255e-01 2.319868840277194977e-02
5.132499999999754436e+03 1.544341742992401123e-01 2.348375506699085236e-02
5.133979999999754000e+03 1.490674316883087158e-01 2.347186580300331116e-02
5.135459999999753563e+03 1.276592612266540527e-01 2.314206212759017944e-02
5.136939999999753127e+03 1.132833883166313171e-01 2.226272039115428925e-02
5.138419999999752690e+03 1.383377760648727417e-01 2.255544066429138184e-02
5.139899999999752254e+03 9.830205887556076050e-02 2.218248695135116577e-02
5.141379999999751817e+03 1.462831795215606689e-01 2.280610240995883942e-02
5.142859999999751381e+03 1.401400715112686157e-01 2.291164919734001160e-02
5.144339999999750944e+03 1.373447924852371216e-01 2.309809438884258270e-02
5.145819999999750507e+03 1.214855238795280457e-01 2.261674776673316956e-02
5.147299999999750071e+03 1.043512225151062012e-01 2.230518124997615814e-02
5.148779999999749634e+03 1.153280436992645264e-01 2.265494130551815033e-02
5.150259999999749198e+03 1.359665095806121826e-01 2.285434305667877197e-02
5.151739999999748761e+03 1.289487630128860474e-01 2.272858843207359314e-02
5.153219999999748325e+03 1.345943361520767212e-01 2.286265231668949127e-02
5.154699999999747888e+03 1.300711929798126221e-01 2.289480157196521759e-02
5.156179999999747452e+03 1.144818589091300964e-01 2.286983281373977661e-02
5.157659999999747015e+03 1.016966551542282104e-01 2.282302267849445343e-02
5.159139999999746578e+03 7.922960072755813599e-02 2.249451354146003723e-02
5.160619999999746142e+03 1.152053847908973694e-01 2.262876182794570923e-02
5.162099999999745705e+03 1.311827301979064941e-01 2.253213711082935333e-02
5.163579999999745269e+03 1.453207880258560181e-01 2.235235832631587982e-02
5.165059999999744832e+03 1.568929404020309448e-01 2.168982103466987610e-02
5.166539999999744396e+03 1.218807697296142578e-01 2.025678381323814392e-02
5.168019999999743959e+03 1.092267334461212158e-01 2.055567316710948944e-02
5.169499999999743522e+03 1.396422833204269409e-01 2.167781628668308258e-02
5.170979999999743086e+03 1.072888374328613281e-01 1.997311599552631378e-02
5.172459999999742649e+03 9.331193566322326660e-02 1.979118399322032928e-02
5.173939999999742213e+03 1.270691454410552979e-01 2.209401689469814301e-02
5.175419999999741776e+03 1.706470996141433716e-01 2.339937165379524231e-02
5.176899999999741340e+03 1.393439322710037231e-01 2.306798100471496582e-02
5.178379999999740903e+03 1.151223480701446533e-01 2.283044718205928802e-02
5.179859999999740467e+03 1.428485214710235596e-01 2.274193428456783295e-02
5.181339999999740030e+03 1.350724250078201294e-01 2.095655165612697601e-02
5.182819999999739593e+03 1.038370728492736816e-01 1.925953663885593414e-02
5.184299999999739157e+03 1.074195057153701782e-01 2.059824392199516296e-02
5.185779999999738720e+03 9.626904875040054321e-02 2.193329855799674988e-02
5.187259999999738284e+03 1.685851216316223145e-01 2.312265709042549133e-02
5.188739999999737847e+03 1.034871190786361694e-01 2.210285700857639313e-02
5.190219999999737411e+03 1.315141916275024414e-01 2.228057011961936951e-02
5.191699999999736974e+03 1.350436955690383911e-01 2.195706032216548920e-02
5.193179999999736538e+03 1.258576959371566772e-01 2.218639105558395386e-02
5.194659999999736101e+03 1.207275390625000000e-01 2.219428308308124542e-02
5.196139999999735664e+03 1.310337334871292114e-01 2.254898659884929657e-02
5.197619999999735228e+03 1.476305276155471802e-01 2.303602173924446106e-02
5.199099999999734791e+03 1.158059537410736084e-01 2.289916388690471649e-02
5.200579999999734355e+03 1.021151989698410034e-01 2.256287448108196259e-02
5.202059999999733918e+03 1.052364632487297058e-01 2.233056724071502686e-02
5.203539999999733482e+03 1.023897379636764526e-01 2.189408242702484131e-02
5.205019999999733045e+03 1.200717091560363770e-01 2.198995649814605713e-02
5.206499999999732609e+03 1.455993652343750000e-01 2.228976972401142120e-02
5.207979999999732172e+03 1.200062632560729980e-01 2.187968231737613678e-02
5.209459999999731735e+03 9.478752315044403076e-02 2.222998067736625671e-02
5.210939999999731299e+03 1.119951456785202026e-01 2.266427688300609589e-02
5.212419999999730862e+03 1.547594666481018066e-01 2.323402464389801025e-02
5.213899999999730426e+03 9.930080920457839966e-02 2.215564809739589691e-02
5.215379999999729989e+03 9.188343584537506104e-02 2.148265764117240906e-02
5.216859999999729553e+03 1.318524628877639771e-01 2.254236675798892975e-02
5.218339999999729116e+03 1.119981259107589722e-01 2.242630161345005035e-02
5.219819999999728680e+03 1.242791265249252319e-01 2.310755290091037750e-02
5.221299999999728243e+03 1.164346113801002502e-01 2.279667556285858154e-02
5.222779999999727806e+03 1.327570080757141113e-01 2.269716374576091766e-02
5.224259999999727370e+03 1.411087214946746826e-01 2.214587852358818054e-02
5.225739999999726933e+03 1.158618479967117310e-01 2.106918022036552429e-02
5.227219999999726497e+03 1.013544350862503052e-01 2.122648805379867554e-02
5.228699999999726060e+03 1.504473686218261719e-01 2.271247096359729767e-02
5.230179999999725624e+03 1.598050594329833984e-01 2.290944196283817291e-02
5.231659999999725187e+03 1.483835726976394653e-01 2.237090095877647400e-02
5.233139999999724751e+03 1.257502585649490356e-01 2.191888727247714996e-02
5.234619999999724314e+03 1.125626415014266968e-01 2.206902019679546356e-02
5.236099999999723877e+03 1.323642432689666748e-01 2.276243828237056732e-02
5.237579999999723441e+03 8.871483802795410156e-02 2.244927175343036652e-02
5.239059999999723004e+03 1.158611029386520386e-01 2.275401726365089417e-02
5.240539999999722568e+03 1.165606230497360229e-01 2.263165265321731567e-02
5.242019999999722131e+03 1.156126111745834351e-01 2.242945134639739990e-02
5.243499999999721695e+03 1.579028069972991943e-01 2.317040413618087769e-02
5.244979999999721258e+03 8.656594157218933105e-02 2.214122563600540161e-02
5.246459999999720822e+03 1.380326151847839355e-01 2.265889011323451996e-02
5.247939999999720385e+03 1.017925068736076355e-01 2.205983735620975494e-02
5.249419999999719948e+03 9.626020491123199463e-02 2.187963575124740601e-02
5.250899999999719512e+03 1.264991760253906250e-01 2.243409305810928345e-02
5.252379999999719075e+03 1.094193160533905029e-01 2.224450744688510895e-02
5.253859999999718639e+03 8.992476761341094971e-02 2.184563502669334412e-02
5.255339999999718202e+03 8.211778849363327026e-02 2.190588042140007019e-02
5.256819999999717766e+03 1.156715601682662964e-01 2.280447073280811310e-02
5.258299999999717329e+03 1.500056236982345581e-01 2.308435924351215363e-02
5.259779999999716892e+03 1.308337301015853882e-01 2.232430502772331238e-02
5.261259999999716456e+03 1.124081611633300781e-01 2.152045629918575287e-02
5.262739999999716019e+03 1.106161028146743774e-01 2.098181471228599548e-02
5.264219999999715583e+03 1.093131750822067261e-01 2.070611342787742615e-02
5.265699999999715146e+03 1.197054684162139893e-01 2.107544429600238800e-02
5.267179999999714710e+03 1.029612720012664795e-01 2.086527273058891296e-02
5.268659999999714273e+03 1.108574569225311279e-01 2.047635242342948914e-02
5.270139999999713837e+03 9.194870293140411377e-02 2.070310339331626892e-02
5.271619999999713400e+03 9.310088306665420532e-02 2.128972858190536499e-02
5.273099999999712963e+03 1.232202798128128052e-01 2.179434895515441895e-02
5.274579999999712527e+03 1.402934640645980835e-01 2.198636159300804138e-02
5.276059999999712090e+03 1.126331612467765808e-01 2.206757850944995880e-02
5.277539999999711654e+03 1.154395341873168945e-01 2.237343043088912964e-02
5.279019999999711217e+03 1.981301009654998779e-01 2.329278737306594849e-02
5.280499999999710781e+03 1.349109709262847900e-01 2.218243479728698730e-02
5.281979999999710344e+03 1.019795238971710205e-01 2.125335112214088440e-02
5.283459999999709908e+03 8.146334439516067505e-02 2.117567509412765503e-02
5.284939999999709471e+03 1.297972351312637329e-01 2.252455241978168488e-02
5.286419999999709034e+03 1.424420326948165894e-01 2.292842790484428406e-02
5.287899999999708598e+03 9.738026559352874756e-02 2.227304317057132721e-02
5.289379999999708161e+03 7.747299969196319580e-02 2.201170101761817932e-02
5.290859999999707725e+03 1.165140271186828613e-01 2.253465354442596436e-02
5.292339999999707288e+03 1.065451651811599731e-01 2.217414416372776031e-02
5.293819999999706852e+03 1.028181314468383789e-01 2.204564586281776428e-02
5.295299999999706415e+03 1.034121215343475342e-01 2.161030285060405731e-02
5.296779999999705979e+03 1.016634702682495117e-01 2.125958725810050964e-02
5.298259999999705542e+03 1.121492683887481689e-01 2.148036286234855652e-02
5.299739999999705105e+03 1.090293079614639282e-01 2.180193737149238586e-02
5.301219999999704669e+03 1.373126655817031860e-01 2.224065922200679779e-02
5.302699999999704232e+03 1.414926648139953613e-01 2.246164530515670776e-02
5.304179999999703796e+03 1.137346178293228149e-01 2.229082770645618439e-02
5.305659999999703359e+03 9.736068546772003174e-02 2.202388644218444824e-02
5.307139999999702923e+03 1.124894991517066956e-01 2.210598066449165344e-02
5.308619999999702486e+03 1.426969021558761597e-01 2.264489978551864624e-02
5.310099999999702050e+03 7.482351362705230713e-02 2.177795208990573883e-02
5.311579999999701613e+03 1.387902051210403442e-01 2.269048988819122314e-02
5.313059999999701176e+03 8.884106576442718506e-02 2.187354676425457001e-02
5.314539999999700740e+03 1.079892888665199280e-01 2.180914767086505890e-02
5.316019999999700303e+03 1.236575990915298462e-01 2.207437157630920410e-02
5.317499999999699867e+03 1.368415951728820801e-01 2.250323072075843811e-02
5.318979999999699430e+03 1.569272875785827637e-01 2.279206179082393646e-02
5.320459999999698994e+03 1.633423566818237305e-01 2.267936989665031433e-02
5.321939999999698557e+03 1.085377335548400879e-01 2.155751362442970276e-02
5.323419999999698121e+03 1.179322749376296997e-01 2.143423072993755341e-02
5.324899999999697684e+03 1.587167680263519287e-01 2.185005508363246918e-02
5.326379999999697247e+03 1.414035260677337646e-01 2.110890485346317291e-02
5.327859999999696811e+03 1.148444414138793945e-01 2.056601084768772125e-02
5.329339999999696374e+03 1.497922092676162720e-01 2.176261134445667267e-02
5.330819999999695938e+03 1.435669660568237305e-01 2.206072025001049042e-02
5.332299999999695501e+03 1.302503943443298340e-01 2.213923074305057526e-02
5.333779999999695065e+03 1.324207782745361328e-01 2.229297161102294922e-02
5.335259999999694628e+03 1.418387442827224731e-01 2.243740856647491455e-02
5.336739999999694192e+03 1.081622317433357239e-01 2.182299084961414337e-02
5.338219999999693755e+03 1.139153540134429932e-01 2.140784822404384613e-02
5.339699999999693318e+03 1.303743273019790649e-01 2.140035666525363922e-02
5.341179999999692882e+03 1.078824251890182495e-01 2.135129645466804504e-02
5.342659999999692445e+03 1.076636016368865967e-01 2.156756445765495300e-02
5.344139999999692009e+03 1.327081769704818726e-01 2.201188541948795319e-02
5.345619999999691572e+03 1.416379362344741821e-01 2.197031117975711823e-02
5.347099999999691136e+03 1.072600856423377991e-01 2.132938988506793976e-02
5.348579999999690699e+03 1.046669483184814453e-01 2.111449837684631348e-02
5.350059999999690262e+03 9.109148383140563965e-02 2.132963016629219055e-02
5.351539999999689826e+03 1.334365010261535645e-01 2.201278693974018097e-02
5.353019999999689389e+03 1.425923407077789307e-01 2.224719338119029999e-02
5.354499999999688953e+03 1.326307356357574463e-01 2.231596410274505615e-02
5.355979999999688516e+03 1.504925638437271118e-01 2.253600396215915680e-02
5.357459999999688080e+03 1.030839830636978149e-01 2.191439084708690643e-02
5.358939999999687643e+03 1.104134693741798401e-01 2.189761027693748474e-02
5.360419999999687207e+03 1.483641117811203003e-01 2.224661037325859070e-02
5.361899999999686770e+03 9.894519299268722534e-02 2.124828472733497620e-02
5.363379999999686333e+03 1.066607832908630371e-01 2.103073336184024811e-02
5.364859999999685897e+03 1.174882352352142334e-01 2.116625942289829254e-02
5.366339999999685460e+03 1.174990385770797729e-01 2.123925648629665375e-02
5.367819999999685024e+03 1.462709903717041016e-01 2.134483680129051208e-02
5.369299999999684587e+03 1.303251087665557861e-01 2.072841301560401917e-02
5.370779999999684151e+03 1.275178939104080200e-01 2.073513530194759369e-02
5.372259999999683714e+03 1.275658607482910156e-01 2.139607258141040802e-02
5.373739999999683278e+03 9.225038439035415649e-02 2.124410122632980347e-02
5.375219999999682841e+03 1.363618075847625732e-01 2.196293696761131287e-02
5.376699999999682404e+03 1.490500271320343018e-01 2.195752412080764771e-02
5.378179999999681968e+03 1.433049440383911133e-01 2.178230881690979004e-02
5.379659999999681531e+03 1.251932680606842041e-01 2.149794064462184906e-02
5.381139999999681095e+03 1.176397129893302917e-01 2.124821394681930542e-02
5.382619999999680658e+03 1.198116987943649292e-01 2.118388563394546509e-02
5.384099999999680222e+03 1.052314266562461853e-01 2.124207466840744019e-02
5.385579999999679785e+03 1.479741334915161133e-01 2.197344414889812469e-02
5.387059999999679349e+03 1.251003444194793701e-01 2.142833359539508820e-02
5.388539999999678912e+03 8.215933293104171753e-02 2.066883444786071777e-02
5.390019999999678475e+03 1.092631444334983826e-01 2.090436406433582306e-02
5.391499999999678039e+03 1.188639327883720398e-01 2.078999578952789307e-02
5.392979999999677602e+03 1.089462935924530029e-01 2.088343724608421326e-02
5.394459999999677166e+03 1.165710389614105225e-01 2.097975648939609528e-02
5.395939999999676729e+03 8.661882579326629639e-02 2.022077515721321106e-02
5.397419999999676293e+03 9.566029906272888184e-02 2.035568840801715851e-02
5.398899999999675856e+03 1.126316562294960022e-01 2.096807584166526794e-02
5.400379999999675420e+03 1.037648916244506836e-01 2.086785994470119476e-02
5.401859999999674983e+03 1.358294188976287842e-01 2.115993946790695190e-02
5.403339999999674546e+03 1.157137453556060791e-01 2.030185982584953308e-02
5.404819999999674110e+03 1.074775606393814087e-01 2.007067576050758362e-02
5.406299999999673673e+03 1.203611940145492554e-01 2.071961015462875366e-02
5.407779999999673237e+03 1.356569081544876099e-01 2.100070007145404816e-02
5.409259999999672800e+03 1.269811987876892090e-01 2.074044011533260345e-02
5.410739999999672364e+03 1.145515963435173035e-01 2.077090553939342499e-02
5.412219999999671927e+03 1.373517215251922607e-01 2.121136523783206940e-02
5.413699999999671491e+03 1.307663321495056152e-01 2.099621854722499847e-02
5.415179999999671054e+03 1.158067956566810608e-01 2.085367962718009949e-02
5.416659999999670617e+03 1.273958086967468262e-01 2.120193466544151306e-02
5.418139999999670181e+03 1.340186893939971924e-01 2.131385542452335358e-02
5.419619999999669744e+03 1.336223483085632324e-01 2.125484496355056763e-02
5.421099999999669308e+03 1.266733407974243164e-01 2.101471461355686188e-02
5.422579999999668871e+03 1.099046766757965088e-01 2.048667520284652710e-02
5.424059999999668435e+03 1.099015176296234131e-01 2.058096788823604584e-02
5.425539999999667998e+03 1.605327129364013672e-01 2.176721766591072083e-02
5.427019999999667561e+03 1.275204420089721680e-01 2.111986279487609863e-02
5.428499999999667125e+03 1.355997323989868164e-01 2.077216655015945435e-02
5.429979999999666688e+03 1.242893338203430176e-01 2.065907418727874756e-02
5.431459999999666252e+03 1.269364804029464722e-01 2.095577120780944824e-02
5.432939999999665815e+03 1.021670475602149963e-01 2.030305191874504089e-02
5.434419999999665379e+03 1.211901009082794189e-01 2.041417546570301056e-02
5.435899999999664942e+03 1.233234480023384094e-01 2.073210291564464569e-02
5.437379999999664506e+03 8.041352033615112305e-02 2.052724733948707581e-02
5.438859999999664069e+03 1.275062859058380127e-01 2.135640010237693787e-02
5.440339999999663632e+03 1.117988079786300659e-01 2.098299749195575714e-02
5.441819999999663196e+03 1.539529711008071899e-01 2.157329395413398743e-02
5.443299999999662759e+03 1.379199922084808350e-01 2.104768343269824982e-02
5.444779999999662323e+03 1.240456700325012207e-01 2.034224011003971100e-02
5.446259999999661886e+03 9.373532235622406006e-02 1.988350227475166321e-02
5.447739999999661450e+03 7.600563764572143555e-02 2.017443813383579254e-02
5.449219999999661013e+03 1.197327971458435059e-01 2.103215083479881287e-02
5.450699999999660577e+03 1.060132011771202087e-01 2.100736089050769806e-02
5.452179999999660140e+03 9.846605360507965088e-02 2.065417543053627014e-02
5.453659999999659703e+03 6.030762195587158203e-02 1.942340098321437836e-02
5.455139999999659267e+03 5.879227444529533386e-02 1.936594396829605103e-02
5.456619999999658830e+03 1.097785457968711853e-01 2.070677280426025391e-02
5.458099999999658394e+03 1.369255781173706055e-01 2.135989814996719360e-02
5.459579999999657957e+03 1.132269129157066345e-01 2.078457549214363098e-02
5.461059999999657521e+03 1.329585909843444824e-01 2.063369378447532654e-02
5.462539999999657084e+03 1.378126144409179688e-01 2.052052505314350128e-02
5.464019999999656648e+03 1.161784157156944275e-01 2.042185328900814056e-02
5.465499999999656211e+03 1.215632706880569458e-01 2.066862955689430237e-02
5.466979999999655774e+03 9.867498278617858887e-02 2.032978832721710205e-02
5.468459999999655338e+03 1.070271357893943787e-01 2.044257707893848419e-02
5.469939999999654901e+03 1.269812285900115967e-01 2.076611295342445374e-02
5.471419999999654465e+03 1.088185757398605347e-01 2.031464315950870514e-02
5.472899999999654028e+03 1.283709406852722168e-01 2.053669840097427368e-02
5.474379999999653592e+03 1.243117228150367737e-01 2.026224322617053986e-02
5.475859999999653155e+03 1.056463271379470825e-01 1.956737972795963287e-02
5.477339999999652719e+03 8.418758213520050049e-02 1.955693028867244720e-02
5.478819999999652282e+03 1.246426478028297424e-01 2.048421837389469147e-02
5.480299999999651845e+03 1.209800541400909424e-01 2.031015977263450623e-02
5.481779999999651409e+03 1.079713404178619385e-01 2.005402371287345886e-02
5.483259999999650972e+03 9.433291852474212646e-02 2.012890391051769257e-02
5.484739999999650536e+03 1.482495367527008057e-01 2.105824463069438934e-02
5.486219999999650099e+03 1.347999572753906250e-01 2.066195011138916016e-02
5.487699999999649663e+03 1.249903589487075806e-01 2.045354433357715607e-02
5.489179999999649226e+03 9.142176061868667603e-02 2.010873146355152130e-02
5.490659999999648790e+03 1.287998110055923462e-01 2.060185372829437256e-02
5.492139999999648353e+03 1.028114110231399536e-01 2.010884508490562439e-02
5.493619999999647916e+03 1.173613294959068298e-01 2.031970582902431488e-02
5.495099999999647480e+03 9.784208238124847412e-02 2.001510560512542725e-02
5.496579999999647043e+03 1.313796937465667725e-01 2.051841840147972107e-02
5.498059999999646607e+03 9.757646173238754272e-02 2.010602131485939026e-02
5.499539999999646170e+03 1.575242727994918823e-01 2.089314535260200500e-02
5.501019999999645734e+03 1.517197787761688232e-01 2.054684422910213470e-02
5.502499999999645297e+03 1.335717290639877319e-01 2.035027742385864258e-02
5.503979999999644861e+03 1.163055449724197388e-01 2.011921256780624390e-02
5.505459999999644424e+03 1.178478598594665527e-01 2.018855884671211243e-02
5.506939999999643987e+03 1.315276622772216797e-01 2.045696415007114410e-02
5.508419999999643551e+03 1.248972639441490173e-01 2.033980004489421844e-02
5.509899999999643114e+03 1.065723001956939697e-01 2.012025192379951477e-02
5.511379999999642678e+03 1.119400411844253540e-01 1.993436925113201141e-02
5.512859999999642241e+03 1.223058924078941345e-01 2.002656273543834686e-02
5.514339999999641805e+03 1.130914241075515747e-01 2.012065052986145020e-02
5.515819999999641368e+03 1.091282889246940613e-01 2.016503736376762390e-02
5.517299999999640931e+03 1.321554780006408691e-01 2.065550349652767181e-02
5.518779999999640495e+03 1.218542456626892090e-01 2.046554721891880035e-02
5.520259999999640058e+03 1.016076356172561646e-01 2.009560726583003998e-02
5.521739999999639622e+03 1.106953695416450500e-01 2.020689100027084351e-02
5.523219999999639185e+03 1.249992027878761292e-01 2.045332640409469604e-02
5.524699999999638749e+03 1.309164464473724365e-01 2.032566629350185394e-02
5.526179999999638312e+03 1.143792569637298584e-01 1.964342221617698669e-02
5.527659999999637876e+03 9.013607352972030640e-02 1.918834634125232697e-02
5.529139999999637439e+03 1.107645705342292786e-01 1.980986818671226501e-02
5.530619999999637002e+03 1.128307729959487915e-01 2.018531039357185364e-02
5.532099999999636566e+03 1.199857145547866821e-01 2.014417015016078949e-02
5.533579999999636129e+03 1.533420681953430176e-01 2.044121734797954559e-02
5.535059999999635693e+03 1.547628641128540039e-01 2.046149410307407379e-02
5.536539999999635256e+03 1.315192282199859619e-01 2.029371634125709534e-02
5.538019999999634820e+03 1.087816581130027771e-01 2.002360112965106964e-02
5.539499999999634383e+03 1.165876910090446472e-01 2.014369890093803406e-02
5.540979999999633947e+03 1.325444132089614868e-01 2.044585719704627991e-02
5.542459999999633510e+03 1.161393895745277405e-01 2.008437551558017731e-02
5.543939999999633073e+03 1.341553330421447754e-01 2.031081169843673706e-02
5.545419999999632637e+03 1.327050626277923584e-01 2.036338672041893005e-02
5.546899999999632200e+03 1.100327447056770325e-01 2.004448510706424713e-02
5.548379999999631764e+03 1.395975351333618164e-01 2.055182680487632751e-02
5.549859999999631327e+03 1.038861721754074097e-01 2.008345164358615875e-02
5.551339999999630891e+03 1.476420760154724121e-01 2.065265364944934845e-02
5.552819999999630454e+03 1.187603324651718140e-01 1.993818581104278564e-02
5.554299999999630018e+03 1.013705953955650330e-01 1.967136561870574951e-02
5.555779999999629581e+03 9.513122588396072388e-02 1.968043483793735504e-02
5.557259999999629144e+03 1.201092451810836792e-01 2.005331590771675110e-02
5.558739999999628708e+03 1.219982951879501343e-01 2.006539516150951385e-02
5.560219999999628271e+03 8.827453851699829102e-02 1.954501122236251831e-02
5.561699999999627835e+03 9.585148096084594727e-02 1.949299126863479614e-02
5.563179999999627398e+03 1.305497288703918457e-01 2.011215686798095703e-02
5.564659999999626962e+03 1.098158359527587891e-01 1.971147023141384125e-02
5.566139999999626525e+03 1.286415755748748779e-01 1.992773264646530151e-02
5.567619999999626089e+03 8.588881790637969971e-02 1.926381699740886688e-02
5.569099999999625652e+03 1.018415018916130066e-01 1.946271769702434540e-02
5.570579999999625215e+03 1.345138549804687500e-01 1.980238780379295349e-02
5.572059999999624779e+03 1.113570779561996460e-01 1.942747458815574646e-02
5.573539999999624342e+03 1.171469166874885559e-01 1.973250694572925568e-02
5.575019999999623906e+03 5.449659377336502075e-02 2.358793653547763824e-02
5.576499999999623469e+03 1.423591673374176025e-01 2.751275710761547089e-02
5.577979999999623033e+03 1.724382191896438599e-01 2.548471465706825256e-02
5.579459999999622596e+03 8.225991576910018921e-02 1.975687779486179352e-02
5.580939999999622160e+03 1.191884875297546387e-01 1.973090507090091705e-02
5.582419999999621723e+03 8.187992870807647705e-02 1.919677108526229858e-02
5.583899999999621286e+03 1.070834249258041382e-01 1.948666758835315704e-02
5.585379999999620850e+03 1.111957728862762451e-01 1.897058822214603424e-02
5.586859999999620413e+03 1.157669872045516968e-01 1.888442970812320709e-02
5.588339999999619977e+03 1.268143951892852783e-01 1.928048767149448395e-02
5.589819999999619540e+03 1.158134043216705322e-01 1.939542591571807861e-02
5.591299999999619104e+03 8.972930908203125000e-02 1.906611770391464233e-02
5.592779999999618667e+03 1.307114511728286743e-01 1.953946799039840698e-02
5.594259999999618231e+03 1.190447658300399780e-01 1.943437941372394562e-02
5.595739999999617794e+03 1.200950443744659424e-01 1.974030770361423492e-02
5.597219999999617357e+03 1.233510300517082214e-01 1.955090276896953583e-02
5.598699999999616921e+03 1.295723766088485718e-01 1.955497637391090393e-02
5.600179999999616484e+03 8.967417478561401367e-02 1.890310645103454590e-02
5.601659999999616048e+03 8.505989611148834229e-02 1.859403960406780243e-02
5.603139999999615611e+03 1.009146124124526978e-01 1.923744753003120422e-02
5.604619999999615175e+03 1.272047162055969238e-01 2.010820619761943817e-02
5.606099999999614738e+03 1.131972074508666992e-01 1.988623291254043579e-02
5.607579999999614301e+03 9.185074269771575928e-02 1.949251256883144379e-02
5.609059999999613865e+03 1.035511642694473267e-01 1.967812329530715942e-02
5.610539999999613428e+03 9.368094056844711304e-02 1.957667246460914612e-02
5.612019999999612992e+03 8.689992874860763550e-02 1.933593302965164185e-02
5.613499999999612555e+03 1.177610978484153748e-01 1.913469098508358002e-02
5.614979999999612119e+03 1.065149977803230286e-01 1.865351013839244843e-02
5.616459999999611682e+03 1.098897159099578857e-01 1.913439668715000153e-02
5.617939999999611246e+03 1.196433454751968384e-01 1.956873387098312378e-02
5.619419999999610809e+03 1.220382899045944214e-01 1.960159651935100555e-02
5.620899999999610372e+03 1.069002449512481689e-01 1.943667046725749969e-02
5.622379999999609936e+03 1.184573918581008911e-01 1.948699913918972015e-02
5.623859999999609499e+03 1.109452918171882629e-01 1.913323067128658295e-02
5.625339999999609063e+03 8.993206918239593506e-02 1.892114430665969849e-02
5.626819999999608626e+03 1.184502467513084412e-01 1.956406980752944946e-02
5.628299999999608190e+03 1.247549206018447876e-01 1.977260597050189972e-02
5.629779999999607753e+03 9.562334418296813965e-02 1.923703402280807495e-02
5.631259999999607317e+03 1.296367049217224121e-01 1.979698054492473602e-02
5.632739999999606880e+03 1.272846311330795288e-01 1.967469044029712677e-02
5.634219999999606443e+03 1.177024990320205688e-01 1.932692527770996094e-02
5.635699999999606007e+03 1.374773979187011719e-01 1.952871866524219513e-02
5.637179999999605570e+03 1.197431311011314392e-01 1.925918087363243103e-02
5.638659999999605134e+03 1.058728098869323730e-01 1.916156150400638580e-02
5.640139999999604697e+03 1.153344511985778809e-01 1.923603005707263947e-02
5.641619999999604261e+03 1.253115534782409668e-01 1.929464936256408691e-02
5.643099999999603824e+03 1.331818103790283203e-01 1.949630305171012878e-02
5.644579999999603388e+03 1.150251775979995728e-01 1.932126283645629883e-02
5.646059999999602951e+03 1.069408357143402100e-01 1.929462328553199768e-02
5.647539999999602514e+03 1.211046278476715088e-01 1.943977363407611847e-02
5.649019999999602078e+03 1.234471648931503296e-01 1.939482986927032471e-02
5.650499999999601641e+03 1.082321256399154663e-01 1.924941688776016235e-02
5.651979999999601205e+03 1.260512322187423706e-01 1.939895562827587128e-02
5.653459999999600768e+03 1.200998425483703613e-01 1.915629208087921143e-02
5.654939999999600332e+03 1.052712202072143555e-01 1.891975849866867065e-02
5.656419999999599895e+03 1.087499856948852539e-01 1.886885799467563629e-02
5.657899999999599459e+03 8.471620082855224609e-02 1.828060485422611237e-02
5.659379999999599022e+03 9.714302420616149902e-02 1.863423176109790802e-02
5.660859999999598585e+03 9.062650799751281738e-02 1.865138672292232513e-02
5.662339999999598149e+03 1.023564636707305908e-01 1.885353215038776398e-02
5.663819999999597712e+03 1.240110844373703003e-01 1.934597827494144440e-02
5.665299999999597276e+03 1.152172833681106567e-01 1.927164196968078613e-02
5.666779999999596839e+03 9.499828517436981201e-02 1.894076913595199585e-02
5.668259999999596403e+03 1.184409856796264648e-01 1.929564587771892548e-02
5.669739999999595966e+03 1.286712586879730225e-01 1.949221268296241760e-02
5.671219999999595530e+03 1.040018871426582336e-01 1.926909759640693665e-02
5.672699999999595093e+03 1.096709519624710083e-01 1.936739124357700348e-02
5.674179999999594656e+03 9.517261385917663574e-02 1.895571872591972351e-02
5.675659999999594220e+03 9.006047248840332031e-02 1.897187344729900360e-02
5.677139999999593783e+03 9.890648722648620605e-02 1.910998299717903137e-02
5.678619999999593347e+03 1.190111041069030762e-01 1.933962851762771606e-02
5.680099999999592910e+03 1.007584035396575928e-01 1.887670718133449554e-02
5.681579999999592474e+03 9.520942717790603638e-02 1.861636526882648468e-02
5.683059999999592037e+03 1.049677655100822449e-01 1.879825070500373840e-02
5.684539999999591600e+03 1.365813165903091431e-01 1.934503763914108276e-02
5.686019999999591164e+03 1.127150505781173706e-01 1.891591027379035950e-02
5.687499999999590727e+03 9.914150834083557129e-02 1.864102296531200409e-02
5.688979999999590291e+03 6.961372494697570801e-02 1.836964674293994904e-02
5.690459999999589854e+03 9.053477644920349121e-02 1.885016076266765594e-02
5.691939999999589418e+03 1.086715608835220337e-01 1.907918415963649750e-02
5.693419999999588981e+03 1.195186078548431396e-01 1.919302530586719513e-02
5.694899999999588545e+03 1.030350327491760254e-01 1.905345730483531952e-02
5.696379999999588108e+03 1.194913387298583984e-01 1.933014392852783203e-02
5.697859999999587671e+03 1.257185935974121094e-01 1.923287846148014069e-02
5.699339999999587235e+03 1.193732172250747681e-01 1.907679811120033264e-02
5.700819999999586798e+03 1.132480576634407043e-01 1.897684298455715179e-02
5.702299999999586362e+03 1.035625338554382324e-01 1.883235387504100800e-02
5.703779999999585925e+03 1.288296580314636230e-01 1.921570673584938049e-02
5.705259999999585489e+03 9.951012581586837769e-02 1.863572187721729279e-02
5.706739999999585052e+03 1.036460548639297485e-01 1.850712671875953674e-02
5.708219999999584616e+03 8.527567982673645020e-02 1.808052510023117065e-02
5.709699999999584179e+03 1.130701005458831787e-01 1.837062090635299683e-02
5.711179999999583742e+03 1.028322502970695496e-01 1.849109679460525513e-02
5.712659999999583306e+03 1.041272953152656555e-01 1.875076256692409515e-02
5.714139999999582869e+03 9.271964430809020996e-02 1.871187426149845123e-02
5.715619999999582433e+03 9.461700916290283203e-02 1.881100423634052277e-02
5.717099999999581996e+03 1.036679148674011230e-01 1.889939233660697937e-02
5.718579999999581560e+03 8.719097077846527100e-02 1.864924468100070953e-02
5.720059999999581123e+03 8.736541867256164551e-02 1.869156025350093842e-02
5.721539999999580687e+03 9.511615335941314697e-02 1.892367377877235413e-02
5.723019999999580250e+03 1.075435131788253784e-01 1.920158416032791138e-02
5.724499999999579813e+03 1.044163256883621216e-01 1.902045123279094696e-02
5.725979999999579377e+03 1.013583540916442871e-01 1.889025606215000153e-02
5.727459999999578940e+03 1.006074845790863037e-01 1.891830936074256897e-02
5.728939999999578504e+03 8.822160959243774414e-02 1.868507638573646545e-02
5.730419999999578067e+03 1.083255410194396973e-01 1.891096681356430054e-02
5.731899999999577631e+03 1.091673076152801514e-01 1.891735941171646118e-02
5.733379999999577194e+03 9.027518332004547119e-02 1.874998211860656738e-02
5.734859999999576758e+03 1.096592098474502563e-01 1.910721696913242340e-02
5.736339999999576321e+03 1.066706478595733643e-01 1.894379593431949615e-02
5.737819999999575884e+03 8.999018371105194092e-02 1.872525177896022797e-02
5.739299999999575448e+03 1.022962480783462524e-01 1.879517361521720886e-02
5.740779999999575011e+03 1.167813241481781006e-01 1.898217760026454926e-02
5.742259999999574575e+03 9.301562607288360596e-02 1.863648556172847748e-02
5.743739999999574138e+03 1.074986532330513000e-01 1.890581846237182617e-02
5.745219999999573702e+03 1.240304708480834961e-01 1.919649168848991394e-02
5.746699999999573265e+03 8.948950469493865967e-02 1.850701309740543365e-02
5.748179999999572829e+03 7.971640676259994507e-02 1.831687986850738525e-02
5.749659999999572392e+03 8.464808017015457153e-02 1.850845664739608765e-02
5.751139999999571955e+03 8.629311621189117432e-02 1.836496777832508087e-02
5.752619999999571519e+03 1.180842816829681396e-01 1.861007697880268097e-02
5.754099999999571082e+03 1.218219250440597534e-01 1.861036196351051331e-02
5.755579999999570646e+03 1.181714981794357300e-01 1.893711648881435394e-02
5.757059999999570209e+03 1.051717549562454224e-01 1.878196932375431061e-02
5.758539999999569773e+03 9.360457956790924072e-02 1.863168366253376007e-02
5.760019999999569336e+03 9.835720062255859375e-02 1.849580742418766022e-02
5.761499999999568900e+03 1.066592633724212646e-01 1.850304752588272095e-02
5.762979999999568463e+03 7.985342293977737427e-02 1.811008155345916748e-02
5.764459999999568026e+03 8.547513931989669800e-02 1.849940977990627289e-02
5.765939999999567590e+03 1.133500859141349792e-01 1.896257884800434113e-02
5.767419999999567153e+03 9.967131912708282471e-02 1.870724186301231384e-02
5.768899999999566717e+03 9.949009120464324951e-02 1.871235482394695282e-02
5.770379999999566280e+03 1.279331147670745850e-01 1.903131790459156036e-02
5.771859999999565844e+03 9.811529517173767090e-02 1.853695698082447052e-02
5.773339999999565407e+03 1.238755658268928528e-01 1.924720592796802521e-02
5.774819999999564970e+03 9.187041968107223511e-02 1.847122237086296082e-02
5.776299999999564534e+03 7.691878080368041992e-02 1.823299005627632141e-02
5.777779999999564097e+03 1.093161106109619141e-01 1.867324113845825195e-02
5.779259999999563661e+03 7.719477266073226929e-02 1.802365854382514954e-02
5.780739999999563224e+03 8.768054842948913574e-02 1.800937578082084656e-02
5.782219999999562788e+03 1.057633832097053528e-01 1.829157955944538116e-02
5.783699999999562351e+03 1.108389571309089661e-01 1.826258562505245209e-02
5.785179999999561915e+03 8.350785076618194580e-02 1.791354455053806305e-02
5.786659999999561478e+03 1.096301376819610596e-01 1.849802955985069275e-02
5.788139999999561041e+03 1.166499480605125427e-01 1.865912787616252899e-02
5.789619999999560605e+03 1.071424931287765503e-01 1.849176548421382904e-02
5.791099999999560168e+03 9.724065661430358887e-02 1.818890683352947235e-02
5.792579999999559732e+03 8.409742265939712524e-02 1.811993494629859924e-02
5.794059999999559295e+03 1.254577040672302246e-01 1.895468123257160187e-02
5.795539999999558859e+03 1.013290733098983765e-01 1.848559826612472534e-02
5.797019999999558422e+03 9.461309760808944702e-02 1.823343895375728607e-02
5.798499999999557986e+03 1.296783089637756348e-01 1.884829252958297729e-02
5.799979999999557549e+03 1.314993947744369507e-01 1.902742311358451843e-02
5.801459999999557112e+03 9.383648633956909180e-02 1.847297139465808868e-02
5.802939999999556676e+03 1.008750051259994507e-01 1.840371079742908478e-02
5.804419999999556239e+03 1.115348115563392639e-01 1.843248307704925537e-02
5.805899999999555803e+03 1.311531960964202881e-01 1.875828020274639130e-02
5.807379999999555366e+03 9.256790578365325928e-02 1.825205981731414795e-02
5.808859999999554930e+03 9.173978865146636963e-02 1.824708469212055206e-02
5.810339999999554493e+03 9.653872251510620117e-02 1.843321695923805237e-02
5.811819999999554057e+03 9.177013486623764038e-02 1.831581071019172668e-02
5.813299999999553620e+03 1.091626510024070740e-01 1.854053139686584473e-02
5.814779999999553183e+03 1.056161075830459595e-01 1.832446642220020294e-02
5.816259999999552747e+03 1.055802181363105774e-01 1.831727474927902222e-02
5.817739999999552310e+03 1.138579100370407104e-01 1.859733648598194122e-02
5.819219999999551874e+03 1.348706185817718506e-01 1.895910128951072693e-02
5.820699999999551437e+03 1.374848634004592896e-01 1.909448392689228058e-02
5.822179999999551001e+03 1.163505613803863525e-01 1.871314458549022675e-02
5.823659999999550564e+03 1.162629798054695129e-01 1.870372705161571503e-02
5.825139999999550128e+03 8.976157009601593018e-02 1.832513138651847839e-02
5.826619999999549691e+03 1.115947440266609192e-01 1.854909583926200867e-02
5.828099999999549254e+03 1.296653151512145996e-01 1.892312616109848022e-02
5.829579999999548818e+03 1.193165779113769531e-01 1.868927292525768280e-02
5.831059999999548381e+03 9.202338010072708130e-02 1.826610416173934937e-02
5.832539999999547945e+03 1.103293523192405701e-01 1.854333095252513885e-02
5.834019999999547508e+03 9.723177552223205566e-02 1.832063123583793640e-02
5.835499999999547072e+03 1.101897954940795898e-01 1.857948303222656250e-02
5.836979999999546635e+03 8.360885828733444214e-02 1.815400831401348114e-02
5.838459999999546199e+03 1.014664545655250549e-01 1.837328076362609863e-02
5.839939999999545762e+03 1.019909232854843140e-01 1.845848374068737030e-02
5.841419999999545325e+03 8.254249393939971924e-02 1.823246106505393982e-02
5.842899999999544889e+03 7.608524709939956665e-02 1.803882978856563568e-02
5.844379999999544452e+03 8.727636933326721191e-02 1.821181550621986389e-02
5.845859999999544016e+03 1.164338439702987671e-01 1.850911602377891541e-02
5.847339999999543579e+03 1.168334707617759705e-01 1.854526996612548828e-02
5.848819999999543143e+03 1.099722683429718018e-01 1.841180771589279175e-02
5.850299999999542706e+03 1.165260449051856995e-01 1.845388486981391907e-02
5.851779999999542270e+03 1.052995473146438599e-01 1.828147843480110168e-02
5.853259999999541833e+03 8.492676913738250732e-02 1.788025349378585815e-02
5.854739999999541396e+03 1.062886714935302734e-01 1.819746382534503937e-02
5.856219999999540960e+03 1.059651747345924377e-01 1.804349198937416077e-02
5.857699999999540523e+03 9.806273877620697021e-02 1.772196032106876373e-02
5.859179999999540087e+03 1.145679801702499390e-01 1.826391555368900299e-02
5.860659999999539650e+03 1.091948226094245911e-01 1.824604719877243042e-02
5.862139999999539214e+03 9.261322021484375000e-02 1.801377721130847931e-02
5.863619999999538777e+03 8.782772719860076904e-02 1.812872290611267090e-02
5.865099999999538340e+03 8.740237355232238770e-02 1.822591759264469147e-02
5.866579999999537904e+03 1.175538599491119385e-01 1.877887547016143799e-02
5.868059999999537467e+03 1.401360481977462769e-01 1.915473677217960358e-02
5.869539999999537031e+03 8.315552771091461182e-02 1.806891709566116333e-02
5.871019999999536594e+03 8.942608535289764404e-02 1.800782792270183563e-02
5.872499999999536158e+03 1.144046783447265625e-01 1.837398670613765717e-02
5.873979999999535721e+03 9.712669253349304199e-02 1.817153207957744598e-02
5.875459999999535285e+03 9.267735481262207031e-02 1.813124679028987885e-02
5.876939999999534848e+03 9.428446739912033081e-02 1.806999929249286652e-02
5.878419999999534411e+03 1.028266176581382751e-01 1.809070445597171783e-02
5.879899999999533975e+03 1.054209917783737183e-01 1.806917041540145874e-02
5.881379999999533538e+03 1.108571216464042664e-01 1.811773702502250671e-02
5.882859999999533102e+03 1.146806627511978149e-01 1.821805350482463837e-02
5.884339999999532665e+03 1.002162396907806396e-01 1.805599406361579895e-02
5.885819999999532229e+03 9.412261843681335449e-02 1.806997135281562805e-02
5.887299999999531792e+03 9.314792603254318237e-02 1.869965717196464539e-02
5.888779999999531356e+03 1.106721535325050354e-01 1.974352262914180756e-02
5.890259999999530919e+03 1.284471005201339722e-01 1.943115331232547760e-02
5.891739999999530482e+03 9.888450056314468384e-02 1.793962717056274414e-02
5.893219999999530046e+03 1.021713688969612122e-01 1.800782978534698486e-02
5.894699999999529609e+03 9.518489241600036621e-02 1.811865530908107758e-02
5.896179999999529173e+03 9.349457919597625732e-02 1.785437576472759247e-02
5.897659999999528736e+03 1.074607670307159424e-01 1.791077665984630585e-02
5.899139999999528300e+03 9.700676798820495605e-02 1.776038296520709991e-02
5.900619999999527863e+03 1.090541779994964600e-01 1.799345202744007111e-02
5.902099999999527427e+03 1.245557367801666260e-01 1.841255463659763336e-02
5.903579999999526990e+03 9.368340671062469482e-02 1.797543279826641083e-02
5.905059999999526553e+03 9.924768656492233276e-02 1.796552538871765137e-02
5.906539999999526117e+03 1.244264915585517883e-01 1.830387115478515625e-02
5.908019999999525680e+03 1.066216006875038147e-01 1.807299628853797913e-02
5.909499999999525244e+03 9.535987675189971924e-02 1.795065589249134064e-02
5.910979999999524807e+03 1.039126589894294739e-01 1.802711002528667450e-02
5.912459999999524371e+03 9.412007033824920654e-02 1.785873807966709137e-02
5.913939999999523934e+03 1.183179616928100586e-01 1.833730563521385193e-02
5.915419999999523498e+03 1.217081695795059204e-01 1.834967173635959625e-02
5.916899999999523061e+03 8.914945274591445923e-02 1.778402179479598999e-02
5.918379999999522624e+03 9.316506981849670410e-02 1.777710020542144775e-02
5.919859999999522188e+03 9.929712116718292236e-02 1.796602271497249603e-02
5.921339999999521751e+03 6.947118043899536133e-02 1.749029010534286499e-02
5.922819999999521315e+03 9.691021591424942017e-02 1.795033924281597137e-02
5.924299999999520878e+03 1.025279462337493896e-01 1.813999563455581665e-02
5.925779999999520442e+03 6.686929613351821899e-02 1.746721006929874420e-02
5.927259999999520005e+03 7.813694328069686890e-02 1.747237704694271088e-02
5.928739999999519569e+03 7.901039719581604004e-02 1.726906001567840576e-02
5.930219999999519132e+03 9.725315868854522705e-02 1.774108596146106720e-02
5.931699999999518695e+03 1.082075312733650208e-01 1.838693954050540924e-02
5.933179999999518259e+03 1.155214980244636536e-01 1.845190860331058502e-02
5.934659999999517822e+03 8.805324137210845947e-02 1.769289746880531311e-02
5.936139999999517386e+03 1.118517443537712097e-01 1.794191077351570129e-02
5.937619999999516949e+03 1.020436584949493408e-01 1.790309697389602661e-02
5.939099999999516513e+03 8.898963034152984619e-02 1.764815673232078552e-02
5.940579999999516076e+03 1.012089699506759644e-01 1.768625527620315552e-02
5.942059999999515640e+03 6.691819429397583008e-02 1.702555082738399506e-02
5.943539999999515203e+03 1.138219386339187622e-01 1.798555999994277954e-02
5.945019999999514766e+03 7.208155095577239990e-02 1.731890067458152771e-02
5.946499999999514330e+03 8.047571033239364624e-02 1.737126894295215607e-02
5.947979999999513893e+03 6.972198188304901123e-02 1.696779578924179077e-02
5.949459999999513457e+03 1.209680512547492981e-01 1.779765076935291290e-02
5.950939999999513020e+03 7.439427077770233154e-02 1.730866543948650360e-02
5.952419999999512584e+03 7.522109895944595337e-02 1.751634292304515839e-02
5.953899999999512147e+03 1.065645143389701843e-01 1.799195446074008942e-02
5.955379999999511710e+03 1.137571409344673157e-01 1.798672974109649658e-02
5.956859999999511274e+03 8.701084554195404053e-02 1.731401123106479645e-02
5.958339999999510837e+03 1.396586745977401733e-01 1.826493069529533386e-02
5.959819999999510401e+03 1.043041795492172241e-01 1.775958761572837830e-02
5.961299999999509964e+03 9.329865872859954834e-02 1.753501780331134796e-02
5.962779999999509528e+03 8.261285722255706787e-02 1.748749427497386932e-02
5.964259999999509091e+03 8.862941712141036987e-02 1.754283905029296875e-02
5.965739999999508655e+03 8.941637724637985229e-02 1.747781597077846527e-02
5.967219999999508218e+03 1.279336959123611450e-01 1.809009909629821777e-02
5.968699999999507781e+03 1.133171617984771729e-01 1.805052347481250763e-02
5.970179999999507345e+03 9.162068367004394531e-02 1.774851605296134949e-02
5.971659999999506908e+03 9.631465375423431396e-02 1.769511774182319641e-02
5.973139999999506472e+03 1.323330402374267578e-01 1.808154582977294922e-02
5.974619999999506035e+03 8.600935339927673340e-02 1.730869524180889130e-02
5.976099999999505599e+03 1.180818974971771240e-01 1.787671819329261780e-02
5.977579999999505162e+03 1.373061537742614746e-01 1.823239214718341827e-02
5.979059999999504726e+03 7.082831859588623047e-02 1.715789176523685455e-02
5.980539999999504289e+03 9.522045403718948364e-02 1.754378154873847961e-02
5.982019999999503852e+03 8.815908432006835938e-02 1.734148524701595306e-02
5.983499999999503416e+03 1.051917523145675659e-01 1.728333346545696259e-02
5.984979999999502979e+03 1.174767985939979553e-01 1.752900332212448120e-02
5.986459999999502543e+03 1.038429886102676392e-01 1.745781488716602325e-02
5.987939999999502106e+03 1.110747382044792175e-01 1.765224710106849670e-02
5.989419999999501670e+03 9.529852867126464844e-02 1.740345917642116547e-02
5.990899999999501233e+03 9.544333815574645996e-02 1.737308688461780548e-02
5.992379999999500797e+03 8.041457831859588623e-02 1.712444424629211426e-02
5.993859999999500360e+03 1.007497236132621765e-01 1.748501695692539215e-02
5.995339999999499923e+03 1.226968988776206970e-01 1.778090186417102814e-02
5.996819999999499487e+03 9.806084632873535156e-02 1.726403273642063141e-02
5.998299999999499050e+03 8.368448168039321899e-02 1.704618521034717560e-02
5.999779999999498614e+03 9.961305558681488037e-02 1.734220609068870544e-02
6.001259999999498177e+03 1.142337024211883545e-01 1.748494245111942291e-02
6.002739999999497741e+03 9.981779009103775024e-02 1.733681559562683105e-02
6.004219999999497304e+03 1.080309301614761353e-01 1.761674880981445312e-02
6.005699999999496868e+03 1.257705688476562500e-01 1.769574731588363647e-02
6.007179999999496431e+03 1.264051347970962524e-01 1.751491241157054901e-02
6.008659999999495994e+03 1.031224131584167480e-01 1.716599240899085999e-02
6.010139999999495558e+03 9.082151949405670166e-02 1.711997948586940765e-02
6.011619999999495121e+03 1.217813193798065186e-01 1.758228614926338196e-02
6.013099999999494685e+03 1.620044112205505371e-01 1.811677962541580200e-02
6.014579999999494248e+03 2.594051063060760498e-01 1.941544003784656525e-02
6.016059999999493812e+03 2.411472946405410767e-01 1.919311657547950745e-02
6.017539999999493375e+03 1.492215692996978760e-01 1.791329123079776764e-02
6.019019999999492939e+03 1.097299531102180481e-01 1.718671247363090515e-02
6.020499999999492502e+03 6.964395195245742798e-02 1.643172092735767365e-02
6.021979999999492065e+03 7.962188869714736938e-02 1.670193113386631012e-02
6.023459999999491629e+03 1.069300249218940735e-01 1.714690774679183960e-02
6.024939999999491192e+03 1.011091619729995728e-01 1.715185679495334625e-02
6.026419999999490756e+03 1.000420153141021729e-01 1.709666475653648376e-02
6.027899999999490319e+03 9.021350741386413574e-02 1.703318394720554352e-02
6.029379999999489883e+03 8.412933349609375000e-02 1.702164299786090851e-02
6.030859999999489446e+03 5.416326597332954407e-02 1.654502749443054199e-02
6.032339999999489009e+03 8.443804085254669189e-02 1.698119193315505981e-02
6.033819999999488573e+03 7.706001400947570801e-02 1.696684025228023529e-02
6.035299999999488136e+03 1.217242106795310974e-01 1.758886687457561493e-02
6.036779999999487700e+03 1.185606569051742554e-01 1.750515028834342957e-02
6.038259999999487263e+03 8.216463029384613037e-02 1.690831407904624939e-02
6.039739999999486827e+03 9.849771112203598022e-02 1.708719506859779358e-02
6.041219999999486390e+03 9.239314496517181396e-02 1.691068895161151886e-02
6.042699999999485954e+03 1.089323759078979492e-01 1.709064096212387085e-02
6.044179999999485517e+03 1.007512658834457397e-01 1.703338325023651123e-02
6.045659999999485080e+03 1.148616522550582886e-01 1.728370413184165955e-02
6.047139999999484644e+03 1.170157939195632935e-01 1.733548939228057861e-02
6.048619999999484207e+03 9.116519987583160400e-02 1.691782101988792419e-02
6.050099999999483771e+03 1.238473206758499146e-01 1.754196733236312866e-02
6.051579999999483334e+03 8.544404804706573486e-02 1.673769950866699219e-02
6.053059999999482898e+03 9.527517855167388916e-02 1.693185046315193176e-02
6.054539999999482461e+03 8.968796581029891968e-02 1.677113771438598633e-02
6.056019999999482025e+03 8.912130445241928101e-02 1.670143194496631622e-02
6.057499999999481588e+03 8.391444385051727295e-02 1.677376404404640198e-02
6.058979999999481151e+03 1.172877401113510132e-01 1.732540503144264221e-02
6.060459999999480715e+03 1.301288902759552002e-01 1.750604063272476196e-02
6.061939999999480278e+03 7.757623493671417236e-02 1.664913445711135864e-02
6.063419999999479842e+03 8.995018899440765381e-02 1.676681451499462128e-02
6.064899999999479405e+03 9.336604923009872437e-02 1.672292128205299377e-02
6.066379999999478969e+03 1.014059856534004211e-01 1.691741682589054108e-02
6.067859999999478532e+03 1.029603779315948486e-01 1.705625280737876892e-02
6.069339999999478096e+03 8.925293385982513428e-02 1.694637350738048553e-02
6.070819999999477659e+03 7.915854454040527344e-02 1.670001447200775146e-02
6.072299999999477222e+03 9.936663508415222168e-02 1.699292473495006561e-02
6.073779999999476786e+03 1.104381233453750610e-01 1.724838279187679291e-02
6.075259999999476349e+03 1.014917343854904175e-01 1.695740222930908203e-02
6.076739999999475913e+03 1.217082440853118896e-01 1.712049357593059540e-02
6.078219999999475476e+03 1.232686489820480347e-01 1.703139021992683411e-02
6.079699999999475040e+03 9.236593544483184814e-02 1.657386496663093567e-02
6.081179999999474603e+03 8.470505475997924805e-02 1.652041450142860413e-02
6.082659999999474167e+03 1.151981055736541748e-01 1.704780384898185730e-02
6.084139999999473730e+03 1.247369647026062012e-01 1.712423563003540039e-02
6.085619999999473293e+03 9.623838216066360474e-02 1.661087386310100555e-02
6.087099999999472857e+03 8.952723443508148193e-02 1.660547032952308655e-02
6.088579999999472420e+03 1.072687357664108276e-01 1.683262176811695099e-02
6.090059999999471984e+03 9.765267372131347656e-02 1.658064685761928558e-02
6.091539999999471547e+03 9.736426174640655518e-02 1.664403080940246582e-02
6.093019999999471111e+03 9.355907887220382690e-02 1.664713397622108459e-02
6.094499999999470674e+03 9.143226593732833862e-02 1.658423244953155518e-02
6.095979999999470238e+03 1.075388342142105103e-01 1.690762490034103394e-02
6.097459999999469801e+03 9.764638543128967285e-02 1.675755903124809265e-02
6.098939999999469364e+03 9.963367879390716553e-02 1.671948283910751343e-02
6.100419999999468928e+03 9.560045599937438965e-02 1.649045012891292572e-02
6.101899999999468491e+03 1.307630240917205811e-01 1.673012599349021912e-02
6.103379999999468055e+03 1.170982196927070618e-01 1.672318950295448303e-02
6.104859999999467618e+03 9.208108484745025635e-02 1.660453528165817261e-02
6.106339999999467182e+03 1.139367520809173584e-01 1.678840629756450653e-02
6.107819999999466745e+03 8.822861313819885254e-02 1.650884747505187988e-02
6.109299999999466309e+03 1.180082410573959351e-01 1.694841124117374420e-02
6.110779999999465872e+03 1.086635217070579529e-01 1.665247604250907898e-02
6.112259999999465435e+03 1.311254203319549561e-01 1.715972274541854858e-02
6.113739999999464999e+03 8.997180312871932983e-02 1.642663218080997467e-02
6.115219999999464562e+03 9.176096320152282715e-02 1.644131727516651154e-02
6.116699999999464126e+03 8.053409308195114136e-02 1.631305180490016937e-02
6.118179999999463689e+03 9.991863369941711426e-02 1.653382740914821625e-02
6.119659999999463253e+03 7.075369358062744141e-02 1.599992811679840088e-02
6.121139999999462816e+03 7.729884982109069824e-02 1.587948761880397797e-02
6.122619999999462379e+03 1.029256656765937805e-01 1.629165746271610260e-02
6.124099999999461943e+03 7.512576878070831299e-02 1.607324555516242981e-02
6.125579999999461506e+03 9.700950235128402710e-02 1.643749326467514038e-02
6.127059999999461070e+03 1.148667857050895691e-01 1.671457290649414062e-02
6.128539999999460633e+03 9.533828496932983398e-02 1.638414338231086731e-02
6.130019999999460197e+03 1.244455724954605103e-01 1.682790927588939667e-02
6.131499999999459760e+03 9.233519434928894043e-02 1.644364930689334869e-02
6.132979999999459324e+03 7.239901274442672729e-02 1.617144979536533356e-02
6.134459999999458887e+03 8.404476940631866455e-02 1.611240394413471222e-02
6.135939999999458450e+03 8.690124750137329102e-02 1.586176455020904541e-02
6.137419999999458014e+03 8.481265604496002197e-02 1.584099046885967255e-02
6.138899999999457577e+03 9.721735864877700806e-02 1.638569869101047516e-02
6.140379999999457141e+03 1.073352098464965820e-01 1.651437394320964813e-02
6.141859999999456704e+03 8.821801841259002686e-02 1.614505425095558167e-02
6.143339999999456268e+03 1.010905504226684570e-01 1.651330664753913879e-02
6.144819999999455831e+03 1.097426116466522217e-01 1.667526923120021820e-02
6.146299999999455395e+03 8.813384175300598145e-02 1.618354022502899170e-02
6.147779999999454958e+03 1.086828708648681641e-01 1.647479645907878876e-02
6.149259999999454521e+03 1.018659621477127075e-01 1.640482619404792786e-02
6.150739999999454085e+03 7.364048063755035400e-02 1.601838506758213043e-02
6.152219999999453648e+03 8.443123847246170044e-02 1.617619395256042480e-02
6.153699999999453212e+03 9.853398799896240234e-02 1.625094935297966003e-02
6.155179999999452775e+03 9.825981408357620239e-02 1.620620302855968475e-02
6.156659999999452339e+03 1.100689023733139038e-01 1.648386381566524506e-02
6.158139999999451902e+03 1.229493916034698486e-01 1.665181294083595276e-02
6.159619999999451466e+03 1.029337644577026367e-01 1.617615856230258942e-02
6.161099999999451029e+03 6.380960345268249512e-02 1.524304132908582687e-02
6.162579999999450592e+03 9.249435365200042725e-02 1.553711295127868652e-02
6.164059999999450156e+03 8.848698437213897705e-02 1.585714705288410187e-02
6.165539999999449719e+03 8.196754008531570435e-02 1.597782410681247711e-02
6.167019999999449283e+03 1.038374751806259155e-01 1.615445129573345184e-02
6.168499999999448846e+03 7.864692807197570801e-02 1.580487564206123352e-02
6.169979999999448410e+03 9.133429080247879028e-02 1.616070419549942017e-02
6.171459999999447973e+03 7.911800593137741089e-02 1.598799787461757660e-02
6.172939999999447537e+03 1.020496711134910583e-01 1.628923416137695312e-02
6.174419999999447100e+03 1.196043789386749268e-01 1.653033494949340820e-02
6.175899999999446663e+03 1.009047031402587891e-01 1.622341759502887726e-02
6.177379999999446227e+03 9.043076634407043457e-02 1.610154286026954651e-02
6.178859999999445790e+03 9.763051569461822510e-02 1.624592207372188568e-02
6.180339999999445354e+03 8.379368484020233154e-02 1.597646996378898621e-02
6.181819999999444917e+03 8.707804977893829346e-02 1.614763215184211731e-02
6.183299999999444481e+03 1.036190688610076904e-01 1.636891625821590424e-02
6.184779999999444044e+03 8.830525726079940796e-02 1.612725481390953064e-02
6.186259999999443608e+03 1.031193733215332031e-01 1.625337824225425720e-02
6.187739999999443171e+03 8.232498168945312500e-02 1.594665646553039551e-02
6.189219999999442734e+03 1.003868505358695984e-01 1.614883728325366974e-02
6.190699999999442298e+03 1.019614040851593018e-01 1.605828478932380676e-02
6.192179999999441861e+03 8.732476085424423218e-02 1.592633128166198730e-02
6.193659999999441425e+03 1.157755404710769653e-01 1.648597232997417450e-02
6.195139999999440988e+03 1.142874434590339661e-01 1.643903180956840515e-02
6.196619999999440552e+03 8.976078778505325317e-02 1.613256335258483887e-02
6.198099999999440115e+03 8.888696879148483276e-02 1.604665815830230713e-02
6.199579999999439679e+03 9.080243110656738281e-02 1.599739678204059601e-02
6.201059999999439242e+03 9.024042636156082153e-02 1.608812622725963593e-02
6.202539999999438805e+03 8.742474019527435303e-02 1.625232771039009094e-02
6.204019999999438369e+03 1.049369648098945618e-01 1.645359024405479431e-02
6.205499999999437932e+03 1.130606234073638916e-01 1.642918400466442108e-02
6.206979999999437496e+03 9.968142956495285034e-02 1.615281216800212860e-02
6.208459999999437059e+03 9.886816889047622681e-02 1.613618247210979462e-02
6.209939999999436623e+03 1.148920953273773193e-01 1.642048358917236328e-02
6.211419999999436186e+03 1.020650342106819153e-01 1.626474596560001373e-02
6.212899999999435749e+03 1.028529033064842224e-01 1.614769361913204193e-02
6.214379999999435313e+03 1.218731999397277832e-01 1.626003719866275787e-02
6.215859999999434876e+03 1.050738319754600525e-01 1.614200696349143982e-02
6.217339999999434440e+03 9.463562071323394775e-02 1.597862131893634796e-02
6.218819999999434003e+03 8.399963378906250000e-02 1.584309898316860199e-02
6.220299999999433567e+03 9.487415850162506104e-02 1.615367829799652100e-02
6.221779999999433130e+03 9.302219748497009277e-02 1.624586433172225952e-02
6.223259999999432694e+03 9.517817944288253784e-02 1.624093018472194672e-02
6.224739999999432257e+03 8.185224235057830811e-02 1.585805416107177734e-02
6.226219999999431820e+03 9.110046923160552979e-02 1.597537472844123840e-02
6.227699999999431384e+03 8.089284598827362061e-02 1.574510708451271057e-02
6.229179999999430947e+03 9.767770767211914062e-02 1.574466377496719360e-02
6.230659999999430511e+03 1.191054359078407288e-01 1.608011871576309204e-02
6.232139999999430074e+03 5.904521048069000244e-02 1.528493221849203110e-02
6.233619999999429638e+03 6.177709251642227173e-02 1.600625365972518921e-02
6.235099999999429201e+03 8.118401467800140381e-02 1.652424037456512451e-02
6.236579999999428765e+03 1.267811059951782227e-01 1.692150533199310303e-02
6.238059999999428328e+03 7.540313899517059326e-02 1.570407859981060028e-02
6.239539999999427891e+03 5.715528503060340881e-02 1.552764233201742172e-02
6.241019999999427455e+03 7.717159390449523926e-02 1.583417318761348724e-02
6.242499999999427018e+03 9.749403595924377441e-02 1.607370562851428986e-02
6.243979999999426582e+03 1.071001216769218445e-01 1.609096303582191467e-02
6.245459999999426145e+03 7.227979600429534912e-02 1.534176617860794067e-02
6.246939999999425709e+03 9.255842864513397217e-02 1.568594388663768768e-02
6.248419999999425272e+03 1.044785156846046448e-01 1.605257578194141388e-02
6.249899999999424836e+03 8.379185199737548828e-02 1.573808677494525909e-02
6.251379999999424399e+03 1.124603450298309326e-01 1.602098532021045685e-02
6.252859999999423962e+03 1.070379763841629028e-01 1.568675041198730469e-02
6.254339999999423526e+03 8.368082344532012939e-02 1.535143703222274780e-02
6.255819999999423089e+03 1.030568256974220276e-01 1.613112725317478180e-02
6.257299999999422653e+03 1.183231920003890991e-01 1.685926690697669983e-02
6.258779999999422216e+03 1.188528388738632202e-01 1.655732840299606323e-02
6.260259999999421780e+03 1.037876456975936890e-01 1.595150493085384369e-02
6.261739999999421343e+03 8.159948885440826416e-02 1.569361425936222076e-02
6.263219999999420907e+03 9.789105504751205444e-02 1.601006835699081421e-02
6.264699999999420470e+03 1.065140441060066223e-01 1.623271964490413666e-02
6.266179999999420033e+03 7.064179331064224243e-02 1.559800934046506882e-02
6.267659999999419597e+03 9.173145890235900879e-02 1.583798974752426147e-02
6.269139999999419160e+03 1.131562218070030212e-01 1.618634350597858429e-02
6.270619999999418724e+03 8.437529206275939941e-02 1.561725791543722153e-02
6.272099999999418287e+03 8.007320761680603027e-02 1.553227938711643219e-02
6.273579999999417851e+03 1.061335504055023193e-01 1.608070358633995056e-02
6.275059999999417414e+03 9.753255546092987061e-02 1.589777320623397827e-02
6.276539999999416978e+03 8.549726009368896484e-02 1.541608385741710663e-02
6.278019999999416541e+03 9.871163219213485718e-02 1.544446405023336411e-02
6.279499999999416104e+03 8.760605752468109131e-02 1.525167003273963928e-02
6.280979999999415668e+03 8.305843174457550049e-02 1.511168386787176132e-02
6.282459999999415231e+03 6.238574534654617310e-02 1.500845421105623245e-02
6.283939999999414795e+03 7.896120846271514893e-02 1.536501571536064148e-02
6.285419999999414358e+03 4.269095510244369507e-02 1.531587261706590652e-02
6.286899999999413922e+03 7.551067322492599487e-02 1.603823341429233551e-02
6.288379999999413485e+03 1.057473868131637573e-01 1.627522334456443787e-02
6.289859999999413048e+03 8.095248788595199585e-02 1.546120364218950272e-02
6.291339999999412612e+03 7.338584959506988525e-02 1.515656337141990662e-02
6.292819999999412175e+03 8.368984609842300415e-02 1.576182246208190918e-02
6.294299999999411739e+03 1.008082777261734009e-01 1.818485744297504425e-02
6.295779999999411302e+03 9.374158084392547607e-02 1.656415872275829315e-02
6.297259999999410866e+03 3.794179856777191162e-02 1.604856550693511963e-02
6.298739999999410429e+03 8.422245085239410400e-02 2.193421311676502228e-02
6.300219999999409993e+03 1.375527530908584595e-01 2.355106733739376068e-02
6.301699999999409556e+03 1.119913011789321899e-01 1.982736960053443909e-02
6.303179999999409119e+03 8.889272809028625488e-02 1.570543646812438965e-02
6.304659999999408683e+03 9.027554094791412354e-02 1.581967249512672424e-02
6.306139999999408246e+03 9.890951216220855713e-02 1.646643504500389099e-02
6.307619999999407810e+03 9.920252859592437744e-02 1.624438911676406860e-02
6.309099999999407373e+03 8.829860389232635498e-02 1.556339114904403687e-02
6.310579999999406937e+03 9.847380220890045166e-02 4.694836959242820740e-02
6.312059999999406500e+03 1.088861376047134399e-01 6.638887524604797363e-02
6.313539999999406064e+03 1.113472208380699158e-01 4.143489897251129150e-02
6.315019999999405627e+03 1.006304919719696045e-01 2.534776367247104645e-02
6.316499999999405190e+03 8.021910488605499268e-02 1.503939274698495865e-02
6.317979999999404754e+03 8.494459092617034912e-02 1.511474326252937317e-02
6.319459999999404317e+03 9.915371239185333252e-02 1.559018809348344803e-02
6.320939999999403881e+03 8.277133107185363770e-02 1.552740018814802170e-02
6.322419999999403444e+03 1.014424711465835571e-01 1.569944992661476135e-02
6.323899999999403008e+03 8.680379390716552734e-02 1.542170904576778412e-02
6.325379999999402571e+03 8.830837160348892212e-02 1.546924654394388199e-02
6.326859999999402135e+03 8.458653092384338379e-02 1.548648346215486526e-02
6.328339999999401698e+03 1.061103865504264832e-01 1.621790789067745209e-02
6.329819999999401261e+03 8.027844130992889404e-02 1.585129834711551666e-02
6.331299999999400825e+03 8.639273792505264282e-02 1.555034611374139786e-02
6.332779999999400388e+03 9.493329375982284546e-02 1.547112595289945602e-02
6.334259999999399952e+03 8.672900497913360596e-02 1.509386952966451645e-02
6.335739999999399515e+03 8.520948886871337891e-02 1.506001409143209457e-02
6.337219999999399079e+03 6.791008263826370239e-02 1.475282385945320129e-02
6.338699999999398642e+03 7.986792922019958496e-02 1.513386424630880356e-02
6.340179999999398206e+03 8.708027005195617676e-02 1.533664297312498093e-02
6.341659999999397769e+03 8.404065668582916260e-02 1.519378740340471268e-02
6.343139999999397332e+03 9.086386859416961670e-02 1.530607976019382477e-02
6.344619999999396896e+03 9.019189327955245972e-02 1.528767962008714676e-02
6.346099999999396459e+03 7.410427182912826538e-02 1.514453347772359848e-02
6.347579999999396023e+03 7.282409071922302246e-02 1.526285242289304733e-02
6.349059999999395586e+03 8.630732446908950806e-02 1.546367630362510681e-02
6.350539999999395150e+03 9.011790156364440918e-02 1.541173364967107773e-02
6.352019999999394713e+03 9.823291003704071045e-02 1.542245037853717804e-02
6.353499999999394277e+03 1.110756546258926392e-01 1.577040180563926697e-02
6.354979999999393840e+03 9.674470126628875732e-02 1.583711057901382446e-02
6.356459999999393403e+03 6.951437890529632568e-02 1.539334934204816818e-02
6.357939999999392967e+03 7.506722956895828247e-02 1.517069619148969650e-02
6.359419999999392530e+03 7.899136841297149658e-02 1.502917427569627762e-02
6.360899999999392094e+03 6.164282560348510742e-02 1.557739824056625366e-02
6.362379999999391657e+03 7.328978925943374634e-02 1.785638555884361267e-02
6.363859999999391221e+03 1.023156344890594482e-01 1.838621497154235840e-02
6.365339999999390784e+03 9.429135918617248535e-02 1.645268313586711884e-02
6.366819999999390348e+03 8.449576050043106079e-02 1.528564095497131348e-02
6.368299999999389911e+03 8.682572841644287109e-02 1.520412415266036987e-02
6.369779999999389474e+03 9.708426147699356079e-02 1.541468035429716110e-02
6.371259999999389038e+03 6.651706993579864502e-02 1.480252854526042938e-02
6.372739999999388601e+03 9.555426985025405884e-02 1.540049258619546890e-02
6.374219999999388165e+03 8.475832641124725342e-02 1.527646277099847794e-02
6.375699999999387728e+03 9.102179855108261108e-02 1.530291046947240829e-02
6.377179999999387292e+03 1.066350117325782776e-01 1.555263996124267578e-02
6.378659999999386855e+03 8.345131576061248779e-02 1.527142804116010666e-02
6.380139999999386418e+03 8.197678625583648682e-02 1.511866785585880280e-02
6.381619999999385982e+03 9.103453159332275391e-02 1.530016120523214340e-02
6.383099999999385545e+03 6.448373198509216309e-02 1.490212976932525635e-02
6.384579999999385109e+03 8.635872602462768555e-02 1.529730297625064850e-02
6.386059999999384672e+03 7.860421389341354370e-02 1.529773231595754623e-02
6.387539999999384236e+03 7.246494293212890625e-02 1.517625525593757629e-02
6.389019999999383799e+03 8.540593087673187256e-02 1.529500074684619904e-02
6.390499999999383363e+03 1.092977225780487061e-01 1.556585542857646942e-02
6.391979999999382926e+03 8.205574005842208862e-02 1.489261258393526077e-02
6.393459999999382489e+03 7.001440227031707764e-02 1.460300758481025696e-02
6.394939999999382053e+03 9.077046811580657959e-02 1.508006174117326736e-02
6.396419999999381616e+03 7.978669553995132446e-02 1.498529594391584396e-02
6.397899999999381180e+03 7.908561825752258301e-02 1.477945409715175629e-02
6.399379999999380743e+03 7.464935630559921265e-02 1.455328240990638733e-02
6.400859999999380307e+03 7.030685245990753174e-02 1.466855872422456741e-02
6.402339999999379870e+03 6.979507207870483398e-02 1.484945416450500488e-02
6.403819999999379434e+03 7.241226732730865479e-02 1.487918291240930557e-02
6.405299999999378997e+03 7.459190487861633301e-02 1.484811864793300629e-02
6.406779999999378560e+03 7.340104132890701294e-02 1.462796237319707870e-02
6.408259999999378124e+03 1.144253313541412354e-01 1.526092272251844406e-02
6.409739999999377687e+03 7.667238265275955200e-02 1.476012822240591049e-02
6.411219999999377251e+03 7.044821977615356445e-02 1.459540333598852158e-02
6.412699999999376814e+03 9.008810669183731079e-02 1.498936489224433899e-02
6.414179999999376378e+03 8.779267966747283936e-02 1.493153348565101624e-02
6.415659999999375941e+03 1.004741042852401733e-01 1.517571695148944855e-02
6.417139999999375505e+03 8.510152995586395264e-02 1.493324711918830872e-02
6.418619999999375068e+03 1.125987246632575989e-01 1.529115065932273865e-02
6.420099999999374631e+03 7.466234266757965088e-02 1.460429839789867401e-02
6.421579999999374195e+03 7.925946265459060669e-02 1.481692772358655930e-02
6.423059999999373758e+03 8.158784359693527222e-02 1.492801308631896973e-02
6.424539999999373322e+03 7.292042672634124756e-02 1.484228949993848801e-02
6.426019999999372885e+03 9.594684839248657227e-02 1.515372190624475479e-02
6.427499999999372449e+03 9.301985800266265869e-02 1.515360455960035324e-02
6.428979999999372012e+03 9.421832859516143799e-02 1.500021014362573624e-02
6.430459999999371576e+03 1.015192493796348572e-01 1.505455188453197479e-02
6.431939999999371139e+03 9.790372848510742188e-02 1.502939406782388687e-02
6.433419999999370702e+03 9.099214524030685425e-02 1.497302483767271042e-02
6.434899999999370266e+03 1.006012186408042908e-01 1.524881925433874130e-02
6.436379999999369829e+03 9.806120395660400391e-02 1.506304647773504257e-02
6.437859999999369393e+03 8.176954090595245361e-02 1.461391896009445190e-02
6.439339999999368956e+03 8.037739992141723633e-02 1.470538415014743805e-02
6.440819999999368520e+03 8.309914171695709229e-02 1.490672491490840912e-02
6.442299999999368083e+03 8.831616491079330444e-02 1.506483741104602814e-02
6.443779999999367647e+03 9.901945292949676514e-02 1.524764578789472580e-02
6.445259999999367210e+03 1.056799441576004028e-01 1.530788745731115341e-02
6.446739999999366773e+03 8.312416076660156250e-02 1.489105820655822754e-02
6.448219999999366337e+03 1.107174903154373169e-01 1.522399019449949265e-02
6.449699999999365900e+03 1.244650259613990784e-01 1.531668286770582199e-02
6.451179999999365464e+03 9.960658848285675049e-02 1.514090131968259811e-02
6.452659999999365027e+03 1.114581450819969177e-01 1.527191232889890671e-02
6.454139999999364591e+03 1.105016767978668213e-01 1.515029836446046829e-02
6.455619999999364154e+03 6.635035574436187744e-02 1.452887523919343948e-02
6.457099999999363718e+03 8.647277951240539551e-02 1.484116166830062866e-02
6.458579999999363281e+03 7.351928949356079102e-02 1.469883136451244354e-02
6.460059999999362844e+03 1.038708537817001343e-01 1.507953926920890808e-02
6.461539999999362408e+03 1.206146180629730225e-01 1.527572050690650940e-02
6.463019999999361971e+03 1.054804325103759766e-01 1.542093511670827866e-02
6.464499999999361535e+03 7.729195803403854370e-02 1.515462808310985565e-02
6.465979999999361098e+03 7.814465463161468506e-02 1.515296194702386856e-02
6.467459999999360662e+03 7.575164735317230225e-02 1.492418721318244934e-02
6.468939999999360225e+03 7.918877899646759033e-02 1.499241497367620468e-02
6.470419999999359788e+03 9.753932058811187744e-02 1.543054729700088501e-02
6.471899999999359352e+03 8.805814385414123535e-02 1.500804070383310318e-02
6.473379999999358915e+03 8.892387896776199341e-02 1.481179520487785339e-02
6.474859999999358479e+03 1.031190603971481323e-01 1.507057901471853256e-02
6.476339999999358042e+03 9.482072293758392334e-02 1.501884218305349350e-02
6.477819999999357606e+03 9.368140995502471924e-02 1.513833273202180862e-02
6.479299999999357169e+03 1.009424924850463867e-01 1.514571066945791245e-02
6.480779999999356733e+03 8.813281357288360596e-02 1.473495922982692719e-02
6.482259999999356296e+03 7.020034641027450562e-02 1.441451814025640488e-02
6.483739999999355859e+03 4.956978559494018555e-02 1.416682358831167221e-02
6.485219999999355423e+03 5.958233401179313660e-02 1.443075481802225113e-02
6.486699999999354986e+03 7.929222285747528076e-02 1.475815288722515106e-02
6.488179999999354550e+03 7.336528599262237549e-02 1.466348022222518921e-02
6.489659999999354113e+03 8.482759445905685425e-02 1.474489178508520126e-02
6.491139999999353677e+03 9.785795211791992188e-02 1.482305210083723068e-02
6.492619999999353240e+03 8.904656767845153809e-02 1.436392962932586670e-02
6.494099999999352804e+03 7.808522880077362061e-02 1.406659092754125595e-02
6.495579999999352367e+03 4.504352062940597534e-02 1.383025199174880981e-02
6.497059999999351930e+03 7.813081145286560059e-02 1.517819892615079880e-02
6.498539999999351494e+03 8.172330260276794434e-02 1.544975116848945618e-02
6.500019999999351057e+03 9.363557398319244385e-02 1.517658587545156479e-02
6.501499999999350621e+03 8.290970325469970703e-02 1.477117091417312622e-02
6.502979999999350184e+03 7.962628453969955444e-02 1.490918081253767014e-02
6.504459999999349748e+03 8.522793650627136230e-02 1.507197506725788116e-02
6.505939999999349311e+03 8.971975743770599365e-02 1.503445673733949661e-02
6.507419999999348875e+03 9.563238918781280518e-02 1.497870590537786484e-02
6.508899999999348438e+03 7.344110310077667236e-02 1.459949091076850891e-02
6.510379999999348001e+03 7.046420872211456299e-02 1.449926942586898804e-02
6.511859999999347565e+03 9.357610344886779785e-02 1.484775543212890625e-02
6.513339999999347128e+03 9.307020902633666992e-02 1.484903320670127869e-02
6.514819999999346692e+03 8.533722162246704102e-02 1.462089642882347107e-02
6.516299999999346255e+03 9.827045351266860962e-02 1.463363878428936005e-02
6.517779999999345819e+03 1.028454601764678955e-01 1.480627618730068207e-02
6.519259999999345382e+03 9.543329477310180664e-02 1.489755976945161819e-02
6.520739999999344946e+03 9.077928960323333740e-02 1.507112756371498108e-02
6.522219999999344509e+03 8.275221288204193115e-02 1.488756109029054642e-02
6.523699999999344072e+03 9.672576934099197388e-02 1.485625933855772018e-02
6.525179999999343636e+03 9.808360040187835693e-02 1.489434856921434402e-02
6.526659999999343199e+03 8.408446609973907471e-02 1.463587302714586258e-02
6.528139999999342763e+03 9.672781825065612793e-02 1.479462254792451859e-02
6.529619999999342326e+03 9.488955140113830566e-02 1.487880665808916092e-02
6.531099999999341890e+03 8.977565169334411621e-02 1.531922165304422379e-02
6.532579999999341453e+03 8.049052208662033081e-02 1.519797369837760925e-02
6.534059999999341017e+03 8.492828905582427979e-02 1.494691986590623856e-02
6.535539999999340580e+03 9.114925563335418701e-02 1.479430217295885086e-02
6.537019999999340143e+03 9.644865244626998901e-02 1.484133675694465637e-02
6.538499999999339707e+03 1.050643101334571838e-01 1.498255506157875061e-02
6.539979999999339270e+03 7.883594185113906860e-02 1.451130770146846771e-02
6.541459999999338834e+03 7.817073166370391846e-02 1.465859077870845795e-02
6.542939999999338397e+03 7.374636083841323853e-02 1.471584290266036987e-02
6.544419999999337961e+03 8.680185675621032715e-02 1.474434603005647659e-02
6.545899999999337524e+03 8.180658519268035889e-02 1.434279140084981918e-02
6.547379999999337088e+03 7.128156721591949463e-02 1.412714552134275436e-02
6.548859999999336651e+03 8.063554018735885620e-02 1.436995249241590500e-02
6.550339999999336214e+03 6.241220980882644653e-02 1.438353583216667175e-02
6.551819999999335778e+03 8.697213232517242432e-02 1.526883151382207870e-02
6.553299999999335341e+03 1.073001027107238770e-01 1.553683262318372726e-02
6.554779999999334905e+03 6.361237168312072754e-02 1.406022813171148300e-02
6.556259999999334468e+03 7.464956492185592651e-02 1.399010885506868362e-02
6.557739999999334032e+03 1.025254800915718079e-01 1.432752516120672226e-02
6.559219999999333595e+03 8.566953241825103760e-02 1.367904990911483765e-02
6.560699999999333158e+03 7.665125280618667603e-02 1.286062598228454590e-02
6.562179999999332722e+03 7.232005894184112549e-02 1.242368388921022415e-02
6.563659999999332285e+03 9.251968562602996826e-02 1.322218123823404312e-02
6.565139999999331849e+03 8.211738616228103638e-02 1.372567191720008850e-02
6.566619999999331412e+03 8.140916377305984497e-02 1.408483367413282394e-02
6.568099999999330976e+03 7.612740993499755859e-02 1.420914661139249802e-02
6.569579999999330539e+03 7.123450934886932373e-02 1.408603787422180176e-02
6.571059999999330103e+03 6.698107719421386719e-02 1.399688329547643661e-02
6.572539999999329666e+03 9.931194037199020386e-02 1.452220324426889420e-02
6.574019999999329229e+03 7.809179276227951050e-02 1.435388810932636261e-02
6.575499999999328793e+03 7.595748454332351685e-02 1.473532523959875107e-02
6.576979999999328356e+03 1.121135354042053223e-01 1.550586987286806107e-02
6.578459999999327920e+03 9.563282132148742676e-02 1.503627840429544449e-02
6.579939999999327483e+03 7.199557870626449585e-02 1.418712455779314041e-02
6.581419999999327047e+03 7.324190437793731689e-02 1.413459330797195435e-02
6.582899999999326610e+03 7.154902815818786621e-02 1.413858309388160706e-02
6.584379999999326174e+03 7.162324339151382446e-02 1.415745913982391357e-02
6.585859999999325737e+03 7.233168184757232666e-02 1.420578826218843460e-02
6.587339999999325300e+03 7.885645329952239990e-02 1.433434616774320602e-02
6.588819999999324864e+03 1.105876117944717407e-01 1.491193752735853195e-02
6.590299999999324427e+03 1.018436476588249207e-01 1.465898938477039337e-02
6.591779999999323991e+03 6.294468045234680176e-02 1.383289322257041931e-02
6.593259999999323554e+03 8.872612565755844116e-02 1.431099511682987213e-02
6.594739999999323118e+03 9.803797304630279541e-02 1.470789127051830292e-02
6.596219999999322681e+03 1.034207344055175781e-01 1.480511389672756195e-02
6.597699999999322245e+03 7.284115254878997803e-02 1.419052481651306152e-02
6.599179999999321808e+03 6.527146697044372559e-02 1.401084009557962418e-02
6.600659999999321371e+03 1.015110164880752563e-01 1.477811858057975769e-02
6.602139999999320935e+03 5.704556405544281006e-02 1.420959737151861191e-02
6.603619999999320498e+03 7.141131907701492310e-02 1.446557510644197464e-02
6.605099999999320062e+03 8.659882098436355591e-02 1.453826483339071274e-02
6.606579999999319625e+03 8.334391564130783081e-02 1.431824173778295517e-02
6.608059999999319189e+03 7.659599184989929199e-02 1.415487751364707947e-02
6.609539999999318752e+03 7.477563619613647461e-02 1.417082734405994415e-02
6.611019999999318316e+03 7.959792762994766235e-02 1.433638203889131546e-02
6.612499999999317879e+03 7.154517620801925659e-02 1.417092792689800262e-02
6.613979999999317442e+03 6.853003054857254028e-02 1.410051248967647552e-02
6.615459999999317006e+03 7.982295006513595581e-02 1.425316650420427322e-02
6.616939999999316569e+03 7.714167982339859009e-02 1.421791780740022659e-02
6.618419999999316133e+03 8.401477336883544922e-02 1.436315756291151047e-02
6.619899999999315696e+03 8.751279115676879883e-02 1.443600840866565704e-02
6.621379999999315260e+03 8.525471389293670654e-02 1.436930894851684570e-02
6.622859999999314823e+03 8.917693793773651123e-02 1.439663488417863846e-02
6.624339999999314387e+03 6.808866560459136963e-02 1.409304328262805939e-02
6.625819999999313950e+03 6.940364837646484375e-02 1.416777726262807846e-02
6.627299999999313513e+03 9.755871444940567017e-02 1.458967197686433792e-02
6.628779999999313077e+03 1.023495271801948547e-01 1.461650803685188293e-02
6.630259999999312640e+03 7.184562087059020996e-02 1.405492983758449554e-02
6.631739999999312204e+03 7.220093905925750732e-02 1.400121022015810013e-02
6.633219999999311767e+03 9.578042477369308472e-02 1.438793353736400604e-02
6.634699999999311331e+03 8.008265495300292969e-02 1.417370978742837906e-02
6.636179999999310894e+03 9.240864217281341553e-02 1.444508414715528488e-02
6.637659999999310457e+03 8.692027628421783447e-02 1.428791694343090057e-02
6.639139999999310021e+03 7.430684566497802734e-02 1.408614218235015869e-02
6.640619999999309584e+03 5.341028794646263123e-02 1.367820892482995987e-02
6.642099999999309148e+03 7.507725059986114502e-02 1.404660008847713470e-02
6.643579999999308711e+03 9.246813505887985229e-02 1.440312620252370834e-02
6.645059999999308275e+03 9.379941225051879883e-02 1.435414701700210571e-02
6.646539999999307838e+03 8.051668107509613037e-02 1.416225265711545944e-02
6.648019999999307402e+03 9.772968292236328125e-02 1.447745598852634430e-02
6.649499999999306965e+03 8.367224037647247314e-02 1.422922220081090927e-02
6.650979999999306528e+03 6.228893250226974487e-02 1.385937072336673737e-02
6.652459999999306092e+03 8.155770599842071533e-02 1.417207531630992889e-02
6.653939999999305655e+03 7.466721534729003906e-02 1.406980305910110474e-02
6.655419999999305219e+03 7.173214107751846313e-02 1.400978118181228638e-02
6.656899999999304782e+03 8.249825239181518555e-02 1.423492655158042908e-02
6.658379999999304346e+03 8.513970673084259033e-02 1.430428586900234222e-02
6.659859999999303909e+03 9.593683481216430664e-02 1.446352433413267136e-02
6.661339999999303473e+03 9.167413413524627686e-02 1.424827892333269119e-02
6.662819999999303036e+03 8.918184041976928711e-02 1.417738664895296097e-02
6.664299999999302599e+03 6.985934078693389893e-02 1.384165044873952866e-02
6.665779999999302163e+03 1.001169010996818542e-01 1.445627491921186447e-02
6.667259999999301726e+03 1.140655875205993652e-01 1.464122347533702850e-02
6.668739999999301290e+03 8.124542236328125000e-02 1.416475605219602585e-02
6.670219999999300853e+03 6.463881582021713257e-02 1.381956040859222412e-02
6.671699999999300417e+03 6.179663911461830139e-02 1.372502651065587997e-02
6.673179999999299980e+03 7.749205827713012695e-02 1.415224932134151459e-02
6.674659999999299544e+03 7.300350069999694824e-02 1.399226114153862000e-02
6.676139999999299107e+03 6.744534522294998169e-02 1.370597817003726959e-02
6.677619999999298670e+03 6.378477811813354492e-02 1.360504329204559326e-02
6.679099999999298234e+03 7.490918040275573730e-02 1.388418208807706833e-02
6.680579999999297797e+03 8.616423606872558594e-02 1.409796439111232758e-02
6.682059999999297361e+03 9.610915184020996094e-02 1.428567804396152496e-02
6.683539999999296924e+03 9.137719869613647461e-02 1.427606400102376938e-02
6.685019999999296488e+03 7.006856799125671387e-02 1.391999982297420502e-02
6.686499999999296051e+03 6.845223158597946167e-02 1.381722930818796158e-02
6.687979999999295615e+03 8.223472535610198975e-02 1.411192398518323898e-02
6.689459999999295178e+03 9.144274890422821045e-02 1.430487073957920074e-02
6.690939999999294741e+03 7.652172446250915527e-02 1.400915067642927170e-02
6.692419999999294305e+03 9.909728914499282837e-02 1.435776893049478531e-02
6.693899999999293868e+03 8.930570632219314575e-02 1.407333649694919586e-02
6.695379999999293432e+03 1.015184968709945679e-01 1.435211859643459320e-02
6.696859999999292995e+03 9.870679676532745361e-02 1.422120537608861923e-02
6.698339999999292559e+03 1.058513820171356201e-01 1.449122000485658646e-02
6.699819999999292122e+03 9.550085663795471191e-02 1.425917074084281921e-02
6.701299999999291686e+03 2.240935117006301880e-01 1.634724624454975128e-02
6.702779999999291249e+03 3.530313968658447266e-01 1.824244111776351929e-02
6.704259999999290812e+03 3.003161549568176270e-01 1.746094971895217896e-02
6.705739999999290376e+03 1.575454175472259521e-01 1.530645508319139481e-02
6.707219999999289939e+03 7.083495706319808960e-02 1.383944228291511536e-02
6.708699999999289503e+03 6.791897118091583252e-02 1.377106457948684692e-02
6.710179999999289066e+03 8.129050582647323608e-02 1.399027742445468903e-02
6.711659999999288630e+03 8.658202737569808960e-02 1.399115473031997681e-02
6.713139999999288193e+03 8.333523571491241455e-02 1.387764327228069305e-02
6.714619999999287757e+03 1.464945673942565918e-01 1.504336390644311905e-02
6.716099999999287320e+03 1.753673791885375977e+00 3.188971430063247681e-02
6.717579999999286883e+03 3.698533535003662109e+00 4.469941928982734680e-02
6.719059999999286447e+03 3.239207744598388672e+00 4.208164662122726440e-02
6.720539999999286010e+03 1.092746496200561523e+00 2.641046978533267975e-02
6.722019999999285574e+03 2.312437146902084351e-01 1.629954390227794647e-02
6.723499999999285137e+03 1.320971399545669556e-01 1.481997314840555191e-02
6.724979999999284701e+03 9.453900158405303955e-02 1.414856500923633575e-02
6.726459999999284264e+03 7.910965383052825928e-02 1.389321312308311462e-02
6.727939999999283827e+03 8.952789008617401123e-02 1.395462360233068466e-02
6.729419999999283391e+03 7.922933995723724365e-02 1.384849287569522858e-02
6.730899999999282954e+03 8.531776070594787598e-02 1.396744791418313980e-02
6.732379999999282518e+03 8.345520496368408203e-02 1.386401988565921783e-02
6.733859999999282081e+03 8.426122367382049561e-02 1.394108124077320099e-02
6.735339999999281645e+03 9.279812127351760864e-02 1.411732472479343414e-02
6.736819999999281208e+03 3.262268304824829102e-01 1.767473295331001282e-02
6.738299999999280772e+03 7.864966392517089844e-01 2.329913526773452759e-02
6.739779999999280335e+03 8.604273200035095215e-01 2.404311671853065491e-02
6.741259999999279898e+03 4.333633780479431152e-01 1.905612088739871979e-02
6.742739999999279462e+03 1.418547332286834717e-01 1.485716644674539566e-02
6.744219999999279025e+03 1.157851442694664001e-01 1.445668470114469528e-02
6.745699999999278589e+03 8.000886440277099609e-02 1.380817312747240067e-02
6.747179999999278152e+03 5.988772958517074585e-02 1.338986773043870926e-02
6.748659999999277716e+03 7.882902771234512329e-02 1.374903041869401932e-02
6.750139999999277279e+03 8.609047532081604004e-02 1.386045664548873901e-02
6.751619999999276843e+03 7.961253821849822998e-02 1.370151434093713760e-02
6.753099999999276406e+03 6.538759171962738037e-02 1.357427891343832016e-02
6.754579999999275969e+03 7.119677215814590454e-02 1.366363372653722763e-02
6.756059999999275533e+03 9.601214528083801270e-02 1.407542917877435684e-02
6.757539999999275096e+03 8.779302239418029785e-02 1.389248762279748917e-02
6.759019999999274660e+03 1.107762083411216736e-01 1.423916500061750412e-02
6.760499999999274223e+03 8.439037948846817017e-02 1.387378852814435959e-02
6.761979999999273787e+03 9.980078786611557007e-02 1.410799287259578705e-02
6.763459999999273350e+03 9.370712190866470337e-02 1.396819017827510834e-02
6.764939999999272914e+03 7.072583585977554321e-02 1.357200928032398224e-02
6.766419999999272477e+03 8.097413927316665649e-02 1.363872364163398743e-02
6.767899999999272040e+03 9.001795947551727295e-02 1.386168599128723145e-02
6.769379999999271604e+03 8.362179994583129883e-02 1.374039892107248306e-02
6.770859999999271167e+03 7.792121171951293945e-02 1.364440843462944031e-02
6.772339999999270731e+03 7.010871171951293945e-02 1.350059174001216888e-02
6.773819999999270294e+03 9.040341526269912720e-02 1.382461283355951309e-02
6.775299999999269858e+03 9.235209971666336060e-02 1.389263197779655457e-02
6.776779999999269421e+03 7.254092395305633545e-02 1.357319019734859467e-02
6.778259999999268985e+03 7.601819932460784912e-02 1.366340089589357376e-02
6.779739999999268548e+03 6.693413853645324707e-02 1.349417306482791901e-02
6.781219999999268111e+03 7.360500842332839966e-02 1.355203986167907715e-02
6.782699999999267675e+03 8.590725064277648926e-02 1.379172876477241516e-02
6.784179999999267238e+03 6.431564688682556152e-02 1.341190747916698456e-02
6.785659999999266802e+03 7.692585140466690063e-02 1.358047220855951309e-02
6.787139999999266365e+03 7.090585678815841675e-02 1.357238739728927612e-02
6.788619999999265929e+03 8.765152096748352051e-02 1.376760192215442657e-02
6.790099999999265492e+03 1.031845957040786743e-01 1.408859714865684509e-02
6.791579999999265056e+03 9.130552411079406738e-02 1.380035374313592911e-02
6.793059999999264619e+03 9.303377568721771240e-02 1.382439024746417999e-02
6.794539999999264182e+03 1.037725955247879028e-01 1.403445564210414886e-02
6.796019999999263746e+03 8.908818662166595459e-02 1.380689721554517746e-02
6.797499999999263309e+03 6.512868404388427734e-02 1.343162078410387039e-02
6.798979999999262873e+03 7.464572787284851074e-02 1.360574085265398026e-02
6.800459999999262436e+03 8.190782368183135986e-02 1.369052845984697342e-02
6.801939999999262000e+03 7.481990009546279907e-02 1.350432261824607849e-02
6.803419999999261563e+03 6.595660001039505005e-02 1.331981737166643143e-02
6.804899999999261127e+03 7.789479196071624756e-02 1.354587450623512268e-02
6.806379999999260690e+03 8.599673956632614136e-02 1.365080848336219788e-02
6.807859999999260253e+03 7.842630892992019653e-02 1.349815074354410172e-02
6.809339999999259817e+03 8.378903567790985107e-02 1.367271132767200470e-02
6.810819999999259380e+03 8.122751116752624512e-02 1.362816803157329559e-02
6.812299999999258944e+03 7.448469847440719604e-02 1.348594017326831818e-02
6.813779999999258507e+03 7.860069721937179565e-02 1.357332617044448853e-02
6.815259999999258071e+03 7.156554609537124634e-02 1.350946072489023209e-02
6.816739999999257634e+03 7.290702313184738159e-02 1.343548484146595001e-02
6.818219999999257197e+03 8.245864510536193848e-02 1.359936501830816269e-02
6.819699999999256761e+03 7.111553847789764404e-02 1.334877312183380127e-02
6.821179999999256324e+03 6.039110198616981506e-02 1.323701813817024231e-02
6.822659999999255888e+03 7.848577201366424561e-02 1.360045000910758972e-02
6.824139999999255451e+03 7.852511852979660034e-02 1.369613129645586014e-02
6.825619999999255015e+03 8.862206339836120605e-02 1.426058448851108551e-02
6.827099999999254578e+03 9.357020258903503418e-02 1.504715625196695328e-02
6.828579999999254142e+03 8.805134892463684082e-02 1.497193612158298492e-02
6.830059999999253705e+03 9.306804090738296509e-02 1.455384213477373123e-02
6.831539999999253268e+03 8.152487128973007202e-02 1.443075761198997498e-02
6.833019999999252832e+03 7.037833333015441895e-02 1.458418089896440506e-02
6.834499999999252395e+03 1.169111505150794983e-01 1.484971400350332260e-02
6.835979999999251959e+03 1.443553119897842407e-01 1.475377846509218216e-02
6.837459999999251522e+03 1.094908118247985840e-01 1.399032305926084518e-02
6.838939999999251086e+03 9.397640824317932129e-02 1.377851050347089767e-02
6.840419999999250649e+03 1.019098460674285889e-01 1.405679155141115189e-02
6.841899999999250213e+03 8.027341961860656738e-02 1.362172700464725494e-02
6.843379999999249776e+03 9.436093270778656006e-02 1.373919937759637833e-02
6.844859999999249339e+03 1.023739203810691833e-01 1.399156730622053146e-02
6.846339999999248903e+03 8.681022375822067261e-02 1.358633302152156830e-02
6.847819999999248466e+03 9.042729437351226807e-02 1.366965286433696747e-02
6.849299999999248030e+03 7.198884338140487671e-02 1.341061666607856750e-02
6.850779999999247593e+03 6.405788660049438477e-02 1.321292668581008911e-02
6.852259999999247157e+03 8.618278801441192627e-02 1.361475046724081039e-02
6.853739999999246720e+03 8.768750727176666260e-02 1.354044582694768906e-02
6.855219999999246284e+03 8.840136229991912842e-02 1.347365882247686386e-02
6.856699999999245847e+03 9.252002835273742676e-02 1.360347680747509003e-02
6.858179999999245410e+03 9.480930119752883911e-02 1.362709421664476395e-02
6.859659999999244974e+03 8.058626949787139893e-02 1.374401804059743881e-02
6.861139999999244537e+03 7.700879126787185669e-02 1.487252861261367798e-02
6.862619999999244101e+03 9.768684208393096924e-02 1.584413833916187286e-02
6.864099999999243664e+03 1.092503070831298828e-01 1.537802163511514664e-02
6.865579999999243228e+03 9.061424434185028076e-02 1.303841359913349152e-02
6.867059999999242791e+03 6.349037587642669678e-02 1.154293958097696304e-02
6.868539999999242355e+03 6.687702983617782593e-02 1.157657336443662643e-02
6.870019999999241918e+03 6.597883254289627075e-02 1.179816108196973801e-02
6.871499999999241481e+03 7.507134228944778442e-02 1.206464320421218872e-02
6.872979999999241045e+03 2.024975121021270752e-01 1.437562052160501480e-02
6.874459999999240608e+03 4.659428894519805908e-01 1.836218126118183136e-02
6.875939999999240172e+03 4.704736471176147461e-01 1.854105293750762939e-02
6.877419999999239735e+03 2.172683328390121460e-01 1.513589825481176376e-02
6.878899999999239299e+03 8.003307133913040161e-02 1.320533081889152527e-02
6.880379999999238862e+03 7.457270473241806030e-02 1.322070974856615067e-02
6.881859999999238426e+03 7.565063983201980591e-02 1.316413749009370804e-02
6.883339999999237989e+03 7.799774408340454102e-02 1.284040883183479309e-02
6.884819999999237552e+03 6.200066953897476196e-02 1.248814910650253296e-02
6.886299999999237116e+03 5.896709859371185303e-02 1.250439882278442383e-02
6.887779999999236679e+03 2.145178318023681641e-01 1.538797467947006226e-02
6.889259999999236243e+03 4.271124899387359619e-01 1.830829679965972900e-02
6.890739999999235806e+03 3.813238739967346191e-01 1.761731132864952087e-02
6.892219999999235370e+03 1.853566169738769531e-01 1.460371166467666626e-02
6.893699999999234933e+03 7.805626839399337769e-02 1.272286754101514816e-02
6.895179999999234496e+03 6.382039189338684082e-02 1.237813569605350494e-02
6.896659999999234060e+03 7.068508863449096680e-02 1.268289703875780106e-02
6.898139999999233623e+03 5.104851722717285156e-02 1.266547571867704391e-02
6.899619999999233187e+03 8.071518689393997192e-02 1.333560142666101456e-02
6.901099999999232750e+03 9.325513243675231934e-02 1.353777386248111725e-02
6.902579999999232314e+03 1.005539298057556152e-01 1.322602573782205582e-02
6.904059999999231877e+03 7.671405375003814697e-02 1.277741417288780212e-02
6.905539999999231441e+03 7.542090862989425659e-02 1.286576408892869949e-02
6.907019999999231004e+03 8.699410408735275269e-02 1.311493664979934692e-02
6.908499999999230567e+03 8.085104823112487793e-02 1.307805255055427551e-02
6.909979999999230131e+03 7.991778105497360229e-02 1.355075463652610779e-02
6.911459999999229694e+03 7.231191545724868774e-02 1.357835344970226288e-02
6.912939999999229258e+03 6.641216576099395752e-02 1.319563295692205429e-02
6.914419999999228821e+03 7.812742143869400024e-02 1.302917208522558212e-02
6.915899999999228385e+03 8.005835115909576416e-02 1.292916852980852127e-02
6.917379999999227948e+03 6.306006759405136108e-02 1.262786798179149628e-02
6.918859999999227512e+03 5.796494334936141968e-02 1.282067596912384033e-02
6.920339999999227075e+03 6.586894392967224121e-02 1.380090229213237762e-02
6.921819999999226638e+03 8.502592146396636963e-02 1.456036884337663651e-02
6.923299999999226202e+03 9.764336794614791870e-02 1.437556091696023941e-02
6.924779999999225765e+03 6.986747682094573975e-02 1.314224395900964737e-02
6.926259999999225329e+03 6.660293042659759521e-02 1.292296033352613449e-02
6.927739999999224892e+03 7.171885669231414795e-02 1.297743432223796844e-02
6.929219999999224456e+03 9.317165613174438477e-02 1.322223991155624390e-02
6.930699999999224019e+03 9.204280376434326172e-02 1.329795829951763153e-02
6.932179999999223583e+03 6.822885572910308838e-02 1.285086851567029953e-02
6.933659999999223146e+03 7.409404218196868896e-02 1.297005172818899155e-02
6.935139999999222709e+03 7.456623017787933350e-02 1.303656958043575287e-02
6.936619999999222273e+03 7.528820633888244629e-02 1.341578830033540726e-02
6.938099999999221836e+03 7.856232672929763794e-02 1.373739540576934814e-02
6.939579999999221400e+03 7.239294052124023438e-02 1.342989318072795868e-02
6.941059999999220963e+03 8.298162370920181274e-02 1.327888295054435730e-02
6.942539999999220527e+03 9.763287007808685303e-02 1.334205549210309982e-02
6.944019999999220090e+03 8.137266337871551514e-02 1.301457639783620834e-02
6.945499999999219654e+03 5.641818046569824219e-02 1.309060957282781601e-02
6.946979999999219217e+03 6.185936927795410156e-02 1.413338631391525269e-02
6.948459999999218780e+03 8.003082871437072754e-02 1.449653133749961853e-02
6.949939999999218344e+03 7.479091733694076538e-02 1.364124007523059845e-02
6.951419999999217907e+03 6.017459183931350708e-02 1.286127883940935135e-02
6.952899999999217471e+03 6.742914766073226929e-02 1.284354459494352341e-02
6.954379999999217034e+03 7.902166247367858887e-02 1.323439460247755051e-02
6.955859999999216598e+03 8.465304970741271973e-02 1.324296742677688599e-02
6.957339999999216161e+03 8.063896000385284424e-02 1.307391561567783356e-02
6.958819999999215725e+03 8.516277372837066650e-02 1.320387143641710281e-02
6.960299999999215288e+03 7.689023017883300781e-02 1.300070527940988541e-02
6.961779999999214851e+03 8.002157509326934814e-02 1.313928514719009399e-02
6.963259999999214415e+03 6.351604312658309937e-02 1.289080549031496048e-02
6.964739999999213978e+03 6.829612702131271362e-02 1.296195853501558304e-02
6.966219999999213542e+03 8.135287463665008545e-02 1.326953154057264328e-02
6.967699999999213105e+03 7.126377522945404053e-02 1.321512553840875626e-02
6.969179999999212669e+03 8.527471125125885010e-02 1.353144273161888123e-02
6.970659999999212232e+03 1.044119596481323242e-01 1.373331155627965927e-02
6.972139999999211796e+03 8.151471614837646484e-02 1.311668008565902710e-02
6.973619999999211359e+03 7.226444780826568604e-02 1.296669524163007736e-02
6.975099999999210922e+03 7.319454848766326904e-02 1.322426460683345795e-02
6.976579999999210486e+03 6.953886151313781738e-02 1.350483112037181854e-02
6.978059999999210049e+03 9.089016169309616089e-02 1.386248506605625153e-02
6.979539999999209613e+03 7.117393612861633301e-02 1.312436349689960480e-02
6.981019999999209176e+03 7.452486455440521240e-02 1.299114432185888290e-02
6.982499999999208740e+03 9.764225035905838013e-02 1.337581407278776169e-02
6.983979999999208303e+03 7.214912772178649902e-02 1.296265423297882080e-02
6.985459999999207866e+03 6.617326289415359497e-02 1.280901767313480377e-02
6.986939999999207430e+03 6.199996918439865112e-02 1.268398202955722809e-02
6.988419999999206993e+03 6.474401056766510010e-02 1.269423868507146835e-02
6.989899999999206557e+03 8.469873666763305664e-02 1.305024698376655579e-02
6.991379999999206120e+03 8.685895800590515137e-02 1.309038512408733368e-02
6.992859999999205684e+03 7.699748873710632324e-02 1.299376506358385086e-02
6.994339999999205247e+03 6.914407014846801758e-02 1.287493389099836349e-02
6.995819999999204811e+03 7.290806621313095093e-02 1.284816022962331772e-02
6.997299999999204374e+03 7.607623934745788574e-02 1.281894743442535400e-02
6.998779999999203937e+03 7.299233973026275635e-02 1.279619988054037094e-02
7.000259999999203501e+03 7.701811939477920532e-02 1.294478215277194977e-02
7.001739999999203064e+03 6.709883362054824829e-02 1.288419030606746674e-02
7.003219999999202628e+03 5.992996692657470703e-02 1.266514509916305542e-02
7.004699999999202191e+03 8.359912037849426270e-02 1.292792614549398422e-02
7.006179999999201755e+03 7.814599573612213135e-02 1.277549471706151962e-02
7.007659999999201318e+03 5.229758098721504211e-02 1.251560449600219727e-02
7.009139999999200882e+03 9.602485597133636475e-02 1.355736330151557922e-02
7.010619999999200445e+03 5.811255425214767456e-02 1.287300977855920792e-02
7.012099999999200008e+03 6.324159353971481323e-02 1.276819314807653427e-02
7.013579999999199572e+03 6.535943597555160522e-02 1.256630662828683853e-02
7.015059999999199135e+03 6.347859650850296021e-02 1.239248644560575485e-02
7.016539999999198699e+03 6.459508836269378662e-02 1.248654164373874664e-02
7.018019999999198262e+03 7.657235115766525269e-02 1.284328568726778030e-02
7.019499999999197826e+03 7.276204973459243774e-02 1.278932578861713409e-02
7.020979999999197389e+03 6.630671024322509766e-02 1.255640946328639984e-02
7.022459999999196953e+03 7.314832508563995361e-02 1.261226646602153778e-02
7.023939999999196516e+03 7.051591575145721436e-02 1.257270295172929764e-02
7.025419999999196079e+03 7.630284875631332397e-02 1.275306940078735352e-02
7.026899999999195643e+03 7.750909775495529175e-02 1.285399217158555984e-02
7.028379999999195206e+03 5.629694461822509766e-02 1.250102464109659195e-02
7.029859999999194770e+03 7.530074566602706909e-02 1.284645311534404755e-02
7.031339999999194333e+03 7.180061936378479004e-02 1.279310230165719986e-02
7.032819999999193897e+03 7.629642635583877563e-02 1.285309810191392899e-02
7.034299999999193460e+03 6.970473378896713257e-02 1.254357956349849701e-02
7.035779999999193024e+03 5.820918828248977661e-02 1.243655662983655930e-02
7.037259999999192587e+03 3.760787099599838257e-02 1.194356661289930344e-02
7.038739999999192150e+03 7.607430964708328247e-02 1.278453692793846130e-02
7.040219999999191714e+03 8.448591083288192749e-02 1.313402038067579269e-02
7.041699999999191277e+03 7.441105693578720093e-02 1.295629609376192093e-02
7.043179999999190841e+03 7.401555776596069336e-02 1.284438464790582657e-02
7.044659999999190404e+03 7.677003741264343262e-02 1.294108387082815170e-02
7.046139999999189968e+03 8.250112831592559814e-02 1.322559919208288193e-02
7.047619999999189531e+03 8.676883578300476074e-02 1.327706594020128250e-02
7.049099999999189095e+03 8.305962383747100830e-02 1.312456093728542328e-02
7.050579999999188658e+03 7.949948310852050781e-02 1.296489406377077103e-02
7.052059999999188221e+03 7.636076956987380981e-02 1.280324719846248627e-02
7.053539999999187785e+03 6.249028444290161133e-02 1.259027328342199326e-02
7.055019999999187348e+03 7.645565271377563477e-02 1.278196554630994797e-02
7.056499999999186912e+03 8.822079002857208252e-02 1.297990325838327408e-02
7.057979999999186475e+03 8.533065766096115112e-02 1.289801020175218582e-02
7.059459999999186039e+03 7.490962743759155273e-02 1.268404908478260040e-02
7.060939999999185602e+03 7.831139862537384033e-02 1.279686205089092255e-02
7.062419999999185166e+03 7.137668877840042114e-02 1.274921931326389313e-02
7.063899999999184729e+03 6.879684329032897949e-02 1.273356564342975616e-02
7.065379999999184292e+03 6.206358224153518677e-02 1.253515481948852539e-02
7.066859999999183856e+03 7.000688463449478149e-02 1.264127157628536224e-02
7.068339999999183419e+03 8.583930879831314087e-02 1.294208411127328873e-02
7.069819999999182983e+03 8.758181333541870117e-02 1.301734801381826401e-02
7.071299999999182546e+03 7.837652415037155151e-02 1.285032648593187332e-02
7.072779999999182110e+03 7.444719225168228149e-02 1.277887634932994843e-02
7.074259999999181673e+03 7.976932823657989502e-02 1.283698249608278275e-02
7.075739999999181236e+03 8.141121268272399902e-02 1.287285983562469482e-02
7.077219999999180800e+03 6.792284548282623291e-02 1.268030609935522079e-02
7.078699999999180363e+03 6.260871142148971558e-02 1.258228160440921783e-02
7.080179999999179927e+03 9.571877121925354004e-02 1.320314686745405197e-02
7.081659999999179490e+03 8.252269029617309570e-02 1.290257927030324936e-02
7.083139999999179054e+03 5.966494977474212646e-02 1.229475624859333038e-02
7.084619999999178617e+03 7.430903613567352295e-02 1.251998916268348694e-02
7.086099999999178181e+03 8.125585317611694336e-02 1.279311161488294601e-02
7.087579999999177744e+03 5.746429413557052612e-02 1.241678185760974884e-02
7.089059999999177307e+03 6.410765647888183594e-02 1.245895773172378540e-02
7.090539999999176871e+03 8.274953067302703857e-02 1.279312465339899063e-02
7.092019999999176434e+03 7.958536595106124878e-02 1.272176392376422882e-02
7.093499999999175998e+03 7.404301315546035767e-02 1.261912100017070770e-02
7.094979999999175561e+03 8.023990690708160400e-02 1.266464311629533768e-02
7.096459999999175125e+03 7.684274017810821533e-02 1.257568039000034332e-02
