4.300739999999999782e+03 5.901300311088562012e-01 6.097331270575523376e-02
4.302219999999999345e+03 3.853508830070495605e-01 6.027300655841827393e-02
4.303699999999998909e+03 4.017241597175598145e-01 6.122789159417152405e-02
4.305179999999998472e+03 4.781976640224456787e-01 6.142140179872512817e-02
4.306659999999998035e+03 4.201830029487609863e-01 5.792011693120002747e-02
4.308139999999997599e+03 5.261549949645996094e-01 5.916386097669601440e-02
4.309619999999997162e+03 3.985194563865661621e-01 5.704924836754798889e-02
4.311099999999996726e+03 5.127742290496826172e-01 6.141245365142822266e-02
4.312579999999996289e+03 4.528988897800445557e-01 6.251878291368484497e-02
4.314059999999995853e+03 4.303914904594421387e-01 6.483519077301025391e-02
4.315539999999995416e+03 4.862531125545501709e-01 6.866038590669631958e-02
4.317019999999994980e+03 5.935626626014709473e-01 7.093137502670288086e-02
4.318499999999994543e+03 6.006215214729309082e-01 7.036969065666198730e-02
4.319979999999994106e+03 4.413147270679473877e-01 6.611609458923339844e-02
4.321459999999993670e+03 5.462780594825744629e-01 6.594413518905639648e-02
4.322939999999993233e+03 6.271455287933349609e-01 6.385771930217742920e-02
4.324419999999992797e+03 5.112760066986083984e-01 5.908302962779998779e-02
4.325899999999992360e+03 4.140814840793609619e-01 5.995513498783111572e-02
4.327379999999991924e+03 5.648315548896789551e-01 6.616730988025665283e-02
4.328859999999991487e+03 6.015657782554626465e-01 6.791682541370391846e-02
4.330339999999991051e+03 5.020270347595214844e-01 6.504239886999130249e-02
4.331819999999990614e+03 3.914424479007720947e-01 6.344591826200485229e-02
4.333299999999990177e+03 4.845827817916870117e-01 6.495830416679382324e-02
4.334779999999989741e+03 5.329579710960388184e-01 6.499373912811279297e-02
4.336259999999989304e+03 4.595579802989959717e-01 6.133140251040458679e-02
4.337739999999988868e+03 6.327978372573852539e-01 6.044247746467590332e-02
4.339219999999988431e+03 4.710345864295959473e-01 5.581709370017051697e-02
4.340699999999987995e+03 4.378679990768432617e-01 5.602970346808433533e-02
4.342179999999987558e+03 4.738028645515441895e-01 5.899172648787498474e-02
4.343659999999987122e+03 5.275916457176208496e-01 6.130071356892585754e-02
4.345139999999986685e+03 6.683982610702514648e-01 6.469557434320449829e-02
4.346619999999986248e+03 6.096143126487731934e-01 6.349615007638931274e-02
4.348099999999985812e+03 5.777506828308105469e-01 6.351913511753082275e-02
4.349579999999985375e+03 5.107935070991516113e-01 6.117157265543937683e-02
4.351059999999984939e+03 5.494694113731384277e-01 5.902038142085075378e-02
4.352539999999984502e+03 4.535594582557678223e-01 5.759642273187637329e-02
4.354019999999984066e+03 5.786603689193725586e-01 6.147157028317451477e-02
4.355499999999983629e+03 5.449481010437011719e-01 6.088197231292724609e-02
4.356979999999983193e+03 5.303457975387573242e-01 6.052167713642120361e-02
4.358459999999982756e+03 5.558346509933471680e-01 5.994430556893348694e-02
4.359939999999982319e+03 5.045731663703918457e-01 5.987552553415298462e-02
4.361419999999981883e+03 3.241218030452728271e-01 5.714930966496467590e-02
4.362899999999981446e+03 4.401197135448455811e-01 5.871453136205673218e-02
4.364379999999981010e+03 6.248841285705566406e-01 6.178394705057144165e-02
4.365859999999980573e+03 5.527789592742919922e-01 5.979954078793525696e-02
4.367339999999980137e+03 6.448746323585510254e-01 5.966624617576599121e-02
4.368819999999979700e+03 5.559717416763305664e-01 5.839165300130844116e-02
4.370299999999979264e+03 5.037427544593811035e-01 5.691653490066528320e-02
4.371779999999978827e+03 5.353465080261230469e-01 5.707946792244911194e-02
4.373259999999978390e+03 4.925844073295593262e-01 5.505875870585441589e-02
4.374739999999977954e+03 4.520573616027832031e-01 5.331719294190406799e-02
4.376219999999977517e+03 5.847728252410888672e-01 5.689654871821403503e-02
4.377699999999977081e+03 4.632046520709991455e-01 5.527887120842933655e-02
4.379179999999976644e+03 6.085183024406433105e-01 5.787399783730506897e-02
4.380659999999976208e+03 6.221734881401062012e-01 5.600772425532341003e-02
4.382139999999975771e+03 5.794496536254882812e-01 5.160695314407348633e-02
4.383619999999975335e+03 5.053759813308715820e-01 4.849646240472793579e-02
4.385099999999974898e+03 4.522609114646911621e-01 5.028776824474334717e-02
4.386579999999974461e+03 5.024539232254028320e-01 5.289679765701293945e-02
4.388059999999974025e+03 5.370866656303405762e-01 5.307522416114807129e-02
4.389539999999973588e+03 4.387285709381103516e-01 5.115288868546485901e-02
4.391019999999973152e+03 4.509002864360809326e-01 5.143561214208602905e-02
4.392499999999972715e+03 4.766616523265838623e-01 5.212467163801193237e-02
4.393979999999972279e+03 5.310602188110351562e-01 5.241309106349945068e-02
4.395459999999971842e+03 4.406222999095916748e-01 5.129463970661163330e-02
4.396939999999971405e+03 4.269774556159973145e-01 5.169540271162986755e-02
4.398419999999970969e+03 4.838343262672424316e-01 5.207490175962448120e-02
4.399899999999970532e+03 4.699760079383850098e-01 5.035582557320594788e-02
4.401379999999970096e+03 4.521210789680480957e-01 5.063119158148765564e-02
4.402859999999969659e+03 4.728425145149230957e-01 4.972393438220024109e-02
4.404339999999969223e+03 3.598032295703887939e-01 4.610101133584976196e-02
4.405819999999968786e+03 5.058605074882507324e-01 4.896856471896171570e-02
4.407299999999968350e+03 4.367452859878540039e-01 4.887658357620239258e-02
4.408779999999967913e+03 3.776413500308990479e-01 4.804909974336624146e-02
4.410259999999967476e+03 4.769212901592254639e-01 5.069395154714584351e-02
4.411739999999967040e+03 5.180253386497497559e-01 5.140253901481628418e-02
4.413219999999966603e+03 4.142089486122131348e-01 4.875203594565391541e-02
4.414699999999966167e+03 4.315932393074035645e-01 4.733348265290260315e-02
4.416179999999965730e+03 4.708115756511688232e-01 4.795109480619430542e-02
4.417659999999965294e+03 4.673916697502136230e-01 4.901963472366333008e-02
4.419139999999964857e+03 4.935713410377502441e-01 5.016232654452323914e-02
4.420619999999964421e+03 5.102170109748840332e-01 4.960725829005241394e-02
4.422099999999963984e+03 5.154320597648620605e-01 4.857033118605613708e-02
4.423579999999963547e+03 4.789571762084960938e-01 4.780677706003189087e-02
4.425059999999963111e+03 4.618753194808959961e-01 4.754217341542243958e-02
4.426539999999962674e+03 4.380732178688049316e-01 4.706076905131340027e-02
4.428019999999962238e+03 4.013213515281677246e-01 4.662271961569786072e-02
4.429499999999961801e+03 3.840738236904144287e-01 4.577010124921798706e-02
4.430979999999961365e+03 4.544957280158996582e-01 4.628048837184906006e-02
4.432459999999960928e+03 5.226457715034484863e-01 4.703569412231445312e-02
4.433939999999960492e+03 3.673899769783020020e-01 4.363609105348587036e-02
4.435419999999960055e+03 3.758932054042816162e-01 4.356860369443893433e-02
4.436899999999959618e+03 4.206576645374298096e-01 4.527521505951881409e-02
4.438379999999959182e+03 4.582328796386718750e-01 4.639597237110137939e-02
4.439859999999958745e+03 3.842716813087463379e-01 4.472462832927703857e-02
4.441339999999958309e+03 3.331760168075561523e-01 4.270237311720848083e-02
4.442819999999957872e+03 5.274373888969421387e-01 4.513491690158843994e-02
4.444299999999957436e+03 5.839706063270568848e-01 4.667177051305770874e-02
4.445779999999956999e+03 4.249308705329895020e-01 4.468185827136039734e-02
4.447259999999956563e+03 3.311582803726196289e-01 4.301992803812026978e-02
4.448739999999956126e+03 3.575037717819213867e-01 4.334853962063789368e-02
4.450219999999955689e+03 4.005341231822967529e-01 4.366038367152214050e-02
4.451699999999955253e+03 5.028718113899230957e-01 4.454803839325904846e-02
4.453179999999954816e+03 4.363774657249450684e-01 4.275691881775856018e-02
4.454659999999954380e+03 4.034789800643920898e-01 4.084989428520202637e-02
4.456139999999953943e+03 4.203009009361267090e-01 4.100349172949790955e-02
4.457619999999953507e+03 4.044247269630432129e-01 4.099239781498908997e-02
4.459099999999953070e+03 4.497024416923522949e-01 4.140347987413406372e-02
4.460579999999952634e+03 4.068175554275512695e-01 4.072651267051696777e-02
4.462059999999952197e+03 4.593997299671173096e-01 4.156837984919548035e-02
4.463539999999951760e+03 4.415622949600219727e-01 4.202752560377120972e-02
4.465019999999951324e+03 4.270240068435668945e-01 4.171233251690864563e-02
4.466499999999950887e+03 4.519566893577575684e-01 4.202956706285476685e-02
4.467979999999950451e+03 4.872719943523406982e-01 4.202009737491607666e-02
4.469459999999950014e+03 3.980468213558197021e-01 4.044068604707717896e-02
4.470939999999949578e+03 4.221950769424438477e-01 4.107336327433586121e-02
4.472419999999949141e+03 4.270246326923370361e-01 4.198252037167549133e-02
4.473899999999948704e+03 4.416374564170837402e-01 4.213111102581024170e-02
4.475379999999948268e+03 4.015132188796997070e-01 4.146577790379524231e-02
4.476859999999947831e+03 4.165546894073486328e-01 4.204396530985832214e-02
4.478339999999947395e+03 4.739845395088195801e-01 4.227332025766372681e-02
4.479819999999946958e+03 4.100750684738159180e-01 4.007212072610855103e-02
4.481299999999946522e+03 3.953657448291778564e-01 3.901616856455802917e-02
4.482779999999946085e+03 5.484478473663330078e-01 7.712765038013458252e-02
4.484259999999945649e+03 6.757096052169799805e-01 9.165441989898681641e-02
4.485739999999945212e+03 8.272454142570495605e-01 5.637168884277343750e-02
4.487219999999944775e+03 3.467088043689727783e-01 4.446264728903770447e-02
4.488699999999944339e+03 3.385578691959381104e-01 3.888256475329399109e-02
4.490179999999943902e+03 4.091106653213500977e-01 3.965253382921218872e-02
4.491659999999943466e+03 5.133929848670959473e-01 4.143359884619712830e-02
4.493139999999943029e+03 5.017461776733398438e-01 4.123704507946968079e-02
4.494619999999942593e+03 4.511225521564483643e-01 4.004538804292678833e-02
4.496099999999942156e+03 4.288219511508941650e-01 3.978417441248893738e-02
4.497579999999941720e+03 4.094077944755554199e-01 4.034725204110145569e-02
4.499059999999941283e+03 4.326110482215881348e-01 4.043515771627426147e-02
4.500539999999940846e+03 4.074366688728332520e-01 3.980829566717147827e-02
4.502019999999940410e+03 5.439929962158203125e-01 4.171367362141609192e-02
4.503499999999939973e+03 4.202523231506347656e-01 4.073199629783630371e-02
4.504979999999939537e+03 3.908721506595611572e-01 4.040206223726272583e-02
4.506459999999939100e+03 4.108925163745880127e-01 4.049058258533477783e-02
4.507939999999938664e+03 4.814025461673736572e-01 4.100433737039566040e-02
4.509419999999938227e+03 4.292266964912414551e-01 4.019290581345558167e-02
4.510899999999937791e+03 4.013327658176422119e-01 4.001643881201744080e-02
4.512379999999937354e+03 3.867629468441009521e-01 3.914465010166168213e-02
4.513859999999936917e+03 4.335101842880249023e-01 3.950893133878707886e-02
4.515339999999936481e+03 4.274313747882843018e-01 3.923055902123451233e-02
4.516819999999936044e+03 4.755404591560363770e-01 3.985956311225891113e-02
4.518299999999935608e+03 4.565508365631103516e-01 3.967474400997161865e-02
4.519779999999935171e+03 3.646962046623229980e-01 3.866026178002357483e-02
4.521259999999934735e+03 3.828817009925842285e-01 3.870671987533569336e-02
4.522739999999934298e+03 4.173979461193084717e-01 3.911554068326950073e-02
4.524219999999933862e+03 4.779189527034759521e-01 3.935381397604942322e-02
4.525699999999933425e+03 5.457707047462463379e-01 3.947576507925987244e-02
4.527179999999932988e+03 4.721131920814514160e-01 3.789606690406799316e-02
4.528659999999932552e+03 4.300508201122283936e-01 3.716335073113441467e-02
4.530139999999932115e+03 4.059129357337951660e-01 3.729197382926940918e-02
4.531619999999931679e+03 4.676842689514160156e-01 3.853604942560195923e-02
4.533099999999931242e+03 4.377787411212921143e-01 3.798287361860275269e-02
4.534579999999930806e+03 4.660784602165222168e-01 3.803599998354911804e-02
4.536059999999930369e+03 4.602080583572387695e-01 3.838818147778511047e-02
4.537539999999929933e+03 4.557810723781585693e-01 3.946479782462120056e-02
4.539019999999929496e+03 4.485657215118408203e-01 3.931719809770584106e-02
4.540499999999929059e+03 4.837508201599121094e-01 3.910491988062858582e-02
4.541979999999928623e+03 4.989588856697082520e-01 3.946863114833831787e-02
4.543459999999928186e+03 5.202475190162658691e-01 3.979808464646339417e-02
4.544939999999927750e+03 4.952323734760284424e-01 3.922877088189125061e-02
4.546419999999927313e+03 4.425574839115142822e-01 3.828031197190284729e-02
4.547899999999926877e+03 4.598533511161804199e-01 3.822237998247146606e-02
4.549379999999926440e+03 4.218347072601318359e-01 3.739327937364578247e-02
4.550859999999926004e+03 4.538971185684204102e-01 3.810032829642295837e-02
4.552339999999925567e+03 5.249921083450317383e-01 3.930386900901794434e-02
4.553819999999925130e+03 4.956457018852233887e-01 3.862112760543823242e-02
4.555299999999924694e+03 4.348945617675781250e-01 3.789034113287925720e-02
4.556779999999924257e+03 4.550937414169311523e-01 3.848268091678619385e-02
4.558259999999923821e+03 4.198397397994995117e-01 3.864543139934539795e-02
4.559739999999923384e+03 4.303110241889953613e-01 3.873654827475547791e-02
4.561219999999922948e+03 3.970586955547332764e-01 3.863817825913429260e-02
4.562699999999922511e+03 4.372608363628387451e-01 3.868013620376586914e-02
4.564179999999922074e+03 3.861837387084960938e-01 3.714376315474510193e-02
4.565659999999921638e+03 4.678456783294677734e-01 3.835051134228706360e-02
4.567139999999921201e+03 4.107100367546081543e-01 3.811043128371238708e-02
4.568619999999920765e+03 4.514003396034240723e-01 3.916680067777633667e-02
4.570099999999920328e+03 4.510581791400909424e-01 3.855425119400024414e-02
4.571579999999919892e+03 4.624291062355041504e-01 3.863538429141044617e-02
4.573059999999919455e+03 4.903461039066314697e-01 3.925028070807456970e-02
4.574539999999919019e+03 5.408791303634643555e-01 4.010863229632377625e-02
4.576019999999918582e+03 4.923866987228393555e-01 3.951664268970489502e-02
4.577499999999918145e+03 4.906443357467651367e-01 3.937263041734695435e-02
4.578979999999917709e+03 4.365563392639160156e-01 3.826479986310005188e-02
4.580459999999917272e+03 4.538768529891967773e-01 3.765309974551200867e-02
4.581939999999916836e+03 4.932046234607696533e-01 3.825915232300758362e-02
4.583419999999916399e+03 4.788324832916259766e-01 3.813460469245910645e-02
4.584899999999915963e+03 4.546673893928527832e-01 3.789943829178810120e-02
4.586379999999915526e+03 4.196341037750244141e-01 3.759531304240226746e-02
4.587859999999915090e+03 3.363698720932006836e-01 3.698682785034179688e-02
4.589339999999914653e+03 4.240933954715728760e-01 3.849897533655166626e-02
4.590819999999914216e+03 5.341705083847045898e-01 3.932912647724151611e-02
4.592299999999913780e+03 4.652988314628601074e-01 3.838781639933586121e-02
4.593779999999913343e+03 4.949571490287780762e-01 3.869637474417686462e-02
4.595259999999912907e+03 4.370692670345306396e-01 3.790565207600593567e-02
4.596739999999912470e+03 4.248825609683990479e-01 3.763680905103683472e-02
4.598219999999912034e+03 4.949964880943298340e-01 3.870281577110290527e-02
4.599699999999911597e+03 5.073051452636718750e-01 3.871130198240280151e-02
4.601179999999911161e+03 4.401865899562835693e-01 3.796292468905448914e-02
4.602659999999910724e+03 4.596369862556457520e-01 3.836205601692199707e-02
4.604139999999910287e+03 4.886603355407714844e-01 3.889661282300949097e-02
4.605619999999909851e+03 4.140266180038452148e-01 3.763758391141891479e-02
4.607099999999909414e+03 4.908341169357299805e-01 3.928577527403831482e-02
4.608579999999908978e+03 4.782726764678955078e-01 3.938622027635574341e-02
4.610059999999908541e+03 5.462818741798400879e-01 4.002616927027702332e-02
4.611539999999908105e+03 4.848884046077728271e-01 3.892236575484275818e-02
4.613019999999907668e+03 5.219711065292358398e-01 3.924935311079025269e-02
4.614499999999907232e+03 5.189754962921142578e-01 3.960309550166130066e-02
4.615979999999906795e+03 4.594562649726867676e-01 3.869444876909255981e-02
4.617459999999906358e+03 5.583804249763488770e-01 4.019261896610260010e-02
4.618939999999905922e+03 4.803923368453979492e-01 3.874945640563964844e-02
4.620419999999905485e+03 5.294877886772155762e-01 3.954327106475830078e-02
4.621899999999905049e+03 5.151868462562561035e-01 3.963565081357955933e-02
4.623379999999904612e+03 4.739799499511718750e-01 3.889330476522445679e-02
4.624859999999904176e+03 5.094292163848876953e-01 3.922966122627258301e-02
4.626339999999903739e+03 4.677548408508300781e-01 3.867585584521293640e-02
4.627819999999903303e+03 4.882140159606933594e-01 3.907007351517677307e-02
4.629299999999902866e+03 4.983760714530944824e-01 3.904097154736518860e-02
4.630779999999902429e+03 3.976463973522186279e-01 3.789156675338745117e-02
4.632259999999901993e+03 4.766984879970550537e-01 3.885043784976005554e-02
4.633739999999901556e+03 4.843975305557250977e-01 3.858673945069313049e-02
4.635219999999901120e+03 4.631620645523071289e-01 3.845003992319107056e-02
4.636699999999900683e+03 4.868229031562805176e-01 3.814674913883209229e-02
4.638179999999900247e+03 4.000238776206970215e-01 3.700108826160430908e-02
4.639659999999899810e+03 4.679261445999145508e-01 3.795586526393890381e-02
4.641139999999899374e+03 4.281808137893676758e-01 3.765732422471046448e-02
4.642619999999898937e+03 4.154242277145385742e-01 3.764234855771064758e-02
4.644099999999898500e+03 5.209683179855346680e-01 3.856715187430381775e-02
4.645579999999898064e+03 4.731972515583038330e-01 3.738102316856384277e-02
4.647059999999897627e+03 5.265861749649047852e-01 3.757091984152793884e-02
4.648539999999897191e+03 4.784539341926574707e-01 3.735965862870216370e-02
4.650019999999896754e+03 5.431233048439025879e-01 3.857699036598205566e-02
4.651499999999896318e+03 4.824627637863159180e-01 3.813279792666435242e-02
4.652979999999895881e+03 5.149136781692504883e-01 3.845621645450592041e-02
4.654459999999895444e+03 4.640909433364868164e-01 3.743237257003784180e-02
4.655939999999895008e+03 5.223733186721801758e-01 3.802703693509101868e-02
4.657419999999894571e+03 3.941963016986846924e-01 3.697449341416358948e-02
4.658899999999894135e+03 4.888698458671569824e-01 3.859215229749679565e-02
4.660379999999893698e+03 5.533044338226318359e-01 3.909171000123023987e-02
4.661859999999893262e+03 5.195302963256835938e-01 3.827428072690963745e-02
4.663339999999892825e+03 4.739628434181213379e-01 3.735755383968353271e-02
4.664819999999892389e+03 4.973712563514709473e-01 3.736389800906181335e-02
4.666299999999891952e+03 4.683488607406616211e-01 3.588064387440681458e-02
4.667779999999891515e+03 4.961496591567993164e-01 3.619832918047904968e-02
4.669259999999891079e+03 5.805782675743103027e-01 3.777731582522392273e-02
4.670739999999890642e+03 4.864120483398437500e-01 3.765722364187240601e-02
4.672219999999890206e+03 4.810433983802795410e-01 3.723829984664916992e-02
4.673699999999889769e+03 4.321646988391876221e-01 3.671587631106376648e-02
4.675179999999889333e+03 5.116700530052185059e-01 3.794727101922035217e-02
4.676659999999888896e+03 5.443416237831115723e-01 3.833727911114692688e-02
4.678139999999888460e+03 5.205717682838439941e-01 3.734638914465904236e-02
4.679619999999888023e+03 4.805676937103271484e-01 3.667717427015304565e-02
4.681099999999887586e+03 5.433083772659301758e-01 3.743844479322433472e-02
4.682579999999887150e+03 5.405191183090209961e-01 3.764555230736732483e-02
4.684059999999886713e+03 4.541556537151336670e-01 3.702638298273086548e-02
4.685539999999886277e+03 4.904691576957702637e-01 3.735919296741485596e-02
4.687019999999885840e+03 5.234205722808837891e-01 3.753174468874931335e-02
4.688499999999885404e+03 4.782322049140930176e-01 3.700492903590202332e-02
4.689979999999884967e+03 5.547959804534912109e-01 3.779811412096023560e-02
4.691459999999884531e+03 4.876343309879302979e-01 3.673687949776649475e-02
4.692939999999884094e+03 4.848784208297729492e-01 3.710465505719184875e-02
4.694419999999883657e+03 5.385963916778564453e-01 3.791752085089683533e-02
4.695899999999883221e+03 5.089501142501831055e-01 3.749689459800720215e-02
4.697379999999882784e+03 5.044491887092590332e-01 3.701464086771011353e-02
4.698859999999882348e+03 4.999012947082519531e-01 3.650838509202003479e-02
4.700339999999881911e+03 5.010138750076293945e-01 3.637678176164627075e-02
4.701819999999881475e+03 4.913201630115509033e-01 3.591360151767730713e-02
4.703299999999881038e+03 4.938185811042785645e-01 3.575189039111137390e-02
4.704779999999880602e+03 5.005965232849121094e-01 3.650373220443725586e-02
4.706259999999880165e+03 5.120919942855834961e-01 3.663268685340881348e-02
4.707739999999879728e+03 4.383496642112731934e-01 3.533519431948661804e-02
4.709219999999879292e+03 5.341172218322753906e-01 3.643919900059700012e-02
4.710699999999878855e+03 4.607401192188262939e-01 3.597484529018402100e-02
4.712179999999878419e+03 5.146726965904235840e-01 3.691544383764266968e-02
4.713659999999877982e+03 5.089449286460876465e-01 3.631211444735527039e-02
4.715139999999877546e+03 4.870259165763854980e-01 3.621957078576087952e-02
4.716619999999877109e+03 4.842473864555358887e-01 3.666359931230545044e-02
4.718099999999876673e+03 4.896920323371887207e-01 3.694183379411697388e-02
4.719579999999876236e+03 5.722600221633911133e-01 3.811257332563400269e-02
4.721059999999875799e+03 5.649620294570922852e-01 3.787595033645629883e-02
4.722539999999875363e+03 4.494947791099548340e-01 3.629870712757110596e-02
4.724019999999874926e+03 5.122671127319335938e-01 3.721345216035842896e-02
4.725499999999874490e+03 5.372636318206787109e-01 3.729109466075897217e-02
4.726979999999874053e+03 5.400208234786987305e-01 3.659493476152420044e-02
4.728459999999873617e+03 5.262810587882995605e-01 3.600821644067764282e-02
4.729939999999873180e+03 4.962605834007263184e-01 3.551252558827400208e-02
4.731419999999872744e+03 4.969674646854400635e-01 3.575193136930465698e-02
4.732899999999872307e+03 5.570467710494995117e-01 3.675108775496482849e-02
4.734379999999871870e+03 5.556740760803222656e-01 3.673123568296432495e-02
4.735859999999871434e+03 5.202108621597290039e-01 3.600124269723892212e-02
4.737339999999870997e+03 4.975993335247039795e-01 3.574289381504058838e-02
4.738819999999870561e+03 4.676471352577209473e-01 3.577197343111038208e-02
4.740299999999870124e+03 5.010569691658020020e-01 3.603403270244598389e-02
4.741779999999869688e+03 4.457264542579650879e-01 3.547140955924987793e-02
4.743259999999869251e+03 4.318603873252868652e-01 3.563170135021209717e-02
4.744739999999868814e+03 4.065421819686889648e-01 3.489220514893531799e-02
4.746219999999868378e+03 5.202247500419616699e-01 3.621066734194755554e-02
4.747699999999867941e+03 4.272007048130035400e-01 3.521539270877838135e-02
4.749179999999867505e+03 4.156985878944396973e-01 3.497654944658279419e-02
4.750659999999867068e+03 5.178738236427307129e-01 3.616433590650558472e-02
4.752139999999866632e+03 5.041784048080444336e-01 3.573372587561607361e-02
4.753619999999866195e+03 4.780337810516357422e-01 3.509963303804397583e-02
4.755099999999865759e+03 4.444960057735443115e-01 3.463852033019065857e-02
4.756579999999865322e+03 5.132572054862976074e-01 3.563536331057548523e-02
4.758059999999864885e+03 4.716437757015228271e-01 3.519608452916145325e-02
4.759539999999864449e+03 4.444674253463745117e-01 3.516360744833946228e-02
4.761019999999864012e+03 4.733527302742004395e-01 3.518893197178840637e-02
4.762499999999863576e+03 5.223329067230224609e-01 3.508889302611351013e-02
4.763979999999863139e+03 4.915605187416076660e-01 3.472012653946876526e-02
4.765459999999862703e+03 4.609780013561248779e-01 3.427716344594955444e-02
4.766939999999862266e+03 4.915885329246520996e-01 3.455207496881484985e-02
4.768419999999861830e+03 5.237289071083068848e-01 3.555608540773391724e-02
4.769899999999861393e+03 5.392951965332031250e-01 3.594563901424407959e-02
4.771379999999860956e+03 5.361868739128112793e-01 3.553037717938423157e-02
4.772859999999860520e+03 5.652314424514770508e-01 3.599130362272262573e-02
4.774339999999860083e+03 5.122230052947998047e-01 3.568580374121665955e-02
4.775819999999859647e+03 5.701137781143188477e-01 3.622382134199142456e-02
4.777299999999859210e+03 4.416220784187316895e-01 3.488574177026748657e-02
4.778779999999858774e+03 4.285474121570587158e-01 3.467532247304916382e-02
4.780259999999858337e+03 5.062013864517211914e-01 3.542660549283027649e-02
4.781739999999857901e+03 4.717317521572113037e-01 3.462227433919906616e-02
4.783219999999857464e+03 4.410846829414367676e-01 3.416990488767623901e-02
4.784699999999857027e+03 4.534132778644561768e-01 3.412397578358650208e-02
4.786179999999856591e+03 4.835046529769897461e-01 3.435444459319114685e-02
4.787659999999856154e+03 5.472943782806396484e-01 3.515694662928581238e-02
4.789139999999855718e+03 5.235843658447265625e-01 3.473256528377532959e-02
4.790619999999855281e+03 5.127661228179931641e-01 3.455414250493049622e-02
4.792099999999854845e+03 5.191904306411743164e-01 3.501695767045021057e-02
4.793579999999854408e+03 5.042570829391479492e-01 3.521874919533729553e-02
4.795059999999853972e+03 5.230619907379150391e-01 3.534901887178421021e-02
4.796539999999853535e+03 4.442485570907592773e-01 3.420241549611091614e-02
4.798019999999853098e+03 4.699100852012634277e-01 3.415679186582565308e-02
4.799499999999852662e+03 5.432229638099670410e-01 3.470060601830482483e-02
4.800979999999852225e+03 4.967030286788940430e-01 3.441927209496498108e-02
4.802459999999851789e+03 4.958344697952270508e-01 3.458042442798614502e-02
4.803939999999851352e+03 4.565355479717254639e-01 3.376091644167900085e-02
4.805419999999850916e+03 4.766779243946075439e-01 3.384495899081230164e-02
4.806899999999850479e+03 4.551892280578613281e-01 3.338335081934928894e-02
4.808379999999850043e+03 4.898587167263031006e-01 3.374041616916656494e-02
4.809859999999849606e+03 4.570798277854919434e-01 3.351235389709472656e-02
4.811339999999849169e+03 4.947768747806549072e-01 3.409815579652786255e-02
4.812819999999848733e+03 4.880985319614410400e-01 3.409615904092788696e-02
4.814299999999848296e+03 4.442119002342224121e-01 3.352913632988929749e-02
4.815779999999847860e+03 4.515675306320190430e-01 3.342221677303314209e-02
4.817259999999847423e+03 4.858787357807159424e-01 3.422307595610618591e-02
4.818739999999846987e+03 5.106679201126098633e-01 3.443892300128936768e-02
4.820219999999846550e+03 4.884517788887023926e-01 3.392155095934867859e-02
4.821699999999846113e+03 4.549418687820434570e-01 3.306886926293373108e-02
4.823179999999845677e+03 4.725477397441864014e-01 3.281017392873764038e-02
4.824659999999845240e+03 4.780560731887817383e-01 3.341589868068695068e-02
4.826139999999844804e+03 4.930592775344848633e-01 3.360105678439140320e-02
4.827619999999844367e+03 4.715465009212493896e-01 3.322990983724594116e-02
4.829099999999843931e+03 4.551451802253723145e-01 3.279180824756622314e-02
4.830579999999843494e+03 4.856470227241516113e-01 3.303505107760429382e-02
4.832059999999843058e+03 4.922924935817718506e-01 3.320521861314773560e-02
4.833539999999842621e+03 4.962215125560760498e-01 3.324102237820625305e-02
4.835019999999842184e+03 5.774575471878051758e-01 3.419932350516319275e-02
4.836499999999841748e+03 4.693391919136047363e-01 3.295163065195083618e-02
4.837979999999841311e+03 5.533711314201354980e-01 3.323809430003166199e-02
4.839459999999840875e+03 4.710763692855834961e-01 3.230937942862510681e-02
4.840939999999840438e+03 5.226038694381713867e-01 3.293084353208541870e-02
4.842419999999840002e+03 4.618141055107116699e-01 3.215545043349266052e-02
4.843899999999839565e+03 4.691454768180847168e-01 3.237167373299598694e-02
4.845379999999839129e+03 5.618720650672912598e-01 3.363058716058731079e-02
4.846859999999838692e+03 5.573071241378784180e-01 3.333067521452903748e-02
4.848339999999838255e+03 5.507002472877502441e-01 3.301100060343742371e-02
4.849819999999837819e+03 4.680069088935852051e-01 3.218523040413856506e-02
4.851299999999837382e+03 5.090396404266357422e-01 3.256555646657943726e-02
4.852779999999836946e+03 5.060171484947204590e-01 3.230750188231468201e-02
4.854259999999836509e+03 4.883525371551513672e-01 3.143651410937309265e-02
4.855739999999836073e+03 5.057002305984497070e-01 3.138092532753944397e-02
4.857219999999835636e+03 5.749609470367431641e-01 3.198990598320960999e-02
4.858699999999835200e+03 5.148068070411682129e-01 3.026095777750015259e-02
4.860179999999834763e+03 5.043528079986572266e-01 2.871101908385753632e-02
4.861659999999834326e+03 5.136916637420654297e-01 2.883673086762428284e-02
4.863139999999833890e+03 4.665051698684692383e-01 2.957980334758758545e-02
4.864619999999833453e+03 5.463749170303344727e-01 3.143715858459472656e-02
4.866099999999833017e+03 4.679429531097412109e-01 3.087563812732696533e-02
4.867579999999832580e+03 5.094255805015563965e-01 3.147751092910766602e-02
4.869059999999832144e+03 4.648869037628173828e-01 3.072220832109451294e-02
4.870539999999831707e+03 5.086863636970520020e-01 3.046907857060432434e-02
4.872019999999831271e+03 4.613511562347412109e-01 2.990315482020378113e-02
4.873499999999830834e+03 4.985501170158386230e-01 3.094369359314441681e-02
4.874979999999830397e+03 5.376011133193969727e-01 3.178546950221061707e-02
4.876459999999829961e+03 5.145335197448730469e-01 3.137195110321044922e-02
4.877939999999829524e+03 5.034649968147277832e-01 3.133478388190269470e-02
4.879419999999829088e+03 5.009194612503051758e-01 3.165011107921600342e-02
4.880899999999828651e+03 4.307587742805480957e-01 3.079448267817497253e-02
4.882379999999828215e+03 4.678774476051330566e-01 3.085368499159812927e-02
4.883859999999827778e+03 5.464031696319580078e-01 3.172085061669349670e-02
4.885339999999827342e+03 5.439249873161315918e-01 3.117211908102035522e-02
4.886819999999826905e+03 4.665226638317108154e-01 3.026065789163112640e-02
4.888299999999826468e+03 4.969772696495056152e-01 3.051381744444370270e-02
4.889779999999826032e+03 5.006082653999328613e-01 3.015984408557415009e-02
4.891259999999825595e+03 5.304642319679260254e-01 3.049552999436855316e-02
4.892739999999825159e+03 4.386478066444396973e-01 3.038324415683746338e-02
4.894219999999824722e+03 5.073162317276000977e-01 3.171601146459579468e-02
4.895699999999824286e+03 5.096996426582336426e-01 3.167118132114410400e-02
4.897179999999823849e+03 4.244006872177124023e-01 3.058959357440471649e-02
4.898659999999823413e+03 4.714734852313995361e-01 3.087151050567626953e-02
4.900139999999822976e+03 4.601139128208160400e-01 3.051879070699214935e-02
4.901619999999822539e+03 4.593247771263122559e-01 3.056516870856285095e-02
4.903099999999822103e+03 4.938230812549591064e-01 3.080443479120731354e-02
4.904579999999821666e+03 4.109695255756378174e-01 3.003513254225254059e-02
4.906059999999821230e+03 4.931226372718811035e-01 3.098307363688945770e-02
4.907539999999820793e+03 5.629513859748840332e-01 3.148053959012031555e-02
4.909019999999820357e+03 5.152578353881835938e-01 3.054446727037429810e-02
4.910499999999819920e+03 5.096603631973266602e-01 3.003002144396305084e-02
4.911979999999819483e+03 4.715461730957031250e-01 3.022006154060363770e-02
4.913459999999819047e+03 4.235027730464935303e-01 3.006595559418201447e-02
4.914939999999818610e+03 5.016908049583435059e-01 3.094149939715862274e-02
4.916419999999818174e+03 4.781312644481658936e-01 3.002370521426200867e-02
4.917899999999817737e+03 5.238164663314819336e-01 2.964701689779758453e-02
4.919379999999817301e+03 4.633086919784545898e-01 2.835854329168796539e-02
4.920859999999816864e+03 4.900772869586944580e-01 2.915366180241107941e-02
4.922339999999816428e+03 5.309948325157165527e-01 3.020153567194938660e-02
4.923819999999815991e+03 4.400276541709899902e-01 2.941009029746055603e-02
4.925299999999815554e+03 5.148437619209289551e-01 3.039486892521381378e-02
4.926779999999815118e+03 4.947608113288879395e-01 3.056333400309085846e-02
4.928259999999814681e+03 5.457756519317626953e-01 3.089511580765247345e-02
4.929739999999814245e+03 4.803825616836547852e-01 3.019062802195549011e-02
4.931219999999813808e+03 4.580093324184417725e-01 2.977391518652439117e-02
4.932699999999813372e+03 4.968860149383544922e-01 2.977619133889675140e-02
4.934179999999812935e+03 4.990040659904479980e-01 2.963298000395298004e-02
4.935659999999812499e+03 4.553619027137756348e-01 2.930541895329952240e-02
4.937139999999812062e+03 4.701825380325317383e-01 2.899416722357273102e-02
4.938619999999811625e+03 4.842995405197143555e-01 2.903722040355205536e-02
4.940099999999811189e+03 4.973439574241638184e-01 2.979272790253162384e-02
4.941579999999810752e+03 4.680208563804626465e-01 2.991689927875995636e-02
4.943059999999810316e+03 5.371310710906982422e-01 3.063529357314109802e-02
4.944539999999809879e+03 4.828931689262390137e-01 2.984867058694362640e-02
4.946019999999809443e+03 5.422583222389221191e-01 3.053946793079376221e-02
4.947499999999809006e+03 4.786190390586853027e-01 2.985015511512756348e-02
4.948979999999808570e+03 4.367015659809112549e-01 2.951284311711788177e-02
4.950459999999808133e+03 4.730910658836364746e-01 2.969677932560443878e-02
4.951939999999807696e+03 4.839113354682922363e-01 2.986598573625087738e-02
4.953419999999807260e+03 4.820198118686676025e-01 2.983172796666622162e-02
4.954899999999806823e+03 4.593561887741088867e-01 2.881627529859542847e-02
4.956379999999806387e+03 4.464664459228515625e-01 2.793204411864280701e-02
4.957859999999805950e+03 4.506980180740356445e-01 2.813087590038776398e-02
4.959339999999805514e+03 4.737766683101654053e-01 2.947485260665416718e-02
4.960819999999805077e+03 4.781481325626373291e-01 2.982347272336483002e-02
4.962299999999804641e+03 4.600532054901123047e-01 2.948871068656444550e-02
4.963779999999804204e+03 4.738070368766784668e-01 2.963417954742908478e-02
4.965259999999803767e+03 4.605363905429840088e-01 2.889952063560485840e-02
4.966739999999803331e+03 4.730099439620971680e-01 2.913403324782848358e-02
4.968219999999802894e+03 4.534173309803009033e-01 2.878608927130699158e-02
4.969699999999802458e+03 3.667069971561431885e-01 2.788014151155948639e-02
4.971179999999802021e+03 3.903127908706665039e-01 2.827595174312591553e-02
4.972659999999801585e+03 3.820394277572631836e-01 2.834135107696056366e-02
4.974139999999801148e+03 4.882451295852661133e-01 2.962386980652809143e-02
4.975619999999800712e+03 8.362326622009277344e-01 3.305500000715255737e-02
4.977099999999800275e+03 1.156478404998779297e+00 3.600150346755981445e-02
4.978579999999799838e+03 7.427408695220947266e-01 3.180149942636489868e-02
4.980059999999799402e+03 4.085724949836730957e-01 2.780370227992534637e-02
4.981539999999798965e+03 3.463407158851623535e-01 2.636408992111682892e-02
4.983019999999798529e+03 4.399732351303100586e-01 2.735858410596847534e-02
4.984499999999798092e+03 3.974100351333618164e-01 2.713435702025890350e-02
4.985979999999797656e+03 4.267231822013854980e-01 2.806722931563854218e-02
4.987459999999797219e+03 4.408019781112670898e-01 2.866940759122371674e-02
4.988939999999796783e+03 4.693616926670074463e-01 2.882425859570503235e-02
4.990419999999796346e+03 4.522272944450378418e-01 2.852457389235496521e-02
4.991899999999795909e+03 4.649029374122619629e-01 2.868587523698806763e-02
4.993379999999795473e+03 4.256638586521148682e-01 2.815034799277782440e-02
4.994859999999795036e+03 5.008770823478698730e-01 2.918416261672973633e-02
4.996339999999794600e+03 4.524130225181579590e-01 2.867838181555271149e-02
4.997819999999794163e+03 4.988639950752258301e-01 2.890704944729804993e-02
4.999299999999793727e+03 4.793909192085266113e-01 2.832896448671817780e-02
5.000779999999793290e+03 4.697718918323516846e-01 2.815998718142509460e-02
5.002259999999792853e+03 4.550287127494812012e-01 2.807329781353473663e-02
5.003739999999792417e+03 4.735387563705444336e-01 2.807999216020107269e-02
5.005219999999791980e+03 5.022094249725341797e-01 2.812780812382698059e-02
5.006699999999791544e+03 5.193098783493041992e-01 2.845206670463085175e-02
5.008179999999791107e+03 5.165196061134338379e-01 2.903686836361885071e-02
5.009659999999790671e+03 4.848038256168365479e-01 2.870897203683853149e-02
5.011139999999790234e+03 4.711450636386871338e-01 2.778464742004871368e-02
5.012619999999789798e+03 5.303142070770263672e-01 2.829068340361118317e-02
5.014099999999789361e+03 5.173683166503906250e-01 2.821368910372257233e-02
5.015579999999788924e+03 5.138143897056579590e-01 2.827982604503631592e-02
5.017059999999788488e+03 4.907373785972595215e-01 2.796101570129394531e-02
5.018539999999788051e+03 5.167781114578247070e-01 2.841586805880069733e-02
5.020019999999787615e+03 4.980475306510925293e-01 2.832743525505065918e-02
5.021499999999787178e+03 4.731180667877197266e-01 2.793820016086101532e-02
5.022979999999786742e+03 5.029027462005615234e-01 2.847769483923912048e-02
5.024459999999786305e+03 5.498625636100769043e-01 2.908413112163543701e-02
5.025939999999785869e+03 4.774414598941802979e-01 2.795820496976375580e-02
5.027419999999785432e+03 4.865000247955322266e-01 2.809038758277893066e-02
5.028899999999784995e+03 4.883502721786499023e-01 2.831186540424823761e-02
5.030379999999784559e+03 4.540333151817321777e-01 2.830626256763935089e-02
5.031859999999784122e+03 4.978741705417633057e-01 2.879541553556919098e-02
5.033339999999783686e+03 4.648463129997253418e-01 2.808889932930469513e-02
5.034819999999783249e+03 4.821965396404266357e-01 2.813577093183994293e-02
5.036299999999782813e+03 4.686409831047058105e-01 2.781582251191139221e-02
5.037779999999782376e+03 4.086349904537200928e-01 2.694476768374443054e-02
5.039259999999781940e+03 4.501417875289916992e-01 2.689274400472640991e-02
5.040739999999781503e+03 4.596043825149536133e-01 2.679529972374439240e-02
5.042219999999781066e+03 5.266780853271484375e-01 2.832245826721191406e-02
5.043699999999780630e+03 5.212242007255554199e-01 2.885007858276367188e-02
5.045179999999780193e+03 5.203108787536621094e-01 2.901239879429340363e-02
5.046659999999779757e+03 5.380269289016723633e-01 2.896739169955253601e-02
5.048139999999779320e+03 4.547696113586425781e-01 2.738619409501552582e-02
5.049619999999778884e+03 4.797217249870300293e-01 2.772993035614490509e-02
5.051099999999778447e+03 4.212452471256256104e-01 2.713585458695888519e-02
5.052579999999778011e+03 5.374499559402465820e-01 2.861180342733860016e-02
5.054059999999777574e+03 4.668782055377960205e-01 2.818606048822402954e-02
5.055539999999777137e+03 5.078216791152954102e-01 2.859788574278354645e-02
5.057019999999776701e+03 4.691148400306701660e-01 2.830352634191513062e-02
5.058499999999776264e+03 5.225639343261718750e-01 2.886681817471981049e-02
5.059979999999775828e+03 5.418816804885864258e-01 2.920233830809593201e-02
5.061459999999775391e+03 5.484580993652343750e-01 2.916453219950199127e-02
5.062939999999774955e+03 5.358558297157287598e-01 2.868441306054592133e-02
5.064419999999774518e+03 4.729779958724975586e-01 2.773490548133850098e-02
5.065899999999774082e+03 5.065068006515502930e-01 2.814508229494094849e-02
5.067379999999773645e+03 4.973442256450653076e-01 2.807781472802162170e-02
5.068859999999773208e+03 5.053813457489013672e-01 2.836844325065612793e-02
5.070339999999772772e+03 4.776691198348999023e-01 2.792160026729106903e-02
5.071819999999772335e+03 5.216916799545288086e-01 2.834864705801010132e-02
5.073299999999771899e+03 5.254876017570495605e-01 2.826416306197643280e-02
5.074779999999771462e+03 5.554184913635253906e-01 2.880196645855903625e-02
5.076259999999771026e+03 6.459349393844604492e-01 2.985210716724395752e-02
5.077739999999770589e+03 6.695742011070251465e-01 2.961911074817180634e-02
5.079219999999770152e+03 5.393171310424804688e-01 2.789448201656341553e-02
5.080699999999769716e+03 5.301078557968139648e-01 2.780862711369991302e-02
5.082179999999769279e+03 5.234200358390808105e-01 2.802450209856033325e-02
5.083659999999768843e+03 5.443609952926635742e-01 2.850874140858650208e-02
5.085139999999768406e+03 4.882964491844177246e-01 2.806643396615982056e-02
5.086619999999767970e+03 5.127789974212646484e-01 2.836312167346477509e-02
5.088099999999767533e+03 5.281468629837036133e-01 2.852478250861167908e-02
5.089579999999767097e+03 5.271241068840026855e-01 2.851676568388938904e-02
5.091059999999766660e+03 5.153473615646362305e-01 2.842963673174381256e-02
5.092539999999766223e+03 4.949932992458343506e-01 2.822622098028659821e-02
5.094019999999765787e+03 4.954483807086944580e-01 2.836348116397857666e-02
5.095499999999765350e+03 5.565571188926696777e-01 2.846896648406982422e-02
5.096979999999764914e+03 5.071216821670532227e-01 2.759196609258651733e-02
5.098459999999764477e+03 4.977101683616638184e-01 2.730394341051578522e-02
5.099939999999764041e+03 4.955058693885803223e-01 2.772869728505611420e-02
5.101419999999763604e+03 4.049861431121826172e-01 2.710661105811595917e-02
5.102899999999763168e+03 5.003443956375122070e-01 2.802569977939128876e-02
5.104379999999762731e+03 5.381523966789245605e-01 2.833575941622257233e-02
5.105859999999762294e+03 5.386037230491638184e-01 2.822653949260711670e-02
5.107339999999761858e+03 5.150773525238037109e-01 2.783885970711708069e-02
5.108819999999761421e+03 4.765985310077667236e-01 2.744380943477153778e-02
5.110299999999760985e+03 4.779842495918273926e-01 2.758308872580528259e-02
5.111779999999760548e+03 4.889759719371795654e-01 2.804677002131938934e-02
5.113259999999760112e+03 5.097509026527404785e-01 2.838775329291820526e-02
5.114739999999759675e+03 4.806987643241882324e-01 2.787924185395240784e-02
5.116219999999759239e+03 4.978184401988983154e-01 2.809991501271724701e-02
5.117699999999758802e+03 5.182167291641235352e-01 2.858528867363929749e-02
5.119179999999758365e+03 4.797152280807495117e-01 2.781472913920879364e-02
5.120659999999757929e+03 4.943172335624694824e-01 2.778401039540767670e-02
5.122139999999757492e+03 5.343552827835083008e-01 2.798710018396377563e-02
5.123619999999757056e+03 6.831485629081726074e-01 2.950314991176128387e-02
5.125099999999756619e+03 9.634332060813903809e-01 3.246205300092697144e-02
5.126579999999756183e+03 9.522815346717834473e-01 3.223340585827827454e-02
5.128059999999755746e+03 6.050744056701660156e-01 2.866537868976593018e-02
5.129539999999755310e+03 5.008039474487304688e-01 2.759613841772079468e-02
5.131019999999754873e+03 4.858070015907287598e-01 2.744278497993946075e-02
5.132499999999754436e+03 4.755692481994628906e-01 2.735955640673637390e-02
5.133979999999754000e+03 4.851757884025573730e-01 2.752239257097244263e-02
5.135459999999753563e+03 5.412797331809997559e-01 2.809478342533111572e-02
5.136939999999753127e+03 4.465399384498596191e-01 2.643502689898014069e-02
5.138419999999752690e+03 4.266834855079650879e-01 2.621027082204818726e-02
5.139899999999752254e+03 4.959999322891235352e-01 2.718013338744640350e-02
5.141379999999751817e+03 4.849552512168884277e-01 2.703266218304634094e-02
5.142859999999751381e+03 5.498307347297668457e-01 2.789708599448204041e-02
5.144339999999750944e+03 5.660454630851745605e-01 2.835021540522575378e-02
5.145819999999750507e+03 4.754118323326110840e-01 2.701560966670513153e-02
5.147299999999750071e+03 4.422973394393920898e-01 2.662434056401252747e-02
5.148779999999749634e+03 4.927647709846496582e-01 2.739543654024600983e-02
5.150259999999749198e+03 5.402086377143859863e-01 2.793485857546329498e-02
5.151739999999748761e+03 5.350505709648132324e-01 2.777739800512790680e-02
5.153219999999748325e+03 5.020354986190795898e-01 2.732320129871368408e-02
5.154699999999747888e+03 5.118094086647033691e-01 2.758911065757274628e-02
5.156179999999747452e+03 5.228943824768066406e-01 2.790786698460578918e-02
5.157659999999747015e+03 4.808861613273620605e-01 2.742280438542366028e-02
5.159139999999746578e+03 4.901321530342102051e-01 2.767149917781352997e-02
5.160619999999746142e+03 4.872322082519531250e-01 2.721956185996532440e-02
5.162099999999745705e+03 4.865828156471252441e-01 2.694542706012725830e-02
5.163579999999745269e+03 5.172018408775329590e-01 2.708814106881618500e-02
5.165059999999744832e+03 5.893294811248779297e-01 2.714204415678977966e-02
5.166539999999744396e+03 4.999608993530273438e-01 2.540201880037784576e-02
5.168019999999743959e+03 5.209767222404479980e-01 2.613225579261779785e-02
5.169499999999743522e+03 5.141707658767700195e-01 2.631442248821258545e-02
5.170979999999743086e+03 5.022716522216796875e-01 2.540190145373344421e-02
5.172459999999742649e+03 4.640851020812988281e-01 2.494810707867145538e-02
5.173939999999742213e+03 5.112495422363281250e-01 2.688430249691009521e-02
5.175419999999741776e+03 5.327054858207702637e-01 2.778840065002441406e-02
5.176899999999741340e+03 4.967842102050781250e-01 2.753574214875698090e-02
5.178379999999740903e+03 5.613290071487426758e-01 2.811705693602561951e-02
5.179859999999740467e+03 5.431231260299682617e-01 2.769237570464611053e-02
5.181339999999740030e+03 5.686100721359252930e-01 2.653158828616142273e-02
5.182819999999739593e+03 5.436282157897949219e-01 2.525585517287254333e-02
5.184299999999739157e+03 4.985464811325073242e-01 2.585389837622642517e-02
5.185779999999738720e+03 4.849667847156524658e-01 2.631695196032524109e-02
5.187259999999738284e+03 4.957116842269897461e-01 6.684342026710510254e-02
5.188739999999737847e+03 5.086851119995117188e-01 5.595717206597328186e-02
5.190219999999737411e+03 5.308760404586791992e-01 2.652136608958244324e-02
5.191699999999736974e+03 4.417433142662048340e-01 2.589492499828338623e-02
5.193179999999736538e+03 4.752453565597534180e-01 2.661867812275886536e-02
5.194659999999736101e+03 5.119502544403076172e-01 2.706795930862426758e-02
5.196139999999735664e+03 4.870907068252563477e-01 2.690050378441810608e-02
5.197619999999735228e+03 5.034182071685791016e-01 2.744292840361595154e-02
5.199099999999734791e+03 4.617211520671844482e-01 2.706872113049030304e-02
5.200579999999734355e+03 4.908907115459442139e-01 2.739350125193595886e-02
5.202059999999733918e+03 5.226364135742187500e-01 2.748947776854038239e-02
5.203539999999733482e+03 4.980810880661010742e-01 2.687963098287582397e-02
5.205019999999733045e+03 5.229315161705017090e-01 2.704829350113868713e-02
5.206499999999732609e+03 5.048594474792480469e-01 2.683686651289463043e-02
5.207979999999732172e+03 5.334178805351257324e-01 2.718061022460460663e-02
5.209459999999731735e+03 5.218396782875061035e-01 2.747003920376300812e-02
5.210939999999731299e+03 5.035976767539978027e-01 2.755510248243808746e-02
5.212419999999730862e+03 5.134621858596801758e-01 2.766526117920875549e-02
5.213899999999730426e+03 5.401496887207031250e-01 2.747532725334167480e-02
5.215379999999729989e+03 5.838696360588073730e-01 2.772625349462032318e-02
5.216859999999729553e+03 4.735407233238220215e-01 2.667576260864734650e-02
5.218339999999729116e+03 5.264939069747924805e-01 2.764022722840309143e-02
5.219819999999728680e+03 4.724034965038299561e-01 2.717894315719604492e-02
5.221299999999728243e+03 4.726939499378204346e-01 2.708950825035572052e-02
5.222779999999727806e+03 5.108396410942077637e-01 2.729135006666183472e-02
5.224259999999727370e+03 5.263154506683349609e-01 2.690435759723186493e-02
5.225739999999726933e+03 5.271432399749755859e-01 2.633464336395263672e-02
5.227219999999726497e+03 5.077546834945678711e-01 2.639082819223403931e-02
5.228699999999726060e+03 4.904711842536926270e-01 2.685410901904106140e-02
5.230179999999725624e+03 4.965789914131164551e-01 2.693716250360012054e-02
5.231659999999725187e+03 4.857897162437438965e-01 2.642153017222881317e-02
5.233139999999724751e+03 5.172926783561706543e-01 2.682309225201606750e-02
5.234619999999724314e+03 5.287197232246398926e-01 2.725234068930149078e-02
5.236099999999723877e+03 6.098209619522094727e-01 2.863251604139804840e-02
5.237579999999723441e+03 5.357306599617004395e-01 2.791148424148559570e-02
5.239059999999723004e+03 4.893503189086914062e-01 2.725951746106147766e-02
5.240539999999722568e+03 5.097108483314514160e-01 2.737610973417758942e-02
5.242019999999722131e+03 5.061705708503723145e-01 2.726753987371921539e-02
5.243499999999721695e+03 5.324805974960327148e-01 2.762294933199882507e-02
5.244979999999721258e+03 5.248706340789794922e-01 2.748605795204639435e-02
5.246459999999720822e+03 4.897418320178985596e-01 2.693044394254684448e-02
5.247939999999720385e+03 5.249998569488525391e-01 2.733258530497550964e-02
5.249419999999719948e+03 4.838965535163879395e-01 2.686497196555137634e-02
5.250899999999719512e+03 5.015207529067993164e-01 2.698788233101367950e-02
5.252379999999719075e+03 4.943100512027740479e-01 2.705308794975280762e-02
5.253859999999718639e+03 5.160181522369384766e-01 2.706977352499961853e-02
5.255339999999718202e+03 5.459553599357604980e-01 2.771490998566150665e-02
5.256819999999717766e+03 5.105392932891845703e-01 2.758769690990447998e-02
5.258299999999717329e+03 5.174947977066040039e-01 2.740501426160335541e-02
5.259779999999716892e+03 5.400178432464599609e-01 2.738439477980136871e-02
5.261259999999716456e+03 5.077224969863891602e-01 2.653851546347141266e-02
5.262739999999716019e+03 4.815273284912109375e-01 2.578468807041645050e-02
5.264219999999715583e+03 4.817872047424316406e-01 2.560776844620704651e-02
5.265699999999715146e+03 4.972383379936218262e-01 2.589565888047218323e-02
5.267179999999714710e+03 5.290385484695434570e-01 2.636912651360034943e-02
5.268659999999714273e+03 4.712641835212707520e-01 2.521089464426040649e-02
5.270139999999713837e+03 4.632847607135772705e-01 2.555338852107524872e-02
5.271619999999713400e+03 5.233670473098754883e-01 2.671303786337375641e-02
5.273099999999712963e+03 5.190336704254150391e-01 2.667501196265220642e-02
5.274579999999712527e+03 5.060129761695861816e-01 2.650874853134155273e-02
5.276059999999712090e+03 5.516734123229980469e-01 2.735831029713153839e-02
5.277539999999711654e+03 5.237695574760437012e-01 2.739720977842807770e-02
5.279019999999711217e+03 5.380784869194030762e-01 2.737770602107048035e-02
5.280499999999710781e+03 5.475639104843139648e-01 2.717720344662666321e-02
5.281979999999710344e+03 5.158610343933105469e-01 2.650083787739276886e-02
5.283459999999709908e+03 5.313475728034973145e-01 2.693238481879234314e-02
5.284939999999709471e+03 5.026947259902954102e-01 2.685009688138961792e-02
5.286419999999709034e+03 4.827064275741577148e-01 2.695569954812526703e-02
5.287899999999708598e+03 4.893687665462493896e-01 2.709794789552688599e-02
5.289379999999708161e+03 4.558539390563964844e-01 2.672633528709411621e-02
5.290859999999707725e+03 4.162005782127380371e-01 2.610731497406959534e-02
5.292339999999707288e+03 4.137660264968872070e-01 2.600244805216789246e-02
5.293819999999706852e+03 4.284629821777343750e-01 2.617700770497322083e-02
5.295299999999706415e+03 4.454453587532043457e-01 2.588571235537528992e-02
5.296779999999705979e+03 4.605892598628997803e-01 2.579871192574501038e-02
5.298259999999705542e+03 4.837517738342285156e-01 2.622562274336814880e-02
5.299739999999705105e+03 5.218161940574645996e-01 2.685169130563735962e-02
5.301219999999704669e+03 4.842253923416137695e-01 2.648699283599853516e-02
5.302699999999704232e+03 5.228441357612609863e-01 2.709951996803283691e-02
5.304179999999703796e+03 4.953648447990417480e-01 2.687316946685314178e-02
5.305659999999703359e+03 4.183401167392730713e-01 2.591078728437423706e-02
5.307139999999702923e+03 4.428598880767822266e-01 2.610538713634014130e-02
5.308619999999702486e+03 5.117316246032714844e-01 2.721864171326160431e-02
5.310099999999702050e+03 5.115681886672973633e-01 2.713293768465518951e-02
5.311579999999701613e+03 5.064905881881713867e-01 2.702106162905693054e-02
5.313059999999701176e+03 4.847357273101806641e-01 2.671955712139606476e-02
5.314539999999700740e+03 4.680314660072326660e-01 2.631805650889873505e-02
5.316019999999700303e+03 5.043519735336303711e-01 2.672060951590538025e-02
5.317499999999699867e+03 5.210174322128295898e-01 2.700920589268207550e-02
5.318979999999699430e+03 4.846293330192565918e-01 2.667922526597976685e-02
5.320459999999698994e+03 4.931818842887878418e-01 2.659036219120025635e-02
5.321939999999698557e+03 5.444620251655578613e-01 2.694836445152759552e-02
5.323419999999698121e+03 5.579304099082946777e-01 2.703172154724597931e-02
5.324899999999697684e+03 5.232604146003723145e-01 2.642254717648029327e-02
5.326379999999697247e+03 5.160503983497619629e-01 2.590114995837211609e-02
5.327859999999696811e+03 4.557946324348449707e-01 2.494201436638832092e-02
5.329339999999696374e+03 4.782729148864746094e-01 2.586571313440799713e-02
5.330819999999695938e+03 5.165839195251464844e-01 2.673344686627388000e-02
5.332299999999695501e+03 5.076363682746887207e-01 2.664220519363880157e-02
5.333779999999695065e+03 4.796917736530303955e-01 2.650315687060356140e-02
5.335259999999694628e+03 4.827744066715240479e-01 2.657786011695861816e-02
5.336739999999694192e+03 4.782938659191131592e-01 2.632610686123371124e-02
5.338219999999693755e+03 4.969345927238464355e-01 2.620266377925872803e-02
5.339699999999693318e+03 4.707131981849670410e-01 2.573679387569427490e-02
5.341179999999692882e+03 5.834293961524963379e-01 2.737120352685451508e-02
5.342659999999692445e+03 5.747163295745849609e-01 2.733033150434494019e-02
5.344139999999692009e+03 5.263955593109130859e-01 2.683909609913825989e-02
5.345619999999691572e+03 5.222873091697692871e-01 2.662368863821029663e-02
5.347099999999691136e+03 4.991223812103271484e-01 2.611559629440307617e-02
5.348579999999690699e+03 4.622428715229034424e-01 2.581552416086196899e-02
5.350059999999690262e+03 4.395077824592590332e-01 2.570908702909946442e-02
5.351539999999689826e+03 4.676934182643890381e-01 2.599345147609710693e-02
5.353019999999689389e+03 4.772878885269165039e-01 2.634839899837970734e-02
5.354499999999688953e+03 5.016595721244812012e-01 2.673806250095367432e-02
5.355979999999688516e+03 4.663682579994201660e-01 2.626006864011287689e-02
5.357459999999688080e+03 5.036925077438354492e-01 2.679170668125152588e-02
5.358939999999687643e+03 4.952442348003387451e-01 2.667539939284324646e-02
5.360419999999687207e+03 4.713848233222961426e-01 2.617996186017990112e-02
5.361899999999686770e+03 5.139648318290710449e-01 2.634054794907569885e-02
5.363379999999686333e+03 5.373913049697875977e-01 2.642346173524856567e-02
5.364859999999685897e+03 5.254658460617065430e-01 2.626722306013107300e-02
5.366339999999685460e+03 5.602864027023315430e-01 2.672450989484786987e-02
5.367819999999685024e+03 5.403212308883666992e-01 2.622601203620433807e-02
5.369299999999684587e+03 5.295143127441406250e-01 2.579172328114509583e-02
5.370779999999684151e+03 4.990249574184417725e-01 2.549491450190544128e-02
5.372259999999683714e+03 5.231557488441467285e-01 2.628972567617893219e-02
5.373739999999683278e+03 5.437654256820678711e-01 2.680161967873573303e-02
5.375219999999682841e+03 5.161036252975463867e-01 2.650954574346542358e-02
5.376699999999682404e+03 5.291225910186767578e-01 2.660135924816131592e-02
5.378179999999681968e+03 5.225115418434143066e-01 2.651049755513668060e-02
5.379659999999681531e+03 5.205515027046203613e-01 2.640534192323684692e-02
5.381139999999681095e+03 5.313167572021484375e-01 2.630148828029632568e-02
5.382619999999680658e+03 5.241942405700683594e-01 2.633450552821159363e-02
5.384099999999680222e+03 5.030182600021362305e-01 2.621230296790599823e-02
5.385579999999679785e+03 5.220507979393005371e-01 2.638279832899570465e-02
5.387059999999679349e+03 4.871742129325866699e-01 2.593645267188549042e-02
5.388539999999678912e+03 4.954104125499725342e-01 2.585754729807376862e-02
5.390019999999678475e+03 4.647257328033447266e-01 2.523437142372131348e-02
5.391499999999678039e+03 4.972115755081176758e-01 2.564551867544651031e-02
5.392979999999677602e+03 4.709387719631195068e-01 2.537540905177593231e-02
5.394459999999677166e+03 4.846079647541046143e-01 2.553183957934379578e-02
5.395939999999676729e+03 4.709122776985168457e-01 2.517110481858253479e-02
5.397419999999676293e+03 4.812224507331848145e-01 2.537584863603115082e-02
5.398899999999675856e+03 5.423092246055603027e-01 2.623852342367172241e-02
5.400379999999675420e+03 5.070465803146362305e-01 2.594470232725143433e-02
5.401859999999674983e+03 5.143316388130187988e-01 2.593769133090972900e-02
5.403339999999674546e+03 5.435205101966857910e-01 2.569485828280448914e-02
5.404819999999674110e+03 5.280076861381530762e-01 2.538485452532768250e-02
5.406299999999673673e+03 4.999854862689971924e-01 2.543644979596138000e-02
5.407779999999673237e+03 5.147024393081665039e-01 2.564850822091102600e-02
5.409259999999672800e+03 5.203475952148437500e-01 2.569665759801864624e-02
5.410739999999672364e+03 5.346022248268127441e-01 2.611465007066726685e-02
5.412219999999671927e+03 5.287942290306091309e-01 2.606833539903163910e-02
5.413699999999671491e+03 5.419374108314514160e-01 2.601507864892482758e-02
5.415179999999671054e+03 5.516726374626159668e-01 2.623419649899005890e-02
5.416659999999670617e+03 5.235735774040222168e-01 2.599325962364673615e-02
5.418139999999670181e+03 5.351616144180297852e-01 2.624757029116153717e-02
5.419619999999669744e+03 4.888928532600402832e-01 2.565485052764415741e-02
5.421099999999669308e+03 4.928050935268402100e-01 2.558342926204204559e-02
5.422579999999668871e+03 5.033671855926513672e-01 2.548924833536148071e-02
5.424059999999668435e+03 4.924485683441162109e-01 2.530311606824398041e-02
5.425539999999667998e+03 4.798019528388977051e-01 2.562501095235347748e-02
5.427019999999667561e+03 4.713389277458190918e-01 2.528875879943370819e-02
5.428499999999667125e+03 5.310249328613281250e-01 2.565819770097732544e-02
5.429979999999666688e+03 5.377928018569946289e-01 2.577014267444610596e-02
5.431459999999666252e+03 5.444895029067993164e-01 2.605550363659858704e-02
5.432939999999665815e+03 5.080998539924621582e-01 2.541925571858882904e-02
5.434419999999665379e+03 5.191282033920288086e-01 2.544341795146465302e-02
5.435899999999664942e+03 5.248556733131408691e-01 2.584766782820224762e-02
5.437379999999664506e+03 5.309347510337829590e-01 2.611402049660682678e-02
5.438859999999664069e+03 5.650467872619628906e-01 2.646656334400177002e-02
5.440339999999663632e+03 5.636517405509948730e-01 2.657000534236431122e-02
5.441819999999663196e+03 5.237353444099426270e-01 2.609765715897083282e-02
5.443299999999662759e+03 5.123112201690673828e-01 2.566324546933174133e-02
5.444779999999662323e+03 5.046408772468566895e-01 2.514737658202648163e-02
5.446259999999661886e+03 5.267181992530822754e-01 2.534766681492328644e-02
5.447739999999661450e+03 5.281047224998474121e-01 2.578423544764518738e-02
5.449219999999661013e+03 5.512253046035766602e-01 2.625287324190139771e-02
5.450699999999660577e+03 4.944946765899658203e-01 2.572556212544441223e-02
5.452179999999660140e+03 4.555705487728118896e-01 2.519112452864646912e-02
5.453659999999659703e+03 4.371986985206604004e-01 2.424036525189876556e-02
5.455139999999659267e+03 4.931321144104003906e-01 2.510504983365535736e-02
5.456619999999658830e+03 5.335106253623962402e-01 2.590507827699184418e-02
5.458099999999658394e+03 5.539016127586364746e-01 2.629068493843078613e-02
5.459579999999657957e+03 5.218241214752197266e-01 2.577942237257957458e-02
5.461059999999657521e+03 5.184112191200256348e-01 2.548948489129543304e-02
5.462539999999657084e+03 5.348832607269287109e-01 2.535254135727882385e-02
5.464019999999656648e+03 4.875817000865936279e-01 2.494529820978641510e-02
5.465499999999656211e+03 4.842972755432128906e-01 2.522524446249008179e-02
5.466979999999655774e+03 4.943038225173950195e-01 2.532319910824298859e-02
5.468459999999655338e+03 4.608177244663238525e-01 2.493208087980747223e-02
5.469939999999654901e+03 5.215513706207275391e-01 2.563677914440631866e-02
5.471419999999654465e+03 5.106245279312133789e-01 2.535347081720829010e-02
5.472899999999654028e+03 5.045383572578430176e-01 2.522676996886730194e-02
5.474379999999653592e+03 5.279619097709655762e-01 2.521993964910507202e-02
5.475859999999653155e+03 5.291376113891601562e-01 2.503170445561408997e-02
5.477339999999652719e+03 5.382295846939086914e-01 2.537408284842967987e-02
5.478819999999652282e+03 5.099629163742065430e-01 2.521172724664211273e-02
5.480299999999651845e+03 5.144116282463073730e-01 2.521720156073570251e-02
5.481779999999651409e+03 5.408259034156799316e-01 2.554632723331451416e-02
5.483259999999650972e+03 5.754140019416809082e-01 2.608476951718330383e-02
5.484739999999650536e+03 5.329496264457702637e-01 2.574653178453445435e-02
5.486219999999650099e+03 5.118988752365112305e-01 2.532398514449596405e-02
5.487699999999649663e+03 5.184136033058166504e-01 2.536760270595550537e-02
5.489179999999649226e+03 5.043656826019287109e-01 2.525584027171134949e-02
5.490659999999648790e+03 4.947549700736999512e-01 2.515363134443759918e-02
5.492139999999648353e+03 5.307729244232177734e-01 2.549243718385696411e-02
5.493619999999647916e+03 5.201386213302612305e-01 2.533972077071666718e-02
5.495099999999647480e+03 5.267277956008911133e-01 2.536784112453460693e-02
5.496579999999647043e+03 4.730406403541564941e-01 2.475350722670555115e-02
5.498059999999646607e+03 4.963015913963317871e-01 2.514954656362533569e-02
5.499539999999646170e+03 4.856036901473999023e-01 2.472493797540664673e-02
5.501019999999645734e+03 5.429886579513549805e-01 2.549817040562629700e-02
5.502499999999645297e+03 5.873663425445556641e-01 2.593239024281501770e-02
5.503979999999644861e+03 5.567736625671386719e-01 2.564648911356925964e-02
5.505459999999644424e+03 5.278082489967346191e-01 2.524401620030403137e-02
5.506939999999643987e+03 5.136507749557495117e-01 2.512160502374172211e-02
5.508419999999643551e+03 5.415096282958984375e-01 2.551480755209922791e-02
5.509899999999643114e+03 5.012546181678771973e-01 2.499835379421710968e-02
5.511379999999642678e+03 5.059375762939453125e-01 2.482581511139869690e-02
5.512859999999642241e+03 5.555357336997985840e-01 2.550000324845314026e-02
5.514339999999641805e+03 5.137945413589477539e-01 2.512487769126892090e-02
5.515819999999641368e+03 4.918950796127319336e-01 2.494905516505241394e-02
5.517299999999640931e+03 5.198909044265747070e-01 2.535829134285449982e-02
5.518779999999640495e+03 5.146407485008239746e-01 2.529986947774887085e-02
5.520259999999640058e+03 4.980499148368835449e-01 2.493933960795402527e-02
5.521739999999639622e+03 4.994325637817382812e-01 2.506166324019432068e-02
5.523219999999639185e+03 4.893084764480590820e-01 2.491523511707782745e-02
5.524699999999638749e+03 4.755219519138336182e-01 2.452536299824714661e-02
5.526179999999638312e+03 5.090370178222656250e-01 2.471478283405303955e-02
5.527659999999637876e+03 5.366328954696655273e-01 2.479562908411026001e-02
5.529139999999637439e+03 5.500715970993041992e-01 2.521034516394138336e-02
5.530619999999637002e+03 5.194364786148071289e-01 2.514377795159816742e-02
5.532099999999636566e+03 5.174788236618041992e-01 2.505185082554817200e-02
5.533579999999636129e+03 4.898406863212585449e-01 2.453970350325107574e-02
5.535059999999635693e+03 4.591193795204162598e-01 2.421844564378261566e-02
5.536539999999635256e+03 4.910552203655242920e-01 2.471329644322395325e-02
5.538019999999634820e+03 5.146030783653259277e-01 2.491048164665699005e-02
5.539499999999634383e+03 5.141835212707519531e-01 2.520016580820083618e-02
5.540979999999633947e+03 5.104591846466064453e-01 2.507107518613338470e-02
5.542459999999633510e+03 5.406116247177124023e-01 2.518814243376255035e-02
5.543939999999633073e+03 5.480537414550781250e-01 2.532082796096801758e-02
5.545419999999632637e+03 5.008874535560607910e-01 2.480395883321762085e-02
5.546899999999632200e+03 5.392699837684631348e-01 2.529965899884700775e-02
5.548379999999631764e+03 5.344206094741821289e-01 2.540027722716331482e-02
5.549859999999631327e+03 4.913437962532043457e-01 2.494459226727485657e-02
5.551339999999630891e+03 5.335662961006164551e-01 2.522330544888973236e-02
5.552819999999630454e+03 5.170913934707641602e-01 2.494971826672554016e-02
5.554299999999630018e+03 5.100211501121520996e-01 2.479412220418453217e-02
5.555779999999629581e+03 5.316191911697387695e-01 2.500491403043270111e-02
5.557259999999629144e+03 5.202882289886474609e-01 2.495871856808662415e-02
5.558739999999628708e+03 4.938463568687438965e-01 2.469901740550994873e-02
5.560219999999628271e+03 4.940747022628784180e-01 2.463830821216106415e-02
5.561699999999627835e+03 4.969577491283416748e-01 2.455664984881877899e-02
5.563179999999627398e+03 5.138576030731201172e-01 2.484341338276863098e-02
5.564659999999626962e+03 4.845669865608215332e-01 2.433476410806179047e-02
5.566139999999626525e+03 4.886830151081085205e-01 2.430875040590763092e-02
5.567619999999626089e+03 5.781030654907226562e-01 2.541080489754676819e-02
5.569099999999625652e+03 5.375277400016784668e-01 2.495338581502437592e-02
5.570579999999625215e+03 6.077525019645690918e-01 2.555463463068008423e-02
5.572059999999624779e+03 5.175479054450988770e-01 2.457409352064132690e-02
5.573539999999624342e+03 5.172066092491149902e-01 2.466971613466739655e-02
5.575019999999623906e+03 4.646957516670227051e-01 2.791493013501167297e-02
5.576499999999623469e+03 4.931751191616058350e-01 3.074575960636138916e-02
5.577979999999623033e+03 5.413898825645446777e-01 2.916561625897884369e-02
5.579459999999622596e+03 5.241471529006958008e-01 2.516702562570571899e-02
5.580939999999622160e+03 5.601496100425720215e-01 2.513717301189899445e-02
5.582419999999621723e+03 5.277584195137023926e-01 2.486199513077735901e-02
5.583899999999621286e+03 4.731048643589019775e-01 2.416525222361087799e-02
5.585379999999620850e+03 5.051308870315551758e-01 2.404409460723400116e-02
5.586859999999620413e+03 5.136329531669616699e-01 2.396568283438682556e-02
5.588339999999619977e+03 5.292657613754272461e-01 2.433313615620136261e-02
5.589819999999619540e+03 5.220061540603637695e-01 2.459380589425563812e-02
5.591299999999619104e+03 5.494597554206848145e-01 2.477083727717399597e-02
5.592779999999618667e+03 5.073581933975219727e-01 2.428365498781204224e-02
5.594259999999618231e+03 4.862980246543884277e-01 2.404330484569072723e-02
5.595739999999617794e+03 5.245465040206909180e-01 2.468172088265419006e-02
5.597219999999617357e+03 5.372782945632934570e-01 2.469385787844657898e-02
5.598699999999616921e+03 5.197650790214538574e-01 2.440475672483444214e-02
5.600179999999616484e+03 5.204769968986511230e-01 2.433251589536666870e-02
5.601659999999616048e+03 5.200013518333435059e-01 2.425611764192581177e-02
5.603139999999615611e+03 5.046408176422119141e-01 2.424309961497783661e-02
5.604619999999615175e+03 4.952837824821472168e-01 2.466669864952564240e-02
5.606099999999614738e+03 4.999173283576965332e-01 2.469219639897346497e-02
5.607579999999614301e+03 5.027288198471069336e-01 2.464002743363380432e-02
5.609059999999613865e+03 5.097865462303161621e-01 2.477703429758548737e-02
5.610539999999613428e+03 4.912157654762268066e-01 2.449228055775165558e-02
5.612019999999612992e+03 4.707932472229003906e-01 2.402796223759651184e-02
5.613499999999612555e+03 5.124319195747375488e-01 2.413674257695674896e-02
5.614979999999612119e+03 5.228480696678161621e-01 2.420077845454216003e-02
5.616459999999611682e+03 4.965744018554687500e-01 2.403218299150466919e-02
5.617939999999611246e+03 4.673408269882202148e-01 2.387446537613868713e-02
5.619419999999610809e+03 5.254700183868408203e-01 2.463922463357448578e-02
5.620899999999610372e+03 5.108764171600341797e-01 2.448651008307933807e-02
5.622379999999609936e+03 5.123282670974731445e-01 2.448496781289577484e-02
5.623859999999609499e+03 5.462514758110046387e-01 2.461155503988265991e-02
5.625339999999609063e+03 5.040799975395202637e-01 2.419300377368927002e-02
5.626819999999608626e+03 5.246111750602722168e-01 2.460977621376514435e-02
5.628299999999608190e+03 5.285689830780029297e-01 2.463847771286964417e-02
5.629779999999607753e+03 5.404644012451171875e-01 2.483947575092315674e-02
5.631259999999607317e+03 5.542691946029663086e-01 2.503923699259757996e-02
5.632739999999606880e+03 5.058298707008361816e-01 2.434228546917438507e-02
5.634219999999606443e+03 4.881134927272796631e-01 2.410291694104671478e-02
5.635699999999606007e+03 5.170079469680786133e-01 2.428418584167957306e-02
5.637179999999605570e+03 4.970693886280059814e-01 2.396718226373195648e-02
5.638659999999605134e+03 4.993088245391845703e-01 2.420179918408393860e-02
5.640139999999604697e+03 5.238075256347656250e-01 2.439710311591625214e-02
5.641619999999604261e+03 5.301063060760498047e-01 2.435664832592010498e-02
5.643099999999603824e+03 4.959691762924194336e-01 2.409107238054275513e-02
5.644579999999603388e+03 4.994091987609863281e-01 2.422908879816532135e-02
5.646059999999602951e+03 5.055675506591796875e-01 2.432618476450443268e-02
5.647539999999602514e+03 5.056781768798828125e-01 2.426414191722869873e-02
5.649019999999602078e+03 5.272698402404785156e-01 2.441217005252838135e-02
5.650499999999601641e+03 5.056502819061279297e-01 2.418568171560764313e-02
5.651979999999601205e+03 5.238279104232788086e-01 2.435088716447353363e-02
5.653459999999600768e+03 5.295044779777526855e-01 2.426291443407535553e-02
5.654939999999600332e+03 5.265786051750183105e-01 2.432660199701786041e-02
5.656419999999599895e+03 5.061932802200317383e-01 2.394266985356807709e-02
5.657899999999599459e+03 4.861236214637756348e-01 2.359641902148723602e-02
5.659379999999599022e+03 4.946716427803039551e-01 2.380909025669097900e-02
5.660859999999598585e+03 5.016061663627624512e-01 2.393463812768459320e-02
5.662339999999598149e+03 5.152456760406494141e-01 2.419603057205677032e-02
5.663819999999597712e+03 5.199923515319824219e-01 2.429410256445407867e-02
5.665299999999597276e+03 5.335024595260620117e-01 2.448169328272342682e-02
5.666779999999596839e+03 5.063383579254150391e-01 2.419156767427921295e-02
5.668259999999596403e+03 4.928655922412872314e-01 2.398494631052017212e-02
5.669739999999595966e+03 5.306254029273986816e-01 2.449904009699821472e-02
5.671219999999595530e+03 5.273795127868652344e-01 2.456626482307910919e-02
5.672699999999595093e+03 5.086350440979003906e-01 2.425643056631088257e-02
5.674179999999594656e+03 5.323883891105651855e-01 2.454121410846710205e-02
5.675659999999594220e+03 5.003176331520080566e-01 2.421637438237667084e-02
5.677139999999593783e+03 4.931299090385437012e-01 2.407740242779254913e-02
5.678619999999593347e+03 5.165282487869262695e-01 2.427983097732067108e-02
5.680099999999592910e+03 5.234168171882629395e-01 2.422826737165451050e-02
5.681579999999592474e+03 5.352044701576232910e-01 2.428421005606651306e-02
5.683059999999592037e+03 5.359979867935180664e-01 2.423100359737873077e-02
5.684539999999591600e+03 5.194084644317626953e-01 2.416247315704822540e-02
5.686019999999591164e+03 5.183936357498168945e-01 2.414748817682266235e-02
5.687499999999590727e+03 4.879915118217468262e-01 2.371717989444732666e-02
5.688979999999590291e+03 4.984908401966094971e-01 2.394851855933666229e-02
5.690459999999589854e+03 5.479290485382080078e-01 2.458010427653789520e-02
5.691939999999589418e+03 5.247510671615600586e-01 2.432117611169815063e-02
5.693419999999588981e+03 5.151277780532836914e-01 2.417049556970596313e-02
5.694899999999588545e+03 5.164833068847656250e-01 2.424608170986175537e-02
5.696379999999588108e+03 5.090027451515197754e-01 2.413373813033103943e-02
5.697859999999587671e+03 5.324154496192932129e-01 2.437213622033596039e-02
5.699339999999587235e+03 5.241110324859619141e-01 2.415017969906330109e-02
5.700819999999586798e+03 5.393660068511962891e-01 2.440893091261386871e-02
5.702299999999586362e+03 5.036480426788330078e-01 2.394473552703857422e-02
5.703779999999585925e+03 5.276902914047241211e-01 2.428846806287765503e-02
5.705259999999585489e+03 5.164490938186645508e-01 2.404373325407505035e-02
5.706739999999585052e+03 5.204077959060668945e-01 2.393243089318275452e-02
5.708219999999584616e+03 5.218853354454040527e-01 2.381493151187896729e-02
5.709699999999584179e+03 5.262424945831298828e-01 2.378831431269645691e-02
5.711179999999583742e+03 5.252345800399780273e-01 2.390637621283531189e-02
5.712659999999583306e+03 5.692834854125976562e-01 2.466092072427272797e-02
5.714139999999582869e+03 5.434633493423461914e-01 2.444741502404212952e-02
5.715619999999582433e+03 5.465577244758605957e-01 2.450342662632465363e-02
5.717099999999581996e+03 5.199890732765197754e-01 2.419505268335342407e-02
5.718579999999581560e+03 5.311930775642395020e-01 2.436154522001743317e-02
5.720059999999581123e+03 5.465618371963500977e-01 2.458451315760612488e-02
5.721539999999580687e+03 5.134220123291015625e-01 2.426341734826564789e-02
5.723019999999580250e+03 4.454358518123626709e-01 2.339520677924156189e-02
5.724499999999579813e+03 4.857226610183715820e-01 2.391208149492740631e-02
5.725979999999579377e+03 5.103198885917663574e-01 2.414909191429615021e-02
5.727459999999578940e+03 5.210305452346801758e-01 2.422700077295303345e-02
5.728939999999578504e+03 4.905080199241638184e-01 2.392446435987949371e-02
5.730419999999578067e+03 5.100678205490112305e-01 2.409377135336399078e-02
5.731899999999577631e+03 4.959895610809326172e-01 2.375378087162971497e-02
5.733379999999577194e+03 4.984846711158752441e-01 2.397307567298412323e-02
5.734859999999576758e+03 4.783025085926055908e-01 2.375034801661968231e-02
5.736339999999576321e+03 5.128726959228515625e-01 2.407765761017799377e-02
5.737819999999575884e+03 5.283229351043701172e-01 2.428416348993778229e-02
5.739299999999575448e+03 5.597499012947082520e-01 2.453559450805187225e-02
5.740779999999575011e+03 5.263518691062927246e-01 2.421627752482891083e-02
5.742259999999574575e+03 5.210164785385131836e-01 2.424222230911254883e-02
5.743739999999574138e+03 5.122565031051635742e-01 2.410855516791343689e-02
5.745219999999573702e+03 5.331972241401672363e-01 2.426771447062492371e-02
5.746699999999573265e+03 5.368819236755371094e-01 2.424720488488674164e-02
5.748179999999572829e+03 5.004233121871948242e-01 2.376081608235836029e-02
5.749659999999572392e+03 4.905285835266113281e-01 2.374866232275962830e-02
5.751139999999571955e+03 4.900618791580200195e-01 2.362529188394546509e-02
5.752619999999571519e+03 5.044689178466796875e-01 2.349442802369594574e-02
5.754099999999571082e+03 5.209563374519348145e-01 2.380086295306682587e-02
5.755579999999570646e+03 5.029851198196411133e-01 2.391613088548183441e-02
5.757059999999570209e+03 4.859666228294372559e-01 2.371453493833541870e-02
5.758539999999569773e+03 5.232236385345458984e-01 2.408244647085666656e-02
5.760019999999569336e+03 4.940925240516662598e-01 2.369065769016742706e-02
5.761499999999568900e+03 4.991145730018615723e-01 2.360673993825912476e-02
5.762979999999568463e+03 5.576234459877014160e-01 2.418393455445766449e-02
5.764459999999568026e+03 5.150722265243530273e-01 2.405108511447906494e-02
5.765939999999567590e+03 5.072425603866577148e-01 2.397285029292106628e-02
5.767419999999567153e+03 5.113387107849121094e-01 2.390571683645248413e-02
5.768899999999566717e+03 4.945793747901916504e-01 2.385061420500278473e-02
5.770379999999566280e+03 5.100648999214172363e-01 2.394037134945392609e-02
5.771859999999565844e+03 5.318641066551208496e-01 2.413242310285568237e-02
5.773339999999565407e+03 5.085560679435729980e-01 2.368774078786373138e-02
5.774819999999564970e+03 5.181846022605895996e-01 2.384910359978675842e-02
5.776299999999564534e+03 5.322433710098266602e-01 2.418823912739753723e-02
5.777779999999564097e+03 5.155105590820312500e-01 2.388129755854606628e-02
5.779259999999563661e+03 5.112338662147521973e-01 2.365707978606224060e-02
5.780739999999563224e+03 5.069970488548278809e-01 2.354751341044902802e-02
5.782219999999562788e+03 5.141634941101074219e-01 2.350472658872604370e-02
5.783699999999562351e+03 4.902597069740295410e-01 2.328540757298469543e-02
5.785179999999561915e+03 4.753399193286895752e-01 2.311473339796066284e-02
5.786659999999561478e+03 5.255408883094787598e-01 2.387949451804161072e-02
5.788139999999561041e+03 5.257983803749084473e-01 2.392802201211452484e-02
5.789619999999560605e+03 5.212310552597045898e-01 2.380547299981117249e-02
5.791099999999560168e+03 5.168037414550781250e-01 2.364634349942207336e-02
5.792579999999559732e+03 4.902523458003997803e-01 2.342287078499794006e-02
5.794059999999559295e+03 4.987533688545227051e-01 2.362727001309394836e-02
5.795539999999558859e+03 5.186735391616821289e-01 2.378764376044273376e-02
5.797019999999558422e+03 4.698769152164459229e-01 2.319737523794174194e-02
5.798499999999557986e+03 4.756888151168823242e-01 2.319821342825889587e-02
5.799979999999557549e+03 5.112779140472412109e-01 2.374785020947456360e-02
5.801459999999557112e+03 5.001741051673889160e-01 2.366703376173973083e-02
5.802939999999556676e+03 4.924507737159729004e-01 2.342193573713302612e-02
5.804419999999556239e+03 5.177021026611328125e-01 2.364584058523178101e-02
5.805899999999555803e+03 5.233137607574462891e-01 2.372266910970211029e-02
5.807379999999555366e+03 5.555816292762756348e-01 2.414104156196117401e-02
5.808859999999554930e+03 5.277099609375000000e-01 2.391982823610305786e-02
5.810339999999554493e+03 5.225951671600341797e-01 2.376832254230976105e-02
5.811819999999554057e+03 5.236766338348388672e-01 2.379862964153289795e-02
5.813299999999553620e+03 4.875388443470001221e-01 2.337482944130897522e-02
5.814779999999553183e+03 4.974890649318695068e-01 2.345450967550277710e-02
5.816259999999552747e+03 5.165493488311767578e-01 2.356070093810558319e-02
5.817739999999552310e+03 5.289877057075500488e-01 2.389914169907569885e-02
5.819219999999551874e+03 5.361373424530029297e-01 2.399956621229648590e-02
5.820699999999551437e+03 5.092356204986572266e-01 2.370565943419933319e-02
5.822179999999551001e+03 5.010050535202026367e-01 2.364456467330455780e-02
5.823659999999550564e+03 5.104350447654724121e-01 2.371050044894218445e-02
5.825139999999550128e+03 4.935634136199951172e-01 2.341777458786964417e-02
5.826619999999549691e+03 5.214579701423645020e-01 2.379821985960006714e-02
5.828099999999549254e+03 5.308949947357177734e-01 2.385790459811687469e-02
5.829579999999548818e+03 5.210904479026794434e-01 2.377470582723617554e-02
5.831059999999548381e+03 5.172963142395019531e-01 2.367072552442550659e-02
5.832539999999547945e+03 4.903354048728942871e-01 2.346223592758178711e-02
5.834019999999547508e+03 4.753378629684448242e-01 2.324600704014301300e-02
5.835499999999547072e+03 5.025857090950012207e-01 2.346436865627765656e-02
5.836979999999546635e+03 4.884234964847564697e-01 2.329361811280250549e-02
5.838459999999546199e+03 4.837671816349029541e-01 2.326944656670093536e-02
5.839939999999545762e+03 4.803473353385925293e-01 2.332068979740142822e-02
5.841419999999545325e+03 4.977722167968750000e-01 2.351063303649425507e-02
5.842899999999544889e+03 5.108665823936462402e-01 2.370020560920238495e-02
5.844379999999544452e+03 4.955722093582153320e-01 2.340800873935222626e-02
5.845859999999544016e+03 4.985274076461791992e-01 2.335324883460998535e-02
5.847339999999543579e+03 5.015805959701538086e-01 2.339795231819152832e-02
5.848819999999543143e+03 5.279639363288879395e-01 2.370924130082130432e-02
5.850299999999542706e+03 5.261057615280151367e-01 2.369819022715091705e-02
5.851779999999542270e+03 5.188236236572265625e-01 2.356374450027942657e-02
5.853259999999541833e+03 5.128784179687500000e-01 2.343734353780746460e-02
5.854739999999541396e+03 5.159507989883422852e-01 2.336742356419563293e-02
5.856219999999540960e+03 5.349195003509521484e-01 2.346949838101863861e-02
5.857699999999540523e+03 5.148816704750061035e-01 2.322949096560478210e-02
5.859179999999540087e+03 5.776165127754211426e-01 2.401053160429000854e-02
5.860659999999539650e+03 5.998143553733825684e-01 2.432282641530036926e-02
5.862139999999539214e+03 5.367568731307983398e-01 2.365204133093357086e-02
5.863619999999538777e+03 5.145217180252075195e-01 2.352143637835979462e-02
5.865099999999538340e+03 5.395079851150512695e-01 2.398347482085227966e-02
5.866579999999537904e+03 5.037591457366943359e-01 2.359324693679809570e-02
5.868059999999537467e+03 4.921762943267822266e-01 2.345759421586990356e-02
5.869539999999537031e+03 5.560430884361267090e-01 2.404791861772537231e-02
5.871019999999536594e+03 5.499720573425292969e-01 2.391967736184597015e-02
5.872499999999536158e+03 5.540682077407836914e-01 2.389349602162837982e-02
5.873979999999535721e+03 5.529444813728332520e-01 2.386747859418392181e-02
5.875459999999535285e+03 5.215962529182434082e-01 2.353700064122676849e-02
5.876939999999534848e+03 5.100436210632324219e-01 2.337498031556606293e-02
5.878419999999534411e+03 5.418536067008972168e-01 2.367783710360527039e-02
5.879899999999533975e+03 5.713115930557250977e-01 2.391063980758190155e-02
5.881379999999533538e+03 5.412628054618835449e-01 2.352103777229785919e-02
5.882859999999533102e+03 5.221731066703796387e-01 2.335204556584358215e-02
5.884339999999532665e+03 5.125028491020202637e-01 2.335386537015438080e-02
5.885819999999532229e+03 5.190914273262023926e-01 2.351579815149307251e-02
5.887299999999531792e+03 5.085452795028686523e-01 2.389032579958438873e-02
5.888779999999531356e+03 5.308489799499511719e-01 2.462471649050712585e-02
5.890259999999530919e+03 5.583187937736511230e-01 2.457195334136486053e-02
5.891739999999530482e+03 5.394799709320068359e-01 2.364277094602584839e-02
5.893219999999530046e+03 5.652490854263305664e-01 2.380716614425182343e-02
5.894699999999529609e+03 5.420856475830078125e-01 2.369625866413116455e-02
5.896179999999529173e+03 5.108371376991271973e-01 2.321764826774597168e-02
5.897659999999528736e+03 5.088304877281188965e-01 2.300826273858547211e-02
5.899139999999528300e+03 5.168517827987670898e-01 2.312622964382171631e-02
5.900619999999527863e+03 5.394705533981323242e-01 2.347635291516780853e-02
5.902099999999527427e+03 5.507246851921081543e-01 2.377427555620670319e-02
5.903579999999526990e+03 5.811479091644287109e-01 2.416611090302467346e-02
5.905059999999526553e+03 5.529279708862304688e-01 2.372173406183719635e-02
5.906539999999526117e+03 5.110857486724853516e-01 2.321071177721023560e-02
5.908019999999525680e+03 5.203619599342346191e-01 2.338964119553565979e-02
5.909499999999525244e+03 5.574421882629394531e-01 2.383945509791374207e-02
5.910979999999524807e+03 5.195313692092895508e-01 2.334682457149028778e-02
5.912459999999524371e+03 5.317503213882446289e-01 2.348908595740795135e-02
5.913939999999523934e+03 5.459522604942321777e-01 2.378993853926658630e-02
5.915419999999523498e+03 5.331403017044067383e-01 2.360217832028865814e-02
5.916899999999523061e+03 5.292558670043945312e-01 2.342290803790092468e-02
5.918379999999522624e+03 5.005504488945007324e-01 2.309839800000190735e-02
5.919859999999522188e+03 4.428031146526336670e-01 2.236299030482769012e-02
5.921339999999521751e+03 4.982284307479858398e-01 2.308544144034385681e-02
5.922819999999521315e+03 5.367335081100463867e-01 2.352135255932807922e-02
5.924299999999520878e+03 5.250774025917053223e-01 2.352052181959152222e-02
5.925779999999520442e+03 5.613526105880737305e-01 2.378201484680175781e-02
5.927259999999520005e+03 5.304621458053588867e-01 2.338868193328380585e-02
5.928739999999519569e+03 5.364006757736206055e-01 2.326451987028121948e-02
5.930219999999519132e+03 5.156426429748535156e-01 2.321635000407695770e-02
5.931699999999518695e+03 5.189436078071594238e-01 2.353429049253463745e-02
5.933179999999518259e+03 5.014640092849731445e-01 2.325646765530109406e-02
5.934659999999517822e+03 5.150219798088073730e-01 2.324446104466915131e-02
5.936139999999517386e+03 5.596091747283935547e-01 2.354001626372337341e-02
5.937619999999516949e+03 5.571609735488891602e-01 2.376434020698070526e-02
5.939099999999516513e+03 5.527834892272949219e-01 2.366012148559093475e-02
5.940579999999516076e+03 5.476953387260437012e-01 2.336677163839340210e-02
5.942059999999515640e+03 5.270885229110717773e-01 2.313128486275672913e-02
5.943539999999515203e+03 4.996803998947143555e-01 2.282396145164966583e-02
5.945019999999514766e+03 5.089651346206665039e-01 2.309459634125232697e-02
5.946499999999514330e+03 5.033945441246032715e-01 2.289434708654880524e-02
5.947979999999513893e+03 5.344856381416320801e-01 2.312927506864070892e-02
5.949459999999513457e+03 5.451128482818603516e-01 2.323489263653755188e-02
5.950939999999513020e+03 5.558941364288330078e-01 2.354437299072742462e-02
5.952419999999512584e+03 5.302208662033081055e-01 2.331060543656349182e-02
5.953899999999512147e+03 5.544784665107727051e-01 2.366014942526817322e-02
5.955379999999511710e+03 5.285192728042602539e-01 2.326067723333835602e-02
5.956859999999511274e+03 5.331186652183532715e-01 2.306936308741569519e-02
5.958339999999510837e+03 5.408753156661987305e-01 2.325296774506568909e-02
5.959819999999510401e+03 5.232975482940673828e-01 2.312359586358070374e-02
5.961299999999509964e+03 4.928159713745117188e-01 2.283933386206626892e-02
5.962779999999509528e+03 5.477028489112854004e-01 2.346207574009895325e-02
5.964259999999509091e+03 5.482483506202697754e-01 2.334831841289997101e-02
5.965739999999508655e+03 5.543760061264038086e-01 2.350665815174579620e-02
5.967219999999508218e+03 5.325350761413574219e-01 2.321695722639560699e-02
5.968699999999507781e+03 5.236613154411315918e-01 2.316325344145298004e-02
5.970179999999507345e+03 5.261684656143188477e-01 2.320930361747741699e-02
5.971659999999506908e+03 5.510780811309814453e-01 2.339128963649272919e-02
5.973139999999506472e+03 5.655342936515808105e-01 2.365509420633316040e-02
5.974619999999506035e+03 5.479655265808105469e-01 2.331532910466194153e-02
5.976099999999505599e+03 5.536321401596069336e-01 2.329779230058193207e-02
5.977579999999505162e+03 5.630604028701782227e-01 2.350044995546340942e-02
5.979059999999504726e+03 5.586829781532287598e-01 2.347634732723236084e-02
5.980539999999504289e+03 5.359988212585449219e-01 2.321943268179893494e-02
5.982019999999503852e+03 5.245571136474609375e-01 2.299716882407665253e-02
5.983499999999503416e+03 5.218992233276367188e-01 2.276779524981975555e-02
5.984979999999502979e+03 5.214840173721313477e-01 2.269283682107925415e-02
5.986459999999502543e+03 4.910885095596313477e-01 2.242182753980159760e-02
5.987939999999502106e+03 4.814866781234741211e-01 2.251889742910861969e-02
5.989419999999501670e+03 5.269908308982849121e-01 2.300998196005821228e-02
5.990899999999501233e+03 5.286263227462768555e-01 2.291034907102584839e-02
5.992379999999500797e+03 5.088562965393066406e-01 2.276113070547580719e-02
5.993859999999500360e+03 5.043469071388244629e-01 2.271069958806037903e-02
5.995339999999499923e+03 4.901822507381439209e-01 2.251668088138103485e-02
5.996819999999499487e+03 4.996022582054138184e-01 2.252758108079433441e-02
5.998299999999499050e+03 4.970480799674987793e-01 2.239799872040748596e-02
5.999779999999498614e+03 5.056462287902832031e-01 2.259906753897666931e-02
6.001259999999498177e+03 5.275183916091918945e-01 2.278732508420944214e-02
6.002739999999497741e+03 5.404798388481140137e-01 2.297447808086872101e-02
6.004219999999497304e+03 5.335116982460021973e-01 2.306802943348884583e-02
6.005699999999496868e+03 5.280554294586181641e-01 2.279680967330932617e-02
6.007179999999496431e+03 5.293693542480468750e-01 2.256172895431518555e-02
6.008659999999495994e+03 5.251592397689819336e-01 2.272591181099414825e-02
6.010139999999495558e+03 5.402108430862426758e-01 2.306675165891647339e-02
6.011619999999495121e+03 5.333307981491088867e-01 2.291711419820785522e-02
6.013099999999494685e+03 5.544036030769348145e-01 2.305935136973857880e-02
6.014579999999494248e+03 5.930212140083312988e-01 2.342285960912704468e-02
6.016059999999493812e+03 6.174592971801757812e-01 2.371517196297645569e-02
6.017539999999493375e+03 5.500373244285583496e-01 2.297057397663593292e-02
6.019019999999492939e+03 4.967314600944519043e-01 2.218896336853504181e-02
6.020499999999492502e+03 4.910104572772979736e-01 2.211757749319076538e-02
6.021979999999492065e+03 4.893243014812469482e-01 2.206464670598506927e-02
6.023459999999491629e+03 4.918237328529357910e-01 2.208201400935649872e-02
6.024939999999491192e+03 5.180019736289978027e-01 2.262467145919799805e-02
6.026419999999490756e+03 5.233802795410156250e-01 2.263833023607730865e-02
6.027899999999490319e+03 4.596238136291503906e-01 2.190134674310684204e-02
6.029379999999489883e+03 4.680745005607604980e-01 2.204422838985919952e-02
6.030859999999489446e+03 4.849171042442321777e-01 2.220068499445915222e-02
6.032339999999489009e+03 4.435834586620330811e-01 2.177651412785053253e-02
6.033819999999488573e+03 4.956979155540466309e-01 2.236459031701087952e-02
6.035299999999488136e+03 4.940955042839050293e-01 2.239546179771423340e-02
6.036779999999487700e+03 5.146781802177429199e-01 2.254136279225349426e-02
6.038259999999487263e+03 5.014029145240783691e-01 2.247460931539535522e-02
6.039739999999486827e+03 4.785928726196289062e-01 2.199974469840526581e-02
6.041219999999486390e+03 5.151668787002563477e-01 2.252019569277763367e-02
6.042699999999485954e+03 5.421578288078308105e-01 2.280670776963233948e-02
6.044179999999485517e+03 5.005040764808654785e-01 2.220552228391170502e-02
6.045659999999485080e+03 5.202275514602661133e-01 2.251578681170940399e-02
6.047139999999484644e+03 5.181319117546081543e-01 2.261578850448131561e-02
6.048619999999484207e+03 4.940218031406402588e-01 2.215647138655185699e-02
6.050099999999483771e+03 5.313690304756164551e-01 2.257363311946392059e-02
6.051579999999483334e+03 5.130773782730102539e-01 2.246602252125740051e-02
6.053059999999482898e+03 4.920928478240966797e-01 2.213662490248680115e-02
6.054539999999482461e+03 5.056641101837158203e-01 2.230041846632957458e-02
6.056019999999482025e+03 4.979634881019592285e-01 2.200357802212238312e-02
6.057499999999481588e+03 5.449768900871276855e-01 2.280965074896812439e-02
6.058979999999481151e+03 5.307011604309082031e-01 2.260714396834373474e-02
6.060459999999480715e+03 5.299481749534606934e-01 2.257879264652729034e-02
6.061939999999480278e+03 5.444113612174987793e-01 2.274934947490692139e-02
6.063419999999479842e+03 5.712288618087768555e-01 2.299609966576099396e-02
6.064899999999479405e+03 5.161905884742736816e-01 2.231946028769016266e-02
6.066379999999478969e+03 4.793744683265686035e-01 2.189437858760356903e-02
6.067859999999478532e+03 5.070194005966186523e-01 2.239040471613407135e-02
6.069339999999478096e+03 5.195061564445495605e-01 2.248577401041984558e-02
6.070819999999477659e+03 5.148053169250488281e-01 2.236131764948368073e-02
6.072299999999477222e+03 5.085201263427734375e-01 2.241844125092029572e-02
6.073779999999476786e+03 5.277326107025146484e-01 2.260521613061428070e-02
6.075259999999476349e+03 5.448048114776611328e-01 2.267141267657279968e-02
6.076739999999475913e+03 5.170762538909912109e-01 2.229329012334346771e-02
6.078219999999475476e+03 5.305896997451782227e-01 2.235439792275428772e-02
6.079699999999475040e+03 5.318247675895690918e-01 2.244793437421321869e-02
6.081179999999474603e+03 4.965196251869201660e-01 2.201240323483943939e-02
6.082659999999474167e+03 5.041949748992919922e-01 2.201980911195278168e-02
6.084139999999473730e+03 5.196555256843566895e-01 2.222190611064434052e-02
6.085619999999473293e+03 5.284240841865539551e-01 2.234552055597305298e-02
6.087099999999472857e+03 5.299057960510253906e-01 2.235488034784793854e-02
6.088579999999472420e+03 4.914003014564514160e-01 2.188918925821781158e-02
6.090059999999471984e+03 4.792460799217224121e-01 2.176068723201751709e-02
6.091539999999471547e+03 5.294753909111022949e-01 2.230589464306831360e-02
6.093019999999471111e+03 5.281711220741271973e-01 2.233531326055526733e-02
6.094499999999470674e+03 5.021902322769165039e-01 2.203273959457874298e-02
6.095979999999470238e+03 4.844491481781005859e-01 2.178840339183807373e-02
6.097459999999469801e+03 5.050337314605712891e-01 2.211622335016727448e-02
6.098939999999469364e+03 5.320399999618530273e-01 2.236203849315643311e-02
6.100419999999468928e+03 5.036141276359558105e-01 2.193730138242244720e-02
6.101899999999468491e+03 5.145976543426513672e-01 2.190330065786838531e-02
6.103379999999468055e+03 5.301413536071777344e-01 2.199996821582317352e-02
6.104859999999467618e+03 5.375667810440063477e-01 2.245013415813446045e-02
6.106339999999467182e+03 5.689063072204589844e-01 2.267168276011943817e-02
6.107819999999466745e+03 5.394427776336669922e-01 2.237763442099094391e-02
6.109299999999466309e+03 5.055651664733886719e-01 2.201719209551811218e-02
6.110779999999465872e+03 5.740427970886230469e-01 2.271328680217266083e-02
6.112259999999465435e+03 5.574958324432373047e-01 2.251813374459743500e-02
6.113739999999464999e+03 5.660962462425231934e-01 2.258763462305068970e-02
6.115219999999464562e+03 5.483117103576660156e-01 2.245199307799339294e-02
6.116699999999464126e+03 5.203591585159301758e-01 2.205098792910575867e-02
6.118179999999463689e+03 4.855091869831085205e-01 2.170686982572078705e-02
6.119659999999463253e+03 5.222268104553222656e-01 2.214416489005088806e-02
6.121139999999462816e+03 5.629276633262634277e-01 2.236442640423774719e-02
6.122619999999462379e+03 5.217534899711608887e-01 2.179876901209354401e-02
6.124099999999461943e+03 5.186434984207153320e-01 2.214869298040866852e-02
6.125579999999461506e+03 5.440214276313781738e-01 2.237612195312976837e-02
6.127059999999461070e+03 5.190451145172119141e-01 2.194341085851192474e-02
6.128539999999460633e+03 5.217359066009521484e-01 2.195615507662296295e-02
6.130019999999460197e+03 4.948392510414123535e-01 2.160073816776275635e-02
6.131499999999459760e+03 5.047119855880737305e-01 2.180994860827922821e-02
6.132979999999459324e+03 5.060165524482727051e-01 2.183888107538223267e-02
6.134459999999458887e+03 4.924387335777282715e-01 2.152653597295284271e-02
6.135939999999458450e+03 5.149050354957580566e-01 2.154658734798431396e-02
6.137419999999458014e+03 5.057971477508544922e-01 2.142406068742275238e-02
6.138899999999457577e+03 5.271102190017700195e-01 2.194555476307868958e-02
6.140379999999457141e+03 5.387870073318481445e-01 2.213953062891960144e-02
6.141859999999456704e+03 5.182396173477172852e-01 2.184240892529487610e-02
6.143339999999456268e+03 5.212953090667724609e-01 2.197927422821521759e-02
6.144819999999455831e+03 5.311189293861389160e-01 2.209532074630260468e-02
6.146299999999455395e+03 5.269216299057006836e-01 2.194057963788509369e-02
6.147779999999454958e+03 5.077074766159057617e-01 2.163324505090713501e-02
6.149259999999454521e+03 4.976772964000701904e-01 2.160832844674587250e-02
6.150739999999454085e+03 5.026459693908691406e-01 2.177458256483078003e-02
6.152219999999453648e+03 5.035423636436462402e-01 2.170072868466377258e-02
6.153699999999453212e+03 5.071208477020263672e-01 2.161213941872119904e-02
6.155179999999452775e+03 4.866930246353149414e-01 2.138762548565864563e-02
6.156659999999452339e+03 5.152292251586914062e-01 2.176048606634140015e-02
6.158139999999451902e+03 5.398028492927551270e-01 2.206564135849475861e-02
6.159619999999451466e+03 5.061200261116027832e-01 2.154684625566005707e-02
6.161099999999451029e+03 5.207738876342773438e-01 2.141327410936355591e-02
6.162579999999450592e+03 5.129547119140625000e-01 2.122303470969200134e-02
6.164059999999450156e+03 4.761021137237548828e-01 2.113453298807144165e-02
6.165539999999449719e+03 5.358372330665588379e-01 2.202969416975975037e-02
6.167019999999449283e+03 5.517095327377319336e-01 2.205194160342216492e-02
6.168499999999448846e+03 5.465669631958007812e-01 2.207870222628116608e-02
6.169979999999448410e+03 5.444119572639465332e-01 2.202314697206020355e-02
6.171459999999447973e+03 5.415512919425964355e-01 2.207561768591403961e-02
6.172939999999447537e+03 5.637298226356506348e-01 2.233455888926982880e-02
6.174419999999447100e+03 5.658530592918395996e-01 2.230769023299217224e-02
6.175899999999446663e+03 5.126559734344482422e-01 2.180052921175956726e-02
6.177379999999446227e+03 5.670407414436340332e-01 2.229629643261432648e-02
6.178859999999445790e+03 5.489743351936340332e-01 2.217793650925159454e-02
6.180339999999445354e+03 5.390517711639404297e-01 2.207425795495510101e-02
6.181819999999444917e+03 5.157026648521423340e-01 2.184944786131381989e-02
6.183299999999444481e+03 5.095264911651611328e-01 2.179055474698543549e-02
6.184779999999444044e+03 5.081367492675781250e-01 2.167052216827869415e-02
6.186259999999443608e+03 5.683230161666870117e-01 2.225453592836856842e-02
6.187739999999443171e+03 5.629755258560180664e-01 2.226494252681732178e-02
6.189219999999442734e+03 5.196266770362854004e-01 2.169556170701980591e-02
6.190699999999442298e+03 5.189177989959716797e-01 2.165136858820915222e-02
6.192179999999441861e+03 5.413284301757812500e-01 2.191350236535072327e-02
6.193659999999441425e+03 5.512152910232543945e-01 2.215278148651123047e-02
6.195139999999440988e+03 5.605137348175048828e-01 2.221379056572914124e-02
6.196619999999440552e+03 5.316378474235534668e-01 2.189526893198490143e-02
6.198099999999440115e+03 4.901874363422393799e-01 2.136065065860748291e-02
6.199579999999439679e+03 4.588574767112731934e-01 2.092306315898895264e-02
6.201059999999439242e+03 4.977029561996459961e-01 2.159437350928783417e-02
6.202539999999438805e+03 5.279088020324707031e-01 2.203058637678623199e-02
6.204019999999438369e+03 5.106900334358215332e-01 2.168983593583106995e-02
6.205499999999437932e+03 5.122447013854980469e-01 2.158407866954803467e-02
6.206979999999437496e+03 5.372963547706604004e-01 2.192516811192035675e-02
6.208459999999437059e+03 5.019210577011108398e-01 2.155879326164722443e-02
6.209939999999436623e+03 4.828744530677795410e-01 2.120810002088546753e-02
6.211419999999436186e+03 5.282678604125976562e-01 2.180398255586624146e-02
6.212899999999435749e+03 5.368219017982482910e-01 2.182985283434391022e-02
6.214379999999435313e+03 5.189961194992065430e-01 2.134694717824459076e-02
6.215859999999434876e+03 5.019707679748535156e-01 2.135320939123630524e-02
6.217339999999434440e+03 5.186716318130493164e-01 2.165622077882289886e-02
6.218819999999434003e+03 5.141267776489257812e-01 2.153530716896057129e-02
6.220299999999433567e+03 5.215032696723937988e-01 2.180003374814987183e-02
6.221779999999433130e+03 5.313727855682373047e-01 2.197105064988136292e-02
6.223259999999432694e+03 5.074960589408874512e-01 2.163133025169372559e-02
6.224739999999432257e+03 5.093813538551330566e-01 2.164345979690551758e-02
6.226219999999431820e+03 5.218617320060729980e-01 2.166008576750755310e-02
6.227699999999431384e+03 5.425840616226196289e-01 2.183779701590538025e-02
6.229179999999430947e+03 4.989036321640014648e-01 2.121842838823795319e-02
6.230659999999430511e+03 5.190354585647583008e-01 2.140894532203674316e-02
6.232139999999430074e+03 4.632742404937744141e-01 2.083273604512214661e-02
6.233619999999429638e+03 5.058417320251464844e-01 2.191036194562911987e-02
6.235099999999429201e+03 5.463960170745849609e-01 2.244587242603302002e-02
6.236579999999428765e+03 5.368393063545227051e-01 2.219875529408454895e-02
6.238059999999428328e+03 5.301425457000732422e-01 2.187995240092277527e-02
6.239539999999427891e+03 5.097753405570983887e-01 2.151751145720481873e-02
6.241019999999427455e+03 5.531288385391235352e-01 2.211366407573223114e-02
6.242499999999427018e+03 5.272176265716552734e-01 2.176145091652870178e-02
6.243979999999426582e+03 5.202556848526000977e-01 2.153577841818332672e-02
6.245459999999426145e+03 5.047097802162170410e-01 2.119269222021102905e-02
6.246939999999425709e+03 5.117872357368469238e-01 2.134085074067115784e-02
6.248419999999425272e+03 5.038955211639404297e-01 2.131488546729087830e-02
6.249899999999424836e+03 5.144146084785461426e-01 2.149638533592224121e-02
6.251379999999424399e+03 5.264243483543395996e-01 2.150320447981357574e-02
6.252859999999423962e+03 5.434500575065612793e-01 2.153603918850421906e-02
6.254339999999423526e+03 5.237174034118652344e-01 2.133305184543132782e-02
6.255819999999423089e+03 5.134990215301513672e-01 2.140325121581554413e-02
6.257299999999422653e+03 5.367591381072998047e-01 2.203762903809547424e-02
6.258779999999422216e+03 5.153858661651611328e-01 2.165682986378669739e-02
6.260259999999421780e+03 5.082774162292480469e-01 2.134553901851177216e-02
6.261739999999421343e+03 5.031461715698242188e-01 2.129583992063999176e-02
6.263219999999420907e+03 4.980486929416656494e-01 2.133349515497684479e-02
6.264699999999420470e+03 5.211028456687927246e-01 2.164628356695175171e-02
6.266179999999420033e+03 5.046452283859252930e-01 2.135501615703105927e-02
6.267659999999419597e+03 5.306136012077331543e-01 2.167807519435882568e-02
6.269139999999419160e+03 5.511955022811889648e-01 2.183172665536403656e-02
6.270619999999418724e+03 5.476955175399780273e-01 2.182428538799285889e-02
6.272099999999418287e+03 5.371918082237243652e-01 2.170196920633316040e-02
6.273579999999417851e+03 5.121167302131652832e-01 2.143464796245098114e-02
6.275059999999417414e+03 5.091695189476013184e-01 2.140248753130435944e-02
6.276539999999416978e+03 5.006761550903320312e-01 2.111970633268356323e-02
6.278019999999416541e+03 4.713498950004577637e-01 2.052715606987476349e-02
6.279499999999416104e+03 5.046886801719665527e-01 2.086077444255352020e-02
6.280979999999415668e+03 5.091742277145385742e-01 2.096779830753803253e-02
6.282459999999415231e+03 4.757275283336639404e-01 2.079959399998188019e-02
6.283939999999414795e+03 4.556086063385009766e-01 2.054115198552608490e-02
6.285419999999414358e+03 4.735496044158935547e-01 2.120556123554706573e-02
6.286899999999413922e+03 5.062088370323181152e-01 2.172031626105308533e-02
6.288379999999413485e+03 4.941738843917846680e-01 2.140390686690807343e-02
6.289859999999413048e+03 4.980680346488952637e-01 2.111771702766418457e-02
6.291339999999412612e+03 5.073502063751220703e-01 2.108239941298961639e-02
6.292819999999412175e+03 4.840514063835144043e-01 2.095093019306659698e-02
6.294299999999411739e+03 4.810919761657714844e-01 2.091155387461185455e-02
6.295779999999411302e+03 4.629157185554504395e-01 2.067197859287261963e-02
6.297259999999410866e+03 4.492072463035583496e-01 2.165242657065391541e-02
6.298739999999410429e+03 5.003378391265869141e-01 2.621518075466156006e-02
6.300219999999409993e+03 5.000370144844055176e-01 2.726232819259166718e-02
6.301699999999409556e+03 4.620257019996643066e-01 2.372214011847972870e-02
6.303179999999409119e+03 4.994653463363647461e-01 2.123172022402286530e-02
6.304659999999408683e+03 5.200430154800415039e-01 2.150350622832775116e-02
6.306139999999408246e+03 5.143422484397888184e-01 2.173021808266639709e-02
6.307619999999407810e+03 4.800990819931030273e-01 2.493864111602306366e-02
6.309099999999407373e+03 4.398336112499237061e-01 2.473322674632072449e-02
6.310579999999406937e+03 4.541211426258087158e-01 2.039870060980319977e-02
6.312059999999406500e+03 4.788829684257507324e-01 2.071065083146095276e-02
6.313539999999406064e+03 4.920590221881866455e-01 2.075374498963356018e-02
6.315019999999405627e+03 5.089513063430786133e-01 2.095961757004261017e-02
6.316499999999405190e+03 4.818279147148132324e-01 2.065059728920459747e-02
6.317979999999404754e+03 4.767720103263854980e-01 2.048576436936855316e-02
6.319459999999404317e+03 5.308851003646850586e-01 2.128526382148265839e-02
6.320939999999403881e+03 4.966455399990081787e-01 2.108174189925193787e-02
6.322419999999403444e+03 4.863871335983276367e-01 2.090825326740741730e-02
6.323899999999403008e+03 5.066149234771728516e-01 2.107325941324234009e-02
6.325379999999402571e+03 4.873519241809844971e-01 2.090055122971534729e-02
6.326859999999402135e+03 5.193796753883361816e-01 2.133264206349849701e-02
6.328339999999401698e+03 4.938643872737884521e-01 2.131466194987297058e-02
6.329819999999401261e+03 5.142027735710144043e-01 2.150301262736320496e-02
6.331299999999400825e+03 5.128192901611328125e-01 2.124393917620182037e-02
6.332779999999400388e+03 4.839954376220703125e-01 2.081457525491714478e-02
6.334259999999399952e+03 4.656486213207244873e-01 2.037265710532665253e-02
6.335739999999399515e+03 4.737977981567382812e-01 2.039125189185142517e-02
6.337219999999399079e+03 5.012450814247131348e-01 2.079927362501621246e-02
6.338699999999398642e+03 4.567795395851135254e-01 2.036487311124801636e-02
6.340179999999398206e+03 4.831256866455078125e-01 2.075805328786373138e-02
6.341659999999397769e+03 5.162171721458435059e-01 2.108972705900669098e-02
6.343139999999397332e+03 5.180591344833374023e-01 2.103540673851966858e-02
6.344619999999396896e+03 5.210933685302734375e-01 2.107063308358192444e-02
6.346099999999396459e+03 4.849576950073242188e-01 2.077068202197551727e-02
6.347579999999396023e+03 4.825349450111389160e-01 2.088070660829544067e-02
6.349059999999395586e+03 4.848175942897796631e-01 2.085230685770511627e-02
6.350539999999395150e+03 5.166690349578857422e-01 2.110769599676132202e-02
6.352019999999394713e+03 5.264220237731933594e-01 2.119054831564426422e-02
6.353499999999394277e+03 5.144090652465820312e-01 2.120413072407245636e-02
6.354979999999393840e+03 5.154150724411010742e-01 2.138580009341239929e-02
6.356459999999393403e+03 4.920161068439483643e-01 2.103934995830059052e-02
6.357939999999392967e+03 5.214536786079406738e-01 2.118889428675174713e-02
6.359419999999392530e+03 5.167486071586608887e-01 2.090526744723320007e-02
6.360899999999392094e+03 4.858118295669555664e-01 2.121414989233016968e-02
6.362379999999391657e+03 4.974015355110168457e-01 2.281371131539344788e-02
6.363859999999391221e+03 4.930067658424377441e-01 2.286401577293872833e-02
6.365339999999390784e+03 4.883705377578735352e-01 2.163325250148773193e-02
6.366819999999390348e+03 4.829880595207214355e-01 2.065977081656455994e-02
6.368299999999389911e+03 4.709561169147491455e-01 2.049140818417072296e-02
6.369779999999389474e+03 5.101945400238037109e-01 2.094923332333564758e-02
6.371259999999389038e+03 4.975191950798034668e-01 2.081223949790000916e-02
6.372739999999388601e+03 4.855937361717224121e-01 2.068646065890789032e-02
6.374219999999388165e+03 4.938385188579559326e-01 2.078317850828170776e-02
6.375699999999387728e+03 4.858148097991943359e-01 2.080752141773700714e-02
6.377179999999387292e+03 5.111287236213684082e-01 2.096038311719894409e-02
6.378659999999386855e+03 4.827919602394104004e-01 2.074558474123477936e-02
6.380139999999386418e+03 4.524714946746826172e-01 2.033537253737449646e-02
6.381619999999385982e+03 5.043470263481140137e-01 2.090297825634479523e-02
6.383099999999385545e+03 4.977269768714904785e-01 2.085267379879951477e-02
6.384579999999385109e+03 4.881216883659362793e-01 2.081466279923915863e-02
6.386059999999384672e+03 4.740494191646575928e-01 2.070987783372402191e-02
6.387539999999384236e+03 4.658645987510681152e-01 2.054508775472640991e-02
6.389019999999383799e+03 4.457736611366271973e-01 2.023020014166831970e-02
6.390499999999383363e+03 4.703137874603271484e-01 2.053206413984298706e-02
6.391979999999382926e+03 4.965245425701141357e-01 2.060484513640403748e-02
6.393459999999382489e+03 5.013974308967590332e-01 2.055554091930389404e-02
6.394939999999382053e+03 5.013533830642700195e-01 2.067910321056842804e-02
6.396419999999381616e+03 4.949784278869628906e-01 2.070042118430137634e-02
6.397899999999381180e+03 4.876618385314941406e-01 2.046980522572994232e-02
6.399379999999380743e+03 4.856832623481750488e-01 2.036283910274505615e-02
6.400859999999380307e+03 4.991416335105895996e-01 2.064986713230609894e-02
6.402339999999379870e+03 4.731525480747222900e-01 2.036401629447937012e-02
6.403819999999379434e+03 4.842871427536010742e-01 2.055444382131099701e-02
6.405299999999378997e+03 5.041263699531555176e-01 2.070880122482776642e-02
6.406779999999378560e+03 4.489954710006713867e-01 2.000533044338226318e-02
6.408259999999378124e+03 4.600371718406677246e-01 2.008304372429847717e-02
6.409739999999377687e+03 4.771069586277008057e-01 2.035661786794662476e-02
6.411219999999377251e+03 5.015408992767333984e-01 2.056184597313404083e-02
6.412699999999376814e+03 4.917814433574676514e-01 2.052650414407253265e-02
6.414179999999376378e+03 5.035147070884704590e-01 2.065104991197586060e-02
6.415659999999375941e+03 4.843963384628295898e-01 2.042022161185741425e-02
6.417139999999375505e+03 5.411310791969299316e-01 2.115778252482414246e-02
6.418619999999375068e+03 5.209647417068481445e-01 2.085844054818153381e-02
6.420099999999374631e+03 4.944530129432678223e-01 2.056456916034221649e-02
6.421579999999374195e+03 4.758700132369995117e-01 2.021973021328449249e-02
6.423059999999373758e+03 5.126885175704956055e-01 2.088282443583011627e-02
6.424539999999373322e+03 5.215945839881896973e-01 2.101166546344757080e-02
6.426019999999372885e+03 4.843153953552246094e-01 2.050376124680042267e-02
6.427499999999372449e+03 4.665235280990600586e-01 2.029842324554920197e-02
6.428979999999372012e+03 4.767448902130126953e-01 2.030828222632408142e-02
6.430459999999371576e+03 4.773771762847900391e-01 2.028676308691501617e-02
6.431939999999371139e+03 4.859198629856109619e-01 2.050715312361717224e-02
6.433419999999370702e+03 4.964749813079833984e-01 2.060865424573421478e-02
6.434899999999370266e+03 5.076026916503906250e-01 2.075802162289619446e-02
6.436379999999369829e+03 5.170657038688659668e-01 2.080304734408855438e-02
6.437859999999369393e+03 5.340758562088012695e-01 2.083932794630527496e-02
6.439339999999368956e+03 5.219548344612121582e-01 2.076047472655773163e-02
6.440819999999368520e+03 5.004460811614990234e-01 2.066120691597461700e-02
6.442299999999368083e+03 5.299957990646362305e-01 2.101578190922737122e-02
6.443779999999367647e+03 4.989053010940551758e-01 2.061993256211280823e-02
6.445259999999367210e+03 4.661055207252502441e-01 2.029476687312126160e-02
6.446739999999366773e+03 4.869082570075988770e-01 2.052985876798629761e-02
6.448219999999366337e+03 4.975638389587402344e-01 2.047264017164707184e-02
6.449699999999365900e+03 5.487856864929199219e-01 2.101586014032363892e-02
6.451179999999365464e+03 5.433299541473388672e-01 2.104552090167999268e-02
6.452659999999365027e+03 5.039905309677124023e-01 2.066020295023918152e-02
6.454139999999364591e+03 5.165159106254577637e-01 2.066457085311412811e-02
6.455619999999364154e+03 4.903604984283447266e-01 2.032000198960304260e-02
6.457099999999363718e+03 4.819481968879699707e-01 2.039298601448535919e-02
6.458579999999363281e+03 5.123972892761230469e-01 2.081473171710968018e-02
6.460059999999362844e+03 5.052831172943115234e-01 2.057198993861675262e-02
6.461539999999362408e+03 4.986400604248046875e-01 2.040000446140766144e-02
6.463019999999361971e+03 4.922867119312286377e-01 2.061900496482849121e-02
6.464499999999361535e+03 4.627000689506530762e-01 2.039838396012783051e-02
6.465979999999361098e+03 4.914416670799255371e-01 2.078170143067836761e-02
6.467459999999360662e+03 4.816707968711853027e-01 2.048140577971935272e-02
6.468939999999360225e+03 4.793550372123718262e-01 2.049004286527633667e-02
6.470419999999359788e+03 4.737187027931213379e-01 2.050374448299407959e-02
6.471899999999359352e+03 4.870980381965637207e-01 2.050649560987949371e-02
6.473379999999358915e+03 5.076986551284790039e-01 2.067686058580875397e-02
6.474859999999358479e+03 4.918101727962493896e-01 2.045589685440063477e-02
6.476339999999358042e+03 4.847009778022766113e-01 2.036765404045581818e-02
6.477819999999357606e+03 4.974317550659179688e-01 2.063703909516334534e-02
6.479299999999357169e+03 5.139650702476501465e-01 2.078421972692012787e-02
6.480779999999356733e+03 4.967915117740631104e-01 2.043759264051914215e-02
6.482259999999356296e+03 4.971896409988403320e-01 2.040816470980644226e-02
6.483739999999355859e+03 5.372644066810607910e-01 2.097163163125514984e-02
6.485219999999355423e+03 4.998741447925567627e-01 2.057259157299995422e-02
6.486699999999354986e+03 4.897025227546691895e-01 2.046901546418666840e-02
6.488179999999354550e+03 5.169732570648193359e-01 2.085776627063751221e-02
6.489659999999354113e+03 4.757293462753295898e-01 2.025837264955043793e-02
6.491139999999353677e+03 5.011203289031982422e-01 2.033212780952453613e-02
6.492619999999353240e+03 5.162362456321716309e-01 2.038891986012458801e-02
6.494099999999352804e+03 4.592357873916625977e-01 1.961591094732284546e-02
6.495579999999352367e+03 4.893780350685119629e-01 2.022841759026050568e-02
6.497059999999351930e+03 5.204266905784606934e-01 2.109235897660255432e-02
6.498539999999351494e+03 4.946039915084838867e-01 2.103003673255443573e-02
6.500019999999351057e+03 5.098340511322021484e-01 2.081966586410999298e-02
6.501499999999350621e+03 5.276536345481872559e-01 2.077846601605415344e-02
6.502979999999350184e+03 5.306347608566284180e-01 2.113774791359901428e-02
6.504459999999349748e+03 5.246580839157104492e-01 2.109920419752597809e-02
6.505939999999349311e+03 5.072991251945495605e-01 2.077486366033554077e-02
6.507419999999348875e+03 4.863153696060180664e-01 2.037552557885646820e-02
6.508899999999348438e+03 5.074312686920166016e-01 2.057085931301116943e-02
6.510379999999348001e+03 4.900906383991241455e-01 2.038859389722347260e-02
6.511859999999347565e+03 4.591588973999023438e-01 1.994311623275279999e-02
6.513339999999347128e+03 4.925836622714996338e-01 2.033020555973052979e-02
6.514819999999346692e+03 5.325731039047241211e-01 2.069829776883125305e-02
6.516299999999346255e+03 5.149730443954467773e-01 2.043262869119644165e-02
6.517779999999345819e+03 4.779464304447174072e-01 2.005110681056976318e-02
6.519259999999345382e+03 4.974825680255889893e-01 2.036923728883266449e-02
6.520739999999344946e+03 4.832168519496917725e-01 2.034961245954036713e-02
6.522219999999344509e+03 4.856810569763183594e-01 2.051878347992897034e-02
6.523699999999344072e+03 5.142428874969482422e-01 2.062349580228328705e-02
6.525179999999343636e+03 5.021030902862548828e-01 2.043173089623451233e-02
6.526659999999343199e+03 4.811641573905944824e-01 2.020115964114665985e-02
6.528139999999342763e+03 5.005531907081604004e-01 2.032311074435710907e-02
6.529619999999342326e+03 4.859192669391632080e-01 2.039025537669658661e-02
6.531099999999341890e+03 5.299484133720397949e-01 2.125849388539791107e-02
6.532579999999341453e+03 5.111207962036132812e-01 2.102393656969070435e-02
6.534059999999341017e+03 5.015962719917297363e-01 2.067106775939464569e-02
6.535539999999340580e+03 4.827017784118652344e-01 2.022448368370532990e-02
6.537019999999340143e+03 5.040838122367858887e-01 2.054599113762378693e-02
6.538499999999339707e+03 4.973848462104797363e-01 2.044960111379623413e-02
6.539979999999339270e+03 4.920361042022705078e-01 2.032841369509696960e-02
6.541459999999338834e+03 4.904906749725341797e-01 2.039307914674282074e-02
6.542939999999338397e+03 4.633204340934753418e-01 2.009540796279907227e-02
6.544419999999337961e+03 4.740447402000427246e-01 2.020736597478389740e-02
6.545899999999337524e+03 5.144426226615905762e-01 2.046455815434455872e-02
6.547379999999337088e+03 4.754252433776855469e-01 1.995794847607612610e-02
6.548859999999336651e+03 4.726115465164184570e-01 1.992910727858543396e-02
6.550339999999336214e+03 4.841171503067016602e-01 2.023611217737197876e-02
6.551819999999335778e+03 4.715121388435363770e-01 2.052448503673076630e-02
6.553299999999335341e+03 5.104695558547973633e-01 2.093714103102684021e-02
6.554779999999334905e+03 5.064034461975097656e-01 2.046839892864227295e-02
6.556259999999334468e+03 5.068392157554626465e-01 2.013084664940834045e-02
6.557739999999334032e+03 5.205875635147094727e-01 2.021533623337745667e-02
6.559219999999333595e+03 5.267847776412963867e-01 2.004877477884292603e-02
6.560699999999333158e+03 5.052849054336547852e-01 1.946286670863628387e-02
6.562179999999332722e+03 4.788504838943481445e-01 1.871451735496520996e-02
6.563659999999332285e+03 4.991414248943328857e-01 1.933023706078529358e-02
6.565139999999331849e+03 4.743369817733764648e-01 1.957401633262634277e-02
6.566619999999331412e+03 4.965893924236297607e-01 2.005000226199626923e-02
6.568099999999330976e+03 4.991744160652160645e-01 2.019292116165161133e-02
6.569579999999330539e+03 4.662970006465911865e-01 1.979245431721210480e-02
6.571059999999330103e+03 4.713670611381530762e-01 1.977049373090267181e-02
6.572539999999329666e+03 4.970079660415649414e-01 2.014025859534740448e-02
6.574019999999329229e+03 4.947460889816284180e-01 2.024823985993862152e-02
6.575499999999328793e+03 5.218251347541809082e-01 2.087713591754436493e-02
6.576979999999328356e+03 5.081026554107666016e-01 2.080711163580417633e-02
6.578459999999327920e+03 5.038641691207885742e-01 2.058225870132446289e-02
6.579939999999327483e+03 5.222487449645996094e-01 2.057119458913803101e-02
6.581419999999327047e+03 4.973579347133636475e-01 2.017154730856418610e-02
6.582899999999326610e+03 4.973764419555664062e-01 2.017704769968986511e-02
6.584379999999326174e+03 5.136947631835937500e-01 2.043843083083629608e-02
6.585859999999325737e+03 4.708204567432403564e-01 1.988228783011436462e-02
6.587339999999325300e+03 4.498498141765594482e-01 1.963376253843307495e-02
6.588819999999324864e+03 4.986506700515747070e-01 2.027665637433528900e-02
6.590299999999324427e+03 4.933522343635559082e-01 2.012581005692481995e-02
6.591779999999323991e+03 4.728620648384094238e-01 1.970455795526504517e-02
6.593259999999323554e+03 5.147910714149475098e-01 2.033471129834651947e-02
6.594739999999323118e+03 5.295714139938354492e-01 2.064993605017662048e-02
6.596219999999322681e+03 5.253434181213378906e-01 2.058802172541618347e-02
6.597699999999322245e+03 5.173941254615783691e-01 2.039343491196632385e-02
6.599179999999321808e+03 5.247257947921752930e-01 2.054181322455406189e-02
6.600659999999321371e+03 5.023785233497619629e-01 2.030201442539691925e-02
6.602139999999320935e+03 4.939742386341094971e-01 2.040134370326995850e-02
6.603619999999320498e+03 4.805534183979034424e-01 2.011980675160884857e-02
6.605099999999320062e+03 4.912977814674377441e-01 2.020999416708946228e-02
6.606579999999319625e+03 4.912334084510803223e-01 2.003395371139049530e-02
6.608059999999319189e+03 4.968709349632263184e-01 2.009629644453525543e-02
6.609539999999318752e+03 4.551122188568115234e-01 1.963881216943264008e-02
6.611019999999318316e+03 4.996374249458312988e-01 2.018822543323040009e-02
6.612499999999317879e+03 5.182069540023803711e-01 2.034504897892475128e-02
6.613979999999317442e+03 4.985474944114685059e-01 2.017674222588539124e-02
6.615459999999317006e+03 4.542674422264099121e-01 1.962781697511672974e-02
6.616939999999316569e+03 4.685944020748138428e-01 1.971799135208129883e-02
6.618419999999316133e+03 5.274170637130737305e-01 2.053701318800449371e-02
6.619899999999315696e+03 5.109776258468627930e-01 2.037533372640609741e-02
6.621379999999315260e+03 5.200611948966979980e-01 2.041393704712390900e-02
6.622859999999314823e+03 5.269321203231811523e-01 2.047129161655902863e-02
6.624339999999314387e+03 4.851112961769104004e-01 1.994303800165653229e-02
6.625819999999313950e+03 4.981998205184936523e-01 2.019187062978744507e-02
6.627299999999313513e+03 5.137016773223876953e-01 2.036156691610813141e-02
6.628779999999313077e+03 4.980099201202392578e-01 2.014957927167415619e-02
6.630259999999312640e+03 4.981126785278320312e-01 2.014080062508583069e-02
6.631739999999312204e+03 5.239434242248535156e-01 2.038453333079814911e-02
6.633219999999311767e+03 5.015215873718261719e-01 2.010460942983627319e-02
6.634699999999311331e+03 5.160065889358520508e-01 2.027599327266216278e-02
6.636179999999310894e+03 5.079830884933471680e-01 2.024021930992603302e-02
6.637659999999310457e+03 4.733871221542358398e-01 1.982913725078105927e-02
6.639139999999310021e+03 4.987902045249938965e-01 2.012079022824764252e-02
6.640619999999309584e+03 5.037772655487060547e-01 2.013543993234634399e-02
6.642099999999309148e+03 4.884366393089294434e-01 1.991140283644199371e-02
6.643579999999308711e+03 4.921307563781738281e-01 1.993978768587112427e-02
6.645059999999308275e+03 4.900708198547363281e-01 1.996360346674919128e-02
6.646539999999307838e+03 4.864903092384338379e-01 1.992649585008621216e-02
6.648019999999307402e+03 4.626315236091613770e-01 1.965939812362194061e-02
6.649499999999306965e+03 4.241420626640319824e-01 1.915638707578182220e-02
6.650979999999306528e+03 4.434952437877655029e-01 1.938836462795734406e-02
6.652459999999306092e+03 4.810317754745483398e-01 1.984007284045219421e-02
6.653939999999305655e+03 4.684941172599792480e-01 1.965312846004962921e-02
6.655419999999305219e+03 4.629025459289550781e-01 1.963112317025661469e-02
6.656899999999304782e+03 4.895287156105041504e-01 2.002203091979026794e-02
6.658379999999304346e+03 4.913194477558135986e-01 2.001453749835491180e-02
6.659859999999303909e+03 4.994019269943237305e-01 1.997699961066246033e-02
6.661339999999303473e+03 5.043984651565551758e-01 2.009752020239830017e-02
6.662819999999303036e+03 4.873838722705841064e-01 1.985150575637817383e-02
6.664299999999302599e+03 4.995368719100952148e-01 1.994245685636997223e-02
6.665779999999302163e+03 4.813726544380187988e-01 1.985327899456024170e-02
6.667259999999301726e+03 4.624871611595153809e-01 1.955057121813297272e-02
6.668739999999301290e+03 5.105239748954772949e-01 2.023390308022499084e-02
6.670219999999300853e+03 4.957759976387023926e-01 1.991493999958038330e-02
6.671699999999300417e+03 4.779923558235168457e-01 1.975124515593051910e-02
6.673179999999299980e+03 4.689775705337524414e-01 1.969639956951141357e-02
6.674659999999299544e+03 4.961246848106384277e-01 1.989955641329288483e-02
6.676139999999299107e+03 5.256768465042114258e-01 2.020273916423320770e-02
6.677619999999298670e+03 5.146369338035583496e-01 2.012134529650211334e-02
6.679099999999298234e+03 4.865136742591857910e-01 1.976349577307701111e-02
6.680579999999297797e+03 5.139223933219909668e-01 2.011190913617610931e-02
6.682059999999297361e+03 5.107190608978271484e-01 2.005256898701190948e-02
6.683539999999296924e+03 5.032383203506469727e-01 2.003813907504081726e-02
6.685019999999296488e+03 5.097617506980895996e-01 2.018008008599281311e-02
6.686499999999296051e+03 4.835863411426544189e-01 1.973551511764526367e-02
6.687979999999295615e+03 5.123894810676574707e-01 2.010855823755264282e-02
6.689459999999295178e+03 5.181256532669067383e-01 2.026295661926269531e-02
6.690939999999294741e+03 4.949419498443603516e-01 1.999318413436412811e-02
6.692419999999294305e+03 4.777146279811859131e-01 1.971516944468021393e-02
6.693899999999293868e+03 4.916365444660186768e-01 1.985280960798263550e-02
6.695379999999293432e+03 5.104737877845764160e-01 1.996953040361404419e-02
6.696859999999292995e+03 5.173263549804687500e-01 2.012387663125991821e-02
6.698339999999292559e+03 4.977026581764221191e-01 1.991033554077148438e-02
6.699819999999292122e+03 5.306451320648193359e-01 2.029361575841903687e-02
6.701299999999291686e+03 6.286067962646484375e-01 2.160783670842647552e-02
6.702779999999291249e+03 9.022681117057800293e-01 2.431574836373329163e-02
6.704259999999290812e+03 9.381623268127441406e-01 2.462384663522243500e-02
6.705739999999290376e+03 6.940571069717407227e-01 2.212744578719139099e-02
6.707219999999289939e+03 5.079542994499206543e-01 2.010202594101428986e-02
6.708699999999289503e+03 4.762557744979858398e-01 1.966846734285354614e-02
6.710179999999289066e+03 4.734480977058410645e-01 1.949838176369667053e-02
6.711659999999288630e+03 4.926497340202331543e-01 1.970428228378295898e-02
6.713139999999288193e+03 5.114862322807312012e-01 1.992059685289859772e-02
6.714619999999287757e+03 5.522216558456420898e-01 2.041328139603137970e-02
6.716099999999287320e+03 1.321044802665710449e+00 2.811254002153873444e-02
6.717579999999286883e+03 3.168509960174560547e+00 4.134861379861831665e-02
6.719059999999286447e+03 3.802622795104980469e+00 4.506004229187965393e-02
6.720539999999286010e+03 2.040952682495117188e+00 3.389401361346244812e-02
6.722019999999285574e+03 6.968341469764709473e-01 2.205483801662921906e-02
6.723499999999285137e+03 5.664666891098022461e-01 2.061293087899684906e-02
6.724979999999284701e+03 4.895769655704498291e-01 1.972986757755279541e-02
6.726459999999284264e+03 4.805021882057189941e-01 1.961243525147438049e-02
6.727939999999283827e+03 4.560601115226745605e-01 1.923120580613613129e-02
6.729419999999283391e+03 4.527697563171386719e-01 1.930544897913932800e-02
6.730899999999282954e+03 4.816789627075195312e-01 1.958840526640415192e-02
6.732379999999282518e+03 4.819917082786560059e-01 1.958683691918849945e-02
6.733859999999282081e+03 5.043128132820129395e-01 1.988552697002887726e-02
6.735339999999281645e+03 5.107843279838562012e-01 1.992728002369403839e-02
6.736819999999281208e+03 6.695163249969482422e-01 2.177100814878940582e-02
6.738299999999280772e+03 1.395523309707641602e+00 2.897291257977485657e-02
6.739779999999280335e+03 2.011548519134521484e+00 3.346826881170272827e-02
6.741259999999279898e+03 1.519889116287231445e+00 2.972376719117164612e-02
6.742739999999279462e+03 6.730436086654663086e-01 2.182058431208133698e-02
6.744219999999279025e+03 5.093126893043518066e-01 1.987024769186973572e-02
6.745699999999278589e+03 4.973884820938110352e-01 1.971303485333919525e-02
6.747179999999278152e+03 5.015298128128051758e-01 1.974592916667461395e-02
6.748659999999277716e+03 4.715734422206878662e-01 1.945913396775722504e-02
6.750139999999277279e+03 4.682765007019042969e-01 1.938124559819698334e-02
6.751619999999276843e+03 4.968765377998352051e-01 1.966710202395915985e-02
6.753099999999276406e+03 4.859381914138793945e-01 1.955438405275344849e-02
6.754579999999275969e+03 4.947521090507507324e-01 1.973514631390571594e-02
6.756059999999275533e+03 4.937587082386016846e-01 1.964615285396575928e-02
6.757539999999275096e+03 4.836218953132629395e-01 1.961696706712245941e-02
6.759019999999274660e+03 4.734550714492797852e-01 1.939618587493896484e-02
6.760499999999274223e+03 4.864259958267211914e-01 1.959126256406307220e-02
6.761979999999273787e+03 4.771800041198730469e-01 1.942726410925388336e-02
6.763459999999273350e+03 4.712184071540832520e-01 1.938257925212383270e-02
6.764939999999272914e+03 4.864470362663269043e-01 1.949602551758289337e-02
6.766419999999272477e+03 5.088129639625549316e-01 1.977427303791046143e-02
6.767899999999272040e+03 5.148913264274597168e-01 1.987591385841369629e-02
6.769379999999271604e+03 4.687683284282684326e-01 1.935202442109584808e-02
6.770859999999271167e+03 4.766755700111389160e-01 1.936751976609230042e-02
6.772339999999270731e+03 5.281447768211364746e-01 2.003831602632999420e-02
6.773819999999270294e+03 5.488409996032714844e-01 2.032169513404369354e-02
6.775299999999269858e+03 5.172936916351318359e-01 1.987921819090843201e-02
6.776779999999269421e+03 4.756587147712707520e-01 1.935747452080249786e-02
6.778259999999268985e+03 4.905941784381866455e-01 1.960196904838085175e-02
6.779739999999268548e+03 4.989519119262695312e-01 1.974646374583244324e-02
6.781219999999268111e+03 4.900996088981628418e-01 1.956534758210182190e-02
6.782699999999267675e+03 4.863575696945190430e-01 1.948013901710510254e-02
6.784179999999267238e+03 4.903436303138732910e-01 1.954098790884017944e-02
6.785659999999266802e+03 5.077127814292907715e-01 1.979982294142246246e-02
6.787139999999266365e+03 5.084371566772460938e-01 1.979246921837329865e-02
6.788619999999265929e+03 4.687400162220001221e-01 1.925324089825153351e-02
6.790099999999265492e+03 4.729035198688507080e-01 1.935177855193614960e-02
6.791579999999265056e+03 5.038763880729675293e-01 1.974985376000404358e-02
6.793059999999264619e+03 5.174582600593566895e-01 1.992947235703468323e-02
6.794539999999264182e+03 4.966109395027160645e-01 1.954666897654533386e-02
6.796019999999263746e+03 5.012356042861938477e-01 1.962307468056678772e-02
6.797499999999263309e+03 5.189467668533325195e-01 1.994706131517887115e-02
6.798979999999262873e+03 5.269163846969604492e-01 1.998163014650344849e-02
6.800459999999262436e+03 4.936276972293853760e-01 1.953112892806529999e-02
6.801939999999262000e+03 4.833005070686340332e-01 1.939026080071926117e-02
6.803419999999261563e+03 4.894006252288818359e-01 1.949729584157466888e-02
6.804899999999261127e+03 4.820626378059387207e-01 1.943358592689037323e-02
6.806379999999260690e+03 4.927763342857360840e-01 1.951899938285350800e-02
6.807859999999260253e+03 5.040162801742553711e-01 1.961866766214370728e-02
6.809339999999259817e+03 4.945314526557922363e-01 1.948913931846618652e-02
6.810819999999259380e+03 4.759129881858825684e-01 1.934617012739181519e-02
6.812299999999258944e+03 4.926828742027282715e-01 1.956605352461338043e-02
6.813779999999258507e+03 4.778894186019897461e-01 1.932632550597190857e-02
6.815259999999258071e+03 4.771044850349426270e-01 1.941205561161041260e-02
6.816739999999257634e+03 4.836205244064331055e-01 1.935005746781826019e-02
6.818219999999257197e+03 4.736875295639038086e-01 1.919281296432018280e-02
6.819699999999256761e+03 4.534474611282348633e-01 1.896362937986850739e-02
6.821179999999256324e+03 4.668560624122619629e-01 1.919953711330890656e-02
6.822659999999255888e+03 5.125279426574707031e-01 1.970523968338966370e-02
6.824139999999255451e+03 5.027753114700317383e-01 1.976509764790534973e-02
6.825619999999255015e+03 4.668935537338256836e-01 1.954036578536033630e-02
6.827099999999254578e+03 4.694888591766357422e-01 1.999003998935222626e-02
6.828579999999254142e+03 4.811056852340698242e-01 2.025192603468894958e-02
6.830059999999253705e+03 5.031219124794006348e-01 2.016544528305530548e-02
6.831539999999253268e+03 4.895898699760437012e-01 2.004631422460079193e-02
6.833019999999252832e+03 4.765692055225372314e-01 2.014880999922752380e-02
6.834499999999252395e+03 4.814325571060180664e-01 1.987276971340179443e-02
6.835979999999251959e+03 4.936625063419342041e-01 1.950629800558090210e-02
6.837459999999251522e+03 5.128659009933471680e-01 1.968172937631607056e-02
6.838939999999251086e+03 4.976081252098083496e-01 1.957288943231105804e-02
6.840419999999250649e+03 5.046053528785705566e-01 1.962266303598880768e-02
6.841899999999250213e+03 4.990952610969543457e-01 1.953173987567424774e-02
6.843379999999249776e+03 4.880485832691192627e-01 1.932731643319129944e-02
6.844859999999249339e+03 5.262439250946044922e-01 1.991077326238155365e-02
6.846339999999248903e+03 5.025804042816162109e-01 1.947642490267753601e-02
6.847819999999248466e+03 4.805946350097656250e-01 1.923962682485580444e-02
6.849299999999248030e+03 4.625461995601654053e-01 1.912526972591876984e-02
6.850779999999247593e+03 5.015358924865722656e-01 1.958823576569557190e-02
6.852259999999247157e+03 4.982571005821228027e-01 1.943662948906421661e-02
6.853739999999246720e+03 4.887400269508361816e-01 1.924925670027732849e-02
6.855219999999246284e+03 4.988828897476196289e-01 1.941979676485061646e-02
6.856699999999245847e+03 5.234482288360595703e-01 1.973045244812965393e-02
6.858179999999245410e+03 5.080175399780273438e-01 1.951707713305950165e-02
6.859659999999244974e+03 4.805431962013244629e-01 1.940896920859813690e-02
6.861139999999244537e+03 4.809119105339050293e-01 2.026346325874328613e-02
6.862619999999244101e+03 5.191182494163513184e-01 2.125593833625316620e-02
6.864099999999243664e+03 5.179564952850341797e-01 2.070818468928337097e-02
6.865579999999243228e+03 4.142476916313171387e-01 1.798236742615699768e-02
6.867059999999242791e+03 3.323348462581634521e-01 1.613507233560085297e-02
6.868539999999242355e+03 3.239629864692687988e-01 1.596613228321075439e-02
6.870019999999241918e+03 3.523288965225219727e-01 1.657156832516193390e-02
6.871499999999241481e+03 3.847767710685729980e-01 1.709501631557941437e-02
6.872979999999241045e+03 4.753563404083251953e-01 1.828712411224842072e-02
6.874459999999240608e+03 7.427900433540344238e-01 2.164875157177448273e-02
6.875939999999240172e+03 9.010230898857116699e-01 2.323392219841480255e-02
6.877419999999239735e+03 7.057859897613525391e-01 2.147276327013969421e-02
6.878899999999239299e+03 5.007430911064147949e-01 1.927745342254638672e-02
6.880379999999238862e+03 4.867287874221801758e-01 1.919944398105144501e-02
6.881859999999238426e+03 4.912731051445007324e-01 1.912717707455158234e-02
6.883339999999237989e+03 4.651209712028503418e-01 1.869249530136585236e-02
6.884819999999237552e+03 4.111012816429138184e-01 1.790181919932365417e-02
6.886299999999237116e+03 4.144386351108551025e-01 1.797495037317276001e-02
6.887779999999236679e+03 5.465648174285888672e-01 1.983544602990150452e-02
6.889259999999236243e+03 8.197640180587768555e-01 2.282390557229518890e-02
6.890739999999235806e+03 8.953452110290527344e-01 2.345480211079120636e-02
6.892219999999235370e+03 6.591455340385437012e-01 2.086560800671577454e-02
6.893699999999234933e+03 5.014336705207824707e-01 1.901583932340145111e-02
6.895179999999234496e+03 4.520382881164550781e-01 1.833290047943592072e-02
6.896659999999234060e+03 4.274184107780456543e-01 1.815307885408401489e-02
6.898139999999233623e+03 4.432060122489929199e-01 1.864780858159065247e-02
6.899619999999233187e+03 4.252724647521972656e-01 1.844785176217556000e-02
6.901099999999232750e+03 4.335588216781616211e-01 1.847776025533676147e-02
6.902579999999232314e+03 4.737381935119628906e-01 1.874946244060993195e-02
6.904059999999231877e+03 4.352743029594421387e-01 1.824777014553546906e-02
6.905539999999231441e+03 4.487703442573547363e-01 1.847010850906372070e-02
6.907019999999231004e+03 4.322959184646606445e-01 1.829095929861068726e-02
6.908499999999230567e+03 4.428580999374389648e-01 1.851664111018180847e-02
6.909979999999230131e+03 4.601755142211914062e-01 1.904515549540519714e-02
6.911459999999229694e+03 4.510571062564849854e-01 1.907541416585445404e-02
6.912939999999229258e+03 4.511706829071044922e-01 1.882379502058029175e-02
6.914419999999228821e+03 4.540873169898986816e-01 1.866781897842884064e-02
6.915899999999228385e+03 4.714251756668090820e-01 1.877652294933795929e-02
6.917379999999227948e+03 4.796943366527557373e-01 1.880155131220817566e-02
6.918859999999227512e+03 4.694004058837890625e-01 1.893840171396732330e-02
6.920339999999227075e+03 4.673891961574554443e-01 1.949416100978851318e-02
6.921819999999226638e+03 4.510822594165802002e-01 1.961594820022583008e-02
6.923299999999226202e+03 4.646822214126586914e-01 1.937253214418888092e-02
6.924779999999225765e+03 4.900767803192138672e-01 1.923209801316261292e-02
6.926259999999225329e+03 4.782307744026184082e-01 1.896903105080127716e-02
6.927739999999224892e+03 4.782117903232574463e-01 1.893937774002552032e-02
6.929219999999224456e+03 4.865518510341644287e-01 1.901073753833770752e-02
6.930699999999224019e+03 4.592769145965576172e-01 1.873587444424629211e-02
6.932179999999223583e+03 4.791291058063507080e-01 1.888622529804706573e-02
6.933659999999223146e+03 4.525928795337677002e-01 1.865908131003379822e-02
6.935139999999222709e+03 4.535573720932006836e-01 1.868971437215805054e-02
6.936619999999222273e+03 5.035989284515380859e-01 1.955899782478809357e-02
6.938099999999221836e+03 4.760444760322570801e-01 1.939080283045768738e-02
6.939579999999221400e+03 4.546517729759216309e-01 1.896096579730510712e-02
6.941059999999220963e+03 4.958878159523010254e-01 1.927600800991058350e-02
6.942539999999220527e+03 5.001089572906494141e-01 1.920545846223831177e-02
6.944019999999220090e+03 4.581050276756286621e-01 1.861758530139923096e-02
6.945499999999219654e+03 4.482140541076660156e-01 1.888601481914520264e-02
6.946979999999219217e+03 4.632641077041625977e-01 1.967688649892807007e-02
6.948459999999218780e+03 4.821621775627136230e-01 1.985823735594749451e-02
6.949939999999218344e+03 4.961773157119750977e-01 1.956835947930812836e-02
6.951419999999217907e+03 4.602576196193695068e-01 1.884931139647960663e-02
6.952899999999217471e+03 4.517425894737243652e-01 1.855921186506748199e-02
6.954379999999217034e+03 4.677914083003997803e-01 1.875916309654712677e-02
6.955859999999216598e+03 4.832723140716552734e-01 1.898117735981941223e-02
6.957339999999216161e+03 4.827815890312194824e-01 1.903121918439865112e-02
6.958819999999215725e+03 4.810084402561187744e-01 1.895868964493274689e-02
6.960299999999215288e+03 4.964764118194580078e-01 1.914473809301853180e-02
6.961779999999214851e+03 4.752257764339447021e-01 1.895763911306858063e-02
6.963259999999214415e+03 4.712321460247039795e-01 1.887659169733524323e-02
6.964739999999213978e+03 4.429615139961242676e-01 1.851361431181430817e-02
6.966219999999213542e+03 4.671265482902526855e-01 1.891500316560268402e-02
6.967699999999213105e+03 4.735601842403411865e-01 1.907455734908580780e-02
6.969179999999212669e+03 4.767554402351379395e-01 1.913169585168361664e-02
6.970659999999212232e+03 4.933866560459136963e-01 1.921960525214672089e-02
6.972139999999211796e+03 4.831551909446716309e-01 1.902125775814056396e-02
6.973619999999211359e+03 4.682890176773071289e-01 1.875118725001811981e-02
6.975099999999210922e+03 4.614038467407226562e-01 1.888215355575084686e-02
6.976579999999210486e+03 4.980870485305786133e-01 1.964133232831954956e-02
6.978059999999210049e+03 4.818680584430694580e-01 1.929892227053642273e-02
6.979539999999209613e+03 4.808891713619232178e-01 1.907644420862197876e-02
6.981019999999209176e+03 4.840502738952636719e-01 1.896597445011138916e-02
6.982499999999208740e+03 4.654756188392639160e-01 1.870940253138542175e-02
6.983979999999208303e+03 4.727125763893127441e-01 1.886684074997901917e-02
6.985459999999207866e+03 4.831249713897705078e-01 1.889497227966785431e-02
6.986939999999207430e+03 4.894663989543914795e-01 1.895656995475292206e-02
6.988419999999206993e+03 4.706104993820190430e-01 1.879673637449741364e-02
6.989899999999206557e+03 4.701664745807647705e-01 1.875963434576988220e-02
6.991379999999206120e+03 4.962684810161590576e-01 1.905578561127185822e-02
6.992859999999205684e+03 4.901584386825561523e-01 1.906284317374229431e-02
6.994339999999205247e+03 4.709161520004272461e-01 1.877735741436481476e-02
6.995819999999204811e+03 4.754254221916198730e-01 1.876826025545597076e-02
6.997299999999204374e+03 4.905279874801635742e-01 1.893335022032260895e-02
6.998779999999203937e+03 4.752957820892333984e-01 1.871868222951889038e-02
7.000259999999203501e+03 4.529834985733032227e-01 1.852680929005146027e-02
7.001739999999203064e+03 4.697788357734680176e-01 1.884184777736663818e-02
7.003219999999202628e+03 4.551922380924224854e-01 1.861503720283508301e-02
7.004699999999202191e+03 4.619955420494079590e-01 1.857869699597358704e-02
7.006179999999201755e+03 4.619936347007751465e-01 1.852419041097164154e-02
7.007659999999201318e+03 4.998703598976135254e-01 1.915081776678562164e-02
7.009139999999200882e+03 4.946422576904296875e-01 1.922183111310005188e-02
7.010619999999200445e+03 4.970923066139221191e-01 1.930479519069194794e-02
7.012099999999200008e+03 4.608003497123718262e-01 1.862954348325729370e-02
7.013579999999199572e+03 4.645428061485290527e-01 1.861251331865787506e-02
7.015059999999199135e+03 4.813434481620788574e-01 1.870986074209213257e-02
7.016539999999198699e+03 4.593213200569152832e-01 1.843782514333724976e-02
7.018019999999198262e+03 4.762386083602905273e-01 1.878930628299713135e-02
7.019499999999197826e+03 4.606789946556091309e-01 1.857683993875980377e-02
7.020979999999197389e+03 4.363354444503784180e-01 1.818529516458511353e-02
7.022459999999196953e+03 4.527105987071990967e-01 1.832372695207595825e-02
7.023939999999196516e+03 4.769729375839233398e-01 1.867486163973808289e-02
7.025419999999196079e+03 4.739004373550415039e-01 1.867959275841712952e-02
7.026899999999195643e+03 4.455162584781646729e-01 1.834856159985065460e-02
7.028379999999195206e+03 4.907064437866210938e-01 1.891299895942211151e-02
7.029859999999194770e+03 5.292859673500061035e-01 1.943993382155895233e-02
7.031339999999194333e+03 5.108318924903869629e-01 1.918147131800651550e-02
7.032819999999193897e+03 4.850751757621765137e-01 1.885209791362285614e-02
7.034299999999193460e+03 4.601029157638549805e-01 1.846912689507007599e-02
7.035779999999193024e+03 4.608302414417266846e-01 1.846406608819961548e-02
7.037259999999192587e+03 4.410036206245422363e-01 1.821368187665939331e-02
7.038739999999192150e+03 4.709839820861816406e-01 1.870151795446872711e-02
7.040219999999191714e+03 4.739156365394592285e-01 1.882335543632507324e-02
7.041699999999191277e+03 4.764480590820312500e-01 1.888273470103740692e-02
7.043179999999190841e+03 4.749087989330291748e-01 1.881585270166397095e-02
7.044659999999190404e+03 4.683187007904052734e-01 1.871130056679248810e-02
7.046139999999189968e+03 4.691613316535949707e-01 1.883138343691825867e-02
7.047619999999189531e+03 4.670492410659790039e-01 1.891820691525936127e-02
7.049099999999189095e+03 4.702654182910919189e-01 1.882896013557910919e-02
7.050579999999188658e+03 4.803892374038696289e-01 1.878224499523639679e-02
7.052059999999188221e+03 4.751037955284118652e-01 1.876339130103588104e-02
7.053539999999187785e+03 4.699364900588989258e-01 1.866624876856803894e-02
7.055019999999187348e+03 4.915813803672790527e-01 1.890074275434017181e-02
7.056499999999186912e+03 5.170933008193969727e-01 1.927400380373001099e-02
7.057979999999186475e+03 4.693046510219573975e-01 1.863311231136322021e-02
7.059459999999186039e+03 4.938281476497650146e-01 1.896484196186065674e-02
7.060939999999185602e+03 4.982897043228149414e-01 1.891283504664897919e-02
7.062419999999185166e+03 4.705210328102111816e-01 1.862800121307373047e-02
7.063899999999184729e+03 4.804247915744781494e-01 1.879553869366645813e-02
7.065379999999184292e+03 4.746364951133728027e-01 1.872144080698490143e-02
7.066859999999183856e+03 4.883620440959930420e-01 1.883327402174472809e-02
7.068339999999183419e+03 4.894687533378601074e-01 1.882275380194187164e-02
7.069819999999182983e+03 4.680622220039367676e-01 1.858865283429622650e-02
7.071299999999182546e+03 4.597942829132080078e-01 1.850976981222629547e-02
7.072779999999182110e+03 4.563530087471008301e-01 1.842813007533550262e-02
7.074259999999181673e+03 4.756316840648651123e-01 1.866098865866661072e-02
7.075739999999181236e+03 4.924567937850952148e-01 1.894222013652324677e-02
7.077219999999180800e+03 4.795523285865783691e-01 1.879083178937435150e-02
7.078699999999180363e+03 4.686714410781860352e-01 1.863390766084194183e-02
7.080179999999179927e+03 4.694052338600158691e-01 1.864570938050746918e-02
7.081659999999179490e+03 4.712765812873840332e-01 1.865983940660953522e-02
7.083139999999179054e+03 4.731126427650451660e-01 1.856927573680877686e-02
7.084619999999178617e+03 4.902770519256591797e-01 1.881761848926544189e-02
7.086099999999178181e+03 4.849103093147277832e-01 1.875420100986957550e-02
7.087579999999177744e+03 4.527034759521484375e-01 1.830176264047622681e-02
7.089059999999177307e+03 4.469656050205230713e-01 1.823836006224155426e-02
7.090539999999176871e+03 4.741012454032897949e-01 1.849920302629470825e-02
7.092019999999176434e+03 4.429612755775451660e-01 1.814410462975502014e-02
7.093499999999175998e+03 4.372243583202362061e-01 1.813099905848503113e-02
7.094979999999175561e+03 4.657289385795593262e-01 1.838063448667526245e-02
7.096459999999175125e+03 4.698941707611083984e-01 1.844093203544616699e-02
