4.300739999999999782e+03 -4.000000000000000000e+00 2.000000000000000000e+00
4.302219999999999345e+03 -4.000000000000000000e+00 2.000000000000000000e+00
4.303699999999998909e+03 -4.000000000000000000e+00 2.000000000000000000e+00
4.305179999999998472e+03 -4.000000000000000000e+00 2.000000000000000000e+00
4.306659999999998035e+03 -4.000000000000000000e+00 2.000000000000000000e+00
4.308139999999997599e+03 -4.000000000000000000e+00 2.000000000000000000e+00
4.309619999999997162e+03 -4.000000000000000000e+00 2.000000000000000000e+00
4.311099999999996726e+03 -4.000000000000000000e+00 2.000000000000000000e+00
4.312579999999996289e+03 -4.000000000000000000e+00 2.000000000000000000e+00
4.314059999999995853e+03 -4.000000000000000000e+00 2.000000000000000000e+00
4.315539999999995416e+03 -4.000000000000000000e+00 2.000000000000000000e+00
4.317019999999994980e+03 -4.000000000000000000e+00 2.000000000000000000e+00
4.318499999999994543e+03 -4.000000000000000000e+00 2.000000000000000000e+00
4.319979999999994106e+03 -4.000000000000000000e+00 2.000000000000000000e+00
4.321459999999993670e+03 -4.000000000000000000e+00 2.000000000000000000e+00
4.322939999999993233e+03 -4.000000000000000000e+00 2.000000000000000000e+00
4.324419999999992797e+03 -4.000000000000000000e+00 2.000000000000000000e+00
4.325899999999992360e+03 -4.000000000000000000e+00 2.000000000000000000e+00
4.327379999999991924e+03 -4.000000000000000000e+00 2.000000000000000000e+00
4.328859999999991487e+03 -4.000000000000000000e+00 2.000000000000000000e+00
4.330339999999991051e+03 -4.000000000000000000e+00 2.000000000000000000e+00
4.331819999999990614e+03 -4.000000000000000000e+00 2.000000000000000000e+00
4.333299999999990177e+03 -4.000000000000000000e+00 2.000000000000000000e+00
4.334779999999989741e+03 -4.000000000000000000e+00 2.000000000000000000e+00
4.336259999999989304e+03 -4.000000000000000000e+00 2.000000000000000000e+00
4.337739999999988868e+03 -4.000000000000000000e+00 2.000000000000000000e+00
4.339219999999988431e+03 -4.000000000000000000e+00 2.000000000000000000e+00
4.340699999999987995e+03 -4.000000000000000000e+00 2.000000000000000000e+00
4.342179999999987558e+03 -4.000000000000000000e+00 2.000000000000000000e+00
4.343659999999987122e+03 -4.000000000000000000e+00 2.000000000000000000e+00
4.345139999999986685e+03 -4.000000000000000000e+00 2.000000000000000000e+00
4.346619999999986248e+03 -4.000000000000000000e+00 2.000000000000000000e+00
4.348099999999985812e+03 -4.000000000000000000e+00 2.000000000000000000e+00
4.349579999999985375e+03 -4.000000000000000000e+00 2.000000000000000000e+00
4.351059999999984939e+03 -4.000000000000000000e+00 2.000000000000000000e+00
4.352539999999984502e+03 -4.000000000000000000e+00 2.000000000000000000e+00
4.354019999999984066e+03 -4.000000000000000000e+00 2.000000000000000000e+00
4.355499999999983629e+03 -4.000000000000000000e+00 2.000000000000000000e+00
4.356979999999983193e+03 -4.000000000000000000e+00 2.000000000000000000e+00
4.358459999999982756e+03 -4.000000000000000000e+00 2.000000000000000000e+00
4.359939999999982319e+03 -4.000000000000000000e+00 2.000000000000000000e+00
4.361419999999981883e+03 -4.000000000000000000e+00 2.000000000000000000e+00
4.362899999999981446e+03 -4.000000000000000000e+00 2.000000000000000000e+00
4.364379999999981010e+03 -4.000000000000000000e+00 2.000000000000000000e+00
4.365859999999980573e+03 -4.000000000000000000e+00 2.000000000000000000e+00
4.367339999999980137e+03 -4.000000000000000000e+00 2.000000000000000000e+00
4.368819999999979700e+03 -4.000000000000000000e+00 2.000000000000000000e+00
4.370299999999979264e+03 -4.000000000000000000e+00 2.000000000000000000e+00
4.371779999999978827e+03 -4.000000000000000000e+00 2.000000000000000000e+00
4.373259999999978390e+03 -4.000000000000000000e+00 2.000000000000000000e+00
4.374739999999977954e+03 -4.000000000000000000e+00 2.000000000000000000e+00
4.376219999999977517e+03 -4.000000000000000000e+00 2.000000000000000000e+00
4.377699999999977081e+03 -4.000000000000000000e+00 2.000000000000000000e+00
4.379179999999976644e+03 -4.000000000000000000e+00 2.000000000000000000e+00
4.380659999999976208e+03 -4.000000000000000000e+00 2.000000000000000000e+00
4.382139999999975771e+03 -4.000000000000000000e+00 2.000000000000000000e+00
4.383619999999975335e+03 -4.000000000000000000e+00 2.000000000000000000e+00
4.385099999999974898e+03 -4.000000000000000000e+00 2.000000000000000000e+00
4.386579999999974461e+03 -4.000000000000000000e+00 2.000000000000000000e+00
4.388059999999974025e+03 -4.000000000000000000e+00 2.000000000000000000e+00
4.389539999999973588e+03 -4.000000000000000000e+00 2.000000000000000000e+00
4.391019999999973152e+03 -4.000000000000000000e+00 2.000000000000000000e+00
4.392499999999972715e+03 -4.000000000000000000e+00 2.000000000000000000e+00
4.393979999999972279e+03 -4.000000000000000000e+00 2.000000000000000000e+00
4.395459999999971842e+03 -4.000000000000000000e+00 2.000000000000000000e+00
4.396939999999971405e+03 -4.000000000000000000e+00 2.000000000000000000e+00
4.398419999999970969e+03 -4.000000000000000000e+00 2.000000000000000000e+00
4.399899999999970532e+03 -4.000000000000000000e+00 2.000000000000000000e+00
4.401379999999970096e+03 -4.000000000000000000e+00 2.000000000000000000e+00
4.402859999999969659e+03 -4.000000000000000000e+00 2.000000000000000000e+00
4.404339999999969223e+03 -4.000000000000000000e+00 2.000000000000000000e+00
4.405819999999968786e+03 -4.000000000000000000e+00 2.000000000000000000e+00
4.407299999999968350e+03 -4.000000000000000000e+00 2.000000000000000000e+00
4.408779999999967913e+03 -4.000000000000000000e+00 2.000000000000000000e+00
4.410259999999967476e+03 -4.000000000000000000e+00 2.000000000000000000e+00
4.411739999999967040e+03 -4.000000000000000000e+00 2.000000000000000000e+00
4.413219999999966603e+03 -4.000000000000000000e+00 2.000000000000000000e+00
4.414699999999966167e+03 -4.000000000000000000e+00 2.000000000000000000e+00
4.416179999999965730e+03 -4.000000000000000000e+00 2.000000000000000000e+00
4.417659999999965294e+03 -4.000000000000000000e+00 2.000000000000000000e+00
4.419139999999964857e+03 -4.000000000000000000e+00 2.000000000000000000e+00
4.420619999999964421e+03 -4.000000000000000000e+00 2.000000000000000000e+00
4.422099999999963984e+03 -4.000000000000000000e+00 2.000000000000000000e+00
4.423579999999963547e+03 -4.000000000000000000e+00 2.000000000000000000e+00
4.425059999999963111e+03 -4.000000000000000000e+00 2.000000000000000000e+00
4.426539999999962674e+03 -4.000000000000000000e+00 2.000000000000000000e+00
4.428019999999962238e+03 -4.000000000000000000e+00 2.000000000000000000e+00
4.429499999999961801e+03 -4.000000000000000000e+00 2.000000000000000000e+00
4.430979999999961365e+03 -4.000000000000000000e+00 2.000000000000000000e+00
4.432459999999960928e+03 -4.000000000000000000e+00 2.000000000000000000e+00
4.433939999999960492e+03 -4.000000000000000000e+00 2.000000000000000000e+00
4.435419999999960055e+03 -4.000000000000000000e+00 2.000000000000000000e+00
4.436899999999959618e+03 -4.000000000000000000e+00 2.000000000000000000e+00
4.438379999999959182e+03 -4.000000000000000000e+00 2.000000000000000000e+00
4.439859999999958745e+03 -4.000000000000000000e+00 2.000000000000000000e+00
4.441339999999958309e+03 -4.000000000000000000e+00 2.000000000000000000e+00
4.442819999999957872e+03 -4.000000000000000000e+00 2.000000000000000000e+00
4.444299999999957436e+03 -4.000000000000000000e+00 2.000000000000000000e+00
4.445779999999956999e+03 -4.000000000000000000e+00 2.000000000000000000e+00
4.447259999999956563e+03 -4.000000000000000000e+00 2.000000000000000000e+00
4.448739999999956126e+03 -4.000000000000000000e+00 2.000000000000000000e+00
4.450219999999955689e+03 -4.000000000000000000e+00 2.000000000000000000e+00
4.451699999999955253e+03 4.522718787193298340e-01 4.007491096854209900e-02
4.453179999999954816e+03 5.532263517379760742e-01 4.060347378253936768e-02
4.454659999999954380e+03 4.245618879795074463e-01 3.797347843647003174e-02
4.456139999999953943e+03 4.588004350662231445e-01 3.815698623657226562e-02
4.457619999999953507e+03 4.746860265731811523e-01 3.871060162782669067e-02
4.459099999999953070e+03 4.725683033466339111e-01 3.873777389526367188e-02
4.460579999999952634e+03 4.498259723186492920e-01 3.836767375469207764e-02
4.462059999999952197e+03 5.063630938529968262e-01 3.906206786632537842e-02
4.463539999999951760e+03 5.071155428886413574e-01 3.983422741293907166e-02
4.465019999999951324e+03 4.751869440078735352e-01 3.964306786656379700e-02
4.466499999999950887e+03 4.668786525726318359e-01 3.946443647146224976e-02
4.467979999999950451e+03 5.329439640045166016e-01 4.027641192078590393e-02
4.469459999999950014e+03 4.825759828090667725e-01 3.908326849341392517e-02
4.470939999999949578e+03 4.439191818237304688e-01 3.915642201900482178e-02
4.472419999999949141e+03 4.271530508995056152e-01 3.951243683695793152e-02
4.473899999999948704e+03 5.078781247138977051e-01 4.072125628590583801e-02
4.475379999999948268e+03 5.425484180450439453e-01 4.086645320057868958e-02
4.476859999999947831e+03 4.981433153152465820e-01 4.059023037552833557e-02
4.478339999999947395e+03 5.023741722106933594e-01 4.020215570926666260e-02
4.479819999999946958e+03 4.605886340141296387e-01 3.896229341626167297e-02
4.481299999999946522e+03 5.445777177810668945e-01 3.920449316501617432e-02
4.482779999999946085e+03 5.240281820297241211e-01 3.949914500117301941e-02
4.484259999999945649e+03 4.656797349452972412e-01 3.966145962476730347e-02
4.485739999999945212e+03 5.077348947525024414e-01 4.058630019426345825e-02
4.487219999999944775e+03 4.912115931510925293e-01 3.996076807379722595e-02
4.488699999999944339e+03 4.643580913543701172e-01 3.874099999666213989e-02
4.490179999999943902e+03 3.863999843597412109e-01 3.762146830558776855e-02
4.491659999999943466e+03 4.684245884418487549e-01 3.930230066180229187e-02
4.493139999999943029e+03 4.885722398757934570e-01 3.944170475006103516e-02
4.494619999999942593e+03 4.831826090812683105e-01 3.904898837208747864e-02
4.496099999999942156e+03 5.479683279991149902e-01 3.989223763346672058e-02
4.497579999999941720e+03 4.841231405735015869e-01 3.958395496010780334e-02
4.499059999999941283e+03 5.415418148040771484e-01 4.026933014392852783e-02
4.500539999999940846e+03 4.460854530334472656e-01 3.862499445676803589e-02
4.502019999999940410e+03 4.480799436569213867e-01 3.887424618005752563e-02
4.503499999999939973e+03 4.227055609226226807e-01 3.920939937233924866e-02
4.504979999999939537e+03 4.008935093879699707e-01 3.909279406070709229e-02
4.506459999999939100e+03 4.629219174385070801e-01 3.968326002359390259e-02
4.507939999999938664e+03 4.518394470214843750e-01 3.926480934023857117e-02
4.509419999999938227e+03 4.532039165496826172e-01 3.905313089489936829e-02
4.510899999999937791e+03 4.523729085922241211e-01 3.917150944471359253e-02
4.512379999999937354e+03 4.233020842075347900e-01 3.845307603478431702e-02
4.513859999999936917e+03 4.743890762329101562e-01 3.855913504958152771e-02
4.515339999999936481e+03 5.117380619049072266e-01 3.912951424717903137e-02
4.516819999999936044e+03 4.599541723728179932e-01 3.830561786890029907e-02
4.518299999999935608e+03 4.791784286499023438e-01 3.846827521920204163e-02
4.519779999999935171e+03 4.639080762863159180e-01 3.872969001531600952e-02
4.521259999999934735e+03 4.911646544933319092e-01 3.883231803774833679e-02
4.522739999999934298e+03 4.905804395675659180e-01 3.863465413451194763e-02
4.524219999999933862e+03 4.820675253868103027e-01 3.822245448827743530e-02
4.525699999999933425e+03 5.054644346237182617e-01 3.781722113490104675e-02
4.527179999999932988e+03 4.995471835136413574e-01 3.699321672320365906e-02
4.528659999999932552e+03 4.650825858116149902e-01 3.656024113297462463e-02
4.530139999999932115e+03 5.194287300109863281e-01 3.726901486515998840e-02
4.531619999999931679e+03 4.667053222656250000e-01 3.711324557662010193e-02
4.533099999999931242e+03 4.737409353256225586e-01 3.711860999464988708e-02
4.534579999999930806e+03 4.594616591930389404e-01 3.649558126926422119e-02
4.536059999999930369e+03 5.047193765640258789e-01 3.770700842142105103e-02
4.537539999999929933e+03 4.896776378154754639e-01 3.853245079517364502e-02
4.539019999999929496e+03 5.210714936256408691e-01 3.857935965061187744e-02
4.540499999999929059e+03 4.784968197345733643e-01 3.773165121674537659e-02
4.541979999999928623e+03 3.404179215431213379e-01 3.601422533392906189e-02
4.543459999999928186e+03 4.179309010505676270e-01 3.695817664265632629e-02
4.544939999999927750e+03 3.667287528514862061e-01 3.608188405632972717e-02
4.546419999999927313e+03 4.475530087947845459e-01 3.693619742989540100e-02
4.547899999999926877e+03 4.619308710098266602e-01 3.663690388202667236e-02
4.549379999999926440e+03 4.384936392307281494e-01 3.585909679532051086e-02
4.550859999999926004e+03 4.724707007408142090e-01 3.666217625141143799e-02
4.552339999999925567e+03 4.127673506736755371e-01 3.611551970243453979e-02
4.553819999999925130e+03 4.332412481307983398e-01 3.610319644212722778e-02
4.555299999999924694e+03 4.231263399124145508e-01 3.589934483170509338e-02
4.556779999999924257e+03 4.855114817619323730e-01 3.708371892571449280e-02
4.558259999999923821e+03 3.895650207996368408e-01 3.631290048360824585e-02
4.559739999999923384e+03 3.921297490596771240e-01 3.655071929097175598e-02
4.561219999999922948e+03 4.588832855224609375e-01 3.739720955491065979e-02
4.562699999999922511e+03 4.805219173431396484e-01 3.716561943292617798e-02
4.564179999999922074e+03 4.425087571144104004e-01 3.601962700486183167e-02
4.565659999999921638e+03 4.180192351341247559e-01 3.578148037195205688e-02
4.567139999999921201e+03 5.336884260177612305e-01 3.754590824246406555e-02
4.568619999999920765e+03 4.242264628410339355e-01 3.642368316650390625e-02
4.570099999999920328e+03 4.612584710121154785e-01 3.656819090247154236e-02
4.571579999999919892e+03 4.456731677055358887e-01 3.599553555250167847e-02
4.573059999999919455e+03 4.472085237503051758e-01 3.613109514117240906e-02
4.574539999999919019e+03 4.165916144847869873e-01 3.624709323048591614e-02
4.576019999999918582e+03 4.378582239151000977e-01 3.627367690205574036e-02
4.577499999999918145e+03 4.067340493202209473e-01 3.580705076456069946e-02
4.578979999999917709e+03 4.117822945117950439e-01 3.557958081364631653e-02
4.580459999999917272e+03 3.948808908462524414e-01 3.453019633889198303e-02
4.581939999999916836e+03 4.392650127410888672e-01 3.497251868247985840e-02
4.583419999999916399e+03 4.543887376785278320e-01 3.524790704250335693e-02
4.584899999999915963e+03 4.196993708610534668e-01 3.484907001256942749e-02
4.586379999999915526e+03 4.402661621570587158e-01 3.521037846803665161e-02
4.587859999999915090e+03 3.888479769229888916e-01 3.488506749272346497e-02
4.589339999999914653e+03 4.906166195869445801e-01 3.642446175217628479e-02
4.590819999999914216e+03 4.612027406692504883e-01 3.555784001946449280e-02
4.592299999999913780e+03 3.903853595256805420e-01 3.424797207117080688e-02
4.593779999999913343e+03 4.305145740509033203e-01 3.485386073589324951e-02
4.595259999999912907e+03 4.451498985290527344e-01 3.494071587920188904e-02
4.596739999999912470e+03 3.878924250602722168e-01 3.415582701563835144e-02
4.598219999999912034e+03 4.303233325481414795e-01 3.466583043336868286e-02
4.599699999999911597e+03 4.528973698616027832e-01 3.494793921709060669e-02
4.601179999999911161e+03 3.713473677635192871e-01 3.378360345959663391e-02
4.602659999999910724e+03 4.317150712013244629e-01 3.469486162066459656e-02
4.604139999999910287e+03 4.089478552341461182e-01 3.450439125299453735e-02
4.605619999999909851e+03 4.526153802871704102e-01 3.490794077515602112e-02
4.607099999999909414e+03 3.680331110954284668e-01 3.417659178376197815e-02
4.608579999999908978e+03 4.223501682281494141e-01 3.532657399773597717e-02
4.610059999999908541e+03 4.474124908447265625e-01 3.551064804196357727e-02
4.611539999999908105e+03 4.181075692176818848e-01 3.460291028022766113e-02
4.613019999999907668e+03 4.087673425674438477e-01 3.431031107902526855e-02
4.614499999999907232e+03 4.095745086669921875e-01 3.441229835152626038e-02
4.615979999999906795e+03 4.047737419605255127e-01 3.454372286796569824e-02
4.617459999999906358e+03 4.148054122924804688e-01 3.443893045186996460e-02
4.618939999999905922e+03 3.798804283142089844e-01 3.395946696400642395e-02
4.620419999999905485e+03 4.051647186279296875e-01 3.440873697400093079e-02
4.621899999999905049e+03 4.013735353946685791e-01 3.435338288545608521e-02
4.623379999999904612e+03 4.504935145378112793e-01 3.486196696758270264e-02
4.624859999999904176e+03 4.224976897239685059e-01 3.441718593239784241e-02
4.626339999999903739e+03 4.257495701313018799e-01 3.430430591106414795e-02
4.627819999999903303e+03 4.127400517463684082e-01 3.422126919031143188e-02
4.629299999999902866e+03 3.927485048770904541e-01 3.389230743050575256e-02
4.630779999999902429e+03 4.541108012199401855e-01 3.457399085164070129e-02
4.632259999999901993e+03 4.042090773582458496e-01 3.384712338447570801e-02
4.633739999999901556e+03 4.218392372131347656e-01 3.396340459585189819e-02
4.635219999999901120e+03 3.742564916610717773e-01 3.339595720171928406e-02
4.636699999999900683e+03 4.183246493339538574e-01 3.345250710844993591e-02
4.638179999999900247e+03 4.461945295333862305e-01 3.373964130878448486e-02
4.639659999999899810e+03 3.827793896198272705e-01 3.297701105475425720e-02
4.641139999999899374e+03 3.665714859962463379e-01 3.297472372651100159e-02
4.642619999999898937e+03 4.226418733596801758e-01 3.358169272541999817e-02
4.644099999999898500e+03 4.462657570838928223e-01 3.362800180912017822e-02
4.645579999999898064e+03 3.893846869468688965e-01 3.254908323287963867e-02
4.647059999999897627e+03 4.484010338783264160e-01 3.265806660056114197e-02
4.648539999999897191e+03 4.495352506637573242e-01 3.300467506051063538e-02
4.650019999999896754e+03 3.304181098937988281e-01 3.201210126280784607e-02
4.651499999999896318e+03 3.700346350669860840e-01 3.265228867530822754e-02
4.652979999999895881e+03 4.400138854980468750e-01 3.329185768961906433e-02
4.654459999999895444e+03 4.598244428634643555e-01 3.349672630429267883e-02
4.655939999999895008e+03 4.487986564636230469e-01 3.305169567465782166e-02
4.657419999999894571e+03 3.847527503967285156e-01 3.252855688333511353e-02
4.658899999999894135e+03 4.282082021236419678e-01 3.349962830543518066e-02
4.660379999999893698e+03 4.328683614730834961e-01 3.364380821585655212e-02
4.661859999999893262e+03 4.439086318016052246e-01 3.317966684699058533e-02
4.663339999999892825e+03 4.216241538524627686e-01 3.256413713097572327e-02
4.664819999999892389e+03 4.521781504154205322e-01 3.277440369129180908e-02
4.666299999999891952e+03 3.957297205924987793e-01 3.126313537359237671e-02
4.667779999999891515e+03 3.833315968513488770e-01 3.063704259693622589e-02
4.669259999999891079e+03 4.582018256187438965e-01 3.210544213652610779e-02
4.670739999999890642e+03 4.191704392433166504e-01 3.245699033141136169e-02
4.672219999999890206e+03 3.806412816047668457e-01 3.178363293409347534e-02
4.673699999999889769e+03 4.160394370555877686e-01 3.201966732740402222e-02
4.675179999999889333e+03 4.333936572074890137e-01 3.267785906791687012e-02
4.676659999999888896e+03 4.532562494277954102e-01 3.296430781483650208e-02
4.678139999999888460e+03 4.323948621749877930e-01 3.225307166576385498e-02
4.679619999999888023e+03 3.663569688796997070e-01 3.115515038371086121e-02
4.681099999999887586e+03 4.494596123695373535e-01 3.216090798377990723e-02
4.682579999999887150e+03 3.955811262130737305e-01 3.166820481419563293e-02
4.684059999999886713e+03 4.251573085784912109e-01 3.225538134574890137e-02
4.685539999999886277e+03 4.731885194778442383e-01 3.266204893589019775e-02
4.687019999999885840e+03 4.284060597419738770e-01 3.206807747483253479e-02
4.688499999999885404e+03 3.648571968078613281e-01 3.133027628064155579e-02
4.689979999999884967e+03 3.918709754943847656e-01 3.139999136328697205e-02
4.691459999999884531e+03 4.068558812141418457e-01 3.146390616893768311e-02
4.692939999999884094e+03 4.034399986267089844e-01 3.161424398422241211e-02
4.694419999999883657e+03 4.424541592597961426e-01 3.220327943563461304e-02
4.695899999999883221e+03 4.119627475738525391e-01 3.170973807573318481e-02
4.697379999999882784e+03 4.527636170387268066e-01 3.191149607300758362e-02
4.698859999999882348e+03 3.891396522521972656e-01 3.079071082174777985e-02
4.700339999999881911e+03 3.939291238784790039e-01 3.075369447469711304e-02
4.701819999999881475e+03 4.265488386154174805e-01 3.066736832261085510e-02
4.703299999999881038e+03 4.504285454750061035e-01 3.110987879335880280e-02
4.704779999999880602e+03 4.295397400856018066e-01 3.113200515508651733e-02
4.706259999999880165e+03 4.247301220893859863e-01 3.129091858863830566e-02
4.707739999999879728e+03 4.482750594615936279e-01 3.123565204441547394e-02
4.709219999999879292e+03 4.518579244613647461e-01 3.121498972177505493e-02
4.710699999999878855e+03 4.277972280979156494e-01 3.144224360585212708e-02
4.712179999999878419e+03 4.681481719017028809e-01 3.183485940098762512e-02
4.713659999999877982e+03 3.723248243331909180e-01 3.036334738135337830e-02
4.715139999999877546e+03 3.967337012290954590e-01 3.077530302107334137e-02
4.716619999999877109e+03 3.781509399414062500e-01 3.106224723160266876e-02
4.718099999999876673e+03 3.611741065979003906e-01 3.107809275388717651e-02
4.719579999999876236e+03 4.215720295906066895e-01 3.183080255985260010e-02
4.721059999999875799e+03 4.517552256584167480e-01 3.190720826387405396e-02
4.722539999999875363e+03 3.913118839263916016e-01 3.122686780989170074e-02
4.724019999999874926e+03 3.551394641399383545e-01 3.090323694050312042e-02
4.725499999999874490e+03 4.149275422096252441e-01 3.140414133667945862e-02
4.726979999999874053e+03 3.172847330570220947e-01 2.981994487345218658e-02
4.728459999999873617e+03 3.791622221469879150e-01 3.017802909016609192e-02
4.729939999999873180e+03 4.343824386596679688e-01 3.060934320092201233e-02
4.731419999999872744e+03 3.708734512329101562e-01 2.994080260396003723e-02
4.732899999999872307e+03 3.494204282760620117e-01 3.027294389903545380e-02
4.734379999999871870e+03 3.816805183887481689e-01 3.050707839429378510e-02
4.735859999999871434e+03 4.035021066665649414e-01 3.050218522548675537e-02
4.737339999999870997e+03 3.243989348411560059e-01 2.951545268297195435e-02
4.738819999999870561e+03 3.704386055469512939e-01 3.044197894632816315e-02
4.740299999999870124e+03 3.633689284324645996e-01 3.038707561790943146e-02
4.741779999999869688e+03 4.019181728363037109e-01 3.066668659448623657e-02
4.743259999999869251e+03 4.053462743759155273e-01 3.093978762626647949e-02
4.744739999999868814e+03 3.269476890563964844e-01 2.979945018887519836e-02
4.746219999999868378e+03 3.774495422840118408e-01 3.039679862558841705e-02
4.747699999999867941e+03 4.174746870994567871e-01 3.095993399620056152e-02
4.749179999999867505e+03 4.097753763198852539e-01 3.076962195336818695e-02
4.750659999999867068e+03 3.672905564308166504e-01 3.026735782623291016e-02
4.752139999999866632e+03 4.152898788452148438e-01 3.057583607733249664e-02
4.753619999999866195e+03 3.951365649700164795e-01 3.002888336777687073e-02
4.755099999999865759e+03 3.798075318336486816e-01 2.975987270474433899e-02
4.756579999999865322e+03 3.453853130340576172e-01 2.936532534658908844e-02
4.758059999999864885e+03 3.621070384979248047e-01 3.006707318127155304e-02
4.759539999999864449e+03 3.800340890884399414e-01 3.033242933452129364e-02
4.761019999999864012e+03 3.690046966075897217e-01 2.971497923135757446e-02
4.762499999999863576e+03 3.870328962802886963e-01 2.963114529848098755e-02
4.763979999999863139e+03 4.093601703643798828e-01 2.985666692256927490e-02
4.765459999999862703e+03 3.455647230148315430e-01 2.894074656069278717e-02
4.766939999999862266e+03 3.832550048828125000e-01 2.943514846265316010e-02
4.768419999999861830e+03 3.974440395832061768e-01 3.001164086163043976e-02
4.769899999999861393e+03 3.781033456325531006e-01 3.016151674091815948e-02
4.771379999999860956e+03 3.659616112709045410e-01 2.969133853912353516e-02
4.772859999999860520e+03 3.736599385738372803e-01 2.981569245457649231e-02
4.774339999999860083e+03 3.508900105953216553e-01 2.983788028359413147e-02
4.775819999999859647e+03 3.584320545196533203e-01 2.993511594831943512e-02
4.777299999999859210e+03 3.584679961204528809e-01 3.001650236546993256e-02
4.778779999999858774e+03 3.623358309268951416e-01 2.997599542140960693e-02
4.780259999999858337e+03 3.785743713378906250e-01 3.005034849047660828e-02
4.781739999999857901e+03 3.493588566780090332e-01 2.950977347791194916e-02
4.783219999999857464e+03 3.455864191055297852e-01 2.924829162657260895e-02
4.784699999999857027e+03 3.682495355606079102e-01 2.949095703661441803e-02
4.786179999999856591e+03 3.351192772388458252e-01 2.886762097477912903e-02
4.787659999999856154e+03 3.243705034255981445e-01 2.873347140848636627e-02
4.789139999999855718e+03 3.324096798896789551e-01 2.884855493903160095e-02
4.790619999999855281e+03 3.808072507381439209e-01 2.949849329888820648e-02
4.792099999999854845e+03 3.879155814647674561e-01 2.968503721058368683e-02
4.793579999999854408e+03 3.711260855197906494e-01 2.981711365282535553e-02
4.795059999999853972e+03 3.716999292373657227e-01 3.003176860511302948e-02
4.796539999999853535e+03 3.239834904670715332e-01 2.926578372716903687e-02
4.798019999999853098e+03 3.647374510765075684e-01 2.925100363790988922e-02
4.799499999999852662e+03 3.507269024848937988e-01 2.899152785539627075e-02
4.800979999999852225e+03 3.662373125553131104e-01 2.927751839160919189e-02
4.802459999999851789e+03 3.305061757564544678e-01 2.903842180967330933e-02
4.803939999999851352e+03 3.964717686176300049e-01 2.982683107256889343e-02
4.805419999999850916e+03 3.580214977264404297e-01 2.902851998805999756e-02
4.806899999999850479e+03 3.316541314125061035e-01 2.857423387467861176e-02
4.808379999999850043e+03 3.707232475280761719e-01 2.904493361711502075e-02
4.809859999999849606e+03 3.765847086906433105e-01 2.927456423640251160e-02
4.811339999999849169e+03 3.181598484516143799e-01 2.874581329524517059e-02
4.812819999999848733e+03 3.541241586208343506e-01 2.905825525522232056e-02
4.814299999999848296e+03 3.407991528511047363e-01 2.895521745085716248e-02
4.815779999999847860e+03 3.587371110916137695e-01 2.943976037204265594e-02
4.817259999999847423e+03 3.763224482536315918e-01 2.955877408385276794e-02
4.818739999999846987e+03 3.634952306747436523e-01 2.939634956419467926e-02
4.820219999999846550e+03 3.486548364162445068e-01 2.919638529419898987e-02
4.821699999999846113e+03 3.808805942535400391e-01 2.930994331836700439e-02
4.823179999999845677e+03 4.088178873062133789e-01 2.925359271466732025e-02
4.824659999999845240e+03 3.876806497573852539e-01 2.910094521939754486e-02
4.826139999999844804e+03 3.631445169448852539e-01 2.911715582013130188e-02
4.827619999999844367e+03 3.517107367515563965e-01 2.879876643419265747e-02
4.829099999999843931e+03 3.601010441780090332e-01 2.888339385390281677e-02
4.830579999999843494e+03 3.332605957984924316e-01 2.825006283819675446e-02
4.832059999999843058e+03 3.327943086624145508e-01 2.825266495347023010e-02
4.833539999999842621e+03 3.579520285129547119e-01 2.879182621836662292e-02
4.835019999999842184e+03 3.541864752769470215e-01 2.871356904506683350e-02
4.836499999999841748e+03 3.884618282318115234e-01 2.928103134036064148e-02
4.837979999999841311e+03 3.906412124633789062e-01 2.893133834004402161e-02
4.839459999999840875e+03 3.820765316486358643e-01 2.856829389929771423e-02
4.840939999999840438e+03 4.124770164489746094e-01 2.870474383234977722e-02
4.842419999999840002e+03 3.521363139152526855e-01 2.836543694138526917e-02
4.843899999999839565e+03 3.544260263442993164e-01 2.838487550616264343e-02
4.845379999999839129e+03 4.061859846115112305e-01 2.909445203840732574e-02
4.846859999999838692e+03 3.954073786735534668e-01 2.878024987876415253e-02
4.848339999999838255e+03 3.179447352886199951e-01 2.780430950224399567e-02
4.849819999999837819e+03 3.241184353828430176e-01 2.798215299844741821e-02
4.851299999999837382e+03 3.703023791313171387e-01 2.842894755303859711e-02
4.852779999999836946e+03 3.671983778476715088e-01 2.816498093307018280e-02
4.854259999999836509e+03 2.888821363449096680e-01 2.666230127215385437e-02
4.855739999999836073e+03 3.422296047210693359e-01 2.696561068296432495e-02
4.857219999999835636e+03 3.046169877052307129e-01 2.636337094008922577e-02
4.858699999999835200e+03 3.333006501197814941e-01 2.592341974377632141e-02
4.860179999999834763e+03 3.419298529624938965e-01 2.451922371983528137e-02
4.861659999999834326e+03 3.500685095787048340e-01 2.473552525043487549e-02
4.863139999999833890e+03 3.455012142658233643e-01 2.597275935113430023e-02
4.864619999999833453e+03 3.156742751598358154e-01 2.649727091193199158e-02
4.866099999999833017e+03 3.201141655445098877e-01 2.687425352632999420e-02
4.867579999999832580e+03 4.035550057888031006e-01 2.803031913936138153e-02
4.869059999999832144e+03 3.721573650836944580e-01 2.738111279904842377e-02
4.870539999999831707e+03 3.295145034790039062e-01 2.632438018918037415e-02
4.872019999999831271e+03 3.139436542987823486e-01 2.615957148373126984e-02
4.873499999999830834e+03 3.710586428642272949e-01 2.736684493720531464e-02
4.874979999999830397e+03 3.453621268272399902e-01 2.731826901435852051e-02
4.876459999999829961e+03 3.603873550891876221e-01 2.746358886361122131e-02
4.877939999999829524e+03 3.653943538665771484e-01 2.783311158418655396e-02
4.879419999999829088e+03 3.538811802864074707e-01 2.778753079473972321e-02
4.880899999999828651e+03 3.013889789581298828e-01 2.719413675367832184e-02
4.882379999999828215e+03 4.577056765556335449e-01 2.860205247998237610e-02
4.883859999999827778e+03 2.048546314239501953e+00 4.272698238492012024e-02
4.885339999999827342e+03 3.186792373657226562e+00 5.021026730537414551e-02
4.886819999999826905e+03 1.907002091407775879e+00 4.126458987593650818e-02
4.888299999999826468e+03 3.415295481681823730e-01 2.676437050104141235e-02
4.889779999999826032e+03 2.816600203514099121e-01 2.552413195371627808e-02
4.891259999999825595e+03 3.098465204238891602e-01 2.578036673367023468e-02
4.892739999999825159e+03 2.954533696174621582e-01 2.676090970635414124e-02
4.894219999999824722e+03 3.487639427185058594e-01 2.800058573484420776e-02
4.895699999999824286e+03 3.481788337230682373e-01 2.808102034032344818e-02
4.897179999999823849e+03 3.658784329891204834e-01 2.799650654196739197e-02
4.898659999999823413e+03 3.372295498847961426e-01 2.763669565320014954e-02
4.900139999999822976e+03 3.271085917949676514e-01 2.736759930849075317e-02
4.901619999999822539e+03 3.293939828872680664e-01 2.732666768133640289e-02
4.903099999999822103e+03 3.126722276210784912e-01 2.689819037914276123e-02
4.904579999999821666e+03 3.564129471778869629e-01 2.753834985196590424e-02
4.906059999999821230e+03 3.237763047218322754e-01 2.740473300218582153e-02
4.907539999999820793e+03 3.651782870292663574e-01 2.763777039945125580e-02
4.909019999999820357e+03 3.918203115463256836e-01 2.748130820691585541e-02
4.910499999999819920e+03 3.228686451911926270e-01 2.668686211109161377e-02
4.911979999999819483e+03 3.246698379516601562e-01 2.688583731651306152e-02
4.913459999999819047e+03 3.508386015892028809e-01 2.748286910355091095e-02
4.914939999999818610e+03 3.695585131645202637e-01 2.788321860134601593e-02
4.916419999999818174e+03 3.306372761726379395e-01 2.709555625915527344e-02
4.917899999999817737e+03 3.405879735946655273e-01 2.609638310968875885e-02
4.919379999999817301e+03 3.983378410339355469e-01 2.617784217000007629e-02
4.920859999999816864e+03 4.094564616680145264e-01 2.681250870227813721e-02
4.922339999999816428e+03 3.870015740394592285e-01 2.693194895982742310e-02
4.923819999999815991e+03 3.458422422409057617e-01 2.679151296615600586e-02
4.925299999999815554e+03 3.387500941753387451e-01 2.694042399525642395e-02
4.926779999999815118e+03 3.391234576702117920e-01 2.731039561331272125e-02
4.928259999999814681e+03 3.254150152206420898e-01 2.696992084383964539e-02
4.929739999999814245e+03 4.357172846794128418e-01 2.820154465734958649e-02
4.931219999999813808e+03 3.807196617126464844e-01 2.766338922083377838e-02
4.932699999999813372e+03 3.927774429321289062e-01 2.723589539527893066e-02
4.934179999999812935e+03 3.581545948982238770e-01 2.686012908816337585e-02
4.935659999999812499e+03 3.358718752861022949e-01 2.662250399589538574e-02
4.937139999999812062e+03 3.409093320369720459e-01 2.613187767565250397e-02
4.938619999999811625e+03 3.599846363067626953e-01 2.640122920274734497e-02
4.940099999999811189e+03 4.060149192810058594e-01 2.740961685776710510e-02
4.941579999999810752e+03 3.457774817943572998e-01 2.727076224982738495e-02
4.943059999999810316e+03 3.216258287429809570e-01 2.711129002273082733e-02
4.944539999999809879e+03 3.352321386337280273e-01 2.684017270803451538e-02
4.946019999999809443e+03 3.127892613410949707e-01 2.659234404563903809e-02
4.947499999999809006e+03 3.498845100402832031e-01 2.721360884606838226e-02
4.948979999999808570e+03 3.370617032051086426e-01 2.717278338968753815e-02
4.950459999999808133e+03 3.477782607078552246e-01 2.724280394613742828e-02
4.951939999999807696e+03 3.738030791282653809e-01 2.746980823576450348e-02
4.953419999999807260e+03 4.002681970596313477e-01 2.760441042482852936e-02
4.954899999999806823e+03 3.983923792839050293e-01 2.705688774585723877e-02
4.956379999999806387e+03 3.585360050201416016e-01 2.594451606273651123e-02
4.957859999999805950e+03 3.987968862056732178e-01 2.632675319910049438e-02
4.959339999999805514e+03 3.802665472030639648e-01 2.716833539307117462e-02
4.960819999999805077e+03 3.272416889667510986e-01 2.682517096400260925e-02
4.962299999999804641e+03 3.766176998615264893e-01 2.742928639054298401e-02
4.963779999999804204e+03 3.423040509223937988e-01 2.681830897927284241e-02
4.965259999999803767e+03 3.478286862373352051e-01 2.661916613578796387e-02
4.966739999999803331e+03 3.173474669456481934e-01 2.615243196487426758e-02
4.968219999999802894e+03 3.302438855171203613e-01 2.644405514001846313e-02
4.969699999999802458e+03 3.801838159561157227e-01 2.687211893498897552e-02
4.971179999999802021e+03 3.528840541839599609e-01 2.673321962356567383e-02
4.972659999999801585e+03 3.676379919052124023e-01 2.709796465933322906e-02
4.974139999999801148e+03 4.533292949199676514e-01 2.817108109593391418e-02
4.975619999999800712e+03 3.971946239471435547e-01 2.745822817087173462e-02
4.977099999999800275e+03 3.828471899032592773e-01 2.704334072768688202e-02
4.978579999999799838e+03 3.520633578300476074e-01 2.639339677989482880e-02
4.980059999999799402e+03 3.987482190132141113e-01 2.665572427213191986e-02
4.981539999999798965e+03 4.620378017425537109e-01 2.685836702585220337e-02
4.983019999999798529e+03 6.308095455169677734e-01 2.847719192504882812e-02
4.984499999999798092e+03 4.981185197830200195e-01 2.724375948309898376e-02
4.985979999999797656e+03 3.921545147895812988e-01 2.680365182459354401e-02
4.987459999999797219e+03 3.451570272445678711e-01 2.662160247564315796e-02
4.988939999999796783e+03 3.538326621055603027e-01 2.656251750886440277e-02
4.990419999999796346e+03 3.647245764732360840e-01 2.632914297282695770e-02
4.991899999999795909e+03 3.571284711360931396e-01 2.637176960706710815e-02
4.993379999999795473e+03 3.756341934204101562e-01 2.674498222768306732e-02
4.994859999999795036e+03 3.574812412261962891e-01 2.658674493432044983e-02
4.996339999999794600e+03 3.609869480133056641e-01 2.659435570240020752e-02
4.997819999999794163e+03 3.799906373023986816e-01 2.657842822372913361e-02
4.999299999999793727e+03 3.901769518852233887e-01 2.641195245087146759e-02
5.000779999999793290e+03 3.343980908393859863e-01 2.576401270925998688e-02
5.002259999999792853e+03 3.396919667720794678e-01 2.582532726228237152e-02
5.003739999999792417e+03 3.673790693283081055e-01 2.591207996010780334e-02
5.005219999999791980e+03 3.334965109825134277e-01 2.522690221667289734e-02
5.006699999999791544e+03 3.203806877136230469e-01 2.515003643929958344e-02
5.008179999999791107e+03 3.714393675327301025e-01 2.610606886446475983e-02
5.009659999999790671e+03 3.800479769706726074e-01 2.649553865194320679e-02
5.011139999999790234e+03 3.856939673423767090e-01 2.625420689582824707e-02
5.012619999999789798e+03 4.116919040679931641e-01 2.603054977953433990e-02
5.014099999999789361e+03 3.611061573028564453e-01 2.553284168243408203e-02
5.015579999999788924e+03 3.892277181148529053e-01 2.588045224547386169e-02
5.017059999999788488e+03 3.316680192947387695e-01 2.528245560824871063e-02
5.018539999999788051e+03 3.186196684837341309e-01 2.509402111172676086e-02
5.020019999999787615e+03 3.638434410095214844e-01 2.595887519419193268e-02
5.021499999999787178e+03 3.336213827133178711e-01 2.561761252582073212e-02
5.022979999999786742e+03 2.933747172355651855e-01 2.506632916629314423e-02
5.024459999999786305e+03 3.569669127464294434e-01 2.588121220469474792e-02
5.025939999999785869e+03 3.634842038154602051e-01 2.582743577659130096e-02
5.027419999999785432e+03 3.674032986164093018e-01 2.569865807890892029e-02
5.028899999999784995e+03 4.603635668754577637e-01 2.705093286931514740e-02
5.030379999999784559e+03 9.657232165336608887e-01 3.226409852504730225e-02
5.031859999999784122e+03 1.090575098991394043e+00 3.340945392847061157e-02
5.033339999999783686e+03 5.974397063255310059e-01 2.855018340051174164e-02
5.034819999999783249e+03 3.552018404006958008e-01 2.550132758915424347e-02
5.036299999999782813e+03 3.380507230758666992e-01 2.507519163191318512e-02
5.037779999999782376e+03 3.871672153472900391e-01 2.577233500778675079e-02
5.039259999999781940e+03 4.095048308372497559e-01 2.549466677010059357e-02
5.040739999999781503e+03 3.584124147891998291e-01 2.464064583182334900e-02
5.042219999999781066e+03 3.344140648841857910e-01 2.505201846361160278e-02
5.043699999999780630e+03 3.279481530189514160e-01 2.552206441760063171e-02
5.045179999999780193e+03 3.954376578330993652e-01 2.653066441416740417e-02
5.046659999999779757e+03 4.025663733482360840e-01 2.636490203440189362e-02
5.048139999999779320e+03 3.944424390792846680e-01 2.581920288503170013e-02
5.049619999999778884e+03 3.622092008590698242e-01 2.530589140951633453e-02
5.051099999999778447e+03 3.573282361030578613e-01 2.558859437704086304e-02
5.052579999999778011e+03 3.527020812034606934e-01 2.559565566480159760e-02
5.054059999999777574e+03 3.308957517147064209e-01 2.567096799612045288e-02
5.055539999999777137e+03 3.906448483467102051e-01 2.616296522319316864e-02
5.057019999999776701e+03 4.129756689071655273e-01 2.659337222576141357e-02
5.058499999999776264e+03 3.711761236190795898e-01 2.616033330559730530e-02
5.059979999999775828e+03 3.505240678787231445e-01 2.607952989637851715e-02
5.061459999999775391e+03 3.764452934265136719e-01 2.642724849283695221e-02
5.062939999999774955e+03 3.466672003269195557e-01 2.574486099183559418e-02
5.064419999999774518e+03 3.687607049942016602e-01 2.544024772942066193e-02
5.065899999999774082e+03 4.019794464111328125e-01 2.586757577955722809e-02
5.067379999999773645e+03 3.494362831115722656e-01 2.531602419912815094e-02
5.068859999999773208e+03 3.735224008560180664e-01 2.576112188398838043e-02
5.070339999999772772e+03 3.847389221191406250e-01 2.595796063542366028e-02
5.071819999999772335e+03 3.266717791557312012e-01 2.512630634009838104e-02
5.073299999999771899e+03 3.799430131912231445e-01 2.555933408439159393e-02
5.074779999999771462e+03 3.510859012603759766e-01 2.534382417798042297e-02
5.076259999999771026e+03 3.363250195980072021e-01 2.530059590935707092e-02
5.077739999999770589e+03 3.334249258041381836e-01 2.492377161979675293e-02
5.079219999999770152e+03 3.455727696418762207e-01 2.446896582841873169e-02
5.080699999999769716e+03 3.684441447257995605e-01 2.504112757742404938e-02
5.082179999999769279e+03 3.681840300559997559e-01 2.534581720829010010e-02
5.083659999999768843e+03 3.899065852165222168e-01 2.578407526016235352e-02
5.085139999999768406e+03 3.972485363483428955e-01 2.587498724460601807e-02
5.086619999999767970e+03 3.525236248970031738e-01 2.537459507584571838e-02
5.088099999999767533e+03 3.450998067855834961e-01 2.540177106857299805e-02
5.089579999999767097e+03 3.596266508102416992e-01 2.561588585376739502e-02
5.091059999999766660e+03 3.237692415714263916e-01 2.525143884122371674e-02
5.092539999999766223e+03 3.618269562721252441e-01 2.584409713745117188e-02
5.094019999999765787e+03 3.293575048446655273e-01 2.535557933151721954e-02
5.095499999999765350e+03 3.516811728477478027e-01 2.523914910852909088e-02
5.096979999999764914e+03 3.671895861625671387e-01 2.469966188073158264e-02
5.098459999999764477e+03 3.457676768302917480e-01 2.448142319917678833e-02
5.099939999999764041e+03 3.786617517471313477e-01 2.531684748828411102e-02
5.101419999999763604e+03 3.406579196453094482e-01 2.534283511340618134e-02
5.102899999999763168e+03 3.121623396873474121e-01 2.504609525203704834e-02
5.104379999999762731e+03 3.581216037273406982e-01 2.538942918181419373e-02
5.105859999999762294e+03 3.609406948089599609e-01 2.509728074073791504e-02
5.107339999999761858e+03 3.460674881935119629e-01 2.486016973853111267e-02
5.108819999999761421e+03 3.651363253593444824e-01 2.491102181375026703e-02
5.110299999999760985e+03 3.629425764083862305e-01 2.507889457046985626e-02
5.111779999999760548e+03 3.602921068668365479e-01 2.555207721889019012e-02
5.113259999999760112e+03 3.960607647895812988e-01 2.597250975668430328e-02
5.114739999999759675e+03 3.265323638916015625e-01 2.508891746401786804e-02
5.116219999999759239e+03 3.443973064422607422e-01 2.535654790699481964e-02
5.117699999999758802e+03 4.145273864269256592e-01 2.607057802379131317e-02
5.119179999999758365e+03 3.474436402320861816e-01 2.521095983684062958e-02
5.120659999999757929e+03 4.014641046524047852e-01 2.563136257231235504e-02
5.122139999999757492e+03 3.805682957172393799e-01 2.509734779596328735e-02
5.123619999999757056e+03 3.486385345458984375e-01 2.468326501548290253e-02
5.125099999999756619e+03 3.566202521324157715e-01 2.472170814871788025e-02
5.126579999999756183e+03 3.489598333835601807e-01 2.468177862465381622e-02
5.128059999999755746e+03 3.622604012489318848e-01 2.480570040643215179e-02
5.129539999999755310e+03 3.589112162590026855e-01 2.484264969825744629e-02
5.131019999999754873e+03 3.897214531898498535e-01 2.511334978044033051e-02
5.132499999999754436e+03 3.841770887374877930e-01 2.518894709646701813e-02
5.133979999999754000e+03 3.469420671463012695e-01 2.494429796934127808e-02
5.135459999999753563e+03 3.629435300827026367e-01 2.505397051572799683e-02
5.136939999999753127e+03 3.541224896907806396e-01 2.442758157849311829e-02
5.138419999999752690e+03 3.226977586746215820e-01 2.404407598078250885e-02
5.139899999999752254e+03 3.498601615428924561e-01 2.434148266911506653e-02
5.141379999999751817e+03 4.162741303443908691e-01 2.510910853743553162e-02
5.142859999999751381e+03 4.107259511947631836e-01 2.494064532220363617e-02
5.144339999999750944e+03 3.782576918601989746e-01 2.487760223448276520e-02
5.145819999999750507e+03 3.660874366760253906e-01 2.466847002506256104e-02
5.147299999999750071e+03 3.504104018211364746e-01 2.445832453668117523e-02
5.148779999999749634e+03 3.280463218688964844e-01 2.446738816797733307e-02
5.150259999999749198e+03 3.768839538097381592e-01 2.479309029877185822e-02
5.151739999999748761e+03 4.032325744628906250e-01 2.509441971778869629e-02
5.153219999999748325e+03 3.168497681617736816e-01 2.410294115543365479e-02
5.154699999999747888e+03 3.086171746253967285e-01 2.400868013501167297e-02
5.156179999999747452e+03 3.562262654304504395e-01 2.467410266399383545e-02
5.157659999999747015e+03 3.505797982215881348e-01 2.483740448951721191e-02
5.159139999999746578e+03 3.479710519313812256e-01 2.468520589172840118e-02
5.160619999999746142e+03 3.697779178619384766e-01 2.491376549005508423e-02
5.162099999999745705e+03 3.504526317119598389e-01 2.432179823517799377e-02
5.163579999999745269e+03 3.752885162830352783e-01 2.436806075274944305e-02
5.165059999999744832e+03 3.621717393398284912e-01 2.336197905242443085e-02
5.166539999999744396e+03 3.659631311893463135e-01 2.249868400394916534e-02
5.168019999999743959e+03 3.652755618095397949e-01 2.273843437433242798e-02
5.169499999999743522e+03 3.641134202480316162e-01 2.347061224281787872e-02
5.170979999999743086e+03 3.354406654834747314e-01 2.244275249540805817e-02
5.172459999999742649e+03 3.296000361442565918e-01 2.226132713258266449e-02
5.173939999999742213e+03 3.211221396923065186e-01 2.350720204412937164e-02
5.175419999999741776e+03 3.420094251632690430e-01 2.443546615540981293e-02
5.176899999999741340e+03 3.372383713722229004e-01 2.436999790370464325e-02
5.178379999999740903e+03 3.469439446926116943e-01 2.448213472962379456e-02
5.179859999999740467e+03 3.529035747051239014e-01 2.416289970278739929e-02
5.181339999999740030e+03 3.553125858306884766e-01 2.295606397092342377e-02
5.182819999999739593e+03 3.724097311496734619e-01 2.210068143904209137e-02
5.184299999999739157e+03 3.576824665069580078e-01 2.272099442780017853e-02
5.185779999999738720e+03 3.548749089241027832e-01 2.409803122282028198e-02
5.187259999999738284e+03 3.474420905113220215e-01 2.426751330494880676e-02
5.188739999999737847e+03 3.055150806903839111e-01 2.378353290259838104e-02
5.190219999999737411e+03 3.151472210884094238e-01 2.347543649375438690e-02
5.191699999999736974e+03 3.370853662490844727e-01 2.336819097399711609e-02
5.193179999999736538e+03 3.152771592140197754e-01 2.332281693816184998e-02
5.194659999999736101e+03 3.445778489112854004e-01 2.371492236852645874e-02
5.196139999999735664e+03 3.479959070682525635e-01 2.402512170374393463e-02
5.197619999999735228e+03 3.196721673011779785e-01 2.422176674008369446e-02
5.199099999999734791e+03 3.597133755683898926e-01 2.477272227406501770e-02
5.200579999999734355e+03 3.642257452011108398e-01 2.472060732543468475e-02
5.202059999999733918e+03 3.653509616851806641e-01 2.458696812391281128e-02
5.203539999999733482e+03 3.225180804729461670e-01 2.357997186481952667e-02
5.205019999999733045e+03 3.667201101779937744e-01 2.375139668583869934e-02
5.206499999999732609e+03 3.818721771240234375e-01 2.384623698890209198e-02
5.207979999999732172e+03 3.409633636474609375e-01 2.337380126118659973e-02
5.209459999999731735e+03 3.116169869899749756e-01 2.360672689974308014e-02
5.210939999999731299e+03 3.130994439125061035e-01 2.398760803043842316e-02
5.212419999999730862e+03 3.520864844322204590e-01 2.444942295551300049e-02
5.213899999999730426e+03 3.441651463508605957e-01 2.400338463485240936e-02
5.215379999999729989e+03 3.271794915199279785e-01 2.338093332946300507e-02
5.216859999999729553e+03 3.335290551185607910e-01 2.377801574766635895e-02
5.218339999999729116e+03 3.398692905902862549e-01 2.407089248299598694e-02
5.219819999999728680e+03 3.482099771499633789e-01 2.426794357597827911e-02
5.221299999999728243e+03 3.817008137702941895e-01 2.456198260188102722e-02
5.222779999999727806e+03 3.898732066154479980e-01 2.459674514830112457e-02
5.224259999999727370e+03 3.727293014526367188e-01 2.402702718973159790e-02
5.225739999999726933e+03 3.708706200122833252e-01 2.318861521780490875e-02
5.227219999999726497e+03 3.705904483795166016e-01 2.339654229581356049e-02
5.228699999999726060e+03 3.426491320133209229e-01 2.378842979669570923e-02
5.230179999999725624e+03 3.494852781295776367e-01 2.396114356815814972e-02
5.231659999999725187e+03 3.163436651229858398e-01 2.319505065679550171e-02
5.233139999999724751e+03 3.142655491828918457e-01 2.296621538698673248e-02
5.234619999999724314e+03 3.349098265171051025e-01 2.350477129220962524e-02
5.236099999999723877e+03 3.171114027500152588e-01 2.368419617414474487e-02
5.237579999999723441e+03 3.413475751876831055e-01 2.418452315032482147e-02
5.239059999999723004e+03 3.439084589481353760e-01 2.425426431000232697e-02
5.240539999999722568e+03 2.980250418186187744e-01 2.354745566844940186e-02
5.242019999999722131e+03 3.024293780326843262e-01 2.357426658272743225e-02
5.243499999999721695e+03 3.283520936965942383e-01 2.383602969348430634e-02
5.244979999999721258e+03 3.565252423286437988e-01 2.420398406684398651e-02
5.246459999999720822e+03 4.036656022071838379e-01 2.451344020664691925e-02
5.247939999999720385e+03 3.498480021953582764e-01 2.366378530859947205e-02
5.249419999999719948e+03 3.544861972332000732e-01 2.372190728783607483e-02
5.250899999999719512e+03 3.423256874084472656e-01 2.367586456239223480e-02
5.252379999999719075e+03 3.393853306770324707e-01 2.352473698556423187e-02
5.253859999999718639e+03 3.165821135044097900e-01 2.326312661170959473e-02
5.255339999999718202e+03 3.248691260814666748e-01 2.375014312565326691e-02
5.256819999999717766e+03 3.490622937679290771e-01 2.428079210221767426e-02
5.258299999999717329e+03 3.183682262897491455e-01 2.377910353243350983e-02
5.259779999999716892e+03 3.440677523612976074e-01 2.366906218230724335e-02
5.261259999999716456e+03 3.525481224060058594e-01 2.324364520609378815e-02
5.262739999999716019e+03 3.617771267890930176e-01 2.282626926898956299e-02
5.264219999999715583e+03 3.449555337429046631e-01 2.232183516025543213e-02
5.265699999999715146e+03 3.865164518356323242e-01 2.296835184097290039e-02
5.267179999999714710e+03 3.805769085884094238e-01 2.296007610857486725e-02
5.268659999999714273e+03 3.370341658592224121e-01 2.211342006921768188e-02
5.270139999999713837e+03 3.340573608875274658e-01 2.240349352359771729e-02
5.271619999999713400e+03 3.185603618621826172e-01 2.291961759328842163e-02
5.273099999999712963e+03 3.526834845542907715e-01 2.327452600002288818e-02
5.274579999999712527e+03 3.443548381328582764e-01 2.314024232327938080e-02
5.276059999999712090e+03 3.524170517921447754e-01 2.359419502317905426e-02
5.277539999999711654e+03 3.308439552783966064e-01 2.364085800945758820e-02
5.279019999999711217e+03 3.669620752334594727e-01 2.379596605896949768e-02
5.280499999999710781e+03 3.436792492866516113e-01 2.311187051236629486e-02
5.281979999999710344e+03 3.590479493141174316e-01 2.312364801764488220e-02
5.283459999999709908e+03 3.368266820907592773e-01 2.307447604835033417e-02
5.284939999999709471e+03 3.223802447319030762e-01 2.325152605772018433e-02
5.286419999999709034e+03 3.710415959358215332e-01 2.419087663292884827e-02
5.287899999999708598e+03 3.193780779838562012e-01 2.357529848814010620e-02
5.289379999999708161e+03 3.543206751346588135e-01 2.400778606534004211e-02
5.290859999999707725e+03 3.349241614341735840e-01 2.385290712118148804e-02
5.292339999999707288e+03 3.104425370693206787e-01 2.336712554097175598e-02
5.293819999999706852e+03 3.124130070209503174e-01 2.328856661915779114e-02
5.295299999999706415e+03 3.156771063804626465e-01 2.299699932336807251e-02
5.296779999999705979e+03 3.346519172191619873e-01 2.276475541293621063e-02
5.298259999999705542e+03 3.988882303237915039e-01 2.353268861770629883e-02
5.299739999999705105e+03 3.440806865692138672e-01 2.328141778707504272e-02
5.301219999999704669e+03 3.090465068817138672e-01 2.288896963000297546e-02
5.302699999999704232e+03 3.042293787002563477e-01 2.299661561846733093e-02
5.304179999999703796e+03 3.225805461406707764e-01 2.336817421019077301e-02
5.305659999999703359e+03 3.196188211441040039e-01 2.355853468179702759e-02
5.307139999999702923e+03 3.404659032821655273e-01 2.358365990221500397e-02
5.308619999999702486e+03 3.548367619514465332e-01 2.379101328551769257e-02
5.310099999999702050e+03 3.417949676513671875e-01 2.374155819416046143e-02
5.311579999999701613e+03 3.397920727729797363e-01 2.369750477373600006e-02
5.313059999999701176e+03 3.878722190856933594e-01 2.404825016856193542e-02
5.314539999999700740e+03 3.795335292816162109e-01 2.381445840001106262e-02
5.316019999999700303e+03 3.605545163154602051e-01 2.328714728355407715e-02
5.317499999999699867e+03 3.280895054340362549e-01 2.309253066778182983e-02
5.318979999999699430e+03 3.572167158126831055e-01 2.363529615104198456e-02
5.320459999999698994e+03 3.355076909065246582e-01 2.344067394733428955e-02
5.321939999999698557e+03 3.210612237453460693e-01 2.294268459081649780e-02
5.323419999999698121e+03 3.248551785945892334e-01 2.280517108738422394e-02
5.324899999999697684e+03 3.381159901618957520e-01 2.288642339408397675e-02
5.326379999999697247e+03 3.526844382286071777e-01 2.258234471082687378e-02
5.327859999999696811e+03 3.225625455379486084e-01 2.209046669304370880e-02
5.329339999999696374e+03 3.254278600215911865e-01 2.271754108369350433e-02
5.330819999999695938e+03 3.547714352607727051e-01 2.336222305893898010e-02
5.332299999999695501e+03 3.736315071582794189e-01 2.352898754179477692e-02
5.333779999999695065e+03 3.645547032356262207e-01 2.351919189095497131e-02
5.335259999999694628e+03 3.397300839424133301e-01 2.335009537637233734e-02
5.336739999999694192e+03 3.760876059532165527e-01 2.364113740622997284e-02
5.338219999999693755e+03 3.156518042087554932e-01 2.270394936203956604e-02
5.339699999999693318e+03 3.057021498680114746e-01 2.231198735535144806e-02
5.341179999999692882e+03 3.660663068294525146e-01 2.315388433635234833e-02
5.342659999999692445e+03 3.697113990783691406e-01 2.352787554264068604e-02
5.344139999999692009e+03 3.334842324256896973e-01 2.309168316423892975e-02
5.345619999999691572e+03 3.478693962097167969e-01 2.322299964725971222e-02
5.347099999999691136e+03 3.642385601997375488e-01 2.321433089673519135e-02
5.348579999999690699e+03 3.528222441673278809e-01 2.304223366081714630e-02
5.350059999999690262e+03 3.060725331306457520e-01 2.276144176721572876e-02
5.351539999999689826e+03 3.533412218093872070e-01 2.329200878739356995e-02
5.353019999999689389e+03 3.347279131412506104e-01 2.315413206815719604e-02
5.354499999999688953e+03 3.326049447059631348e-01 2.320296876132488251e-02
5.355979999999688516e+03 3.675986528396606445e-01 2.361721172928810120e-02
5.357459999999688080e+03 3.554887175559997559e-01 2.357182465493679047e-02
5.358939999999687643e+03 3.221947550773620605e-01 2.318945527076721191e-02
5.360419999999687207e+03 3.260413408279418945e-01 2.306418120861053467e-02
5.361899999999686770e+03 3.035723865032196045e-01 2.269150316715240479e-02
5.363379999999686333e+03 3.676117658615112305e-01 2.320519089698791504e-02
5.364859999999685897e+03 3.653655648231506348e-01 2.306091040372848511e-02
5.366339999999685460e+03 3.830919861793518066e-01 2.329352311789989471e-02
5.367819999999685024e+03 3.280073702335357666e-01 2.248944155871868134e-02
5.369299999999684587e+03 3.136164546012878418e-01 2.205749228596687317e-02
5.370779999999684151e+03 3.345576524734497070e-01 2.216498367488384247e-02
5.372259999999683714e+03 3.414626419544219971e-01 2.271365188062191010e-02
5.373739999999683278e+03 3.545022904872894287e-01 2.318308502435684204e-02
5.375219999999682841e+03 3.314546942710876465e-01 2.290446124970912933e-02
5.376699999999682404e+03 3.509517908096313477e-01 2.299135923385620117e-02
5.378179999999681968e+03 3.666266202926635742e-01 2.319617569446563721e-02
5.379659999999681531e+03 3.427551388740539551e-01 2.297297120094299316e-02
5.381139999999681095e+03 3.167435228824615479e-01 2.243745326995849609e-02
5.382619999999680658e+03 3.331338763236999512e-01 2.261756174266338348e-02
5.384099999999680222e+03 3.717683553695678711e-01 2.328918874263763428e-02
5.385579999999679785e+03 3.681310713291168213e-01 2.339284867048263550e-02
5.387059999999679349e+03 3.696019053459167480e-01 2.327070198953151703e-02
5.388539999999678912e+03 3.455782532691955566e-01 2.276979386806488037e-02
5.390019999999678475e+03 3.132125437259674072e-01 2.241425029933452606e-02
5.391499999999678039e+03 3.445721566677093506e-01 2.247950248420238495e-02
5.392979999999677602e+03 3.456341028213500977e-01 2.253935858607292175e-02
5.394459999999677166e+03 3.377174735069274902e-01 2.240991033613681793e-02
5.395939999999676729e+03 3.408573865890502930e-01 2.219528146088123322e-02
5.397419999999676293e+03 3.226085305213928223e-01 2.193956263363361359e-02
5.398899999999675856e+03 3.164609074592590332e-01 2.208156324923038483e-02
5.400379999999675420e+03 3.454390764236450195e-01 2.254859730601310730e-02
5.401859999999674983e+03 3.307351469993591309e-01 2.238258905708789825e-02
5.403339999999674546e+03 3.208009600639343262e-01 2.182358317077159882e-02
5.404819999999674110e+03 2.936081290245056152e-01 2.129042334854602814e-02
5.406299999999673673e+03 3.256156742572784424e-01 2.219527028501033783e-02
5.407779999999673237e+03 3.433667421340942383e-01 2.242038585245609283e-02
5.409259999999672800e+03 3.243163824081420898e-01 2.198995277285575867e-02
5.410739999999672364e+03 3.292748034000396729e-01 2.230640687048435211e-02
5.412219999999671927e+03 3.105499148368835449e-01 2.220028638839721680e-02
5.413699999999671491e+03 3.231628537178039551e-01 2.219469472765922546e-02
5.415179999999671054e+03 3.501440286636352539e-01 2.252063713967800140e-02
5.416659999999670617e+03 3.310089111328125000e-01 2.250129543244838715e-02
5.418139999999670181e+03 3.213770687580108643e-01 2.237423136830329895e-02
5.419619999999669744e+03 3.497399985790252686e-01 2.250763773918151855e-02
5.421099999999669308e+03 3.173578381538391113e-01 2.203079313039779663e-02
5.422579999999668871e+03 3.096373677253723145e-01 2.187494188547134399e-02
5.424059999999668435e+03 3.446538746356964111e-01 2.222019806504249573e-02
5.425539999999667998e+03 3.262899816036224365e-01 2.240881696343421936e-02
5.427019999999667561e+03 3.383324146270751953e-01 2.254393696784973145e-02
5.428499999999667125e+03 3.116530179977416992e-01 2.183338999748229980e-02
5.429979999999666688e+03 2.905458807945251465e-01 2.168443240225315094e-02
5.431459999999666252e+03 3.140199184417724609e-01 2.207946218550205231e-02
5.432939999999665815e+03 3.244136869907379150e-01 2.206760086119174957e-02
5.434419999999665379e+03 3.130526542663574219e-01 2.172453142702579498e-02
5.435899999999664942e+03 3.235548734664916992e-01 2.212249673902988434e-02
5.437379999999664506e+03 3.171105384826660156e-01 2.226138673722743988e-02
5.438859999999664069e+03 3.451527953147888184e-01 2.276245877146720886e-02
5.440339999999663632e+03 3.277086615562438965e-01 2.258381247520446777e-02
5.441819999999663196e+03 3.273437023162841797e-01 2.245266549289226532e-02
5.443299999999662759e+03 3.634988069534301758e-01 2.252614870667457581e-02
5.444779999999662323e+03 3.373559415340423584e-01 2.196116372942924500e-02
5.446259999999661886e+03 2.784509956836700439e-01 2.103653922677040100e-02
5.447739999999661450e+03 3.566708564758300781e-01 2.228526584804058075e-02
5.449219999999661013e+03 3.637778759002685547e-01 2.269729785621166229e-02
5.450699999999660577e+03 3.254093229770660400e-01 2.238523215055465698e-02
5.452179999999660140e+03 3.168402016162872314e-01 2.222371101379394531e-02
5.453659999999659703e+03 3.194113969802856445e-01 2.175472676753997803e-02
5.455139999999659267e+03 3.023454248905181885e-01 2.152846381068229675e-02
5.456619999999658830e+03 3.251230120658874512e-01 2.209191210567951202e-02
5.458099999999658394e+03 3.225288987159729004e-01 2.247298695147037506e-02
5.459579999999657957e+03 2.938027977943420410e-01 2.199957147240638733e-02
5.461059999999657521e+03 3.335447907447814941e-01 2.212397009134292603e-02
5.462539999999657084e+03 3.113286793231964111e-01 2.159255556762218475e-02
5.464019999999656648e+03 3.324703574180603027e-01 2.203651703894138336e-02
5.465499999999656211e+03 3.621539473533630371e-01 2.253535017371177673e-02
5.466979999999655774e+03 3.554694056510925293e-01 2.241222746670246124e-02
5.468459999999655338e+03 3.388755321502685547e-01 2.228951267898082733e-02
5.469939999999654901e+03 3.404787480831146240e-01 2.227608673274517059e-02
5.471419999999654465e+03 3.420734405517578125e-01 2.226049825549125671e-02
5.472899999999654028e+03 3.270532190799713135e-01 2.196608670055866241e-02
5.474379999999653592e+03 3.139043152332305908e-01 2.140353061258792877e-02
5.475859999999653155e+03 3.219493627548217773e-01 2.126507833600044250e-02
5.477339999999652719e+03 3.258229494094848633e-01 2.145649306476116180e-02
5.478819999999652282e+03 3.107404112815856934e-01 2.161698229610919952e-02
5.480299999999651845e+03 3.264091014862060547e-01 2.176022157073020935e-02
5.481779999999651409e+03 3.474047183990478516e-01 2.202495187520980835e-02
5.483259999999650972e+03 3.213987052440643311e-01 2.207824029028415680e-02
5.484739999999650536e+03 3.259486258029937744e-01 2.219099178910255432e-02
5.486219999999650099e+03 3.140705823898315430e-01 2.186711318790912628e-02
5.487699999999649663e+03 3.100278973579406738e-01 2.168803662061691284e-02
5.489179999999649226e+03 3.058899044990539551e-01 2.191990986466407776e-02
5.490659999999648790e+03 3.302252590656280518e-01 2.221895195543766022e-02
5.492139999999648353e+03 3.161550164222717285e-01 2.191041409969329834e-02
5.493619999999647916e+03 3.112355172634124756e-01 2.180409617722034454e-02
5.495099999999647480e+03 3.315329849720001221e-01 2.199216745793819427e-02
5.496579999999647043e+03 3.306832313537597656e-01 2.206605114042758942e-02
5.498059999999646607e+03 3.319132924079895020e-01 2.209758758544921875e-02
5.499539999999646170e+03 3.407385945320129395e-01 2.199480682611465454e-02
5.501019999999645734e+03 3.296292424201965332e-01 2.183147147297859192e-02
5.502499999999645297e+03 3.240417838096618652e-01 2.177362889051437378e-02
5.503979999999644861e+03 3.400820791721343994e-01 2.193419635295867920e-02
5.505459999999644424e+03 3.240651190280914307e-01 2.168531902134418488e-02
5.506939999999643987e+03 3.187395930290222168e-01 2.166480943560600281e-02
5.508419999999643551e+03 3.150945305824279785e-01 2.164968475699424744e-02
5.509899999999643114e+03 3.227153420448303223e-01 2.170106209814548492e-02
5.511379999999642678e+03 3.088676929473876953e-01 2.138766832649707794e-02
5.512859999999642241e+03 3.174156844615936279e-01 2.156314626336097717e-02
5.514339999999641805e+03 3.649685382843017578e-01 2.217563055455684662e-02
5.515819999999641368e+03 3.128972053527832031e-01 2.175353467464447021e-02
5.517299999999640931e+03 3.098129332065582275e-01 2.173852548003196716e-02
5.518779999999640495e+03 3.403364419937133789e-01 2.210304513573646545e-02
5.520259999999640058e+03 2.945618927478790283e-01 2.168279141187667847e-02
5.521739999999639622e+03 3.102107048034667969e-01 2.179654501378536224e-02
5.523219999999639185e+03 3.380289375782012939e-01 2.205020189285278320e-02
5.524699999999638749e+03 3.366557955741882324e-01 2.198176644742488861e-02
5.526179999999638312e+03 3.378418385982513428e-01 2.159463427960872650e-02
5.527659999999637876e+03 2.993190288543701172e-01 2.098272927105426788e-02
5.529139999999637439e+03 3.024652302265167236e-01 2.131273597478866577e-02
5.530619999999637002e+03 3.463844060897827148e-01 2.205271460115909576e-02
5.532099999999636566e+03 3.174881041049957275e-01 2.168149501085281372e-02
5.533579999999636129e+03 3.088829815387725830e-01 2.141569368541240692e-02
5.535059999999635693e+03 3.417651057243347168e-01 2.179294452071189880e-02
5.536539999999635256e+03 3.190165758132934570e-01 2.164011076092720032e-02
5.538019999999634820e+03 3.252549469470977783e-01 2.176351845264434814e-02
5.539499999999634383e+03 3.259564638137817383e-01 2.177952788770198822e-02
5.540979999999633947e+03 3.172852098941802979e-01 2.165601216256618500e-02
5.542459999999633510e+03 3.237350583076477051e-01 2.168737165629863739e-02
5.543939999999633073e+03 3.441758155822753906e-01 2.190748974680900574e-02
5.545419999999632637e+03 3.421455621719360352e-01 2.181134372949600220e-02
5.546899999999632200e+03 3.282781839370727539e-01 2.161663956940174103e-02
5.548379999999631764e+03 3.336755633354187012e-01 2.189469896256923676e-02
5.549859999999631327e+03 3.498682975769042969e-01 2.211931347846984863e-02
5.551339999999630891e+03 3.153916597366333008e-01 2.163876779377460480e-02
5.552819999999630454e+03 3.241212964057922363e-01 2.164365723729133606e-02
5.554299999999630018e+03 3.220022916793823242e-01 2.148049511015415192e-02
5.555779999999629581e+03 3.020162582397460938e-01 2.135972119867801666e-02
5.557259999999629144e+03 2.987822294235229492e-01 2.134350501000881195e-02
5.558739999999628708e+03 3.115324378013610840e-01 2.147798985242843628e-02
5.560219999999628271e+03 3.165951967239379883e-01 2.153687179088592529e-02
5.561699999999627835e+03 3.063737750053405762e-01 2.138459123671054840e-02
5.563179999999627398e+03 2.685708105564117432e-01 2.089645713567733765e-02
5.564659999999626962e+03 3.121424615383148193e-01 2.146111242473125458e-02
5.566139999999626525e+03 2.863766551017761230e-01 2.105660550296306610e-02
5.567619999999626089e+03 3.179506063461303711e-01 2.133667096495628357e-02
5.569099999999625652e+03 2.971895933151245117e-01 2.121156640350818634e-02
5.570579999999625215e+03 3.034943640232086182e-01 2.115436084568500519e-02
5.572059999999624779e+03 3.338952660560607910e-01 2.133090049028396606e-02
5.573539999999624342e+03 2.857635021209716797e-01 2.131742425262928009e-02
5.575019999999623906e+03 2.244357168674468994e-01 3.091669268906116486e-02
5.576499999999623469e+03 4.408774077892303467e-01 3.965310379862785339e-02
5.577979999999623033e+03 3.410012423992156982e-01 3.479333221912384033e-02
5.579459999999622596e+03 2.373647242784500122e-01 2.244083024561405182e-02
5.580939999999622160e+03 2.765485644340515137e-01 2.106720581650733948e-02
5.582419999999621723e+03 2.988066375255584717e-01 2.108795568346977234e-02
5.583899999999621286e+03 3.019714355468750000e-01 2.107137441635131836e-02
5.585379999999620850e+03 3.272005319595336914e-01 2.091277576982975006e-02
5.586859999999620413e+03 3.060498237609863281e-01 2.046059444546699524e-02
5.588339999999619977e+03 3.090567588806152344e-01 2.079495973885059357e-02
5.589819999999619540e+03 3.027356863021850586e-01 2.072282694280147552e-02
5.591299999999619104e+03 3.523382544517517090e-01 2.140267565846443176e-02
5.592779999999618667e+03 3.155360221862792969e-01 2.086955867707729340e-02
5.594259999999618231e+03 3.153086602687835693e-01 2.084163948893547058e-02
5.595739999999617794e+03 3.500577509403228760e-01 2.152464911341667175e-02
5.597219999999617357e+03 2.769816219806671143e-01 2.054159156978130341e-02
5.598699999999616921e+03 3.180887401103973389e-01 2.097039856016635895e-02
5.600179999999616484e+03 3.163873553276062012e-01 2.085651271045207977e-02
5.601659999999616048e+03 3.281860649585723877e-01 2.075821720063686371e-02
5.603139999999615611e+03 3.508867025375366211e-01 2.130814641714096069e-02
5.604619999999615175e+03 3.367483019828796387e-01 2.171020396053791046e-02
5.606099999999614738e+03 3.127570450305938721e-01 2.150994911789894104e-02
5.607579999999614301e+03 3.046844899654388428e-01 2.123164199292659760e-02
5.609059999999613865e+03 2.817134559154510498e-01 2.091014757752418518e-02
5.610539999999613428e+03 3.212865889072418213e-01 2.147170528769493103e-02
5.612019999999612992e+03 3.186345398426055908e-01 2.138079889118671417e-02
5.613499999999612555e+03 3.134787678718566895e-01 2.087606303393840790e-02
5.614979999999612119e+03 2.832597196102142334e-01 2.028685994446277618e-02
5.616459999999611682e+03 3.077509701251983643e-01 2.063752897083759308e-02
5.617939999999611246e+03 3.008748292922973633e-01 2.092274278402328491e-02
5.619419999999610809e+03 3.226548731327056885e-01 2.131166309118270874e-02
5.620899999999610372e+03 3.228064179420471191e-01 2.122374624013900757e-02
5.622379999999609936e+03 3.367694914340972900e-01 2.133522927761077881e-02
5.623859999999609499e+03 3.226550221443176270e-01 2.098956331610679626e-02
5.625339999999609063e+03 2.894243001937866211e-01 2.064457349479198456e-02
5.626819999999608626e+03 3.163542449474334717e-01 2.104868739843368530e-02
5.628299999999608190e+03 3.043445348739624023e-01 2.108020707964897156e-02
5.629779999999607753e+03 2.948096990585327148e-01 2.102737314999103546e-02
5.631259999999607317e+03 2.923977077007293701e-01 2.087868563830852509e-02
5.632739999999606880e+03 2.572910785675048828e-01 2.037967182695865631e-02
5.634219999999606443e+03 2.918502688407897949e-01 2.070699818432331085e-02
5.635699999999606007e+03 3.265802562236785889e-01 2.091386169195175171e-02
5.637179999999605570e+03 3.053236007690429688e-01 2.069293893873691559e-02
5.638659999999605134e+03 2.638474106788635254e-01 2.025820873677730560e-02
5.640139999999604697e+03 2.924566864967346191e-01 2.060231193900108337e-02
5.641619999999604261e+03 3.221533298492431641e-01 2.096045017242431641e-02
5.643099999999603824e+03 3.360831737518310547e-01 2.112673781812191010e-02
5.644579999999603388e+03 3.111612200736999512e-01 2.092342078685760498e-02
5.646059999999602951e+03 2.995665371417999268e-01 2.076199464499950409e-02
5.647539999999602514e+03 3.096793293952941895e-01 2.080759778618812561e-02
5.649019999999602078e+03 2.839187979698181152e-01 2.046314440667629242e-02
5.650499999999601641e+03 3.211276233196258545e-01 2.087245695292949677e-02
5.651979999999601205e+03 3.284059166908264160e-01 2.094904333353042603e-02
5.653459999999600768e+03 3.194245696067810059e-01 2.067001350224018097e-02
5.654939999999600332e+03 3.018982410430908203e-01 2.045360021293163300e-02
5.656419999999599895e+03 3.182159662246704102e-01 2.055369131267070770e-02
5.657899999999599459e+03 3.342788219451904297e-01 2.058298513293266296e-02
5.659379999999599022e+03 3.101348280906677246e-01 2.034484781324863434e-02
5.660859999999598585e+03 3.281459808349609375e-01 2.069654688239097595e-02
5.662339999999598149e+03 3.137947618961334229e-01 2.052701078355312347e-02
5.663819999999597712e+03 3.388087153434753418e-01 2.089127153158187866e-02
5.665299999999597276e+03 3.507164120674133301e-01 2.116897515952587128e-02
5.666779999999596839e+03 3.132767677307128906e-01 2.063389122486114502e-02
5.668259999999596403e+03 3.083776533603668213e-01 2.058416046202182770e-02
5.669739999999595966e+03 3.120875954627990723e-01 2.069625072181224823e-02
5.671219999999595530e+03 3.091966807842254639e-01 2.070852741599082947e-02
5.672699999999595093e+03 3.273174762725830078e-01 2.095990814268589020e-02
5.674179999999594656e+03 3.314901888370513916e-01 2.096334844827651978e-02
5.675659999999594220e+03 3.393496870994567871e-01 2.096863277256488800e-02
5.677139999999593783e+03 3.063303232192993164e-01 2.065019682049751282e-02
5.678619999999593347e+03 2.636516988277435303e-01 2.013280801475048065e-02
5.680099999999592910e+03 2.961722910404205322e-01 2.042919397354125977e-02
5.681579999999592474e+03 3.024916052818298340e-01 2.044055424630641937e-02
5.683059999999592037e+03 2.978873848915100098e-01 2.017809078097343445e-02
5.684539999999591600e+03 2.896052002906799316e-01 2.011108770966529846e-02
5.686019999999591164e+03 2.878384888172149658e-01 2.016929909586906433e-02
5.687499999999590727e+03 3.238752484321594238e-01 2.054738625884056091e-02
5.688979999999590291e+03 3.066361546516418457e-01 2.033757604658603668e-02
5.690459999999589854e+03 2.877489328384399414e-01 2.030799351632595062e-02
5.691939999999589418e+03 2.761589884757995605e-01 2.021018229424953461e-02
5.693419999999588981e+03 3.059372305870056152e-01 2.054662629961967468e-02
5.694899999999588545e+03 3.326912820339202881e-01 2.092861197888851166e-02
5.696379999999588108e+03 2.553342878818511963e-01 1.995564624667167664e-02
5.697859999999587671e+03 2.883111834526062012e-01 2.041072957217693329e-02
5.699339999999587235e+03 2.779526114463806152e-01 2.020860835909843445e-02
5.700819999999586798e+03 2.875645458698272705e-01 2.024949714541435242e-02
5.702299999999586362e+03 3.154992759227752686e-01 2.069232612848281860e-02
5.703779999999585925e+03 3.136498034000396729e-01 2.054827660322189331e-02
5.705259999999585489e+03 3.163549304008483887e-01 2.047006413340568542e-02
5.706739999999585052e+03 3.052521049976348877e-01 2.023701556026935577e-02
5.708219999999584616e+03 3.057633638381958008e-01 2.018492855131626129e-02
5.709699999999584179e+03 2.837727665901184082e-01 1.970261335372924805e-02
5.711179999999583742e+03 2.779433131217956543e-01 1.980455778539180756e-02
5.712659999999583306e+03 3.065609037876129150e-01 2.040887624025344849e-02
5.714139999999582869e+03 3.168373107910156250e-01 2.062472328543663025e-02
5.715619999999582433e+03 3.111629188060760498e-01 2.052797563374042511e-02
5.717099999999581996e+03 2.930412888526916504e-01 2.029191516339778900e-02
5.718579999999581560e+03 2.819678187370300293e-01 2.025230042636394501e-02
5.720059999999581123e+03 2.977705001831054688e-01 2.042324095964431763e-02
5.721539999999580687e+03 3.163936734199523926e-01 2.073869481682777405e-02
5.723019999999580250e+03 2.887704968452453613e-01 2.044130489230155945e-02
5.724499999999579813e+03 3.006610572338104248e-01 2.064353041350841522e-02
5.725979999999579377e+03 3.123515546321868896e-01 2.062872797250747681e-02
5.727459999999578940e+03 3.069565594196319580e-01 2.054609358310699463e-02
5.728939999999578504e+03 2.623810172080993652e-01 1.999433338642120361e-02
5.730419999999578067e+03 2.587107419967651367e-01 1.988490670919418335e-02
5.731899999999577631e+03 2.716450393199920654e-01 2.009796909987926483e-02
5.733379999999577194e+03 2.965560853481292725e-01 2.049489319324493408e-02
5.734859999999576758e+03 3.025808930397033691e-01 2.048830129206180573e-02
5.736339999999576321e+03 2.872246205806732178e-01 2.018330059945583344e-02
5.737819999999575884e+03 2.699881792068481445e-01 2.010697126388549805e-02
5.739299999999575448e+03 2.639357447624206543e-01 1.996847800910472870e-02
5.740779999999575011e+03 2.754160761833190918e-01 2.001278102397918701e-02
5.742259999999574575e+03 2.517127990722656250e-01 1.970076002180576324e-02
5.743739999999574138e+03 2.948455512523651123e-01 2.033135294914245605e-02
5.745219999999573702e+03 2.915013432502746582e-01 2.024059370160102844e-02
5.746699999999573265e+03 2.838985323905944824e-01 2.000178582966327667e-02
5.748179999999572829e+03 2.823037505149841309e-01 2.002850174903869629e-02
5.749659999999572392e+03 3.062305748462677002e-01 2.038530446588993073e-02
5.751139999999571955e+03 2.995805740356445312e-01 2.014667540788650513e-02
5.752619999999571519e+03 2.789958715438842773e-01 1.969576254487037659e-02
5.754099999999571082e+03 2.886090874671936035e-01 1.987528614699840546e-02
5.755579999999570646e+03 2.820644974708557129e-01 2.002226188778877258e-02
5.757059999999570209e+03 2.740229964256286621e-01 2.000202611088752747e-02
5.758539999999569773e+03 2.529809176921844482e-01 1.970249414443969727e-02
5.760019999999569336e+03 2.799270749092102051e-01 1.991078816354274750e-02
5.761499999999568900e+03 2.728559076786041260e-01 1.960162073373794556e-02
5.762979999999568463e+03 2.743706107139587402e-01 1.977330446243286133e-02
5.764459999999568026e+03 3.072592020034790039e-01 2.036289498209953308e-02
5.765939999999567590e+03 2.924914360046386719e-01 2.023511752486228943e-02
5.767419999999567153e+03 2.611313760280609131e-01 1.986971311271190643e-02
5.768899999999566717e+03 2.694862186908721924e-01 1.989820972084999084e-02
5.770379999999566280e+03 2.725369334220886230e-01 1.984418369829654694e-02
5.771859999999565844e+03 3.009136319160461426e-01 2.016159705817699432e-02
5.773339999999565407e+03 3.152214884757995605e-01 2.022924087941646576e-02
5.774819999999564970e+03 2.986047267913818359e-01 2.012456022202968597e-02
5.776299999999564534e+03 2.727438509464263916e-01 1.996107771992683411e-02
5.777779999999564097e+03 3.296460807323455811e-01 2.054943889379501343e-02
5.779259999999563661e+03 3.236703872680664062e-01 2.026391774415969849e-02
5.780739999999563224e+03 2.831518054008483887e-01 1.964792609214782715e-02
5.782219999999562788e+03 2.619567513465881348e-01 1.941617578268051147e-02
5.783699999999562351e+03 2.946541905403137207e-01 1.977712474763393402e-02
5.785179999999561915e+03 3.036389052867889404e-01 1.986811310052871704e-02
5.786659999999561478e+03 2.997491359710693359e-01 1.999770104885101318e-02
5.788139999999561041e+03 3.038149774074554443e-01 2.008976787328720093e-02
5.789619999999560605e+03 3.040792644023895264e-01 2.007207088172435760e-02
5.791099999999560168e+03 2.950370907783508301e-01 1.990926079452037811e-02
5.792579999999559732e+03 2.816792130470275879e-01 1.980104111135005951e-02
5.794059999999559295e+03 2.822935581207275391e-01 1.982416212558746338e-02
5.795539999999558859e+03 2.638446688652038574e-01 1.970923505723476410e-02
5.797019999999558422e+03 2.610590755939483643e-01 1.956714503467082977e-02
5.798499999999557986e+03 2.715898752212524414e-01 1.965711824595928192e-02
5.799979999999557549e+03 2.741762399673461914e-01 1.981303468346595764e-02
5.801459999999557112e+03 2.572187483310699463e-01 1.969288475811481476e-02
5.802939999999556676e+03 2.819021940231323242e-01 1.982193812727928162e-02
5.804419999999556239e+03 2.825541794300079346e-01 1.977082900702953339e-02
5.805899999999555803e+03 2.599341273307800293e-01 1.946073770523071289e-02
5.807379999999555366e+03 2.760727703571319580e-01 1.967610791325569153e-02
5.808859999999554930e+03 2.649469375610351562e-01 1.963080838322639465e-02
5.810339999999554493e+03 2.632882595062255859e-01 1.962045207619667053e-02
5.811819999999554057e+03 2.752539813518524170e-01 1.986134052276611328e-02
5.813299999999553620e+03 2.560788989067077637e-01 1.957980543375015259e-02
5.814779999999553183e+03 2.562550604343414307e-01 1.939401030540466309e-02
5.816259999999552747e+03 3.149208724498748779e-01 2.013791352510452271e-02
5.817739999999552310e+03 2.865461707115173340e-01 1.988091692328453064e-02
5.819219999999551874e+03 2.909013628959655762e-01 1.999390497803688049e-02
5.820699999999551437e+03 2.924707233905792236e-01 2.005685493350028992e-02
5.822179999999551001e+03 2.821013629436492920e-01 1.996676623821258545e-02
5.823659999999550564e+03 2.718049883842468262e-01 1.984416693449020386e-02
5.825139999999550128e+03 2.948079705238342285e-01 2.000470086932182312e-02
5.826619999999549691e+03 2.982562780380249023e-01 1.995916478335857391e-02
5.828099999999549254e+03 2.938921451568603516e-01 1.996748335659503937e-02
5.829579999999548818e+03 3.141034841537475586e-01 2.029016241431236267e-02
5.831059999999548381e+03 2.977125644683837891e-01 2.007217518985271454e-02
5.832539999999547945e+03 2.951864898204803467e-01 1.998669654130935669e-02
5.834019999999547508e+03 3.020546436309814453e-01 2.006238698959350586e-02
5.835499999999547072e+03 3.145028054714202881e-01 2.018730528652667999e-02
5.836979999999546635e+03 3.204955458641052246e-01 2.011729590594768524e-02
5.838459999999546199e+03 3.090092539787292480e-01 2.000091969966888428e-02
5.839939999999545762e+03 2.990664243698120117e-01 1.993277296423912048e-02
5.841419999999545325e+03 2.773715853691101074e-01 1.969568990170955658e-02
5.842899999999544889e+03 2.942548394203186035e-01 1.982922479510307312e-02
5.844379999999544452e+03 3.279677331447601318e-01 2.026241831481456757e-02
5.845859999999544016e+03 3.351979255676269531e-01 2.030560560524463654e-02
5.847339999999543579e+03 3.077615499496459961e-01 1.988180540502071381e-02
5.848819999999543143e+03 3.365451097488403320e-01 2.023719996213912964e-02
5.850299999999542706e+03 3.205518424510955811e-01 1.998553611338138580e-02
5.851779999999542270e+03 2.885335683822631836e-01 1.959499344229698181e-02
5.853259999999541833e+03 2.869209647178649902e-01 1.961104571819305420e-02
5.854739999999541396e+03 2.883173823356628418e-01 1.949577406048774719e-02
5.856219999999540960e+03 3.073318898677825928e-01 1.955189183354377747e-02
5.857699999999540523e+03 3.151987195014953613e-01 1.961551979184150696e-02
5.859179999999540087e+03 3.151075839996337891e-01 1.963144354522228241e-02
5.860659999999539650e+03 2.978019118309020996e-01 1.957869715988636017e-02
5.862139999999539214e+03 2.990175187587738037e-01 1.962208561599254608e-02
5.863619999999538777e+03 2.935261726379394531e-01 1.971574686467647552e-02
5.865099999999538340e+03 3.064900934696197510e-01 2.015117555856704712e-02
5.866579999999537904e+03 3.025251626968383789e-01 2.013554051518440247e-02
5.868059999999537467e+03 2.622611522674560547e-01 1.961032859981060028e-02
5.869539999999537031e+03 2.954396307468414307e-01 1.985919289290904999e-02
5.871019999999536594e+03 3.123573064804077148e-01 1.988171786069869995e-02
5.872499999999536158e+03 2.977595925331115723e-01 1.976320147514343262e-02
5.873979999999535721e+03 3.178570866584777832e-01 2.005378343164920807e-02
5.875459999999535285e+03 3.146900534629821777e-01 1.990200951695442200e-02
5.876939999999534848e+03 3.109797835350036621e-01 1.975944451987743378e-02
5.878419999999534411e+03 2.870690524578094482e-01 1.952460221946239471e-02
5.879899999999533975e+03 2.647411525249481201e-01 1.920674741268157959e-02
5.881379999999533538e+03 2.827064394950866699e-01 1.930341683328151703e-02
5.882859999999533102e+03 2.915698587894439697e-01 1.937092654407024384e-02
5.884339999999532665e+03 2.771413326263427734e-01 1.923811063170433044e-02
5.885819999999532229e+03 2.779402434825897217e-01 1.924941688776016235e-02
5.887299999999531792e+03 2.940617203712463379e-01 1.999368891119956970e-02
5.888779999999531356e+03 2.781680524349212646e-01 2.020879648625850677e-02
5.890259999999530919e+03 2.592847943305969238e-01 1.951151154935359955e-02
5.891739999999530482e+03 2.416469603776931763e-01 1.865120977163314819e-02
5.893219999999530046e+03 2.542608380317687988e-01 1.882350072264671326e-02
5.894699999999529609e+03 2.689680159091949463e-01 1.941323839128017426e-02
5.896179999999529173e+03 2.775283157825469971e-01 1.929118856787681580e-02
5.897659999999528736e+03 2.480685263872146606e-01 1.866075210273265839e-02
5.899139999999528300e+03 2.912207841873168945e-01 1.906619593501091003e-02
5.900619999999527863e+03 2.637173831462860107e-01 1.887155137956142426e-02
5.902099999999527427e+03 2.721818983554840088e-01 1.917124912142753601e-02
5.903579999999526990e+03 5.231202840805053711e-01 2.205950580537319183e-02
5.905059999999526553e+03 5.789875984191894531e-01 2.269885875284671783e-02
5.906539999999526117e+03 4.307674169540405273e-01 2.109223976731300354e-02
5.908019999999525680e+03 2.780970335006713867e-01 1.929573714733123779e-02
5.909499999999525244e+03 2.710078358650207520e-01 1.906381919980049133e-02
5.910979999999524807e+03 2.831297814846038818e-01 1.927440799772739410e-02
5.912459999999524371e+03 2.925089001655578613e-01 1.946419104933738708e-02
5.913939999999523934e+03 2.806835174560546875e-01 1.957865059375762939e-02
5.915419999999523498e+03 2.640753388404846191e-01 1.924470253288745880e-02
5.916899999999523061e+03 2.437851428985595703e-01 1.890722662210464478e-02
5.918379999999522624e+03 2.238304913043975830e-01 1.829465292394161224e-02
5.919859999999522188e+03 2.177019417285919189e-01 1.821830682456493378e-02
5.921339999999521751e+03 2.469826638698577881e-01 1.875960640609264374e-02
5.922819999999521315e+03 2.486585676670074463e-01 1.877264119684696198e-02
5.924299999999520878e+03 2.572728395462036133e-01 1.892448961734771729e-02
5.925779999999520442e+03 2.348432391881942749e-01 1.879186928272247314e-02
5.927259999999520005e+03 2.423057556152343750e-01 1.868325285613536835e-02
5.928739999999519569e+03 2.508253455162048340e-01 1.870189420878887177e-02
5.930219999999519132e+03 2.971975803375244141e-01 1.929461210966110229e-02
5.931699999999518695e+03 2.683634757995605469e-01 1.931417733430862427e-02
5.933179999999518259e+03 2.902143299579620361e-01 1.945121958851814270e-02
5.934659999999517822e+03 2.434958517551422119e-01 1.884962618350982666e-02
5.936139999999517386e+03 2.923259735107421875e-01 1.932894624769687653e-02
5.937619999999516949e+03 2.942236959934234619e-01 1.933968998491764069e-02
5.939099999999516513e+03 2.946575284004211426e-01 1.918980106711387634e-02
5.940579999999516076e+03 2.752581238746643066e-01 1.870233938097953796e-02
5.942059999999515640e+03 2.561268508434295654e-01 1.851756311953067780e-02
5.943539999999515203e+03 2.675625085830688477e-01 1.876296289265155792e-02
5.945019999999514766e+03 2.453453540802001953e-01 1.853472366929054260e-02
5.946499999999514330e+03 2.752725780010223389e-01 1.885877735912799835e-02
5.947979999999513893e+03 2.608457803726196289e-01 1.851054094731807709e-02
5.949459999999513457e+03 2.695249915122985840e-01 1.873404905200004578e-02
5.950939999999513020e+03 2.680646777153015137e-01 1.898486353456974030e-02
5.952419999999512584e+03 2.751729488372802734e-01 1.935715787112712860e-02
5.953899999999512147e+03 2.612793743610382080e-01 1.925830356776714325e-02
5.955379999999511710e+03 2.509983479976654053e-01 1.886890269815921783e-02
5.956859999999511274e+03 2.689381539821624756e-01 1.873622834682464600e-02
5.958339999999510837e+03 2.666299343109130859e-01 1.869833655655384064e-02
5.959819999999510401e+03 2.657680511474609375e-01 1.893322169780731201e-02
5.961299999999509964e+03 2.270682007074356079e-01 1.858103461563587189e-02
5.962779999999509528e+03 2.728847265243530273e-01 1.915150694549083710e-02
5.964259999999509091e+03 2.351367175579071045e-01 1.863320171833038330e-02
5.965739999999508655e+03 2.376561909914016724e-01 1.851991936564445496e-02
5.967219999999508218e+03 2.504283785820007324e-01 1.860923878848552704e-02
5.968699999999507781e+03 2.555538415908813477e-01 1.883862912654876709e-02
5.970179999999507345e+03 2.601985335350036621e-01 1.902562752366065979e-02
5.971659999999506908e+03 2.578202486038208008e-01 1.895757764577865601e-02
5.973139999999506472e+03 2.552867531776428223e-01 1.875980570912361145e-02
5.974619999999506035e+03 2.775079309940338135e-01 1.898046210408210754e-02
5.976099999999505599e+03 2.689831256866455078e-01 1.886796578764915466e-02
5.977579999999505162e+03 2.687703073024749756e-01 1.892703771591186523e-02
5.979059999999504726e+03 2.888961136341094971e-01 1.911488920450210571e-02
5.980539999999504289e+03 2.551749050617218018e-01 1.871252059936523438e-02
5.982019999999503852e+03 2.596027851104736328e-01 1.868508756160736084e-02
5.983499999999503416e+03 2.608729898929595947e-01 1.847608946263790131e-02
5.984979999999502979e+03 2.588298022747039795e-01 1.839456520974636078e-02
5.986459999999502543e+03 2.691410779953002930e-01 1.855988800525665283e-02
5.987939999999502106e+03 2.569086849689483643e-01 1.853053830564022064e-02
5.989419999999501670e+03 2.646305561065673828e-01 1.851870119571685791e-02
5.990899999999501233e+03 2.883844673633575439e-01 1.876326277852058411e-02
5.992379999999500797e+03 2.650175094604492188e-01 1.864209957420825958e-02
5.993859999999500360e+03 2.609734237194061279e-01 1.864643394947052002e-02
5.995339999999499923e+03 2.984095811843872070e-01 1.909376680850982666e-02
5.996819999999499487e+03 2.828472852706909180e-01 1.885359175503253937e-02
5.998299999999499050e+03 2.689570784568786621e-01 1.866847462952136993e-02
5.999779999999498614e+03 2.663499116897583008e-01 1.873701810836791992e-02
6.001259999999498177e+03 2.641052901744842529e-01 1.863669231534004211e-02
6.002739999999497741e+03 2.911559343338012695e-01 1.894687488675117493e-02
6.004219999999497304e+03 2.841605246067047119e-01 1.901177503168582916e-02
6.005699999999496868e+03 2.568180561065673828e-01 1.864077337086200714e-02
6.007179999999496431e+03 2.678433358669281006e-01 1.857865788042545319e-02
6.008659999999495994e+03 2.765746414661407471e-01 1.865594647824764252e-02
6.010139999999495558e+03 2.694949507713317871e-01 1.871879957616329193e-02
6.011619999999495121e+03 2.652659118175506592e-01 1.865901425480842590e-02
6.013099999999494685e+03 2.470793575048446655e-01 1.837367005646228790e-02
6.014579999999494248e+03 2.114358544349670410e-01 1.782619394361972809e-02
6.016059999999493812e+03 2.392093241214752197e-01 1.825954020023345947e-02
6.017539999999493375e+03 2.720618844032287598e-01 1.879709586501121521e-02
6.019019999999492939e+03 2.406425178050994873e-01 1.815961673855781555e-02
6.020499999999492502e+03 2.492735683917999268e-01 1.817530952394008636e-02
6.021979999999492065e+03 2.554953992366790771e-01 1.833617687225341797e-02
6.023459999999491629e+03 2.805018424987792969e-01 1.866089552640914917e-02
6.024939999999491192e+03 2.404974102973937988e-01 1.820546761155128479e-02
6.026419999999490756e+03 2.663781940937042236e-01 1.843519322574138641e-02
6.027899999999490319e+03 2.358002215623855591e-01 1.816527359187602997e-02
6.029379999999489883e+03 2.932621836662292480e-01 1.887070015072822571e-02
6.030859999999489446e+03 2.771965563297271729e-01 1.861734688282012939e-02
6.032339999999489009e+03 2.954716086387634277e-01 1.894056238234043121e-02
6.033819999999488573e+03 2.316139638423919678e-01 1.821559295058250427e-02
6.035299999999488136e+03 2.602631449699401855e-01 1.845296099781990051e-02
6.036779999999487700e+03 2.695912122726440430e-01 1.859351433813571930e-02
6.038259999999487263e+03 2.525171637535095215e-01 1.840147003531455994e-02
6.039739999999486827e+03 2.636817097663879395e-01 1.849796064198017120e-02
6.041219999999486390e+03 2.845920026302337646e-01 1.869015395641326904e-02
6.042699999999485954e+03 2.422565817832946777e-01 1.823888346552848816e-02
6.044179999999485517e+03 2.552223205566406250e-01 1.835150271654129028e-02
6.045659999999485080e+03 2.563119828701019287e-01 1.839654333889484406e-02
6.047139999999484644e+03 2.505469322204589844e-01 1.837448216974735260e-02
6.048619999999484207e+03 2.767338156700134277e-01 1.872835867106914520e-02
6.050099999999483771e+03 2.524547278881072998e-01 1.845280267298221588e-02
6.051579999999483334e+03 2.581579983234405518e-01 1.846243813633918762e-02
6.053059999999482898e+03 2.462396472692489624e-01 1.834308914840221405e-02
6.054539999999482461e+03 2.664318382740020752e-01 1.845784299075603485e-02
6.056019999999482025e+03 2.452944815158843994e-01 1.819684170186519623e-02
6.057499999999481588e+03 2.508866488933563232e-01 1.843520440161228180e-02
6.058979999999481151e+03 2.667298614978790283e-01 1.858029887080192566e-02
6.060459999999480715e+03 2.845540642738342285e-01 1.884028501808643341e-02
6.061939999999480278e+03 2.586713433265686035e-01 1.854289509356021881e-02
6.063419999999479842e+03 2.481337338685989380e-01 1.824888586997985840e-02
6.064899999999479405e+03 2.522983551025390625e-01 1.821322180330753326e-02
6.066379999999478969e+03 2.662146091461181641e-01 1.848044246435165405e-02
6.067859999999478532e+03 2.733644545078277588e-01 1.864069513976573944e-02
6.069339999999478096e+03 2.871257066726684570e-01 1.871850155293941498e-02
6.070819999999477659e+03 2.696479558944702148e-01 1.847058720886707306e-02
6.072299999999477222e+03 2.553026676177978516e-01 1.828821375966072083e-02
6.073779999999476786e+03 2.747826874256134033e-01 1.860659196972846985e-02
6.075259999999476349e+03 2.518077492713928223e-01 1.826618425548076630e-02
6.076739999999475913e+03 2.566613256931304932e-01 1.820444501936435699e-02
6.078219999999475476e+03 2.844427227973937988e-01 1.847942918539047241e-02
6.079699999999475040e+03 2.679894864559173584e-01 1.837617158889770508e-02
6.081179999999474603e+03 2.493705302476882935e-01 1.826929301023483276e-02
6.082659999999474167e+03 2.456874847412109375e-01 1.812556199729442596e-02
6.084139999999473730e+03 2.754506468772888184e-01 1.844883523881435394e-02
6.085619999999473293e+03 2.689617872238159180e-01 1.838494278490543365e-02
6.087099999999472857e+03 2.558364868164062500e-01 1.820214278995990753e-02
6.088579999999472420e+03 2.715123295783996582e-01 1.846487633883953094e-02
6.090059999999471984e+03 2.572854161262512207e-01 1.827059872448444366e-02
6.091539999999471547e+03 2.708601057529449463e-01 1.838678307831287384e-02
6.093019999999471111e+03 2.637920677661895752e-01 1.831541024148464203e-02
6.094499999999470674e+03 2.295404225587844849e-01 1.794390194118022919e-02
6.095979999999470238e+03 2.649160027503967285e-01 1.837186887860298157e-02
6.097459999999469801e+03 2.453761398792266846e-01 1.812184974551200867e-02
6.098939999999469364e+03 2.378200590610504150e-01 1.810664124786853790e-02
6.100419999999468928e+03 2.532680034637451172e-01 1.806391775608062744e-02
6.101899999999468491e+03 2.769578397274017334e-01 1.800872571766376495e-02
6.103379999999468055e+03 2.594659924507141113e-01 1.786815933883190155e-02
6.104859999999467618e+03 2.760624885559082031e-01 1.822201348841190338e-02
6.106339999999467182e+03 2.748706340789794922e-01 1.826994679868221283e-02
6.107819999999466745e+03 2.524890303611755371e-01 1.788813434541225433e-02
6.109299999999466309e+03 2.518209218978881836e-01 1.812321692705154419e-02
6.110779999999465872e+03 2.798404395580291748e-01 1.841957308351993561e-02
6.112259999999465435e+03 2.407399713993072510e-01 1.790202781558036804e-02
6.113739999999464999e+03 2.463534176349639893e-01 1.801848225295543671e-02
6.115219999999464562e+03 2.239339947700500488e-01 1.774447783827781677e-02
6.116699999999464126e+03 2.889243960380554199e-01 1.855823025107383728e-02
6.118179999999463689e+03 2.771611213684082031e-01 1.842052303254604340e-02
6.119659999999463253e+03 2.429190576076507568e-01 1.797273382544517517e-02
6.121139999999462816e+03 2.428466081619262695e-01 1.768423058092594147e-02
6.122619999999462379e+03 2.505124807357788086e-01 1.778489351272583008e-02
6.124099999999461943e+03 2.509949207305908203e-01 1.797628588974475861e-02
6.125579999999461506e+03 2.607494294643402100e-01 1.816193759441375732e-02
6.127059999999461070e+03 2.597082555294036865e-01 1.809702813625335693e-02
6.128539999999460633e+03 2.196242511272430420e-01 1.763773895800113678e-02
6.130019999999460197e+03 2.594512104988098145e-01 1.807801611721515656e-02
6.131499999999459760e+03 2.700663208961486816e-01 1.819115504622459412e-02
6.132979999999459324e+03 2.481655180454254150e-01 1.802432537078857422e-02
6.134459999999458887e+03 2.581962347030639648e-01 1.798387803137302399e-02
6.135939999999458450e+03 2.743681669235229492e-01 1.787020079791545868e-02
6.137419999999458014e+03 2.599862813949584961e-01 1.760609820485115051e-02
6.138899999999457577e+03 2.473383545875549316e-01 1.772936619818210602e-02
6.140379999999457141e+03 2.663976848125457764e-01 1.805145293474197388e-02
6.141859999999456704e+03 2.697408795356750488e-01 1.807654276490211487e-02
6.143339999999456268e+03 2.324336022138595581e-01 1.770303025841712952e-02
6.144819999999455831e+03 2.427398562431335449e-01 1.790113188326358795e-02
6.146299999999455395e+03 2.785789370536804199e-01 1.837730407714843750e-02
6.147779999999454958e+03 2.481895685195922852e-01 1.792179606854915619e-02
6.149259999999454521e+03 2.183368802070617676e-01 1.752394065260887146e-02
6.150739999999454085e+03 2.358007282018661499e-01 1.787162013351917267e-02
6.152219999999453648e+03 2.827353179454803467e-01 1.833710819482803345e-02
6.153699999999453212e+03 2.814909815788269043e-01 1.824531145393848419e-02
6.155179999999452775e+03 2.468059360980987549e-01 1.776104606688022614e-02
6.156659999999452339e+03 2.355000972747802734e-01 1.764809899032115936e-02
6.158139999999451902e+03 2.372702062129974365e-01 1.774102449417114258e-02
6.159619999999451466e+03 2.547514140605926514e-01 1.777902618050575256e-02
6.161099999999451029e+03 2.706337869167327881e-01 1.773365028202533722e-02
6.162579999999450592e+03 2.705727219581604004e-01 1.748237945139408112e-02
6.164059999999450156e+03 2.465064227581024170e-01 1.749530620872974396e-02
6.165539999999449719e+03 2.623480856418609619e-01 1.782959513366222382e-02
6.167019999999449283e+03 2.171668112277984619e-01 1.719452254474163055e-02
6.168499999999448846e+03 2.437940835952758789e-01 1.748616620898246765e-02
6.169979999999448410e+03 2.387080937623977661e-01 1.759864017367362976e-02
6.171459999999447973e+03 2.493089437484741211e-01 1.784948818385601044e-02
6.172939999999447537e+03 2.710486054420471191e-01 1.801581308245658875e-02
6.174419999999447100e+03 2.668146789073944092e-01 1.803458854556083679e-02
6.175899999999446663e+03 2.474365830421447754e-01 1.776047982275485992e-02
6.177379999999446227e+03 2.536538541316986084e-01 1.785689592361450195e-02
6.178859999999445790e+03 2.311927974224090576e-01 1.760107837617397308e-02
6.180339999999445354e+03 2.368973493576049805e-01 1.766782253980636597e-02
6.181819999999444917e+03 2.679937183856964111e-01 1.809687539935112000e-02
6.183299999999444481e+03 2.601583302021026611e-01 1.800857856869697571e-02
6.184779999999444044e+03 2.509529292583465576e-01 1.791670545935630798e-02
6.186259999999443608e+03 2.484791278839111328e-01 1.782884448766708374e-02
6.187739999999443171e+03 2.513791918754577637e-01 1.788124442100524902e-02
6.189219999999442734e+03 2.473950833082199097e-01 1.768500916659832001e-02
6.190699999999442298e+03 2.394515722990036011e-01 1.737726293504238129e-02
6.192179999999441861e+03 2.228429317474365234e-01 1.735787652432918549e-02
6.193659999999441425e+03 2.541491985321044922e-01 1.782003976404666901e-02
6.195139999999440988e+03 2.418917417526245117e-01 1.767324097454547882e-02
6.196619999999440552e+03 2.442597150802612305e-01 1.765332370996475220e-02
6.198099999999440115e+03 2.677147388458251953e-01 1.787918619811534882e-02
6.199579999999439679e+03 2.405602931976318359e-01 1.750736683607101440e-02
6.201059999999439242e+03 2.491511553525924683e-01 1.776734180748462677e-02
6.202539999999438805e+03 2.629784941673278809e-01 1.814087852835655212e-02
6.204019999999438369e+03 2.443688660860061646e-01 1.780352927744388580e-02
6.205499999999437932e+03 2.402085959911346436e-01 1.763352751731872559e-02
6.206979999999437496e+03 2.221670001745223999e-01 1.745985262095928192e-02
6.208459999999437059e+03 2.184260934591293335e-01 1.746628619730472565e-02
6.209939999999436623e+03 2.515794038772583008e-01 1.782461814582347870e-02
6.211419999999436186e+03 2.482941448688507080e-01 1.779444515705108643e-02
6.212899999999435749e+03 2.319775968790054321e-01 1.750089228153228760e-02
6.214379999999435313e+03 2.345271408557891846e-01 1.734349876642227173e-02
6.215859999999434876e+03 2.882412075996398926e-01 1.815192960202693939e-02
6.217339999999434440e+03 2.606597542762756348e-01 1.790809258818626404e-02
6.218819999999434003e+03 2.531478703022003174e-01 1.777828298509120941e-02
6.220299999999433567e+03 2.458855360746383667e-01 1.779446564614772797e-02
6.221779999999433130e+03 2.243650108575820923e-01 1.761869713664054871e-02
6.223259999999432694e+03 2.798103690147399902e-01 1.813532970845699310e-02
6.224739999999432257e+03 2.732097804546356201e-01 1.788176968693733215e-02
6.226219999999431820e+03 2.467236816883087158e-01 1.749710738658905029e-02
6.227699999999431384e+03 2.626607716083526611e-01 1.770167239010334015e-02
6.229179999999430947e+03 2.391185462474822998e-01 1.723820716142654419e-02
6.230659999999430511e+03 2.470953017473220825e-01 1.731887273490428925e-02
6.232139999999430074e+03 2.314132153987884521e-01 1.741404086351394653e-02
6.233619999999429638e+03 2.352553158998489380e-01 1.809851825237274170e-02
6.235099999999429201e+03 2.438386678695678711e-01 1.852395944297313690e-02
6.236579999999428765e+03 2.673639655113220215e-01 1.851489767432212830e-02
6.238059999999428328e+03 2.453652769327163696e-01 1.777676679193973541e-02
6.239539999999427891e+03 2.149623185396194458e-01 1.743550412356853485e-02
6.241019999999427455e+03 2.633069455623626709e-01 1.806740835309028625e-02
6.242499999999427018e+03 2.669336199760437012e-01 1.799656823277473450e-02
6.243979999999426582e+03 2.353031337261199951e-01 1.745420880615711212e-02
6.245459999999426145e+03 2.277397513389587402e-01 1.717019639909267426e-02
6.246939999999425709e+03 2.271623313426971436e-01 1.712921261787414551e-02
6.248419999999425272e+03 2.165118753910064697e-01 1.697066053748130798e-02
6.249899999999424836e+03 2.456056773662567139e-01 1.742471382021903992e-02
6.251379999999424399e+03 2.670566737651824951e-01 1.758897863328456879e-02
6.252859999999423962e+03 2.526979744434356689e-01 1.716477982699871063e-02
6.254339999999423526e+03 2.278860807418823242e-01 1.706100255250930786e-02
6.255819999999423089e+03 2.141156792640686035e-01 1.748757623136043549e-02
6.257299999999422653e+03 2.220887243747711182e-01 1.797727122902870178e-02
6.258779999999422216e+03 2.419262826442718506e-01 1.793377287685871124e-02
6.260259999999421780e+03 2.391094267368316650e-01 1.748657785356044769e-02
6.261739999999421343e+03 2.247082591056823730e-01 1.725255697965621948e-02
6.263219999999420907e+03 2.266995459794998169e-01 1.744899898767471313e-02
6.264699999999420470e+03 2.248421609401702881e-01 1.749015599489212036e-02
6.266179999999420033e+03 2.301076650619506836e-01 1.748994365334510803e-02
6.267659999999419597e+03 2.357753217220306396e-01 1.749694906175136566e-02
6.269139999999419160e+03 2.392274439334869385e-01 1.743340864777565002e-02
6.270619999999418724e+03 2.438526153564453125e-01 1.731427572667598724e-02
6.272099999999418287e+03 2.231578081846237183e-01 1.703200303018093109e-02
6.273579999999417851e+03 2.404829710721969604e-01 1.732465997338294983e-02
6.275059999999417414e+03 2.368576824665069580e-01 1.711704581975936890e-02
6.276539999999416978e+03 2.474762499332427979e-01 1.683327741920948029e-02
6.278019999999416541e+03 2.207245826721191406e-01 1.637448929250240326e-02
6.279499999999416104e+03 2.195645868778228760e-01 1.644715666770935059e-02
6.280979999999415668e+03 2.097588479518890381e-01 1.642207615077495575e-02
6.282459999999415231e+03 2.172850370407104492e-01 1.670338585972785950e-02
6.283939999999414795e+03 2.426524311304092407e-01 1.718742400407791138e-02
6.285419999999414358e+03 2.247170507907867432e-01 1.749205589294433594e-02
6.286899999999413922e+03 2.036350071430206299e-01 1.764548383653163910e-02
6.288379999999413485e+03 1.809072196483612061e-01 1.700061745941638947e-02
6.289859999999413048e+03 2.493457943201065063e-01 1.742061041295528412e-02
6.291339999999412612e+03 2.137921154499053955e-01 1.676223427057266235e-02
6.292819999999412175e+03 2.339945435523986816e-01 1.699593663215637207e-02
6.294299999999411739e+03 2.285232245922088623e-01 1.699437573552131653e-02
6.295779999999411302e+03 2.258488237857818604e-01 1.670682057738304138e-02
6.297259999999410866e+03 1.838965862989425659e-01 1.791998930275440216e-02
6.298739999999410429e+03 2.295382618904113770e-01 2.325820177793502808e-02
6.300219999999409993e+03 3.773189783096313477e-01 2.537011913955211639e-02
6.301699999999409556e+03 2.783202528953552246e-01 2.164055593311786652e-02
6.303179999999409119e+03 1.851473897695541382e-01 1.731661148369312286e-02
6.304659999999408683e+03 2.515257000923156738e-01 1.763256825506687164e-02
6.306139999999408246e+03 2.254122495651245117e-01 1.796278543770313263e-02
6.307619999999407810e+03 2.436124831438064575e-01 1.789868064224720001e-02
6.309099999999407373e+03 2.443206608295440674e-01 1.734673604369163513e-02
6.310579999999406937e+03 2.260365784168243408e-01 1.700043119490146637e-02
6.312059999999406500e+03 2.262158691883087158e-01 1.692101359367370605e-02
6.313539999999406064e+03 2.005245536565780640e-01 1.648531109094619751e-02
6.315019999999405627e+03 1.880687624216079712e-01 1.619415916502475739e-02
6.316499999999405190e+03 1.827015578746795654e-01 1.616309210658073425e-02
6.317979999999404754e+03 2.193989753723144531e-01 1.656700484454631805e-02
6.319459999999404317e+03 2.327513843774795532e-01 1.681872084736824036e-02
6.320939999999403881e+03 2.745777368545532227e-01 1.767298951745033264e-02
6.322419999999403444e+03 2.627013325691223145e-01 1.734626479446887970e-02
6.323899999999403008e+03 2.501835525035858154e-01 1.722767017781734467e-02
6.325379999999402571e+03 2.703815698623657227e-01 1.754621230065822601e-02
6.326859999999402135e+03 2.069103419780731201e-01 1.687706634402275085e-02
6.328339999999401698e+03 2.588358223438262939e-01 1.798775605857372284e-02
6.329819999999401261e+03 3.140546977519989014e-01 1.868719048798084259e-02
6.331299999999400825e+03 3.137612342834472656e-01 1.837948523461818695e-02
6.332779999999400388e+03 2.635964751243591309e-01 1.750997081398963928e-02
6.334259999999399952e+03 2.210616916418075562e-01 1.674320735037326813e-02
6.335739999999399515e+03 2.030716538429260254e-01 1.647136546671390533e-02
6.337219999999399079e+03 2.156125903129577637e-01 1.668043807148933411e-02
6.338699999999398642e+03 2.496723830699920654e-01 1.710451953113079071e-02
6.340179999999398206e+03 2.516918182373046875e-01 1.723241619765758514e-02
6.341659999999397769e+03 2.283247262239456177e-01 1.687099412083625793e-02
6.343139999999397332e+03 2.456111907958984375e-01 1.705265045166015625e-02
6.344619999999396896e+03 2.510451078414916992e-01 1.698718406260013580e-02
6.346099999999396459e+03 2.450487166643142700e-01 1.715522073209285736e-02
6.347579999999396023e+03 2.620797157287597656e-01 1.762618869543075562e-02
6.349059999999395586e+03 2.367701977491378784e-01 1.722035743296146393e-02
6.350539999999395150e+03 2.076554298400878906e-01 1.675975881516933441e-02
6.352019999999394713e+03 2.131913751363754272e-01 1.673801802098751068e-02
6.353499999999394277e+03 2.436697185039520264e-01 1.727735809981822968e-02
6.354979999999393840e+03 2.496969252824783325e-01 1.763642579317092896e-02
6.356459999999393403e+03 2.369617074728012085e-01 1.753136329352855682e-02
6.357939999999392967e+03 2.198099195957183838e-01 1.699891872704029083e-02
6.359419999999392530e+03 2.379345446825027466e-01 1.694770343601703644e-02
6.360899999999392094e+03 2.468351870775222778e-01 1.768900267779827118e-02
6.362379999999391657e+03 2.475515305995941162e-01 1.971352845430374146e-02
6.363859999999391221e+03 2.535022497177124023e-01 2.006313763558864594e-02
6.365339999999390784e+03 2.388374209403991699e-01 1.827471703290939331e-02
6.366819999999390348e+03 2.615982294082641602e-01 1.738752983510494232e-02
6.368299999999389911e+03 2.257567048072814941e-01 1.682248152792453766e-02
6.369779999999389474e+03 2.122027873992919922e-01 1.672930456697940826e-02
6.371259999999389038e+03 2.328269481658935547e-01 1.691180281341075897e-02
6.372739999999388601e+03 2.360005974769592285e-01 1.703831925988197327e-02
6.374219999999388165e+03 2.084499746561050415e-01 1.668221503496170044e-02
6.375699999999387728e+03 2.244166731834411621e-01 1.694295741617679596e-02
6.377179999999387292e+03 2.079714536666870117e-01 1.682855933904647827e-02
6.378659999999386855e+03 2.601453661918640137e-01 1.742094755172729492e-02
6.380139999999386418e+03 2.449378371238708496e-01 1.721327006816864014e-02
6.381619999999385982e+03 2.326848804950714111e-01 1.706291921436786652e-02
6.383099999999385545e+03 2.434290945529937744e-01 1.716171763837337494e-02
6.384579999999385109e+03 2.355094701051712036e-01 1.712960191071033478e-02
6.386059999999384672e+03 2.493617534637451172e-01 1.736204139888286591e-02
6.387539999999384236e+03 2.514931559562683105e-01 1.733074523508548737e-02
6.389019999999383799e+03 2.028468102216720581e-01 1.656904816627502441e-02
6.390499999999383363e+03 2.006509006023406982e-01 1.648320257663726807e-02
6.391979999999382926e+03 2.384619116783142090e-01 1.687770895659923553e-02
6.393459999999382489e+03 2.404930591583251953e-01 1.684893108904361725e-02
6.394939999999382053e+03 2.330544292926788330e-01 1.685415580868721008e-02
6.396419999999381616e+03 2.321120798587799072e-01 1.697675697505474091e-02
6.397899999999381180e+03 2.533337473869323730e-01 1.711945608258247375e-02
6.399379999999380743e+03 2.311078608036041260e-01 1.667333394289016724e-02
6.400859999999380307e+03 2.252121269702911377e-01 1.665659435093402863e-02
6.402339999999379870e+03 2.431953996419906616e-01 1.711142994463443756e-02
6.403819999999379434e+03 2.399066984653472900e-01 1.697734743356704712e-02
6.405299999999378997e+03 2.286100387573242188e-01 1.676195114850997925e-02
6.406779999999378560e+03 2.350427210330963135e-01 1.662226207554340363e-02
6.408259999999378124e+03 2.609425485134124756e-01 1.690813526511192322e-02
6.409739999999377687e+03 2.208779454231262207e-01 1.645431667566299438e-02
6.411219999999377251e+03 2.443220615386962891e-01 1.685287244617938995e-02
6.412699999999376814e+03 2.437481880187988281e-01 1.698747649788856506e-02
6.414179999999376378e+03 2.239154279232025146e-01 1.664184965193271637e-02
6.415659999999375941e+03 2.083851397037506104e-01 1.659893058240413666e-02
6.417139999999375505e+03 2.051791846752166748e-01 1.644856296479701996e-02
6.418619999999375068e+03 2.125581800937652588e-01 1.659444533288478851e-02
6.420099999999374631e+03 2.211458683013916016e-01 1.653210446238517761e-02
6.421579999999374195e+03 2.363771200180053711e-01 1.682330667972564697e-02
6.423059999999373758e+03 2.324109673500061035e-01 1.684454828500747681e-02
6.424539999999373322e+03 2.320363521575927734e-01 1.676527410745620728e-02
6.426019999999372885e+03 2.312928140163421631e-01 1.676158048212528229e-02
6.427499999999372449e+03 2.185322344303131104e-01 1.644709333777427673e-02
6.428979999999372012e+03 2.346676886081695557e-01 1.655714772641658783e-02
6.430459999999371576e+03 2.422111928462982178e-01 1.674462296068668365e-02
6.431939999999371139e+03 2.133347690105438232e-01 1.637740992009639740e-02
6.433419999999370702e+03 2.204581648111343384e-01 1.660836860537528992e-02
6.434899999999370266e+03 2.461740970611572266e-01 1.702473871409893036e-02
6.436379999999369829e+03 2.203644216060638428e-01 1.664958521723747253e-02
6.437859999999369393e+03 2.019722461700439453e-01 1.626384817063808441e-02
6.439339999999368956e+03 2.054907381534576416e-01 1.627019234001636505e-02
6.440819999999368520e+03 1.972161233425140381e-01 1.648158207535743713e-02
6.442299999999368083e+03 2.330278754234313965e-01 1.697319373488426208e-02
6.443779999999367647e+03 2.184758782386779785e-01 1.664100959897041321e-02
6.445259999999367210e+03 2.181513607501983643e-01 1.666385680437088013e-02
6.446739999999366773e+03 2.137948572635650635e-01 1.650691963732242584e-02
6.448219999999366337e+03 2.447166442871093750e-01 1.662188209593296051e-02
6.449699999999365900e+03 2.340286523103713989e-01 1.664281450212001801e-02
6.451179999999365464e+03 2.350108325481414795e-01 1.665736921131610870e-02
6.452659999999365027e+03 2.229341268539428711e-01 1.667246781289577484e-02
6.454139999999364591e+03 2.109069973230361938e-01 1.634125970304012299e-02
6.455619999999364154e+03 1.843018829822540283e-01 1.597285829484462738e-02
6.457099999999363718e+03 2.215949296951293945e-01 1.661335676908493042e-02
6.458579999999363281e+03 2.476498633623123169e-01 1.695466600358486176e-02
6.460059999999362844e+03 2.283517718315124512e-01 1.662742719054222107e-02
6.461539999999362408e+03 2.294535040855407715e-01 1.653359271585941315e-02
6.463019999999361971e+03 2.320236414670944214e-01 1.678007282316684723e-02
6.464499999999361535e+03 2.054755389690399170e-01 1.674236729741096497e-02
6.465979999999361098e+03 2.013827711343765259e-01 1.651528105139732361e-02
6.467459999999360662e+03 2.332839369773864746e-01 1.671343296766281128e-02
6.468939999999360225e+03 2.305124104022979736e-01 1.675949431955814362e-02
6.470419999999359788e+03 2.404389977455139160e-01 1.695633679628372192e-02
6.471899999999359352e+03 2.445717900991439819e-01 1.685338281095027924e-02
6.473379999999358915e+03 2.036885023117065430e-01 1.611027494072914124e-02
6.474859999999358479e+03 2.151135951280593872e-01 1.620495133101940155e-02
6.476339999999358042e+03 2.387771904468536377e-01 1.667007245123386383e-02
6.477819999999357606e+03 2.488934248685836792e-01 1.688523031771183014e-02
6.479299999999357169e+03 2.272601723670959473e-01 1.657429896295070648e-02
6.480779999999356733e+03 1.982914358377456665e-01 1.601976528763771057e-02
6.482259999999356296e+03 2.130089551210403442e-01 1.604597829282283783e-02
6.483739999999355859e+03 2.224080562591552734e-01 1.624470762908458710e-02
6.485219999999355423e+03 2.318435907363891602e-01 1.644125208258628845e-02
6.486699999999354986e+03 2.209734916687011719e-01 1.629587635397911072e-02
6.488179999999354550e+03 2.142885029315948486e-01 1.622417755424976349e-02
6.489659999999354113e+03 2.358227819204330444e-01 1.653470098972320557e-02
6.491139999999353677e+03 2.376254498958587646e-01 1.638587564229965210e-02
6.492619999999353240e+03 2.284613549709320068e-01 1.613009534776210785e-02
6.494099999999352804e+03 2.210468947887420654e-01 1.583814620971679688e-02
6.495579999999352367e+03 2.102598696947097778e-01 1.601454988121986389e-02
6.497059999999351930e+03 2.079990357160568237e-01 1.676384173333644867e-02
6.498539999999351494e+03 2.312341034412384033e-01 1.750599779188632965e-02
6.500019999999351057e+03 2.410005629062652588e-01 1.722781173884868622e-02
6.501499999999350621e+03 2.227292954921722412e-01 1.656874641776084900e-02
6.502979999999350184e+03 2.226083576679229736e-01 1.661149226129055023e-02
6.504459999999349748e+03 2.224510610103607178e-01 1.674591191112995148e-02
6.505939999999349311e+03 2.111417502164840698e-01 1.644499786198139191e-02
6.507419999999348875e+03 2.265214323997497559e-01 1.644586771726608276e-02
6.508899999999348438e+03 2.342883944511413574e-01 1.653648167848587036e-02
6.510379999999348001e+03 2.188059091567993164e-01 1.635891757905483246e-02
6.511859999999347565e+03 2.133111059665679932e-01 1.639375835657119751e-02
6.513339999999347128e+03 2.189374864101409912e-01 1.631636172533035278e-02
6.514819999999346692e+03 2.308567017316818237e-01 1.620915159583091736e-02
6.516299999999346255e+03 2.414003908634185791e-01 1.624949462711811066e-02
6.517779999999345819e+03 2.319838702678680420e-01 1.621888950467109680e-02
6.519259999999345382e+03 2.340958416461944580e-01 1.644607819616794586e-02
6.520739999999344946e+03 2.337040007114410400e-01 1.664534769952297211e-02
6.522219999999344509e+03 2.585592567920684814e-01 1.694117113947868347e-02
6.523699999999344072e+03 2.413663566112518311e-01 1.661454327404499054e-02
6.525179999999343636e+03 2.250026762485504150e-01 1.634807325899600983e-02
6.526659999999343199e+03 2.217698395252227783e-01 1.638616435229778290e-02
6.528139999999342763e+03 1.984179019927978516e-01 1.605290733277797699e-02
6.529619999999342326e+03 2.083005756139755249e-01 1.628051325678825378e-02
6.531099999999341890e+03 2.318853139877319336e-01 1.708222553133964539e-02
6.532579999999341453e+03 2.360968738794326782e-01 1.727830432355403900e-02
6.534059999999341017e+03 2.469936907291412354e-01 1.709624938666820526e-02
6.535539999999340580e+03 2.138909697532653809e-01 1.636025868356227875e-02
6.537019999999340143e+03 2.054819464683532715e-01 1.619195751845836639e-02
6.538499999999339707e+03 2.347592115402221680e-01 1.654763333499431610e-02
6.539979999999339270e+03 2.420420348644256592e-01 1.665185205638408661e-02
6.541459999999338834e+03 2.453896105289459229e-01 1.672587916254997253e-02
6.542939999999338397e+03 2.256612479686737061e-01 1.647399924695491791e-02
6.544419999999337961e+03 1.956581175327301025e-01 1.601707749068737030e-02
6.545899999999337524e+03 2.204490602016448975e-01 1.618263870477676392e-02
6.547379999999337088e+03 2.464943528175354004e-01 1.643322780728340149e-02
6.548859999999336651e+03 2.245854437351226807e-01 1.622622460126876831e-02
6.550339999999336214e+03 2.064392864704132080e-01 1.618221029639244080e-02
6.551819999999335778e+03 2.086037099361419678e-01 1.668736338615417480e-02
6.553299999999335341e+03 2.194159030914306641e-01 1.688347943127155304e-02
6.554779999999334905e+03 2.342368960380554199e-01 1.663239859044551849e-02
6.556259999999334468e+03 2.223654240369796753e-01 1.590919680893421173e-02
6.557739999999334032e+03 2.134588509798049927e-01 1.574304699897766113e-02
6.559219999999333595e+03 2.242925316095352173e-01 1.556172780692577362e-02
6.560699999999333158e+03 2.273676991462707520e-01 1.548329740762710571e-02
6.562179999999332722e+03 2.262432426214218140e-01 1.531436108052730560e-02
6.563659999999332285e+03 2.446651160717010498e-01 1.565008424222469330e-02
6.565139999999331849e+03 2.132942378520965576e-01 1.556002162396907806e-02
6.566619999999331412e+03 2.185604870319366455e-01 1.603178493678569794e-02
6.568099999999330976e+03 2.190919518470764160e-01 1.617605984210968018e-02
6.569579999999330539e+03 2.152076661586761475e-01 1.608273200690746307e-02
6.571059999999330103e+03 2.372249662876129150e-01 1.632034592330455780e-02
6.572539999999329666e+03 2.377237081527709961e-01 1.616690121591091156e-02
6.574019999999329229e+03 2.205862402915954590e-01 1.598235592246055603e-02
6.575499999999328793e+03 2.322787940502166748e-01 1.667970418930053711e-02
6.576979999999328356e+03 2.779688239097595215e-01 1.743988692760467529e-02
6.578459999999327920e+03 6.995688676834106445e-01 2.179215662181377411e-02
6.579939999999327483e+03 1.247349143028259277e+00 2.635876834392547607e-02
6.581419999999327047e+03 1.090747833251953125e+00 2.506567724049091339e-02
6.582899999999326610e+03 4.681053161621093750e-01 1.920329593122005463e-02
6.584379999999326174e+03 2.534549534320831299e-01 1.663023978471755981e-02
6.585859999999325737e+03 2.185002416372299194e-01 1.608615182340145111e-02
6.587339999999325300e+03 2.516707777976989746e-01 1.661476492881774902e-02
6.588819999999324864e+03 2.451178431510925293e-01 1.661371067166328430e-02
6.590299999999324427e+03 2.841682434082031250e-01 1.704199612140655518e-02
6.591779999999323991e+03 7.871177196502685547e-01 2.210443280637264252e-02
6.593259999999323554e+03 5.636783599853515625e+00 5.064591020345687866e-02
6.594739999999323118e+03 1.133383369445800781e+01 7.143339514732360840e-02
6.596219999999322681e+03 9.167003631591796875e+00 6.426582485437393188e-02
6.597699999999322245e+03 2.778010845184326172e+00 3.680074214935302734e-02
6.599179999999321808e+03 4.782355427742004395e-01 1.926955394446849823e-02
6.600659999999321371e+03 2.676352262496948242e-01 1.694295927882194519e-02
6.602139999999320935e+03 2.270525395870208740e-01 1.662628911435604095e-02
6.603619999999320498e+03 2.669613957405090332e-01 1.723376661539077759e-02
6.605099999999320062e+03 2.394262850284576416e-01 1.671290770173072815e-02
6.606579999999319625e+03 2.338333576917648315e-01 1.645105890929698944e-02
6.608059999999319189e+03 2.551766335964202881e-01 1.656900532543659210e-02
6.609539999999318752e+03 2.299145460128784180e-01 1.625211350619792938e-02
6.611019999999318316e+03 2.272453755140304565e-01 1.622509770095348358e-02
6.612499999999317879e+03 3.150775134563446045e-01 1.727998070418834686e-02
6.613979999999317442e+03 1.858450174331665039e+00 3.083626553416252136e-02
6.615459999999317006e+03 3.427254676818847656e+00 4.026529937982559204e-02
6.616939999999316569e+03 2.825911760330200195e+00 3.696334734559059143e-02
6.618419999999316133e+03 8.624686002731323242e-01 2.318722195923328400e-02
6.619899999999315696e+03 2.864204645156860352e-01 1.708966493606567383e-02
6.621379999999315260e+03 2.285253703594207764e-01 1.636166311800479889e-02
6.622859999999314823e+03 2.206853926181793213e-01 1.622237637639045715e-02
6.624339999999314387e+03 2.192058712244033813e-01 1.626457273960113525e-02
6.625819999999313950e+03 2.128692269325256348e-01 1.609155721962451935e-02
6.627299999999313513e+03 2.243832051753997803e-01 1.624860428273677826e-02
6.628779999999313077e+03 2.239381074905395508e-01 1.618237420916557312e-02
6.630259999999312640e+03 2.182839810848236084e-01 1.614315249025821686e-02
6.631739999999312204e+03 2.455019354820251465e-01 1.646355725824832916e-02
6.633219999999311767e+03 2.347732633352279663e-01 1.641850173473358154e-02
6.634699999999311331e+03 2.268284559249877930e-01 1.634746976196765900e-02
6.636179999999310894e+03 2.289801836013793945e-01 1.633688621222972870e-02
6.637659999999310457e+03 2.262317836284637451e-01 1.635012589395046234e-02
6.639139999999310021e+03 2.158080339431762695e-01 1.615629903972148895e-02
6.640619999999309584e+03 2.423108518123626709e-01 1.641240715980529785e-02
6.642099999999309148e+03 2.447223961353302002e-01 1.634406112134456635e-02
6.643579999999308711e+03 2.337999641895294189e-01 1.616355590522289276e-02
6.645059999999308275e+03 2.232452929019927979e-01 1.610347628593444824e-02
6.646539999999307838e+03 2.239924371242523193e-01 1.618536375463008881e-02
6.648019999999307402e+03 2.308204770088195801e-01 1.630762964487075806e-02
6.649499999999306965e+03 2.130725830793380737e-01 1.616151630878448486e-02
6.650979999999306528e+03 2.222755551338195801e-01 1.632134616374969482e-02
6.652459999999306092e+03 2.229070365428924561e-01 1.626432873308658600e-02
6.653939999999305655e+03 2.285768687725067139e-01 1.631113141775131226e-02
6.655419999999305219e+03 2.422114610671997070e-01 1.645804196596145630e-02
6.656899999999304782e+03 2.170478850603103638e-01 1.615646481513977051e-02
6.658379999999304346e+03 2.368564754724502563e-01 1.638389565050601959e-02
6.659859999999303909e+03 2.180404812097549438e-01 1.597979478538036346e-02
6.661339999999303473e+03 2.607607841491699219e-01 1.648473739624023438e-02
6.662819999999303036e+03 2.401769161224365234e-01 1.628073677420616150e-02
6.664299999999302599e+03 2.072729766368865967e-01 1.592438109219074249e-02
6.665779999999302163e+03 2.142460942268371582e-01 1.608728431165218353e-02
6.667259999999301726e+03 2.117793411016464233e-01 1.610413193702697754e-02
6.668739999999301290e+03 2.169786691665649414e-01 1.616496033966541290e-02
6.670219999999300853e+03 2.445446550846099854e-01 1.645957119762897491e-02
6.671699999999300417e+03 2.352188080549240112e-01 1.632773689925670624e-02
6.673179999999299980e+03 2.137143909931182861e-01 1.605893298983573914e-02
6.674659999999299544e+03 2.125927507877349854e-01 1.591699756681919098e-02
6.676139999999299107e+03 2.420689463615417480e-01 1.615227945148944855e-02
6.677619999999298670e+03 2.277962565422058105e-01 1.593363285064697266e-02
6.679099999999298234e+03 2.098490446805953979e-01 1.583205163478851318e-02
6.680579999999297797e+03 2.318871617317199707e-01 1.626813597977161407e-02
6.682059999999297361e+03 2.236615419387817383e-01 1.620708592236042023e-02
6.683539999999296924e+03 2.377623319625854492e-01 1.636756397783756256e-02
6.685019999999296488e+03 2.439765036106109619e-01 1.652363128960132599e-02
6.686499999999296051e+03 2.284685969352722168e-01 1.628100685775279999e-02
6.687979999999295615e+03 2.185480892658233643e-01 1.611625961959362030e-02
6.689459999999295178e+03 2.251580953598022461e-01 1.624439097940921783e-02
6.690939999999294741e+03 2.195952981710433960e-01 1.598692312836647034e-02
6.692419999999294305e+03 2.191151678562164307e-01 1.593000441789627075e-02
6.693899999999293868e+03 2.354746162891387939e-01 1.614454016089439392e-02
6.695379999999293432e+03 2.287274599075317383e-01 1.612184755504131317e-02
6.696859999999292995e+03 2.332822233438491821e-01 1.618823781609535217e-02
6.698339999999292559e+03 2.038474231958389282e-01 1.588967442512512207e-02
6.699819999999292122e+03 2.236789762973785400e-01 1.614606939256191254e-02
6.701299999999291686e+03 1.991704702377319336e-01 1.583202183246612549e-02
6.702779999999291249e+03 2.013856917619705200e-01 1.585158146917819977e-02
6.704259999999290812e+03 2.249251008033752441e-01 1.609485223889350891e-02
6.705739999999290376e+03 2.380536198616027832e-01 1.630150340497493744e-02
6.707219999999289939e+03 2.185069173574447632e-01 1.598254777491092682e-02
6.708699999999289503e+03 2.533249557018280029e-01 1.634703017771244049e-02
6.710179999999289066e+03 3.211160302162170410e-01 1.721841283142566681e-02
6.711659999999288630e+03 2.876263558864593506e-01 1.681692339479923248e-02
6.713139999999288193e+03 2.383358627557754517e-01 1.622690819203853607e-02
6.714619999999287757e+03 2.318227440118789673e-01 1.612025871872901917e-02
6.716099999999287320e+03 2.052458524703979492e-01 1.575861312448978424e-02
6.717579999999286883e+03 2.048776596784591675e-01 1.574750617146492004e-02
6.719059999999286447e+03 2.171386778354644775e-01 1.593433320522308350e-02
6.720539999999286010e+03 1.902045458555221558e-01 1.562880538403987885e-02
6.722019999999285574e+03 2.183610796928405762e-01 1.592585816979408264e-02
6.723499999999285137e+03 2.239853143692016602e-01 1.588347740471363068e-02
6.724979999999284701e+03 2.381624430418014526e-01 1.614150777459144592e-02
6.726459999999284264e+03 2.075342386960983276e-01 1.579285413026809692e-02
6.727939999999283827e+03 2.133886814117431641e-01 1.587541401386260986e-02
6.729419999999283391e+03 2.112105488777160645e-01 1.587703265249729156e-02
6.730899999999282954e+03 2.165262550115585327e-01 1.597983948886394501e-02
6.732379999999282518e+03 1.959149688482284546e-01 1.566552743315696716e-02
6.733859999999282081e+03 2.178934663534164429e-01 1.599513366818428040e-02
6.735339999999281645e+03 2.069208920001983643e-01 1.581883057951927185e-02
6.736819999999281208e+03 1.922598332166671753e-01 1.558571401983499527e-02
6.738299999999280772e+03 2.298471927642822266e-01 1.601725071668624878e-02
6.739779999999280335e+03 2.468315213918685913e-01 1.617841608822345734e-02
6.741259999999279898e+03 2.324895560741424561e-01 1.603556610643863678e-02
6.742739999999279462e+03 2.362738847732543945e-01 1.612687297165393829e-02
6.744219999999279025e+03 2.267317026853561401e-01 1.610594242811203003e-02
6.745699999999278589e+03 2.337147295475006104e-01 1.620939746499061584e-02
6.747179999999278152e+03 7.857586145401000977e-01 2.205038815736770630e-02
6.748659999999277716e+03 1.591003775596618652e+00 2.868030592799186707e-02
6.750139999999277279e+03 1.504574298858642578e+00 2.809634804725646973e-02
6.751619999999276843e+03 6.647824645042419434e-01 2.087224088609218597e-02
6.753099999999276406e+03 2.803358733654022217e-01 1.666851527988910675e-02
6.754579999999275969e+03 2.341068238019943237e-01 1.597479730844497681e-02
6.756059999999275533e+03 2.457924932241439819e-01 1.614834927022457123e-02
6.757539999999275096e+03 2.403533011674880981e-01 1.612879522144794464e-02
6.759019999999274660e+03 2.067629396915435791e-01 1.576808094978332520e-02
6.760499999999274223e+03 2.297635525465011597e-01 1.607811078429222107e-02
6.761979999999273787e+03 7.790667414665222168e-01 2.210333384573459625e-02
6.763459999999273350e+03 1.326966285705566406e+00 2.670713700354099274e-02
6.764939999999272914e+03 1.038916826248168945e+00 2.431745082139968872e-02
6.766419999999272477e+03 4.269054532051086426e-01 1.836490444839000702e-02
6.767899999999272040e+03 2.423797547817230225e-01 1.597401127219200134e-02
6.769379999999271604e+03 2.288502454757690430e-01 1.584577560424804688e-02
6.770859999999271167e+03 2.268254011869430542e-01 1.586305908858776093e-02
6.772339999999270731e+03 2.234175950288772583e-01 1.585556194186210632e-02
6.773819999999270294e+03 2.191386818885803223e-01 1.589549519121646881e-02
6.775299999999269858e+03 2.179132103919982910e-01 1.587410457432270050e-02
6.776779999999269421e+03 2.131873071193695068e-01 1.582965999841690063e-02
6.778259999999268985e+03 2.210434675216674805e-01 1.592492498457431793e-02
6.779739999999268548e+03 2.258893400430679321e-01 1.594961807131767273e-02
6.781219999999268111e+03 2.176897674798965454e-01 1.584431156516075134e-02
6.782699999999267675e+03 2.345079481601715088e-01 1.595970988273620605e-02
6.784179999999267238e+03 2.357394695281982422e-01 1.590105146169662476e-02
6.785659999999266802e+03 2.027558833360671997e-01 1.550284121185541153e-02
6.787139999999266365e+03 2.237211167812347412e-01 1.587104052305221558e-02
6.788619999999265929e+03 2.243534922599792480e-01 1.593317836523056030e-02
6.790099999999265492e+03 2.063609063625335693e-01 1.567664556205272675e-02
6.791579999999265056e+03 2.192377299070358276e-01 1.588279940187931061e-02
6.793059999999264619e+03 2.178695797920227051e-01 1.581293717026710510e-02
6.794539999999264182e+03 2.209399044513702393e-01 1.579947583377361298e-02
6.796019999999263746e+03 2.379419207572937012e-01 1.607131958007812500e-02
6.797499999999263309e+03 2.312885224819183350e-01 1.592744328081607819e-02
6.798979999999262873e+03 2.050166428089141846e-01 1.553486008197069168e-02
6.800459999999262436e+03 1.979807317256927490e-01 1.548741385340690613e-02
6.801939999999262000e+03 2.086776196956634521e-01 1.563869416713714600e-02
6.803419999999261563e+03 2.159251868724822998e-01 1.568952575325965881e-02
6.804899999999261127e+03 2.159500122070312500e-01 1.568052545189857483e-02
6.806379999999260690e+03 2.043691277503967285e-01 1.560594886541366577e-02
6.807859999999260253e+03 1.975928843021392822e-01 1.547912508249282837e-02
6.809339999999259817e+03 2.336171269416809082e-01 1.598908007144927979e-02
6.810819999999259380e+03 2.383708357810974121e-01 1.600726507604122162e-02
6.812299999999258944e+03 2.617156207561492920e-01 1.625250466167926788e-02
6.813779999999258507e+03 2.339312732219696045e-01 1.587210223078727722e-02
6.815259999999258071e+03 1.977539509534835815e-01 1.547479908913373947e-02
6.816739999999257634e+03 2.225883305072784424e-01 1.575052924454212189e-02
6.818219999999257197e+03 2.175159901380538940e-01 1.577342860400676727e-02
6.819699999999256761e+03 2.096851021051406860e-01 1.565504819154739380e-02
6.821179999999256324e+03 2.175119817256927490e-01 1.579989492893218994e-02
6.822659999999255888e+03 2.116244286298751831e-01 1.573398895561695099e-02
6.824139999999255451e+03 2.122370004653930664e-01 1.582252979278564453e-02
6.825619999999255015e+03 2.084402441978454590e-01 1.614855788648128510e-02
6.827099999999254578e+03 2.189073264598846436e-01 1.680843718349933624e-02
6.828579999999254142e+03 2.383343279361724854e-01 1.716355234384536743e-02
6.830059999999253705e+03 2.280695736408233643e-01 1.665067672729492188e-02
6.831539999999253268e+03 2.201712727546691895e-01 1.662110351026058197e-02
6.833019999999252832e+03 2.171470522880554199e-01 1.706041581928730011e-02
6.834499999999252395e+03 2.044774740934371948e-01 1.656450703740119934e-02
6.835979999999251959e+03 1.980858743190765381e-01 1.574783027172088623e-02
6.837459999999251522e+03 1.774153113365173340e-01 1.520769856870174408e-02
6.838939999999251086e+03 1.799210906028747559e-01 1.530970353633165359e-02
6.840419999999250649e+03 2.308699041604995728e-01 1.598297990858554840e-02
6.841899999999250213e+03 2.292706817388534546e-01 1.582374237477779388e-02
6.843379999999249776e+03 2.292720079421997070e-01 1.579679548740386963e-02
6.844859999999249339e+03 2.056430876255035400e-01 1.554252486675977707e-02
6.846339999999248903e+03 2.067340612411499023e-01 1.546168047934770584e-02
6.847819999999248466e+03 2.106717228889465332e-01 1.568352431058883667e-02
6.849299999999248030e+03 2.196032404899597168e-01 1.586243323981761932e-02
6.850779999999247593e+03 2.111271619796752930e-01 1.571393571794033051e-02
6.852259999999247157e+03 2.178002446889877319e-01 1.571855880320072174e-02
6.853739999999246720e+03 2.269845306873321533e-01 1.576235704123973846e-02
6.855219999999246284e+03 2.143055200576782227e-01 1.544541399925947189e-02
6.856699999999245847e+03 2.168188989162445068e-01 1.547039113938808441e-02
6.858179999999245410e+03 2.270539849996566772e-01 1.568092405796051025e-02
6.859659999999244974e+03 2.135547399520874023e-01 1.581437326967716217e-02
6.861139999999244537e+03 2.039304822683334351e-01 1.700305752456188202e-02
6.862619999999244101e+03 2.346380949020385742e-01 1.828117668628692627e-02
6.864099999999243664e+03 2.516860365867614746e-01 1.788004860281944275e-02
6.865579999999243228e+03 2.092308849096298218e-01 1.515700295567512512e-02
6.867059999999242791e+03 1.684801280498504639e-01 1.318195369094610214e-02
6.868539999999242355e+03 1.340305656194686890e-01 1.240986213088035583e-02
6.870019999999241918e+03 1.545864045619964600e-01 1.283960603177547455e-02
6.871499999999241481e+03 1.513394266366958618e-01 1.294321287423372269e-02
6.872979999999241045e+03 1.517052948474884033e-01 1.295815873891115189e-02
6.874459999999240608e+03 1.386610865592956543e-01 1.295556314289569855e-02
6.875939999999240172e+03 1.437653750181198120e-01 1.335298921912908554e-02
6.877419999999239735e+03 1.885568499565124512e-01 1.435294095426797867e-02
6.878899999999239299e+03 1.968233138322830200e-01 1.498670782893896103e-02
6.880379999999238862e+03 2.062414288520812988e-01 1.551366597414016724e-02
6.881859999999238426e+03 2.154820561408996582e-01 1.543136592954397202e-02
6.883339999999237989e+03 1.992844939231872559e-01 1.470429636538028717e-02
6.884819999999237552e+03 1.958713829517364502e-01 1.446885894984006882e-02
6.886299999999237116e+03 1.907630711793899536e-01 1.457581762224435806e-02
6.887779999999236679e+03 1.787116229534149170e-01 1.466967724263668060e-02
6.889259999999236243e+03 1.911309957504272461e-01 1.473006699234247208e-02
6.890739999999235806e+03 1.945134252309799194e-01 1.450444664806127548e-02
6.892219999999235370e+03 1.727205514907836914e-01 1.424215082079172134e-02
6.893699999999234933e+03 1.817178726196289062e-01 1.443635020405054092e-02
6.895179999999234496e+03 2.032424807548522949e-01 1.462608482688665390e-02
6.896659999999234060e+03 1.891867816448211670e-01 1.441911980509757996e-02
6.898139999999233623e+03 1.957900524139404297e-01 1.490824017673730850e-02
6.899619999999233187e+03 2.046864479780197144e-01 1.518306694924831390e-02
6.901099999999232750e+03 2.095267921686172485e-01 1.530034467577934265e-02
6.902579999999232314e+03 2.151366621255874634e-01 1.504884287714958191e-02
6.904059999999231877e+03 1.923670768737792969e-01 1.467074267566204071e-02
6.905539999999231441e+03 2.020077109336853027e-01 1.491755992174148560e-02
6.907019999999231004e+03 2.110549062490463257e-01 1.507757790386676788e-02
6.908499999999230567e+03 2.000081539154052734e-01 1.498579140752553940e-02
6.909979999999230131e+03 1.883809566497802734e-01 1.528632268309593201e-02
6.911459999999229694e+03 2.016313970088958740e-01 1.562668010592460632e-02
6.912939999999229258e+03 2.147633433341979980e-01 1.541914418339729309e-02
6.914419999999228821e+03 2.165628075599670410e-01 1.525094918906688690e-02
6.915899999999228385e+03 1.980286389589309692e-01 1.494703162461519241e-02
6.917379999999227948e+03 1.810075938701629639e-01 1.466919761151075363e-02
6.918859999999227512e+03 1.975761353969573975e-01 1.515964511781930923e-02
6.920339999999227075e+03 1.912391036748886108e-01 1.578087545931339264e-02
6.921819999999226638e+03 2.035297751426696777e-01 1.640589348971843719e-02
6.923299999999226202e+03 1.984465569257736206e-01 1.609151624143123627e-02
6.924779999999225765e+03 1.761355549097061157e-01 1.497298106551170349e-02
6.926259999999225329e+03 2.048285007476806641e-01 1.497474405914545059e-02
6.927739999999224892e+03 1.561345010995864868e-01 1.423876173794269562e-02
6.929219999999224456e+03 1.910954117774963379e-01 1.471165101975202560e-02
6.930699999999224019e+03 2.148345857858657837e-01 1.515991799533367157e-02
6.932179999999223583e+03 2.041518837213516235e-01 1.496717333793640137e-02
6.933659999999223146e+03 1.854715943336486816e-01 1.482345815747976303e-02
6.935139999999222709e+03 2.003622651100158691e-01 1.511299796402454376e-02
6.936619999999222273e+03 2.021277844905853271e-01 1.523443870246410370e-02
6.938099999999221836e+03 1.883252263069152832e-01 1.519890502095222473e-02
6.939579999999221400e+03 1.960122883319854736e-01 1.503369398415088654e-02
6.941059999999220963e+03 2.091501206159591675e-01 1.492131035774946213e-02
6.942539999999220527e+03 1.957915723323822021e-01 1.479092985391616821e-02
6.944019999999220090e+03 1.808739751577377319e-01 1.468603033572435379e-02
6.945499999999219654e+03 1.931147128343582153e-01 1.521275751292705536e-02
6.946979999999219217e+03 1.872518807649612427e-01 1.607088372111320496e-02
6.948459999999218780e+03 1.899437010288238525e-01 1.631232909858226776e-02
6.949939999999218344e+03 2.192769348621368408e-01 1.598843187093734741e-02
6.951419999999217907e+03 1.910573840141296387e-01 1.506932731717824936e-02
6.952899999999217471e+03 2.020110189914703369e-01 1.488763373345136642e-02
6.954379999999217034e+03 2.003338038921356201e-01 1.488274615257978439e-02
6.955859999999216598e+03 2.064402550458908081e-01 1.495498511940240860e-02
6.957339999999216161e+03 2.140930891036987305e-01 1.520026661455631256e-02
6.958819999999215725e+03 2.110067009925842285e-01 1.508275605738162994e-02
6.960299999999215288e+03 1.910027563571929932e-01 1.494220178574323654e-02
6.961779999999214851e+03 2.001840770244598389e-01 1.518956013023853302e-02
6.963259999999214415e+03 2.054519206285476685e-01 1.531777624040842056e-02
6.964739999999213978e+03 2.024129629135131836e-01 1.522441674023866653e-02
6.966219999999213542e+03 2.115842103958129883e-01 1.543141528964042664e-02
6.967699999999213105e+03 2.177570164203643799e-01 1.576711796224117279e-02
6.969179999999212669e+03 2.133873105049133301e-01 1.575588248670101166e-02
6.970659999999212232e+03 2.028114795684814453e-01 1.548303570598363876e-02
6.972139999999211796e+03 2.046433985233306885e-01 1.535501889884471893e-02
6.973619999999211359e+03 1.993450224399566650e-01 1.529416721314191818e-02
6.975099999999210922e+03 1.883724629878997803e-01 1.530168019235134125e-02
6.976579999999210486e+03 2.200987040996551514e-01 1.614902168512344360e-02
6.978059999999210049e+03 2.451696991920471191e-01 1.643490046262741089e-02
6.979539999999209613e+03 2.122007608413696289e-01 1.545791048556566238e-02
6.981019999999209176e+03 2.101704925298690796e-01 1.533288694918155670e-02
6.982499999999208740e+03 2.285622656345367432e-01 1.555053982883691788e-02
6.983979999999208303e+03 1.863048672676086426e-01 1.495121605694293976e-02
6.985459999999207866e+03 2.056863903999328613e-01 1.509904395788908005e-02
6.986939999999207430e+03 1.827212423086166382e-01 1.470071822404861450e-02
6.988419999999206993e+03 1.800827383995056152e-01 1.469747442752122879e-02
6.989899999999206557e+03 1.863682270050048828e-01 1.489723473787307739e-02
6.991379999999206120e+03 2.027854919433593750e-01 1.489092316478490829e-02
6.992859999999205684e+03 2.163812220096588135e-01 1.500084716826677322e-02
6.994339999999205247e+03 2.119638174772262573e-01 1.517695933580398560e-02
6.995819999999204811e+03 2.034851908683776855e-01 1.512672100216150284e-02
6.997299999999204374e+03 1.947788596153259277e-01 1.486580446362495422e-02
6.998779999999203937e+03 1.988310217857360840e-01 1.488634292036294937e-02
7.000259999999203501e+03 1.905259191989898682e-01 1.501682307571172714e-02
7.001739999999203064e+03 2.146243005990982056e-01 1.544804405421018600e-02
7.003219999999202628e+03 2.055886685848236084e-01 1.509298663586378098e-02
7.004699999999202191e+03 1.773782968521118164e-01 1.452031265944242477e-02
7.006179999999201755e+03 2.065479457378387451e-01 1.478106155991554260e-02
7.007659999999201318e+03 2.090713381767272949e-01 1.511034928262233734e-02
7.009139999999200882e+03 2.154834270477294922e-01 1.545768044888973236e-02
7.010619999999200445e+03 1.727192848920822144e-01 1.505900919437408447e-02
7.012099999999200008e+03 1.830068081617355347e-01 1.510676741600036621e-02
7.013579999999199572e+03 1.839258223772048950e-01 1.475205738097429276e-02
7.015059999999199135e+03 1.739381849765777588e-01 1.434777025133371353e-02
7.016539999999198699e+03 2.015218734741210938e-01 1.483438722789287567e-02
7.018019999999198262e+03 2.130835950374603271e-01 1.505327038466930389e-02
7.019499999999197826e+03 2.046203166246414185e-01 1.500221714377403259e-02
7.020979999999197389e+03 2.014891058206558228e-01 1.493960805237293243e-02
7.022459999999196953e+03 2.081774175167083740e-01 1.487446669489145279e-02
7.023939999999196516e+03 2.090032994747161865e-01 1.495607849210500717e-02
7.025419999999196079e+03 1.754491627216339111e-01 1.453614328056573868e-02
7.026899999999195643e+03 1.704145818948745728e-01 1.444179005920886993e-02
7.028379999999195206e+03 1.955282837152481079e-01 1.500034239143133163e-02
7.029859999999194770e+03 2.326602935791015625e-01 1.556445006281137466e-02
7.031339999999194333e+03 2.265912294387817383e-01 1.537693105638027191e-02
7.032819999999193897e+03 1.924405694007873535e-01 1.499115955084562302e-02
7.034299999999193460e+03 2.122050523757934570e-01 1.511041540652513504e-02
7.035779999999193024e+03 1.966664791107177734e-01 1.488005276769399643e-02
7.037259999999192587e+03 1.785135567188262939e-01 1.454345136880874634e-02
7.038739999999192150e+03 1.987252831459045410e-01 1.492862775921821594e-02
7.040219999999191714e+03 2.222643345594406128e-01 1.550422701984643936e-02
7.041699999999191277e+03 2.161909788846969604e-01 1.554387900978326797e-02
7.043179999999190841e+03 2.163072228431701660e-01 1.538200210779905319e-02
7.044659999999190404e+03 2.030113190412521362e-01 1.522751525044441223e-02
7.046139999999189968e+03 2.058840095996856689e-01 1.552420854568481445e-02
7.047619999999189531e+03 2.239951491355895996e-01 1.578406803309917450e-02
7.049099999999189095e+03 2.088938504457473755e-01 1.547290664166212082e-02
7.050579999999188658e+03 2.080337405204772949e-01 1.519877742975950241e-02
7.052059999999188221e+03 2.054064571857452393e-01 1.516438554972410202e-02
7.053539999999187785e+03 2.090984582901000977e-01 1.531360764056444168e-02
7.055019999999187348e+03 2.087065279483795166e-01 1.517131365835666656e-02
7.056499999999186912e+03 2.061131298542022705e-01 1.497709657996892929e-02
7.057979999999186475e+03 1.934206187725067139e-01 1.482180412858724594e-02
7.059459999999186039e+03 2.038800418376922607e-01 1.509805209934711456e-02
7.060939999999185602e+03 2.043143212795257568e-01 1.515829749405384064e-02
7.062419999999185166e+03 2.010251581668853760e-01 1.515665650367736816e-02
7.063899999999184729e+03 1.947237253189086914e-01 1.516568008810281754e-02
7.065379999999184292e+03 1.900985538959503174e-01 1.508928649127483368e-02
7.066859999999183856e+03 1.913825273513793945e-01 1.507318858057260513e-02
7.068339999999183419e+03 2.060517966747283936e-01 1.517418865114450455e-02
7.069819999999182983e+03 2.096855938434600830e-01 1.517458632588386536e-02
7.071299999999182546e+03 2.097967863082885742e-01 1.527052558958530426e-02
7.072779999999182110e+03 2.088003158569335938e-01 1.532325707376003265e-02
7.074259999999181673e+03 2.072684466838836670e-01 1.530750934034585953e-02
7.075739999999181236e+03 2.138257622718811035e-01 1.530714984983205795e-02
7.077219999999180800e+03 2.106862813234329224e-01 1.522980537265539169e-02
7.078699999999180363e+03 2.295278906822204590e-01 1.553705707192420959e-02
7.080179999999179927e+03 2.058067619800567627e-01 1.527047064155340195e-02
7.081659999999179490e+03 2.400948256254196167e-01 1.564341224730014801e-02
7.083139999999179054e+03 2.254336774349212646e-01 1.531507167965173721e-02
7.084619999999178617e+03 1.972074508666992188e-01 1.494750473648309708e-02
7.086099999999178181e+03 1.835100501775741577e-01 1.492386497557163239e-02
7.087579999999177744e+03 1.994866728782653809e-01 1.516637671738862991e-02
7.089059999999177307e+03 2.152063697576522827e-01 1.535223517566919327e-02
7.090539999999176871e+03 1.830802559852600098e-01 1.491787470877170563e-02
7.092019999999176434e+03 1.774620413780212402e-01 1.480021048337221146e-02
7.093499999999175998e+03 1.995631456375122070e-01 1.501239184290170670e-02
7.094979999999175561e+03 2.013015151023864746e-01 1.494179572910070419e-02
7.096459999999175125e+03 2.091617286205291748e-01 1.505553536117076874e-02
